t1,t2,t3,t4,t5,t6,t7
290.34499999999997,276.58,272.625,278.48,294.145,319.62,354.905
-1340.8708084821799,103.3190085678845,31.553396300040504,80.99889702300261,188.5733024443906,296.6903089409004,365.36998288854227
-2878.7305804323464,-71.1766669061041,-205.30245432277607,-113.07525277695228,83.75875372310108,272.3179157719503,373.4405396468517
-4237.868300346431,-241.43961649236365,-429.68269003505213,-297.4111832652691,-17.091692910323843,247.27214892939955,378.875741133645
-5351.644071091449,-401.86962195220684,-634.1907087900199,-466.368723381302,-111.06157375931022,222.3039132810228,381.4984524369514
-6177.829848049542,-547.1393138779359,-812.8025521937427,-615.357663702647,-195.69913142121663,198.0968043596219,381.1988260631279
-6700.71579374287,-672.6373100448277,-961.2312999640935,-741.0846111707855,-269.14422303504756,175.2259415833579,377.93335617613195
-6929.668963170089,-774.8738598630555,-1077.1109579742354,-841.6682569736096,-330.1981016715656,154.12833330839217,371.72036114181606
-6894.797700319009,-851.7772101351025,-1159.9912496531097,-916.6224082443321,-378.3341390210345,135.0868760647246,362.6329776836667
-6640.782443993858,-902.83060958795,-1211.1612462116975,-966.7232854751669,-413.65492414440837,118.22824088951992,350.7907676828713
-6220.067435755487,-929.0325625416536,-1233.3408286659212,-993.7901185321995,-436.80684585489144,103.53323115380087,336.3508977752616
-5686.487459155997,-932.6967364982329,-1230.2912381365531,-1000.4144643995935,-448.86655984104266,90.85695143006711,319.4996144980435
-5090.106795114714,-917.1341616507914,-1206.3984652686183,-989.6738607975824,-451.2145267952053,79.95543353945496,300.4444703203703
-4473.676425748307,-886.2740263098078,-1166.277189445576,-964.860569567338,-445.409435462596,70.51523160113115,279.40751395936434
-3870.7646153309192,-844.2797866844068,-1114.4311358681466,-929.2481073002814,-433.07445413855373,62.182832635626056,256.6194770048211
-3305.349971213936,-795.2072473418011,-1054.9913527402032,-885.9090165725106,-415.8026521035304,54.59138384584375,232.31488030151178
-2792.51228528293,-742.7353037547851,-991.5399903384343,-837.58861149146,-395.085297540638,47.383045555425795,206.72794083608997
-2339.8097692222723,-689.9828612649537,-927.0157941360893,-786.632392441361,-372.2635888200449,40.22609067586768,180.08916417535704
-1948.9658927898388,-639.4106785403889,-863.6897582498626,-734.9600062928617,-348.5020065316319,32.826577366124184,152.6225360816034
-1617.5713260230664,-592.7965671011724,-803.1953304157599,-684.0760416398005,-324.7799712662192,24.934958216093918,124.54325989695535
-1340.6053487470526,-551.2670174786072,-746.59665394709,-635.1072468818664,-301.89778708354737,16.348337719069875,96.05601059819949
-1111.6736591248596,-515.3672790724605,-694.479666969996,-588.8564191990024,-280.4927798264801,6.909264765762089,67.35368702171598
-923.9328011252619,-485.1539102967953,-647.0534763272389,-545.8646872216146,-261.06190470664313,-3.498015453090389,38.6166424133058
-770.7210612006397,-460.2973522834279,-604.2524273245997,-506.4757279770122,-243.98770797165292,-14.952979499591045,10.012366231124265
-645.9432462068787,-440.1857976435016,-565.8320722674367,-470.89727262129634,-229.56522363676834,-27.505141564372295,-18.304415580277134
-544.2670017793956,-424.0244785184971,-531.4544328399955,-439.2568512297664,-218.02804890278878,-41.18059699657063,-46.191252774405385
-461.1869338853956,-410.9258699544084,-500.75943581170156,-411.6500043299793,-209.5723892486959,-55.98819681177436,-73.51711430295609
-393.0049004640202,-399.98608168629687,-473.42027279826675,-388.18013031649514,-204.37824460946678,-71.92478210231853,-100.16116165965528
-336.7643667794891,-390.34132686395884,-449.18094753408224,-368.98977354160195,-202.62709262919685,-88.97888149449305,-126.01112894795712
-290.16621343260937,-381.19679014845514,-427.87477762835147,-354.2835341924453,-204.51540475073162,-107.13221405644921,-150.96127484915655
-251.4841817285291,-371.8198927411036,-409.42347445789153,-344.3429373798589,-210.26312101284125,-126.35828418841848,-174.90988363047228
-219.4906493571495,-361.49245136613945,-393.8179116618446,-339.5335558479276,-220.11586047585527,-146.6173676909789,-197.75634087620563
-193.39745976396466,-349.4227913903829,-381.083893725509,-340.3044440067514,-234.33925734454746,-167.84735049825022,-219.39790228297773
-172.81158497290255,-334.6297178975088,-371.238948122052,-347.1795215748187,-253.2035509182341,-189.95027509883718,-239.7264075977286
-157.70095791008652,-315.8238990719656,-364.24885172583953,-360.73999364073967,-276.95664036197616,-212.77512795893492,-258.62534864898356
-148.3615773818429,-291.3251775207084,-359.9944431911375,-381.5963390467074,-305.7844870342428,-236.09835310926354,-275.9678461636532
-145.3731596069985,-259.0614554299228,-358.2593297727082,-410.3480712854522,-339.75920731265484,-259.6046924997022,-291.61617771520065
-149.52801916274996,-216.6906364668211,-358.7466039771421,-447.52969457575017,-378.77750382809415,-282.8720088921099,-305.4234788036723
-161.71794686616357,-161.8680185302202,-361.12739897207865,-493.5423791586556,-422.49504191352236,-305.36442520534615,-317.23807271996117
-182.76829511367268,-92.64805879814095,-365.11660685379064,-548.5730891676966,-470.26548787250715,-326.4380727299493,-326.91056276461217
-213.21849395567997,-7.967776955417619,-370.56285207036706,-612.506166705659,-521.0953954356689,-345.36271733669264,-334.30337332537067
-253.063608461,91.87938099162936,-377.5330423831875,-684.8362566261098,-573.6270256245417,-361.36046410884717,-339.3019276469436
-301.48991481639996,204.89197139342994,-386.36884008595723,-764.5950679705791,-626.1597063609215,-373.65984784790277,-341.8262043748512
-356.6540736359144,327.2376451000284,-397.694899496662,-850.3066397553912,-676.716114277772,-381.56041507184483,-341.8411336373545
-415.5641179129839,453.4273978054423,-412.3670248057549,-939.9853609515523,-723.1532200721226,-384.5001104382495,-339.36426435240435
-474.1154761274226,576.7929745243268,-431.36108073166554,-1031.1872673324515,-763.3096783779193,-382.1161362436261,-334.46939411083844
-527.3139614011852,690.2025636315736,-455.6175401999259,-1121.118179929163,-795.1738520395508,-374.28999858433923,-327.2853717616624
-569.6824176846517,786.8913096750537,-485.86821546476153,-1206.7931040874983,-817.051299736519,-361.1693467254163,-317.98996871894224
-595.806239705942,861.2545358384112,-522.4776305986363,-1285.2318367122534,-827.7089193035694,-343.16265172542035,-306.79943551459513
-600.9365589780654,909.4612446612513,-565.3298181137757,-1353.6681584289806,-826.4756758884663,-320.9070557417339,-293.9549753668862
-581.5497630987838,929.7895633863636,-613.7823950435563,-1409.7462706355177,-813.2865161924964,-295.21393920159505,-279.70776340103896
-535.7653206557125,922.6500449189197,-666.6960052635644,-1451.6793513618738,-788.6652422266332,-267.000015875257,-264.3042573284071
-463.5507774919577,890.3280805730634,-722.5322922062744,-1478.3510932633972,-753.6517555219951,-237.21345373037366,-247.97338308797436
-366.6861293968934,836.5260752562549,-779.5012550615263,-1489.3504907615388,-709.687120993252,-206.76441257089465,-230.91679249963227
-248.50753671445992,765.8095705729078,-835.7318448931356,-1484.9407937345538,-658.4747951828318,-176.46768898845966,-213.3028711094811
-113.48979946234695,683.058236870243,-889.4389287302462,-1465.9730997899874,-601.8374531891759,-147.00239073181544,-195.26462702766878
33.25106112646886,592.9990829822904,-939.064453506664,-1433.761644498337,-541.5864229929654,-118.89040781229556,-176.90110880352142
186.45247229081906,499.86566459426274,-983.3786836731023,-1389.9405196190078,-479.4158384157389,-92.49256087461518,-158.28164810701722
341.13075558173404,407.1937322304554,-1021.5362490187019,-1336.3204080168434,-416.82766929472723,-68.0191703491046,-139.45203211778977
492.8970886796677,317.73797816949025,-1053.0892851730346,-1274.7599389763868,-355.08815306442426,-45.550636181385414,-120.44167807595089
638.1514238830165,233.4796460787324,-1077.9649326650924,-1207.0608630662045,-295.21183991611645,-25.06343280850851,-101.27097909582112
774.1641275687285,155.6904804349967,-1096.4166446899321,-1134.8908383570067,-237.9669500023014,-6.457504137619651,-81.95817150480664
899.0685016870092,85.02220322591216,-1108.958691175319,-1059.7332540471198,-183.8949911145287,10.417913322578727,-62.525291329246926
1011.7916933383837,21.598922632660567,-1116.2918789979035,-982.8606907277838,-133.3382008138296,25.741814341801273,-43.002998543020574
1111.9490649864556,-34.90061669608079,-1119.2267640065652,-905.3273054378922,-86.46979825487713,39.702971326733746,-23.43422151238893
1199.7210864111096,-85.17554984982723,-1118.609147839316,-827.9752611721949,-43.323720171379506,52.4853320071519,-3.876693776453621
1275.7250818228922,-130.24857084723683,-1115.251673360995,-751.4507961294162,-3.8220765093279567,64.25656364171644,15.595483422016962
1340.8885476070004,-171.41958608600487,-1109.8747492532132,-676.2262182630486,32.20021924871668,75.15880326481843,34.891111843030714
1396.3269428222757,-210.22095581211352,-1103.0595294344178,-602.6247672150455,64.97336511960467,85.30067848140541,53.90189589653012
1443.2267221259465,-248.36856591421588,-1095.2148916931974,-530.8458582970227,94.772372678578,94.74984178324783,72.5031379402229
1482.7334452723817,-287.70470618216495,-1086.5590699988222,-460.9888015611832,121.89758202918881,103.52556099913716,90.55519266507135
1515.8446116400776,-330.1307543454411,-1077.1148077719236,-393.0738045971851,146.6549942560964,111.59130448423608,107.90585849280865
1543.3072542229925,-377.52911164493116,-1066.714930640785,-327.0599933484086,169.33557434168972,118.84775325249782,124.39400444162482
1565.5214264536799,-431.67392990523956,-1055.0136831857224,-262.8612639652442,190.19301723931733,125.1272745053268,139.8548347334136
1582.452881635098,-494.12854306345685,-1041.4987783802155,-200.36180217824347,209.42005042399356,130.19159203601114,154.12723912079053
1593.5618128540095,-566.1246576317405,-1025.5005119373986,-139.43375278189137,227.1242105834899,133.73511674594056,167.06360169294732
1597.759471491388,-648.4159897689057,-1006.1977101046594,-79.95944750883262,243.30516947138338,135.39698011358678,178.54216949003904
1593.4100624469468,-741.1000554120405,-982.6251989804967,-21.859569764564725,257.8369789494057,134.78494847697021,188.48155323702628
1578.3997387326456,-843.4094465295908,-953.692559703363,34.8733477208165,270.45979638339634,131.5137011208505,196.85614178218998
1550.294964512946,-953.4900351547519,-918.2271919850249,90.13930585057173,280.7863231686454,125.2580665258529,203.71026101116476
1506.6056727483726,-1068.206633230092,-875.0541160308138,143.69891166578,288.3278266928378,115.81857617446913,209.16803345487278
1445.151964604812,-1183.0404618792393,-823.1192165347829,195.1526979953609,292.5427467581052,103.19239688142187,213.43544654593774
1364.5065859135361,-1292.1568955255636,-761.6519896197699,243.9393583874646,292.9072993293772,87.63821619911819,216.79148754796148
1264.4532888326103,-1388.7147489554773,-690.3503575086878,289.3585711848252,289.0024716878481,69.72040751455012,219.56659261269357
1146.3723672819954,-1465.4522281738898,-609.557365379779,330.62008522604856,280.6062929162141,50.31743178408692,222.10903209569767
1013.4510833233046,-1515.5210977730808,-520.3917420800144,366.9154846157744,267.7757855385707,30.583182384793062,224.74277080246702
870.629235689313,-1533.4630033245862,-424.7948060674222,397.5038219174703,250.90130089424977,11.85799659079008,227.7230197399592
724.2331522157319,-1516.153445774023,-325.4664560732558,421.7985692863141,230.71835640900125,-4.463050105248271,231.19723969334663
581.3186142908118,-1463.5056984646294,-225.68175254162148,439.4422569936056,208.26890405895423,-17.08599530858615,235.1790874015869
448.81731016641993,-1378.747970586168,-129.00305784977616,450.35720069681395,184.81396730289995,-24.971830781677937,239.54055596236077
332.63891519163207,-1268.1653222448,-38.92538365912972,454.76538302998665,161.71024323614165,-27.460756798871927,244.02385101356316
236.90113786135768,-1140.3163795748333,41.49121104626627,453.17655353997293,140.27142590048953,-24.344967065841786,248.2703897669499
163.43419193095053,-1004.8609164024289,109.9429657330929,446.3492489090113,121.63803679718572,-15.87943821108749,251.8609130533249
111.6417048131903,-871.2297007890768,165.10548362590433,435.2332014068632,106.67640344006985,-2.733781379912841,254.35900530248142
78.71842797451004,-747.4029531873501,206.7247032165706,420.90268366352524,95.91914367473629,14.100130355978337,255.35068203860249
60.152643187860505,-639.0282169051953,235.56681710874543,404.4888627814544,89.54889028809417,33.42361741636299,254.47481226874146
50.39835859582697,-549.0154978235425,253.24366303498496,387.11617311602834,87.41754375895063,53.94865872758888,251.44217175968603
43.596273067830424,-477.62799618347367,261.9503494307836,369.8444605313773,89.08798187155831,74.40178801518101,246.04387849131402
34.24559430917873,-422.9770784008092,264.162815352695,353.61649164951433,93.88513498397826,93.60699562861262,238.15202544655565
17.764674081346666,-381.7592251457225,262.3434259176257,339.2100844337127,100.94787713649367,110.54777002459565,227.71608761882996
-9.089715485472599,-350.0531504206635,258.69413990084183,327.195533402552,109.27989560965189,124.4128948706971,214.7581914613151
-47.956523622010025,-324.022065808458,254.98271462511696,317.901378422619,117.8035711293212,134.63109174450764,199.36900810760267
-98.76541236557989,-300.42175591830306,252.4518235162962,311.39369664249034,125.42344050105362,140.8967994237268,181.70444857543885
-159.80088981011315,-276.8784576943578,251.80714886620115,307.474828036492,131.10394680490123,143.18520307487273,161.98205175944767
-227.94007111958072,-251.9540004382632,253.2704083995712,305.7061117711694,133.9605689606337,141.75127795788768,140.47533584685277
-299.0536678628499,-225.04971371744773,256.67743190279197,305.4559123152449,133.35614675384167,137.1067689104426,117.50454959096402
-368.5345874999325,-196.2138527978252,261.5994393278359,305.9698141559183,128.98798757628464,129.97127670863938,93.42308435750007
-431.89050491366936,-165.91398496488486,267.466831151838,306.45569902710747,120.9485075280115,121.1983464913815,68.59998667667004
-485.31664446764927,-134.82246847206994,273.6783688215737,306.1738072418857,109.74391089094816,111.68313560856407,43.40016744272652
-526.1617163863679,-103.64592209607875,279.68403712207834,304.52160614372366,96.26142999258843,102.26305165327048,18.16469904480126
-553.216730673058,-73.01261292372608,285.03661483445205,301.105253912831,81.68431508066685,93.62519426246257,-6.806187383874601
-566.7895415631311,-43.417092064657126,289.41432775974056,295.79269373795415,67.3628056728588,86.23379382329276,-31.265187330505004
-568.5684106866778,-15.209849919992102,292.6238761318462,288.7464636574854,54.656590366902236,80.28734825435501,-55.02375921459954
-561.3148189869486,11.388597211502102,294.5982398088298,280.4357609368354,44.768400696914824,75.70982548524319,-77.95151272880051
-548.4504536323035,36.27446911619873,295.405439664827,271.6264438356048,38.58905377665471,72.17452501903597,-99.97004239381474
-533.6115513651938,59.47341672299888,295.28152188162585,263.34485613934976,36.572031200331935,69.15432151654863,-121.04289620504755
-520.2364497090653,81.19730301459872,294.6926997053024,256.80809467190727,38.6516309761723,65.98897986727292,-141.1637092504975
-511.23389258804065,101.94785178959965,294.41820922404463,253.31181902207683,44.213954581997825,61.95938491637449,-160.34437948638077
-508.7565237597761,122.64599739209191,295.62896565175237,254.0692127578887,52.12525917950117,56.359658859493805,-178.60460739604093
-514.0817369287557,144.7364655804355,299.9213888326783,260.0028137382965,60.8177992739823,48.56063359716762,-195.9633528514096
-527.5845681959682,170.19056726694726,309.2564452083999,271.50473236107797,68.42906229005388,38.06120840280727,-212.43202528123325
-548.7766358331754,201.31950517898326,325.75764725740476,288.1983390460995,72.98591215584827,24.526974912719822,-228.0087574273448
-576.3818816335705,240.33114737029672,351.3441968404579,308.75167937781185,72.6203004195948,7.817508802202127,-242.67309062350535
-608.423919795124,288.6267270231336,387.21861485092967,330.8036877182768,65.79793081610006,-11.995473968449062,-256.3808641539931
-642.310497771306,345.9386166955244,433.28694956303093,351.0620778255116,51.53615465869393,-34.6174239144318,-269.05992679157896
-674.9163407315932,409.5326740269219,487.6495987426008,365.61134230110275,29.58360054536564,-59.52770726723901,-280.6081795023679
-702.683235372581,473.7913497977808,546.3392088643859,370.42937734787415,0.5331803263023573,-85.98604710870511,-290.89601001756256
-721.7702552244363,530.496906085082,603.4739166330852,362.0570831071009,-34.156274911950476,-113.05300777892172,-299.7750041738354
-728.2907688147671,570.0014639807566,651.9225051026636,338.3093556721284,-72.24546808201319,-139.62986336199756,-307.09370773719445
-718.6603398072091,583.2029452584803,684.446282165149,298.8759374911808,-110.9087328130579,-164.5222010483862,-312.71928351603106
-690.048972976329,563.9135699379104,695.1215659038986,245.65444837493544,-147.02086869996123,-186.52818319513972,-316.5616555491557
-640.8875905672949,510.9412422243343,680.7108307989113,182.6962782823715,-177.50333940319462,-204.54680669285597,-318.59492262982303
-571.3350271383691,429.1460084180891,641.5994942673889,115.7261063369699,-199.6830154902056,-217.6949298511044,-318.8702450807365
-483.58563803761444,328.96329603865144,581.9874953354384,51.29921107075922,-211.61092731317575,-225.41619428055492,-317.51554290680673
-381.9042143524064,224.3599194379558,509.2145041490838,-4.242376011771498,-212.2926773804775,-227.56235986926427,-314.72010558367043
-272.32007014172825,129.73850258932526,432.3489579572823,-45.79478346328396,-201.79606010878936,-224.42952494279749,-310.7058976323883
-161.98737780728487,56.70234219734246,360.39618880532936,-70.27790027279451,-181.22234459814692,-216.7384565540266,-305.69083069349165
-58.30246652806079,11.65783951550381,300.59563059942207,-77.02149498259786,-152.55100496974146,-205.55844294016256,-299.8514383124694
32.06620100523559,-5.069007363759042,257.23841856469613,-67.69370031477507,-118.38821105414812,-192.18505996904497,-293.29254253425694
104.05494918111185,1.5373710371749212,231.2618191356375,-45.82535111976935,-81.66272217966616,-177.99098603331208,-286.02965016124904
154.83115689342011,23.199063277972883,220.63467015670193,-16.07143393448166,-45.31656945550796,-164.27318843300486,-277.98664624888073
184.07214980638443,50.86015566889998,221.32723935904326,16.608031173824486,-12.032222444604741,-152.11866356179064,-269.007927050824
193.8771966278643,76.91656516948348,228.53069571670287,47.676376240335685,15.974735658424692,-142.30539423308164,-258.88144988616057
188.36281385830807,96.60813401074307,237.78330634777657,73.53822507617878,37.084206938689675,-135.24744481108308,-247.36787847601354
173.03709200138454,108.38363702164892,245.75313861652222,91.79768151610182,50.323136112858066,-130.98554984641163,-234.23111158924954
154.06513678515662,113.38600273854165,250.57059768627676,101.27380981836629,55.35258420115659,-129.21888166274857,-219.2665708166459
137.530566648828,114.40873576034043,251.7433129195956,101.83628963219456,52.408206691273676,-129.37044003388462,-202.32504498749836
128.7779198086242,114.71729546844533,249.78106398245666,94.14300181508716,42.212034491556466,-130.67713780945707,-183.33107193914853
131.8972989800027,117.04861893805344,245.69487899623624,79.3560465437401,25.869725981435167,-132.29507917899153,-162.2954829262667
149.39042422945218,122.9648376131621,240.5196171545526,58.891902685369786,4.762228221768666,-133.40984166838078,-139.3218641129455
182.0366164759944,132.60409075547653,234.96317245818005,34.23516170942273,-19.56380715237313,-133.3405654669297,-114.60656471271997
228.95622923808273,144.7770717017837,229.22960008594794,6.821672263897227,-45.505029243016224,-131.62589317408924,-88.4318410230789
287.8469585003324,157.31021481042396,223.01425576977272,-22.019351477852467,-71.50801568164212,-128.0803169553189,-61.15202339099419
355.3474322441613,167.52529413533307,215.63482666401387,-51.08256271776597,-96.16980707315014,-122.81219489299437,-33.173293134516086
427.4670481302721,172.755151463036,206.24451494233637,-79.28217837202098,-118.32599862481118,-116.19984926970682,-4.92861477130387
500.01596427172035,170.8137352802628,194.0701595877638,-105.64157036552055,-137.11812769872193,-108.82906322267678,23.149703555857805
568.9769501602825,160.3591183265562,178.62484245086125,-129.28654490413243,-152.0320871427611,-101.4024113932409,50.65677238543084
630.7801513929417,141.10919565122205,159.85773698833063,-149.44646143240124,-162.9017578524188,-94.63628119287583,77.23816224613587
682.4677231557362,113.89199484510938,138.22044294463674,-165.46286792869415,-169.87678409005514,-89.16353120783674,102.60681934505797
721.760763882849,80.5359927977265,114.64606383402214,-176.80256797747492,-173.3594702517242,-85.45773873973354,126.55257410714984
747.0594418523424,43.628500986462925,90.45225248208729,-183.07115610297387,-173.92169414828717,-83.78934828171873,148.9442629257333
757.4145063128037,6.1880418285206105,67.19002409383509,-184.02398813867222,-172.21685953830314,-84.2162823005356,169.7256042742987
752.5037989552344,-28.694923502419286,46.464695467088674,-179.57393123173662,-168.90282618748293,-86.6038732875478,188.9066157116468
732.6334124326587,-58.1985470778165,29.753708761566628,-169.7982519755202,-164.58869789851033,-90.66341734711156,206.55239838817866
698.7643318371665,-80.05653169042067,18.24019310316338,-154.94931452386825,-159.81159094561986,-95.99661083243075,222.77062878878087
652.5469645782628,-92.77723288063149,12.674505794063979,-135.4737477556672,-155.04052607407533,-102.13486471792288,237.69834375877946
596.3326436611178,-95.7959692358169,13.272674935837426,-112.04113041468472,-150.69588604712618,-108.56709954721495,251.48793689086818
533.126491634261,-89.5609593952877,19.66286435923255,-85.57600044923825,-147.16735320024426,-114.75540752926486,264.29202231559765
466.45184712400754,-75.53360770569394,30.897144605923714,-57.277996537060574,-144.81321281107338,-120.14300897663792,276.2471330821518
400.1127141082681,-56.05556967613686,45.55018242935877,-28.60790769373699,-143.93013882463842,-124.16170370407038,287.45704381313345
337.86499285415056,-34.02225707807645,61.921030657816644,-1.216786252834055,-144.69368256389228,-126.24583869237628,297.97754885915316
283.0346364136042,-12.332427002855184,78.33338267026797,23.195720933545402,-147.08231899969863,-125.85698006165428,307.80534813301904
238.14424286734902,6.832389166204663,93.49491231780992,43.089086137525754,-150.80778555613418,-122.51910078438928,316.87385666484096
204.6211287012563,22.72837691863502,106.83841617497353,57.32704021962634,-155.27786559820493,-115.85968951312327,325.05800010103366
182.6535817512854,36.506994700368864,118.7438359925566,65.41007451081467,-159.61299254145578,-105.64916969326593,332.1884341367655
171.23624817005341,51.1459177200136,130.54755739418255,67.634857809598,-162.72603448401404,-91.83028757889157,338.0735169197199
168.4052772150969,70.72022728000148,144.29054963450443,65.12687438723734,-163.4587090105437,-74.53081864213905,342.5253928400517
171.61960241062962,99.11883542287185,162.23105947193494,59.717177004545206,-160.75286389271736,-54.0564432618719,345.3853633086298
178.20996430805778,138.56545186014733,186.2270621860296,53.67096678532441,-153.82465922860047,-30.864840961938683,346.5437558015877
185.80318231145222,188.45179974022267,217.14860611055946,49.31435884145182,-142.30723602545592,-5.525718284883297,345.9507914888314
192.64022200543482,244.94347494227856,254.48697213336231,48.634401697590334,-126.3332297443345,21.32632940417703,343.6171070980909
197.73852053275127,301.5722613408205,296.2797025298038,52.937101867700974,-106.54076793507755,49.03890953290692,339.60494259905636
200.8905724143738,350.6765489370082,339.38235193140105,62.63558909225282,-84.00214061761574,76.98300017591498,334.0128712171775
202.52838466420775,385.24272038573474,380.019147775928,77.20927142931825,-60.08936728284647,104.5846178103946,326.95785509734884
203.50660038059414,400.56600140663056,414.4691071798259,95.33410033719287,-36.302057314903635,131.34583800526215,318.5582568326435
204.86197808740803,395.2387063679448,439.71547202386176,115.14556417576657,-14.0881134976608,156.85590323330817,308.92046926723265
207.5964690329778,371.23532165956794,453.9103548357338,134.57003789291775,5.313613300478977,180.79416850252716,298.1304868612816
212.51256281140223,333.17713184695054,456.5701975567078,151.65240780788417,20.986654763235492,202.9268535947977,286.25047752014325
220.11056407300984,287.09783277387714,448.4961162723238,164.8183476340003,32.39466148313778,223.09930606714974,273.3195211045379
230.54325604860884,239.1203340224077,431.4803424735716,173.03296196833912,39.38320264928748,241.22509542518472,259.3572520569642
243.61574942742084,194.39233342809814,407.89801499989744,175.84562818047908,42.13478953904303,257.2729997494992,244.3691040013035
258.8162213611901,156.471566201344,380.2877163884068,173.33575617089292,41.092349161887455,271.25286784867626,228.35205057476125
275.3645824104161,127.17895543589849,351.0013220232218,165.99035056379506,36.86838350169296,283.2013511266521,211.30002367616132
292.26895917798043,106.81106561719594,321.96738024861315,154.54981786824425,30.155423668617203,293.16846314576065,193.20847894307227
308.38315991757963,94.54869359731559,294.5760823221786,139.85483918894812,21.64927527722,301.2057624682448,174.0778404234253
322.461584126399,88.90872028565705,269.66737263547503,122.7177803479614,11.991385018385841,307.35669681570175,153.91579821507526
333.2111164401184,88.13495155729558,247.59045537610936,103.83094134487162,1.7317476537661491,311.6494172720791,132.73866084990195
339.3419946732645,90.48158167027957,228.30144689094323,83.71406800797715,-8.689964136801564,314.09231232398196,110.57216255171755
339.62083251602087,94.38956903983234,211.472018356276,62.696679591577364,-18.949488075553802,314.67269025798487,87.45225285828286
332.9283540360419,98.58275917247953,196.59091794237324,40.92726709811258,-28.834214981582164,313.35937648139867,63.426400862987855
318.3218694629189,102.11751858143656,183.04870398498383,18.40072255733544,-38.23467258592103,310.1102542851794,38.5557922438596
295.09871245865304,104.41246229696716,170.20206509478228,-5.003485061572746,-47.133597129449385,304.88563706883036,12.918488595684707
262.8530498065099,105.27036490880121,157.41763213358627,-29.47779689988836,-55.592843656787636,297.6675352120018,-13.38678551938441
221.5162384502077,104.88860447417056,144.09723522580123,-55.24085140539313,-63.736502736243196,288.48329985176343,-40.236952313050665
171.37155677861543,103.84228776832511,129.6885535668512,-82.4907706243499,-71.72748823535409,277.4300581196808,-67.48195287993771
113.03820922286978,103.01922863423471,113.68801265605389,-111.35749601315246,-79.73504168818205,264.6944331169889,-94.94412189489123
47.42644699829328,103.49084621849568,95.64633455879343,-141.85430683907742,-87.89237912512637,250.56112691461033,-122.42016030308353
-24.32613085376666,106.3188101453253,75.18946474651298,-173.83029120937954,-96.24702897147364,235.40482832885974,-149.68568481726936
-100.91982215425526,112.32180740404421,52.065648815678486,-206.92864869496265,-104.71066259174466,219.66294136170904,-176.50160164879082
-180.93857978984886,121.85340438457652,26.220574846078378,-240.55945837831038,-113.0191704033262,203.79142319960738,-202.62094260129348
-262.85694877343974,134.65900293419335,-2.1131564129040896,-273.8982544164045,-120.71572171024205,188.21136544952373,-227.79456505769414
-344.99704264847895,149.87388910093108,-32.3435915259997,-305.9212282357694,-127.16797559760133,173.25809373064035,-251.7744296120543
-425.4387526175408,166.1872034513717,-63.505632782453375,-335.4824068723549,-131.624706688956,159.14577455207086,-274.31404784830613
-501.904743648601,182.13432476494646,-94.3403193378559,-361.4277476180366,-133.3075948131888,145.9578162005555,-295.16694920257265
-571.6601506164578,196.4171891780683,-123.4726429298153,-382.72832819497137,-131.52324965284095,133.66701903891502,-314.0852695186318
-631.4795500677874,208.12450062338428,-149.65000238961886,-398.60455947321464,-125.77233044439149,122.18113123200789,-330.8213334197328
-677.734422850943,216.75929115968802,-171.96506767153855,-408.6109318177327,-115.83038669211325,111.40177588657377,-345.13496042272675
-706.6379857555014,222.07585015529838,-189.97688060814988,-412.65928423233015,-101.78058144228342,101.28024085979058,-356.80797558821087
-714.6500450945675,223.83701423409394,-203.67580019372235,-410.97648170417733,-83.99072010142892,91.85401841538518,-365.66522410917264
-698.9978519154846,221.65995945192273,-213.3031224786163,-404.0134392096035,-63.04216124092605,83.25329050048,-371.5988465313013
-658.2220431382508,215.07787917162187,-219.10499742457662,-392.33798711940574,-39.63098838769588,75.6751470473668,-374.59050457358944
-592.6259751083697,203.8178734758738,-221.13572619555154,-376.5471938997101,-14.46778960414685,69.33247627896378,-374.72548706770965
-504.506832671032,188.15347338375284,-219.2054473630011,-357.2238744762003,11.800279388288583,64.39133807307087,-372.1936633846872
-398.08413445277995,169.12282269627303,-212.99902133297508,-334.94194301728305,38.63119936252747,60.91325010044585,-367.27499001460336
-279.10888983491293,148.45792623996337,-202.3109367085578,-310.3049318858217,65.59226863934609,58.81668655335997,-360.3109859784938
-154.21541796352025,128.21766149904488,-187.28708242253296,-283.9899790273507,92.33632430838097,57.86623951823698,-351.6671368397499
-30.14242701393892,110.27067197941274,-168.56371177894417,-256.77008690264745,118.5652633595729,57.6903898698977,-341.6934335105186
87.02093204618107,95.84655622230338,-147.24305198376814,-229.49876463497563,143.99581936875248,57.82199685653019,-330.6905090039564
192.4232115794909,85.33142700386412,-124.71572232278754,-203.05719860314807,168.33776513129442,57.751243647827934,-318.8871094180596
282.7836345865728,78.36140873002378,-102.3979723234282,-178.27782011909014,191.2882064113967,56.97966226187131,-306.4315932782178
356.44897384292017,74.13746180886815,-81.47422541253682,-155.86481704019135,212.54002445418416,55.06570953807227,-293.396826889821
413.21606678413644,71.8102957987796,-62.72029189165001,-136.33084505916958,231.79932216130294,51.65608358620342,-279.7952111379549
454.0013999363463,70.78731931420234,-46.44411966657718,-119.96225584786747,248.8060953444821,46.50116586592477,-265.5992256776967
480.44989784107514,70.87479105807968,-32.538978200215524,-106.81630399926838,263.3534989655645,39.45645019222025,-250.76287903882445
494.5613881344885,72.24720710468796,-20.61395862655006,-96.74627179109304,275.3029163929538,30.47389171600072,-235.24045304560852
498.38610897191984,75.29657228597576,-10.15485611549768,-89.44596087861012,284.5937054110426,19.587677642137457,-219.0003791406801
493.8116259002985,80.43940088247278,-0.6728114581973159,-84.5036474381404,291.2475885695216,6.898337271950961,-202.03348079679117
482.4406819645545,87.95117848112918,8.187951941116808,-81.4565040060426,295.3681843865259,-7.442073983479805,-184.35585422956143
465.54597292463177,97.87004296121937,16.59530919349183,-79.83854248452684,297.1363486378424,-23.242242803190237,-166.00725824686532
444.08280304715436,109.97916876814844,24.52507552291955,-79.21747594540952,296.80202244325073,-40.28084587302141,-147.0461253800942
418.7412161429427,123.85225879836459,31.79587542531769,-79.21808980453989,294.6732749344831,-58.312932429625434,-127.54233862163662
390.02248787815813,138.93389977175266,38.127288365691825,-79.53162441546687,291.10318983546665,-77.07391046726354,-107.56887369046717
358.32859257005543,154.62601563679908,43.20565049064207,-79.91230288596907,286.47514295824175,-96.28175211555713,-87.1933603863474
324.0562264605601,170.35949404697752,46.744667855688085,-80.16349256457706,281.1868409033703,-115.63815401062762,-66.47058122041695
287.68875918136473,185.64129351614537,48.5318349337233,-80.11702407532952,275.63328515879647,-134.8295583591038,-45.436872359332725
249.88009927191342,200.0775483894147,48.455400879331634,-79.60983971659141,270.1886806495751,-153.52914449707208,-24.107277601858137
211.52409323510705,213.3795305925157,46.50975183319913,-78.46234693726387,265.1873216860447,-171.40104123642612,-2.4760956545328963
173.8020495997905,225.36084312911893,42.77961899686069,-76.46258998249078,260.90372556260627,-188.10794272303696,19.47885770190877
138.1997681810708,235.93164485112408,37.40584331121113,-73.35963010945315,257.53274912373433,-203.3229000104197,41.788361367512024
106.48473993410735,245.09096761919108,30.53786774761201,-68.86835558949761,255.17105623091172,-216.74524887967536,64.48082206611807
80.63481146988437,252.91375410123476,22.280695135703276,-62.68633654244023,253.80199019818252,-228.11950231355615,87.56922025923144
62.712441599093445,259.5274133195374,12.646305054341447,-54.52133446765218,253.28648944928023,-237.25483528316602,111.03731893654671
54.68432430354471,265.07490870780157,1.5207411568257356,-44.12583419524135,253.36297419659886,-244.04191556709662,134.82669579869562
58.19464842159278,269.6677204204345,-11.342397470991905,-31.332906412574573,253.65889813850123,-248.463718478981,158.82618030570137
74.3107961667335,273.340807761209,-26.293773629881827,-16.086583090035646,253.71566038538708,-250.5978936709027,182.86510011532857
103.27109172815369,276.0294891737652,-43.72146992613648,1.5393220303272415,253.02663402592964,-250.61017746424628,206.71139393656227
144.2727826623497,277.5900082201648,-63.94767341973157,21.336735406129208,251.08523227455402,-248.74075778331326,230.07518653703656
195.34201301615366,277.87620360024516,-87.0995166042955,42.97053657299702,247.43664728767823,-245.28750542222096,252.61791771338332
253.32388220558062,276.8614005648941,-112.97601311759746,65.98920624097603,241.72411384054743,-240.59060002110357,273.96663640679543
314.0188262106936,274.7616077421951,-140.94616565668005,89.82829695479133,233.7195995958521,-235.02169177755036,293.73265667923147
372.472379152184,272.08822080616335,-169.92328035546734,113.80034199173365,223.33094592032302,-228.97755079812197,311.5334340620054
423.4016035321782,269.55909389357055,-198.4577429396859,137.07639672028486,210.58310857431812,-222.87432301297815,327.01623946037694
461.71718048970683,267.8454716169133,-224.9649423933764,158.67940063810488,195.57924014724003,-217.13582824899314,339.8819517006216
483.07981342483464,267.22440146729303,-248.0548647115687,177.5195321858863,178.45528423979516,-212.16947711831045,349.90704241134034
484.41716938819883,267.30016481660965,-266.87002230723374,192.49747017349068,159.34602777027874,-208.32702231962065,356.9616152171191
464.325803107968,266.98692004774455,-281.3000573259008,202.67895167002013,138.37835944499759,-205.85361657211385,361.0212717084918
423.2926306459068,264.85784498541375,-291.9575470033037,207.5091957478964,115.69831012350616,-204.83523597685965,362.17074512303293
363.6922493346255,259.77923572861573,-299.88143960883133,207.00415216213133,91.52497615523441,-205.15863184429128,360.59780997052917
289.5477636290452,251.55662808316316,-306.0549882820521,201.84515153127947,66.21181584498801,-206.497510413401,356.577016505597
206.0798091283731,241.25086047772103,-310.9251585959267,193.3245331200193,40.289587678713815,-208.33325908403444,350.44424809822794
119.10504719115673,230.9453488215755,-314.13132166019324,183.13715839734738,14.468621388550531,-210.00987122676983,342.5647159648132
34.3738270383678,223.01276773696577,-314.57171383921496,173.06712572274674,-10.40957192687938,-210.81372279959908,333.2984046087773
-43.05056442418335,219.1908606804233,-310.7912827719557,164.656523046567,-33.46472920482192,-210.06256198096784,322.9677433223296
-109.27640004138448,219.87956274532695,-301.5365206229849,158.9475405877926,-53.89315921509679,-207.18640127776385,311.8321028531245
-161.86494837158148,223.95884718244386,-286.259477523025,156.36036635969248,-71.07771370997712,-201.7860992325533,300.0725510042602
-199.88367481274236,229.172662672935,-265.3892033786883,156.7214913322857,-84.66653827260977,-193.6618225387858,287.78839391632084
-223.75076859496738,232.876246218736,-240.29661902284425,159.4111166496543,-94.60485095454163,-182.81097740718857,275.0048591067382
-234.9268811280492,232.82505052725662,-212.99978373726373,163.57084658112197,-101.11750012603584,-169.40138420227794,261.68939109566276
-235.52950008663495,227.72612029124164,-185.736909309084,168.30963641629768,-104.65211105468532,-153.72905705111134,247.77286657916397
-227.94550245448085,217.42085021937316,-160.55071251920208,172.8621794219862,-105.79984549885127,-136.17063401476605,233.17178469008797
-214.50144682336054,202.72926126037547,-138.99002987163908,176.67881328979146,-105.21212930116185,-117.13887017720896,217.8080641533144
-197.22633587135408,185.0891424597624,-121.97265885638507,179.44900922149188,-103.52824246821575,-97.04670170986606,201.6241917202019
-177.71602308381364,166.14650218756222,-109.79689646703973,181.07517187112626,-101.32267315758439,-76.28226886597028,184.59274388954657
-157.0884267483886,147.41638527932827,-102.25546930222657,181.61851156296245,-99.07493223409342,-55.19471001353166,166.72042151389027
-136.00728146817272,130.07167061518638,-98.79695742312391,181.23645563946337,-97.15972543993135,-34.08886569385578,148.04749609638276
-114.74917145756956,114.86265373664251,-98.6891135936579,180.12508966296616,-95.85264230489568,-13.226271616741883,128.64391492121467
-93.29182418214072,102.13696711332908,-101.15553259905022,178.47364542500412,-95.34570088346311,7.170231034976965,108.60331256397228
-71.40812452165848,91.91831434070428,-105.47385393381705,176.43297997074995,-95.76759806313149,26.910557167924985,88.03595325950712
-48.75738202305739,84.00657137087387,-111.03584011262147,174.0969477704458,-97.20467616447142,45.831832430877334,67.06131620512708
-24.97123990821879,78.07269372671047,-117.37632915824766,171.49435330725075,-99.71988344562003,63.7943770066191,45.80074340504497
0.26465223404159843,73.73342205850611,-124.18017610329085,168.58922549058684,-103.36805864435976,80.67983467916953,24.37036739996998
27.130705834424276,70.59992494875772,-131.27544380637173,165.28788863714732,-108.20659663581533,96.391625334737,2.8744566041696373
55.59355088459997,68.30062653684945,-138.61869980050477,161.45223192634512,-114.30098702406616,110.85752449257751,-18.60063838871284
85.32740123187943,66.4822989121823,-146.27535156019874,156.9193266809203,-121.72496598138943,124.03383896800997,-39.99160257467369
115.64204191632643,64.79627551538448,-154.39520591175494,151.5278064836708,-130.5552045103768,135.9103492107618,-61.26178308144767
145.4281251869232,62.879338611914605,-163.18141035552657,145.15095815209997,-140.86067010769665,146.5149554315111,-82.40253510580641
173.13584306130423,60.341653066421514,-172.85014134735636,137.73511441825718,-152.687094529134,155.9168596870631,-103.431323902204
196.80720554282084,56.776120113339246,-183.5793328978885,129.33974277582456,-166.03735707600939,164.2272212024577,-124.38559584679916
214.18326700095014,51.80260286453751,-195.44764784323615,120.17300373498591,-180.84900809957534,171.59660272153764,-145.31165419787916
222.9035747716275,45.15401866031263,-208.3694658807042,110.61438757699602,-196.97055628418363,178.20918231213403,-166.24832330915496
220.80393975392258,36.7977820641847,-222.03666334757042,101.21559483944145,-214.13850146111943,184.27452628961578,-187.20608808265598
206.2994833694747,27.06731850185581,-235.8812301524009,92.6733395918038,-231.95745800512393,190.01846042104196,-208.14359450382815
178.8140268198164,16.76106294033626,-249.0718774717429,85.77370624156403,-249.88620072687814,195.67489830680088,-228.9447147159488
139.18844969999247,7.161021893020546,-260.55141626075743,81.31600243105677,-267.23319776814594,201.48006589284714,-249.40051534652798
89.97700080578959,-0.06131952811200847,-269.11119853772936,80.03175735870522,-283.1661497460424,207.66927137427624,-269.2010340167674
35.53116921465136,-3.047558647947696,-273.4889313058247,82.5175141576172,-296.7408813303965,214.47445023959446,-287.9413818274121
-18.21526312907897,-0.01707540422133036,-272.4728732519569,89.19514306257099,-306.9548614655988,222.1188424998243,-305.14509552941985
-64.30381715213312,10.475332865701844,-265.00248462908,100.30081578814429,-312.82861762141704,230.80430877146506,-320.3048749882362
-95.62678972631036,29.343028819833734,-250.26988648531693,115.8887273186847,-313.5135031201032,240.68786511485345,-332.93723132606993
-106.01336604410204,56.840058939550005,-227.83726894033083,135.8268480941286,-308.41669458517276,251.84733518131907,-342.64386591524976
-91.34357801073531,92.46804909579431,-197.77989382249058,159.76700825754438,-297.3254131494007,264.24092284003615,-349.16975153790617
-50.4630738555266,134.88592578866763,-160.8379454423296,187.09111380472103,-280.50513428377974,277.67033534500735,-352.4468237391748
14.321141221085945,181.84808181949657,-118.52457298680156,216.86022027003708,-258.744584460887,291.75967718636485,-352.61352111156214
97.3176117428911,230.2644002299876,-73.11672613456531,247.80823457880376,-233.32631519753204,305.9609597335056,-350.00417401951285
190.13846928064098,276.4841411452486,-27.472761349336338,278.41466405109736,-205.91574227473006,319.59137865428755,-345.1077924569978
282.90016507418,316.81919178723564,15.321095835067439,307.0606262715558,-178.38054616589397,331.8989700888141,-338.5019355003858
365.7166799666756,348.1819151384889,52.39963835146071,332.23341606212796,-152.57044905026825,342.1447708349027,-330.77258084957987
430.1933847085953,368.6167811877201,81.53820282359732,352.71873222467707,-130.09837707635373,349.6843610797753,-322.43392625295377
470.62955958999163,377.53154246950464,101.42380083526288,367.7217605235976,-112.16386900358705,354.031724058856,-313.86206149889887
484.70891245115047,375.5743525515109,111.71766016958748,376.88823044548667,-99.44832260209665,354.8937104711019,-305.25344833726473
473.57906845477476,364.2657249650776,112.92872404300218,380.23794755014967,-92.09332862749176,352.1719725935223,-296.6139168235592
441.35794173975336,345.5753821712964,106.17666263673956,378.0542401915444,-89.75419604735856,345.9378392093381,-287.7777555790209
394.22019963457683,321.5971983357008,92.93633885037167,370.7790744562064,-91.70664046319254,336.3913247633352,-278.45091695745083
339.28350177992706,294.36828001777513,74.82761000418424,358.9461366082366,-96.97868710967441,323.8168287394858,-268.26858788793885
283.52164458673064,265.7841466559159,53.470035655290246,343.1561596647789,-104.48196849761632,308.5454383652136,-256.8560357531786
232.887687394654,237.5345791104184,30.388350503004318,324.07624878364743,-113.12404562131888,290.9288367926022,-243.88269286580038
191.75466510090246,211.01899649566616,6.9442830906712345,302.4376100314021,-121.89250230580875,271.32481409329773,-229.102286508745
162.69900475844275,187.252679526084,-15.720696048642324,279.01358695360966,-129.90935924417778,250.09096071228817,-212.3755256252964
146.58306814441022,166.80442843872106,-36.732018170425874,254.57470952612113,-136.4593242125565,227.58196696745654,-193.67546821286314
142.85056698127335,149.79931914312806,-55.5088494867429,229.83061775480684,-140.99750409466233,204.14674551084232,-173.07848677310147
149.9344660183273,135.991075385954,-71.76213331252127,205.3746953165483,-143.14230852608932,180.1234379945838,-150.745349241512
165.6862796071385,124.88010005453108,-85.46198260309626,181.64543563928433,-142.658430429174,155.83228405506853,-126.89732529211699
187.7592702727705,115.84048410940196,-96.78088982302057,158.91191689873514,-139.43378238703053,131.5676368956592,-101.79166548187861
213.9064934076838,108.22406386560952,-106.0242720131746,137.28324160719123,-133.45346779768636,107.59085737835265,-75.69966740189504
242.18054293915793,101.42446945119529,-113.56018429224034,116.73632752057414,-124.773310560864,84.12552843973634,-48.88922572764082
271.0410320010612,94.90000172673155,-119.75672836933207,97.15413160782342,-113.49504456331685,61.355720236194536,-21.61256321671992
299.3870508172603,88.16525395237424,-124.93096741671461,78.36683733777323,-99.7448610590065,39.4272403093168,5.9010646857662845
326.5359396127751,80.76621908530241,-129.30902320484648,60.19057484313063,-83.65658323885805,18.45116508055439,33.44844856791199
352.16861882626586,72.25372165494302,-132.99460688119257,42.46067163982093,-65.36030477127427,-1.4914193676306482,60.85226787505716
376.25756663625907,62.16781102255139,-135.9428010078728,25.05840709113778,-44.976943353913285,-20.344637695608405,87.95865586674867
398.98815466232014,50.04309169478335,-137.93721491411142,7.931373053034477,-22.618858057607405,-38.07406957568822,114.63327126527642
420.67877772693475,35.44249673599946,-138.57121837228664,-8.892217920118156,1.6035448124460032,-54.664846060033256,140.75642722659737
441.700911255944,18.024231511865054,-137.23731918838786,-25.295427728233406,27.569495288506154,-70.12212642888602,166.21760779121527
462.3974547555324,-2.3577486680985373,-133.1323223837045,-41.07180983920334,55.130393146248736,-84.47414582436896,190.90955004387752
482.99686432430684,-25.52679484378733,-125.28890111673346,-55.93419169206159,84.08823662938258,-97.77764184043446,214.72202410259882
503.5219411848464,-50.84862101102679,-112.64541874719025,-69.53614123346676,114.17178444505409,-110.12501754447294,237.53552215397366
523.6958661504865,-77.12143209572397,-94.16359777338857,-81.50932780269356,145.01341658890826,-121.65206027344567,259.2152695448798
542.8539179177363,-102.53837109698155,-68.99609419841933,-91.51864487214543,176.13100062901063,-132.54442732797435,279.60626315472797
559.8763831040376,-124.77605404162709,-36.692043634826256,-99.3335709328069,206.92028942769508,-143.0405157574986,298.5303548099785
573.1646551001022,-141.2519570755023,2.5908627112632416,-104.9085713740833,236.66391181303155,-153.42792525031132,315.7866212708952
580.6857734959175,-149.55628928415365,47.91964938680981,-108.45803980654996,264.56217148576815,-164.03075255968375,331.15626324161826
580.1077025521857,-148.00041302258882,97.529087403438,-110.50433627748949,289.7880408993673,-175.18570465000673,344.41292933599215
569.0362532622946,-136.1493508422006,148.93230632904755,-111.87426397187753,311.5637775568756,-187.20669472362619,355.33860366188435
545.3445756229526,-115.15381325047615,199.22263615926428,-113.62372452857082,329.25016507071405,-200.3401847742144,363.7440795647396
507.5606032806912,-87.70861567289711,245.53021696366795,-116.88486938780015,342.433131186223,-214.71670443542578,369.4917648221423
455.2529828242017,-57.564463786864664,285.52812059480027,-122.65370815430978,350.9887795884536,-230.30694781011186,372.51744986406123
389.3399807265032,-28.690884709250824,317.8361555204265,-131.56249783895174,355.10899951449414,-246.89256714055304,372.8470917278769
312.24589832686627,-4.35880763486081,342.17802633811914,-143.69956964589164,355.27692991029846,-264.0611883469384,370.6049144582943
227.8489804635278,13.515307582804432,359.2220963676077,-158.53842597482208,352.1936504425332,-281.23166766675826,366.010287394849
141.2010696911965,24.511273154050457,370.15645249873813,-175.01255659322635,346.67116499009046,-297.7094812232562,359.3627263860301
58.04397977179192,29.310511635845053,376.16243243724483,-191.7277909057376,339.5171804519693,-312.76476110737144,351.0165343036305
-15.810763235020119,28.997737432476995,377.99767286005175,-207.2562866695356,331.4399610893487,-325.71906207322644,341.34850730517445
-75.14422910761937,24.425470828218472,375.8493731821212,-220.42611699029436,322.99483346496424,-336.02377561665344,330.72330334695033
-115.93200889983555,15.939205231895244,369.49188783338684,-230.52260487463343,314.57970839896615,-343.3146780231392,319.4612508208371
-135.79596645100133,3.5345864237567497,358.64443066957534,-237.35226581656252,306.4705439559517,-347.4332755678205,307.8126174134393
-134.24439552427083,-12.7240512778828,343.34536843712374,-241.1719609057466,298.87536483558745,-348.41450072153975,295.9409628700456
-112.67572366651228,-32.309703071448865,324.17448661030653,-242.53124230083353,291.9818880089357,-346.44889577599736,283.9165834665584
-74.15794899080203,-54.088579310700865,302.24514277619784,-242.09595601559266,285.97978162364177,-341.8327502681494,271.71960587563933
-23.027393737286936,-76.47911533190204,278.9984930246548,-240.51093253072492,281.05091152789856,-334.92010481109344,259.2512457312375
35.627864377549535,-97.80238726904224,255.9058183064206,-238.32897942880567,277.33413862015277,-326.0864397484122,246.35117718394775
96.52434752493072,-116.64257212952737,234.19680623596332,-236.00005366304134,274.88019401527276,-315.7073096398673,232.81879002714368
154.70551353722715,-132.07369526059227,214.69290640122588,-233.89356500052128,273.61422425066837,-304.14896900718963,218.4361998541554
205.96865314093725,-143.70349201053665,197.76773256956454,-232.32390844689826,273.3192648880461,-291.76444397486046,202.99108826607235
247.1552409916152,-151.5723680619216,183.41075252268797,-231.56032501356947,273.6459795589226,-278.8884155814505,186.2976976223951
276.2879221040425,-155.9870138419077,171.3496354651221,-231.81774328879015,274.14596325638865,-265.8270171245175,168.21456100632798
292.5610967739096,-157.36268342376283,161.1877090563997,-233.2369649919243,274.3203666202464,-252.84253108216083,148.65782936762778
296.21127271071117,-156.1164920104959,152.5253769626026,-235.86659291032703,273.6735701095402,-240.13620234926265,127.60939585644482
288.3052457619604,-152.6198800728734,145.04843896913675,-239.65635720455998,271.76267687585664,-227.83380116466458,105.11943165942895
270.4878703328778,-147.1957538521344,138.57732027861385,-244.46544282865653,268.23644802299606,-215.97796833145765,81.30342823402226
244.72763169160163,-140.13787395232436,133.07868378217194,-250.08356829479294,262.8606364084536,-204.5293674901613,56.334344973772204
213.089676683096,-131.73316540314514,128.64580698802396,-256.25896686314684,255.52952936723375,-193.3762425094239,30.430923134747843
177.55515403387028,-122.2760079030387,125.45725728679562,-262.72646788063213,246.26544307045165,-182.35003267899623,3.8435751327591134
139.89517778119384,-112.0722189321288,123.72495124132709,-269.2299065848722,235.20888505463108,-171.24374601427252,-23.16056379460623
101.59922000461,-101.43615051294069,123.6425885910179,-275.535141271886,222.60230117378418,-159.82988669346622,-50.31185459854436
63.85207897401242,-90.68580536685081,125.34392388622564,-281.43224936963713,208.77000110665844,-147.87559057945407,-77.35028680025175
27.550724125244734,-80.13858242278606,128.8779151164224,-286.72756313008324,194.096252141366,-135.1538120188053,-104.03452522530652
-6.648317383408738,-70.1059359834431,134.20505417941845,-291.22790504309205,179.0028471064204,-121.45052922124833,-130.14731593236274
-38.25965709650403,-60.881346775850886,141.21645011844524,-294.72063044224217,163.92685301092797,-106.56874091219866,-155.49715515476404
-66.88523867671304,-52.71501861321943,149.77441748294973,-296.9538441777366,149.2988517373336,-90.33043097784287,-179.91653611305802
-92.1224125151358,-45.772309563484455,159.77008543253163,-297.6213872050206,135.52185372923236,-72.57773704806553,-203.25740806347443
-113.46990587733302,-40.08125271926875,171.1896463056204,-296.3568529103304,122.95118889558827,-53.1744072804409,-225.38469328487932
-130.23831245159298,-35.48576180560388,184.1765238396078,-292.73999461632184,111.875975366504,-32.00841131838752,-246.16882282384196
-141.47350969719275,-31.63127598891866,199.0728710770279,-286.31748111845326,102.5031118394898,-8.996385161771599,-265.47830558085553
-145.9043766203566,-28.0132138881441,216.42198158212608,-276.63814574985315,94.94500778022079,15.909547356118704,-283.1733811024762
-141.92991044108493,-24.11028565793072,236.91532656595922,-263.3007698680211,89.21237410216644,42.71219475379383,-299.10185310977806
-127.66413793134717,-19.60153449915062,261.2756563012536,-246.01015219560787,85.2133218033197,71.35690131068503,-313.0982456109673
-101.05787415819458,-14.630207230999595,290.08149429636387,-224.63487492354255,82.75977328394626,101.71690349388513,-324.9873920633214
-60.111376465551785,-10.038560187644334,323.55703785201484,-199.25804600565232,81.58178128168876,133.57800066409976,-334.59332810339697
-3.17845054914347,-7.471613342041406,361.3709840685633,-170.21089593252034,81.3497048278256,166.62534056154584,-341.75376158864793
70.66024077211412,-9.253407588560899,402.50152327815624,-138.0792749948714,81.70317165307122,200.43627026619532,-346.3393575023152
161.20590199602069,-17.98948558299928,445.2246961351376,-103.67581375100207,82.28424776778338,234.48374587888836,-348.2756796329576
266.81073624397175,-35.94080715906903,487.2630858656753,-67.97640234074778,82.77032822844504,268.1541786550125,-347.5641808451876
384.1996056244409,-64.32031275331623,526.090847333158,-32.028287027736724,82.9004346470292,300.78147621186145,-344.2976305283982
508.52576512299316,-102.73710040825364,559.3383608831568,3.153539849280463,82.4877501627314,331.69551840138695,-338.66535974578096
633.70262702268,-149.00681101973257,585.1940677769369,36.678329322665945,81.41240942126667,360.27907829529136,-330.94504791614787
752.9909495595663,-199.44041376664444,602.6848811199707,67.8364589689316,79.59249472199443,386.023461678739,-321.4804024238001
859.752351113854,-249.54792772529447,611.7452050823852,96.10620562472309,76.93758039576892,408.57128904872275,-310.64740809266397
948.2284812427077,-294.92649416084436,613.0545859140949,121.11124629633284,73.29636746435604,427.73597779832585,-298.81486950240463
1014.1901037972667,-332.0310862665951,607.7096384090667,142.5477456720452,68.41521616803215,443.49189585859807,-286.3067040060021
1055.3292777990314,-358.59470490244723,596.8585398408684,160.11262233614147,61.92487100415232,455.9360573509961,-273.3731961044165
1071.3322939446273,-373.63946866815513,581.4343084754091,173.46565642126396,53.36683935401109,465.22980985346135,-260.17618567573857
1063.6497731731808,-377.204248696415,562.0704792577719,182.2457092668066,42.25961426253904,471.53489360504636,-246.78962255375015
1035.0480663090746,-370.00803735401024,539.1953791701145,186.13980723627225,28.191668362585645,474.96045706548693,-233.2132087681481
989.0634889342044,-353.22982001618516,513.2230099264178,184.98208916877815,10.917747874340705,475.53504965824527,-219.39410596993528
929.4811592046779,-328.4559872487079,484.72713488463705,178.84693350022977,-9.568290801480963,473.21076641617657,-205.25064032514632
859.9295349210856,-297.7150921816675,454.5110100430687,168.10215887161928,-33.00535264751853,467.89755974174636,-190.69269114983234
783.634884373428,-263.4642612163194,423.54806112819284,153.40271317590708,-58.89038386376366,459.5171021764378,-175.63551287260793
703.3332202470637,-228.43103231512606,392.83231350242306,135.625894361792,-86.55064435107789,448.06021299821657,-160.00628300198812
621.3029293791908,-195.30892070552116,363.21094562096584,115.76718260892555,-115.24415755426091,433.6313938198464,-143.74485368237535
539.4649141156167,-166.39135110454507,335.2652885626856,94.82479698120146,-144.26373755914935,416.4684265807149,-126.80143863316084
459.4976355760673,-143.26193063832784,309.2728080742788,73.69945241460084,-173.0219383771233,396.93262746939763,-109.13411432794746
382.9270730508974,-126.63322848387102,285.2433408119324,53.12636280624224,-201.10221200221565,375.4736220564692,-90.70824804372413
311.1699613391676,-116.3663537902222,262.9969366071474,33.644507005292155,-228.27202782389816,352.57883199795054,-71.49871282743274
245.52703918100516,-111.64376551557092,242.24531352175597,15.598329622936106,-254.46308034112153,328.7205752102257,-51.49449204241201
187.13739870043318,-111.23156414009435,222.64999308170388,-0.8380530034435125,-279.72954285181754,304.3124845392122,-30.70439512980237
136.9132499557598,-113.76109292606566,203.84782218999345,-15.624418736997022,-304.1968763982868,279.68282584627167,-9.16229134082954
95.47613947235476,-117.9755121272378,185.4497529480418,-28.813340866469517,-328.0117361149704,255.06696494500844,13.069497387495385
63.11192355102592,-122.91240501127234,167.02683691523995,-40.50836748382551,-351.2996074480858,230.6164478720422,35.899395102872056
39.754597305853395,-128.01735735753707,148.09844570556726,-50.82255283009056,-374.1326076144166,206.41912893074303,59.20838135009967
25.00085820176448,-133.1993032946381,128.13449676325433,-59.83708655819843,-396.5066293131364,182.52389997807688,82.85381327190021
18.150329328514594,-138.84408984232022,106.57903135831923,-67.56002370134462,-418.32529235737786,158.96449243082208,106.67431575025157
18.262280801936303,-145.7989327089934,82.8987561490786,-73.88659468392692,-439.3880572710217,135.77874938432802,130.49476816920622
24.21902105110414,-155.32964027249383,56.657382402710056,-78.56478443873874,-459.3810210806883,113.02183921480679,154.13065627420139
34.788355396271314,-169.03829086372195,27.613801590653424,-81.17230961534378,-477.8708458919793,90.7734701687026,177.39144689505397
48.68131495050275,-188.71639719474666,-4.162094771339781,-81.11321430972421,-494.3043849890898,69.13999759149918,200.08304729969691
64.60517111012494,-216.1038387616568,-38.16878601612743,-77.64328655364204,-508.0182862502461,48.25246286739369,222.00971987792354
81.31428587671559,-252.53402739785463,-73.36932841387724,-69.93241810631254,-518.2636200968109,28.26134771970804,242.97597739068573
97.6619800456299,-298.47629155402916,-108.13502325910542,-57.167946645078345,-524.2499367432404,9.328496005323203,262.7889796866956
112.65541743948293,-353.0370710372144,-140.27254404588604,-38.69542755041955,-525.2108238063629,-8.3835166080586,281.2618257496574
125.51305784417917,-413.54182727220496,-167.1674348807862,-14.182661669995944,-520.4890427405193,-24.72421819372657,298.2179368234401
135.72115366859848,-475.3669791563258,-186.0611339448196,16.218951603397805,-509.6341458691547,-39.56969747051343,313.49649862245127
143.08247211615765,-532.1947175652708,-194.44905830874382,51.751245313980256,-492.50008529032607,-52.83783404984263,326.95868924950406
147.74714461747027,-576.795962054942,-190.54795460027623,91.00312066239124,-469.32609137774375,-64.5032878505601,338.494157934447
150.2126919041043,-602.3021733519038,-173.74201021652266,131.97369787117267,-440.78251451257006,-74.61119824001733,348.026931859318
151.2789299586538,-603.7360191051195,-144.8938238511006,172.25937643904055,-407.96557720695955,-83.28856166727181,355.519642082435
151.94553610975288,-579.4023531700255,-106.41244156903497,209.35258196470338,-372.33150040430047,-90.75219204841686,360.9747634128779
153.24768387421489,-531.6791690459183,-62.013374362315744,241.00994022159978,-335.5705845746121,-97.31192846308997,364.43160225774847
156.03933485556237,-466.85394865615547,-16.179336495410993,265.6228349471402,-299.4337499462624,-103.36739395574952,365.958194279324
160.75277137799262,-393.9207199015469,26.58387852095744,282.51231492507935,-265.53515805495965,-109.39636813622128,365.6381653655314
167.181542755027,-322.6035471689898,62.53249777395056,292.0786579149833,-235.16202904343584,-115.93307537141159,363.5538735582533
174.3444956446347,-261.1647913774659,89.32043376790995,295.76366617414953,-209.12436248092973,-123.5357229124526,359.7684900550167
180.48374813426577,-214.65956888397662,106.32557432373761,295.82486252684714,-187.67191738082388,-132.74451419242362,354.3106485092426
183.22635317878834,-184.15383428499368,114.58823462957352,294.96433450393704,-170.49410173533363,-144.03379502029173,347.1654497739161
179.9018340402708,-167.08435606141063,116.39039237890718,295.8887279624793,-156.80261149823173,-157.76428810544476,338.2747074939556
167.96622196969196,-158.54574157515933,114.60128231285363,300.8910549459936,-145.48023490911936,-174.14269794443626,327.5474586980456
145.4512394782755,-153.00519935665824,111.96960842055304,311.53563556534505,-135.2661461464793,-193.19564152182568,314.8794085030746
111.34612639404153,-145.8751634681623,110.53915601660465,328.49793983774504,-124.94163442781027,-214.76265583036368,300.17782037871496
65.83359718138738,-134.51894724056314,111.30903270678118,351.5707292816128,-113.48236126437368,-238.50934382588545,283.3870695601317
10.336121952939319,-118.53322123552653,114.17644524398996,379.80896501174755,-100.15346156626708,-263.95749561492545,264.51003588601395
-52.62704270678965,-99.41355090321244,118.1201925217477,411.7593497297808,-84.53932775828014,-290.52549351609423,243.62169064443032
-119.73127181620842,-79.86480617397433,121.53219850605811,445.7121002363699,-66.51633233521062,-317.57059510164936,220.87320070267364
-187.21981366859117,-63.0360058234589,122.59258042541248,479.9221073445956,-46.18934785336978,-344.4254020714752,196.48698324171113
-251.28579596735335,-51.87549402743579,119.6046962094306,512.7679534429894,-23.818256390880123,-370.4238322783269,170.74477213048885
-308.40140381373334,-48.68601056589991,111.2436346521375,542.8415436349493,0.24233734018149278,-394.91632336316786,143.97151529819683
-355.5559668456024,-54.86971796441925,96.70680808220227,568.9803883513213,25.57658169751356,-417.27838956157143,116.51776260507808
-390.3920755255623,-70.81611669857858,75.77728198163206,590.2643315234027,51.71296776648573,-436.9195115689831,88.74238512022701
-411.25317021522517,-95.89244997826631,48.81722262624808,605.9985293316302,78.11210638105717,-453.29954745154373,60.996425460337804
-417.17234609697783,-128.52067007379867,16.70567222827448,615.6978625496307,104.15313871931139,-465.95710579385076,33.60805487216896
-407.8379783111617,-166.34302594159428,-19.270380880868828,619.0791426523161,129.13538494518792,-474.54930066442205,6.868299208748567
-383.5671167650222,-206.4783950529677,-57.564099032346434,616.0602165265328,152.30649360638114,-478.8965320716957,-18.98254428548563
-345.3043108435995,-245.8557129532843,-96.5444494807193,606.7613390627198,172.91980646013135,-479.02132344852157,-43.76721079237195
-294.64510707240294,-281.5890101843247,-134.68037789805427,591.504007037094,190.3147795328316,-475.16850127478176,-67.38114997341663
-233.86464327098662,-311.34111245047313,-170.70769214787094,570.8046161424191,204.00759966180505,-467.7960231625429,-89.79775568493656
-165.91776293505902,-333.616677392122,-203.75044903130987,545.3632191643926,213.7760934735324,-457.53130344471936,-111.06735089520618
-94.3724510211473,-347.93160475691155,-233.37263262210985,516.0499953562353,219.7239285283767,-445.0955781982946,-131.30877900305583
-23.24564008498116,-354.8227345129266,-259.5463080856893,483.89296809268467,222.3132066542263,-431.2066013973075,-150.69357287260988
43.271143068021765,-355.6850776607294,-282.53767028608127,450.06965773250806,222.3604366197067,-416.47561147181955,-169.42397562004462
101.18335917101953,-352.44973274780205,-302.73005858652874,415.9026579708062,220.99690834334132,-401.3165139346711,-187.70721257254445
147.1234187200735,-347.14173171990245,-320.4202825973091,382.85476812220213,219.59921899456924,-385.8831472322693,-205.72905609800029
178.7807869194556,-341.3825159602503,-335.63842169683915,352.5138935366803,219.69818830526452,-370.0450844591859,-223.62973349643232
195.2661342336946,-335.925997256088,-348.0480849627353,326.5526681708256,222.87444493245854,-353.40530365076216,-241.4846541475389
197.34844529208408,-330.337373914143,-356.97989981301384,306.6446489667377,230.64713901290213,-335.35614835125455,-259.29150512652376
187.51939631061046,-322.9323733831194,-361.6318046324119,294.32054431208616,244.359716418773,-315.1648385897554,-276.964304959199
169.86032669661782,-311.0782355487091,-361.433422006374,290.75672615969523,265.0649072045943,-292.0770782527873,-294.33430265096524
149.7092216090446,-291.9015120824895,-356.52068461805175,296.50544413395204,293.4112440293378,-265.42678688010346,-311.15730834451836
133.14613360420583,-263.3435736961301,-348.2103325108406,311.200325764337,329.53606549095105,-234.74074748596288,-327.12707988207796
126.33611850513638,-225.36349448689168,-339.3191709236191,333.2969515784132,372.9746195348033,-199.8279786212797,-341.8945134012463
134.79091118151928,-180.94855420750645,-334.16236384129775,359.92809506933213,422.60009864234496,-160.84433612092795,-355.0922574627432
162.6340946108871,-136.5188204955237,-338.1082300532662,386.9564416523875,476.61304778674287,-118.32343686190683,-366.36372712201745
211.97463833741568,-101.37181555081312,-356.67020893532487,409.2858068243156,532.598336967473,-73.16637061816294,-375.39431241961637
282.5009170629375,-86.04085601710088,-394.26292660095976,421.4426958181522,587.66221327881,-26.58590705517794,-381.9411537673901
371.39106175238356,-99.8015597081282,-452.89638063948536,418.37067963008224,638.6506571673598,19.99342954493298,-385.8567660533788
473.5901135026761,-147.9394171466579,-531.1728404967786,396.30780126375333,682.4349408400593,65.07048400128934,-387.1016792332401
582.434802740884,-229.62267344640634,-623.9346428931304,353.56565356828037,716.2341246341026,107.22111477712966,-385.74255678331554
690.5295581624732,-337.1689399881644,-722.7696607801713,291.0199363125774,737.9313471351461,145.24815567814534,-381.93491460298117
790.7163969801888,-457.1167073042142,-817.3456667119378,212.16746405634234,746.335073198042,178.30434001730904,-375.89298878710235
876.9582752346071,-572.9270127449396,-897.2903407232462,122.69756553219219,741.3404337819189,205.9690132867243,-367.8524764396396
944.97998062547,-668.5720418597142,-954.1528276247825,29.64256741907792,723.9595553044267,228.26820364074226,-358.03373454757383
992.5755128392153,-731.9546614736582,-982.94617703069,-59.722124638916355,696.2108779195707,245.63861181196003,-346.61288021079207
1019.5745119757113,-757.1788219371099,-982.8942080600078,-138.99601800090323,660.8814052224662,258.84629252504914,-333.70607941237216
1027.5355960743993,-745.1163395666401,-957.2453398870355,-203.5584520012434,621.1972815841434,268.87758104668353,-319.36882983131477
1019.2798014740944,-702.3021034667314,-912.2815710266086,-251.09137507732214,580.4523750050035,276.8217988525207,-303.608358642471
998.384081752615,-638.6964005173809,-855.8513280735466,-281.65210764364167,541.6488891825175,283.7626799472074,-286.40448889138105
968.7287411306789,-565.1015478070187,-795.8321989508366,-297.33609737315965,507.1982399896872,290.68982024500644,-267.7331864827089
934.1491175089053,-490.9644947876849,-738.8775930731058,-301.65340669633713,478.7167180542509,298.43487447307405,-247.58757152078454
898.1982267322138,-423.0199036825033,-689.6600690632094,-298.783212681316,456.93258701088655,307.63162074256053,-225.99298335341464
863.9963498437975,-364.8779554008458,-650.6554868653927,-292.8649939992604,441.7033606620943,318.6955626080163,-203.01494116893264
834.1309326325971,-317.3754205473134,-622.372914547999,-287.44427138708454,432.12742467031416,331.8177260145171,-178.76077307911197
810.5738456368928,-279.36253383504516,-603.8579543728343,-285.1330830457056,426.7248231474819,346.9682802153783,-153.3768011712376
794.5970691213195,-248.59460199801492,-593.2859775672135,-287.48914293179445,423.6582259337061,363.9077024953169,-127.04314877415443
786.6854495433196,-222.48915592660916,-588.4996297262164,-295.0758151083353,420.96588858835975,382.2054719449407,-99.96768592483927
786.4609583717458,-198.63481025895112,-587.4060558515147,-307.6431622401917,416.7822322525084,401.26793060762395,-72.37973770592129
792.6436101741642,-175.0470724379632,-588.2100007882572,-324.3672845511121,409.52689284194685,420.37748107710763,-44.52335257020436
803.0782809357121,-150.23372408643058,-589.5041004257769,-344.09566023640497,398.0485116817956,438.7444987041632,-16.649460272065042
814.8534511058315,-123.15538352865104,-590.2616777981739,-365.5634527799971,381.714546030919,455.57132728092535,10.993731507179483
824.5272509022793,-93.15677112547746,-589.7819443064429,-387.5636222062126,360.4428994777881,470.1248822377929,38.17228905837132
828.4587306018235,-59.916907029966296,-587.6284313806113,-409.06787496282936,334.67548981292884,481.81132650452713,64.67950392420228
823.2200294166707,-23.435790360945738,-583.585514524452,-429.30397670394393,305.29833903184715,490.24379063138423,90.34892535083922
806.0419969793758,15.950094614247867,-577.6408958318848,-447.79777259085654,273.5175309531801,495.2929762609608,115.06559812882922
775.2274825337756,57.5469749682501,-569.9879414160191,-464.3869626589158,240.70516103992472,497.1113234139074,138.77347409944582
730.4591169485473,100.3075183301724,-561.0329664153969,-479.2105655374131,208.23344317300536,496.12445043485445,161.47730174864483
672.9365938356068,142.88724712167868,-551.3894432191383,-492.6753145200245,177.31734815244624,492.9884432214472,183.238091178942
605.3030844473012,183.77412536179435,-541.8430523137941,-505.3994761244284,148.88546112109344,488.5173466381624,204.16234068880178
531.3573239905786,221.4996759703901,-533.2772227482765,-518.1361651064248,123.4945893435605,483.5905523863614,224.38634190612248
455.5883481537049,254.92422327236767,-526.5568295916336,-531.681462508212,101.29636056081407,479.0532823601681,244.0577653273293
382.6030406816712,283.569980370617,-522.3766421828785,-546.776131475298,82.05499577627921,475.62402190940344,263.3171235433291
316.5335147990826,307.9547964526064,-521.0898157362412,-564.0119757677844,65.20676042476236,473.82032754554393,282.28148982916827
260.50814089057974,329.8591833341778,-522.5392643611503,-583.7538947774204,49.94557326211178,473.90962694131576,301.0320561375656
216.24996575219305,352.44497440543034,-525.9202308199315,-606.0863009596804,35.317505567419985,475.88594463073423,319.60595928160194
183.83825941280477,380.14319037281064,-529.7046533595977,-630.788479753054,20.309758319275737,479.46875135063294,337.99162573291005
161.64367482575588,418.2495115103174,-531.6556426417932,-657.338922826512,3.925976027515368,484.1178675266798,356.126060754465
146.43256919867733,472.2133033091736,-528.9521849486046,-684.9449295870791,-14.752910012395589,489.05917608227594,373.89234127715116
133.63219243893565,546.6780598174505,-518.4294617492665,-712.5917026459119,-36.51743658868109,493.3192345048641,391.1161920326296
117.74931160125557,644.4142369055348,-496.91986419376775,-739.1049231670759,-61.981162981307996,495.77104903418274,407.56181308436703
92.93026013685511,765.3560719916006,-461.65698804441945,-763.2218634739352,-91.53073069754629,495.1960785143731,422.92871322888783
53.63235238872144,905.9837403908218,-410.68475700452336,-783.667536329132,-125.27600812255795,490.36707491347323,436.85263605695087
-4.655209467979258,1059.258564809787,-343.20239624294885,-799.2332289874226,-163.00866372554668,480.1519009348138,448.91416123390707
-84.73870183602224,1215.2169657265777,-259.77831241998024,-808.8544323569313,-204.1821492159167,463.6309150877322,458.65780929781494
-187.21648700313676,1362.1778744474302,-162.38399319720386,-811.6836808431505,-247.9261810919893,440.2123608926572,465.62242026622494
-310.25986686986,1488.3597480003682,-54.230357953995,-807.1518356127785,-293.10358461497225,409.72468885658395,469.3806233355449
-449.7505456559841,1583.5872875440955,60.57317074652417,-795.0099456985596,-338.40803396362566,372.4646510291677,469.58218379439757
-599.774686134503,1640.734589324203,177.4815150968955,-775.344066344833,-382.4906747864674,329.1864159770847,465.9938982591889
-753.3918836551414,1656.6143533310708,292.0199817875563,-748.5578963008489,-424.09535425105565,281.0285990668341,458.5283346035587
-903.5328041254379,1632.1627925640762,400.24898139151566,-715.3226390067282,-462.1790061659958,229.38969378527554,447.2553982757712
-1043.8531575269474,1571.9422774655327,499.11568547829336,-676.4991262902083,-495.99669289483387,175.77376991879123,432.3940970942244
-1169.391727092007,1483.1354487853805,586.648161798185,-633.0424899998986,-525.138863173797,121.6340306184621,414.2860301797589
-1276.9375533378482,1374.2937102801832,661.9817243638872,-585.9030396087369,-549.5189364292735,68.24043086893951,393.35584185551187
-1365.0854425824,1254.1125890403036,725.2396148975889,-535.9375183468339,-569.3192347011234,16.589995197728022,370.0661300175154
-1434.026272549371,1130.446719404274,777.3133482277885,-483.8424170854632,-584.9100186639973,-32.632479885409495,344.87457923182524
-1485.161728548788,1009.6780181245048,819.5979842395489,-430.11623699068383,-596.7587510281834,-79.04655908874747,318.19955511444044
-1520.6457706171823,896.4478311716902,853.7340387192684,-375.0518187237868,-605.3449858218752,-122.5323982201365,290.397725623581
-1542.9416564189992,793.6862438366691,881.3939555778495,-318.754563623046,-611.0918066354302,-163.16610773644865,261.7543617229567
-1554.4545673457424,702.8333422435369,904.1323113872241,-261.1787387727736,-614.3192486565349,-201.14893964560312,232.48459556480753
-1557.2677522384704,624.1464447914583,923.3007509080339,-202.17267491140484,-615.2201556622495,-236.7417538565343,202.74252333723356
-1552.9835557854572,557.0119561347633,940.0152974841192,-141.5244622674088,-613.8553770071178,-270.2117392097407,172.63468714245334
-1542.6539751444445,500.2148026368627,955.1571725568751,-79.00212095182076,-610.1633831887602,-301.7940643587476,142.23491479378362
-1526.7785070776492,452.14934990528405,969.3883356441007,-14.385293767635744,-603.9790543899289,-331.66789255123615,111.59836556456862
-1505.3474692617106,410.97618097812705,983.1676971104795,52.51158236759139,-595.057097628541,-359.9442976715535,80.77357262512795
-1477.9133925207548,374.73804382008234,996.7607443146222,121.82255341687627,-583.0967576548624,-386.66291612687075,49.81205185255756
-1443.6786593123006,341.44858455411753,1010.241770916626,193.6167631331211,-567.7657879050535,-411.7942977953169,18.775559865237796
-1401.592517993448,309.1635187051264,1023.4924473045721,267.8852943821984,-548.7227797295,-435.2454949428777,-12.258663883645923
-1350.4541757957059,276.0394234743746,1036.2025505010654,344.5258853726313,-525.6377973695753,-456.8671550385734,-43.19428241779771
-1289.0208437293286,240.38258135363856,1047.8785392565148,423.3243191511587,-498.2118252625907,-476.461087428872,-73.91355217506143
-1216.120706455212,200.6899018698836,1057.8640405196172,503.9324887076136,-466.1958503193453,-493.7878830930393,-104.276118855645
-1130.7711733498304,155.68539132487965,1065.3740454368253,585.844188519867,-429.41052973602694,-508.57467103356896,-134.11884769554985
-1032.3025747294969,104.35783634279272,1069.5423852632518,668.3705257973927,-387.7673622183071,-520.5235041802439,-163.25673070936367
-920.4865215837752,46.007038743436745,1069.4802800889834,750.6175619870679,-341.2920685471503,-529.3211811014687,-191.4849947775072
-795.6660013690259,-19.694131001047488,1064.3425442965033,831.4695219590009,-290.1504332215668,-534.6514993433152,-218.58257487197244
-658.8804524468738,-92.61739339864229,1053.3972853520104,909.5817269015643,-234.6760814396575,-536.210945688352,-244.31710854511078
-511.97342132804687,-172.07803404514593,1036.094427287825,983.3882447884325,-175.3985157360768,-533.7285869265372,-268.4515444200929
-357.663653943587,-256.7259278867988,1012.1279250191503,1051.1298231294957,-113.06826094392486,-526.990371374644,-290.7523353004399
-199.55443029009425,-344.4502622612692,981.4860476885195,1110.9074944844465,-48.67436554697622,-515.8671700088627,-310.9990086506674
-42.05348446740313,-432.3297465995175,944.4837542999232,1160.765778770637,16.55183984607416,-500.34473783869566,-328.9946865091579
109.8198344278984,-516.6658322034456,901.7713359606652,1198.8062425345288,81.15340351743211,-480.55252158959195,-344.57688836446334
250.75012713310304,-593.133840154818,854.314638268683,1223.3272946860316,143.49077718963244,-456.78713671788285,-357.62773095140847
375.55186999260485,-657.0729458399695,803.3446904856792,1232.9800538382376,201.8147211522701,-429.5257051247048,-368.0824834663695
479.6655886360236,-703.9103323013275,750.2785003843358,1226.9240718959525,254.36845276538898,-399.4243971718984,-375.93539209290986
559.6578584168891,-729.6810384830296,696.6176486930542,1204.962216842464,299.51298200575843,-367.2986703873951,-381.2417927332612
613.6424106485517,-731.5707667963276,643.8361246493328,1167.6326992545012,335.86386831900927,-334.0838630553541,-384.1158055182605
641.5407697780386,-708.3845881745901,593.2722543462348,1116.239174027625,362.42296509166715,-300.7777507027056,-384.7233407784494
645.122639090268,-660.8401909518903,546.0403428051604,1052.8072110225194,378.6864621542059,-268.36991990758503,-383.2707015022352
627.8056220082558,-591.605964375203,502.97508873309704,979.9661763140107,384.7116959637336,-237.76569111881568,-379.9896666458535
594.2416202247998,-505.0502713513448,464.6161435906373,900.7676187101041,381.130038421154,-209.71413326478032,-375.12048391828506
549.7606665556224,-406.72886887772097,431.23253653977497,818.4619717304433,369.1010352427712,-184.74991542077123,-368.8945842823638
499.7699874777048,-302.6965805458525,402.8789148441376,736.2622755512983,350.2123253300456,-163.1571186710483,-361.51896428463846
449.2095695074683,-198.76989572677525,379.4696354375501,657.1250932444526,326.3387155228001,-144.95989416007473,-353.1640172568467
402.14554084741025,-99.87688942680289,360.8541953419093,583.5745933954497,299.4801331702453,-129.9406199776604,-343.9561384711895
361.5463711491417,-9.606787992459715,346.87887661127354,517.5870647148521,271.60065257040515,-117.68186731232109,-333.97575263886574
329.2454704778629,69.97885121378494,337.4242819728196,460.54212388662773,244.4889942138056,-107.62496110541437,-323.26063577184186
306.0585213253622,138.27285506813,332.41522908006084,413.23614491346893,219.65549674210322,-99.13592729511143,-311.81367318127667
292.0025396941697,195.84174294783912,331.8063992154421,375.94517589883554,198.27305005832397,-91.56947449358763,-299.6136471061041
286.55859999437655,244.02739603317355,335.55247221305467,348.52010308333644,181.1616893757518,-84.32321712329045,-286.6273738248835
288.92873802563565,284.52951443521965,343.5740917958345,330.49624534459093,168.810133929961,-76.87707794447877,-272.82153913336884
298.25410466170035,319.0516596696773,355.7306010472079,321.2021375158462,161.42356631521642,-68.81597510992121,-258.1728730400196
313.7797856977724,349.062244940249,371.8075785128425,319.85666531297306,158.98567969411033,-59.83678320399065,-242.67576754611875
334.96708029702563,375.6856951083944,391.5228509948838,325.64855381843455,161.32407750546446,-49.74263878569042,-226.34695971558133
361.5640394434164,399.70807083567666,414.55009549880776,337.7963936085704,168.17067505063773,-38.42871073973937,-209.22736766830576
393.64950552892975,421.66190537093854,440.5554283129336,355.5903107789535,179.2118946316127,-25.863630798116112,-191.3815034932683
431.66597288610296,441.9484609987043,469.24015742145184,378.4179290513768,194.12638547386496,-12.070136305306207,-172.89506203213475
476.4539887255565,460.95992485988677,500.38229921512766,405.7776596966097,212.61024933919802,2.8925453722646424,-153.87130745530249
529.2969727750659,479.1749661752025,533.8702688003966,437.28197802446255,234.39113838979495,18.943127953878566,-134.4267895121013
591.9810872929131,497.2139666689848,569.7238314068079,472.65260030479664,259.2331838803992,35.98899562696848,-114.68677036235657
666.8703298571695,515.8514964182439,608.09937687436,511.7086702263406,286.93472150705657,53.93336534716465,-94.78058118631867
756.9920592833588,535.9912340730742,649.278374941196,554.3483884883899,317.3204494586216,72.67937966307584,-74.83699371779373
866.1221723023522,558.6121170283151,693.6392034279972,600.5240594353479,350.2292065595208,92.13175066610594,-54.979608108238736
998.8516269392918,584.6948182171745,741.6133481033548,650.2103068623096,385.498147110269,112.19653599530243,-35.32223292625144
1160.6067658305267,615.136042819755,793.6273698787168,703.3652234151352,422.94380855122523,132.7795035363658,-15.964262144545977
1357.5853405463256,650.6560593142481,850.0322584446697,759.8844614430939,462.34045933561123,153.78339572916087,3.0138730781063856
1596.5596097228527,691.7034804169137,911.0221189389381,819.5487565914327,503.3961858627848,175.10428074712482,21.554998023139277
1884.489930217374,738.3612690859347,976.5448142274977,881.9661159865236,545.7274194738899,196.627102218713,39.62893990505373
2227.890812434447,790.259398064268,1046.2083600649212,946.5109120505994,588.8329982873329,218.22052505948176,57.235325258548606
2631.9016272603144,846.50214176175,1119.1885552955046,1012.2633866408471,632.0693768081712,239.73122779783705,74.4049507526704
3099.0417241741675,905.6207626839677,1194.1453732865689,1077.9545265510815,674.6291988562837,260.97791112425386,91.19921984840502
3627.679428484148,965.5641681257908,1269.1577309603854,1141.9227906073459,715.526075562756,281.7454713371293,107.70717833395688
4210.317848766303,1023.7396420239675,1341.6879430001977,1202.0905379337755,753.5889690381414,301.78000923483603,124.03980801766866
4831.893293034843,1077.1119309586625,1408.5879444828608,1255.9689267665613,787.4699465078655,320.78557926517124,140.32145657798395
5468.3813929414,1122.3614143295463,1466.1587239204136,1300.7001500245544,815.669077003442,338.4237830345565,156.67858563506536
6086.08889468486,1156.0916000795523,1510.2719628424984,1333.1447392103648,836.5797106187525,354.3174123850991,173.2263835544725
6642.0443184606875,1175.0649217293098,1536.558443813994,1350.0189298913556,848.5561387084249,368.05927832193976,190.05417039966315
7085.854626275067,1176.4370717226368,1540.6614480010542,1348.0825104328965,850.0035757473211,379.2270573526325,207.21086008521752
7363.241684482795,1157.957465873277,1518.5454886332973,1324.3712165528675,839.4875515155495,387.404407666972,224.6919717664055
7421.206363294429,1118.1093492165148,1466.8419778566483,1276.460041292875,815.8563677577356,392.2077657437917,242.42973645457926
7214.416741429275,1056.177384361113,1383.204736089876,1202.7357514124544,778.366694839721,393.31720952954157,260.28768340630654
6712.044592430623,972.249746159017,1266.6408229416456,1102.649861734368,726.7993087917728,390.5087202068659,278.0607054863894
5903.975599642715,867.1793206278377,1117.7774268236406,976.9190445092361,661.5501638280291,383.6843001625947,295.48102730849513
4805.196165383209,742.5373281585604,939.0250465804112,827.6401193079095,583.6821808848072,372.8959369879094,312.22981034492426
3457.291229945949,600.5876582514766,734.6023373883918,658.2925341236455,494.9257753770456,358.35953083274825,327.9534322568643
1926.3930917046043,444.29163841331786,510.39958917596164,473.61275822454115,397.62126259246486,340.4557167405262,342.2828912012342
297.54216622902453,277.32711030539315,273.6755430495248,279.34108792287657,294.6033184564974,319.7159659116379,354.85441336251245
-1333.8758724785378,104.08295583601313,32.60426077221831,81.85953555616217,189.0355554096018,296.79424044919756,365.3292490496309
-2872.340369003085,-70.41899332093809,-204.28841256166558,-112.24363818629641,84.21057809259304,272.42648520564586,373.41084137228154
-4232.420587887495,-240.7126732817523,-428.74011269895004,-296.63506088450913,-16.663824974021708,247.38199590973818,378.8579971090351
-5347.379934463514,-401.1976158841896,-633.349268090138,-465.6706890115098,-110.66951188096562,222.41186826344415,381.4932913998367
-6174.876367166964,-546.5442957572507,-812.0850046507325,-614.7550946248518,-195.35237844551156,198.2000888595578,381.20658169987433
-6699.084836653047,-672.1372626349493,-960.6522698439966,-740.5888660122881,-268.84950025864293,175.3223252410218,377.95407976971444
-6929.270447364036,-774.481115744272,-1076.6765487857067,-841.2844658506046,-329.9591737630735,154.21623462112436,371.7538475574849
-6895.463397962639,-851.4974774525158,-1159.699461221795,-916.349816203539,-378.15189017779,135.16540164340094,362.6787997837722
-6642.295200293148,-902.6627579547282,-1211.0030675878952,-966.5560456920648,-413.52764781900237,118.29716599946582,350.8483145693347
-6222.190677511376,-928.9691688190891,-1233.3018026061063,-993.7183897435243,-436.7306904680872,103.59293081073835,336.4194131335365
-5688.990851754473,-932.7252536860113,-1230.3532607135196,-1000.425653060533,-448.8360640592311,90.90829561118449,319.5782324658886
-5092.785441673769,-917.2384847478124,-1206.5415934094942,-989.753859787436,-451.2231796104953,79.99966184949608,300.5322474520602
-4476.362640681106,-886.4361990727981,-1166.4812705590236,-964.9948749535799,-445.4502061209238,70.55382220645626,279.5034567990289
-3873.3326874215095,-844.4816171388901,-1114.6771333651932,-929.4227338825135,-433.14025165658813,62.21737799908493,256.722565418033
-3307.715256732596,-795.4316603260214,-1055.2623049863105,-886.1111732646345,-415.8866903876066,54.623482481013184,232.42408703494178
-2794.6263976946525,-742.9673343584742,-991.8215970299275,-837.8071326742643,-395.1813572525924,47.41421538183653,206.8422478432102
-2341.653635829329,-690.2102649586649,-927.2966663443376,-786.8579475360374,-372.3661793392466,40.25770617520766,180.2075761581264
-1950.5421688613176,-639.6241895461839,-863.9613940376588,-735.1851258642603,-348.60643983118484,32.85982999334168,152.74409155130968
-1618.897240984184,-592.9898707510849,-803.4518882221892,-684.29500520153,-324.88236425956063,24.970837583014628,124.66703992545914
-1341.706627481419,-551.4365155751445,-746.834594298696,-635.3158772707212,-301.99501056054925,16.387629942880054,96.18114535357564
-1112.5797927394137,-515.5117241607729,-694.6973238044739,-589.0518233455491,-280.5823713119855,6.952563940108149,67.47936016515511
-924.6736720413102,-485.27397161827514,-647.2506064276054,-546.0449756484982,-261.1419603142918,-3.4502866375884764,38.74209345818098
-771.3247611936217,-460.39515942467233,-604.4297733499932,-506.63973721540134,-244.0567653691857,-14.90054359343965,10.136890998673035
-646.4348472794196,-440.2644929057452,-565.9909638163809,-471.04430717041095,-229.62214519626468,-27.4478377986825,-18.18146626229551
-544.6680243867997,-424.0877995103631,-531.5964419372439,-439.38645536348923,-218.07191141602576,-41.11835306377506,-46.070476013694844
-461.51528063946915,-410.97778149581615,-500.88609819072775,-411.7617692111654,-209.60238452989603,-55.921003501405764,-73.39905968290591
-393.27506591592794,-400.0304801333873,-473.5328835535091,-388.2735384614225,-204.393594056964,-71.85267330975765,-100.046337433938
-336.98778111023125,-390.3818473134717,-449.2804377682696,-369.0640804966946,-202.62697845745112,-88.90192232937574,-125.90001002809691
-290.3516215593071,-381.2367522766129,-427.9616759988487,-354.33768614151757,-204.49892112713331,-107.05050007040136,-150.85431273363622
-251.63799588024924,-371.8624174241302,-409.49795255729225,-344.37552315856135,-210.22924960686188,-126.27195489115846,-174.80751830021248
-219.61724231998537,-361.54076109743596,-393.87990408243974,-339.54279245342764,-220.06347663126832,-146.52663720549052,-197.6590143754368
-193.49938944649378,-349.4806691321189,-381.1332726559776,-340.28819613974093,-234.26717464644057,-167.75255704727016,-219.30607320299015
-172.88976113063222,-334.70204369286324,-371.2757200139944,-347.1353579318333,-253.11061249750017,-189.851948695911,-239.640565026838
-157.75478076628485,-315.9171223055896,-364.2733329870757,-360.6652852222099,-276.8418638105882,-212.67407207703798,-258.5460234600076
-148.3890958684884,-291.4475346177305,-360.0073670277117,-381.488406883398,-305.64726526147524,-235.99573146150354,-275.89561696237115
-145.37131184723086,-259.2227325202757,-358.26184118274807,-410.20439148364346,-339.59955941594944,-259.5021071185699,-291.55166859060176
-149.4930245355992,-216.90132577564975,-358.74011696379733,-447.3481659323887,-378.5963583051343,-282.7715516482376,-305.36734640782043
-161.6459103225373,-162.13783435036805,-361.1133187379305,-493.32165146060726,-422.2945207959058,-305.2686832704205,-317.19098127777573
-182.65605338129947,-92.98394968350745,-365.09595552622864,-548.3129381556537,-470.0491475017424,-326.350070671205,-326.87314733236
-213.06467694779425,-8.371755605955641,-370.53587105970666,-612.207885567264,-520.86837154603,-345.28578532751106,-334.27619375077046
-252.8698128096987,91.4121275354666,-377.498867406558,-684.5030167238442,-573.3960311688047,-361.2980328508162,-339.2854178314935
-301.26180580286547,204.37418917631277,-386.3253468095631,-764.2321879545053,-625.9328429109769,-373.61518458836076,-341.8206231069531
-356.4021718693811,326.6899336997192,-397.6387937885558,-849.9216976092156,-676.5024820820832,-381.536328769387,-341.84652399432633
-415.30401561913425,452.87676724922073,-412.29420407414756,-939.5880922710078,-722.9623448145869,-384.4986643359882,-339.38042817169253
-473.86728488585226,576.2701679362909,-431.26723179593046,-1030.7892168629473,-763.1508080450988,-382.13840989788974,-334.4958862855198
-527.100920355485,689.7385730354082,-455.4988801382499,-1120.732109670537,-795.0552069368716,-374.33593712842776,-327.3215163977951
-569.5287662060811,786.513713608065,-485.7222413803377,-1206.4322035368125,-816.9793748629214,-361.23772312357465,-318.03489601419494
-595.7346376264059,860.9843309490764,-522.303734321636,-1284.9088197042338,-827.6879360212503,-343.2511502733907,-306.8521352002292
-600.9654685228425,909.3107190348244,-565.129646030849,-1353.3943569225855,-826.5072585768221,-321.0124657959084,-294.0143602746363
-581.6912465567532,929.7615095995343,-613.5598851865922,-1409.5308416752646,-813.3696336282976,-295.3324311861239,-279.77273556773713
-536.0236393410778,922.7383134902686,-666.4570993896142,-1451.5286971588703,-788.7964107430098,-267.12746046158117,-264.37376916938695
-463.9220166925952,890.5192131711985,-722.2843826509771,-1478.268559362353,-753.8254609635402,-237.34574161033325,-248.04648742445215
-367.15886524104724,836.8015934207112,-779.2524697891527,-1489.3363616962067,-709.8963873473269,-206.89773646522497,-230.9926772777165
-249.06436164605535,766.1484535873913,-835.490291113121,-1484.9925597797378,-658.711814523836,-176.5987597572621,-213.38087705346672
-114.10938398232044,683.4391876120908,-889.2120056368167,-1466.085932035239,-602.0941949907375,-147.12857290827893,-195.34424878222848
32.59174357516194,593.4023133716387,-938.8583150619644,-1433.9289948929354,-541.8551578041032,-119.00977351962138,-176.98198198153796
185.77609381212966,500.2740851973235,-983.1978936155678,-1390.154759697211,-479.6895356762186,-92.60387233987902,-158.3635258579884
340.4579933746592,407.5935637894123,-1021.3836331211635,-1336.5734321298644,-417.1002552971702,-68.12180850465379,-139.5347553081474
492.2455095343895,318.1188928142675,-1052.9659578358273,-1275.043679466363,-355.354637372513,-45.64449568878422,-120.52514300488875
637.5348942037309,233.83458673582643,-1077.870459401123,-1207.3676893870338,-295.4683336317221,-25.14880278604906,-101.35510602841973
773.5926700861233,156.0153058615955,-1096.3492980071637,-1135.2138340902115,-238.21060623966952,-6.534950093408128,-82.04287639923618
898.5484821445044,85.31527749315902,-1108.9157612098315,-1060.06638165268,-184.12389796752808,10.347655956481105,-62.61046217118489
1011.3262184025295,21.860727089844765,-1116.2700076477104,-983.1988627529767,-133.55125223544596,25.677929849425624,-43.088476841534195
1111.538493413993,-34.66781155955295,-1119.2222786959042,-905.666383801738,-86.66656111979881,39.64463563123354,-23.51978886209951
1199.3635851050078,-84.9679479112458,-1118.6183764622435,-828.3120051166052,-43.50430846457027,52.431769017563056,-3.962062995437968
1275.417186299838,-130.0610659287694,-1115.2712251928958,-751.7827766254487,-3.98703741229437,64.2070898172802,15.510673214409639
1340.6257071748591,-171.24595645923472,-1109.9017487278484,-676.5517136117733,32.05000706669003,75.11286464750845,34.807296773448144
1396.1040434895833,-210.0540652629192,-1103.09179225754,-602.9426519221325,64.836783492818,85.25788400157754,53.81958583301897
1443.0385865962205,-248.20059328483183,-1095.2510371914816,-531.1554948805701,94.64815016495652,94.70999557061404,72.42291188674642
1482.5753115855553,-287.5274164755492,-1086.5985704391455,-461.28994221323546,121.78437878905964,103.48869490429212,90.47769053837209
1515.7125915825395,-329.9358162578753,-1077.1579839365013,-393.3665060471286,146.55148974370647,111.55771008047051,107.83176823988072
1543.1987695948646,-377.30846253549953,-1066.7629111635986,-327.34454379922795,169.240560928311,118.81801019938511,124.32404294313038
1565.435614448197,-431.42019251807676,-1055.0683499771574,-263.1381161754323,190.10550091723653,125.10226928447938,139.78972057284574
1582.3909482335862,-493.8355088807817,-1041.5627186424895,-200.63150284988882,209.33935660427954,130.17251786212455,154.0676553097805
1593.5272943086766,-565.7878648998654,-1025.5769866855906,-139.69685692807946,227.05008858930944,133.7234424256126,167.01014714389134
1597.758340064588,-648.0334296348639,-1006.2906302235549,-80.21640877549041,243.2378838810827,135.39437380011958,178.49529974315652
1593.4505889878283,-740.673022927272,-982.7390767337334,-22.110604369253878,257.77737025941235,134.79314318980522,188.44151385987112
1578.4920116234828,-842.9435019027293,-953.8323838104261,34.628415378726004,270.4092890319517,131.53429431292636,196.82290178616068
1550.44997606056,-952.9959523119096,-918.3981671850794,89.90119591342489,280.7468578890821,125.29225718345256,203.68345784143085
1506.8339342063014,-1067.7011038789265,-875.2612213346471,143.46900974500593,288.30169874286923,115.86685979880039,209.14694428727097
1445.461706661794,-1182.546231594373,-823.3665729196583,194.93310959354807,292.53234347852265,103.25425876461063,213.4190010954054
1364.9017344442482,-1291.701985215879,-761.942082814573,243.73286604119892,292.91474972098445,87.71188151346203,216.7783338908659
1264.9315469816052,-1388.33050664268,-690.683221901773,289.1684769507892,289.0292446311082,69.80271582212521,219.55521913155465
1146.9238368084066,-1465.1701790242291,-609.9298830843611,330.4499421296568,280.6528037647325,50.403896827241674,222.0979366288372
1014.0578670017409,-1515.3688827808578,-520.7972292166714,366.7687446575766,267.841085581979,30.66827192076363,224.73065519684246
871.2663411268888,-1533.4600356556716,-425.2230350147696,397.3834488789737,250.98292334849194,11.935624130859594,227.7089781420018
724.8707677584174,-1516.307154217419,-325.9041971585784,421.70667578114796,230.81237215929806,-4.398879982589705,231.18090576933335
581.9255029377538,-1463.8092636639215,-226.1138228244548,439.37982315886404,208.37020222109464,-17.040489423344297,235.1607112663505
449.36476210173566,-1379.1802384091814,-129.41375948307314,450.3239166200598,184.91672827859904,-24.94878020097056,239.52099517766584
333.1045173716896,-1268.6931297751914,-39.30012539420136,454.7596325450338,161.80852849968863,-27.462093234373924,244.00447807769797
237.27163030429568,-1140.8989669187035,41.16436522235,453.1955303320798,140.35978278088606,-24.37057685939783,248.2529358726428
163.70688886850934,-1005.4555866756883,109.67207307760475,446.389174389725,121.71201669180081,-15.927250463398508,251.84727954536135
111.82429701565361,-871.797589611088,164.89401882339058,435.2896029404309,106.73291833038878,-2.8000886539455223,254.35107720273976
78.82733808040464,-747.9137708591388,206.57147076107364,420.9706930061561,95.95662960576716,14.02020168480098,255.35017216325724
60.210368821992205,-639.4631241451706,235.46646175877925,404.5635054353025,89.56729288350243,33.33558409763498,254.48315252827666
50.43034478191127,-549.3677666276076,253.187656400513,387.19263416919705,87.41817487469496,53.85818814003315,251.46045444676602
43.62780871061546,-477.9016340188777,261.92826051785596,369.91832519137495,89.07330846761049,74.31428732209972,246.07283891314222
34.299085306666676,-423.1840049327578,264.16364820443493,353.68396440359135,93.85855018845636,93.52729707030193,238.1920509438695
17.857487049555683,-381.91579129519704,262.3568272616125,339.2681880815769,100.91347676121786,110.47989917097306,227.7672375974716
-8.946757747319062,-350.17676486568973,258.71133205455004,327.2422801375625,109.24225370255444,124.35989774959327,214.82021741538304
-47.7599599818444,-324.12849867741096,254.9970765283549,317.93589435600825,117.7674883437639,134.5949028773761,199.44136941121712
-98.51924031598368,-300.523414316667,252.45910899572223,311.41627417788027,125.39363739617673,140.87814966419705,181.78632645034315
-159.51590693182763,-276.9836621791873,251.80538441343015,307.48688157009155,131.08469159161,143.183584128759,162.07236818476497
-227.6324648949239,-252.06709631574432,253.25954761713155,305.7100226697059,133.95525925035116,141.76499052699205,140.57278516878262
-298.7429485860225,-225.17174899541334,256.6588603817471,305.4547668022315,133.36689638065175,137.13307833078375,117.60764826138148
-368.24108270525244,-196.34353716290698,261.5754249365674,305.967057506999,129.0152907860686,130.00668388550346,93.53023959043
-431.6327469120737,-166.04868529328357,267.4400039463449,306.45474513650083,120.99105556529383,121.23895788328974,68.70957943135636
-485.1090387802371,-134.95906695916233,273.65129480887026,306.1776492430082,109.7986183004793,111.72509176450879,43.51064066164915
-526.0128493728675,-103.78144009805669,279.65892314938645,304.5324696919241,96.32369434720066,102.3029570698393,18.27463975283164
-553.1285606464605,-73.14457351005888,285.0151504784614,301.12432239484764,81.74849342080118,93.6604871849608,-6.697983103886273
-566.7575491388718,-43.54365164209776,289.39763801043,295.81991976315373,67.42285391147549,86.2630041166122,-31.15967453248088
-568.582607334712,-15.329772984839153,292.6125312579393,288.7804704765138,54.70678630604624,80.31021168595842,-54.92163288661446
-561.3613729675318,11.276016986900771,294.59225260136355,280.47383594534534,44.804060892672055,75.72724809967531,-77.85322355382469
-548.5136191749219,36.1694272020727,295.40418186596173,271.664634984088,38.60715853704562,72.1884154283411,-99.87583354479531
-533.6755870555094,59.375455251854916,295.2835159252101,263.3781967385623,36.57168656184314,69.16732670237892,-120.95285268215963
-520.2872722399173,81.10495504473792,294.6952900840098,256.83099431170194,38.634316506078875,66.00416862690057,-141.07781087587298
-511.26030707423615,101.85810656627052,294.4171850933401,253.31865772067775,44.18352702154337,61.97992215442869,-160.26255032287787
-508.75097460116393,122.55374116574808,295.6182801523903,254.0551530097879,52.08770194957319,56.38850547421842,-178.52675741399682
-514.040612259615,144.63418251185135,299.89318005809076,259.96479668720366,60.78072650111915,48.60029396900842,-195.8894111440885
-527.5081534444071,170.06867752548226,309.20158102342737,271.44255358859175,68.40100454896697,38.113534036138304,-212.36196692149434
-548.6688425418081,201.16770686846354,325.6669625109047,288.11561973772496,72.97543119933988,24.59302175594206,-227.94262721588976
-576.2498757395269,240.14095043691378,351.2104476423964,308.656482557347,72.63500250845578,7.89743942230578,-242.61102599085606
-608.2777406775438,288.3949919043064,387.0389450516973,330.70850558484244,65.84347160174173,-11.902452759474357,-256.3231165043964
-642.1626999299226,345.67138810310166,433.0653911784677,350.9829627747972,51.615349043343855,-34.51309237816433,-269.0068765573553
-674.7816139511833,409.248088119396,487.3988941783499,365.5660871336772,29.695762326398295,-59.41482835208383,-280.56033670953747
-702.5778854337582,473.52013920196123,546.081159160886,370.4348621624174,0.673811469735881,-85.8683114944354,-290.85399109288113
-721.7113831758461,530.2792875496142,603.237627423131,362.1261585526825,-33.99535277663654,-112.93490601835181,-299.73947847765976
-728.2950025203226,569.8800913240791,651.7403581929049,338.44785588916625,-72.07549874570577,-139.5164622328823,-307.06531416856717
-718.7420666001851,583.2129987136047,684.3481327491903,299.08052863132036,-110.74295696565483,-164.4188107528093,-312.69852716020245
-690.2181911077687,564.0724715999281,695.1283593033148,245.91195221873926,-146.87311077163196,-186.43992224632842,-316.5488038341036
-641.1476994489173,511.2412904900991,680.8292818092698,182.984844167342,-177.38642934010463,-204.4780990589485,-318.5899261994545
-571.6810421831366,429.552871637952,641.8194417048894,116.0181851224669,-199.60726928749617,-217.64899719019868,-318.8727075653911
-484.00336778441203,329.4216876345182,582.2829499115062,51.565823001551756,-211.58291437871824,-225.39462561296486,-317.5247549722568
-382.37082410150066,224.80537997934766,509.5483877000617,-4.026949561553664,-212.31446228508943,-227.56484323793964,-314.73514384582415
-272.8061818300597,130.11198000923275,432.6804218327147,-45.648893704947355,-201.8650274663295,-224.4538062197823,-310.725772465316
-162.46048951227917,56.96316248098361,360.6886045061103,-70.20988251553979,-181.3316153673638,-216.78055200388008,-305.71465387326504
-58.731130556770616,11.79120966597445,300.82316773958956,-77.02897603627991,-152.69035287135577,-205.61308366855576,-299.87857608364095
31.708210444834286,-5.05184872884287,257.3896252992545,-67.76486710857668,-118.54531111521413,-192.24630115153985,-293.3227236571988
103.78525115353398,1.4690467623493078,231.33959440428637,-45.9417277526218,-81.82452517305856,-178.05288430239827,-286.063010157246
154.65673902407477,23.08496854450783,220.6530927667601,-16.211421575106584,-45.47060120645611,-164.3304441798512,-278.0237042948214
183.98896131338623,50.738094144733594,221.30652081912564,16.465660440006076,-12.167649500876792,-152.16714067469456,-269.04950592517736
193.87127959453144,76.81422986546674,228.49182460061303,47.54969067517274,15.86636722605573,-142.34246057188142,-258.92855828438695
188.41263301031591,96.53925525799998,237.7437393901618,73.44042467523877,37.00858296097164,-135.2721117917298,-247.4215774575113
173.11658853987598,108.34850669151241,245.72433592429178,91.7365303897837,50.28310119861325,-130.99841930697835,-234.29238387499294
154.147018290857,113.37516885481597,250.55754452128414,101.25201649533666,55.34831337332646,-129.22192762275432,-219.33620569243135
137.58941258813218,114.4081293114693,251.74563763062986,101.85249955736838,52.43754010840408,-129.36666235681264,-202.4035455348877
128.7927829384226,114.71317655458547,249.79507186979055,94.19304110920541,42.27090318067451,-130.67012822046226,-183.4185872187549
131.85358436327908,117.03125533413166,245.71578577424776,79.43412026391083,25.952617778769593,-132.28854239495942,-162.3917661656681
149.28092002801935,122.93045584013244,240.54341523950006,58.991560661873876,4.862665964188793,-133.40711824356353,-139.4262581840312
181.86164037829454,132.55515183445658,234.98780072427334,34.349958837826364,-19.452786876205323,-133.34420747792066,-114.71801678179884
228.72294897808715,144.7212319239898,229.25532642876746,6.945539366457183,-45.39040295593155,-131.6373452176155,-88.54894782269882
287.568041829669,157.25844998239555,223.04336759077188,-21.891957552470757,-71.39631649391465,-128.0997484128347,-61.273106352667305
355.03926524634613,167.48965748775777,215.67083709258048,-50.956643676891275,-96.0667067519534,-122.83851212508611,-33.29649882768061
427.14780864621844,172.74656636265797,206.29113621870619,-79.16223588882664,-118.23596119757823,-116.23088921483321,-5.052031730931887
499.70383188388354,170.8401362251206,194.1302850052069,-105.53164853090723,-137.0441724244397,-108.86193788072981,23.027924037841082
568.688672506562,160.4241631154712,178.6997321193061,-129.1902437185372,-151.97569348530422,-101.43394385697016,50.53830529478333
630.5300830574645,141.2116776410022,159.94653569342586,-149.36691404780032,-162.8629289508166,-94.66345649926603,77.12442005714973
682.2673357850167,114.02598372411464,138.32008324999495,-165.40269041278384,-169.8542607424775,-89.18388490109734,102.49889373349872
721.618525922232,80.69162915143076,114.75153581561449,-176.76379837446916,-173.35106007196825,-85.46962345321128,126.45121093294858
746.9809080625073,43.79327787999867,90.55716406343521,-183.05519933218454,-173.9246573993776,-83.79204933055354,148.84986770043184
757.4024519197412,6.348345923189456,67.28734206119307,-184.03157565313802,-172.2282812353954,-84.20998870835032,169.63827129746
752.5582764948481,-28.552249685475076,46.547551303286355,-179.60509179283034,-168.91990848349158,-86.58954102476164,188.8261725361122
732.7516847117122,-58.08481514006991,29.816171899251067,-169.85227710547136,-164.60892881896785,-90.64257882532897,206.47845837776424
698.9407195984994,-79.98009748662344,18.27794459198669,-155.0246959707888,-159.83278142244706,-95.97118514343555,222.7026474807874
652.7727199843583,-92.74268750547031,12.685369730327523,-135.56807158234002,-155.0607479625171,-102.10700825414747,237.6356781161877
596.5960021911449,-95.80361329927715,13.256967978464132,-112.15093661825702,-150.71337699855064,-108.53911252605425,251.42990875890655
533.413053366301,-89.60658925535682,19.623502638863883,-85.696654621965,-147.18046771472007,-114.72968694038869,264.2379873404441
466.7453893849549,-75.60876042493081,30.839418876138254,-57.40365835032574,-144.82048510769323,-120.12202051938348,276.1965537417052
400.39644622921054,-56.1484844135459,45.48110892877037,-28.73170088621103,-143.93048351146402,-124.14793944518345,287.4095608531273
338.123146315822,-34.11979056579628,61.84824024670209,-1.3312579914150717,-144.68670424104735,-126.24173429265895,297.93304101032555
283.25416697049945,-12.422909924550353,78.26363654679292,23.097825186121952,-147.06864954676112,-125.86478219104083,307.7639675478564
238.31633937348582,6.755836094605371,93.43250242268124,43.013803514803556,-150.7893365757776,-122.54069568196775,316.8360287017239
204.74220871151317,22.665055925446737,106.78385681148902,57.27810390186801,-155.2578860625383,-115.89642078022754,325.02438143537114
182.72552499575414,36.44761237122465,118.69329900788,65.388012067515,-159.595860001572,-105.70168201218144,332.15983172542616
171.26576918460728,51.074301326935355,130.4933886435005,67.6365376454167,-162.7167723081164,-91.8984307809342,338.05077976302573
168.40253263339594,70.61789340904946,144.22293136135522,65.14569334487304,-163.4622936198376,-74.61363453985349,342.50929581336777
171.59631095143354,98.97136614909793,162.14052628257446,59.74394186052325,-160.77344428483232,-54.15223992210805,345.3765050410998
178.17743075733298,138.36866548660538,186.107262860764,53.69534877918966,-153.86484001801702,-30.971341056246203,346.5424895588947
185.77062383158102,188.21544067400447,216.99855597301033,49.32664489366613,-142.3675675331059,-5.640254835884136,345.9572000815626
192.61369524890998,244.6908229523386,254.31213291798244,48.627177033876336,-126.41200733551094,21.20660209172042,343.63102244387085
197.72057771965788,301.3354660022537,296.0915411853033,52.90650510734149,-106.6341792984154,48.916819379609635,339.6260008827534
200.880592024488,350.4890534826844,339.1964632417761,62.58188167049127,-84.10473009293906,76.8611963555175,334.0405883092835
202.52338383991545,385.1311820737296,379.8524295585985,77.13662870286146,-60.19472693175808,104.46545544944156,326.9917052992921
203.50227446207955,400.54421387493676,414.3367168504297,95.24971346641556,-36.40361766262268,131.2313089005446,318.5977407388829
204.85372893491365,395.305193403901,439.62830082480104,115.05828916298171,-14.179898882754571,156.74760650977373,308.9651619245037
207.58025310360998,371.3749163393118,453.8735493738837,134.4889040987792,5.23638010755144,180.69331259489394,298.18006338332907
212.48547710740533,333.3655678457818,456.58292746311406,151.5852902225572,20.927173859546002,202.83428131042598,286.3047181769316
220.0711632690865,287.30762899650676,448.5524513385663,164.77102813359443,32.354428782140275,223.01553614356874,273.37830079329234
230.49164203134745,239.32622006334074,431.57086398234674,173.00868607792046,39.362113266769256,241.1503755126164,259.42051999266977
243.55349446542328,194.57499727646803,408.01169476624835,175.84514279464537,42.13141547680951,257.20736646285866,244.43685900437498
258.7461861943456,156.61928072933162,380.41364596715226,173.3577211231953,41.104317417958384,271.19620958091934,228.42431618903936
275.29068030264784,127.28732861648815,351.1300144908179,166.0319693209346,36.89278049562475,283.15346927872304,211.3768260520146
292.1959030986572,106.88156199317216,322.0915343618436,154.6075303127201,30.18916539789643,293.1291278412138,193.28982921333585
308.3162154891137,94.58665696619104,294.69084069477265,139.92495065066004,21.689403943423486,301.1747598013042,174.16372220735786
322.4063368414017,88.92147680546681,269.77019320753925,122.79694857193704,12.035275727324944,307.3338658561059,154.00615985713802
333.17324915707826,88.13032069234774,247.6807455094806,103.91649089934556,1.7772282017326972,311.63467577141074,132.83341104612077
339.3270629420613,90.46688306640199,228.38009595221416,83.80413898786767,-8.644564404001585,314.085669811593,110.67116726662796
339.63402373827483,94.37105076501396,211.54092843582882,62.790240012737215,-18.905338722897994,314.67424596869944,87.5553311094358
332.9742235107652,98.56530223455894,196.65259214808367,41.024026942442795,-28.7920137032136,313.36929802504704,63.533317260004864
318.40406093247606,102.10447795958667,183.10591941635207,18.500985707739414,-38.19468864159654,310.1287324534525,38.66624520111476
295.21968853454274,104.40555688056955,170.25763708616213,-4.899002420739777,-47.09572324629406,304.9128141254381,13.032094758246771
263.01387202035676,105.2695987602983,157.47426516871312,-29.36816278359582,-55.55665976185668,297.70340932151043,-13.270508267026656
221.71644090380852,104.8922659851521,144.1574480865438,-55.12512034564001,-63.70136182346127,288.52761660855685,-40.11859940655575
171.60914708946478,103.84711322755405,129.75465592602268,-82.36818980209348,-71.69263702030901,277.48220943506936,-67.36224081109773
113.30980560082148,103.02081848088868,113.76209544317531,-111.22771585200881,-79.69978455684618,264.75339058552447,-94.82388553253048
47.72752567052507,103.48437707111313,95.73022165640168,-141.71759310477472,-87.8562825224006,250.62543733860065,-122.30033838186351
-24.000939199560957,106.2999946648767,75.2845703557598,-173.68772501283468,-96.21014614963075,235.4726905561897,-149.56729527325388
-100.57647394731093,112.28793544354855,52.17270709746751,-206.7822848731508,-104.6737395985681,219.7323659064456,-176.38571160172813
-180.58349094976896,121.80419354836104,26.339263563097944,-240.41239707884284,-112.98377991295777,203.8604528181443,-202.50863980489353
-262.4970694021355,134.59695317818066,-1.984598399070535,-273.75457430595355,-120.68426938179947,188.27831273002838,-227.68693756063817
-344.6401555260115,149.80392806944437,-32.20858415155641,-305.78574199953505,-127.14353984112992,173.32173893119597,-251.67255771557888
-425.0939433353527,166.1156376189646,-63.3691301423564,-335.36023521347914,-131.6107075539038,159.20546982858005,-274.219007568097
-501.58290633056504,182.06740945093,-94.20823789835683,-361.323761454445,-133.30733419438837,146.01346281013508,-295.07982062371485
-571.374320720757,196.3598555634082,-123.35090820443816,-382.64656315058807,-131.53940915217336,133.71891771361723,-314.0071386484316
-631.2448221014512,208.07977275575354,-149.54347566864809,-398.5477379982792,-125.8065382708557,122.22974290913913,-330.75327451103783
-677.5672424311653,216.72862400534345,-171.8767357485905,-408.580215931169,-115.88295821040825,111.4474582863221,-345.0779887490371
-706.5547171910991,222.0601296720852,-189.90764705577143,-412.6543213488462,-101.85049726052134,101.32303604034226,-356.76296841930946
-714.6648989314592,223.83754904494205,-203.6249900301746,-410.99571494704503,-84.07584210315193,91.8935533957233,-365.63281850181295
-699.1204724469352,221.67874063507907,-213.26949183357524,-404.0545672146077,-63.13962196234961,83.28882098130995,-371.57933328428646
-658.4552381324048,215.11678404500788,-219.087786945487,-392.3984138929362,-39.7376455411242,75.7057333019803,-374.5837444176318
-592.9641460259886,203.87714428423962,-221.13525627760828,-376.62432741651463,-14.580630189557203,69.35724336058053,-374.730874740078
-504.93558265564354,188.2303180010683,-219.2229628137278,-357.3152058382718,11.683871605715012,64.4097507492474,-372.2101566873209
-398.58129242754694,169.21102224701215,-213.03585260672017,-335.04493338669135,38.51334678263251,60.92533204145374,-367.30120613932996
-279.64685162301515,148.54884596760732,-202.36736989498908,-310.41681032332855,65.4746523307646,58.823131935993814,-360.3453506308654
-154.76437339880601,128.30233096914375,-187.36145831101985,-284.1075805627256,92.22032742577842,57.868396097162545,-351.7080583035805
-30.673824998453668,110.34205680091043,-168.6521549518948,-256.889831196273,118.45213532587604,57.69012551969752,-341.73946803611636
86.53136044511825,95.90107881283605,-147.3399433469579,-229.6168105444722,143.88680352084816,57.8214871004005,-330.74048736954506
191.99339639472504,85.36919917156285,-124.81472444622638,-203.1697402371313,168.23415933715881,57.75272987304699,-318.9402056020779
282.42432214079827,78.38524714158932,-102.49323178383976,-178.38144317789803,191.19135424384737,56.98522817605949,-306.4873308901904
356.1640371133245,74.15123922513801,-81.56136556537999,-155.9568231115713,212.45125437549933,55.07711028901751,-293.4550326457806
413.00368146665676,71.8173367637713,-62.79694063476498,-136.40947198312594,231.7198602675965,51.67464366941243,-279.85593362267906
453.8556861632478,70.78938287782718,-46.509906641423825,-120.02675954321819,248.73697533006225,46.5277444534173,-265.6626404616481
480.3626402503742,70.8718461491839,-32.59510145876337,-106.86690483620156,263.29548567553775,39.49146009779453,-250.82919866920784
494.52354493452935,72.23788077881072,-20.66251346491343,-96.78399548070786,275.25645120277915,30.517352549426516,-235.30985466935266
498.3889508090541,75.2789584559393,-10.198131578255243,-89.47241625456415,284.55887551563643,19.63928409511154,-219.07295598909067
493.8474627966789,80.41188658374121,-0.7127147990762239,-84.52078367764162,291.2241188240962,6.957527756937155,-202.1092182998019
482.50321678912985,87.91303517708504,8.15025402475598,-81.46638261988367,295.3554489808871,-7.376057453303169,-184.4346279597348
465.63035889897213,97.8216724909046,16.559514104754342,-79.84314933345155,297.1333995702341,-23.170307494800408,-166.08884915209342
444.1854901112711,109.92202512530731,24.491667318343602,-79.21858844017136,296.8076317549232,-40.20401440549559,-147.13024727583672
418.85966044915415,123.78855106569713,31.765909794002056,-79.21720545109676,294.685987748666,-58.23232049574506,-127.62867301801691
390.1547821164701,138.8662086111746,38.1021111540891,-79.5299491340931,291.1213855274057,-76.99071377116258,-107.65710725812002
358.47305965007587,154.55693633160735,43.18661332869722,-79.9107909892799,286.4971024032733,-96.19723959494095,-87.2832205340894
324.2110085569354,170.29137381214844,46.732888952162966,-80.16292500663764,281.21081863989417,-115.55366380141992,-66.56186542090174
287.8514289775946,185.57608117834258,48.52803590018613,-80.11810785031884,275.6575861464298,-134.746492098655,-45.52946719304663
250.04731987296879,200.01673693583007,48.45983525314004,-79.61330938931209,270.211741655723,-153.4489547131346,-24.2011641800975
211.69135654239548,213.32415583978687,46.522228770954946,-78.4690494084187,265.20779681453456,-171.32520629660522,-2.5713392388609027
173.96352825378295,225.31150509669712,42.79961528876649,-76.47353575162639,260.92057388389,-188.0379247806473,19.38213445100378
138.34832096053105,235.88853609240795,37.43268662259074,-73.37599843717396,257.5453199029598,-203.2600840505474,41.690020140782174
106.61211135578222,245.0539146527874,30.57096289196558,-68.89144703064889,255.17916426877022,-216.6908653344599,64.3807622589695
80.7320593677801,252.88229325691154,22.319754173455447,-62.71747426587248,253.80597089515962,-228.07454105931936,87.46743872675671
62.770608236178745,259.5009221217705,12.691533846423297,-54.56172525164719,253.28722113721793,-237.2199636927404,110.9339696632063
54.6953354318309,265.05279473530254,1.5729329991410808,-44.17640981753766,253.36185497685813,-244.01741575332122,134.72214246893705
58.15238219672761,269.6496347106744,-11.281904162615469,-31.39417378490151,253.65776698402178,-248.44945720794902,158.72103510794298
74.21221557248923,273.3268104463585,-26.223301712271542,-16.158513004371855,253.7166586006831,-250.5933319952245,182.7602432886669
103.11728976654024,276.020069913471,-43.63937937071783,1.457346241801531,253.03201373809713,-250.6144171106423,206.60797038556925
144.0697610224245,277.585876804911,-63.85288061479655,21.245907842750086,251.0971325101612,-248.75261091865912,229.9745780021306
195.10101378882814,277.87783714319477,-86.99208816675336,42.87258213437153,247.45687233338668,-245.3055680246845,252.52169117835444
253.06112598385013,276.86846338608143,-112.85770995694239,65.88634236559093,241.7539577916851,-240.6133105524032,273.87647140197527
313.7545790284284,274.77250816804195,-140.82075703709464,89.72324656709127,233.75975918852038,-235.04736734163652,293.6502557798093
372.2293671312226,272.1001471083385,-169.7964237489162,113.69640506640299,223.38154669472652,-229.0044094723603,311.4604222135799
423.20290242600277,269.56877280907906,-198.33628138521377,136.97752505028873,210.6438380837132,-222.90051668777784,326.9540589168335
461.58380810986625,267.8505694775249,-224.8556402654852,158.5901585324939,195.6495445039028,-217.159516871177,339.83176045996936
483.02832713788604,267.225037576669,-247.9628610158963,177.44480741398485,178.5345550200517,-212.18896696818214,349.8696250795257
484.45760349936467,267.29968756724963,-266.79752196416496,192.44185811589466,159.43370027155612,-208.34096811446778,356.93731597421606
464.4602631824965,266.99120383285947,-281.24584945647865,202.64586924459678,138.47386883758477,-205.86125709020027,361.0099589912387
423.51479152083084,264.8730059868139,-291.9177207686356,207.4999405594486,115.80090457382359,-204.83660753533297,362.17181612343114
363.98788550975587,259.80858373360445,-299.85119188029466,207.01722608901412,91.63344730505523,-205.15469497170858,360.61023955306354
289.89628760427337,251.59832728259005,-306.0308863224795,201.87614749665724,66.32425181653608,-206.49013828377647,356.59944959720576
206.4566271538028,241.29766765404918,-310.90692185537824,193.36672498964785,40.40326103347928,-208.3250687753725,350.4751276676422
119.48439384137379,230.98686392710727,-314.1223185804932,183.18269405541855,14.580088030930654,-210.00391985720398,342.6024318015822
34.73164503488372,223.0393493192002,-314.57790302796235,173.10850595280473,-10.304154505175859,-210.81312599487546,333.3414430974214
-42.73414565130177,219.1974733271118,-310.81900420103545,164.6879501258821,-33.369128709702906,-210.07011036633665,323.0148169744468
-109.01535343080218,219.8678529513251,-301.5900212585132,158.96577951400448,-53.810554986127826,-207.20424706108457,311.88224135580276
-161.66661396982937,223.93663854862285,-286.3391143146206,156.3649435157648,-71.01026789657979,-201.81556269510304,300.1251425336179
-199.7490107614657,229.15127135115875,-265.4909165419154,156.71427526555019,-84.6151471079625,-193.70333631391375,287.8431747768576
-223.67541392436863,232.86688294239298,-240.4127227703057,159.39549500860633,-94.56911621982853,-182.86415534304487,275.06185900920224
-234.9027294157073,232.83573049034527,-213.1206506965485,163.55078056042578,-101.09590179171721,-169.46517960142506,261.74884829880415
-235.54644028969153,227.76002274752557,-185.85290931054374,168.28883923085164,-104.64231824985481,-153.8019658696719,247.8351302582586
-227.99302200945127,217.47632730949232,-160.65383015662061,172.84356697485993,-105.7990843480189,-136.25090132210497,233.2372210400733
-214.56988729013628,202.80108190860426,-139.07482697239706,176.66426397449266,-105.21753216688847,-117.22466890664926,217.8769787866438
-197.3077070826821,185.1702824600902,-122.03652516347655,179.43938470306588,-103.53712559159808,-97.13626658795535,201.69677542699617
-177.80438489470905,166.22984664506617,-109.83973618648574,181.07050822439888,-101.33271785765025,-76.37398127227348,184.66904339278892
-157.1799172436801,147.4959522956538,-102.2790612324786,181.61828658292598,-99.0842697231448,-55.287138936913195,166.80033265685734
-136.09990102711856,130.14323635455506,-98.80421772157125,181.23985886449438,-97.16694194888376,-34.180775186045054,148.1307744855164
-114.84242950897664,114.92385656155972,-98.68342559129178,180.13125075874723,-95.85672868509569,-13.316606729131138,128.73019835868266
-93.38633210852447,102.18706217868882,-101.1402296941182,178.48180270297172,-95.34597103457111,7.082368768626502,108.69215018948815
-71.50518688693754,91.95775913884921,-105.45187670507312,176.44258865111757,-95.76359642029766,26.825935870978704,88.12683758266152
-48.858609059620754,84.03658451334024,-111.00954784355538,174.10773658309793,-97.19608885361288,45.75111142376525,67.15371559789308
-25.07818284677068,78.09487687149016,-117.3474278205326,171.5063401222596,-99.70646249397849,63.71811997350936,45.894133742848844
0.15085259036191445,73.74948841997272,-124.14972321888946,168.60270055575432,-103.34956472347491,80.60851277687456,24.464262168498664
27.009667884790183,70.61154465440687,-131.24389861352412,165.303370064288,-108.18276333265396,96.32561031652696,2.9684348575365114
55.46600081612421,68.30937818465688,-138.58599939576482,161.47039416608766,-114.27150823044249,110.79707345690991,-18.50690728375312
85.19550812629006,66.48970311550985,-146.24100651121128,156.94090030467683,-121.68950713178945,123.97907373408944,-39.898339319350875
115.5097046897194,64.80387475641993,-154.35841965194015,151.5534478639178,-130.51343758738588,135.86123452092207,-61.1690869014647
145.30115260772365,62.888775438814626,-163.14123322807163,145.1810915502119,-140.81233123944077,146.47128097772028,-82.3103841876142
173.02194606528232,60.3546869819714,-172.80567020033592,137.76975689480653,-152.6320615154935,155.87823102028415,-103.33959221649972
196.71570801356617,56.79451923624627,-183.52995880126392,129.37833332983053,-165.9757424086273,164.19306355661277,-124.29409040214506
214.12444601413546,51.82786071177657,-195.39333763608238,120.21426935642387,-180.78126122529744,171.56617948518655,-145.22017513091592
222.88757338820932,45.18688974105824,-208.31104106469783,110.65628561069812,-196.89756720998383,178.18162652252914,-166.15674604433855
220.83926161927778,36.83770346359137,-221.97601992123833,101.25536731319141,-214.06169628529716,184.24887988372535,-187.11446211977727
206.3911786197702,27.111870200727864,-235.8214361303094,92.70769657740507,-231.87887520653126,189.9937133868349,-208.05224771588496
178.96180176380346,16.805677423758425,-249.0171004744135,85.799122678981,-249.80853444360224,195.65001989325307,-228.8543464173606
139.3850530099429,7.199135521298658,-260.50667260668524,81.32907504644305,-267.15979049997867,201.45402378477655,-249.312257369927
90.20731849770561,-0.03759992813773749,-269.08196439390554,80.02954182038516,-283.1009126129895,207.64104208252346,-269.11645838308976
35.77245655861681,-3.0463883065551016,-273.4806898517916,82.49776530259604,-296.6881176523373,214.44303288592616,-287.8624378064591
-17.99170653407542,-0.04567884816054857,-272.4906643951791,89.15642115470888,-306.9189731754817,222.08329489094262,-305.07396858697973
-64.1294708227014,10.41168014372434,-265.0504718706718,100.2424876939959,-312.8136884876883,230.7638247088091,-320.24377450235863
-95.53151844694449,29.241695226994153,-250.35089085443084,115.81095049724965,-313.5227802899144,240.64190222561618,-332.8881305836816
-106.02045582531719,56.701506319226056,-227.95220025616766,135.73063746682854,-308.4520276029234,251.79578371791683,-342.6082329613527
-91.4651285956391,92.29622506559373,-197.9270809005219,159.65442953800846,-297.38674741507594,264.1842831189446,-349.1483186214669
-50.69676717568226,134.68864334477794,-161.012517468262,186.96553993993274,-280.5901786228455,277.60985369421553,-352.4394428020616
13.993037658822992,181.6371089474227,-118.71818849425614,216.72648848459497,-258.8487649984318,291.6973867007563,-352.61914144300925
96.9265576373489,230.05476669057663,-73.3179654279726,247.67251869339646,-233.44308280467172,305.8995879412223,-350.0209571576078
189.7254071043675,276.2923383974434,-27.668325132824208,278.2839639435646,-206.03722503972978,319.5341169962189,-345.13335285409426
282.5094387261182,316.66049627619736,15.144553942273546,306.94194203128234,-178.4984524064239,331.84913975426457,-338.53366952900086
365.38928205310754,348.0676593760144,52.253515629171716,332.1328323112947,-152.67705857917394,342.1054516478143,-330.8080278542218
429.96086393619186,368.5525814869926,81.43036497606471,352.64069740953755,-130.18743301257547,349.65806235612257,-322.4710984176573
470.50975661323855,377.5170843154922,101.357835950082,367.66876925176473,-112.23120889726817,354.0201637497047,-313.89968611828255
484.704249232824,375.6045875465416,111.69305809214359,376.86094523475776,-99.49215642216436,354.8977363772697,-305.2910848629921
473.677523103997,364.332740646772,112.94173916240084,380.23562329149684,-92.11415788662703,352.1916194470509,-296.6519369631767
441.53626440621383,345.67011515659385,106.22145160049337,378.0752277621928,-89.75444463956907,345.972482348398,-287.81720131114054
394.4485130299041,321.7105334074753,93.00600954440682,370.82121023119294,-91.69011278921721,336.43987519895194,-278.4932724373973
339.53026716174423,294.4915757655855,74.91499812209099,359.00693617532875,-96.94997617236766,323.87791805044975,-268.31551263583566
283.7580646900779,265.9095124001937,53.56821175431807,343.23285500012366,-104.44591318145493,308.6175599238985,-256.90910690591164
233.09089622777236,237.65519001223768,30.490959419819433,324.16577699872425,-113.08529756052383,291.0104330152274,-243.94319516995415
191.9094171795278,211.12950765739947,7.045812612565811,302.53665798844014,-121.85522406041709,271.4143187262136,-229.1710737013698
162.7979194161167,187.34959944543073,-15.62468338543907,279.1187404820804,-129.8770470681404,250.18681527869387,-212.4529602141601
146.62573350363084,166.88626532774805,-36.64471628857095,254.6826890819703,-136.43473360237437,227.68263079484467,-193.7614322465143
142.8419311944084,149.86640871207905,-55.4321495634717,229.93853827124508,-140.9826522378599,204.2507122508519,-173.17244644316995
149.88294843573698,136.04514021268193,-71.6967009443287,205.48028003132225,-143.138530094378,180.2292626826274,-150.84645189797945
165.6019555322782,124.92368690485678,-85.40746020370963,181.74713501735943,-142.66646762615505,155.9386173642228,-127.0045080671559
187.6523628770041,115.87644005223771,-96.73618161431659,159.00891744597533,-139.45389423457465,131.67325937228924,-101.90375871601712
213.7862833047504,108.25516222796394,-105.98785724942185,137.37537927481245,-133.4855465561973,107.69470628290655,-75.81548168084664
242.0547054090383,101.45322354161765,-113.53041230512574,116.82393758125308,-124.81699521830717,84.2267122612273,-49.00761701772688
270.91534537092355,94.92864268412345,-119.7320682206178,97.2378702749532,-113.54982307091306,61.45351946510247,-21.732475272200055
299.26538714600497,88.19581459565579,-124.91020547033736,78.44750403125006,-99.81015480536198,39.521096319297634,5.780578282920631
326.4204437975025,80.80065655513381,-129.29141676466642,60.268953466923755,-83.73180916995481,18.540661206346407,33.32821872676341
352.0599951841373,72.294017920329,-132.98000826281375,42.53739916244619,-65.44491238985235,-1.4065794764464883,60.733016289702846
376.1554139963713,62.21600188951287,-135.93176422868683,25.133870787683747,-45.07042535058912,-20.264649442343355,87.84100940011163
398.8913150746589,50.101186187923645,-137.9310883416158,8.005634830389042,-22.720734454741695,-37.99904030489128,114.5177814876333
420.5856853317174,35.51225947605854,-138.57221331456455,-8.819470984864154,1.4937682499183325,-54.594798465966036,140.64359321405078
441.60994366736895,18.106815207901604,-137.24852879495313,-25.224904110893803,27.45239264752395,-70.05699088423586,166.10790113755107
462.30729751877294,-2.2623087454536517,-133.1576501682882,-41.00459819853755,55.006704651950734,-84.41374158904745,190.8034414938672
482.9068980955617,-25.42017165140308,-125.33284815618518,-55.87169733960788,83.95896957882633,-97.72164891011778,214.62001115102413
503.4326501942571,-50.734760793917275,-112.71267948189333,-69.47995981427395,114.03831852705977,-110.07294305367392,237.43815633064324
523.6092452394191,-77.00691588952992,-94.25843439795545,-81.4610437836067,144.8775977760503,-121.60320590572792,259.12318099055284
542.7738262538987,-102.43234298397466,-69.12150630463717,-91.47955238740687,175.9952018995076,-132.49786690517777,279.52017870541056
559.8087613758565,-124.68948855133122,-36.84882474966058,-99.30433439947507,206.7874122509033,-142.9950945298423,298.45110454191285
573.1174994956717,-141.19613863074107,2.4049978241482677,-104.88887255327575,236.5373024801596,-153.3822934467065,315.71512786454036
580.6687569682492,-149.54060103515508,47.71060284817207,-108.44629112404384,264.4454340500045,-163.9834442611096,331.0935091981348
580.1313640853716,-148.02985233315127,97.30629660919465,-110.49756529326169,289.68474563321314,-175.13526785200358,344.35989947703115
569.1107452799515,-136.22249537942866,148.70784269783024,-111.86827406316787,311.47708954355153,-187.15186900070285,355.2962045240915
545.4780625914156,-115.26207951966843,199.00949659451877,-113.6135963400321,329.1824467847728,-200.28010995442645,363.71304272746653
507.7575202658876,-87.83741494921658,245.3401206310498,-116.86578153517704,342.3855965726644,-214.65112958247332,369.47254670389947
455.51245828379683,-57.69623580302253,285.369401468332,-122.62193981701247,350.96128428236887,-230.23639871983568,372.51014448985524
389.6547672335207,-28.80917501203389,317.7124464440716,-131.51636932988592,355.10003405046916,-246.8184274058563,372.85137385449883
312.60211293143476,-4.451950904117922,342.08824992798304,-143.64003163552647,355.2838391947585,-263.98565781106004,370.62002734032274
228.2268305610131,13.452324307184185,359.16182319012336,-158.46906457492383,352.2130431882833,-281.15758371977427,366.0350825868953
141.57655556899087,24.477442016455427,370.1201296316599,-174.93894262895827,346.69942033718434,-297.64001927771244,359.3957537329689
58.39136744786553,29.30143531224801,376.14559642321757,-191.65631830205962,339.55092749253924,-312.70306255435503,351.0561709451529
-15.516064165722149,29.00881750807708,377.9982627567435,-207.19282972017265,331.4764154956347,-325.66786054822387,341.39310749825313
-74.92282882454207,24.454050067537807,375.86768034332954,-220.3749039851491,323.0319239128954,-335.9850965112133,330.7713478722933
-115.79817598007469,15.984783009871322,369.529313969697,-230.48561912949486,314.6159971036162,-343.28966852042277,319.51147613244433
-135.75608146322162,3.5973707192588478,358.7017457444927,-237.32928050461055,306.50501291991174,-347.42218763651766,307.8641096778104
-134.2964115513846,-12.645130323427352,343.42130776462795,-241.16108449730967,298.9071763474352,-348.4168089360241,295.99320893733625
-112.80965962866637,-32.21828119474767,324.26526500356783,-242.52969849339712,292.0102217511171,-346.46349956779625,283.9694777583605
-74.35728829640897,-53.990797752180406,302.3449782825341,-242.1008025516142,286.00380728900495,-341.8581970370789,271.77341773708036
-23.271142352989486,-76.38238518608418,279.10079721123964,-240.51952393123548,281.069895789473,-334.9547792373768,259.3065553093981
35.36277709331853,-97.71370409226924,256.0045181229669,-238.3391318010638,277.3476337364715,-326.1286898674981,246.4087894233615
96.26066010472616,-116.567157581939,234.28734015145295,-236.0099966063339,274.88823041835644,-315.7555101898149,232.87963644248276
154.46351846674406,-132.01440480210334,214.77267255058987,-233.90181789383746,273.6174357775429,-304.2015452506635,218.50123699971073
205.76460646897834,-143.66098906313835,197.8360083700606,-232.32919487983798,273.31890461564007,-291.8198873113134,203.06120077779195
247.00042361183574,-151.54576955341514,183.4682539807985,-231.56157389391464,273.6438214771587,-278.9453155283828,186.37361260726897
276.1883724933313,-155.9746430138882,171.39792142244534,-231.81416080367134,274.1441160834739,-265.8841183893076,168.2967794013143
292.5179383765571,-157.36266566489903,161.22859789706217,-233.22812624240137,274.32104278060433,-252.89880772620452,148.74657855917326
296.22148975848415,-156.1270880432615,152.56048003566596,-235.85250113762368,273.6788543510342,-240.19093036188963,127.70460621304909
288.36272722949013,-152.63958108379157,145.0788583772815,-239.63744058101057,271.7743294710448,-227.88660915988248,105.2207376546573
270.58454259306285,-147.2232291673897,138.6035186849304,-244.44248695593694,268.25576310184016,-216.02885242440942,81.41019264343508
244.85452878600438,-140.171868535085,133.10050764481645,-250.05760407283242,262.88836193563236,-204.57866684694835,56.44570246479893
213.23784143771147,-131.77241520955482,128.6626273177862,-256.2311431542556,255.56584465690688,-193.42458216617223,30.545837747409458
177.7163115148085,-122.31920083224892,125.46818167717629,-262.69793755399473,246.30998345086823,-182.39824676974206,3.9609049650845707
140.0621651759254,-112.11799606392876,123.72905773843492,-269.20174712273877,235.26080089870544,-171.29279631969666,-23.042001736803368
101.76618826349639,-101.48312630529225,123.63913580061165,-275.50832118200213,222.66033896010347,-159.880789054594,-50.193225908617904
64.01449988305416,-90.73258809292543,125.3325008049693,-281.4076418582383,208.83259635980016,-147.92935692567556,-77.23269277563918
27.70524353139762,-80.18379221533783,128.858505810009,-286.7060001334677,194.16162704920896,-135.21141045610253,-103.91897100836584
-6.504140275843746,-70.14823771601199,134.17800446315587,-291.2102582443168,179.06910852248168,-121.5128602846271,-130.0346951012067
-38.12768920430638,-60.91952730537288,141.18233533902537,-294.707901480416,163.99208879363294,-106.63662543719394,-155.38825023565596
-66.76716145558987,-52.74813301749304,149.7338234644509,-296.9472440596722,149.36122454884529,-90.40460410942774,-179.81203286581953
-92.02013282941721,-45.79989439259013,159.7233301781173,-297.62238514195394,135.57969139911017,-72.6588432160526,-203.15792022830755
-113.38596250665319,-40.10355934415767,171.13648843559332,-296.3671775158913,123.0030694588574,-53.26299187395266,-225.2907937832046
-130.17624629221288,-35.50391257136527,184.11592262335017,-292.76157549088475,111.92080338604812,-32.10490572215444,-246.08107706723138
-141.43815524327377,-31.64721145803086,199.0028767268637,-286.35232595258685,102.54018119947673,-9.10108250279545,-265.397302376418
-145.90201716331654,-28.02930620184503,216.33983525415186,-276.68815671722496,94.9740452728983,15.796527835208808,-283.0997564728674
-141.9682228472587,-24.128561125697864,236.8178289589199,-263.3675127592291,89.23355805938155,42.59095583516621,-299.0363021159724
-127.75184220315629,-19.62258131956332,261.1598163887263,-246.0946019876681,85.22727073278656,71.22782760660803,-313.0415171577493
-101.20401009103978,-14.652017201906052,289.9453966962634,-224.7371715222199,82.76750087593963,101.58072852193797,-324.9402621468706
-60.324168421265654,-10.05570926830954,323.40077995147436,-199.37730212523294,81.58461637468581,133.43587176133656,-334.55654868745023
-3.4638011948832528,-7.475244205399909,361.1974557256785,-170.3451024992196,81.34917844480401,166.47886665800735,-341.72798584622313
70.30046970272048,-9.232361028960309,402.3167660911971,-138.22534386036406,81.70087870346411,200.2875334132989,-346.3250476077937
160.77553363768328,-17.9326079693487,445.03762017155276,-103.82977889405578,82.28169865700204,234.3352572117492,-348.2730098151657
266.32046048882086,-35.84000121222406,487.0844579790498,-68.13376814678541,82.76881429349211,268.0087653104875,-347.57295419143117
383.667298526885,-64.17346740890487,525.931680312998,-32.18447077162969,82.90093798556207,300.6420983155997,-344.3172306171182
507.9756548073949,-102.54985832714934,559.2080643035424,3.0027621263327546,82.49092845752877,331.5650328835864,-338.6947554133632
633.1632468913367,-148.7923798224702,585.0988726328877,36.53648176136298,81.4186754341136,360.1599847208039,-330.9828605579848
752.492121665177,-199.21728552921053,602.6270291435588,67.70622029830577,79.60218689956355,385.91767849212283,-321.5250316189117
859.3217220597819,-249.33618833468356,611.7231674851391,95.98949413926681,76.9511896384346,408.4800107996109,-310.6971966197063
947.8882899175708,-294.74398117954155,613.0642105525568,121.00949152058354,73.31475561692852,427.65965165796933,-298.8682776737589
1013.9548301235703,-331.8906664851972,607.745771176123,142.4622299525529,68.43974736431821,443.4303300461797,-286.3624597000852
1055.2046060670089,-358.5033589369852,596.9164954595689,160.0447419060778,61.95738827066228,455.88864084519986,-273.43039255445046
1071.3154929105651,-373.599003693628,581.5106707622945,173.41697700735094,53.409457859966366,465.1957914914243,-260.23431240864306
1063.7312572419269,-377.2127933296787,562.1630452031969,182.21777062119708,42.314359487048044,471.51364961515105,-246.8485316151958
1035.2136619703176,-370.06135162452176,539.3024568042149,186.13373289687186,28.260042837304177,474.95167657946166,-233.27303322011255
989.2968481683887,-353.3218757677253,513.3425395023501,184.9981389626036,11.000342532087693,475.5387892171401,-219.4551562621099
929.7658363872584,-328.57891474561364,484.8561111107057,178.8841622430394,-9.472029417832125,473.22736132412194,-205.3133046295622
860.2504253840758,-297.85903647682164,454.64546582771413,168.15830629545724,-32.897129944170416,467.92742119895644,-190.75735907523227
783.9789383616974,-263.6177170039546,423.6835696096622,153.47436704160557,-58.77283448818632,459.56046147895967,-175.70253125602008
703.6895297749954,-228.58188934023303,392.96473677911297,135.7088781354546,-86.42693798398612,448.11688753268277,-160.07594159239926
621.6623979361663,-195.44601191962803,363.3370998622864,115.85705671317184,-115.11753371932423,433.7006403499063,-143.81739072539165
539.8197514322626,-166.50601433476868,335.3832965500061,94.91734701834591,-144.1370781200763,416.5489193414823,-126.87705331213658
459.840886464801,-143.3490871453168,309.38208659709693,73.79106522743321,-172.89746272145612,397.0225617777302,-109.21297461293655
383.2523170912372,-126.6916937937354,285.3443230092811,53.214242120088755,-200.98133688625822,375.57091056810145,-90.79048726436109
311.47123628875215,-116.39838097967737,263.0906984211646,33.726731060614554,-228.15538812263634,352.6813402140918,-71.58441410508209
245.7989671799157,-111.65404218482212,242.3332549655814,15.673786801323487,-254.35067249834242,328.8263397903261,-51.58366461026597
187.37544405815655,-111.22597607731277,222.73365467670297,-0.7698033911134701,-279.6209367354029,304.4198706625198,-30.796949249047064
137.11401580307057,-113.74553850568375,203.92883996087892,-15.563320051931449,-304.09144310582036,279.79060188768676,-9.258018621603178
95.63761608470988,-117.95495207299294,185.52990300168378,-28.75902200919093,-327.9088533749932,255.17429599252853,12.970933458373239
63.23362672451084,-122.89021787579,167.10810196216346,-40.460324998592704,-351.1988230793361,230.7228273086113,35.7984567415382
39.83757067542827,-127.99498115889783,148.18304303152382,-50.78033166676386,-374.03375848411184,206.524275856923,59.105643577421716
25.04754806104615,-133.17609634884596,128.22482585857196,-59.800461098963055,-396.4099243317385,182.62764971830865,82.74994413775599
18.164365484556303,-138.8173409165399,106.67751804813754,-67.52917654239909,-418.2313719199019,159.0667005059942,106.57005409405461
18.24820741073418,-145.7639846236324,83.00758395364065,-73.86228225084078,-439.29803893464896,135.87922001500317,130.39090279894418
24.18201726492276,-155.28014873896478,56.77811303549767,-78.54846797621414,-459.296534095956,113.12028107338413,154.02800897359398
34.73397135001888,-168.96670316329977,27.74690084797112,-81.16621970935721,-477.7940479365983,90.86947674212738,177.29085984034893
48.6152308499093,-188.61477850501626,-4.017786100001956,-81.1203097366521,-494.2379456626468,69.233047520925,199.98537384468892
64.53297256982799,-215.9651672142848,-38.01656206980593,-77.66706770822015,-507.9653160745171,48.34193610871691,221.91581662882913
81.24124153634507,-252.35399273853898,-73.21499383556676,-69.97656591282862,-518.2275231913598,28.346554871659933,242.88669517738327
97.59280896822234,-298.25545187546356,-107.98698452430207,-57.235783251614556,-524.2341717230389,9.40871937170266,262.70515135880635
112.59404220601664,-352.78296768065206,-140.14145795258233,-38.789235706595925,-525.2185714285031,-8.308971425933777,281.18424947324365
125.46235172924364,-413.27040177594404,-167.0652943245103,-14.302950527044985,-520.522799384418,-24.655962130109074,298.1473545065725
135.68270440872686,-475.10250080232373,-185.99977094660818,16.074097032873794,-509.6952859091094,-39.50819241610189,313.4335701246774
143.05639930932293,-531.9675545619862,-194.4382001853519,51.586562549826716,-492.58845756258836,-52.783326029285035,326.90396412004645
147.73202168490434,-576.6379998605004,-190.5931493628791,90.82615237650177,-469.439728731256,-64.45574354851436,338.4480476272968
150.20563384373236,-602.2404534527371,-173.84288459992598,131.79424807205962,-440.91753465698633,-74.57024941518628,347.98968666811845
151.27590817851728,-603.7860175079079,-145.04318419226888,172.08842977663656,-408.11633388822656,-83.25346199414649,355.4913381822237
151.94196185989435,-579.5628819410086,-106.5966225782142,209.2008054576084,-372.49100670325845,-90.72179156314048,360.95530586025836
153.23925412924876,-531.9308155978657,-62.21397715854938,240.8860132204581,-335.73118029152465,-97.28467220965625,364.4207488816734
156.02305950559176,-467.1621158877014,-16.37613035339595,265.5319370468885,-299.58793257926294,-103.34135298256987,365.9556025202726
160.7280134299087,-394.2428875321378,26.40947721856898,282.4551098290184,-265.6764542021881,-109.36931127718964,365.6434592710707
167.15083362398101,-322.8988596076492,62.39418250700862,292.05103028336237,-235.2857618483967,-115.90258763949602,363.56672216483344
174.3138707851109,-261.40313309692914,89.22480934158233,295.7573115688476,-209.22817868923173,-123.49936987074813,359.78868297805616
180.46240921460657,-214.82737178665124,106.27155501613888,295.82863650939044,-187.75597586107745,-132.700041844881,354.3381518082124
183.22560098681583,-184.25499323815302,114.56815521298779,294.9660892006758,-170.56088760012133,-143.97934383248696,347.2004267068747
179.93339865660707,-167.1363515792866,116.39247525734766,295.877254129009,-156.85641325737674,-157.69859123201024,338.3174950209513
168.04028744061083,-158.5726586110036,114.6127531845108,300.85773655355945,-145.52638945937886,-174.0652311701768,327.5985002561194
145.5745608976527,-153.03015115119726,111.97963665435563,311.4755137252547,-135.310201048011,-193.1066979900418,314.9391539761128
111.52063126256274,-145.91443021562932,110.54093672915133,328.4100440729728,-124.98858680896632,-214.66333201468012,300.24661215429484
66.0557504593077,-134.57914531592382,111.30065305379887,351.45771654290195,-113.53610451977761,-238.4014413423256,283.46503663508145
10.597152063070205,-118.61156513795743,114.16055627853721,379.6762567555252,-100.21651201671912,-263.8433613409473,264.59701532439294
-52.340154051349224,-99.50030449820954,118.102807391103,411.6140358238533,-84.61283009143912,-290.407832640671,243.71718839409482
-119.43428385161688,-79.9466449988761,121.52107615971906,445.56187311190513,-66.60027598868935,-317.4522941380511,220.97639436299482
-186.92952456914568,-63.099200086310304,122.59562476394308,479.7744165186953,-46.28288546863867,-344.3093903583193,196.59676080789396
-251.01845032152977,-51.90831085996804,119.62866007423533,512.6294643019346,-23.920010502062325,-370.3129933947294,170.85979535225857
-308.17143392341393,-48.68021701790096,111.29324869235512,542.7178842667702,0.1340636458978821,-394.8134474980543,144.0902950638267
-355.375175646414,-54.821348083191154,96.78432454000475,568.8761029484737,25.463722894794387,-417.18614098255074,116.63873617137108
-390.2692513540863,-70.72571740654148,75.88236230722785,590.182938736378,51.59772074662193,-436.8403780440218,88.86398941662577
-411.19403209374474,-95.76493183300838,48.94709547925096,605.9426014118861,77.99699981361103,-453.23574412993764,61.117165059565345
-417.17966881446176,-128.36478229799025,16.85551232289062,615.6690780907344,104.04107012238141,-465.9104238570176,33.726565846792134
-407.91174455014306,-166.17043262281115,-19.106885129288877,619.0783030693392,129.02956116600873,-474.52091598499106,6.983410172428222
-383.7045846705377,-206.3023689931998,-57.39402719958183,616.0872411413411,152.2102427830237,-478.88681324893,-18.871754867023682
-345.4999577552938,-245.68955406767452,-96.37484599376495,606.8152616901234,172.83626969408553,-479.0296935364966,-43.661365303412424
-294.89049528730067,-281.44438793734514,-134.5174640304821,591.5829914889442,190.24652607850652,-475.1934072211974,-67.28053760380011
-234.14832924584863,-311.2265870365102,-170.55621541470327,570.9059958278075,203.95623141526073,-467.835049855703,-89.70232200128311
-166.2254149042761,-333.5366540605525,-203.61328953233274,545.4835536953934,213.7419090451909,-457.5814390127913,-110.97671788625084
-94.68733515584547,-347.885922368616,-233.25075382244137,516.1851295195952,219.70570543188956,-445.15360179743016,-131.22229844196062
-23.549577513466435,-354.80699844412544,-259.4390819990781,484.0380782191264,222.30813715655125,-431.26953398292267,-150.61041028984275
42.99634604291806,-355.69173717379226,-282.44353322192524,450.2192782702454,222.36422555707438,-416.54115251493755,-169.3432166115173
100.95412291134926,-352.4697882111505,-302.6473751572869,416.05069672669185,221.00401675766548,-401.38338729093414,-187.6279791215854
146.95246318930876,-347.16684417796944,-320.34822531590316,382.9945406200855,219.60322121900245,-385.95129665539946,-205.65061912289937
178.6753468916699,-341.40718207042835,-335.57762552072154,352.6382314537747,219.69220471402957,-370.115688021891,-223.5516091767094
195.22660378041002,-335.94935185585734,-348.00082727244603,326.6541768309317,222.8516171237175,-353.48060835396046,-241.40667507607867
197.36769107651776,-330.36411187242766,-356.94960480132266,306.71619414062025,230.60112469998006,-335.4391534682688,-259.2138616986276
187.58289590420318,-322.9722881555982,-361.62179183716603,294.35602744257113,244.2851917505426,-315.25887367829193,-276.887556217508
169.94719125502232,-311.1440200882299,-361.44501353979007,290.7521506041147,264.9580684889414,-292.1853283619192,-294.259358035647
149.79406758937589,-292.0048171718606,-356.5510306898294,296.4601825178153,293.27029478711944,-265.551816156664,-311.085382251956
133.20167848833114,-263.4898721778403,-348.2505515049373,311.11838346400685,329.3616581140076,-234.8840678397924,-327.05962034633353
126.33628309558749,-225.5469523456785,-339.3535383172842,333.18791356254656,372.77019784776314,-199.98970620677594,-341.8331059760341
134.7141096811793,-181.1486285167641,-334.16922468818086,359.807385450697,422.37206664717576,-161.0229760339422,-355.0385069387188
162.4662928099385,-136.70037999057143,-338.0629875212373,386.84456107345545,476.37068098023326,-118.51583299128967,-366.31912379373955
211.71169221912612,-101.489957991197,-356.5501745073957,409.2063690582223,532.3533647959232,-73.36784822356114,-375.36009564134565
282.14971675563805,-86.0502555748293,-394.053137637229,421.4193530096379,587.4280388094961,-26.790616266434682,-381.91819151363893
370.9691393148402,-99.66845150452829,-452.5949278711995,418.4233509135844,638.4412399974119,19.791990848512796,-385.8454722789858
473.1236322941491,-147.65286819936344,-530.7940564376581,396.448908340705,682.2634408882795,64.8788245361281,-387.101988435097
581.9551829443993,-229.20132883017908,-623.5088494195727,353.79721270390456,716.1114710773362,107.04506886770953,-385.75396629758967
690.0693133037523,-336.66040388894646,-722.3390381944974,291.3322797835605,737.8649399052565,145.09227027189348,-381.9565912451121
790.3049529318992,-456.5889560548935,-816.9569439469083,212.54005111747233,746.3278293549417,178.17142656481428,-375.9239211893048
876.6185416506655,-572.4539474953459,-896.9860238446481,123.10186186902335,741.3903515450664,205.85993194252313,-367.89164272183905
944.7262383841934,-668.217367857089,-953.9631955279997,30.046458782559824,724.059889721278,228.18190202305644,-358.0802508991876
992.4128373785447,-731.7588403604437,-982.8840715520873,-59.3493062971782,696.3509199311511,245.57239198026284,-346.66610122942325
1019.499585729347,-757.1526577325943,-982.9537992877176,-138.67891731909384,661.0477527733345,258.79624110068346,-333.76563407195755
1027.5384875337647,-745.2423742832839,-957.4048729946063,-203.3124761240382,621.3754103836679,268.83907778807395,-319.43459349876974
1019.3461734231839,-702.5424403484764,-912.5090222957791,-250.92137894160447,580.6282746195302,276.7900210131673,-303.6803763885028
998.4973418254457,-639.0038331619087,-856.1112650471425,-281.55303311632827,541.8105340062064,283.73303915104253,-286.4828742020963
968.8718129758224,-565.430467907134,-796.0920979653881,-297.2951823739767,507.336709530597,290.65829687553276,-267.81802057206033
934.3057131793756,-491.2788719648269,-739.1123303594011,-301.65330024845923,478.8268530260033,298.39824238844574,-247.67882275076434
898.3536702975847,-423.2971161399835,-689.8540255712873,-298.80525866907055,457.01314879052387,307.5875754709956,-226.090456790704
864.1380980596673,-365.1087229220723,-650.8024142804351,-292.8920593020166,441.75673468878654,318.64277585329603,-203.11825867179377
834.2489548392014,-317.5610631862283,-622.4741967696436,-287.4627235259968,432.1589614845641,331.75584887687427,-178.86937741664332
810.6609814114124,-279.5110870558114,-603.9200863169525,-285.13378344648436,426.7419392586468,346.89791014775676,-153.48997488961473
794.6494085445299,-248.71708237741205,-593.3180077819119,-287.4675431522226,423.6693923087464,363.83031883885076,-127.16003957076501
786.7027048543216,-222.5967533682993,-588.5110779222922,-295.0313841084681,420.9796232607363,382.12333583454256,-100.08733375005843
786.4467361371893,-198.7372421145841,-587.4055356111543,-307.57842467361064,416.8061927374285,401.18393999528257,-72.50110283928308
792.6054599464127,-175.15193955576763,-588.2045387426788,-324.28672912879966,409.5671401057415,420.2949721439634,-44.64534690994329
803.0273941338329,-150.34651548545045,-589.4989908811717,-344.00471167627467,398.10899438435786,438.66699122226817,-16.770985088168516
814.803914186807,-123.27975902373707,-590.260652350084,-365.46762017080704,381.7968330442581,455.50222246107,10.873739244073747
824.4948191030263,-93.29484426197068,-589.7874505919054,-387.4678641701581,360.5461696358061,470.0671350276664,38.054802439646835
828.4591773889335,-60.06938580803697,-587.6418745779729,-408.9761716899638,334.79676886778,481.76712704212844,64.5653481004799
823.267229520726,-23.60195992567266,-583.6073909158066,-429.21907483672146,305.43295360033153,490.214298042667,90.23872297452891
806.1459961112037,15.77247202861468,-577.6708176910292,-447.721067090593,273.65972800432536,495.2781489772724,114.95972712389616
775.3928674934817,57.36171972762122,-570.024603218837,-464.3184911787813,240.8488214801552,497.1098817147343,138.67204627334493
730.6840005526552,100.11992091072712,-561.0741283683819,-479.14910496427206,208.37280355516992,496.1339892049939,161.38016822446036
673.2124564157845,142.70367334962322,-551.4320099519477,-492.6185776169819,177.44764051170017,493.00568878745196,183.14487635748753
605.6155743772332,183.60127335870524,-541.8833067853487,-505.34440427835096,149.0033913610154,488.538526182241,204.07250139132123
531.6879430676967,221.34348010776483,-533.3112443048066,-518.0793018364351,123.59860021313187,483.6118241370954,224.29924373503962
455.91677884467884,254.7884765487222,-526.5810871565909,-531.6193765575516,101.38666232552892,479.0711651386912,243.9727653350625
382.90975760081596,283.454834783316,-522.3887143025909,-546.7058447698713,82.13338818000148,475.6357666274747,263.2336478738716
316.80229251482075,307.855393601122,-521.0891530540664,-563.9313461146037,65.27630324091074,473.82418989727523,282.1990973013162
260.7281256954161,329.7647476492158,-522.5278808922898,-583.6619085762733,50.010180539077034,473.9050247499131,300.9504832058279
216.4170918942355,352.3387405174888,-525.9031924760694,-605.9832461040485,35.3815359728754,475.8735074114992,319.52514718693953
183.9559140766869,380.00349797836634,-529.6902310708335,-630.6759887568675,20.37765269550647,479.45028583487897,337.9117353019219
161.72260746703648,418.0522535689387,-531.655019447619,-657.219895163886,4.001961555523046,484.0962661075955,356.04748264938905
146.4900797220765,471.93564717181243,-528.978656466829,-684.8233553268993,-14.665059999393264,489.03828520516174,373.8157085248952
133.6906325018249,546.3030083156099,-518.4971473859223,-712.4724143765386,-36.4146158635702,493.30368210093184,391.0423973131903
117.8339338341061,643.9352400731713,-497.04204373636327,-738.9933008178945,-61.86114611544386,495.7660132041585,407.4920266255174
93.06649570628298,764.7806599726752,-461.8442764524209,-763.1235103939005,-91.39239488730884,495.2069734421839,422.86439033214435
53.84270961607573,905.3351443749735,-410.9434036488993,-783.5879393515619,-125.11954107426943,490.39914075076666,436.79549888249494
-4.354274326142715,1058.5745935230946,-343.53301768367976,-799.1774138548312,-162.83570843591875,480.20971193792263,448.866139830659
-84.33944784066242,1214.545980832699,-260.17532331630684,-808.8266301447422,-203.99582478799982,463.7178568535069,458.62093312309423
-186.72154413740628,1361.5724205949612,-162.83588865665862,-811.6870293027553,-247.73093000734016,440.33015981741664,465.59866285093176
-309.6824475840597,1487.8690296604937,-54.720843340348665,-807.1881475955413,-292.904830264793,409.87309078363165,469.371716534734
-449.11303770875804,1583.250033584991,60.06337304618225,-795.0795800219962,-338.21167819487084,372.64133226718627,469.5894300371262
-599.1058072296922,1640.573780597251,176.972486101341,-775.4459307022369,-382.3025088367909,329.3871686845336,466.01801512828325
-752.7229171915071,1656.6348205356537,291.5304242295633,-748.6895960418109,-423.92048300836996,281.2477749189276,458.5693632262588
-902.893645404064,1632.3519705307533,399.79439027140734,-715.4807624291041,-462.02138622892176,229.62083224218685,447.312695423541
-1043.26891278296,1572.2736562132109,498.7071332785066,-676.6796321382586,-495.8588594408903,176.0102980466445,432.4664135667165
-1168.880427005239,1483.5737118928243,586.291820129889,-633.2411430380241,-525.021877724447,121.86991168951575,414.3716599692719
-1276.5092380058254,1374.80033247948,661.6790920861702,-586.1158311751556,-549.4225406570988,68.47065998067796,393.4528129431802
-1364.7425498952955,1254.6507902617511,724.9882967711474,-536.1610133118168,-569.242157586191,16.810883056084293,370.17240197892573
-1433.7650112496037,1130.9850455418891,777.1081540024562,-484.0739853253731,-584.8503640614814,-32.42324365560307,344.9882158891696
-1484.9739946108366,1010.1922854044341,819.4321052608614,-430.3541516448598,-596.7143919440939,-78.85002869705113,318.3188502756462
-1520.5211734201878,896.921581713231,853.6001002930025,-375.29522871366817,-605.3139064428508,-122.3486198219924,290.52127280621534
-1542.8693224434446,794.1101180534802,881.2848186127509,-319.00336811148986,-611.0723561882149,-162.99442525959503,261.88107079010973
-1554.424530272967,703.2038537108267,904.0415813009665,-261.433402412241,-614.3102949897412,-200.98829963867905,232.61366761692813
-1557.271871513334,624.464580039795,923.223023093331,-202.43402375600743,-615.2211455336942,-236.59096870701683,202.87339893613162
-1553.0160017358933,557.2818818925638,939.9462127136358,-141.79349273330772,-613.8663218108056,-270.0696881393997,172.76698250196617
-1542.7113692430844,500.44281283446577,955.093368906239,-79.2798416485956,-610.1847932818602,-301.65982850983266,142.3683574220341
-1526.859817755312,452.3430694651393,969.3273712229866,-14.67260638365309,-604.0118439764773,-331.5408317371525,111.73273666057118
-1505.4537507872658,411.14398007532577,983.107990772478,52.21396827428774,-595.1024776310599,-359.8240818396166,80.90865964588438
-1478.047430919282,374.88859903342143,996.7015510851289,121.51418385571267,-583.1561282688612,-386.5495255491952,49.94761181074483
-1443.8445653674098,341.5905344566092,1010.1831840512572,193.29749562528133,-567.8406370797424,-411.68800421096137,18.911292274719806
-1401.7952884979838,309.30518211610485,1023.4354043082017,267.5553587829644,-548.8145894483208,-435.1468328571358,-12.123136110936013
-1350.6992318147861,276.18856539362906,1036.1488165725214,344.18595749756395,-525.7479565449593,-456.7768891726555,-43.05942573764682
-1289.3135477740534,240.54621848407507,1047.8306460565932,422.9756097796394,-498.3415461872936,-476.3801794184081,-73.77993000264019
-1216.4658574235334,200.87413672680955,1057.8251672361985,503.5768455169423,-466.34608467882157,-493.71745810420634,-104.14439457185412
-1131.172477659967,155.89525507390667,1065.3478393575383,585.4842043876214,-429.58187998108576,-508.5159829745287,-133.98978311124088
-1032.7620943038362,104.597111114654,1069.5327280123802,668.0096435919891,-387.95998459866007,-520.4778965956853,-163.13117959759518
-921.0041057004603,46.27802582882297,1069.4910122088809,750.2601629053964,-341.5055655021106,-529.2900397060566,-191.36389081172157
-796.2387221543379,-19.39092502343849,1064.3771649965481,831.1209811097042,-290.38373545676984,-534.6361916638481,-218.4669132315654
-659.5020846026182,-92.28366136752052,1053.4586468156017,909.2484160852816,-234.9273242174502,-536.2127437372359,-244.20792060169933
-512.6340346537122,-171.71813882153464,1036.184444936819,983.0774590563883,-175.66491972582602,-533.7485705307088,-268.34986532189714
-358.34941694765905,-256.3473687337945,1012.2473272452424,1050.8496064287292,-113.34603491259332,-527.0293129287502,-290.6591649326871
-200.2477441765031,-344.0640185366299,981.6341906047498,1110.666342889525,-48.95865495290553,-515.9254059339441,-310.91526733435717
-42.73356502999679,-431.95034264083745,944.6585278508193,1160.5722097161995,16.266929671767343,-500.4220374333146,-328.921167826733
109.17584705286046,-516.310957658694,901.9691852709037,1198.6682362051267,80.87468087798638,-480.6479693330956,-344.5142125330806
250.1655301111385,-592.8233946829232,854.5307163318928,1223.2516382205963,143.22571220488064,-456.89904812418297,-357.5763030195148
375.0483433997744,-656.8274645359035,803.5731440811123,1232.9716464815733,201.5710611129334,-429.6515975062114,-368.04246108027627
479.2609617292469,-703.7488821569353,750.5128713130372,1226.985273490712,254.15371860166576,-399.56103393620083,-375.90666747258484
559.3640327911612,-729.6188318457278,696.8513503601973,1205.0923358216544,299.3338850090555,-367.4421901824969,-381.22399267371213
613.4638140917741,-731.6168739552736,644.0629350383408,1167.8277132883918,335.7257099882809,-334.22999363783623,-384.10831166301057
641.4736649090084,-708.5402003505686,593.4867564997539,1116.4917536778944,362.3290990584026,-300.9220934259778,-384.7253302021855
645.1554726801372,-661.0978492391962,546.2382476041544,1053.1070760258149,378.637900077942,-268.5082768171972,-383.2812050508668
627.9204020195904,-591.9500181962424,503.153393280392,980.3007624786626,384.70692607654354,-237.8943959044153,-380.00763990452606
594.4160985940473,-505.4585869914377,464.77310879557103,901.122981650431,381.16509684016364,-209.83034260401774,-375.1448835737503
549.9709440610192,-407.17553397858876,431.3675026908262,818.8238135523933,369.16983118744747,-184.85182032605823,-368.92444145904153
499.99308736269086,-303.15512075739247,402.99200524336595,736.6169615520845,350.30718004665755,-163.24404636919894,-361.55344648221217
449.42556521232643,-199.21640350332996,379.561417504622,657.4605319660002,326.45104019382217,-145.03228793085367,-353.20247190071115
402.338953269983,-100.29249778316542,360.9253711830452,583.88088285492,299.6011510832315,-129.99990381804957,-343.99811363308794
361.7067295204204,-9.979093367774922,346.9300607945168,517.856852546444,271.72206941296645,-117.73022012939931,-334.02099376197987
329.36710593117385,69.65555574016443,337.4558976583429,460.77067848051547,244.60353689825263,-107.66503761279046,-323.3090606360375
306.1397898356729,137.9984077505395,332.42752228261463,413.4211775070086,219.7572706521605,-99.17056753890932,-311.8653302279145
292.04472862665625,195.61166889815155,331.7995430579335,376.0864820527238,198.35769939282454,-91.60144059069461,-299.66866408700025
286.56476155846565,243.83475941076543,335.52671509668494,348.6191028562656,181.22637735517046,-84.35498593544605,-286.6859042722067
288.90263339158946,284.36665575310695,343.5298986603476,330.55549630746134,168.85338289137695,-76.91070496308986,-272.88371339689843
298.199362023468,318.91151711645637,355.6687447358348,321.2248784528295,161.44500917161145,-68.85303112381308,-258.23875890926183
313.69929918123023,348.9391144261562,371.7291550117995,319.846427308614,158.9857742313331,-59.87835418282634,-242.74534324442507
334.8626202091448,375.575436498232,391.4292126891045,325.6088550759921,161.3038264059476,-49.78937250409999,-226.42009983276967
361.43601322987763,399.60788108845406,414.44271533075926,337.7305185537933,168.1313814108311,-38.4808913292411,-209.30384080422948
393.4968000708903,421.56983605911586,440.4357210104446,355.50116429705105,179.1549689716502,-25.921263883398666,-191.46097925855753
431.4858154691992,441.86286004723917,469.1092900308121,378.3079527272208,194.05320865306345,-12.133031270731934,-172.97712463815
476.24177893631406,460.8789456837906,500.24102236857664,405.6487972032761,212.5220878132476,2.8247046273168195,-153.9554733063677
529.0460556159127,479.0962322711684,533.7187942976393,437.1356795193823,234.2891040329447,18.870727889376802,-134.51252677859785
591.6824567662293,497.13442482708,569.5617733082358,472.48985926077006,259.1182294595639,35.91245419180168,-114.77351922970483
666.5122725201894,515.7674495640825,607.92576477676,511.5300894571387,286.8076637734126,53.85310778616313,-94.8677741441381
756.5597707968315,535.8985204132726,649.091741134717,554.1542746454726,317.1820136614084,72.59582641001754,-74.92407574071451
865.5974092268392,558.5063944796024,693.4377409747578,600.3145467456703,350.0800881552605,92.04531460745079,-55.06605682031096
998.2124926931814,584.5719169915391,741.3951343835787,649.9855113320608,385.3390879989812,112.10762679967995,-35.407578828280364
1159.827773565376,614.9923580667611,793.3906489912802,703.1254281692349,422.7756860392429,132.68853737384885,-16.048108751318544
1356.6379431473374,650.4889640153127,849.7757748459461,759.6303322947099,462.16438610563466,153.6908093180191,2.931829737583527
1595.413429915506,691.5117421846072,910.745492665414,819.2815842758455,503.21361853681833,175.01054911522482,21.474951573986623
1883.114947738041,738.1454513469292,976.2489440717115,881.6880776743401,545.5402719498222,196.53275976990955,39.55095899099172
2226.2607502708765,790.0222168919538,1045.8958347795735,946.225339764977,588.6437540140944,218.12618945284254,57.15934404976565
2629.9987006258866,846.2487371916393,1118.8640445830247,1011.9750241934751,631.8811916804779,239.63762576973414,74.33076679587413
3096.862749893119,905.3588323290364,1193.81596101277,1077.6697499852166,674.4459836702102,260.88590472387284,91.12650144705017
3625.2430229097345,965.303907021844,1268.8331444005205,1141.649760634044,715.3525443034914,281.6560821536714,107.63548329176177
4207.672073016494,1023.4934413989663,1341.3806261406107,1201.8392475915584,753.4306371456927,301.6944371697352,123.96861482611867
4829.122671337993,1076.8938135393946,1408.31292275504,1255.751105011423,787.3330623218587,320.7052114137993,140.25020797526082
5465.61181138822,1122.1862242623288,1465.9332142553699,1300.528983917186,815.5604705958131,338.3501875337047,156.6067429782116
6083.488604275973,1155.9740151509839,1510.1146979082969,1333.0343855795045,836.506547983248,354.25231195759056,173.15348877891566
6639.819265689006,1175.01840200332,1536.4887029964489,1349.9838032246296,848.5255764387068,368.00449902288153,189.97991072150347
7084.236755947925,1176.472886071183,1540.6978191222693,1348.1363577851196,850.0223221361341,379.18444993778763,207.13512931716184
7362.469781413343,1158.083931839103,1518.7044213113868,1324.526021465958,839.5613539768731,387.3757421386434,224.6149214620148
7421.5003813706635,1118.3313761664288,1467.1362283011279,1276.7248340669485,815.9894622042298,392.19460379266246,242.3518103081923
7215.948210134462,1056.496332840065,1383.641839336283,1203.1154373083511,778.5612677299471,393.3207642695495,260.2096295374194
6714.907234236361,972.6635305916575,1267.221756268319,1103.1442047447317,727.0550338111351,390.5297169837791,277.98356337614285
5908.161285272248,867.6826200485292,1118.495640730337,977.5219544607808,661.8638791918595,383.7228553141444,295.4060889886892
4810.581356850464,743.1217594303049,939.8660305145277,828.3393776788005,584.0477672942833,372.9514722936674,312.15855855586943
3463.637877276209,601.2418200990177,735.5438511512835,659.0700559112831,495.33427753951713,358.4307393596033,327.8874611809825
1933.365635148049,445.00103814133706,511.41262613208687,474.4454255752611,398.06127005980204,340.5405907497035,342.2238175423011
304.7392831834038,278.0740995772332,274.7260024535444,280.2021141721434,295.06158797854783,319.8118899942997,354.80378659013013
-1326.8791437456978,104.84687833370566,33.65520551930699,82.72023906044926,189.49782270616288,296.89814427072133,365.2884693876032
-2865.9467183145644,-69.66123955290028,-203.27413166882326,-111.4118368938928,84.66247842383882,272.535041736775,373.3810926520826
-4226.968151635573,-239.9855422073208,-427.7971539655469,-295.85864336645795,-16.2358250300762,247.49184441964087,378.8401992427873
-5343.110261532577,-400.52531938487317,-632.5073301561386,-464.97227128944064,-110.27727089345143,222.51983791259352,381.48807441796464
-6171.917049989217,-545.948898343509,-811.3668775009335,-614.1520789597721,-195.00541064896728,198.3033990747315,381.21428056250176
-6697.448227442723,-671.6367686523957,-960.0726147521191,-740.0926382262658,-268.55453968107906,175.41874300300788,377.9747469457165
-6928.8668633805655,-774.0878851126578,-1076.241506154257,-840.9001829135909,-329.7199980051206,154.30417546049856,371.78727896251127
-6896.124891394848,-851.217248317357,-1159.4070643490409,-916.0767474413436,-377.9693955349301,135.2439691651308,362.72456916870715
-6643.80476452126,-902.494429156791,-1210.8443330258883,-966.3883643145313,-413.4001381891752,118.36613266429913,350.9058117549073
-6224.311764391038,-928.905342565044,-1233.2622930879784,-993.6462692940806,-436.6543225248846,103.65266922000865,336.4878823603585
-5691.493052333481,-932.7534021628452,-1230.4148842502577,-1000.4365092793303,-448.80538228339424,90.95967384177155,319.6568082778985
-5095.463716817931,-917.3425148052811,-1206.684411236693,-989.8335896162893,-451.23167639054907,80.04391817634817,300.6199866794645
-4479.049127053084,-886.5981589051831,-1166.68512786339,-965.1289740358368,-445.4908519124825,70.5924340323364,279.59936615086025
-3875.90148877354,-844.6833126210299,-1114.9229863157516,-929.5972130995092,-433.20595487102923,62.25193753699372,256.8256248313665
-3310.081558102871,-795.6560089721896,-1055.533181338703,-886.3132351988006,-415.9706629530776,54.655588423627705,232.53326924987476
-2796.7416682042526,-743.1993604313716,-992.1031840773757,-838.0256039953797,-395.2773769314723,47.445386155236605,206.95653474160386
-2343.4986911320393,-690.4377112388142,-927.5775623101309,-787.0834894690348,-372.4687521059876,40.289316990525236,180.32597231669595
-1952.1195854199345,-639.8377771141279,-864.2330847366458,-735.4102609982747,-348.7108740997321,32.893073160501984,152.86563531286026
-1620.224198671956,-593.183272426992,-803.7085211714959,-684.5140057995648,-324.9847735033428,25.00670361083536,124.79081215998423
-1342.8088253526282,-551.6061220121767,-747.0726208626032,-635.5245599610427,-302.0922624431491,16.426905821239515,96.30627600343846
-1113.486713726671,-515.6562785418848,-694.9150707104052,-589.2472900502431,-280.6720006685353,6.995844562481565,67.60503265112995
-925.4152023915503,-485.39413579610755,-647.447825209789,-546.2253331163108,-261.22206106851803,-3.402577885408988,38.867547047156776
-771.929003784856,-460.49305759117607,-604.6072032606266,-506.80381938414826,-244.12587351570428,-14.848128688484714,10.261421267347428
-646.926888890701,-440.34326387224957,-566.1499326822427,-471.1914170145184,-229.67912193431454,-27.39055552459758,-18.05850872138171
-545.0694014065308,-424.15117912753635,-531.7385213812172,-439.516136555293,-218.11583282552996,-41.05613078446076,-45.94968852714236
-461.84391118080765,-411.02973429647835,-501.0128246064954,-411.8736130744119,-209.6324421193387,-55.85383177893831,-73.28099202962251
-393.54545873618446,-400.07490328013523,-473.64555341685633,-388.3670282715786,-204.40900925818102,-71.78058588391718,-99.93149803224436
-337.21137895966876,-390.4223772771408,-449.3799839191703,-369.1384729972665,-202.62693377844647,-88.82498418428068,-125.78887391511472
-290.53718029128623,-381.27670999180106,-428.0486288143669,-354.39192899770126,-204.48251119317533,-106.96880660672502,-150.7473314857065
-251.7919372331922,-371.9049241140485,-409.572484978489,-344.4082068239946,-210.19545659071727,-126.18564537309925,-174.70513192007638
-219.74394745770857,-361.5890379078144,-393.94195138739155,-339.5521355336415,-220.01117627556692,-146.43592533610064,-197.56166486702662
-193.60142381436813,-349.5384954210187,-381.18270687987666,-340.2720647812936,-234.19518064450494,-167.6577803718165,-219.21421905383986
-172.9680413816855,-334.7742935689239,-371.3125466066019,-347.09132194435733,-253.0177675765331,-189.75363621950663,-239.5546951645287
-157.8087134135535,-316.0102375587903,-364.2978667013971,-360.59071618786027,-276.72718440290066,-212.57302588779262,-258.4666685568145
-148.41673531274566,-291.5697439790763,-360.0203391643522,-381.38062564951645,-305.51014212166393,-235.89311351547684,-275.8233554133341
-145.3696003494588,-259.38381670514013,-358.2643951461521,-410.0608729425369,-339.4400083019775,-259.3995173936057,-291.48712430550546
-149.45818347346898,-217.11177670757917,-358.7336660959256,-447.166806360017,-378.415303107187,-282.671079821276,-305.31117594179454
-161.574043482207,-162.40737377280948,-361.0992690460933,-493.1010965705363,-422.09407775417714,-305.1729144226603,-317.14384889459535
-182.54399211318628,-93.3195429837452,-365.07533169356765,-548.0529579118164,-469.83286628263204,-326.2620276891216,-326.83568831059563
-212.9110407985414,-8.775441563705698,-370.5089187067096,-611.909765695819,-520.6413808600756,-345.20879744456397,-334.24896837599584
-252.67618290984407,90.94512889001257,-377.46472757635485,-684.1699197005497,-573.1650373389032,-361.2355308690434,-339.2688606664342
-301.03382761041075,203.85658841169487,-386.28190067635137,-763.8694226613966,-625.7059421419654,-373.57043710157245,-341.8149938026317
-356.1503437967306,326.14229820930075,-397.5827517420229,-849.5368322025497,-676.2887713850931,-381.51214738574834,-341.8518666396312
-415.0439083146294,452.326084080884,-412.22146590162083,-939.190853488388,-722.7713494758846,-384.4971161273316,-339.3965456866854
-473.618992600479,575.7471710989307,-431.17348368454975,-1030.3911426622424,-762.9917788981073,-382.1605791238769,-334.5223346236054
-526.8876727330678,689.2742615555851,-455.38033516964475,-1120.3459583305948,-794.9363703727788,-374.381774051706,-327.3576206076384
-569.3748036668394,786.1356884282471,-485.57638957657804,-1206.0711646063264,-816.907234756667,-361.3060057378558,-318.0797870348147
-595.6626327436841,860.713623028025,-522.1299582277181,-1284.5856111101696,-827.6667245621691,-343.33956728417843,-306.90480324329013
-600.9939071249524,909.1596572588589,-564.9295818512296,-1353.1203185132063,-826.5386118225789,-321.11780991796235,-294.0737183632069
-581.832222652601,929.7329277642882,-613.3374613387509,-1409.3151414496767,-813.4525317027492,-295.4508748705317,-279.83768564661
-536.2814499474784,922.8260982975282,-666.2182499149568,-1451.3777502442917,-788.9273799181623,-267.25487497962683,-264.44326331482733
-464.2927821057501,890.7099335646652,-722.0364950253311,-1478.1857248884187,-753.9989947992376,-237.47801691307066,-248.1195779310538
-367.6311916180845,837.0767874689557,-779.0036704202149,-1489.3219371762061,-710.1055148637547,-207.0310634273871,-231.06855144993096
-249.6208633572423,766.4871064823241,-835.2486888817839,-1485.0440467927908,-658.9487300641916,-176.7298466180115,-213.45887493386584
-114.72874381703076,683.8199991400586,-888.9850041319023,-1466.1985105621673,-602.350867781198,-147.25478116883352,-195.42386436173643
31.932549449922647,593.8054858229284,-938.6520745866471,-1434.096123006754,-542.1238561113905,-119.1291722016517,-177.06285030162894
185.09974297879046,500.68251561891225,-983.0169853199493,-1390.3688122939036,-479.9632252219103,-92.71522077709207,-158.44539961608928
339.785174577621,407.9934578546916,-1021.2308904320203,-1336.8263044476337,-417.3728578269926,-68.22448513613628,-139.61747505700427
491.59380480750355,318.4999077803777,-1052.842502364548,-1275.3273027231469,-355.6211576067135,-45.738393185824606,-120.60860487145705
636.9181867246535,234.18965192525127,-1077.7758629276784,-1207.6744304358917,-295.72487794116995,-25.234208804965874,-101.43923023751383
773.0209991771337,156.34026817260764,-1096.2818380432343,-1135.5367729565903,-238.45432339199607,-6.61242917683839,-82.12757898303214
898.0282287836291,85.60849092496137,-1108.8727314661962,-1060.399476739259,-184.35287224205223,10.277368911089496,-62.6956312817026
1010.8605024440834,22.122664499573858,-1116.2480521222133,-983.537022410737,-133.76437435386276,25.614019308084664,-43.173954223807435
1111.1276844313418,-34.434886886904344,-1119.2177254825517,-906.0054658823833,-86.86339529665199,39.58627742090414,-23.60535639506233
1199.0058583566695,-84.76024602720088,-1118.6275528118708,-828.6487651070378,-43.68496655035602,52.37818673350037,-4.047433811163643
1275.1090832326581,-129.87348595421847,-1115.290738603463,-752.1147821665179,-4.152064924435223,64.15759942958158,15.42585966873704
1340.3626806900352,-171.0722811186918,-1109.9287209528286,-676.8772401533037,31.899732702020685,75.06691155766251,34.72347629663014
1395.8809809537909,-209.88716186724312,-1103.1240356889675,-603.2605716040428,64.70014496663504,85.21507635754278,53.73726797840167
1442.8503099331904,-248.03264311352802,-1095.2871674918672,-531.4651683106312,94.5238765211393,94.67013657822349,72.34267537102355
1482.4170560072407,-287.35018568393514,-1086.638056122564,-461.591120075246,121.67113029949212,103.45181534789006,90.40017503615466
1515.580464088435,-329.7409732040652,-1077.201142145806,-393.65924390551385,146.44794557965943,111.5241003318913,107.75766152456677
1543.0901853483522,-377.08794253841967,-1066.81086711824,-327.62912899206776,169.14551275328304,118.78824860819053,124.2540618214977
1565.349702325523,-431.1666143308667,-1055.1229824096424,-263.4150008886877,190.01795356156967,125.0772409734611,139.7245836941422
1582.3289045169731,-493.5426577001411,-1041.6266117524103,-200.90123354648338,209.25863385090167,130.15341474526224,154.00804593838345
1593.4926446913776,-565.4512699036375,-1025.6533985918325,-139.95998880377485,226.97593769434732,133.7117322326435,166.95666468172954
1597.7570462460183,-647.6510694987115,-1006.3834690410525,-80.47339619740865,243.17056700859948,135.39172405914636,178.44840049883058
1593.4909125290524,-740.2461762187621,-982.8528522916821,-22.361664921051215,257.7177253238576,134.80128702402885,188.40144446734064
1578.5840346098416,-842.477708043957,-953.9720831932221,34.3834552415496,270.3587380031064,131.55483029909888,196.7896325989594
1550.6046895214,-952.5019606196623,-918.5689950065063,89.66305365394837,280.70733952209775,125.32638669452545,203.65662784150808
1507.0618551598523,-1067.1955793517689,-875.4681588370901,143.23906788624762,288.2755072447844,115.9150820965301,209.12583223279935
1445.7710801084581,-1182.0518942548256,-823.6137464470486,194.71347050459744,292.52186649574924,103.31606416665974,213.40253811829362
1365.2965094758783,-1291.2468362461914,-762.231987042533,243.5263095561124,292.9221182392672,87.78550108890484,216.76516907285088
1265.409457506263,-1387.9458855536789,-691.015903606544,288.9783033652777,289.05593130467724,69.8849952128904,219.54384121340541
1147.4750195386769,-1464.88761856456,-610.302239329451,330.27970409228556,280.6992293170782,50.49035512701114,222.0868429922055
1014.6644587306948,-1515.2160504642527,-521.2025920230509,366.6218954483505,267.90630773863325,30.753380529605636,224.71854636975004
871.9033764815869,-1533.4563895603476,-425.6511914628787,397.2629552433343,251.06448200516922,12.013297658736107,227.69494619357675
725.5084494161003,-1516.460181835359,-326.34192875841995,421.61465474358664,230.90634414230348,-4.334638878737849,231.16458178060745
582.532591678183,-1464.1122098624805,-226.54595226355252,439.3172602504802,208.47148090094782,-16.99489247180773,235.14234261249092
449.91252844250687,-1379.612008380827,-129.82458768056745,450.2905077065037,185.01949592176186,-24.925625791283636,239.50143691042888
333.57051362938535,-1269.2206047772397,-39.675052744420924,454.75376700544894,161.90684575615114,-27.463321813804868,243.98510074823662
237.64255222544324,-1141.4814084687198,40.83728932175262,453.2144066400403,140.44819363213395,-24.396083711593263,248.2354695051884
163.98000372539354,-1006.0502934445238,109.40092480138293,446.42901762991664,121.78606723385806,-15.97497269065505,251.8336251599777
112.00725287295887,-872.365669029321,164.68229353836992,435.3459428636387,106.78951409980714,-2.8663250233753104,254.34312026222284
78.9365246436835,-748.4248879201435,206.41799267062538,421.03866245424445,95.99419990136775,13.940320833716072,255.3496265104706
60.26826381877241,-639.8983864528598,235.36589194265383,404.6381297771651,89.58577697020263,33.24757382117423,254.4914514640662
50.462387275311,-549.7203949119992,253.13147770321393,387.2690972546509,87.41887906736528,53.76771612231434,251.4786918113807
43.65929458811398,-478.1755941820277,261.9060473231291,369.9922099877527,89.05869517497294,74.22676261699019,246.10175156799613
34.352438218356035,-423.39118944470033,264.16440424042923,353.7514722419678,93.83200898187275,93.44755498760065,238.23202771034573
17.950099404302243,-382.07253936990446,262.3701941778723,339.32633778648227,100.87910086068162,110.41196921753118,227.8183392687944
-8.804032253270588,-350.3004870672147,258.72852374721583,327.28907926358806,109.20461558182511,124.30683054898526,214.88219679424606
-47.563627284662005,-324.2349768032187,255.01146177927285,317.97046396863533,117.73138828534866,134.5586380433627,199.51368711905423
-98.27326617774864,-300.6250724387308,252.46643126315817,311.4389016010323,125.36379707390853,140.85942343988958,181.86816489021646
-159.23106174589776,-277.0888389953376,251.80366086173885,307.4989765503241,131.06538208486987,143.18189360316313,162.16265041204974
-227.3249166622411,-252.18015334079448,253.24872442839364,305.7139628447971,133.94988290354905,141.7786413539254,140.67020643081148
-298.43219831524607,-225.29374667116565,256.64031807657057,305.45363601846344,133.37757345540192,137.15933986459254,117.71072565115442
-367.947460104039,-196.47319318350623,261.5514287067235,305.9643003039991,129.04252314317483,130.04205962863895,93.63738062657083
-431.37479755880526,-166.18337039124756,267.4131832783786,306.45377641025567,121.03354244091281,121.2795551094924,68.8191649957067
-484.90119049535116,-135.09566390119477,273.62421673442583,306.181464764702,109.85328161084439,111.76704991653108,43.62111323833384
-525.8637164124807,-103.91696865633972,279.6337965246289,304.5432991295837,96.38593740281001,102.3428777464737,18.384585579494264
-553.0401306570185,-73.2765541277113,284.993667308898,301.14335416685094,81.81267651183836,93.6958043290754,-6.589768965232551
-566.7253294118184,-43.670237932329066,289.3809257501791,295.84711213940403,67.48293315965972,86.29224246172697,-31.054148269002482
-568.5966300506019,-15.449726959832297,292.6011625709017,288.81445260214826,54.75703650913803,80.33310169959665,-54.81949060696449
-561.4078190905394,11.163403843400992,294.5862428172808,280.51190092779774,44.839792610318966,75.74469099027459,-77.75491694132269
-548.576747014572,36.06435275757785,295.40290588457424,271.7028358088921,38.62534365844297,72.20231594543333,-99.78160657794722
-533.7396513138351,59.27746511065378,295.28550053575697,263.4115704371775,36.57142112172261,69.18032926707156,-120.86279093692482
-520.3381793406584,81.01258774637166,294.69788575660976,256.8539520661081,38.61706950370575,66.01934090893224,-140.99189452199144
-511.28684752300325,101.76835938912369,294.41618853176936,253.32557806663652,44.15314516691217,62.000429320066615,-160.18070356988193
-508.74557592891506,122.46151052263767,295.60765278015936,254.04119296108078,52.05016027448991,56.4173099026753,-178.44889021583992
-513.9996452499855,144.53196293790256,299.86506717437385,259.9268872736548,60.74363341297314,48.63990250501766,-195.81545244852896
-527.4318869628395,169.94689613254303,309.1468538946832,271.38047564061657,68.3728884400617,38.16580138500984,-212.29189154757253
-548.5611730553046,201.01606027152434,325.57645236404835,288.0329760172914,72.96485578990513,24.659007585602893,-227.87647960933603
-576.1179558029647,239.9509335171811,351.0768970607129,308.5613161448203,72.64958043424346,7.977310364000516,-242.5489431285621
-608.1315979008086,288.1634332022692,386.8594730560888,330.6132905244235,65.88886909941112,-11.809485624758793,-256.265349252442
-642.0148785956098,345.40428465065037,432.8439949211231,350.9037391735552,51.694395083548784,-34.40880497661843,-268.95380476877455
-674.6467954823316,408.9635198431097,487.14827588204895,365.52064544775385,29.807786981755214,-59.301979411686474,-280.51246987391596
-702.472370052221,473.24878750975665,545.823082403124,370.4400931136977,0.8143334296817386,-85.75058785564568,-290.81194526500457
-721.6522708494816,530.0613403656455,603.0011730889838,362.1949372512098,-33.834496779607065,-112.81679514723393,-299.7039229482832
-728.2989266780045,569.7582120163354,651.5579054444902,338.5860526954666,-71.90554112506209,-139.40302903178585,-307.03688818611994
-718.823428854439,583.2224234458506,684.2495618541623,299.2848525092703,-110.57713256251299,-164.31536524026563,-312.6777366292662
-690.3870138189944,564.2307194693236,695.1346675173942,246.1692668310596,-146.72524485608858,-186.35158483751198,-316.535917421277
-641.4074152684917,511.54077806490386,680.9472543377416,183.27333148359355,-177.26935964065996,-204.40929788770075,-318.58489604227066
-572.0267058497241,429.95937654297745,642.0389917141737,116.31031229105392,-199.53132575755473,-217.60296019529184,-318.8751387865366
-484.42082797208195,329.87999277116705,582.578149427644,51.83260625348163,-211.55468485311656,-225.37294968177642,-317.53393943413295
-382.83728042057487,225.25103476870171,509.88219237100714,-3.8112528275296427,-212.3360318515926,-227.56722499497738,-314.7501588048973
-273.29227818096257,130.4858777421315,433.0119818075542,-45.50267398094337,-201.93380070222986,-224.47799974881553,-310.7456282224518
-162.93372882560757,57.224527444940534,360.9812568000795,-70.14152190303105,-181.4407301875171,-216.82258031349522,-305.7384614052364
-59.16005115783083,11.925129914872983,301.0510244035761,-77.03614671835825,-152.82959508113248,-205.66768224433332,-299.90570024573844
31.349865362165808,-5.034238249190963,257.5411690867296,-67.83579209175517,-118.70236193981773,-192.3075266610514,-293.3528914787412
103.51514381968141,1.4010121348541986,231.41766650792084,-46.05795281240802,-81.98633560312786,-178.11479191294234,-286.0963553846217
154.48190562053617,22.970986689772772,220.6717333045134,-16.351353620898834,-45.62469201980298,-164.3877302223515,-278.06074456669813
183.90539787695587,50.61599773203501,221.2859264768364,16.323257709876373,-12.303178208773375,-152.21566306690355,-269.0910629295445
193.86506715776548,76.71176788924222,228.4529910808557,47.42290390583176,15.757866049993481,-142.37958014828814,-258.97564019060667
188.46226312193315,96.47022082799232,237.7041457181425,73.3424771697722,36.93280761475154,-135.29683276680248,-247.4752453881762
173.19601502153253,108.31324408639117,245.69547082891984,91.67520977407139,50.24290848632283,-131.0113369336525,-234.3536211585935
154.22894709192644,113.36425793627946,250.54442007426138,101.23005154917418,55.34388934952173,-129.2250105969036,-219.40580267986553
137.6484088703638,114.40750986811877,251.7479015679748,101.86855084169679,52.466734256230325,-129.36290695318218,-202.48200672505206
128.80787522986597,114.70909806421979,249.80903906602742,94.24294434314429,42.329653874940874,-130.6631246025571,-183.50606333013542
131.8101470705259,117.01396250622372,245.73667222129853,79.51208527781475,26.03541812695788,-132.28199584335044,-162.48801220833326
149.17170808205128,122.89614742810431,240.567206840254,59.09113848619188,4.963041977965673,-133.40437188561333,-139.53061881379884
181.68693947218208,132.50626307726498,235.01242645069146,34.46470334812031,-19.34179751896467,-133.34781762634248,-114.82944081876721
228.48989942703733,144.66540005279205,229.28104422910232,7.069379285163649,-45.27577773247758,-131.6487617994137,-88.66603338855279
287.28929100578523,157.2066410629869,223.07245750237757,-21.764567777010456,-71.28459140115285,-128.1191464936258,-61.39417587961989
354.7311871729977,167.4539249967766,215.70680904343652,-50.83070804617216,-95.96355814202096,-122.86480329116554,-33.41969940314618
426.8285774192321,172.7378429995834,206.33770388001193,-79.04225815565718,-118.14585898640058,-116.26191442189372,-5.175451878598565
499.3916305170019,170.86637283334858,194.1903472279686,-105.42167473049005,-136.97014250608694,-108.89481138903764,22.906133553933167
568.4002573495255,160.48903800374643,178.7745574743819,-129.09387581716027,-151.9192220332265,-101.4654890225575,50.419820432956186
630.2798205401386,141.31400564287446,160.03527870803447,-149.28728733308182,-162.82402519278077,-94.69065673480199,77.01065459018604
682.0667106341715,114.1598538756302,138.41968581774157,-165.34242334428365,-169.83167034403604,-89.20427265961152,102.39094081792696
721.4760196064312,80.84719670283043,114.85699545928344,-176.7249316521844,-173.3425939030032,-85.48154743187214,126.34981794868101
746.9020877664682,43.95804421604397,90.66209322433872,-183.03914074235644,-173.92757726992386,-83.79479073475136,148.75544159764854
757.3901048106495,6.508699076777106,67.38470858241072,-184.0390596601748,-172.23967221194096,-84.20373284859363,169.55090764761502
752.6124670682535,-28.409472389730624,46.63048421227762,-179.63615029306638,-168.93697174074026,-86.57524091519369,188.74569994757374
732.8696882704874,-57.97093601042568,29.878734972043254,-169.90620495176998,-164.6291509623136,-90.62176478865626,206.4044910299906
699.1168700929967,-79.90348727209968,18.31581056010287,-155.09998860479263,-159.85397205519632,-95.94577494508076,222.63464147446848
652.9982830668304,-92.70795510573804,12.696352411071611,-135.66231931721615,-155.0809780108924,-102.0791574932415,237.5729907108464
596.8592259858865,-95.8110788056149,13.24137269632039,-112.26068433797246,-150.73088355724843,-108.51112091934712,251.37186180734602
533.6995480375307,-89.65206859993935,19.584234372093647,-85.81727322909023,-147.19360473445758,-114.70395111718449,264.1839361837834
467.03893779843736,-75.6838078235915,30.7817590743582,-57.5293126023974,-144.82778568357287,-120.10100594899664,276.14596023109317
400.68025691730287,-56.24135001907301,45.412068377806094,-28.855518283297556,-143.93085997141182,-124.13413822344197,287.3620648120819
338.3814425653946,-34.21733152736196,61.77545014613948,-1.4457867544745966,-144.67975741654197,-126.23758258023129,297.88852002981935
283.47388908261064,-12.513443307053578,78.19386542460026,22.999842550817277,-147.0550061724187,-125.87252783699964,307.7225725563647
238.48865504958914,6.679217411018115,93.37005624158354,42.93841186253829,-150.77090235867615,-122.56222690253297,316.79818392363876
204.8635115236435,22.6016912329395,106.72926831162792,57.22904868126042,-155.23790437551122,-115.93308392146774,324.99074268576635
182.79767153978267,36.38824429076976,118.64275875590272,65.3658362610046,-159.5787043263311,-105.75412507488764,332.1312055261581
171.29545541233637,51.0027791325726,130.4392563840619,67.63812575592391,-162.70746458198255,-91.96650716451305,338.0280151856538
168.39990400052787,70.51573060063288,144.1553937591107,65.1644559598562,-163.46581215713942,-74.69638948869695,342.4931682975028
171.57308373050483,98.82411259501697,162.05011030287403,59.77069424971772,-160.79394336273265,-54.247984433460786,345.3676141662319
178.1449155360962,138.1720841587893,185.98759812506557,53.71976342501381,-153.90493230794237,-31.077799957721382,346.5411897517704
185.7380497451094,187.97921267118642,216.84863095561974,49.33900217472046,-142.4278130225186,-5.754762393808193,345.96357532295224
192.58713405041527,244.43817619995974,254.1373809901358,48.620048971641395,-126.4907111787601,21.086891238665885,343.6449056490751
197.702596665552,301.0985264524329,295.9034062106226,52.87601298825379,-106.72753759276604,48.794733611219094,339.647028936641
200.87058196174686,350.3012769010432,339.0105276626629,62.52826880158201,-84.20729298049648,76.73938591246056,334.0682774335341
202.51837004277473,385.0192708516308,379.6855922441079,77.0640548524632,-60.30008893870374,104.34627692639681,327.02552981734743
203.49795572895076,400.52202611936343,414.2041489332127,95.1653593300453,-36.50520830418628,131.11675577250912,318.63720100923723
204.8455063897863,395.3713189259295,439.5409163016269,114.9710067262394,-14.271738441859583,156.63927963356582,309.009832596419
207.56407930147626,371.5142396984132,453.8365213722022,134.40772507058603,5.1590751047667425,180.59242207271492,298.2296191086062
212.45844318889203,333.5538499491199,456.59545052983253,151.5180970229653,20.867610862844884,202.74167146754388,286.35893877948445
220.03181719719336,287.51739011106616,448.6086144198247,164.72361312526948,32.3141110811475,222.93172702555904,273.43706079585553
230.44007899837118,239.53217046505137,431.66125954913684,172.98430611332364,39.34094247218019,241.0756158276675,259.48376833765104
243.49128065203465,194.7577938286192,408.12529767185345,175.84455501493343,42.127968596623305,257.1416936121494,244.50459435061617
258.67617719766037,156.76716252506083,380.5395440347433,173.37959321286866,41.11622469554462,271.1395124694114,228.49656202324576
275.2167853337435,127.39587416029883,351.2587125224198,166.07350959872343,36.91712986548862,283.10554956112423,211.45360855517276
292.12283217796397,106.95221440972954,322.2157206641731,154.6651805479202,30.222872894269898,293.08975566801865,193.3711596148604
308.2492323402629,94.62474743924314,294.80564724999874,139.99501558060257,21.72951069952873,301.1437211084983,174.24958426675636
322.351026046711,88.9343264273016,269.87306851142694,122.8760835892494,12.079155074156716,307.3109994173247,154.09650208438498
333.1352936312806,88.12574928307308,247.7710893875716,104.00201722145057,1.8227058062302604,311.6198989558991,132.92814231734218
339.3120192997009,90.45221395920956,228.4587923395979,83.89419303180009,-8.599161415410578,314.07899173966535,110.77015374063535
339.6470815481185,94.35253750059907,211.60987594741576,62.88378630452032,-18.861182056607163,314.6757655136897,87.65839202228894
333.0199414385404,98.54783220062168,196.71429204234454,41.12077250924686,-28.749803028484337,313.37918257737164,63.6402174816058
318.4860873121084,102.09141306459614,183.16314817408107,18.601232215265604,-38.15469498427325,310.147172840137,38.77668346692137
295.3404916719352,104.3986233689997,170.31321025881323,-4.794540169148988,-47.05784085241376,304.93995301553593,13.145688107966826
263.17451992992113,105.26880827749464,157.530887935155,-29.258553308732367,-55.52046975981108,297.73924574222514,-13.15424148212098
221.91647446288366,104.89591422158998,144.21764011758296,-55.0094177928946,-63.66621796620305,288.57189749297277,-40.00025410340839
171.84658038543728,103.85194256102875,129.82072782227397,-82.24564005520091,-71.65778616391002,277.5343284213179,-67.24253294963208
113.58126244173704,103.02243298063325,113.83613914611801,-111.09796710846605,-79.66453041537241,264.8123211694982,-94.70364948717807
48.0284866372637,103.47795325753154,95.81406243989672,-141.58090798810417,-87.8201899093531,250.68972807529258,-122.18051248083498
-23.67584034787828,106.28124056243718,75.37962470467764,-173.54518068024635,-96.1732657093053,235.54054152311897,-149.44889717014576
-100.23319147760868,112.25413190688411,52.27971291151766,-206.63593166708176,-104.63681398538108,219.80178799219811,-176.26980826711795
-180.22843877498116,121.75504633442185,26.457904104707964,-240.26533060416392,-112.94837806276597,203.9294881137632,-202.39631895459533
-262.13719479557705,134.5349502987049,-1.856077311021295,-273.61086934617805,-120.65279353187057,188.34527216331782,-227.57928726905357
-344.2832366923984,149.73398840332132,-32.073595165815675,-305.65020883544446,-127.11906606487477,173.38540040451164,-251.5706583170926
-424.7490590291709,166.04406462273153,-63.23262156041679,-335.23799435038677,-131.59665533998003,159.2651829494253,-274.12393507889556
-501.2609418324504,182.00046176852098,-94.07612384461041,-361.21968620353243,-133.3070070549001,146.0691266768436,-294.9926550975242
-571.0883019180137,196.30247208372046,-123.22911653258271,-382.56469395579546,-131.55549243500414,133.77083178813405,-313.9289660864635
-631.0098355267114,208.03498578023363,-149.43687441998293,-398.49080379107255,-125.84066551235799,122.2783680116408,-330.6851692965091
-677.3997303845687,216.69789346275041,-171.78832088832704,-408.54938566940984,-115.93545074531826,111.4931531137542,-345.0209665635077
-706.4710484583359,222.04434155384172,-189.83833065620223,-412.64924855443996,-101.92034122011111,101.36584434605533,-356.7179073470189
-714.6792986300907,223.8380088225074,-203.574102037972,-411.0148470602819,-84.16090350500549,91.9331040242414,-365.60035688651527
-699.2426100778025,221.69743738816243,-213.23578840897073,-404.09560508082956,-63.23703554549923,83.32437095723537,-371.5597636470034
-658.6879554733545,215.15559863144568,-219.07050483594585,-392.45876200812245,-39.844269265200296,75.73634322449857,-374.5769294901899
-593.3018831280913,203.93632958918715,-221.1347109177617,-376.7013934020773,-14.693449786980054,69.38203738510174,-374.7362112842147
-505.36397994337534,188.30709699650214,-219.24039640320973,-357.4064805682572,11.567474439242154,64.42819161792963,-372.2266042515068
-399.07820855998403,169.2991898443543,-213.0725976614882,-335.1478785765518,38.395496582827334,60.937440647497056,-367.3273831096711
-280.1846995804695,148.63977395366058,-202.42371937715532,-310.5286564743655,65.35703182383317,58.82959946815163,-360.3796831773114
-155.31334503407368,128.3870452000404,-187.43576265170185,-284.22516459974497,92.10432070242133,57.87056766932821,-351.74895440775254
-31.2053565838132,110.4135102857245,-168.74054790449213,-257.0095743838823,118.33899207376302,57.68986715495845,-341.7854829888337
86.041561876457,95.95567735035212,-147.43681148898952,-229.7348723140095,143.77776691814478,57.820973500444694,-330.7904505535345
191.56329132800838,85.4070398491083,-124.91373084889977,-203.28231377699348,168.13052698636378,57.754202651986304,-318.9932894377994
282.0646883888007,78.40913816725542,-102.58851847578089,-178.4851117166447,191.09446962140464,56.99077214967686,-306.54305752720234
355.8787756321421,74.16505250662395,-81.64854790715515,-156.04888453370575,212.36244618978913,55.08848231545548,-293.51322763428544
412.790989473777,71.82440201124783,-62.8736373977042,-136.48815975304848,231.6403552633289,51.69317024764292,-279.916644781524
453.7096977101078,70.79146704756019,-46.57573940851515,-120.09132515530902,248.66780822296897,46.55428678066346,-265.7260430112132
480.27514666973985,70.86892541248072,-32.65126279106407,-106.9175647286229,263.23742262219776,39.52643284097805,-250.8955051685919
494.4855052693899,72.22858642881624,-20.711096311397228,-96.8217722977873,275.209935076766,30.560776893437907,-235.37924254413653
498.3916324633275,75.2613848398071,-10.241425525552671,-89.49891680843923,284.5239950934375,19.690855998763066,-219.1455189066947
493.8831702328406,80.3844179359249,-0.752629724571932,-84.5379561753818,291.2006005328269,7.01668661421194,-202.18494218027956
482.5656464780952,87.87493829917244,8.112547752606247,-81.4762885263813,295.3426684924351,-7.310068883067629,-184.51338883351175
465.7146579319448,97.77334424485542,16.523710154296793,-79.84777517280867,297.1304102083083,-23.098395909085,-166.1704283279863
444.2881033156418,109.86491544056442,24.458246701060247,-79.21971273502898,296.813206676008,-40.12720197527408,-147.21435879059862
418.9780403427973,123.72486654222789,31.735926289259382,-79.21632699788773,294.69867293989694,-58.15172254108359,-127.71499844170332
390.28701947708964,138.79852911484926,38.07690997667863,-79.52827507418598,291.13956094611035,-76.90752566457746,-107.74533315839994
358.6174772819518,154.48785773547104,43.16754665038662,-79.90927658697366,286.5190492016996,-96.11272996332177,-87.3730740717858
324.3657502963241,170.2232448216237,46.72107642027326,-80.1623517661466,281.2347913078966,-115.46917048757658,-66.65314371210442
288.0140707831824,185.51085254186248,48.52420108519794,-80.11918286270235,275.681889249447,-134.66341648270435,-45.62205640599157
250.21452946434388,199.95590366309995,48.46423375530743,-79.61676689562708,270.23481120142014,-153.36874914390134,-24.29504502345126
211.85863135974466,213.26875570701347,46.5346715053883,-78.4757356770086,265.22828576627217,-171.24934910665405,-2.666576652818886
174.12504681982793,225.26213997102582,42.81958014314849,-76.48446051865457,260.93743978947913,-187.96787831321024,19.28541797600365
138.49694751867656,235.84540023428303,37.459501440326974,-73.39234028969199,257.5579101472857,-203.19723378652088,41.591686254592155
106.73959453855869,245.01683605000935,30.60403163498647,-68.91450617320295,255.18729147853108,-216.63644256648845,64.28071006456739
80.82945872779418,252.85080926720946,22.358787103149616,-62.748574047724404,253.80996811785747,-228.0295369019865,87.36566452075567
62.8289642997664,259.47441058862904,12.736734376414375,-54.60207330025415,253.28796434421253,-237.18504708473606,110.83062662107288
54.706567854927314,265.03066263863985,1.6250918374467602,-44.22693945655871,253.36074012579738,-243.99287058473385,134.61759326172302
58.11035813297222,269.631531594692,-11.22145065934906,-31.455394063440053,253.6566313792154,-248.43515206905118,158.6158907795354
74.11388211972687,273.31279446824084,-26.15287718302023,-16.230397217555407,253.7176426084796,-250.58872963452384,182.65538289618414
102.96371991608694,276.010629123406,-43.557342581267676,1.3754121759745601,253.03736947553696,-250.61862068410952,206.50453771929506
143.86693389684723,277.5817208590559,-63.758144246755016,21.15511558873709,251.10899999745035,-248.76443369437862,229.87395386283748
194.86014866768457,277.8794454176555,-86.88471253031763,42.774654378919564,247.47705775254832,-245.32360678252243,252.4254418842178
252.79842322973514,276.87550494101725,-112.73944762906689,65.78349441359217,241.7837577351028,-240.63600434811852,273.78627617573636
313.4902899958572,274.78339721075105,-140.69536837780134,89.61819901040103,233.79987303234773,-235.07303375800166,293.5678173091567
371.9862114676272,272.1120761528552,-169.669559055106,113.59245516141766,223.43210225371294,-229.03126696706647,311.38736601162134
423.00395948097315,269.578467902391,-198.21478091582958,136.87862169141883,210.70452442064942,-222.92671731977757,326.89182826275555
461.4501100435272,267.8556893470711,-224.74627206056675,158.5008637554595,195.71980834270246,-217.18322030192394,339.78151480086626
482.976455673333,267.2256882511424,-247.87077443075188,177.37000867321896,178.61378787153765,-212.20847843841742,349.8321508191797
484.4976250983532,267.2992036110859,-266.72493658530544,192.38615385801228,159.52133722453397,-208.35494031254404,356.91295932126144
464.5943198882779,266.9954525789123,-281.19156869529775,202.61268365500902,138.5693453787893,-205.86892573672964,360.998590483662
423.73659463812254,264.8881091208061,-291.8778422885663,207.49058229441806,115.90347024741921,-204.8380050998958,362.17283493976663
364.28324141569243,259.83786949784314,-299.82091153614437,207.03020998774093,91.74189634549278,-205.15077785450293,360.62262223279504
290.2446319746599,251.639984786811,-306.00676081284684,201.90707842773816,66.43667579944812,-206.4827759239428,356.6218422525553
206.83337778318483,241.34447412485324,-310.88865463609244,193.40888470965947,40.516936038198025,-208.3168755784883,350.5059738348919
119.8637840250392,231.0284252500721,-314.113263365986,183.22823221236047,14.691572548285592,-209.9979518179075,342.6401211697177
35.08960418969438,223.066011605677,-314.5840113506195,173.14991860835332,-10.198702195670279,-210.81249934458316,333.3844613246769
-42.41751078285519,219.20417475201734,-310.84661992499684,164.71942979405412,-33.27347777629117,-210.07761790652808,323.061875352399
-108.75404391283205,219.8562099945221,-301.643405192949,158.98407906007267,-53.727888376785515,-207.22204431030906,311.93236805674746
-161.46799897713254,223.91445244349907,-286.41864258500846,156.36957777329022,-70.94275290344865,-201.844973792274,300.1777241528665
-199.6140745158028,229.1298506953725,-265.59254780971656,156.70710414076922,-84.56368572169183,-193.74479770311459,287.8979461882625
-223.59981553070867,232.8574464699674,-240.52878386154055,159.37990157867873,-94.53331563295312,-182.91728415670264,275.11884880976487
-234.87837503651346,232.84631217200587,-213.24151845665267,163.5307254615782,-101.07424627384502,-169.5289316039252,261.80829404516794
-235.56322396348935,227.793824076528,-185.96894966450688,168.26803818438714,-104.63247968576138,-153.8748385562938,247.89738085319684
-228.04042989133228,217.5317194832992,-160.7570180094986,172.82494010913666,-105.79829000193627,-136.33114044149818,233.30264278828324
-214.63825510314274,202.8728457602483,-139.1597118531845,176.64969433341594,-105.22291414177829,-117.31044738014958,217.94587770178615
-197.38903624238398,185.2513976695035,-122.10048480578538,179.42973806841223,-103.54599885705528,-97.22581865236926,201.76934288254014
-177.8927260136548,166.31319562229936,-109.88266504921506,181.0658237230253,-101.34276188633731,-76.46568754828792,184.74532677108334
-157.27139965499242,147.57554640018552,-102.30273152411469,181.61804384426938,-99.09361369976727,-55.379567556989514,166.88022844822308
-136.1925176724913,130.21484351505703,-98.8115421771503,181.24324814979008,-97.1741701937194,-34.272689368405004,148.21403886720492
-114.93568409078432,114.985107348339,-98.67778675191607,180.13740158300885,-95.86083044366036,-13.406950783266588,128.81646958771714
-93.48083209263072,102.2372055168396,-101.12496204637479,178.48995262559396,-95.34625899383177,6.994493934658884,108.78097772448989
-71.60223466879711,91.99724824570427,-105.42992305498106,176.45219178726552,-95.75961420773524,26.741298898412246,88.21771410978792
-48.959814343016696,84.06663556365514,-110.98327024222887,174.11852040678093,-97.18752215264308,45.670372073007755,67.24610952485807
-25.185097890323128,78.11709052480052,-117.31853512790437,171.5183212547745,-99.69306318321374,63.64184233250615,45.98752084545288
0.037084431105014914,73.76557782311255,-124.1192757064829,168.61616813163798,-103.33109353083191,80.53716841497277,24.55815570532918
26.888660929411976,70.62318029889519,-131.21235798401867,165.31884133480918,-108.15895400815981,96.25957144951661,3.0624135393210086
55.338475660844814,68.31813904404675,-138.55330483457655,161.4885430948431,-114.24205483245987,110.73659772679673,-18.41317453239226
85.06362686794088,66.4971099010429,-146.20667021143595,156.9624574794648,-121.65407516009851,123.92428359976489,-39.805073712506875
115.37735818632342,64.81146966308683,-154.3216460841679,151.57907030746523,-130.47169888634323,135.8120954551861,-61.07638820522991
145.17414112563335,62.89820047234611,-163.10107300635195,145.21120491310458,-140.76402150123002,146.42758346571904,-82.21823109448016
172.90797261455324,60.36770125643042,-172.7612194632517,137.80438040296798,-152.57705772752968,155.8395814200854,-103.24785908778647
196.6240905649447,56.812891310588576,-183.48060673466352,129.41690884155577,-165.91415581815428,164.15888786081365,-124.20258442529826
214.06545952207665,51.85308619390964,-195.33904793505076,120.25552716972604,-180.71353957848993,171.53574172938914,-145.12869630869798
222.87136449381637,45.21972758990043,-208.25263094994898,110.69818640829817,-196.82459837038618,178.15406023142313,-166.06516926605246
220.8743449231898,36.87759779823024,-221.9153803714015,101.29515594471528,-213.98490382313798,184.22322730414427,-187.0228358959693
206.48262352543807,27.15641001362515,-235.76163006011495,92.74208486268768,-231.8002947996926,189.96896465781046,-207.96089848480074
179.10934180395765,16.850304631279897,-248.96229112127543,85.82458582612945,-249.7308573356629,195.6251443038243,-228.76397170544473
139.58146992171382,7.237294122091043,-260.46187334914794,81.34220846995613,-267.086356468442,201.4279890007365,-249.22398705621805
90.43753313050321,-0.013799409855195677,-269.0526503564878,80.02739856703116,-283.0356305970097,207.6128245548465,-269.03186264524874
36.013755012044385,-3.0451025787710364,-273.47234518050425,82.47809682427174,-296.6352898056024,214.41163158280295,-287.78346451534344
-17.768004493874137,-0.07413893631188273,-272.50833188022006,89.11778414085953,-306.88300181995356,222.0477672298753,-305.00280259203254
-63.954841423372585,10.348188476370197,-265.0983198062645,100.18424554692065,-312.7986598524157,230.72336365517083,-320.18262562026894
-95.43584422568384,29.1405277420145,-250.43174728399453,115.73325716380403,-313.5319463994211,240.59596390732597,-332.83897372910485
-106.027062212201,56.56311049821721,-228.0669847677922,135.63450378576434,-308.4872452951284,251.74425609994256,-342.5725389358677
-91.58617262401077,92.12453240214806,-198.0741350682033,159.54191606912468,-297.44797130867266,264.1276635044689,-349.1268232832778
-50.92999783976542,134.49144936172627,-161.1869854332131,186.84001342962088,-280.67512766303844,277.54938497450956,-352.43200208801164
13.665287140645589,181.42616510300076,-118.9117436823895,216.59277977068342,-258.95287488708533,291.63509862780865,-352.62470843804437
96.53569451066733,229.84509158273426,-73.51919956711254,247.53679658355549,-233.55981185688427,305.8382054153251,-350.0376964011824
189.3123446600628,276.1004225123535,-27.86394348075828,278.1532263358103,-206.15870529205526,319.4768301026889,-345.15888052003913
282.1185206835968,316.5016276550702,14.967901998776597,306.82319104613043,-178.6163918503748,331.79926992461327,-338.56538215782456
365.06152988001446,347.9531926418126,52.10723982952828,332.03215837943986,-152.7837324500181,342.06608053564196,-330.84346340238807
429.72787857847806,368.4881596032752,81.32234878259132,352.5625571562527,-130.2765764232723,349.6317023488941,-322.5082663940422
470.38944437097933,377.5024169039609,101.2916863856046,367.61566585232106,-112.29864936522284,354.00853653634886,-313.93731033719246
484.69909922035333,375.6346429950621,111.66828139731138,376.83354843538314,-99.5360934762918,354.9016935267022,-305.3287210836389
473.77557093748896,364.39961492840723,112.95460144200868,380.2331930156864,-92.13508365380468,352.21119896233296,-296.6899535730295
441.7142999487938,345.7647470301069,106.26611622734194,378.09611785921857,-89.75477570977779,346.00706203528443,-287.8566378087531
394.6766770568847,321.82380642187815,93.075587079055,370.86325876004867,-91.67364882114299,336.48836767297826,-278.53561161565415
339.77701791548867,294.6148457857088,75.00232417912395,359.06765996579696,-96.92130796644125,323.9389557657021,-268.36241383172086
283.99458493716116,266.03488486613577,53.666355045716415,343.3094873007366,-104.40987958269221,308.68963662876,-256.9621481192656
233.29428925424315,237.7758345657681,30.59356165859279,324.25525618151926,-113.04655177490824,291.09199123013417,-244.00366278412216
192.06440268735673,211.24007201549205,7.147357366712612,302.6356717633636,-121.81793125575008,271.503792188446,-229.23982352482838
162.8970836241093,187.44658346591456,-15.52863870850014,279.22387465161415,-129.84470663857599,250.2826454568935,-212.53035692512714
146.66863721618944,166.9681686224692,-36.55737127105198,254.79066293874843,-136.41010432412588,227.78327691021306,-193.84735988492588
142.8335031835494,149.933559810781,-55.35540101058521,230.0464645028281,-140.96775443577278,204.35466775341516,-173.26637282308295
149.83159698518222,136.099256828352,-71.63121944876295,205.5858788777718,-143.13470124677448,180.33508226781538,-150.94752552839617
165.51775226922265,124.96731341940138,-85.35289207230706,181.8488536669643,-142.67445229803536,156.04495120962093,-127.11166676541626
187.54553301961488,115.91242316937794,-96.69143361568851,159.1059393161268,-139.47395330794504,131.77888739045258,-102.01583308534117
213.66611332751432,108.28627613781056,-105.95140982717828,137.467537771335,-133.51757364236218,107.79856500761892,-75.93128223473896
241.92887848477034,101.48198283895303,-113.50061477738957,116.9115661735612,-124.86063017906964,84.32790942153622,-49.12599941577568
270.78964831017254,94.95727961151519,-119.7073886592545,97.32162416901342,-113.60455431902128,61.55133481638184,-21.85238282343549
299.14370005612574,88.22636257663555,-124.88942849082991,78.5281823844988,-99.87540386767752,39.614970569185225,5.660092499307206
326.3049185554843,80.83507280664865,-129.27379732593727,60.34734055825814,-83.80699291241527,18.63017711601654,33.2079861182669
351.95134169457594,72.33428417224341,-132.9653958374619,42.61413284677022,-65.52948013034573,-1.3217187378663482,60.613759001215904
376.0532351643427,62.26415379646346,-135.92070955334597,25.209339615367767,-45.163869606310755,-20.18463968539884,87.72335466952298
398.79445549833974,50.159233258039414,-137.9249361375431,8.079902257673453,-22.822575200788435,-37.92398924395445,114.40228116661928
420.4925801749165,35.58196808870977,-138.5731710274263,-8.746716174389093,1.3840250601353645,-54.52472917371516,140.5307465551368
441.5189700121483,18.189341758522843,-137.2596857914334,-25.154368667267704,27.335320577477802,-69.99183417008618,165.99817979770467
462.21713874003655,-2.166922847104317,-133.1829067603233,-40.937369216531465,54.88304298853143,-84.35331725415062,190.69731616187016
482.81693093302636,-25.313590591362924,-125.37670353298626,-55.80917897037352,83.82972422074033,-97.66563763003627,214.51797914444623
503.3433531528121,-50.620919866182646,-112.77982843578489,-69.42374725154048,113.90486731549667,-110.0208527931712,237.34076888644742
523.5226057223832,-76.89238436348467,-94.35314269145348,-81.41272209668082,144.74178447986608,-121.55433930657234,259.0310678600929
542.6936946706245,-102.32625478078643,-69.24678107271507,-91.44041768653119,175.8593971368521,-132.45129880721427,279.434066277303
559.7410691534625,-124.60281292741907,-37.00547120056221,-99.27505463696687,206.6545152924987,-142.94967113890664,298.3718224497027
573.0702343679194,-141.14016306426203,2.2192499462937576,-104.86913449374096,236.41065800082706,-153.3366657088085,315.64359843766266
580.6515859912847,-149.52472242132416,47.50163948477416,-108.43451315892513,264.32864553919615,-163.9361465196064,331.030714783229
580.1548248784072,-148.05909227305153,97.08354103077326,-110.49078092077545,289.58138427653955,-175.08484768570636,344.3068250458943
569.1849952465527,-136.2954624435351,148.48335800546892,-111.86229117679902,311.3903230669871,-187.09706470595026,355.2537571580748
545.6112786755355,-115.37022049265488,198.79628026203733,-113.60349715825204,329.11464199310115,-200.2200591410261,363.6819549918243
507.9541575128778,-87.96616193872717,245.14990232183462,-116.84674212022578,342.33797301622803,-214.5855782395011,369.45327642574796
455.7716711681525,-57.82803294985193,285.2105336314999,-122.590232340089,350.93370371317684,-230.16586899291065,372.50278743022074
389.96933744278414,-28.92755414973506,317.58858354966463,-131.47030354177318,355.0909926537744,-246.7442991298331,372.8556066660547
312.958185687229,-4.545219994093387,341.99833312041494,-143.58054621567746,355.29068610577576,-263.91012755099325,370.6350951159932
228.60463605152688,13.389207745240647,359.10143318447234,-158.39973507309008,352.23238926314946,-281.08348665577284,366.0598384315184
141.9521075382807,24.443491746191377,370.08371323464826,-174.8653334491162,346.72764460973406,-297.57053012505327,359.42874855217246
58.73893337048206,29.292261663714584,376.12868164698375,-191.58482270684664,339.584657091611,-312.64132369315934,351.09578231512523
-15.221086063214507,29.019817043811003,377.9987772401561,-207.1293270202021,331.5128630915127,-325.61660812865404,341.43768944284193
-74.70107174822571,24.48255512178445,375.8859071891361,-220.32363142721726,323.06901510532214,-335.94635949993074,330.81938031697183
-115.66394028174912,16.030285799983545,369.5666537775437,-230.4485702150445,314.65229174259946,-343.2645980872229,319.56169417937423
-135.7157841347439,3.660080551226031,358.7589748124746,-237.30623716631698,306.539491716685,-347.4110394905435,307.91559782112364
-134.34804216891888,-12.566274053346262,343.4971721355796,-241.1501608413855,298.9390012425099,-348.4190606485246,296.04545222949
-112.94326933674685,-32.12690210528952,324.3559900294078,-242.52812038430042,292.03857251768284,-346.47805259152227,284.02236888409834
-74.55638496626165,-53.89302818222901,302.44478844666423,-242.10562722588787,286.0278535154613,-341.8835998590083,271.8272245225573
-23.514746426386225,-76.28563433018581,279.2031046317218,-240.52810405392034,281.08890334699555,-334.98941692464183,259.3618567178426
35.09773253433035,-97.62497274332489,256.10324497158047,-238.3492814596383,277.3611531900242,-326.1709104382446,246.46638962484525
95.99691995596385,-116.49167706069738,234.37791689196195,-236.01994385585493,274.8962897674194,-315.8036881961201,232.940466619957
154.22138981150403,-131.9550410108349,214.8524885893755,-233.91008108884836,273.6206661001347,-304.2541057051966,218.5662538149547
205.56036554146309,-143.61841380696345,197.90433368199143,-232.3344967800146,273.3185564184593,-291.8753212725465,203.1312893779221
246.8453741096925,-151.51910484214886,183.5257995367624,-231.56284238839504,273.64166682852823,-279.00221197824067,186.44950095143665
276.08857548575276,-155.9622140862931,171.446243705293,-231.81060066139975,274.14226272536746,-265.94122120194635,168.37896953498648
292.4745373688226,-157.362597852422,161.26951528110948,-233.21931078416551,274.3217032020011,-252.95508979350717,148.83529913365302
296.23148493257327,-156.13764112453595,152.59560555986528,-235.8384316899738,273.6841143210655,-240.24566622062446,127.79978891048243
288.420018629975,-152.65924528215226,145.10929677541586,-239.61854356359433,271.7859510333795,-227.93942582121076,105.32201820522175
270.6810627518211,-147.25067324729338,138.62973546553235,-244.4195466295946,268.2750426429551,-216.0797444226155,81.51693492789788
244.98131353301423,-140.20583734213295,133.12235172326254,-250.03165054234455,262.9160498954205,-204.62797195326473,56.55704203047568
213.3859319179003,-131.81164485928556,128.67947135573155,-256.203325033066,255.6021228114985,-193.47292432536378,30.66073924212784
177.87742870088658,-122.36237945370516,125.47913390901024,-262.66940789731905,246.35448939838074,-182.4464593807663,4.0782268064750955
140.22914079918735,-112.16376490301792,123.73319585002605,-269.1735838507079,235.3126869675783,-171.3418407747126,-22.92344249735743
101.93316738856385,-101.53009988811979,123.63571722761806,-275.48149328199736,222.718353197857,-159.93168109745116,-50.07459505257935
64.17694874430376,-90.77937468225801,125.32111289058074,-281.3830228608616,208.89517543935318,-147.98310860271602,-77.11509196260454
27.859803341385494,-80.2290118412906,128.8391308919142,-286.6844219927973,194.22699387704918,-135.2689901269366,-103.80340584662531
-6.3599136126077624,-70.19055493198113,134.15098699331526,-291.19259227293304,179.13537024503574,-121.57516881253895,-129.92205966647083
-37.995664293793126,-60.9577281718189,141.14825008171465,-294.6951485612493,164.05733314614918,-106.70448402164554,-155.2793275175284
-66.6490196770912,-52.781271014893555,149.6932567742803,-296.94061414896123,149.42361366684807,-90.47874827990691,-179.70750899951767
-91.91777916360786,-45.82750344472018,159.67660187481277,-297.62334627963537,135.63755220020488,-72.73991781332138,-203.0584092041091
-113.30193212522627,-40.12588725602978,171.08336017183905,-296.3774572623906,123.05497871028518,-53.35154274676239,-225.19686862841206
-130.11407500059275,-35.522077792836775,184.05535752656786,-292.7831027884595,111.965664074791,-32.20136479876552,-245.99330315555858
-141.40267141903055,-31.663151537349783,198.93292894469937,-286.38710850918795,102.5772853968299,-9.20574358323656,-265.31626835395554
-145.89949770124787,-28.045392804742683,216.25774888613478,-276.7380976428583,95.00311781795747,15.683544652622748,-283.0260981195609
-142.0063390381381,-24.146824285236672,236.72040541144383,-263.4341798623567,89.25477531140515,42.46975223942127,-298.97071423182774
-127.8393107691829,-19.64361812231595,261.0440619555486,-246.1789733812569,85.24124934778393,71.09878683469579,-312.9847484533092
-101.3498716001115,-14.673832996433177,289.8093892315193,-224.8393912351006,82.77525296543152,101.44458241870022,-324.89308859297506
-60.536653845705786,-10.072895726412444,323.2446061371256,-199.49648765503608,81.58746962312716,133.29376573184283,-334.519722499697
-3.7488270236670758,-7.478957453715104,361.0239920310674,-170.47924969456162,81.34866327812591,166.3324075556033,-341.70216082109346
69.94102030805175,-9.21144767419214,402.1320404271946,-138.37136896919498,81.6985900748405,200.1388012702497,-346.3106869681557
160.3454559003157,-17.875907995973186,444.8505317489046,-103.98371906902184,82.27914765462654,234.18676148061923,-348.2702892472761
265.8304128282749,-35.739397136026085,486.9057687033933,-68.29112916569815,82.76729345238923,267.8633320973562,-347.58167854316366
383.1351264955576,-64.02681694506884,525.7724059235316,-32.34066928330341,82.90143085254832,300.50268765029665,-344.3367853342541
507.42556237505306,-102.36276905892225,559.0776252072396,2.851952505997474,82.49409403244235,331.43450270373773,-338.7241110450903
632.6237546533312,-148.57802987238549,585.003516184134,36.39458871485016,81.42492723663764,360.04083668163287,-331.0206397827782
751.9930534899601,-198.9941512843944,602.5690148086119,67.57592622957523,79.61186322886407,385.81183396502377,-321.56963464528377
858.8907415184489,-249.12435747407847,611.7009810159956,95.87272017810042,76.96478021873641,408.38866764583236,-310.74696608965405
947.5476654974406,-294.561308204169,613.0737078693681,120.9076685819461,73.33312029381314,427.5832601735775,-298.92167303003055
1013.7190789683965,-331.7500432856047,607.7817990166287,142.37664034590682,68.46424799616078,443.36870083156253,-286.41820739291
1055.0794510809963,-358.411791251611,596.9743641401501,159.97678106498125,61.98986610824583,455.84116412335004,-273.4875841021963
1071.2982369527056,-373.558318249993,581.5869580726152,173.36821016579228,53.452027580670155,465.1617160942001,-260.2924356365634
1063.8123400588804,-377.2211315508785,562.2555440370372,182.18973839360575,42.369047892767256,471.4923507282579,-246.90743713544572
1035.3789247661844,-370.11448204355634,539.409474933405,186.12756163325582,28.328355668095327,474.9428417422252,-233.33285308562108
989.5299475235242,-353.4137778602348,513.4620204024606,185.01409314103472,11.082875359536935,475.54247345788235,-219.51620037534968
930.0503234459762,-328.70172730871633,484.9850540954812,178.92130238412227,-9.375824855735743,473.24389910533506,-205.37596101070022
860.5711875479778,-298.002913012024,454.7799072186941,168.21437771851976,-32.78895434792446,467.95722393403446,-190.8220174469529
784.3229163126967,-263.77115764620834,423.81908298029566,153.5459618287834,-58.65531920880058,459.60376180225757,-175.7695386924429
704.0458066685586,-228.73278332017605,393.0971813495561,135.79182203857033,-86.30325136479465,448.17350504182605,-160.1455880897594
622.0218703994368,-195.5831844776723,363.46328659051153,115.94691019025375,-114.99091597272813,433.7698344036304,-143.88991472765767
540.1746245977433,-166.6207895042959,335.50134228624336,95.00989376164067,-144.01041344823486,416.62936657960483,-126.952654149734
460.184202303705,-143.43636924625915,309.49140294377094,73.88268885967754,-172.77297383766984,397.1124592334465,-109.29182039046977
383.5776531767037,-126.75028182015618,285.4453394682285,53.302142564921795,-200.8604441174847,375.66817162750067,-90.87271148880333
311.7726282280531,-116.43051487632755,263.1844888993574,33.808982803888114,-228.03872952021268,352.78383007823425,-71.67010016514833
246.0710340607005,-111.6644015444544,242.4212185687251,15.749274948174985,-254.23824686528462,328.93209397214093,-51.672822118338814
187.61364585691499,-111.22044415155652,222.81733149815238,-0.7015220984274038,-279.51231530365357,304.5272526797962,-30.889488947888683
137.31495006950064,-113.73001589463996,204.00986555194902,-15.502190751925362,-303.98599736867544,279.89837831278186,-9.353732669172867
95.7992666342549,-117.93440522778003,185.61005270377376,-28.70467457913984,-327.8059606426867,255.28163029254713,12.872381011878938
63.35550257890671,-122.86803323296135,167.1893574755264,-40.412256167763395,-351.0980301377616,230.8292116402856,35.69752758424948
39.920708979793666,-127.972605654045,148.26762066108142,-50.73808577973931,-373.93490073459145,206.62942857603517,59.00291227673174
25.09438940137897,-133.15289745577974,128.31512455690873,-59.76381114175366,-396.31320891618896,182.7314058654202,82.64607838502737
18.17853505954625,-138.79061626151034,106.77596402675638,-67.4983029505193,-418.1374372399291,159.16891568918365,106.46579246673251
18.23424599168765,-145.7290850910633,83.11636254039834,-73.83793862093499,-439.20800037725814,135.97969879479072,130.28703392684457
24.14510181932128,-155.23073657665122,56.89878963507759,-78.53211226951714,-459.2120186209749,113.218732598919,153.9253545266823
34.679650931310945,-168.8952294401228,27.87994717993743,-81.16007914622583,-477.7172109162508,90.96549501599412,177.19026192758255
48.5491855912927,-188.51330762416438,-3.873520983059592,-81.12734019715569,-494.1714545651689,69.32611166147862,199.88768578830908
64.46078897969714,-215.82666974934332,-37.86436200837454,-77.69076787187414,-507.9122797521146,48.43142644838093,221.82189503885164
81.16819013561046,-252.17414204394032,-73.06065203303677,-70.02061696502136,-518.1913449304893,28.431782231162174,242.7973909325594
97.523611750327,-298.03477992381005,-107.83889647125102,-57.303510311102535,-524.2183105593276,9.488966073378535,262.6212974201517
112.53262578563877,-352.5289814114779,-140.01027216292056,-38.88292766881175,-525.2262101764079,-8.234400008263705,281.10664420193143
125.41159450549937,-412.9990047943967,-166.96300070962803,-14.423125831861121,-520.5564383656358,-24.587677435732147,298.07674011011284
135.6442001908736,-474.83792909936307,-185.9382062242627,15.929341661697855,-509.75630533331764,-39.44665713341038,313.3706068818729
143.03027438044498,-531.7401580222094,-194.4271054445593,51.42195197682564,-492.6767136791324,-52.728787268831056,326.849202124513
147.71685617849835,-576.4796702567988,-190.6380951062127,90.64921778950638,-469.5532627083723,-64.40816934440132,338.40189899215073
150.19854863329604,-602.1782684869632,-173.94352619228113,131.614785578368,-441.05247244418456,-74.52927309493006,347.952402429207
151.2728786041992,-603.8355167852964,-145.19235803586835,171.91742189413222,-408.26703621724215,-83.21833895560698,355.4629952828939
151.93839995393228,-579.7229569126591,-106.78068887869355,209.04892421485073,-372.6504912191501,-90.69137363029056,360.9358100696978
153.2308534652973,-532.1821301785283,-62.41455209429152,240.76195019083292,-335.8917880088314,-97.25740615620279,364.40985858703914
156.00682190115714,-467.4701261378689,-16.572983779374468,265.4408898085766,-299.7421583885152,-103.31531136808923,365.9529754674832
160.70328957188923,-394.5650876767744,26.234943662933446,282.3977630110825,-265.8178184040045,-109.34226403401482,365.64871948689876
167.12013991170224,-323.19436555822006,62.255689478737864,292.0232887698372,-235.4095783673357,-115.87212025776864,363.5795383165022
174.28322755471862,-261.6417665389436,89.12899522027102,295.75088677492,-209.33208343309036,-123.46304758322627,359.80884401176564
180.44100610263536,-214.99548650057432,106.21736646384849,295.8323926405427,-187.840116851367,-132.6556094013149,354.36562293681754
183.22473288621896,-184.35641312146356,114.54795116224065,294.96787847128996,-170.62774070211282,-143.92493951919832,347.2353703439136
179.9647979845537,-167.18851155471498,116.39448947935045,295.86585925157146,-156.91026062140418,-157.63294524001498,338.3602474841176
168.11414931838007,-158.59963175447572,114.62420892227905,300.82452733918814,-145.57256522128665,-173.98781581314842,327.64950471677804
145.69765892977176,-153.05506961695318,111.98968943806534,311.41551403245796,-135.3542536135779,-193.0178028029599,314.99886053575347
111.69491605615947,-145.95361263533135,110.542761260761,328.3222663224699,-125.03551710469642,-214.56405011763513,300.315363914514
66.27771098068398,-134.6392517661822,111.29231503085678,351.34480343291796,-113.58981157446796,-238.29357158324987,283.5429637220654
10.858037955547623,-118.68984702186364,114.14468894196187,379.54361997535455,-100.27951834593661,-263.72924861475775,264.6839561946499
-52.05334552348948,-99.58704895657134,118.08541257739057,411.4687603728825,-84.68628602559775,-290.290180974773,243.81265046638293
-119.13730362241225,-80.02853589982094,121.50990881201339,445.41165083432975,-66.6841753534795,-317.33398958956946,221.07955661032273
-186.63916991370823,-63.162503510922306,122.5985912586616,479.6266993997734,-46.37638385048743,-344.19336230749957,196.7065123667809
-250.75097128789903,-51.94128132118839,119.6525205004063,512.4909218931424,-24.021732203778214,-370.20212574672917,170.974798801923
-307.9412728480373,-48.67460414502246,111.34274381209634,542.5941494053485,0.025814412100018558,-394.71053091997084,144.2090617824972
-355.19414808576425,-54.77316641933376,96.86171789537673,568.7717244793467,25.350879570337852,-417.093840377568,116.75970357427919
-390.1461591317948,-70.63549420269949,75.98732650523854,590.1014396129603,51.48247892926993,-436.7611821208127,88.98559428308081
-411.13460744960724,-95.63755943144616,49.07686913810463,605.8865578803928,77.88188659140926,-453.1718695203524,61.237911525277546
-417.1866990473478,-128.2089948556394,17.005278026724874,615.6401725920541,103.9289814428588,-465.86366399429164,33.8450892747397
-407.9852243131073,-165.99788407292283,-18.943433940083185,619.0773408565159,128.92370283688615,-474.4924498673912,7.0985382060801925
-383.84178405524364,-206.12632840729037,-57.223968461187575,616.1141454086497,152.11394300700613,-478.8770133656301,-18.760944969555702
-345.695366527691,-245.52332488254717,-96.20522605544022,606.8690701072096,172.75267119391998,-479.0379872370231,-43.555497322394956
-295.1356887733575,-281.29965019001895,-134.3545093260937,591.661871601199,190.17820148749993,-475.2182455849096,-67.17990222844618
-234.43187700095714,-311.11191718871964,-170.40468098414397,571.0072845589027,203.90478765667845,-467.87402106689103,-89.60686628067569
-166.53299704840953,-333.45647693749055,-203.47606401756428,545.6038139074334,213.70765100356326,-457.6315330357985,-110.88606513165604
-95.0022266386368,-347.840096627508,-233.12880862771678,516.320209009724,219.68741752882045,-445.2115977401611,-131.13580144508623
-23.853602987778352,-354.79114614053117,-259.33179487573835,484.1831561681844,222.30301849119186,-431.3324507538816,-150.52723517617923
42.72138390681889,-355.6983180440975,-282.3493427803205,450.3688918985074,222.36798703377156,-416.6066857749714,-169.2624490755512
100.72465641708834,-352.4898045530472,-302.56464433773266,416.19875653595483,221.01112414734763,-401.4502558667325,-187.54874073500145
146.7812325718234,-347.1919493167778,-320.2761214182614,383.1343645663725,219.60725183107002,-386.01943880057513,-205.57217992760906
178.56961426314962,-341.43185589560653,-335.5167762869618,352.7626529076428,219.68627989401284,-370.186276649321,-223.47348410460197
195.18679516841843,-335.97270608990266,-347.9535034372653,326.75580124030876,222.82887730867301,-353.55588638568906,-241.3286952243419
197.38670638588496,-330.3908169115182,-356.9192277253096,306.787884672825,230.55522425647607,-335.52211774950484,-259.1362158529468
187.64624342669876,-323.01211861795747,-361.6116852606208,294.3916788878554,244.21080127974088,-315.35285333685806,-276.81080182825235
170.03400648969424,-311.20966366607485,-361.45651301961766,290.74775446283866,264.8513765747369,-292.2935101318249,-294.1844030908938
149.87898145545105,-292.10793985216867,-356.5813092079379,296.41509383437295,293.1294951657477,-265.67676788642666,-311.01343995168827
133.25741028642526,-263.6359855479162,-348.29075661431597,311.0365849398495,329.187391629846,-235.02730686558067,-326.9921378949215
126.33674120613881,-225.7302811661104,-339.38797487373347,333.07896457454666,372.5658955985601,-200.15135536061672,-341.7716685689407
134.63768166864082,-181.34869703841207,-334.1762586977242,359.6866854041743,422.1441196705249,-161.20154769582757,-354.9847195659605
162.29890565718495,-136.88211383868264,-338.01802558730253,386.73259180375976,476.12835286971335,-118.70817814873462,-366.2744775513841
211.44915516175823,-101.60848016546076,-356.43050734836334,409.126736713735,532.108375703781,-73.56929817080996,-375.3258312621967
281.79887134535585,-86.06021688268359,-393.84375628144704,421.3957174878355,587.1937866972875,-26.995325247770452,-381.89517881092587
370.54747432734763,-99.53601006504596,-452.2938569251392,418.47565616669027,638.2316848577314,19.590523446199498,-385.8341272948831
472.65727987528584,-147.36697196222275,-530.4155551416168,396.589616107244,682.0917492669134,64.68710889336144,-387.1022477207652
581.4755490475104,-228.78048893951797,-623.083176000932,354.02838893395676,715.988584904703,106.8689436784453,-385.76532891037573
689.608916056983,-336.1521112009081,-721.908335210777,291.64430765714746,737.7982769394441,144.9362892368765,-381.97822513730665
789.8932399627591,-456.06112632655686,-816.5679392551274,212.91243253732034,746.3203276263969,178.03840937548938,-375.95481540573695
876.2784567901192,-571.9804916152387,-896.6812607682057,123.50608868324763,741.4400308517781,205.75074738171858,-367.930775079112
944.4721026013547,-667.8620678582924,-953.7730203754943,30.450421513512268,724.1600245630927,228.09550563563036,-358.1267367214715
992.2497654726399,-731.5622791075701,-982.8214081479975,-58.976292681450644,696.4908161097507,245.5060921724762,-346.71929394466497
1019.424293464877,-757.1257713811765,-983.0128960093125,-138.3615320375712,661.2140167232751,258.7461287256931,-333.82516147268666
1027.5410676269273,-745.3678150779333,-957.5640338716538,-203.06617103872372,621.5535191196959,268.80053456690194,-319.50033001425084
1019.4123030491162,-702.7823777451063,-912.7362537768676,-250.75105506605678,580.8042120637652,276.75822406759744,-303.75236655963516
998.6104342733628,-639.3110763829295,-856.3711348707903,-281.4536717731173,541.9722631298184,283.70339827182613,-286.56123144378694
969.0147908758078,-565.7593814814193,-796.3520583324962,-297.2540487689486,507.4752944783213,290.62678939350064,-267.90282643448586
934.4622830638602,-491.5933721880866,-739.3472187955014,-301.6530561873002,478.9371173659936,298.36163835150944,-247.77004622238684
898.5091478973006,-423.57452025819236,-690.0481803184279,-298.8272470731484,457.0938371020844,307.54356621487943,-226.1879037159804
864.2799299305815,-365.3396969720223,-650.9495489674968,-292.919135384053,441.81021778075245,318.5900287769703,-203.22155171513992
834.3670985713736,-317.74688903863773,-622.5756671464504,-287.4812366301948,432.1905787644236,331.6940108479415,-178.9779600963528
810.7482632228143,-279.6597794210843,-603.9823707224589,-285.1345745597687,426.759100368723,346.8275745991882,-153.60313039944435
794.7019034653963,-248.83965174298032,-593.350148602624,-287.446044626092,423.6805658399554,363.7529614455047,-127.27691613904648
786.7201085824829,-222.704393293316,-588.5225963464093,-294.9870492519664,420.99332911815543,382.0412145928797,-100.20697173828765
786.4326378987679,-198.83967840441773,-587.4050511275632,-307.5137671452809,416.83009394559156,401.09995046437626,-72.62246281071833
792.5673924159909,-175.25678263071046,-588.1990855486484,-324.20623139014157,409.607305906115,420.21244910379517,-44.767340897945786
802.9765340871752,-150.4592630642963,-589.4938706348612,-343.9137963592254,398.169383439611,438.58945427121137,-16.892514314867157
814.7543377501936,-123.40407823005076,-590.2596028873847,-365.3717975365577,381.87902483844664,455.433074033672,10.753738077363856
824.4622775433179,-93.43285496854219,-589.7929245730782,-387.37209631860213,360.64935310728436,470.0093327372508,37.93730294320793
828.4594481503178,-60.221802099101126,-587.6552813597755,-408.88444375535937,334.91797833543393,481.7228650040217,64.45117619599199
823.3141999338359,-23.768073364558774,-583.6292306327118,-429.1341391997317,305.5675218578398,490.1847403443586,90.12850230382888
806.2497325103825,15.594892341857737,-577.7007065377007,-447.6443247099477,273.80190522627186,495.2632594864491,114.85383674517982
775.5579833029992,57.17648731497922,-570.0612397613686,-464.2499855041261,240.99248857546928,497.1083859890327,138.57059916642163
730.9086379202432,99.93232044349537,-561.1152768210696,-479.08761803847574,208.5121940383746,496.1434865869503,161.2830165984077
673.4881236230913,142.52006730466059,-551.4745783043624,-492.5618262844651,177.57798088320374,493.0229086620901,183.05164549154742
605.9279422026794,183.42836054685324,-541.9235799409154,-505.28933253506784,149.12138034011528,488.5596969999849,203.98264868198396
532.018526719595,221.18720107645976,-533.345301324626,-518.0224540414374,123.70267272313068,483.63310347025214,224.21213500390704
456.2452631235436,254.65263691034977,-526.605393760768,-531.5573203978603,101.4770211575202,479.0890693633386,243.88775749551337
383.2166079907995,283.33960563771234,-522.4008425207002,-546.6355993066907,82.2118267622999,475.6475427798675,263.15016661683006
317.07126423401826,307.7559408945589,-521.088543743256,-563.8507647848235,65.34587669440063,473.8280888523138,282.1167007536844
260.9483379429173,329.6703225787244,-522.5165356017166,-583.569972375908,50.07480008915583,473.9004590713472,300.8689069749711
216.58444723928815,352.23260246357955,-525.8861631532701,-605.8802370495711,35.445559178674955,475.86110134194536,319.4443315801109
184.07376678117353,379.86400371143304,-529.6757749163147,-630.5635335719589,20.44552073223271,479.4318411256144,337.83184016308104
161.80167605789808,417.85529947153947,-531.6543081346606,-657.1008881057965,4.077903092283954,484.07467066563805,355.96889761220825
146.54763824056272,471.6583854708739,-529.0049788530933,-684.7017821943577,-14.577269173334408,489.01738164641256,373.73906552219273
133.74901474500678,545.9284059810344,-518.5646226871913,-712.3531046905915,-36.31186614691917,493.2880953920053,390.9685878483142
117.91838530794178,643.456692454158,-497.1639593608712,-738.8816328044252,-61.741207748928986,495.76091965619725,407.4222196837791
93.20245337324387,764.2056303366537,-462.0312629142612,-763.0250871572171,-91.25413976998829,495.2177870297918,422.800039983837
54.05270152718278,904.6867955639142,-411.2017325844049,-783.5082489854651,-124.96315080062212,490.4311034101669,436.73832621534416
-4.05375912289907,1057.89067727923,-343.8633320997061,-799.121484858749,-162.66281948386623,480.26740197795596,448.8180741838298
-83.94062578435197,1213.8748251970699,-260.572065012767,-808.7986977540172,-203.80955000169874,463.8046661642884,458.5840038272015
-186.2269982514111,1360.9665679993814,-163.28757673804333,-811.6902366139698,-247.5357066941028,440.44782289078216,465.5748440723228
-309.10534595200704,1487.377715565826,-55.21120057482375,-807.2243136197939,-292.70607852582685,410.0213625067041,469.36274160426433
-448.4757332696625,1582.9120459431215,59.553615833965125,-795.1490700309243,-338.0152990385632,372.81789779517425,469.59660363538467
-598.4369977863254,1640.4121766385279,176.46341130164598,-775.5476585154615,-382.1142952854468,329.5878276158228,466.04205765004775
-752.0538836761417,1656.6545108934752,291.0407449514668,-748.8211721716854,-423.745544071028,281.46688395571516,458.61031883773035
-902.254297232179,1632.5404602270214,399.3396186959055,-715.6387788332436,-461.8636842745135,229.85193287879054,447.36992377691905
-1042.6843830552539,1572.6044858321616,498.2983628087421,-676.8600493775436,-495.72093613634183,176.24681634970955,432.53866782847956
-1168.3687803421867,1484.0115912219032,585.9352437777557,-633.4397257757398,-524.9048008339013,122.1058073685986,414.4572357312592
-1276.0805494520266,1375.3067386968762,661.3762277668166,-586.3285689320115,-549.3260570410632,68.70092284048,393.549738911748
-1364.399288150245,1255.1889267121758,724.7367640188963,-536.3844678528317,-569.1649998388212,17.031817760293357,370.27863762503335
-1433.5034083445496,1131.523429416586,776.9027721988602,-484.30552269620193,-584.790637893123,-32.21395335883439,345.10182426624556
-1484.7859609038424,1010.7066991947618,819.2660703871865,-430.59204101217455,-596.6699705708313,-78.65344203500523,318.4381239932334
-1520.3963241082108,897.3955345187106,853.4660381750242,-375.5386153854421,-605.2827729409637,-122.16478670977543,290.64480400004135
-1542.796782753165,794.5342216593724,881.1755878105226,-319.25214834491175,-611.0528577816681,-162.8226920128102,262.0077679698975
-1554.3943275806464,703.5745990632817,903.950783274022,-261.68803883115055,-614.3012970665186,-200.82761392966617,232.7427307088721
-1557.2758559391345,624.7829370759807,923.1452486793638,-202.6953412691461,-615.2220923059253,-236.44014302357914,203.00426759007846
-1553.0483329863973,557.5520059243862,939.8770981749727,-142.0624873844501,-613.8772223181575,-269.92760107068176,172.89927230686365
-1542.768658159355,500.6709904016146,955.0295481274102,-79.55752228114372,-610.2061558929842,-301.5255601102264,142.50179553148246
-1526.9410229894165,452.5369210764387,969.2663984442295,-14.95987535977531,-604.0445813594935,-331.41374050559375,111.8671041500578
-1505.5599182105125,411.31187368812334,983.0482811634527,51.9164004079781,-595.1477996479861,-359.7038363493349,81.04374403248367
-1478.1813398435684,375.0392106908014,996.6423560239465,121.20586186925385,-583.2154345142735,-386.4361047467231,50.083170305539596
-1444.0103217214296,341.73250354927353,1010.1245931092293,192.97827555291735,-567.915415328789,-411.5816786191234,19.047024689679205
-1401.99788619088,309.4468294021321,1023.3783513100608,267.2254687031423,-548.906321903999,-435.0481359021093,-11.987606497140625
-1350.944091092144,276.3376587428706,1036.0950631933172,343.8460710936648,-525.8580327095775,-456.68658464175445,-42.92456497013512
-1289.606032485143,240.709778246698,1047.7827208208935,422.6269352782343,-498.47117930659294,-476.2992281588363,-73.64630106294254
-1216.8107700633861,201.05826975337524,1057.7862468487533,503.2212275769422,-466.4962277655203,-493.64698464109915,-104.01266040382171
-1131.5735306081326,156.10499757290737,1065.3215695326464,585.1242323941776,-429.75313721645773,-508.4572407338697,-133.86070510571267
-1033.2213579009385,104.83625113005391,1069.5229899246165,667.6487564882029,-388.1525144090135,-520.4322288258945,-163.0056111475252
-921.5214401393806,46.54887174095889,1069.5016472222387,749.9027376347125,-341.7189729977515,-529.2588320577746,-191.24276527641834
-796.8112128864539,-19.087857972717245,1064.411674481286,830.7723883833042,-290.6169545475899,-534.6208118980845,-218.351225571461
-660.1235217448011,-91.95005540781952,1053.519886433929,908.9150234420699,-235.17849391087577,-536.214464479923,-244.09870209562405
-513.2945048238846,-171.35834408775906,1036.2743347879614,982.7665578088432,-175.93126492481835,-533.7684726873545,-268.2481511820458
-359.035105703029,-255.96886988833182,1012.3666013701463,1050.5692378005438,-113.62376896295751,-527.068170511037,-290.56595529172864
-200.94106828709545,-343.6777793182174,981.7822113955224,1110.4250018177158,-49.24292797590951,-515.9835575573459,-310.83148296277295
-43.41375219890756,-431.57087233625145,944.8331917061894,1160.378414671692,15.982007988591278,-500.49925514835354,-328.84760296430795
108.53165081858153,-515.9559337059153,902.1669433981956,1198.5299710944955,80.59591529523351,-480.74334082817194,-344.4514882510083
249.58062430146396,-592.5127100659764,854.7467268447693,1223.1756969087235,142.96057069108895,-457.01089238584615,-357.5248253857111
374.54442000126454,-656.5816558309072,803.8015573569448,1232.96293794948,201.32729076682529,-429.77743529885134,-368.0023888736976
478.85587160266147,-703.5870278832886,750.7472307960777,1227.0461699334728,253.93884257395533,-399.6976317456897,-375.87789408772534
559.0697073271984,-729.5561664119787,697.0850689316438,1205.2221598191682,299.1546194513295,-367.58568898127845,-381.20614603689796
613.2847159704589,-731.6624988462313,644.2897880656819,1168.0224572582474,335.58736380900393,-334.37612240273677,-384.1007744153784
641.4060924675791,-708.695343737671,593.7013226974603,1116.744102105535,362.235035394689,-301.06645336933656,-384.72728019715294
645.1879045565421,-661.3550899758786,546.4362324475761,1053.4067603025908,378.5891413966615,-268.64666837419884,-383.29167362596314
628.0348700386787,-592.2937386540137,503.3317881683408,980.6352265659505,384.70197167633853,-238.02314976204372,-380.0255828086753
594.5903677736376,-505.8666764876663,464.93016941033545,901.478285003999,381.1999930259219,-209.94661131124303,-375.1692573239457
550.1811166098782,-407.62208983461073,431.50256518944406,819.1856575549446,369.23849543617837,-184.9537900649314,-368.9542767083709
500.2161774090316,-303.6136639850433,403.10519023852333,736.971706545968,350.40193913958717,-163.33103935425208,-361.58791002398004
449.6416292238776,-199.66300929842913,379.6532911935497,657.7960781440004,326.56330771626034,-145.10474278033968,-353.2409103111186
402.5324908747821,-100.70827317272281,360.9966356461598,584.1873176627577,299.7221496151335,-130.0592406794768,-344.0400740967381
361.86724800367745,-10.35160517251434,346.9813312992901,518.1268121166237,271.8435012416635,-117.77861519351394,-334.06622089939304
329.4889167995742,69.3320425879873,337.4875982499634,460.99941997433945,244.71812355139963,-107.7051441521229,-323.3574715546314
306.22123371321527,137.7237541535174,332.43989957385173,413.60640216021926,219.85911099709736,-99.20522539439524,-311.91697290532557
292.087082627297,195.38141484810336,331.7927701811323,376.22797727004104,198.4424308253342,-91.63341271943324,-299.72366604587404
286.5710726047491,243.64197583014575,335.5010397939401,348.71828265888956,181.29115671922523,-84.3867507967076,-286.74441904403903
288.876661562443,284.2036830631505,343.485784677236,330.61491432557307,168.89672707849047,-76.94432007900568,-272.94587152683454
298.1447375733553,318.77128881260296,355.60696347584553,321.2477713968025,161.46654685189986,-68.8900694430385,-258.30462852857215
313.6189204277867,348.8159196624037,371.65080113631336,319.8363257124207,158.98596021109117,-59.9199037201744,-242.8149030078171
334.75826297676304,375.4651285413245,391.3356377155859,325.5692777389551,161.28366155124172,-49.83608280111508,-226.4932247960008
361.3080912998029,399.50765198454576,414.33539204378314,337.6647512909885,168.0921679654144,-38.53304792395224,-209.38030002106157
393.3442072676585,421.4777348638256,440.31606480883886,355.41211387534,179.0981173246903,-25.978873433021192,-191.54044274658295
431.3057866644193,441.77723454786405,468.9784694363113,378.1980628637188,193.98010001362672,-12.195903853010691,-173.05917694583405
476.02972215039347,460.7979510081933,500.09979014144164,405.5200137635831,212.43398925376795,2.7568846964386253,-154.0396310927382
528.7953254275435,479.0174946910377,533.5673647718424,436.9894547601798,234.18712813610406,18.798346858382146,-134.59825838097518
591.3840581952273,497.05489414017245,569.3997631823131,472.3271885282465,259.00332965510944,35.83592993439394,-114.86026491163054
666.1545047919403,515.683431212566,607.7522060660646,511.3515770880704,286.6806573240536,53.772865549407285,-94.95496638489138
756.1278438972176,535.8058540783394,648.9051680092406,553.9602283384455,317.04362609345714,72.51228666059,-75.01115941648857
865.0730953589402,558.4007381368602,693.2363475385021,600.1051011684306,349.931014899444,91.95889025983467,-55.15250936846449
997.5739113720778,584.4490992663749,741.1769979482085,649.7607821897747,385.1800705673893,112.01872751887163,-35.492930474445224
1159.049452903495,614.8487707493748,793.1540122350364,702.8856974083418,422.6076009360228,132.59757927381506,-16.13196264790585
1355.691347332812,650.3219749022477,849.5193792474382,759.3762635456935,461.98834475341215,153.59822899108408,2.849778006494727
1594.2681857058876,691.3201118987124,910.4689535704177,819.0144649834498,503.0310758091449,174.91682137821573,21.39489615072356
1881.7410268902656,737.9297346426362,975.9531537848113,881.4100805493449,545.3531394978995,196.4384187169788,39.47296909080619
2224.6318500979673,789.7851197620237,1045.5833737880048,945.9397912065281,588.45451256271,218.0318523238787,57.08335444154115
2628.0969868623915,845.9953886637089,1118.5395727095906,1011.6866613248621,631.6929939858512,239.5440187667655,74.25657561519586
3094.6849604892177,905.0969188058577,1193.4865509768604,1077.3849413204016,674.2627370928838,260.7938892492809,91.05377753036586
3622.8076622862486,965.0436130887919,1268.50851162926,1141.3766588882995,715.1789592788098,281.5666790529218,107.56378486720646
4205.027057358022,1023.2471497200293,1341.0732028684213,1201.587837884023,753.2722257045698,301.6088455364501,123.89742064577032
4826.352352651326,1076.675541310544,1408.0377237776158,1255.5331091696967,787.1960698637064,320.62481752553026,140.17896082222774
5462.841889259204,1122.0108140949374,1465.7074481793977,1300.3575835296133,815.4517251124809,338.27655877677216,156.5349039973056
6080.887149947916,1155.8561478498323,1509.9570926744677,1332.9237346218883,836.4332146792756,354.1871704712287,173.08059941242567
6637.592080877091,1174.971545183723,1536.4185381156617,1349.9483169265532,848.4948128408199,367.9496705613203,189.90565741212544
7082.615708180518,1176.5083200356473,1540.733688466827,1348.1897884026475,850.0408395692159,379.1417853597847,207.05940485327514
7361.693677418216,1158.2099882645575,1518.8627871963326,1324.6803628068142,839.634905242264,387.3470120637349,224.53787618120253
7421.789320199958,1118.5529798401783,1467.429866482532,1276.989131951501,816.1222910232669,392.18137112255374,242.27388658333575
7217.47399882992,1056.814859731035,1384.0783107853067,1203.494617408297,778.7555706069676,393.3242439515115,260.1315741665958
6717.763993566416,973.0769097535483,1267.8020693709873,1103.6380553528836,727.3104962442083,390.55063677921885,277.9064146330415
5912.3413700484,868.185544208622,1119.2132802787128,978.1244119540934,662.1773522221292,383.761334441476,295.3311379205755
4815.961743176182,743.7058586346673,940.7065207742144,829.0382501691988,584.4131444748025,373.00693568531767,312.08728723176
3469.980990463085,601.8957063708423,736.4849841567067,659.8472826406293,495.74261533392945,358.50188325480366,327.82146348574514
1940.336282179174,445.7102325129682,512.4254216742806,475.27790807613724,398.50116756008026,340.62541031734645,342.1647102792204
311.9363426677732,278.82096741978336,275.7763775018989,281.0630781964381,295.519808292077,319.90777218901263,354.7531197097242
-1319.8806300477836,105.61077561800296,34.70622982717403,83.58100698661173,189.96010405809233,297.00202034149316,365.2476439251487
-2859.5496348801767,-68.9034060718537,-202.25961231049467,-110.57984940864986,85.11445445687366,272.6435853007757,373.3512935038683
-4221.510996234564,-239.25822373474676,-426.85381440543875,-295.0819311454821,-15.807693306186138,247.60169439820814,378.82234754693565
-5338.835054738575,-399.8527328792135,-631.6648954256325,-464.2734705489787,-109.88485097928864,222.62782217508055,381.482801497731
-6168.951896730678,-545.3531219833736,-810.6481710251732,-613.5486169253572,-194.6582281605721,198.4067349623012,381.2219226519679
-6695.805964359,-671.1358283348513,-959.4923348050364,-739.5959279106123,-268.2593413743782,175.51519483896448,377.9953577001836
-6928.458207962586,-773.6941680783291,-1075.8058300405924,-840.5154081473868,-329.4805744143875,154.3921558094511,371.82065534869406
-6896.782176420881,-850.9365227075643,-1159.11405886053,-915.8032018445982,-377.7866550593188,135.322578625694,362.7702858267328
-6645.311132116422,-902.3256230508873,-1210.685042246895,-966.2202411527769,-413.27239518061265,118.43514089130798,350.9632592250954
-6226.430691960614,-928.841083537631,-1233.2222997629406,-993.5737569414171,-436.57774192013983,103.71244639840822,336.55630543914776
-5693.994056955981,-932.7811816184261,-1230.4761083631236,-1000.4470327846554,-448.774514388307,91.01108614568471,319.73534191600777
-5098.141617331962,-917.4462514775267,-1206.826918362917,-989.9130500054973,-451.2400170002869,80.08820254844423,300.7076879835563
-4481.735882460352,-886.7599054571051,-1166.8887609932203,-965.2628665457298,-445.53137270118646,70.63106710938607,279.6952419953307
-3878.4710177742613,-844.8848728028341,-1115.1686943945995,-929.7715447060502,-433.27156365175404,62.28651128004336,256.928655225176
-3312.4488744088358,-795.8802929931677,-1055.803981523497,-886.5152021611569,-416.0545696807724,54.68770170279544,232.64242692684252
-2798.858096457422,-743.43138173883,-992.3847512629358,-838.244025276291,-395.37335647216145,47.47655790196063,207.0708015122301
-2345.3449351910617,-690.6651999281455,-927.8584818711366,-787.3090180976526,-372.57130703061586,40.320923144636595,180.4443526326707
-1953.6981428036702,-640.0514411236773,-864.5048302355418,-735.6354115857674,-348.8153092630803,32.92630688653489,152.98716734866704
-1621.5521995850816,-593.3767720605193,-803.9652291965666,-684.7330433543872,-325.08719893785207,25.042556314577766,124.91457658389966
-1343.9119429294587,-551.775836766396,-747.3107336075741,-635.7332948979044,-302.18954268441405,16.46616536547758,96.43140253219138
-1114.3944226611682,-515.800942229172,-695.1329076837368,-589.4428192773373,-280.76166785988096,7.03910664092686,67.73070446509492
-926.1573927149639,-485.5144028716089,-647.645132688567,-546.4057596031981,-261.30220694154326,-3.354889191279554,38.99300316678277
-772.5337894545127,-460.59104684358493,-604.7847170824192,-506.9679744702948,-244.19503238962483,-14.79573478169602,10.385957024747507
-647.4193714522846,-440.42211061498347,-566.3089788954805,-471.3386021451854,-229.73615383341695,-27.333294740778875,-17.9355429689547
-545.4711331806208,-424.2146174462514,-531.8806712015962,-439.64589479761395,-218.15981311599273,-40.99393015847751,-45.82889032524771
-462.1728257861237,-411.0817284311927,-501.1396150839908,-411.9855359100391,-209.66256200225052,-55.78668164503515,-73.16291135280402
-393.81607914285877,-400.1193511961303,-473.7582824062053,-388.4605997329022,-204.42449019757655,-71.7085198260352,-99.81664346362432
-337.43516049457253,-390.4629168182683,-449.4795859968664,-369.2129510232966,-202.6269585749148,-88.7480670610002,-125.67772061762959
-290.7228897507991,-381.3166633531835,-428.1356360780171,-354.4462627340814,-204.46617492939828,-106.88713366803478,-150.640331113752
-251.9460058707113,-371.9474128716542,-409.64707171994655,-344.4409883420809,-210.16174194286484,-126.09935563824949,-174.60272449848847
-219.87076481907565,-361.63728186860976,-394.00405357392924,-339.5615850477054,-219.9589593859422,-146.3452320891532,-197.46429235972028
-193.70356288489143,-349.5962703494282,-381.23219639701966,-340.2560498848163,-234.12327531639636,-167.56302048187348,-219.12233984485349
-173.04642571448082,-334.84646764839135,-371.3494279057036,-347.04741356192716,-252.92501613622198,-189.65533768481214,-239.46879802092934
-157.86275581434995,-316.1032449891584,-364.3224528827823,-360.51628648616673,-276.6126021268657,-212.47198941327468,-258.3872839504622
-148.44449565557244,-291.6918057929804,-360.0333596231322,-381.27299529637855,-305.3731176146492,-235.7904993016653,-275.7510615284831
-145.36802504051994,-259.5447081874019,-358.2669916903696,-409.9175156213894,-339.28055398792264,-259.29692336471635,-291.4225448724952
-149.42349590055483,-217.32198945162145,-358.72725140101386,-446.9856158321629,-378.2343382743059,-282.57059346072293,-305.2549674183471
-161.50234628291574,-162.67663693418592,-361.08524991680264,-492.8807144834283,-421.89371285594075,-305.0771187200475,-317.09667558263783
-182.4321112810554,-93.65483874091959,-365.05473536104597,-547.793148460185,-469.61664431318906,-326.1739438476558,-326.7981857101109
-212.75758553632429,-9.178834739204746,-370.48199499522735,-611.6118071513084,-520.4144235062578,-345.131753753838,-334.22169720942946
-252.48271886799213,90.47838529824695,-377.43062285191803,-683.8369656574458,-572.9340442901613,-361.17295822646213,-339.2522561567943
-300.8059804392658,203.3391694949077,-386.23850162289364,-763.5067722360371,-625.4790042286521,-373.52560544173446,-341.80931646277105
-355.8985897163747,325.5947391488089,-397.52677327776485,-849.1520437218373,-676.0749823699672,-381.48787096081844,-341.85716156951264
-414.7837963857151,451.77534889345117,-412.1488102045595,-938.7936448251692,-722.5802342340227,-384.49546583324354,-339.4126168888706
-473.3705997186489,575.2239846106522,-431.0798363239,-1029.9930449754124,-762.8325910952823,-382.1826439206977,-334.54873911213605
-526.6742190013324,688.8096297246789,-455.26190524511236,-1119.9597261627953,-794.8173424724383,-374.4275093306949,-327.3936843745021
-569.2205305044758,785.7572345409232,-485.4306600411443,-1205.7099875405695,-816.8348794991564,-361.3741945237762,-318.1246417614038
-595.5902254146193,860.4424123121134,-521.9563023480916,-1284.2622111480387,-827.6452849576775,-343.42790269604086,-306.9574396229017
-601.0218750177798,909.008059386588,-564.7296256504461,-1352.846043376974,-826.5697356059094,-321.2230880342273,-294.13304961151465
-581.9726914690548,929.7038177611203,-613.1151236143219,-1409.0991700818277,-813.5352103487891,-295.56927017540477,-279.9026136175546
-536.5387523996419,922.9133990802944,-665.9794569818702,-1451.2265106823008,-789.0581496459388,-267.3822593503921,-264.5127397465553
-464.6630735111473,890.9002413966026,-721.788629485877,-1478.1025898468424,-754.1723568948306,-237.61027956543313,-248.19265459221256
-368.10310819243216,837.3516569957636,-778.7548571108147,-1489.3072171530391,-710.3145033923864,-207.16439339425432,-231.14441500366993
-250.1770414370045,766.8255288477884,-835.0070383414319,-1485.095254680603,-659.185541649583,-176.86094952019437,-213.53686474102486
-115.34787852323436,684.2006710739544,-888.7579243337499,-1466.3108352447312,-602.6074714121967,-147.38101547662188,-195.50347375926165
31.27347918673143,594.2086000083847,-938.4457321683242,-1434.2630286931249,-542.392517779996,-119.2486038348001,-177.14371375912157
184.42342018801338,501.0909555951904,-982.8359588403737,-1390.5826772533574,-480.23690693642584,-92.82660617453365,-158.52726937831812
339.1122995275489,408.39341422894233,-1021.0780209724531,-1337.0790248153185,-417.6454767887048,-68.32720024169745,-139.70019136242263
490.9419747645499,318.8810229332568,-1052.718918750591,-1275.610808600411,-355.8877136927126,-45.83232867819413,-120.6920636741657
636.3013016372565,234.54484156834312,-1077.6811432113454,-1207.9810860803152,-295.9814727901745,-25.31965087622413,-101.5233517215455
772.4491149630088,156.66536733719997,-1096.2142647458395,-1135.8596548405765,-238.6981014229103,-6.689941402103216,-82.21227925407304
897.5077416631693,85.90184353088748,-1108.8296018797391,-1060.7325392095634,-184.58191391711514,10.207052170707243,-62.78079865779965
1010.3945454692158,22.384734905515028,-1116.2260123507622,-983.8751696220071,-133.97756716094852,25.550082701933064,-43.25943068569204
1110.7166380027586,-34.20184260539193,-1119.2131042958758,-906.3445516179461,-87.06030078774597,39.527896680838126,-23.690924105795908
1198.647906099149,-84.5524440999179,-1118.6366768229927,-828.9855410971714,-43.865694439318105,52.32458514184091,-4.13280621674258
1274.8007725336251,-129.68583080445467,-1115.310213537419,-752.4468127198513,-4.317159062656117,64.1080924679624,15.341042793319584
1340.0994680540207,-170.8985599277046,-1109.9556658861597,-677.2027978662597,31.749396133220756,75.02094398774236,34.63965042232473
1395.6577551151854,-209.72024547524128,-1103.1562597021755,-603.5785262487211,64.5634495166334,85.17225554548199,53.654942343749084
1442.6618920450605,-247.86471524244513,-1095.3232825842147,-531.7748785825904,94.39955172138329,94.63026480659977,72.26242840529716
1482.2586784623556,-287.173013647536,-1086.677527055199,-461.8923351483792,121.55783653510005,103.41492233544068,90.32264617158953
1515.4482291077315,-329.54622502925304,-1077.2442824214306,-393.9520181779134,146.34436174071246,111.49047524952059,107.68353836061404
1542.9815014662383,-376.8675515118874,-1066.8587985406882,-327.9137489356703,169.05042979742058,118.75846849583449,124.18406109052401
1565.2636901080837,-430.9131952239111,-1055.1775805326065,-263.69191811559836,189.9303751592243,125.05218959508683,139.659424110429
1582.2667505524398,-493.24998943497536,-1041.6904577722853,-201.17099427881462,209.1778821588853,130.13428271357787,153.9484110181516
1593.4578641162293,-565.1148726030616,-1025.7297477308616,-140.2231484178767,226.90175790351205,133.6999861991124,166.90315431528728
1597.7555901942922,-647.2689093832917,-1006.4762266435098,-80.73040977901425,243.10321886991827,135.3890309241126,178.40147176187665
1593.5310332647234,-739.8195153908248,-982.9665257500369,-22.61275141688415,257.6580441700161,134.80938001061838,188.36134505896058
1578.6758079039814,-842.0120651575354,-954.1116579519221,34.138467322808026,270.308143334163,131.57530910281932,196.75633421373885
1550.7591050993426,-952.0080603961298,-918.7396755454728,89.42487909847503,280.66776811195814,125.36045506911567,203.62977099759428
1507.2894357698897,-1066.6900600839285,-875.6749286182406,143.00908612974044,288.2492522447752,115.96324305833757,209.10469727092715
1446.0800850234482,-1181.5574503987564,-823.8607371659817,194.4937807818612,292.5113158511506,103.37781305398889,213.3860575885897
1365.69091096742,-1290.7914492204786,-762.5217023057129,243.31968899569856,292.92940491300396,87.85907486508333,216.75199306476225
1265.887020218879,-1387.5608862976053,-691.3484025644269,288.7880504967371,289.08253171710874,69.96724560078255,219.53245882921325
1148.0259151299783,-1464.6045473307624,-610.6744339876075,330.1093711805669,280.74556955549474,50.57680657694025,222.0757511606622
1015.2708580293381,-1515.0626012013138,-521.6078303030838,366.4749370453937,267.9714519614335,30.83850809396982,224.7064443035996
872.5403411785747,-1533.4520651854675,-426.0792751575011,397.1423410514481,251.14597678887029,12.091017058689957,227.68092388750597
726.146196585296,-1516.612528498995,-326.7796505804093,421.52250619271797,231.00027225964934,-4.270326894319425,231.14826773190936
583.1398799569675,-1464.414536653451,-226.97814055630303,439.254568262666,208.57273998638337,-16.949204527283342,235.12398145649797
450.4606087551313,-1380.0432798610157,-130.2355421607506,450.2569739251761,185.12227011791524,-24.902367589995066,239.48188118709663
334.03690370816634,-1269.7477464631772,-40.05016547941588,454.74778635733924,162.00519490042862,-27.464442535013262,243.96571905854788
238.01390357292019,-1142.063703399394,40.50998349996351,453.2331823912655,140.53665836855012,-24.421487582475578,248.2179907012197
164.25353665043642,-1006.6450359578954,109.12952097138003,446.4687785436753,121.86018836396185,-16.022604821354804,251.81994993345802
112.19057270268291,-872.9339384595114,164.4703077475147,435.40222108302663,106.84619071834254,-2.932490394304324,254.33513451385443
79.04598809895991,-748.9363040082782,206.26426884158514,421.10659191229666,96.03185456060795,13.860487908909477,255.3490451077223
60.326328669338494,-640.3340037010371,235.26510749554146,404.71273571462416,89.60434257350319,33.159586695944256,254.49970909703728
50.49448656382002,-550.0733827571778,253.07512674167802,387.3455622876368,87.41965638439616,53.67724277829353,251.4968838675961
43.690731132304705,-478.449876905886,261.88370963449586,370.0661148475949,89.0441420587776,74.13921399261903,246.13061646326912
34.40565337900562,-423.5986322543631,264.16508326123676,353.8190151073978,93.80551144279617,93.36776945778507,238.2719557471125
18.042511354304136,-382.2294697069041,262.38352649757854,339.38453351014755,100.8447495226603,110.34398022278066,227.86939262804842
-8.661538936401236,-350.4243173295832,258.7457148517744,327.3359307637369,109.16698133967884,124.25369330608981,214.94412958757357
-47.367525607269144,-324.3415004244323,255.02587029670002,318.00508726605744,117.6952710449027,134.5222972565993,199.58596121546339
-98.02749015891774,-300.7267304436397,252.47379028126915,311.4615789391312,125.33391961654408,140.8406207411219,181.94996387443237
-158.94635456462643,-277.1939882250055,251.80197821091514,307.5111130230505,131.0460183503735,143.18013146546105,162.25289841629692
-227.01742679827268,-252.29317153209396,253.23793886063197,305.71793235593225,133.94443996129746,141.79223038607051,140.7675996044828
-298.1214174432949,-225.4157067185575,256.6218050313963,305.4525200303945,133.38817798798632,137.1855534444523,117.81378172970915
-367.6537200544506,-196.60282080801264,261.5274506892372,305.96154261280776,129.06968462271567,130.07740386296692,93.74450743485181
-431.1166571323022,-166.3180401982414,267.38636919745613,306.4527929061753,121.07596809563165,121.32013809552123,68.9287433398221
-484.6930997789239,-135.23225924064116,273.5971346406993,306.1852538500158,109.90790073343281,111.8090099990876,43.731585145661825
-525.7143175429368,-104.05250772334003,279.60865728020514,304.5540944797146,96.44815905061297,102.38281363371905,18.494536501710684
-552.9514406172301,-73.40855474144142,284.9721653472774,301.1623492281963,81.8768642371063,93.73114566642647,-6.481544986208078
-566.6928821888259,-43.79685091183518,289.3641909899216,295.8742708405278,67.54304330684658,86.32150885354577,-30.948608553353836
-568.6104785671483,-15.569711831483424,292.5897700711504,288.8484099825133,54.80734088555221,80.35601831276367,-54.71733238421287
-561.454157052045,11.050757784991738,294.58021044496707,280.54995580841995,44.87559579124357,75.76215419387043,-77.65659289587006
-548.6398368476869,35.95924577460181,295.4016116930457,271.74104621456405,38.64360912317409,72.2162266213592,-99.68736149481425
-533.80374386886,59.17944627235305,295.287475663264,263.44497712745124,36.571234908034285,69.19332926977361,-120.77271096888693
