t1,t2,t3,t4,t5,t6,t7,t8,t9,t10,t11,t12,t13
878.9449999999999,806.3199999999999,743.505,690.5,647.305,613.92,590.345,576.5799999999999,572.625,578.48,594.145,619.62,654.905
-255303.8764816477,2431.5425701678614,-17762.846916733277,-29369.153883642422,-33842.59781152094,-32753.658534227216,-27744.331749699566,-20481.526031601894,-12592.450948455129,-5563.109294889913,-577.750486694868,1724.977173801751,1603.465137767383
-398957.13447068294,-70.91356243608548,-30619.848072037836,-49454.09741938439,-57536.51025237908,-56547.1372374676,-48697.8914436709,-36569.407755616274,-22932.381847282457,-10500.394268821723,-1556.742774238525,2591.006218619549,2342.113814025428
-395932.41141407785,-5071.8355593032875,-34268.792017199805,-54769.955704654036,-65264.63044340024,-65964.0570355266,-58344.310662377335,-44882.602964074584,-28765.463205144177,-13485.12997395706,-2219.9726668751364,3064.924395430829,2744.035336222074
-295565.62424428685,-7669.042864690693,-28992.264403839537,-47355.70617835634,-59092.50090791388,-62419.74272997763,-57376.68835288651,-45607.702549776266,-30053.622224285566,-14464.89436980764,-2582.26593462359,3094.676467363192,2783.424738506284
-174202.93019574872,-5433.546596823199,-18430.854287549748,-33338.11735734306,-45319.26217126286,-51140.97254788544,-49503.27551820305,-41010.33767978162,-27963.066347475873,-13908.980815530042,-2744.491310851997,2732.7185711604006,2525.491442575843
-82345.2891105572,-122.63162835404535,-7242.158917377806,-18892.365128671372,-30295.11365116132,-37676.8694638604,-38951.56635175121,-33888.26347125402,-24049.521279442542,-12468.54032890125,-2812.254143809464,2107.5376242391394,2086.148962217892
-31993.232487013316,5034.137533867146,1283.4300649645036,-7750.659157587504,-17962.004913555105,-25736.78777713879,-28795.84414592868,-26447.895700960595,-19624.66726214894,-10705.66836652953,-2846.1704985461397,1375.5944838528144,1585.2233541086737
-12311.34327587851,8108.714344621346,6098.060582294095,-933.4850155926338,-9618.256955276456,-16841.3374636272,-20547.837635516582,-19939.03367408987,-15509.495461141743,-8983.542645835798,-2858.9945090450965,674.8334206872335,1113.3692889104811
-8097.280553876168,8997.765374796043,7798.542468193903,2241.2419816185047,-4867.141935026983,-10995.521580991212,-14530.185168786129,-14808.566120260646,-12075.658790396228,-7479.1034191028275,-2837.9522737033426,96.94490153416743,720.3669570608624
-8886.496842810111,8520.386465063833,7558.023179032295,3015.6423988228753,-2666.0853468690225,-7516.827469254387,-10436.429846710509,-11020.493059720378,-9397.062599954063,-6243.027295732152,-2766.3612554440024,-317.00314822475457,420.6643246978434
-9917.310966128216,7501.058373843204,6381.667505788181,2493.4500297533914,-1983.7045940639657,-5600.881357608574,-7758.047121771239,-8330.56250524588,-7394.502699731187,-5256.609217688176,-2632.8603239729946,-564.3368584516529,206.69850238907856
-9950.116258302369,6382.987262415056,4866.577655259949,1418.299739325273,-2049.494775154955,-4582.185971105194,-6015.58826339383,-6455.024697416384,-5932.1493484745115,-4468.092575936728,-2429.775757707179,-663.1449865312479,61.534345772191635
-9146.723690259472,5256.394736894763,3287.3331239246677,228.25756377968787,-2363.8595666401384,-3998.343372260086,-4846.189303162843,-5148.862939177464,-4866.209173957232,-3809.391409715871,-2147.823246442165,-639.0127075517678,-33.7422902091757
-7909.566507899415,4059.6923330794107,1783.9113523037827,-814.3397548903997,-2630.2002590078255,-3571.30806271138,-4014.3867859352135,-4224.784830564659,-4058.064076075361,-3201.129698821677,-1775.9840685236413,-522.5048020497376,-98.7062064576683
-6479.603335739204,2790.634895039364,501.94018414033496,-1538.9169627104388,-2701.5066051332205,-3171.562932509906,-3386.590640696783,-3534.048055127321,-3365.4329170183764,-2559.396610402186,-1316.9747150547444,-360.02141613634,-156.43198276013425
-4923.605461467639,1612.5734829913306,-390.93527867184923,-1866.5512061478644,-2561.746214410365,-2776.6081453327542,-2875.2492319467992,-2918.941311697235,-2632.135855426943,-1826.8206545456019,-827.4798255599775,-233.53917072476634,-235.95612867147236
-3303.401490185365,779.1604973226788,-805.871051203172,-1855.2044625673227,-2301.101761168762,-2388.899448586578,-2337.512160071562,-2156.4747492553265,-1718.631453424284,-1054.3010572241935,-475.56832221802574,-270.02341359802193,-367.2947951116867
-1945.1567340964648,421.82478207532506,-854.6824279829636,-1699.5317366225618,-2006.6398933640608,-1862.032008754903,-1437.081482367259,-960.5675825639031,-633.331526810138,-525.822766446244,-563.7786787441489,-605.3955485870476,-563.1904318525363
-1654.331047507707,298.6828223804557,-918.3117341472737,-1623.847843625861,-1521.1543230617422,-652.6750569871305,420.7661353180439,837.5088708760528,231.63335936262217,-818.6926644591009,-1423.1066013865511,-1280.5914677883434,-792.8704269481411
-3504.417324088989,-608.5506872455255,-1749.1307611050047,-1734.3869551027467,-179.3100654418584,2292.995572642811,3857.732648292785,2892.7285301917395,-49.667130727958806,-2598.3579175437812,-3136.3825011540484,-2118.989802514463,-971.556808637265
-7902.711435955651,-4599.709481873418,-4620.00218839331,-1992.3569383730164,3146.571038776551,8155.073285261134,8898.166831972041,4027.801945784552,-2636.800771090703,-6082.525001647133,-5260.026808326318,-2720.1725725540186,-993.0146940732313
-13472.633441738086,-14562.52036320294,-10978.475647252304,-2348.3665528021197,9389.36309728645,17277.57963707976,14376.083374857662,2562.87760475581,-8075.519369572473,-10548.615637352477,-6885.409426088516,-2663.097131006328,-798.0229244566067
-17148.09382651156,-30766.224618988086,-21017.917762084864,-2802.4566856331344,18314.166578497465,28317.75758901926,18163.018597012426,-2585.2866867047237,-15544.475706691166,-14497.365608046643,-7153.4568541167,-1795.0297025664731,-423.1695664161284
-15983.60993963767,-47872.994457846835,-32117.832358237807,-3131.5302466451662,28194.639736470584,38500.40563916649,18346.088768375743,-10931.971501268075,-23076.281422802604,-16517.683412720493,-5807.349746663359,-333.21512645735527,21.221256407683768
-9053.95246625542,-57523.038393731586,-39434.3956644663,-2532.0879126632744,36682.996919431615,44967.727007798596,14330.05288865565,-20595.883027740503,-28658.164792797845,-16060.807369809105,-3256.201638914562,1317.0004690547248,424.21461210645714
2285.1641331820315,-55424.69287212472,-39066.7304963707,121.81601144438507,42064.65474880071,46055.293025027706,6929.109539111823,-29358.119565474743,-31145.324866286428,-13465.91906938176,-183.3034058801494,2817.0302946217266,727.1492721055857
15385.032155624453,-44572.43938114312,-30880.064816840913,5282.493170558569,43729.95533589457,41671.33186065172,-2243.7611805658435,-35538.31166126544,-30382.77616638247,-9498.143583282508,2825.0740960828625,3992.908905077183,920.0863382752563
27382.253867508643,-31147.046170777965,-18184.15565344382,11997.069654560144,41850.4064656923,33019.40368053563,-11366.87017309484,-38289.20530733748,-26907.77593099025,-4974.319260227442,5385.398985273203,4786.5756883072345,1011.3203675485266
36100.119801785775,-19201.228127353217,-5065.59413967567,18342.379339724703,37004.834972192606,22077.014650674602,-18853.84889520897,-37598.01214573623,-21650.577245656248,-598.2222390664087,7288.818766988119,5196.021211609783,1010.4153534115148
40652.011673812915,-9619.534156864715,5782.089710497423,22572.544564378197,30039.33459194508,10954.188887373572,-23722.783543986603,-34132.95537070341,-15651.091894350444,3133.530617981353,8475.206904092844,5256.445673576461,930.0318908686546
41414.91848905589,-1981.2324527625756,13409.430875906788,23893.628987149943,21973.93717719534,1320.4341308634048,-25746.284309999457,-28925.425580151317,-9794.280613877489,5975.217015530778,9003.05615752134,5032.231523396036,790.2738939030643
39501.846280860285,4041.8197510197365,17932.420652727218,22476.884198999993,13846.49286844874,-5880.463081193299,-25321.19777725851,-23020.61668573118,-4663.162567576356,7897.14904381695,8999.034792307066,4601.252888212127,616.8164088887852
36178.83214763278,8541.988010847866,19889.212504514227,19051.974366674804,6533.502864678629,-10419.85677514437,-23190.256831238872,-17240.470924055746,-526.9486453092275,9009.756249592496,8611.277738096434,4040.3933755083144,435.58754232139347
32477.63695732185,11634.023833819074,19912.83138567792,14482.379065138468,620.9930516683402,-12598.06373253703,-20157.794482494144,-12087.985689254183,2592.9349043502634,9491.659628725936,7981.0740069137,3417.882967917999,268.074155204992
29047.26216823381,13561.638556504837,18571.14566529089,9507.235354420423,-3620.976808922195,-13001.123869302157,-16886.072909436753,-7765.546945375929,4827.697035134628,9534.442729596805,7227.109158981261,2788.5100581392335,128.18501041707572
26194.805337687743,14643.416853353205,16275.4460633641,4670.063874936522,-6179.311712213013,-12294.901243477902,-13806.37984556258,-4260.314644485557,6371.775496554492,9307.221708021047,6436.946306855654,2188.718330778948,20.389187983974352
24010.534860586977,15153.094288473068,13254.29107412664,368.1869389150745,-7227.262255360241,-11095.791865715755,-11120.20055573959,-1440.8471788530514,7424.075205160005,8942.875190337467,5664.720109620843,1632.2145125825325,-60.77034052625474
22482.963286046623,15177.489747473232,9605.896323274568,-3067.2205914535457,-7087.5081346166,-9898.709875657209,-8844.35903513993,870.5858370767279,8163.389411237036,8538.920464873983,4931.190291303771,1106.7352907712234,-129.52174238545436
21566.079421693623,14510.948343807187,5437.5244032792,-5332.189677439596,-6221.085458806857,-9037.9245690836,-6871.247225192439,2857.87521882167,8744.741475286713,8159.441594710822,4219.248988256654,571.7981842456593,-205.84119658562173
21197.951406898173,12701.27704705591,1075.5593180615813,-6194.4667277085655,-5222.383647716198,-8678.381911006989,-5024.136005101073,4698.246553056332,9299.565892179633,7825.30300648458,3460.5106103147027,-40.249506260643805,-309.7363328140699
21275.215059785874,9395.614056517737,-2720.533247729101,-5653.211093265584,-4817.029773515898,-8821.849054726492,-3085.3942036336566,6562.380152150563,9922.680319320936,7484.897025278291,2518.7851104702045,-810.330667012249,-450.9666803605387
21589.6929988847,5102.432603500724,-4736.523148330281,-4262.495546223899,-5815.278292822125,-9273.528509110773,-800.058924218037,8598.977437975438,10631.408967716767,6971.227534453203,1196.3921748835237,-1789.4881336499607,-613.6983513706684
21763.046709878883,2012.0445512154688,-3951.188471549066,-3522.621438079411,-8841.283072594013,-9552.041550776417,2092.301523672538,10876.294968062984,11300.39427465743,5982.2931617522545,-692.3602280038041,-2922.569156819355,-743.6083414449876
21268.47716147612,3236.257659756551,-1136.6950595122994,-5711.002841849467,-13714.940366395878,-8886.135240303922,5735.241797877794,13289.444805268136,11614.789428817032,4151.021736320687,-3163.955038834567,-3982.8807903845486,-755.1853187040392
19623.896208476548,9039.316881994662,92.95683499592018,-12339.740169699897,-18926.063494560916,-6532.495968192104,9962.963381799125,15491.44647843568,11109.281567121869,1237.057020656954,-5905.264783380722,-4601.921690629653,-569.638397275226
16715.06483289065,13864.984340230229,-4275.364875748006,-22012.205215648,-22143.88028789435,-2388.86443701913,14171.847782435081,16915.06134519597,9325.603560834745,-2631.416988470402,-8256.180719808563,-4424.046979048119,-163.9039951113831
13070.741978794958,11278.033972776402,-13676.808133745591,-30523.287774199616,-21898.835439047936,2611.033445782137,17421.543882544567,16926.729174778688,6067.982608427013,-6798.782866631086,-9407.69072511299,-3308.976335621897,401.3980958036494
9844.515340599493,2815.1178492188474,-22386.371320883656,-34307.925376491,-18835.37968609411,6909.133101471089,18835.881418958674,15138.836212562152,1697.9609384231094,-10148.08028125499,-8788.514967528288,-1484.3075001786015,984.807833505137
8212.312758901015,-3791.6870332173835,-25857.490950916825,-33461.50955163783,-14911.707232057495,9396.975087803336,18147.05030942699,11788.85635012674,-2756.970813068694,-11571.071129473397,-6518.701523093914,451.47583982837534,1403.296285307591
8327.501796379373,-5558.300626366657,-25251.589937962344,-30491.777998254507,-11441.436423771998,10156.442306330666,15953.296663917543,7810.224842548357,-6052.6498598762655,-10747.076853954088,-3536.3150828289163,1805.9785627540261,1521.313692280783
9001.247996551443,-6191.492958592038,-23913.09479541665,-27080.73711999179,-8394.929006659559,10098.689098426767,13323.982444135188,4278.344094126262,-7596.295053093232,-8475.035050173818,-1010.0334740696796,2254.1411891096604,1344.923978309028
8976.652832749198,-7871.475892973905,-22636.834668028263,-23379.335789747496,-5414.064881950486,9963.581350024766,11018.891837213987,1658.1734112352929,-7796.984691355691,-5958.807504319552,527.0234696974643,2034.2254547043492,1020.4868317517698
8342.695147632594,-8618.926654142311,-20528.501727497274,-19494.73064933472,-2698.5855541652845,9809.200774283468,9109.121414835532,-282.60771612568556,-7391.280506590973,-3789.6279317585377,1338.9927320155768,1626.226626211061,718.3042794324302
7989.746659024148,-7324.41552332975,-17784.88896852554,-16019.646244481055,-674.4704390353818,9378.008214566285,7344.896775322268,-1839.1492423407958,-6633.17178832816,-1860.09228140927,1832.0289294901158,1287.8627866008683,514.1932664550429
7918.2953931865995,-5848.543182363835,-15511.305442163597,-13248.382467714353,669.2419312741931,8664.120771810503,5696.854143435578,-2926.104226835687,-5379.207493854922,-87.89069396098728,2027.3327507508088,956.558454777443,377.5998261737008
7058.167955236181,-5901.204445178372,-14052.978354121375,-10857.746735283676,1746.0638968272601,7967.562130289805,4385.5379012821495,-3346.7204412784686,-3710.553811307715,1225.1918998476494,1745.9897493631568,507.6174289533814,248.01986688844613
4836.597464377982,-6858.056227680914,-12815.234667881476,-8487.432717098263,2847.7173403065276,7517.132373731892,3507.108890137231,-3216.030603272178,-2073.529020537711,1785.2659980563983,1041.7942491657732,-23.791574634309313,103.80077344706183
2099.023889971567,-7155.252437642664,-11306.315982498098,-6203.3254916702745,3885.0686664400237,7227.273417799551,2862.5005598856073,-2889.699606479195,-833.754987811087,1717.2730949787192,250.95063073814288,-475.8710657599128,-31.506624594556826
132.7097676803707,-6352.59819682348,-9656.800388797852,-4291.504892600623,4615.248842374961,6856.599756768434,2196.5154699895584,-2578.2906370208198,39.38942874920443,1428.978356754772,-318.46718786756537,-726.6188933523831,-124.60548709199202
-790.2621287415353,-5247.947328675923,-8201.545603656876,-2821.3440028051336,4985.728957956638,6313.6721494871,1471.9447690299658,-2203.224852904278,795.6367120373881,1190.905173999629,-630.1895651786851,-788.4854028885742,-163.93221457083166
-1578.0704414994557,-4616.170680866339,-6957.660782399857,-1531.099579336861,5217.572111118893,5734.7294796127935,828.5457328514649,-1593.809368865084,1556.7570803871417,944.7480475375665,-870.9260794778014,-769.9397487862321,-164.54814828758197
-3220.529332244379,-4410.369164334634,-5640.884249171754,-91.99890171247381,5579.02357903942,5256.712930293356,351.6689923681462,-687.1621939912407,2189.159532828662,464.7667011989571,-1231.7662845538057,-776.2864311807493,-152.7932236670769
-5761.140405741011,-4161.943741689436,-4119.489981136879,1517.7521871448625,6054.262152308062,4764.2748556280985,20.72899209025566,457.8335577147426,2429.9907609197053,-363.8736299503552,-1742.2985011246697,-838.2230254252935,-147.76322089940064
-8276.986073414515,-3861.7886235367237,-2791.528695530878,2832.579051323414,6224.134274564385,3975.8998550328474,-93.83303601541635,1688.7361737376357,2103.3771676475762,-1401.828336051798,-2259.7467279661446,-903.33106791331,-152.13121221964045
-9664.076204485547,-4034.920814808825,-2315.856271475251,3211.765277565925,5626.838429257978,2873.416962591652,235.8778347571627,2742.2406801309676,1292.0286819135385,-2328.636116203079,-2575.479411172581,-878.368059475433,-156.21346769269567
-9444.8455557605,-4667.4449908959505,-2697.457318573421,2588.626556669724,4368.146666673859,1902.870416235629,1094.783781538798,3361.6139153979266,340.9382614191245,-2861.8590725565036,-2550.6097368550145,-695.4018060272975,-151.6765074668266
-8077.483344411147,-4750.4296191077565,-2966.5674447585043,1740.3380343591962,3138.121640799938,1528.2905999135617,2246.651252468437,3557.3267384572587,-412.8380206645027,-2979.9713567318436,-2217.168091527081,-373.610611979377,-143.4787447095237
-6732.446803032438,-3463.4431061174773,-2108.5898703526545,1573.750136362985,2558.02453302364,1910.475584425422,3568.503271412926,3530.550695990015,-1053.8201218346749,-3008.1903242237386,-1810.8848722375021,-31.28533031895313,-142.35933814738905
-6591.952612541829,-671.4285885726277,719.4490120844775,3008.3893969141277,3302.13313902257,3524.0853086785596,5316.530540915484,3059.8850419644964,-2203.4538453659316,-3484.82350681709,-1680.2583398844718,212.14720610894193,-132.32026503270384
-7711.094266966567,2101.1665042805394,6207.7858938697655,7589.972434164867,6749.688330066509,7238.760595493725,7254.707109725967,1252.5758181104884,-4514.711136297832,-4809.856710779255,-2009.787093645438,415.0965651071785,-51.258808117959006
-8262.330177140657,-843.4869231223194,11666.653432002928,15207.66254861293,13214.123752729354,12431.87378648564,7954.563327668398,-2457.614312860179,-7870.3158212140215,-6808.998223471899,-2492.493822337821,843.4706638284688,153.53269247761375
-5826.6898925753385,-12304.358117699772,11042.98053242669,21122.77054364671,19313.503832919378,16103.326019910646,6196.8928540075685,-7053.311249710527,-11098.039533808464,-8565.32322628116,-2400.485682635226,1647.0184185043768,419.0693040328714
-510.85751723315786,-22046.485759840834,4127.821359758102,20435.148051678963,20591.583023919204,15851.280096529206,2867.9410034393786,-10327.172094853247,-12664.460735357825,-8915.737223214079,-1287.5029271447331,2482.921972199785,556.5687450687907
3969.2978097254054,-19345.441576050984,-1121.3442933500835,14941.8047634258,16992.54115734593,12708.7241715639,203.85327384070646,-10822.839995087017,-11858.847083983619,-7441.690618978211,352.59375998729524,2699.8101379648433,413.27393140897277
3929.7246938871376,-9190.456647822673,-81.06778977230653,10310.336125689904,12440.446329490314,9482.880891053557,-688.1871100270391,-9103.28640531052,-9415.176157630785,-4999.174635134486,1445.8699922152957,2040.1806119457328,44.19835287459182
252.76294664641443,-2241.7704733284145,4024.385283364916,9095.297290802158,9965.785771385827,7722.2437732492335,-562.2773652575145,-7051.665057414795,-6982.79029653155,-3047.1772291209536,1485.8249200227012,1006.4397236190321,-316.6109660573565
-2168.68423320296,-1593.737801715509,7462.669523771293,10508.470690727225,10010.677971207557,7381.376400969917,-649.7226938211322,-6232.032865552287,-5894.549737078248,-2340.650923754925,1088.4585488502,388.62195557060784,-459.34839168930694
265.3510474025535,-5561.683236996798,9165.484660569975,13156.931887578714,11723.225339758968,7838.309832199517,-1466.8085517811157,-6919.649911923022,-6274.32706062538,-2360.983613485312,1247.2978173769466,504.7559727930611,-359.0707073035999
6120.736041509039,-11377.705880780764,8459.69228015484,15219.28134060983,13586.916154018028,8235.555997941216,-2807.8841039861736,-8296.936804589262,-7178.026749061643,-2065.873128860543,2199.360526258155,997.4975662461417,-151.43495074731152
10772.463908390297,-14473.098040683108,5578.2092514943815,14893.729096458117,13976.077876460993,7757.712065389874,-4207.03126660932,-9295.252511691171,-7533.535412954184,-1063.2464523435463,3224.759819551818,1301.9595361916954,13.667338288025405
11124.718027432122,-11664.99287942351,2913.392802700038,12300.5201753713,12453.318854552295,6210.719616104537,-5283.024972949688,-9337.955187801772,-6983.062997271187,66.27383530413225,3480.3313353615117,1180.8066789126688,81.96803335256556
8129.96852216511,-5415.882600230194,2657.87576389485,9488.100513477359,10079.8385984721,4089.0060832392005,-5906.8123079049155,-8546.587845077669,-5967.3741005309075,481.52501952348825,2824.7592715355395,823.9144539679795,93.31378225795743
5437.012143974001,-1237.4802994506201,4248.200594963161,8159.141243274103,8191.901231946543,2058.5527534243292,-6171.583494181615,-7447.843631288601,-5181.405983401687,-58.056081249059275,1856.1939934909672,580.2012948666452,117.34737590264888
6138.621026431431,-1649.8533115013518,5556.849468821242,8342.34484599108,7343.763647550658,588.3265122931081,-6199.224937782458,-6527.239656945639,-4980.310146956947,-975.1539513526252,1328.0853149693107,658.6301934506546,198.0724069441109
10412.563021727496,-4808.55299294895,5585.786970828066,9193.972487982812,7377.522850510136,-80.27434221442913,-6005.062313483259,-5969.960937137266,-5160.03094903246,-1362.0826750440262,1549.699959609754,1006.2105009290744,332.3520980743324
15678.743054642644,-7800.113962821961,5026.64215582488,10065.598441109876,7863.254648821262,19.66506655595657,-5586.614818380245,-5698.144449579706,-5163.614099058177,-702.8277594145029,2219.3958519885296,1385.7607930470629,479.0213135100096
18784.529261105297,-9138.95546382709,4842.99693397831,10526.020026183833,8245.422920359713,489.40734284068975,-5088.947188684866,-5545.324689902351,-4498.302328050039,752.0462209599082,2746.0648415216788,1563.2522352896385,590.0731068915619
18208.025500933087,-8416.121915111724,5106.619937961354,10096.005213448032,7996.731904248095,742.1119642713043,-4771.024127340909,-5359.502065629138,-3083.32732815613,2235.0748938857623,2735.8687920067214,1462.8018344337415,645.019206216972
14793.010388681945,-5660.763381974218,5207.138334223276,8661.926956620699,7029.586857998637,426.6298131677331,-4785.510392207824,-5049.8353947565765,-1338.6309692630784,3084.304152387366,2247.3068739465284,1197.630529453054,663.2533266620028
11116.19601793832,-1933.561825715166,4947.395236926333,6990.576341610219,5831.657022882099,-404.82434024779025,-5114.049512551088,-4734.589744148391,29.401925888180017,3222.211472698821,1709.2281149936007,995.3523970315043,682.8403878690567
10188.984234565238,919.8582282073189,4912.216961904252,6069.248964065933,4801.955578517122,-1741.7473062501429,-5892.840353710765,-4955.911882452404,458.2456655463235,3203.5353966939024,1672.6249413317487,1076.819976057316,716.9570429956182
13791.86706370836,1417.4016199247335,4879.653551639083,5853.8227129906845,3498.1016963814077,-4246.325172796649,-7834.535790821805,-6596.819893694066,7.9219344455830765,3875.0616876585786,2539.643308735929,1510.679460352363,717.5994657049121
20845.23846311972,-3102.5882302537807,3371.0623688260885,6258.1470442938,1477.2584644159988,-8873.728814708735,-11907.33578516367,-10095.561279042273,-434.32246649272906,5790.871655968752,4294.912482025446,2084.631368168672,587.5324567249984
27188.05705045343,-14990.685367831149,2627.0574793708797,9803.9639919536,345.5938212693343,-15026.4524128838,-17860.996078987024,-14371.629928593757,322.8466504178636,8659.206576758892,6351.665961177404,2343.002098666072,263.67850832978934
28132.543322662597,-25382.10022981415,9611.565380662138,18898.53383062781,2913.875914629951,-19594.455542819793,-23183.845689835798,-16980.386696996055,2671.378501757207,11329.529428111482,7764.141557340921,1911.226774947535,-182.76493403641746
22417.786788841644,-19009.544614442242,23335.49093428173,28918.676334902604,8764.917790517802,-19478.83898013948,-24695.614025927,-16053.405323295387,5683.048554393629,12545.54687881684,7835.36160926105,883.7503036993609,-554.6101649609794
13358.716176180247,-81.50382027697114,30813.039151429883,31164.645424702954,13384.845563155017,-14979.569357754075,-21527.45894573534,-11984.273481635018,7908.08048466732,11857.309682495666,6633.688827277813,-199.42738656987376,-681.6613703288883
5522.005199655607,11444.001891240518,25011.689313135525,24045.857687012296,13369.890251941308,-9347.449696964775,-15795.257548960528,-6902.108941862318,8562.009575556931,9827.00042773238,4864.93889309502,-844.8383894325301,-561.8009016102303
999.1967439261589,9310.79462172027,13604.440586927307,14322.351391689455,9851.074613803521,-5451.7185851051245,-10448.052076234082,-2853.957074835037,7876.546012474361,7466.983597120476,3243.776216784425,-998.9831307988717,-332.0298691823356
-705.7863618191877,2678.3595379364056,5906.513171204105,7986.009935682242,5932.9293866246935,-3965.8174242264013,-7161.190361840836,-670.4775403911527,6661.6067519671715,5596.351439310789,2054.088040903116,-938.5316988001097,-129.85491807391134
-697.5687220153086,-2042.2116566357417,3252.8649401979233,5517.034451117633,3020.2143299917816,-4264.91455133982,-6066.471898398613,-33.063823246310925,5759.827397861111,4596.355179985295,1220.4518253290523,-926.1971229124609,-11.661865912524831
39.266103011892625,-5195.61638659281,3610.4802944830926,5376.102294333825,667.2261760755073,-5851.090939327618,-6604.253441055812,-94.41814856481713,5699.83304083053,4476.292035085759,586.8744144572488,-1055.0725640495423,23.894814035735124
139.75219716275666,-6584.8154708223565,7219.552531664938,7628.04648234239,-1223.9720440945366,-8410.118838704071,-8078.001048758092,-8.433921775850138,6551.207716137509,5001.009119172566,41.63711470782533,-1320.6367773411034,-17.095764081382413
-1727.416896887568,-3088.8390731021236,14514.298027921863,12539.092488774473,-1685.4430405292735,-11064.336229648537,-9596.132085393767,775.6296218217728,7958.714783147796,5781.0835141965845,-522.5564327364004,-1695.4600752459237,-133.1334773598117
-5359.898152516873,5685.5615135228145,21957.400374090015,17867.20554223244,-266.87212379822915,-12506.268620399736,-10172.99701285256,2338.0110140160486,9331.942931322954,6371.453953770642,-1190.3332496088588,-2089.7137676506386,-297.29519551174826
-8765.518713150872,13541.155910448162,24060.80266711071,20020.152273875432,1865.0431934006574,-12068.283118623318,-9292.474977199909,4294.148788137328,10140.592142715637,6454.990582677739,-1884.26053400426,-2334.216214766896,-451.46333916967836
-10056.251785970067,14062.927760532375,19505.184672709067,17704.038353597545,2988.8656183345925,-10276.142376610269,-7265.132771411398,6067.808940812817,10172.972248947355,6025.399006318606,-2359.405762448763,-2311.03424501877,-550.6664496370889
-9083.062292957178,8116.599426816676,12361.668250281153,12960.581153768388,2412.3652277985275,-8258.033244700162,-4913.300449041553,7225.016665190017,9569.184304191192,5338.461502204586,-2451.995005755507,-2072.0755776899027,-598.1163718502736
-6940.09413783066,1469.2434370671801,7320.022804249306,8713.087818336104,693.3554318945933,-6815.788950329878,-2964.4851430773642,7610.9589689426175,8618.050299032824,4625.336681646416,-2252.7549174511814,-1757.6659784544713,-621.1815728205253
-4674.78906898914,-1909.4326897165479,5790.9535466660855,6292.701780987147,-1198.289930340911,-6053.950462124367,-1729.8911302011854,7289.132940804759,7527.315099217245,3895.2545440827153,-1956.2806308544227,-1438.300727254741,-628.3838962279079
-2967.1826268153004,-2071.562125545854,6263.110447885584,5210.436615933825,-2616.9821983568345,-5681.774048149698,-1195.2970825507932,6432.128719075369,6366.011649530664,3047.4313945664694,-1651.1244630848964,-1103.6179809560497,-608.8171699641213
-2513.9058747880963,-1061.0957627626167,6786.164359913947,4463.730489809354,-3497.3300070305063,-5507.88838916952,-1235.5075418936492,5281.801897293192,5196.197281170454,2085.272230960604,-1372.054245671111,-781.1302328088509,-569.3716790384879
-4046.5451048964596,-369.73793813878484,6759.073432693097,3611.625587862714,-4181.357931909469,-5550.013884855737,-1652.4533272049994,4198.405928828455,4222.947617132007,1082.9248767763625,-1282.055619654428,-600.3109733756124,-557.6070995727276
-7813.538343259898,-78.04134606682568,6646.026538080588,2834.2224525785387,-4758.630384613185,-5779.364570894014,-2136.281446093377,3638.1073728403326,3705.8501173189397,-57.65852597850326,-1628.6503830080992,-714.8890950160585,-635.1678701318665
-13187.784562363438,557.0336644606632,6842.938039366498,2903.6883318261607,-4705.583275481197,-6219.615567616212,-2479.362679331316,3868.03802242912,3635.476368540563,-1581.278070572369,-2462.2224843830836,-1169.9711796799425,-816.2091186530974
-18808.400319170516,2979.963218950751,8123.098809342126,4959.290406851788,-4003.2325384168303,-7253.690051943809,-2757.9572029726774,4707.012978919715,3687.701903637483,-3419.539304813589,-3512.588754084479,-1844.8815048449167,-1025.3645058459745
-22904.702167244937,7687.209188361534,11344.493908205912,8582.912637486768,-3812.856561921273,-8962.913662125502,-2872.7492689523992,5849.55160847284,3742.774461898362,-4967.701455738459,-4426.610962950465,-2496.88722181753,-1124.4249705378638
-23501.556787676753,11786.820536162255,15292.345306967192,11480.354352215167,-4673.081705336207,-10469.537865018761,-2188.9067745468424,7347.284198988155,4167.128552656445,-5605.739845164851,-5010.950718607358,-2835.3285042872653,-1001.6902628016712
-19064.335362530263,12432.464275370055,18045.47410625668,12388.114636169208,-5876.90997650587,-10931.458421905923,-294.88064346703885,9238.783457090853,5196.274838584714,-5247.746641369648,-5140.1382242521,-2605.5201208360613,-663.3852884655624
-10047.989496712707,9544.887995464767,18569.042135217136,11358.555889936466,-6718.934111383027,-10111.77052560979,2396.6979078351023,10936.97761075041,6416.032405563102,-4151.855724361062,-4601.011570315694,-1738.7264638073973,-257.2244415275064
58.311033464271155,5457.307022202285,16671.901259061226,9276.990502671011,-6278.188225520334,-7796.365814425926,5262.334892265911,11713.274445533552,7271.604504137588,-2539.5019286383813,-3284.7116095946767,-506.8897593873586,10.665113679817296
6541.393765255455,3532.889953817902,14259.611851353342,7896.32197302334,-4426.961595108539,-4552.527966957943,7765.928105957944,11526.819951689708,7652.871319569234,-731.1485131845002,-1526.7044048543876,560.2304249024153,28.182007282406744
7341.672687867934,3192.039005304282,12075.358583344343,6932.589528361021,-2892.604055889245,-2081.9963964708877,9080.134069837954,10779.362761477325,7618.231535190408,638.379232799467,-47.01067363953882,1055.275638029913,-132.30185687136105
4585.004188652578,3168.588759800829,9052.467341428464,5183.954884632537,-2389.8243353930197,-1164.0169535069595,8601.11004131202,9630.995706569198,6971.137943439049,943.7924747078541,562.8188369622792,996.7690969745315,-288.5862032462338
1813.9456824494823,4518.687696758753,6612.782106736074,4033.3416239256308,-1631.4436393086992,-870.6506543402791,6857.660956678288,8061.457987481423,5481.406283338897,118.31830776428012,267.35308993439253,708.0446778147993,-314.0745376289258
513.0630786069268,6263.271612941374,6549.595440636766,4780.743594109037,-505.7167161713792,-555.6030154607191,5021.139882075067,6259.045535629417,3310.312604077255,-1264.4184191797322,-490.79594403194614,454.2880666738742,-222.37055035354342
-141.00521241056535,6980.360997345645,7976.010080695331,5835.093337928854,-685.5592245782343,-825.255951641736,3647.4844169745147,4530.809586916232,975.6015619415945,-2475.1301933118284,-1222.8789416245331,271.5555459051076,-107.8475096831495
-930.9513177522715,6708.157408330732,9039.461368700939,5040.960937279238,-2856.3884756446996,-2157.1499683129446,2553.6130538519283,3057.9855050391725,-1004.7807232385026,-3153.920586328634,-1712.1449508835512,107.80214161607034,-32.250085860438276
-1170.5473336492255,5044.825716143212,8570.777737930257,2348.874574062405,-5724.41080799619,-3940.6654321267238,1652.0318454032217,1968.1077109604241,-2344.307402040491,-3387.9944279731017,-1957.793895805231,3.8815001113714516,19.338998647581604
144.37210883465974,2072.278317835473,6665.571020766136,-639.9912151798393,-7758.9487349541,-5233.52862811841,1190.1900955749775,1386.4514700976201,-3013.456793057766,-3393.2140914370693,-1955.2017240839011,45.56071750567355,85.13278456235051
2644.60303405215,-1096.890083857123,4153.249673329441,-2734.6838746177054,-8476.44145058253,-5646.690651681205,1241.6195689944143,1246.3022072758056,-3164.4671017366854,-3238.97653855716,-1677.1455841655086,192.40803877943915,163.58113143368465
4752.366405308868,-3448.7269781943082,1683.090064502042,-3703.7976837308047,-8001.209473584644,-5263.90141621247,1528.3073872180619,1269.9385715012586,-2995.8772668291585,-2880.029489862757,-1220.1934428263921,283.09647225643084,221.53970807894697
5157.195672071217,-4224.674423454145,-0.6975037101379229,-3532.2607668508804,-6620.226240652182,-4291.890050281287,1803.3377703640817,1254.5667633361404,-2638.6436284961724,-2329.0472187739374,-788.8676050452261,215.4494809868736,243.06138615591072
3755.7121396233165,-3544.0049329314184,-338.02235310027663,-2507.1021591204626,-4952.758337906618,-3040.9476049284385,2068.441998122927,1238.674582115664,-2162.6435410996137,-1708.6712553923435,-497.92951629522156,41.05243324955927,248.22896207906248
1509.8781536988909,-2296.2818646582828,349.47402467983693,-1316.6352047401929,-3655.188374694376,-1889.6641703480493,2384.5381469871436,1355.7468807724185,-1655.4780726497352,-1163.48664372052,-268.99859510403064,-104.84662869547333,275.70520991484193
-304.4786512505926,-700.5378239773382,1547.6456999758004,-287.1210507120887,-2818.2729438672586,-1059.9775832219668,2710.844624593799,1653.2351328372156,-1239.1953722574729,-756.3753743537079,72.92899524297349,-112.52148483946178,358.6353619668239
-867.6013795698814,1618.2818474394205,3141.0667458078674,781.1967075050547,-2141.237159614253,-557.7032868863456,3015.1356962238865,2091.677954858195,-992.3128942633223,-434.99171597921793,610.5776467735345,37.25181886063484,503.0290543170459
-105.20745397652087,4314.343211794734,4759.779530567337,1764.630294762148,-1678.4985343298692,-292.4197830186795,3408.88766448171,2594.6143965519236,-892.550727244062,-121.94710652752883,1199.3683528679335,270.2913785313971,673.604152412482
1555.0757326849834,6029.461985134652,5693.719277330789,2005.5046074558265,-1842.5418594147707,-56.8933243290807,3944.568821736337,2970.1565606233817,-898.7390210887561,117.32026405469377,1548.4292937526884,482.1695861136852,806.4987731325986
3563.424190559197,5895.368764156223,5852.914553657627,1305.35722475054,-2530.4948601557276,312.7782636003543,4290.852029443047,2906.3036513429406,-1055.3569585792854,90.30677844617543,1517.7073843781145,619.2327142653951,854.4741089294747
5477.249771245579,4459.937138444404,5393.902456567255,121.87683067927216,-3173.3582789771103,593.6008668988153,4120.267298551832,2365.9133838187176,-1343.2676913561831,-191.7741613047072,1289.7814977191133,699.6609784825748,828.4148280550762
6994.4513023431855,2594.3067040596948,4473.904805585786,-939.5050419347162,-3438.3903966724097,840.3883209492546,3803.224603713697,1892.08983597101,-1430.447733129481,-339.04770606288463,1134.089757214345,760.6223446886836,784.6008566228039
7789.0991171189635,2398.1606383065764,4542.666804363941,-501.9590691520734,-2565.0149544315695,1822.591501777129,3750.39463933643,1992.4850901074394,-914.968090438022,-28.27578092645743,1062.706851568682,797.9099824856509,764.6878496740351
7453.5357746912205,4414.635787855197,5384.50701499395,1893.7220572362162,-27.395055339369634,3252.407753056909,3399.4277748801624,2345.5858610199934,85.02907700904541,502.10148273341923,868.7037116553224,768.2310097485641,762.3190380244378
5916.477623574321,4338.521442955954,4183.691719598035,3625.5163670049897,2430.6057639427845,3494.034724679761,2130.8874045087605,2233.9094367416333,958.0489988878473,721.0031186026666,446.31196572792214,651.4438825378135,753.1711225233873
3809.1186861455712,1428.2349492429555,1428.9346457536428,2837.9915795252286,2830.700860185847,2166.3368321408925,416.9677156369718,1505.6489524328413,1270.2347326512609,423.06413496694097,-83.48836450070996,493.43706416526203,731.9483826148287
2021.4249639979691,-399.91361654031414,-21.28716364322986,1079.594509855251,1712.1500129727099,572.6683828456358,-870.0491899415265,600.0131997717283,1095.8814164299488,-162.6385606864714,-526.351229771599,373.2457658206206,707.0951745021605
967.1617572172313,-365.9606963347869,107.2179902822207,111.40485801202095,639.9724758259794,-304.3829126439364,-1440.6139781203337,-47.088749056997585,767.1870456364811,-689.9858991262734,-772.9990787771003,343.25213381815735,681.5972979480898
483.3666397648137,-23.134159080828127,539.7973342555473,-80.80502320244605,114.09733618757636,-549.3567429074212,-1518.4982465145174,-305.2703769860549,561.665462792437,-946.6281806200163,-829.2146245479037,411.73441519427854,652.945528852948
253.58066451214873,211.65579574088633,839.1648290746188,-51.72034576654582,-176.98742593025477,-493.1219381159529,-1302.1641009531554,-264.8976803769397,564.7415905115322,-922.7421798409468,-769.9841009284062,556.2561291138823,619.702983438613
188.12682986949895,403.2262088328288,1084.0469000274304,30.522247476257917,-372.1306575743759,-111.49483880767875,-757.2157972461623,-50.39599563535154,678.9260208450659,-744.9339552424995,-665.7312261726682,731.5113215988804,578.630861047043
516.2991432369147,694.0675365996043,1437.0797980842012,79.81089539739484,-416.77162077347157,646.4463944769657,122.37601081052523,224.04877716112608,725.5337548515853,-524.4467457492991,-517.2861000070038,876.7388071140867,519.6616269719444
1504.301595795054,1539.4404980615443,2179.2370486580353,-126.24408266580798,-533.6604072034539,1496.050590299884,1117.5395359892893,363.3342025469162,548.0911423770497,-251.49962866428817,-257.506434930168,936.6606818783431,430.0260591044581
2888.4317460588127,2763.801371430074,3207.1399742556787,-937.6920057490722,-1207.3474320806051,2159.5738107055586,1997.8676224720434,129.4113715363061,93.2437393554217,160.4447601792511,165.2273464415247,883.7684119466687,304.88783096323374
3624.565822402973,3996.852372497311,4377.100395911536,-2448.06167560967,-2512.4117860565348,2806.1406490827144,2736.3055171369397,-528.4452908830124,-527.9974949396279,722.8376235359883,685.6310766266495,721.7438657682333,153.31195955299899
2669.4907256201273,5823.855461860921,5986.860517119388,-3837.2463391877254,-3638.135806436442,3681.5480017273503,3311.5221882747664,-1358.8375482134065,-1087.7058878938399,1260.45653630888,1097.7318931703423,483.69772333492193,-2.440637456921081
271.7403616918813,7820.403157858422,7466.563392081687,-4073.989259480764,-3723.017027153863,4417.4795031124995,3472.0569783015394,-2001.9081364071951,-1413.4130602366538,1481.0117316702508,1175.1254203397436,250.43534251569042,-131.09198384675548
-1978.1479303206997,7833.086795231625,7274.8914799043205,-3329.63611599789,-2960.3951972486107,4337.654319221309,2986.7214379287157,-2257.9827894312434,-1498.2586559610495,1213.1675644333084,880.1027039355984,136.35275796641105,-208.50445971583534
-2719.409745190639,5548.429411369012,5284.556230487033,-2485.0048036307267,-2123.5141825356764,3402.173674938302,2030.765861190544,-2138.2321958882085,-1425.0178652600057,586.9905475394019,433.15956913982654,189.46326968605342,-242.65234702357282
-2054.8517414857442,2996.0437744451947,3052.4589029415715,-1836.5660218116222,-1522.3566350375272,2240.368673964944,1081.540125867334,-1745.0551707037012,-1253.8136282336982,-63.028232440941565,103.66955620300803,323.04176885898886,-273.1552428472326
-1083.7694366954483,1441.9128808147482,1631.666984651829,-1262.8282224722066,-1038.8674059106434,1394.9384637708713,517.957158032931,-1212.4579424261344,-1031.3486564884533,-479.600506217894,-32.95868913309778,403.7920850280977,-334.58313801225637
-709.7294613688472,643.2783779537037,865.9377732743774,-768.4419622393322,-584.1989340294126,1002.449798551798,415.27165123894406,-719.6224225390156,-827.5905078072434,-629.540787332548,-67.65613104445117,379.2780976419743,-427.09416031178245
-1073.9295617088228,156.14203437389182,429.7820566379937,-406.50378932463747,-205.1367500965017,963.708963771249,584.3615787225526,-412.58129655515773,-682.8237368916436,-602.3462914348996,-75.75073204271831,282.64837122417885,-525.8749984950317
-1749.3505789762232,23.723247886730036,362.30892178449074,-250.65064557060302,-18.77197283336656,1096.0201036639164,772.8565462922004,-297.90589704354596,-566.3902860114067,-470.6901142724877,-61.51368438936953,160.866364107848,-607.333870161391
-2198.6977824890446,367.09103540002457,651.723584597636,-385.9518277426911,-57.70114517399249,1262.6466429476986,864.4348603436772,-294.92006204622834,-438.2291164123634,-278.2095790197769,-19.886525725454533,40.86606409355903,-661.2011759217734
-2092.4465683991766,1013.1730624344025,1064.8727745694732,-777.554958661582,-216.86835335684685,1409.4280390655472,860.6877229669569,-333.93434239019143,-301.0722872015699,-73.45075021563832,42.60483387884216,-57.90721622930175,-685.5329733970116
-1393.176945120623,1609.4327477466709,1321.044407420948,-1239.6409691037247,-361.4586137727687,1466.6787672608616,795.8995929548769,-347.14369907873083,-167.87889292404498,105.19456006791785,130.49008380593386,-113.51167702388611,-680.61200622134
-460.45265546990777,1858.5161743687015,1288.8231218042054,-1527.9056690895536,-433.3062721434428,1363.3984499839273,694.6723071143753,-315.62472345253263,-64.66071346284622,236.35716070629303,229.38765649381548,-125.59383215467565,-655.4245558380063
-114.51361449897922,1465.8862659124202,773.0423721532524,-1793.3587245198205,-713.0121694901081,961.679337689504,399.04712711283673,-391.03040915650826,-112.41130539555422,258.2609667248861,245.59023966758974,-151.98870830309284,-634.3358663715801
-1005.605173032317,90.30802702703132,-467.72098072902975,-2126.848698102389,-1465.773432347356,25.76533631042767,-275.12480010168184,-686.9864402414819,-446.4629526056952,70.68713114712747,74.31481600508215,-274.1458031524522,-638.1378117391821
-2636.4253948125515,-691.6522471152775,-1106.3388578051572,-1729.2969015338747,-1922.3868619379896,-1045.1155413911895,-867.3452389369086,-906.3137681601926,-904.1449612495558,-276.85979648852066,-205.31375636784662,-479.4625470974759,-656.2270971770256
-3636.003379537754,368.01722119528074,-146.33113646715168,-714.0770312393361,-1310.1500285455,-1204.6122049714022,-641.1843519285874,-653.941509162685,-1009.6188412010325,-464.3856988819301,-316.8552564985903,-624.4362726364802,-655.5300470800239
-3235.2188086390506,1067.2803897393028,659.1946241291466,-257.91843548681805,-412.0660760484666,-423.68080382011794,175.94979565220348,-55.1729228006221,-513.7792566713335,-191.23231341207656,-79.73676789268097,-581.8538030755215,-617.8509271907807
-1899.053907040221,655.9270339054004,507.7564630549333,-234.47469768999,-132.86890354089894,195.0605673670932,749.2159684480544,458.54919218493967,262.5859299782422,439.57117873836245,378.4529241535829,-391.58945478171614,-554.7115767082
-501.05899440915147,410.97965994164196,283.4471197401489,-92.1220025140841,-305.5946694555864,137.5245037772664,832.8015418345856,704.1466672247113,802.4576112131003,1020.9298089802292,784.8972107671061,-212.4328810539805,-488.17421730721134
508.0089807055429,425.0935405908625,165.3553190105842,-25.648695828063524,-569.1404467823966,-234.88620749634347,648.6047038622751,699.7424826645495,876.5711798316606,1260.7693152937004,988.9832650668577,-157.77409354421735,-427.6470572415097
1038.4814846275099,274.273576906377,7.760694667226403,-138.28145642354434,-808.6906454055502,-554.17506584184,282.9333877559442,417.01946841647157,569.9746063780105,1151.819539703552,1000.9101095038525,-221.3522429514692,-364.8615683039197
958.9490266761934,11.527548003898005,-77.77493778978925,-323.81597035260927,-976.7929891332067,-727.795495666333,-292.8559496217727,-170.3339757664395,71.0964065243922,824.7619039882711,869.2655311104365,-334.765866431836,-286.22535572949937
121.51541002143989,-13.996057314786242,-67.10495973162725,-683.4615528807626,-1106.9704258875236,-787.3540389623306,-1039.4921767168526,-979.8285247228401,-450.1912930875646,392.498839972177,610.2436917830101,-445.5935205938202,-186.57904526105446
-1185.526131314979,356.61200055187305,-174.78274625052404,-1434.2562330928558,-1308.1213938568021,-801.2071972808731,-1858.1584054571617,-1848.1626002260218,-865.7581820379262,-70.2602317702777,234.7876162786447,-526.1688030310912,-68.86138364222384
-2082.473978630474,674.4466793559441,-751.0236640882448,-2609.119125291882,-1638.2199637654091,-838.574453556326,-2607.5916048232384,-2588.9943550019293,-1089.0474435946733,-480.07209801671934,-193.6025069676524,-536.7077761938593,64.40693368842653
-1712.5712599606866,186.8369419854954,-1891.7551813870803,-3837.4912284502366,-1980.0913400112286,-907.9252342117767,-3095.9532210754446,-3035.3122863637095,-1075.5890428210903,-730.5088682291027,-542.9188731230468,-434.18753804218164,209.15484081289168
6.495533834121099,-1074.9976258878798,-3030.9207508731683,-4495.757100896412,-2083.0206906212898,-937.8876867052561,-3191.467906835029,-3111.7350261907395,-839.5570265966003,-756.6441483358316,-692.8832351955275,-237.27291086725648,351.3191641069028
2405.302831274427,-2097.3225753056313,-3415.7588501381533,-4304.665817898875,-1849.0492138469592,-882.3027522391883,-2974.808715457162,-2899.8525828864917,-485.56511847003685,-629.2121081977814,-662.9328551903561,-35.55716061053795,472.3842469236265
4646.693199030487,-2123.5517019156755,-2933.2339448216203,-3558.1806268603914,-1475.990136774359,-821.384087181904,-2684.2910925178853,-2619.396014817225,-203.93243133460373,-552.8410140517474,-622.6513471693842,92.16180777476018,561.9086442858571
6012.473136892744,-1111.8792428088898,-1862.8672843044494,-2580.5857584039154,-1159.956395751161,-871.8870769098511,-2483.3093591524384,-2499.1597658601663,-173.3697835702452,-710.3350792973897,-731.5504529927092,126.8778290174264,614.1476472641073
5858.995635179168,642.2899912010968,-439.3259427209343,-1480.2853153906872,-876.9228362808547,-994.5016195085431,-2344.8108611447324,-2578.1470394668945,-419.5101609609644,-1077.071710424326,-984.9669271941103,72.0100838399461,620.674809899459
3941.52617702405,2169.7098104623074,747.2084034518043,-579.0242450567544,-557.8031586896752,-961.6015522573264,-2143.3996326758634,-2622.0490197742165,-762.0163921791029,-1401.436889132147,-1225.2590270117635,-65.27521498427353,586.889072617488
1108.3995869352975,2414.2318904649915,1060.0470828652894,-281.04292006415466,-142.347929230705,-547.8243944732925,-1804.9867968163835,-2326.9108023721074,-908.36872339536,-1407.8781615254416,-1277.0107015061064,-224.71873794322659,553.4189126596768
-841.6349042491581,1775.9009628607755,765.1417312344435,-480.72604920982735,510.92014642570757,260.50843016523766,-1425.0228362503813,-1620.470753902463,-630.0768208889835,-1067.754834654759,-1084.0822685290052,-276.48772805015784,570.9505026092722
-837.6953266267866,1577.186058634048,546.2586672927705,-870.2294975019097,1523.9492173579647,1287.1374690678424,-1264.238621083991,-685.7044812759367,90.0840779049762,-674.198223149775,-756.9993136341495,-120.17729445443024,635.6553039464274
17.54371316161358,2850.968070509595,858.5208397932977,-1254.2317584722546,3058.104832014595,2450.810584553699,-1451.3254793240333,307.7770622381746,1041.1742112326335,-586.3394940718993,-484.432813845154,189.4617459202086,673.9994785281547
-360.40492606451727,5990.569778971068,2492.2829270755074,-811.5935676889196,5240.768153518727,3855.968879277419,-1629.8598738615387,1354.7452095696924,1922.3000231842266,-860.3870733379201,-368.7197205819457,463.3143182069107,622.1527170621295
-2373.3901208683415,8859.426617728397,5376.36270105075,1261.5672116761539,7380.717657579293,5341.65489743619,-1214.6905498857147,2421.4209359079427,2530.07325662562,-1183.7812804889465,-350.0764533436555,555.2655534276449,503.66315407816256
-4300.77507812447,8290.79009544202,7254.892741477088,3821.195731416591,8129.246610370171,6296.136199876805,-112.03261876070033,3290.9055231683747,2853.441703523152,-1200.6681286075734,-296.0896468752975,492.32112913871777,397.77914980932445
-4471.468455139789,5432.412387631459,6691.789348382595,4935.381862052602,7171.515002566999,6341.479677943758,1189.0313524167227,3778.618033319796,3032.4686711529794,-819.4570748553534,-123.90715966797052,417.1486412660404,349.86921956135086
-2790.1845188272523,3950.136557447497,5021.211710465353,4365.220765095479,5541.476754973666,5714.821925315893,2197.9971103426924,3900.7759449664336,3209.2675703423147,-174.03702831261916,175.82660875407032,445.2382727247058,345.37816590210275
-179.00674684683273,4920.755902652407,4021.2118849135236,3179.5012855530304,4307.368826111006,4804.224258944192,2663.3033832321803,3704.655343197875,3373.1688662004863,566.0646191527594,551.8312490080652,592.173234285805,353.96112378647183
2453.1055157959227,6545.930079792737,4046.7001414042975,2368.402141264867,3880.544889599056,3895.1117951913216,2514.3457990743436,3224.765416685672,3384.7629074898655,1243.369615767181,878.6885803969197,790.8134518513073,362.54161736319725
4500.749344846093,6744.958010012675,4081.8227201394984,2066.62732330094,3928.5834687237716,3184.5768289959983,1957.3533934679422,2643.1844555715197,3168.9864115310347,1691.3791631487925,1005.5283436964681,947.6655129870672,365.50093780643635
5607.588668745486,5277.458461030172,3174.0935714299767,1641.0169856635696,3764.1696044760406,2634.3084828610995,1351.1469050607143,2190.6585632307642,2804.7875584247,1804.1426043443676,887.2238689073286,1003.4270569617895,348.1178991495766
5757.03088542922,3164.92264907168,1558.022664706104,729.1005928879509,3118.2025822620735,2039.6705433094949,854.3820920296607,1908.9154360900766,2411.2387701275875,1611.362606920974,640.021772220459,963.8757545936047,293.1391651317223
5334.5396550354935,1310.728764084098,55.21398906997112,-354.5281207526387,2227.4119394021227,1282.0219821299909,362.0992428098608,1685.7554562036594,2027.4962468426922,1235.6379428101945,436.7879231412911,878.2400354689375,198.6129397639796
4858.992632549043,120.33688773828202,-928.9914822788656,-1259.291274410491,1340.762958066389,368.50487875772933,-272.176494236317,1442.4506070628308,1612.6401767715156,785.0947140337593,363.9373300044556,789.0984478743759,81.74268016924415
4471.924831694887,-549.2808701271618,-1654.3259602835813,-2056.509521399388,536.920546139879,-654.1973648002402,-1076.4221489458305,1169.8940693932534,1094.6888658909393,291.003837967764,379.06116031361813,699.6959365316119,-35.78065946698969
3643.3722710286106,-1114.5730061304416,-2631.6073211895273,-3016.13969393895,-168.82166270109394,-1738.2785843611125,-1982.195088409873,839.437550721394,403.9522342265821,-281.20438837059527,365.7733264062452,576.0563507966325,-144.783470728411
1541.5064693282188,-1753.81738608197,-4113.365230162645,-4271.087941189138,-816.7861311957492,-2847.9323744272183,-2913.495423059127,379.51691578460935,-493.403870168284,-978.7203498471387,203.59861387288873,376.42776664477424,-250.95206951381473
-2046.839405445225,-2276.66709540281,-5949.167719648648,-5721.36826371034,-1468.0072855460703,-3910.6227731491317,-3800.319457398968,-243.56239821756716,-1554.1115713576064,-1797.2332380934613,-181.79194532934335,102.1059534611847,-360.42456655708196
-6135.595544518534,-2303.5807864228614,-7555.434019608179,-6917.340697253124,-1979.1006445297473,-4732.128588546994,-4540.5828654235975,-969.1790815614943,-2630.465430938856,-2628.3540406476004,-762.3947110590923,-164.02760097257317,-466.1135871005975
-9126.613682262398,-1622.1366075085482,-7933.706329240493,-7096.402736264565,-1961.51827116434,-5106.375319809583,-5030.621638124246,-1681.5526994569645,-3479.4542885990786,-3269.8133340313498,-1370.064615055472,-304.37749707159776,-554.7078020626697
-10128.945279533222,-443.1177312298316,-6464.292081737458,-5911.814868303659,-1256.3278438105385,-5048.321655179807,-5218.840349891856,-2247.6763457139673,-3877.858353675361,-3558.232649792232,-1782.4942832886488,-286.9515457836584,-626.5197119369193
-9681.351206981206,778.8166325675413,-3950.3697815836917,-4055.239225695216,-265.622615237033,-4770.600517321942,-5131.503133790901,-2544.395256405876,-3850.743652147257,-3540.1525113298458,-1912.8970601728554,-210.54192643003807,-700.0203390279229
-9268.917976696648,1792.2904377794491,-2004.4989107112856,-2644.6683986537605,504.22998936653084,-4588.182571194802,-4961.37893529866,-2583.8854175788542,-3726.0210174612293,-3450.1888671298693,-1868.1649983500515,-211.60547866557636,-794.6671064557701
-10108.451007915639,2827.0012628789445,-1743.5887264693984,-2438.0982300895926,802.1069351720902,-4879.413600853255,-4993.519067853003,-2520.7350182035593,-3819.0291083541942,-3457.4702843998243,-1773.3972438589744,-359.32274872895556,-908.1694317786782
-11918.09111879539,3659.973704354508,-3463.066767667934,-3575.179382277898,551.120164150215,-5708.151434328015,-5230.501985861495,-2380.4612200251345,-4124.145026364714,-3458.6098229654986,-1597.8832634073194,-622.2798883027185,-999.3424531765353
-12613.696087491651,3424.9521089222626,-6279.446706575322,-5329.620571733469,-2.7342146905114078,-6618.87147459123,-5294.0328642680315,-1968.7231510689057,-4353.766928685021,-3142.3987009155617,-1196.0340981992151,-868.4439098374605,-996.2250961820996
-9885.777703626027,2075.8497880023297,-8476.633501766586,-6532.371627922841,-385.38510914668393,-7038.472601470131,-4796.964140798289,-1142.8621076089173,-4164.692528046557,-2267.2140330708467,-485.8782029931349,-911.9777388832254,-851.8322214034866
-3689.324771694438,580.4517438382294,-8869.250889314573,-6494.1293053452355,-332.56611754652965,-6692.689714057822,-3675.9990651753988,-11.216252242315164,-3393.7645596281045,-921.5923789098356,427.3564272539216,-643.1885514205042,-607.0874960997714
3237.9953915967276,-276.9574575411406,-7616.661426009158,-5465.56676977384,-7.6042441961848315,-5747.412248365218,-2241.6720521537736,1117.691613465785,-2205.3572154645076,469.93771257412834,1284.469259786648,-143.09336894143078,-377.2943755083163
7734.285544500677,-487.8884363682627,-5659.179305875057,-4194.092013972169,207.5132219377213,-4607.208578137376,-957.5657892988196,1915.806633731004,-996.2691819061221,1429.9177156960154,1827.7552376765589,354.23471385821745,-260.97705195527647
8772.314359658345,-286.197607349769,-3811.404457266674,-3136.3026890744995,198.9823503070436,-3559.3402226421426,-99.7353209224948,2243.6446335167025,-116.39799532486896,1751.0368200901944,1954.006765887607,627.9452428913664,-267.43311009923235
7644.897566224899,-16.024313297152354,-2635.8241554386846,-2381.3036198943946,179.93184265158277,-2714.314542952584,365.6550954110446,2218.773095174088,320.9718851507611,1585.1969303001222,1755.51956795951,611.0737288084007,-328.81673124686904
6245.318125718856,19.05444396441394,-2310.9700280724323,-1892.6675732517497,331.66586604451203,-2106.755042640035,627.2662798700596,2069.804462810059,412.84512759445704,1265.1017579708046,1430.9807322929853,396.3062414045109,-366.19573288318537
5542.2843509451495,-29.088507372496593,-2546.666474351,-1522.1628728497367,699.0218892754474,-1675.0413304678805,868.041264474863,1964.327133184509,338.1733513555886,1045.8924861085143,1140.5605201838166,129.9491321540678,-342.3825822790941
5366.326807051595,282.5119541655233,-2870.574139841192,-1089.2187827325251,1241.60106314045,-1286.8763592110167,1203.4588352743476,1973.8742843876998,256.308397839154,976.855696286122,922.2362145486388,-96.51091813826532,-269.88088989555706
5055.128681203446,1272.0449977502344,-2814.229995965501,-499.02961465317316,1800.800593001381,-859.2101033665615,1627.4910651737569,2089.609934432936,245.47218794733791,961.2948436943791,734.1611731094861,-270.2564641874061,-186.52521014261362
4100.096261378615,2654.2170883561,-2150.2048928566232,228.1655493454039,2201.877249467062,-398.99584670581356,2002.4586446827047,2204.0384285464893,273.9125656110731,895.8698850571998,558.0071585584009,-406.9665069178997,-123.39776267644685
2440.277720590698,3574.063155949651,-1097.2694695310952,966.0169803728395,2425.044523571214,9.524730788851627,2168.4391744811505,2149.311554603496,235.76280662831584,752.9674165871934,429.79621235387464,-505.2330596240952,-82.62086597804083
417.59370906193203,3566.372954968305,-83.83904525269708,1577.3457442977228,2571.285525580629,225.4950120432719,2083.0491066429513,1825.156909856487,32.527621001972875,566.9064748746447,364.38235838925846,-554.5746188990211,-38.10469221060828
-1516.208209553464,3102.8120373493543,619.7224207606941,2041.3268483963654,2738.0920840319664,142.37213518811961,1859.1698487579017,1264.6687130953517,-381.7182086703165,375.0290768303149,288.39318257004857,-567.7538781860694,39.31996301217903
-3073.178378924742,2986.7103205146154,979.6438971090195,2477.4532607873043,2997.2634093584,-256.67589117741477,1660.596642994278,545.2227517115658,-1007.9869637040813,182.2056883306194,86.06750575535114,-581.246278311916,154.9385472480766
-4064.9375993279446,3658.629978505883,867.837562523327,2930.9783729332726,3297.588593458834,-965.5819151904981,1530.655297762757,-310.81184760992033,-1798.544777950518,-17.758898945481803,-287.7365893232736,-614.9647529031125,288.7926815803324
-4170.543669304356,4687.732613090153,-220.48118529959942,3088.8396310629128,3311.436353266853,-1937.6250775024998,1333.2772352916027,-1287.5258630253688,-2625.6992202763217,-191.78150228997134,-747.3975790340154,-639.0742465521728,416.19345353162265
-3101.7084180619972,4778.411160773719,-2370.296250024599,2526.436347988779,2650.3859571050507,-2968.4493565735906,906.7864178691424,-2259.3631385679414,-3276.712139044106,-260.6043556670171,-1118.3014985972645,-599.8597891123306,521.1329705104088
-1124.2487343417145,3303.767486956114,-4344.532468988737,1258.7503084674809,1309.8294764637722,-3778.1422512336676,300.2449114201689,-2974.982922632018,-3518.672576574404,-170.56528094359783,-1246.7888932570404,-489.22030572586414,593.4458584838379
948.4537063371916,1213.2947699963709,-4806.195089360951,-239.8840395363772,-216.41725184452272,-4194.387153699258,-186.05315876507808,-3199.9917099247564,-3249.5898616056775,41.10959371673156,-1107.8099271690926,-361.3660983716254,630.9033190291681
2622.0210687720623,-313.7125495646251,-4052.4697364951985,-1399.6638825387106,-1315.5527579909117,-4238.505831600725,-281.899045288699,-2953.8163716909066,-2617.5636539844995,319.5390297715992,-817.545200033011,-247.23081492875144,652.723926878809
4303.035833328833,-1090.1990269855157,-3566.7711038309903,-2019.9439345333458,-1851.4482908211853,-4254.247204141047,102.78066532370741,-2544.375512464617,-1860.6165888994535,729.3420004820107,-529.903949776279,-85.13260593518538,693.5279797037883
6454.906046114802,-1163.5776207609483,-4563.740814645552,-1963.5571215910618,-1885.658055266376,-4544.123814271098,1142.0315332854614,-2221.0902944154477,-1018.6732685910001,1381.999506098769,-345.43640965175814,198.79237382559086,760.7570905992465
8257.934949957033,1423.4056710666891,-5999.063693677154,-119.48909783081115,-845.5534915796668,-4581.976970600836,2948.734300847504,-1942.9540669379842,-27.694026915997597,2173.2902279496657,-320.67822020619155,551.220531408838,803.889298935974
7989.068979413442,7807.678131415851,-4787.08389450256,3954.1864993609815,1582.6699163344067,-3538.4454224827573,4984.787942964213,-1597.09702486065,972.3728863873964,2754.8720805974253,-467.38697012878407,799.1544773076926,756.7501761309352
5178.6635815551335,13307.69917671861,-570.1830970368983,7878.830313231433,4228.939133736841,-1554.1554831999974,6297.647899763761,-1162.6260178562488,1715.2435242312665,2867.35252126328,-685.337826318668,814.7033694956831,619.4728950377645
1584.1342031197,12664.935894925404,3019.765170618961,8755.148517969701,5444.99412113813,358.02934214465716,6359.142722844434,-642.8224663833471,2085.9469360272583,2589.9624611169756,-787.128725732269,636.5237210535815,470.8748483139603
-633.8595778931879,7312.106273251599,3110.4230695249967,6422.898510433168,4700.838454157787,1294.419287760878,5350.094234690724,-114.98542442476423,2123.50011595923,2193.108897090535,-669.9218710658572,413.62342662208926,386.7186882282483
-1045.7755978522434,2485.076784343462,688.7283735199071,3200.992355913115,2855.295067765417,1111.9096894304087,3891.33633871319,219.8140553177147,1889.14963280358,1841.0511837722431,-429.2277234401233,258.96525372254894,369.3946018409838
-781.3326816980202,357.355067497214,-1616.6338103650169,1087.865177704975,1153.1829678076153,374.3990259566687,2617.5838812949623,204.45895868044892,1454.0740494425163,1499.6516814141523,-272.27555579706126,177.2368173746682,366.5866373837307
-929.6395850066647,-364.9955020828492,-2796.737550764012,200.47519156121345,118.73593734449778,-309.6150448457548,1817.3766203998966,-130.05912980788085,924.0970433285067,1063.3976000180878,-342.7142926358614,108.25503654195109,334.21439933100515
-1660.4679119298767,-812.3202892696106,-3335.001273905086,-170.23150116955622,-458.5404483048693,-762.6569076075234,1398.0100042843867,-632.9792749082073,405.8572686813675,503.37498581118126,-627.0665958019513,7.207496025082264,268.68456065284647
-2539.670517435819,-943.4790797779029,-3585.3053514418243,-281.4352733928008,-842.7770424187179,-1078.783306564639,1139.5696003988342,-1163.5389592636607,-25.354224237174662,-89.28103971460382,-986.9835435313876,-113.59605048776751,193.34568527341486
-3168.959106993703,-440.4620256487458,-3445.7376049912245,30.528439471694412,-1047.7739979192183,-1307.992633360855,917.1292946779688,-1632.2252989532512,-312.6437047383585,-561.8395108028828,-1258.2035870967825,-197.9754302696154,128.81276896626682
-3433.5006290873307,802.4099054116411,-2824.281218267368,830.6314883192226,-1005.0056965327793,-1403.667530711212,732.9554471748661,-1985.1009663960265,-401.86082755381193,-798.2231891420225,-1339.0429966984207,-190.83376265657958,76.27186668227472
-3353.7245989411754,2542.0835421964775,-1830.568394258699,1913.9672659535727,-731.1365832383642,-1327.0071953315794,644.4557988080528,-2197.8198159340805,-256.87423363456463,-783.1115035476234,-1220.5618036508226,-77.55213719553399,21.845022456374977
-2900.8416649938313,4290.217527757431,-688.4567870214161,2958.41558652376,-348.86393882329907,-1112.8750548955572,695.6036206192093,-2273.9554121246897,118.7236301942716,-588.784892160374,-957.2738183321028,109.5833852694769,-48.41264033035516
-1965.5316913473912,5610.371787813223,294.3533350692412,3681.4348592733736,-65.53518579846823,-854.3506387425423,893.7108092092308,-2221.5862861323412,685.7343188118828,-307.63622915902226,-615.6706055096431,316.5938879040761,-136.9277111539126
-415.71933042035755,6149.1676553661855,670.602791234705,3883.475165837536,-111.35998536070687,-625.5763182781455,1236.7086966846157,-2024.230432197813,1390.2150193243467,2.8458825971790134,-244.30948518795924,499.8201419564147,-232.85850758756789
1771.5957523216532,5507.3292097529265,-59.46288818890248,3529.5305268921234,-591.8743353642595,-392.0694191328972,1744.6825471628943,-1647.5406385226609,2169.688469781771,316.06954274740195,118.496571903622,638.8439251327992,-321.2796941081275
4224.13882584673,3614.218973364265,-2061.207536075897,2894.192957125843,-1351.188512091396,-18.500295448887584,2418.119723813478,-1098.8496219533247,2947.144667127651,580.2986714715628,422.84248775960464,719.7463878193405,-400.7899989792269
5941.2536594798285,1340.021471830007,-4708.548253017275,2407.896702705059,-2043.0024310911167,571.0306588032976,3159.7808794015095,-504.43085802830683,3649.2560279104396,659.2091781222093,607.5601407437234,705.5772832292448,-493.3117902237035
5642.166819417367,-107.86438743940607,-6811.887702223518,2232.3976931848483,-2355.5945481482186,1316.7327851049085,3822.491512903279,-124.40512587246371,4223.728758398285,352.30822735269743,630.2717637093293,543.2687724604742,-623.3364203255887
2720.395781485329,-239.56916913611752,-7279.128720603091,2587.5430960468175,-2058.8133266164896,2216.790366278984,4307.277898246553,-228.30023999868783,4587.460971790006,-439.6473142807039,504.6286645481232,231.0508292796215,-779.5277487231551
-2113.87879596127,1734.2440971434671,-5307.930339537932,4298.486207170442,-1106.2339123886682,3317.7480164529093,4484.044514104291,-850.5771311905594,4612.886741436927,-1536.9986077021026,312.86806488308224,-136.92763226361376,-911.7321280404237
-7183.844219008829,6527.802325728165,-1373.9756321861655,7474.497620007976,41.02389424649496,4390.546597828645,4197.600920065807,-1692.147033295209,4272.900118010246,-2575.7161898750546,164.10546527996343,-438.3185562301062,-975.58833165635
-10637.125892285942,11828.613317472551,1917.554699685804,10448.789787659689,548.1005091548202,4963.34571734626,3427.804268798586,-2414.4385151676693,3698.029428529117,-3297.2119727574873,128.91864937951811,-611.2288185851248,-962.4252077171964
-11071.692976731798,13511.581575349952,1702.2231386316944,11203.201629189483,-275.5190568121076,4613.57576490222,2234.114554495689,-2900.7628742548172,3035.612107612916,-3621.0016135393403,227.18223366547556,-640.6777015094796,-882.3005859129496
-8247.298515231349,9499.487613426603,-2121.0594233709007,8901.913224992539,-2247.7511049164646,3283.870641649907,795.5875931738547,-3112.483249986538,2390.8983803955803,-3534.501845770971,440.42966790305024,-525.7230058216228,-750.9679192053233
-3572.6265251450836,2188.9639060313466,-6321.306928699877,4546.6642572240735,-4170.186497633291,1418.4522628091786,-530.3995301970226,-3017.376692004819,1824.2623631697188,-3103.583510024832,689.2453409161262,-311.2794567809241,-603.6176095865308
716.7161609598709,-3134.9075271864667,-7582.443142391018,409.114134650931,-4856.204574070113,-327.89079335968665,-1406.898512608442,-2669.9008077674107,1340.045007638817,-2486.688408437032,862.4690434335268,-88.72664481465193,-486.9916817482707
3228.3314651400356,-3568.898827988545,-5636.941252238632,-1585.4577875014697,-4064.360698340745,-1380.6478684009485,-1637.9183735032427,-2145.8356233600257,983.8885287410311,-1830.0607552845001,923.2114081245314,74.18272653538298,-421.70750865278535
4046.2242283304545,-1202.6546637402841,-2862.26121686479,-1366.7864663067405,-2617.581296656394,-1591.7978193725764,-1321.0477115174751,-1536.7157099931549,842.5795501988473,-1219.8257489607468,934.1928710074765,170.25365071517587,-389.81629333974877
3936.529144939042,732.1697982356349,-1097.017007098555,-295.9621330724274,-1447.2913567367573,-1323.9312681043612,-830.3632244721427,-997.5058276185532,888.9568449204542,-727.3585533470643,959.1729770104889,216.64460007475168,-362.5615602655821
3480.316373512709,1389.0639444271155,-434.13670503934367,605.7345797832788,-789.698675192025,-970.6247925583175,-450.8860128697042,-652.5301442598345,964.7277412945136,-425.6789560708982,985.4751950263606,213.40260912012906,-326.13316047396245
2935.834198863074,1201.6463880201609,-483.58714658815296,1083.9256897461842,-525.72731920698,-667.7030612447861,-217.3744112890912,-508.87701181044486,923.7133048524099,-358.7250995501793,948.7296363716636,143.36200148321205,-280.80887440483355
2443.235249730648,625.0823739302059,-945.8893694509592,1129.9619101085534,-603.1930194293652,-438.008174091321,-84.9779997155253,-501.8583293961208,724.2093348647404,-513.8176600055981,802.577618169219,-2.0296880460241766,-228.4788059887104
2089.1428615563236,48.64128480365143,-1508.0909981679404,833.1052141387346,-965.2524578543308,-314.8525633274627,-54.00418452565009,-571.5085973483999,413.4505737872845,-814.4029019310492,563.0747445452156,-200.73754881204624,-167.29862831884677
1843.423928543956,-304.78561796482563,-1945.1921946114887,400.07176813415083,-1443.2366787655012,-308.1187609659011,-133.24625022680112,-684.4779261557594,79.6067678695481,-1131.8518818950295,309.05398881638996,-397.3645499953109,-95.1829928195643
1591.1079677792284,-446.07285146239815,-2209.2233032286063,32.98270655333479,-1830.6735887096747,-370.20815420142014,-283.5714940644996,-818.6628326548662,-182.2480874060642,-1321.9315556273752,147.67374661971687,-522.4731414346276,-14.137277773581133
1308.646449031572,-524.0877773661749,-2341.6272369939365,-172.71037298600064,-1998.8406347391021,-431.88351744847307,-430.67746192163213,-951.7696495082673,-296.99789766051157,-1286.051735976781,159.95105122558206,-527.9885904190057,70.42094980195401
1189.5713680378137,-669.4657223450084,-2366.4059934946504,-205.35540887173673,-1951.6228621195123,-464.58254433244946,-520.9526993332549,-1066.8732445086453,-243.00839034487615,-1034.4429716010811,346.59513320190325,-422.77652982240807,154.01056788169024
1498.8297365196806,-836.1060853100013,-2287.972030093828,-112.1702163420274,-1815.7046321820324,-511.03997176097346,-560.8099301111047,-1163.6648323771872,-83.23457999178555,-709.1608497956394,601.1746362938409,-285.5483653883591,234.40449523078462
2188.1348976670915,-872.7920298357881,-2183.5930257736322,-57.82536106219812,-1770.8438976430498,-640.7709702471159,-610.2250018595428,-1265.590123489382,36.019741552032315,-533.5829598290809,738.300186631154,-236.16604510738793,305.60656456100713
2624.0652804436736,-892.5345500409661,-2235.5526141412215,-261.2353718378745,-1933.8923624567888,-850.2837604230976,-745.6125810334358,-1427.7536497942879,-50.6863481842135,-692.8486679455373,592.8236888077638,-365.07905342770715,351.7420007657154
1850.4765197976444,-1214.6095982193501,-2548.1361106785507,-680.766719803528,-2283.078256299875,-1065.8579614079536,-1018.3313269178245,-1726.3749104040567,-395.93122287686407,-1190.9979696893338,163.95474141427638,-653.1606720284635,356.64806911397875
-573.8823270950941,-1705.2024864783152,-3014.9409908980456,-1036.4513164437967,-2716.4220878846045,-1312.727830068097,-1387.5942600223361,-2149.1452709622395,-804.9077120361103,-1773.3711731828855,-307.0779746123595,-951.2768024834304,329.29768142774003
-3839.03016088446,-2148.3958816350937,-3571.9564530002745,-1390.8302656337287,-3096.778248163816,-1634.6529599315074,-1602.2427121544745,-2424.2915426516083,-874.9628991277933,-2050.6068674593803,-476.4128193063922,-1081.7227380291095,312.8107223990367
-6223.718417745696,-2900.1049217932996,-4072.6140300897355,-1771.4427238837823,-3028.2473944149083,-1660.0079323903403,-1241.5752883096923,-2175.021092977702,-358.1752666286509,-1846.5853821301619,-215.9041974032083,-1002.2425973549196,350.1496295851246
-6479.709678956144,-2992.106556994278,-3466.150651909886,-1312.613099651981,-1944.3268372003445,-984.0950252233542,-247.7880468682088,-1478.5792346843143,448.18035020504357,-1400.0652071039146,243.01222307621242,-837.4410445946644,440.221548453425
-4806.047767178968,-845.2903243053016,-1054.357387808713,76.78374835979108,-212.09904064637252,-103.43753906629333,681.3853191360322,-853.4148501382247,956.258369359945,-1042.1633936498379,581.3564680703057,-716.1116776014355,542.3941175757332
-2385.256122380383,1634.7327539325652,1356.992115793689,1025.0617619710367,900.506736624796,365.45783824932727,938.4997026224875,-481.18129993147005,1004.1201882034378,-811.5873048391197,721.3012498469856,-651.9812958119792,618.9544871048001
-311.06316646130483,1923.1744974496166,1842.3861112317938,1020.5841110180185,923.3299890359809,551.4657058818029,687.1573574223622,-178.866092996802,853.4421657710461,-618.5161028541302,758.1340931358433,-617.9547146520234,656.5407784036764
888.8857670132833,6.647454782860194,210.83105079993123,261.76565926897575,-51.83167258874107,546.9882826678764,55.14550476311618,71.12270893725014,570.3325019964053,-479.61217580617307,718.7738093999892,-619.2972343492994,656.2545642276788
1133.815771629791,-1631.8850068556333,-1826.4496000196318,-487.7441201323569,-1498.6512639220812,503.5756634574803,-933.4446319891194,303.1862218782166,49.97509566932243,-379.4593587713399,560.6687304857609,-649.3652082343076,623.348462882545
593.411493388986,-794.4815260838612,-1800.1212592044712,-233.7653927717996,-2038.9882151801555,765.1926423435661,-1718.2569892718302,666.415907282473,-579.836667517881,-220.78283317331915,293.5166078975799,-669.98664812947,564.7037316064294
-411.038949955327,597.5234695164668,-393.9971575132714,496.5204829231029,-1284.2291672288238,1179.5893755154684,-1791.9395887238793,1113.7841153765808,-1057.43963881908,24.29360189288238,-15.485629634920826,-656.0024166192939,487.73871360052846
-1479.1171680475236,625.222030099795,177.36017590026495,698.1295060450277,-287.14853547579116,1328.0626705207737,-1302.1062623357182,1450.1679324003744,-1258.7987603899358,298.1967222882256,-295.5411126691238,-608.2168600356123,401.473174421783
-2265.350397032744,110.33529446689036,-310.090712517321,378.75316073354514,96.75228629223847,1100.2556923469963,-704.0278320293319,1559.8342762697323,-1218.850444966069,541.7627383636274,-496.70000609418173,-531.8624372443987,316.5037374221329
-2624.7703318297813,65.88711426946054,-816.1590933712905,87.95085338678157,-87.07656391930657,699.0988157876775,-302.24878276280737,1456.42963083205,-1041.1158351404756,722.5320607130302,-600.4461815104252,-430.27119799818576,240.37082144411153
-2626.491967069561,349.67266018366786,-841.4023159597518,78.98772712144203,-402.7965380584534,365.22914468298995,-141.49656510325823,1230.491543007692,-826.3547550292128,829.3405170302548,-621.5596507411028,-311.22147558492645,173.89699656446135
-2432.319577909668,528.2715480745097,-588.6461105452793,230.4992978418311,-575.4075571096054,195.78803087756057,-122.3065865491017,980.7858299858248,-633.6487075907448,868.7152426841448,-592.3023928095089,-186.74600272058018,113.14189039603374
-2174.2450672281348,508.6349273483862,-344.48332452200384,363.86846624276734,-582.7910531988291,155.83040660296112,-138.64632412242034,767.9848436324638,-477.98249797432413,857.6798695519324,-542.4784692865042,-67.95629931839,53.84405320352633
-1912.1851649804626,402.94811624521174,-204.725693829427,409.7763154238505,-506.7074301033215,170.5396516738892,-134.59519624721096,609.6914388378168,-349.08718017885394,814.1656595005254,-490.0185618300383,37.81671101349596,-5.987179387290098
-1651.1094426593559,305.8711627109968,-143.49488218653116,381.5207163025999,-418.58543639518297,184.13769152985225,-96.90219529046308,498.74854880020735,-229.12635471722652,751.471383195611,-441.06208434371956,126.94108173628427,-65.92398406618273
-1369.6891143968285,247.7110373927785,-116.68078281331188,310.9744865381845,-352.5219915485284,171.40141870110244,-31.966938567825963,420.74543488674215,-101.57664219393185,677.3091237499566,-392.3459839058155,199.06415368094218,-123.89817393958639
-1033.2257658161623,224.55834350500626,-101.6562437594601,217.79131486571083,-316.06621217044074,130.54176159261743,49.09315136306208,361.37785375705727,45.66653480414203,595.3299061737767,-332.0687581613211,258.03075658245996,-176.70216301018957
-580.0754522020576,215.73411405597125,-99.30601016092025,110.38560853440218,-302.49867558207546,74.2531722389634,133.37047914720011,303.47572251697585,218.1029781313045,507.9457534196963,-240.0086535276605,313.90291788978476,-219.80835495487054
119.38079126858,182.2448865120136,-120.49517278694071,4.466252938416176,-300.47965570976464,13.487341181047725,197.48989462524213,216.56472291372702,408.7648421915212,418.5624279892627,-91.4232119347927,383.1153682203748,-246.70196556832744
1290.4583752123276,92.92961576257072,-161.28394950340942,-69.17322249258572,-318.6537711816627,-80.5004263892244,188.46611254916473,45.80776749880232,583.950307919321,327.27034700619373,127.67998638523687,480.9716661979495,-249.22973529893616
3125.782818089256,-5.216237143763266,-206.6807898694487,-124.49389056887975,-440.6529140837414,-325.67342783359146,2.5258636231380365,-288.3129016840641,660.5051818704014,214.17924068121678,388.08402288161165,603.0439734027713,-223.17815224046447
5324.209029416349,-32.11849278954752,-348.07268579166873,-359.20511940647043,-875.1132968723125,-926.8751518177664,-509.47919650296296,-863.4619165369063,494.93782768960165,24.244984468574728,578.5813711951573,705.1648377961055,-183.35124018482804
6528.970812283375,-240.22890785226596,-960.6172587739848,-1190.7705731514718,-1875.6216747844992,-2028.3281541835445,-1455.8319879701717,-1677.6901493608932,-67.52309414734185,-306.1285480972004,508.12949823335725,708.2438486682738,-179.09748103482758
4751.587360499292,-1401.5804722657074,-2483.484013800466,-2835.3212486345305,-3413.6876146221866,-3417.559516201355,-2728.2852143643254,-2541.4574413114833,-1050.9932845915,-766.6223462524441,21.285199903043747,552.1752205469619,-276.7600826884799
-345.59699542352433,-3638.228936945798,-4528.962089284217,-4596.794452184715,-4869.882933393204,-4410.663234517517,-3879.6923084638784,-3076.637134167138,-2163.1206548665323,-1190.5524708519538,-775.5232222662175,285.0279403605977,-486.60306092801744
-5312.94037294841,-5204.489272581963,-5575.17499674245,-5075.182333023871,-5220.791839043506,-4240.545076030897,-4170.497125109788,-2857.315477464079,-2735.2331498444737,-1249.7890152964756,-1398.9125756112633,101.9717823415175,-699.9051856365284
-5135.913153838737,-3810.2265288680314,-3952.9634876960445,-3228.449056194922,-3513.5575806981456,-2470.246791692278,-2870.2217198824483,-1579.295573298044,-2090.453199799874,-633.0095309600895,-1306.4070684961507,217.1671636282286,-760.4583982535946
763.2969430376004,794.7845014665965,432.64521698270084,681.0556276324119,138.4373576503097,606.6310586448526,-116.33539892253413,571.4965283673642,-331.728714301954,575.5747881529156,-507.9326695117555,618.6156518337306,-645.4382275409965
6677.40892127156,5180.340221152313,4656.663715122081,4471.098827792661,3711.1837377442703,3626.8972607978612,2607.740351794792,2699.456734475989,1422.8025312228265,1774.6060341309058,297.31087593758093,1011.3471483619393,-519.0072914022956
6881.0446181463085,6110.75930702362,5917.143071495355,6039.897607317826,5223.47731586264,5253.835017648957,3828.2921753141936,3914.656355827782,2054.6360445425566,2362.632485437382,408.3317155182589,1099.8290197259985,-546.0488664956129
1922.417554655683,4174.8839979481645,4545.586472790494,5288.243908154172,4658.954511759076,5255.651232005008,3434.9004683772255,4047.1549618796143,1462.6449648467114,2256.7127337462043,-187.7487602247419,871.3769834906105,-705.1721654564453
-3189.6822298481225,1780.7269999265004,2331.5023673122614,3358.4006835910222,3049.057148251742,4123.644109290969,2189.9473531742174,3420.4393173621265,330.22283950537053,1772.0319527074444,-949.0409041391334,540.7551346169133,-841.2518601662534
-4989.498188342101,578.1165233349087,757.8481158889592,1643.4434211408204,1435.0655904806329,2643.9135349245007,853.2653476040269,2473.6895528133396,-665.8049203068067,1241.5299487295583,-1390.3905886666303,304.97547765065235,-846.3196238500773
-3800.8882203200214,343.3552730554141,131.53456428182264,788.140548031534,412.3722671018401,1491.4121370945206,-123.82564695582428,1589.614318413279,-1227.3154726056605,835.7038545685493,-1403.5523442991348,214.25890164535997,-731.764665383461
-1611.0768919240297,277.9983377262566,-28.072574824279258,538.4515455548362,-21.05460462326414,860.8884629223826,-639.3907700511618,956.1035473009524,-1376.3611564265484,566.9873324937216,-1143.4898028260882,210.38552657984349,-565.737034937439
218.46769581221366,141.2440204336896,-98.8981570362997,464.4742802580082,-137.28536541946312,594.0764158041536,-811.2476948398617,570.6698244174605,-1268.6132303508466,372.3810364821681,-801.947316460697,215.87073031866416,-399.8605460122726
1383.247195968564,22.69660190201479,-163.88464026435142,369.5938099767935,-150.71689551996667,479.0000734791537,-796.4602576789448,351.24281496340427,-1049.9545865130515,196.62137799939518,-491.3774677327907,188.08940829235803,-251.41722221779838
2075.2332991009803,-30.81247144566545,-203.35750388666986,243.1840894102952,-144.32275105524812,395.4481403426897,-703.605106648544,215.2297653220718,-806.1728783221865,19.50409253731644,-242.37448211929996,124.27370347269297,-118.77854107304958
2520.2909348249727,-54.355747417943974,-213.35812752176432,117.80164546089114,-124.69362207846464,314.5782499254545,-588.0202768142983,106.066566882561,-573.2087451075146,-158.9261858011087,-42.327547006789985,41.55750664682772,3.5209860320192092
2848.642442595171,-90.33692684942548,-206.25326440071595,9.62839890883808,-79.01492755123361,247.73219182364917,-474.18997082407907,-7.550408769667428,-359.7010257417903,-334.9719108110139,132.12431958460147,-41.65949106754837,119.21544988881593
3122.2998634372707,-161.37581252942908,-183.69365374135305,-72.64840554725066,0.045556858834800096,207.7358345245877,-375.81405111248387,-143.14874078823982,-161.26190209476155,-505.6126207882445,299.8116613069392,-113.2675751179014,229.9943605573306
3376.173534666867,-271.66175139606133,-122.00264721372507,-108.6275575367969,104.63555188015226,192.29806210030148,-304.94155359963156,-315.160474333047,33.64274646237547,-666.2847403583168,471.13810615275713,-167.32890303826886,336.21822533285
3631.7739022529754,-388.2933478276404,26.154048356141942,-65.3965066282592,198.8476658204916,174.69780870035603,-269.0043304270195,-537.898962590664,241.53831656155742,-808.0492824201192,647.9682643379565,-202.08740648291968,437.15046697816456
3884.379388144482,-409.08387908760164,290.69559598422836,69.9728808668192,206.84290899853508,96.35908130437561,-255.2479570160251,-817.9146201531353,480.8852104206551,-916.0484872608343,822.7576390941709,-219.0860688207311,530.5066941545073
4074.414215725902,-210.58583084921997,575.1714680016069,222.62482104312917,39.52729082296739,-121.20982033106799,-206.37359719770504,-1135.880758650047,763.1561315201172,-970.4718972605671,976.1311417368777,-223.63637253553014,611.7220960827664
4070.1744787090347,116.66597689192544,578.5195132900433,199.55701712423632,-287.98265439393555,-515.0679046877408,-11.37764428123856,-1427.4760408732677,1074.8339181173944,-952.2076552698194,1076.7292879633853,-224.96816799204373,674.13551880998
3709.736821227897,111.10808351437167,68.83142558020091,-139.39584161069794,-498.35474061087643,-983.3669791831221,438.49082045375144,-1587.90541031378,1357.8040382034246,-852.7353824771736,1090.528835596035,-233.44853670920196,711.6104042145024
2923.2023435739334,-423.02438815749525,-470.7997980786919,-542.7744191405673,-134.28537398446866,-1268.4780668300782,1109.5222273399584,-1519.1945140952323,1510.632493498003,-681.840090774169,1000.7451451727031,-255.4568199159464,723.0134017661451
1854.4183382736437,-478.930762544329,38.79164012306833,-419.5647843609933,885.5807844113921,-1140.31133636079,1703.0570138811063,-1202.033180724176,1426.4941873484024,-471.76961300108013,823.7461678296337,-293.1849774738623,714.2244111306688
848.1440061284799,869.3283888501763,1453.417106894535,310.3039639194564,1727.1855211126692,-688.1333477341557,1756.8062036497076,-752.8033349538646,1064.3454053255614,-283.01662042370384,607.3613866943276,-350.98282408619104,694.5234256657903
304.78550981024875,1806.6745325768297,1577.5875023006402,672.3867535518361,1313.9567556810327,-339.0866083119057,1102.0385124584666,-376.95399005706065,540.5206566110436,-176.13675638071592,420.46564669051276,-429.09020244343617,671.9674132171981
546.0316792526097,329.561825121892,-361.29967679929666,70.10915993824376,-20.173300013222303,-289.8369847468463,222.6079812955875,-139.60668391222728,110.41492381728978,-127.10330176924884,328.8285248202508,-502.01585094389014,653.3641383596315
1742.2600639077416,-1540.1007537196504,-1966.446770022196,-611.2744796758443,-926.5604360493589,-247.8761329389555,-331.0743960551102,91.7346717020483,-100.42705567762835,-41.292713245703226,341.38448395098334,-531.175146052904,645.3552485595064
3814.031056102463,-1340.5014000158951,-1494.0885379699812,-645.1812642331396,-866.0239233264771,-83.55424427975066,-531.1768157554845,344.6462548165109,-196.52052811297017,96.30722434439457,414.9981938984252,-509.4433797381084,653.3341729673779
6236.023090220674,1046.929869049383,923.2467086722293,224.05226676695793,277.3475217796554,311.9390242325676,-240.96257705837237,640.2949883980632,-110.5830975868335,270.0182023354606,575.9852821982555,-441.896132511708,678.9375726376596
7916.465581636815,3194.7726439661396,3363.7193273155376,1569.6847563017918,2045.3874806139004,1108.1014778857684,714.8400180445055,1174.6029176940194,423.2456116985745,572.5080423116249,920.0906916180315,-301.2998463489918,709.7649089981884
7670.944450610904,3157.118771054087,3983.80104676487,2043.828586639005,3161.740528095865,1720.6305903056225,1735.935524886651,1782.3023410411988,1249.133535421581,970.1660814745139,1371.2970792413134,-100.85637271759845,709.4062125866271
5294.0659680842255,2436.5042211367727,3475.4836954287443,1698.0396540122206,3248.9351688915717,1655.1533306862784,2122.784164694386,1953.9531487081263,1781.960443685844,1136.0516066369075,1611.9007387871661,30.896453815832842,638.6835717746116
2028.900725282532,1977.2448684686453,2918.397127250585,1358.6593908672055,2879.4110471323133,1303.0629147447792,1930.35361569802,1612.687141903466,1723.222965807341,832.3363379900067,1410.041211052409,-31.5088500073133,498.1148864902081
-402.01055895758077,1439.2096052679447,2472.2111704436993,984.8738481743487,2460.364032401992,1024.7361082865755,1580.4636022215918,1133.4583885717598,1319.498188673593,234.64048470518827,893.1478207864031,-247.35868298932164,332.6538899060558
-1182.938690940284,1072.779833491949,2188.5547637496,523.0878919485395,2132.3408376496263,770.6369407843866,1326.6224436580676,786.5755001289479,973.7011722597584,-267.5338572393497,405.7019309271205,-440.2265361094464,187.86268374472263
-750.7810605693612,1039.4520161330072,2157.0877222920353,274.02669934652005,1993.550633769893,515.5603483783058,1210.5986178441608,582.8456167670445,881.4929953376807,-418.8486546550506,190.72921645104304,-461.8474523463293,75.40229257119677
-61.504393297918874,1020.5601273130044,2266.2809819916592,295.83653250405814,2060.885998038298,337.5977228637314,1180.5703234789064,444.78252032692734,990.6610564432904,-222.93299989944256,249.33204523645443,-294.0427881872522,-18.15983628977932
249.0326276557987,883.9186120253629,2337.009790182856,373.16211475169047,2215.2663368276494,244.9732892823224,1158.92483364839,316.6387080113484,1135.4849111700962,134.8683038116439,417.7239484844133,-28.675138087046008,-105.95387786882281
130.36695140074937,760.4284082094339,2300.717497502567,335.6064342294178,2277.829895470085,170.39232044513443,1084.203133797872,174.75017959456,1169.1146663519266,430.41659201782636,511.38582378972876,212.478291836563,-191.17238475899381
-152.9564827023563,685.4744057892103,2161.8614315176374,128.23328564266748,2124.5220065027333,70.51869852410772,948.381774018229,19.32574600972515,1028.2674590775073,520.6232587193895,424.56819301002884,348.47297280349864,-273.19343662826986
-406.4935109738538,529.8285210989369,1902.686403663109,-243.1263122341207,1753.736965098937,-28.537758142393272,803.4348484975499,-132.69285453381104,734.8608065609426,394.3308903790777,158.74545485401183,368.12822327362335,-353.67825107633996
-652.9395114703937,156.11469850756708,1485.2349251920718,-687.0920697119277,1293.9443966166918,-60.609313200837846,722.327305955325,-258.5758126526142,365.112577883328,149.5995938589033,-204.07636954577578,317.2945769678429,-435.32900277033673
-1007.2750093596602,-432.5793801951004,957.202926173431,-1005.7397030274802,947.1572064346192,19.778664712951667,744.0195214154392,-334.8959185370557,15.978003487264516,-69.40374884190746,-555.5300222969676,263.33674593809434,-517.5825104400819
-1500.1771384276483,-1010.598689570326,534.5339084593655,-996.3820142768643,873.8452974849545,203.74919906905612,862.2207243115929,-325.6532202751498,-222.0623017024734,-133.81939975986683,-815.4681069202181,259.6916066754653,-595.9503919044706
-2045.37295459497,-1205.5093625712495,507.9832627469168,-567.0053644920077,1124.2754827433055,464.31831576413344,1083.3146452889014,-166.84149438399277,-299.7696798516789,33.09659583360968,-966.5843152823951,326.45539450431204,-666.3772027630313
-2502.9146397580453,-576.1613532332389,1154.197847274975,293.61217702537954,1756.5668373324047,790.0710523337502,1462.6842579160905,210.83088338812968,-258.2836562059901,443.7280892414566,-1054.2322816694023,453.0631108890027,-728.7932745050671
-2615.5261181128694,1350.8541861675164,2876.8846590560406,1364.258460418805,2916.2997627641375,1055.544213856813,1975.21799228041,803.277374600219,-245.89363030982463,1052.8624204716125,-1142.1466552257123,620.2153763292233,-781.8471048506359
-1803.757140162395,3809.436090933324,5651.140071310022,1632.7214774282447,4401.370094217282,864.765412501738,2335.6186758439885,1484.5382875268906,-426.0137310773407,1784.8635758199262,-1242.6103007915565,825.7842107869635,-810.4579053397638
699.1266866580236,3543.487158282042,7690.1758541742,-317.29654054134585,5284.804124868319,-165.6487286867444,2153.8688977671327,2091.8935429662097,-831.9738865513268,2564.559709544873,-1291.1892177331747,1084.9569479282786,-784.8782118471845
4982.449234924961,-1721.2278110961806,6558.750496794013,-4496.679337897153,4698.89697333691,-1912.36853106357,1308.8270243960487,2522.56927961071,-1380.5163276662668,3301.6668759871536,-1223.7115613308831,1388.9951299705322,-686.3673304424659
9660.142343177462,-9177.962622224599,2412.6701653541595,-8983.29588413311,2828.097934206586,-3805.550034607077,-17.253293229483234,2691.0307095644216,-2024.9008371958053,3846.1967824835633,-1075.100859212741,1668.927090533858,-535.0596041650005
12496.698739624328,-13365.636018569907,-1451.5634261259859,-11405.009469038501,844.1252639730145,-5169.6019558569915,-1481.8368623146891,2538.033979131451,-2756.1479390635577,4036.7380289332586,-954.7681125961572,1832.2219069096034,-377.73063942009895
12076.84361371259,-11677.319776750828,-1726.1599096291732,-10661.248032221749,-20.300254831285912,-5533.026950544946,-2708.513991739628,2097.350983121339,-3507.8463128437847,3805.9283445156702,-940.7264909783661,1833.0455050295473,-250.1002603943956
8634.054730289625,-6230.230832642849,1531.0290493045527,-7595.73863994059,456.65162628632464,-4944.4589133333575,-3502.1972721537163,1413.4011776361463,-4170.013960960173,3166.731816348419,-1050.1193995815456,1672.015095493386,-168.76018019358781
3566.9785457520697,-1334.8605361838263,5429.403040296588,-4318.523576808253,1595.3659520392655,-3841.2761103815906,-3801.9049742326633,608.2745706777469,-4593.8013898107165,2200.66332113739,-1262.0046930724427,1364.182780498966,-144.93291987787438
-1272.7297372279359,619.5440779666026,7355.74158981287,-2575.8950079456486,2553.54872881667,-2715.913525733735,-3636.9663929013045,24.426645453999157,-4649.436431977507,1167.1428603599566,-1505.1389512953565,971.6010975635629,-171.55464923108798
-4205.813806944295,420.1775617659873,6877.639051387425,-2269.142217046679,2864.5742353145647,-1806.6996214379103,-3173.294063157725,-35.58477080666292,-4365.635264485714,431.5782164069122,-1669.8300434432842,617.193391292985,-206.16288298194402
-4516.429382610952,-1073.1531253130556,4826.293757103826,-2533.069005247792,2574.4138890867052,-1061.6317129822194,-2546.4379054380825,395.84143719671624,-3871.7219561752104,175.37928078944492,-1673.1912728725943,396.32857807093677,-200.56065304849554
-2806.0530322847662,-3392.1706632833007,2259.2476113333987,-3109.97795577499,1908.9670865230803,-471.8180122070754,-1853.5904319014483,1048.718589059542,-3251.434277715788,300.0257759881682,-1501.0130648977167,308.63355437942755,-145.4933104466962
-354.7824333760367,-5367.53956411728,308.57210961272676,-3821.7718753598233,1169.813710093043,-91.36556467218554,-1236.4816960857654,1660.4513074919848,-2556.022557672758,604.3434818492102,-1195.3448393238039,302.22180942565876,-67.86562578890448
1834.1732534463663,-6105.188933552529,-421.56751346048657,-4229.111396773178,696.4911859749778,155.54400023900587,-786.9140438929419,2101.4980550959795,-1856.9519784559636,950.751009400187,-817.2736037933813,341.27677589572363,7.665171620796869
3386.091696214822,-5615.235007325436,-76.7468907866662,-4048.2154659623334,647.5968070530371,402.45180443525265,-500.1664865923575,2361.6023920076136,-1229.4261753131116,1286.467053757015,-416.78581102742754,413.247015358069,79.63536954615057
4322.9948484216075,-4267.316302287525,873.0858844438687,-3310.947815653515,926.2291830741694,682.4357942892041,-353.6966841374217,2473.176263574015,-734.4785889769278,1584.3647588046797,-32.314297257568626,499.3595166833461,160.113983709831
4776.876110812832,-2441.1841613813162,1993.9857947569571,-2225.3778174017334,1309.4646614742728,920.0108974706901,-349.4837977518105,2451.84022105368,-425.05805953066124,1786.874830465315,287.4279636552708,557.7596791117177,257.12849634423276
4857.327323190935,-626.4170088463219,2974.7650113939217,-1090.8037333521268,1591.4754006292528,1019.897345756003,-482.5130201815818,2289.541478806706,-339.7515730320012,1801.7411755034198,475.5923815059691,536.3002743553873,365.4810660680267
4593.540692858559,652.009691981717,3586.3292573888716,-245.8957580897864,1645.2192591807047,943.9424467682428,-712.757243412499,1983.5413015961717,-481.5540986632674,1556.8544102178857,476.9090566617145,404.49756219723315,468.49988282702975
3965.0030351395526,1152.512009193423,3720.4089637183106,93.21473066192794,1445.9815887622842,727.7349507611866,-987.0048641707399,1559.9882567751702,-813.169848782771,1067.8111505855154,299.09862266394174,178.8028210945122,549.635992138196
3085.4747375902957,1008.294138879215,3470.8954417930663,-16.08596120571505,1054.0554320021913,417.70560466372353,-1305.3321609205868,1075.648310597572,-1278.3149308102538,451.3172943508644,42.28994325743713,-83.70487641940481,607.517737685374
2352.1612410021057,553.6849512883896,2935.4175080989767,-416.6316315831984,453.03438635074264,-29.69562837260233,-1790.7114544926328,623.3232625128016,-1817.197993735188,-138.80829609944868,-130.91477773508967,-324.66625881569405,660.4361539437978
2200.315846490472,-190.58779408116442,1761.2244364089236,-1363.8649484764464,-611.8861916577944,-695.0473443079779,-2655.5216325111055,346.1833147458332,-2351.800733789263,-610.1607493773033,-83.76590508423948,-529.5129996707052,729.7799741958975
2464.109911172129,-2379.6510560509487,-509.14641384907907,-3542.3736110489144,-2330.339575053416,-1387.2436877338675,-3981.1758100805405,394.8063539373992,-2774.3416924118,-990.8479981238725,195.6302521027094,-740.9831822057843,810.4003136160362
2057.5419663376583,-7271.132624223586,-2832.79228822034,-6790.810605159978,-4159.52168249589,-1496.8088750264433,-5469.673794029442,796.0388699992841,-2980.877145814769,-1386.8055109045838,561.768104192464,-1017.658467838997,856.9465650935063
-152.55054733180907,-12612.153272596974,-2602.4879169917235,-9085.625029613911,-4860.058006798257,-480.5522504853435,-6485.946572067186,1384.7420298923648,-2905.7919296389928,-1834.1431260030618,804.9781634154009,-1353.7883206970023,815.9248557207607
-3745.684311662156,-13174.570442272005,1067.459451271388,-8144.299626216571,-3608.991871406438,1484.5972991926978,-6421.408761080801,1951.0493563580935,-2495.673222465731,-2171.289371364173,826.9368450400087,-1635.505221996936,688.660144913603
-6565.293956159317,-7651.919851491495,5222.114621796038,-4198.4541283819035,-973.3484484451059,3475.578706511588,-5114.040848942367,2413.6781887167726,-1717.8365758011478,-2129.487452023547,728.2381820477633,-1712.4858982867725,550.3386385943902
-6846.636125893948,-1359.155715222029,6279.149768988766,-167.5414639020577,1400.8456805652459,4495.172741410098,-3105.198762317214,2773.160658382239,-688.8330284626195,-1629.2015404684462,695.3651767376267,-1544.300705991689,480.0026237991264
-5049.684096264631,1148.3205585886292,4735.549874780516,1629.0104080334347,2384.7490655380043,4441.9961894649105,-1349.0714149125756,3058.608329558936,327.7202915212478,-928.6398120944104,828.4932315539035,-1257.2984303821272,478.5779974358344
-2897.1648876021613,1149.000950855631,3765.450147101205,1700.9115137595136,2330.9583809088826,4178.214171829473,-376.97997636530846,3389.9318188257603,1196.3850900270402,-375.4297884902512,1115.7043806829483,-1023.7825486302112,480.76963567111846
-1215.3906424888605,555.7703547145574,4376.620062554137,1154.7781733353343,1810.2346981918101,4233.4474737269675,-66.01822233490495,3810.8446784976645,1986.3267944403647,-72.93607866715858,1499.9982747685526,-896.9293941859256,436.94432701357465
455.8640351426041,-858.6854743811504,5244.000490019326,53.45013126150488,719.4038975533742,4278.446302137013,-234.6072068186379,4069.0108910698004,2661.5974380998614,92.7004281199672,1880.2778360046432,-802.4376199677833,355.76104578365624
2526.337938773257,-3004.3778957933873,4799.503395873333,-1463.3070184849655,-843.3606262737691,3936.375578661562,-789.94073789548,3849.74244200815,2984.4787646044756,189.57530872659595,2101.712231195993,-677.7203676448447,273.58142800643697
4505.1443450387715,-4632.083977390276,2742.576940973313,-2814.257924066338,-2261.5816512667943,3170.6326256185644,-1458.9925472323907,3128.2587918829063,2803.894144554599,165.79231737779554,2046.5419395525873,-553.043172048011,211.7586875940859
5578.021354465377,-4662.122949568894,484.2632772454603,-3462.2922352095743,-3003.0585662770604,2159.386615253313,-1935.0410330719442,2138.674861737094,2218.4047569281943,-13.888612093728327,1738.0334754565588,-482.69864324325135,170.39571675861572
5476.028947958796,-3659.893169475106,-649.8409990225615,-3334.978436378013,-3033.4406308646594,1198.7838233269938,-2162.371333958441,1136.2242254033233,1458.7223415978176,-294.2289829413258,1328.5622267192057,-459.1422845516528,141.81690149495154
4486.167073415876,-2944.0818365534938,-717.4786629915059,-2843.767373738973,-2728.3240907317336,506.7615450600888,-2300.8400974830433,251.28080252488925,736.5846777830245,-594.4477790577889,992.2572180498546,-429.24808576001374,112.68561219828567
2930.039825672747,-2989.8672483411965,-270.1679054132826,-2331.499082194847,-2430.683569403259,133.14856444739274,-2491.1985736525567,-497.42552408135384,179.31982077596928,-880.1967568304349,814.922619474678,-363.79854024660176,61.08658384784691
996.1968138585693,-3391.989350239899,493.7652985336152,-1797.3661505131145,-2219.004993941776,78.43631565821255,-2699.020550462314,-1087.6540551761682,-165.5706673557038,-1156.9009442303286,751.8478232485327,-283.62090057880584,-30.188613860957684
-1028.2657525617622,-3379.9907383144337,1500.4889938777376,-1153.6276294396826,-2044.4934207304213,318.96225895297516,-2769.6553114394756,-1443.8452797759412,-299.31612687474956,-1419.3104836961909,687.4940002273654,-226.5385330706539,-153.14073449651357
-2691.8707339964303,-2498.776949604953,2489.949406256821,-426.76360946029365,-1821.1178347892414,745.2730167430784,-2596.5655511636473,-1534.5940048236596,-267.8351738189771,-1629.7378552808855,548.4600456361658,-206.96287218904828,-275.83690075003756
-3651.4475261577613,-1190.9844753260886,3080.027030033433,264.2142704076571,-1447.7665158152051,1217.8436711356253,-2224.411021408048,-1460.8212225033972,-169.31265315007698,-1753.2591001721794,349.74485238730995,-216.12547967671586,-369.3569003700033
-3965.85224866918,-261.0389409002493,3100.665467544482,819.3379603971719,-937.1306888783558,1655.50768467688,-1811.3664621740995,-1389.6536828888366,-109.05781676626016,-1816.6568412333097,127.93852144158836,-254.3431290871217,-433.04537942151995
-4142.078888632659,40.29987944088887,2799.394931038105,1234.1188650412241,-455.12335110375545,2053.656808627543,-1489.8530030508523,-1426.1883142882089,-117.86436626915005,-1922.653123302564,-134.6952372838872,-339.2346502817249,-495.42183919068543
-4842.951514652946,14.17102371478051,2623.1360786670894,1601.2086817033303,-149.68054539028927,2497.8239256404177,-1257.7899559510981,-1575.7364841227277,-116.00265734068506,-2168.1279267772916,-480.00502109785475,-460.3070717609878,-592.0885303401494
-6241.758009289649,54.88797110161212,2998.9853454367153,2094.63871624388,-44.81433615280116,3127.4284990848405,-990.8176622635683,-1764.5556443814498,57.472140243962485,-2504.951825510246,-870.6854193435652,-528.604127735822,-733.694648138222
-7375.251998846923,305.9309343868202,4199.058913759891,2873.086542503996,-78.84576774012763,4016.9879295873193,-500.90751720743674,-1827.3406697672872,582.1146115649697,-2679.532269176502,-1147.324708513851,-400.1156868106742,-881.5254245045727
-6351.6891171567395,513.7656832380239,6085.257324354753,3995.181965981334,-73.27464534750901,5140.94567070829,396.96061482362677,-1543.3166185818075,1553.4561018237011,-2360.154319581674,-1111.3730806423828,16.046256713797362,-955.2873419137837
-1871.2576549314947,337.17260804908466,8136.3890402521065,5364.791784746897,148.2084911898507,6378.470868280152,1723.2481712063018,-805.5446605417281,2854.058362087578,-1394.8325800064629,-669.7147985394283,651.3868528294682,-885.7972676605617
5050.553303943103,-564.394592991102,9486.629742968234,6464.115667072459,421.1041739209001,7408.045692461693,3184.474759819103,238.89047167700505,4127.479245582516,9.888548618043899,76.08072458112375,1283.220876124639,-681.1403496891764
11256.759332225995,-2242.3901022141986,9081.708576640882,6477.4838716561835,347.3323953265374,7786.433886962054,4306.4268418703505,1263.224279606727,4969.74081326178,1377.0717861772143,870.3363691803327,1674.972392584863,-439.12965993098305
14001.209405395552,-3781.3668400057795,6738.47861150285,5158.83645820862,-193.34096743707082,7337.100625475357,4783.709197428821,1970.6510972740296,5211.746414788627,2281.990974209833,1455.8993449898576,1742.7863107708242,-275.1619054708802
13315.480561865379,-4058.180642513918,3755.9306556126576,3280.4470357887894,-870.2117797573737,6364.079021363325,4699.202050269193,2269.9524144442576,5016.843363702202,2635.7283994788986,1729.5929773549638,1594.0095164136205,-230.90105230419192
11504.223869107444,-3153.40663698517,1967.1126811987197,2093.929773242337,-1174.0236127804978,5487.742143922225,4462.526232472952,2318.436692973117,4732.904767090694,2680.155893954777,1775.714024974803,1413.0985033086263,-260.31160329342623
10657.41751111518,-2062.5203788429117,2273.3274568395977,2348.6793774199195,-866.3674223568647,5194.564338738011,4464.97758757404,2317.6417100162807,4653.981797789343,2727.42667718354,1742.6185755115391,1331.426577447728,-292.415981882965
11065.238584143837,-1024.3035168995764,4335.113583788326,3876.8516880985244,-47.44633193613985,5418.975572722246,4701.257203957044,2240.5306609504546,4791.007120536463,2881.764559834588,1663.8330738192017,1380.1091433219062,-287.21284561554876
11514.986997855382,283.49420698751567,6987.865696338486,5871.679359032957,1014.5765104957512,5755.8346914342055,4869.7721054631,1923.9376513143616,4830.343103264686,2973.6056821101624,1416.1315345017044,1489.898636308988,-243.9521955628804
10519.821039334025,1642.2349733104516,8563.59983510563,7160.308983765838,1797.529558840746,5859.182574169941,4757.07337953393,1344.744620822808,4441.6491562197625,2766.131296378885,893.0085706142008,1524.2095059732642,-184.01243055460307
7534.976750976506,2501.3846386667196,8199.796601882183,7005.445766161662,1874.3977060489053,5497.212457208093,4322.643724275047,617.0854922369409,3595.9119412961663,2209.871271768118,181.01645834995168,1383.7761099843822,-128.13817283453005
3445.861134082989,2532.094720662676,6504.001707375044,5748.283998616468,1381.5119020498382,4653.112709371921,3615.1608320230857,-131.79339222374574,2513.75657729011,1466.1527497376283,-497.15056028942195,1100.160364167776,-79.16798945420885
-149.53485786569863,1934.8893066682738,4528.659537559574,4194.640781190176,706.2788462552734,3546.894841618381,2745.9645012276997,-788.3283069387869,1437.493276846806,736.5751281413502,-972.2208338950196,791.1956979892516,-26.420648568642605
-2260.255391051074,1180.4222443393483,2929.812804892633,2853.1828078083186,13.676458880823986,2393.9093067239014,1830.2904609088869,-1290.7076586692954,515.2875886471359,129.66924803233184,-1214.9331606577377,540.6335369004479,34.50785538958927
-3094.801828807692,551.5728866647596,1897.9094393117796,1860.7653342710453,-729.7133761064682,1283.5105031774492,949.7116517164189,-1669.4688163111564,-208.70391422234223,-349.94636159094057,-1298.4997279301388,350.81160636564715,94.68935542992935
-3484.4435164031547,-100.72563072763424,1183.2339080434429,1089.7691418931804,-1548.5346192784818,257.0233577773161,185.51957384291066,-1993.010127599279,-767.5669862313184,-749.3497351233427,-1342.3691198385254,180.98547046331038,145.53124672044083
-3961.804211417181,-1218.726483225722,261.0842071772329,255.87392707222645,-2430.563233814904,-644.0396598351248,-395.27356963814685,-2287.8594781438337,-1230.6140710663697,-1103.3649661021318,-1462.0589005546994,-1.786680564910796,193.28031191309753
-4387.975572260684,-2996.3501029143736,-1149.6161209408,-734.9201229911771,-3314.231603830904,-1387.3901971080284,-826.4629407448388,-2561.938628052611,-1669.6572859002974,-1381.3269746386027,-1699.385325567208,-193.09966561752384,256.81201122685115
-4244.547618696136,-5078.020506880815,-2675.3937513902692,-1558.7476901137516,-3970.9464108620637,-1982.4223773048511,-1261.595129150666,-2893.2092770492936,-2125.3465576713133,-1475.8341871115306,-1967.441848219331,-348.9647480526699,350.7070370808209
-3144.585847725097,-6581.184241767948,-3532.315886336085,-1928.1928909715689,-4177.373864042777,-2560.121652654511,-1810.8344053803853,-3392.9520432775016,-2557.7030546110423,-1264.8532589844397,-2092.5474312376364,-418.3745577909172,470.57588910271073
-1102.8756816385455,-6460.433424406598,-3512.9183169218145,-2225.6225423456267,-4205.360997129885,-3328.291070298231,-2315.6799168124876,-4016.910251750257,-2845.5522225247637,-719.2045283947209,-1957.264099415087,-393.45405211075655,596.8647861653833
1525.4258556690181,-4917.947351513251,-3572.410828025141,-3082.37216595812,-4734.564234125539,-4315.21406186637,-2410.764511244947,-4528.175450522529,-2906.298887386117,54.01296184670872,-1605.8919655144828,-331.34262497130044,712.7168573757643
4136.097691736857,-4031.4175162341526,-4692.524484017169,-4324.209814852875,-6073.90885093455,-5300.083190187156,-1880.907650223748,-4735.878620560601,-2811.1228573201274,886.0845598506766,-1189.6948528441167,-323.55465723797084,810.6796956198716
5821.4097452165215,-5602.991176480937,-6443.153407195864,-4898.004915885276,-7771.365547663475,-5970.6307029832105,-794.832954524662,-4599.699325185845,-2697.4721765637855,1616.7332540676848,-835.6995160701154,-435.52786099710914,876.2417852764485
5657.4677953220635,-8500.760463352266,-6979.724887057014,-3706.5349292513633,-8724.097539204715,-5927.131096991721,585.5055695172765,-4074.5975007035618,-2576.9062633347394,2073.6391153317973,-597.4291811144923,-650.2088829480309,877.9151031373431
3732.732322857988,-9004.283915368998,-4991.253881785373,-1035.8313784261354,-7903.422107855726,-4946.363219597515,1750.8953358748693,-3154.8852983089173,-2310.3535867015344,2120.039917502968,-468.0771722344207,-850.6129061065769,800.1282148237965
1713.1039748645658,-6037.589763849478,-2027.1773537553186,1097.1858938975856,-5677.384862906455,-3439.4632535756273,2195.597285973256,-2040.2578722958835,-1761.6142622528337,1845.0101223696047,-367.2916841778255,-892.1122983832515,687.5095622893416
1324.573370833143,-2906.776950074849,-423.42390941601764,1517.8908450636682,-3457.427471755008,-2048.143551726614,2011.4755474053102,-960.0522872798244,-944.8663467388773,1603.9597749622092,-164.2869912913128,-745.238584688253,619.2543233720787
2176.176473241003,-1741.1634686674893,-198.19701292168924,1087.1702071200486,-1948.7240709344396,-935.6901164823566,1800.961746632693,50.14027367571697,-64.64324987313256,1712.0016827175923,200.43817224108574,-553.8767088742698,619.592322751168
2185.3047483243877,-2004.965263242882,-461.616670471728,688.1454696258608,-980.2210468599575,28.6434573778065,1945.567306671021,994.9238419745177,579.0498822614505,2116.78529192956,624.9801103761075,-505.81985701554896,625.6123818139988
240.17643213876843,-2611.1442037159327,-746.5520116289475,508.5602856816133,-340.09497254747816,794.7298412049864,2333.2846935517196,1718.3757912967671,777.2352783988019,2461.605966397769,920.7944533312325,-655.0855772482164,564.6023975419158
-2595.983697762144,-2304.630478106142,-421.06844718981097,814.3965754266052,109.62534688566183,1199.9489959359996,2705.922586325655,2046.0158505519717,549.0975455665491,2453.2643604434033,976.7768177597454,-900.2832267498138,433.73222888701684
-4523.087776027346,-731.2974817053667,763.4288608734147,1702.706217209788,495.2571428505546,1249.7388563158509,2961.0420630879707,2050.334387877814,124.46952202278644,2118.8634320603624,848.0319852394052,-1110.0816377466508,285.24855551793223
-4687.185432715466,1065.7027751574026,2197.6549040047466,2798.800545748472,849.8500424233462,1147.507225157141,3162.0101311038597,2030.0491999487292,-203.38941860382562,1732.4861746655429,708.880548641591,-1222.6942423640508,161.86554051739841
-3329.678474126481,2111.4306206786973,3301.5335336680555,3805.769125813099,1215.323433710425,1096.529020904605,3422.567171602742,2212.7929662394467,-253.55454331317495,1545.0836375146996,716.0606945135796,-1229.8615434166236,71.2984869028376
-1093.6347774421345,2059.116123712731,3802.916544733091,4604.115745384699,1596.821592528966,1119.8019507129372,3758.7409764003605,2553.7457241308243,-50.825274931344524,1581.2122472689132,873.4038160710403,-1127.3959978418388,7.532517647261585
1303.185347042641,926.0276056291989,3377.7813884642915,4830.757830477137,1795.438437860046,1099.5913021407796,3998.9003451495855,2820.2724326165676,227.29151962739928,1658.0755832060297,1020.0640271612752,-933.5753078124337,-32.60193665568167
3023.944829202335,-464.3702437247601,2148.793025155953,4162.423407715671,1629.8098833692025,970.6064839312094,3901.86762783364,2791.520671047298,392.14193297367865,1571.0767989543376,984.2851398393192,-726.728419262684,-56.792646881994074
3397.1596143737543,-992.2967788564498,934.6076139456582,2887.9799129701614,1226.7455080663444,801.7506348573047,3391.1563923118065,2387.481154463233,341.2955509169686,1250.089788726164,744.218678502953,-596.6492258856515,-80.74499036136326
2501.11836860904,-594.4170192078622,356.71573309004106,1670.12661466815,862.1394871139967,682.3758853891654,2608.524778757027,1686.9515742976298,63.011156529913876,761.6797406268013,418.3857101129663,-562.6876647242979,-115.73172066317005
1190.5006092086574,-89.17700639074722,311.15738093380054,912.6999936623604,660.9826547427093,608.858130747644,1756.88645704196,860.8040229799972,-396.0661041982185,214.71219203940316,137.8527846407858,-582.5205165629916,-163.0255783401931
346.73335387944087,-10.430273408090216,395.2549316457926,589.116501333438,555.7528511615956,505.188363783411,984.6222253893658,98.3140474453055,-947.8251644368668,-304.86079987323205,-34.44065782406045,-617.1059058479294,-222.365617099981
260.8745512050751,-238.53147715131882,349.1711606140894,468.32086118633663,421.50882093782997,293.3963084995596,392.3719357060529,-435.63840993687023,-1463.2791722107586,-720.4406719087369,-88.11365440043261,-639.8843873520873,-294.0330270108237
785.8381157812655,-421.0541241468403,183.11413916609064,429.15102182453626,213.25946200087893,-61.68363855732103,18.687454386054185,-657.7141616124716,-1772.3799791294055,-918.1437103983692,-7.661882798668046,-599.8924559054268,-370.38815196347554
1789.629526603432,-485.43014918298684,19.24011961771339,558.9926909711901,-22.66686100351228,-461.6919855670711,-164.99621929066444,-593.5704080434244,-1687.138489018327,-766.9521149328262,254.84801295362954,-430.1853723835172,-435.50903489172646
3183.165501934574,-823.3783892700872,-262.6783823778386,740.4152236111321,-162.47570428021115,-526.8588200444403,-70.2430805572389,-270.99826395828507,-1123.3384169840829,-274.0554858453917,709.3015506327994,-125.76439693401505,-478.95017898003096
4517.991992567032,-1284.1749648561715,-443.8773131736964,776.484278617123,169.58860955212322,113.89455556276039,528.3312776446077,328.8175486770634,-311.92044750696135,267.75413786337674,1204.8068695599886,198.5555008698145,-508.17903678578296
4921.170678118249,-517.9547150884214,406.29326289684263,1242.0497383720503,1151.6240689920564,940.4802835709256,1383.9249235019884,1022.2614687711158,225.72468435713063,448.7462282594337,1467.1488616201605,381.7763172389073,-543.6771979079153
3923.4769602107363,715.7231260640289,1477.554556193165,2297.225724447642,1863.6181992579586,816.936430980161,1644.7410021203139,1371.3700492633561,161.29258128691697,162.30964832756825,1365.8616371511168,381.0784147535318,-595.8219222166161
2288.73598543416,35.30388053852569,893.8123010714983,2746.0365009186944,1468.973778554052,-270.0271273633051,1052.6523843520868,1237.2745747411032,-262.7498900194187,-292.0347668417121,1078.8785810107966,320.94210156617294,-645.6378700879479
1388.680370827941,-1464.468099374828,-463.34974407443707,2400.661063269998,692.3345018084245,-1284.0359394979214,324.44339989566106,1002.5271550568998,-571.7809706014962,-591.3523673282205,882.0575968445373,342.9823478792075,-659.4838353706392
1726.362013394102,-2094.8524179747037,-1203.5333287078,2029.5270670269244,313.71575216210164,-1793.5585172901517,-70.90613844830443,960.6580083601964,-599.4077269636325,-681.0954064861096,855.6143327487557,458.22513688954984,-626.421515857616
2654.7266186378224,-1975.8251068343538,-1399.2303500401106,1602.2945214436443,128.9162179905505,-1989.226432411642,-289.367562821977,1003.3854241612922,-475.52699383328746,-656.6560571039506,896.2122894508927,583.2416027081741,-567.344127411987
3352.216216148218,-1352.4335442832926,-1165.3278262301662,1055.2018828000923,-82.33861311898214,-1982.5889395585957,-459.2901583446876,990.3452979589875,-315.6112460316978,-575.8474295452411,911.7776004545208,657.9502410964042,-507.22472900589275
3457.1254261916506,-634.9513166609493,-691.7415746980726,661.8783528784594,-242.88081382675944,-1848.8625487076938,-540.1353123965462,953.6364509312909,-140.7912132487942,-457.1183727861838,890.1523987183133,680.6833968287544,-456.03464089124043
3005.472730607157,-255.1118749386751,-345.6089548199476,569.9838931946931,-239.4068369914258,-1680.229162331926,-499.6448945768808,970.6636808800408,38.95682125040372,-337.3505553464969,838.39636891079,671.7094590094416,-415.33723039810275
2325.5801750113064,-372.4657402088011,-389.09033123844637,768.2090808644255,4.468365551387748,-1549.5496799439627,-347.4128609911174,1113.9730804663582,221.22737843379,-264.9077492621922,752.1338379091179,648.9976726878907,-384.7955455826677
1954.3366275334224,-841.1857583546279,-822.8495122563794,1162.5200390893353,446.54787875988814,-1597.2118423432858,-208.76027269713205,1461.6581017567437,444.32023972938293,-283.84974129951956,638.0046100695798,638.0994531900647,-356.08248969730465
2320.2657186876686,-1620.5668615996328,-1589.8573773734665,1702.8983781501765,978.5582772296648,-1997.0989775563107,-339.07853149115596,2001.9110951907396,735.9696643866972,-467.34203820303367,493.1222792662926,684.7898256496474,-307.80606247644096
3285.4821248750313,-3149.748373194239,-2994.567252427087,2361.0134296932097,1563.2832634963502,-2835.7597204871076,-927.1687131865094,2582.172162625395,1052.0377471478812,-905.7815363508209,243.38035845427368,821.4949843295406,-217.48449201966062
3949.221718070245,-5640.7247218038,-5174.759498443954,3126.630208010182,2281.525246197752,-3970.3709761630794,-1898.171694243507,3016.274810400219,1317.9499810053662,-1567.6932711787483,-201.6961311357433,995.4981934639051,-87.68928117788435
3210.582057921358,-7817.67438172924,-7085.091477280313,4079.050007293628,3222.7368422838663,-4864.505504158128,-2876.64644218465,3164.1751280207877,1482.667174034096,-2197.6180841011965,-766.9187155527826,1073.0933027454782,44.40637317289381
960.2470500547632,-7705.4410577297995,-7212.033440531035,4870.364115837145,4044.6332748114573,-4904.117567560109,-3390.5993559491844,2919.3660669659444,1483.089820916614,-2461.867042241919,-1182.4662340860411,966.7338256755346,136.2952062452701
-1445.8267585341302,-5697.872177178226,-5733.655521508239,4594.80077897802,3958.4797108222656,-4144.929991933824,-3269.3019784046637,2268.7231205170438,1235.0021872919306,-2230.106060632833,-1225.964945541512,723.8109452416717,176.965592373734
-2414.0244409705165,-3971.303176081363,-4206.467190846255,3099.9248651539547,2781.751107555326,-3273.060463923311,-2746.5524928738955,1412.4998766865044,745.2559312394592,-1673.347711847432,-932.7514149974313,458.84941282329413,187.59579694864237
-1688.6132670618574,-2880.338548068215,-3159.2151574125464,1468.488454798291,1407.5894546668324,-2655.7510227902376,-2073.8325098088826,714.1987349874491,188.0945534995393,-1084.0897731689583,-527.5054261048683,253.289069728063,196.65635890057655
-309.7667697681435,-1743.8831153893475,-2226.782099049077,567.2573178671399,678.1782054451853,-2034.5106484739836,-1268.7586346872065,431.3794372005059,-204.9526972074341,-637.7450761591243,-215.14982903797352,141.03407379822886,223.7308772011936
675.823599934911,-903.7069974693471,-1517.4095155865718,312.21793303084814,529.3091411334765,-1224.4771027446752,-352.1929949375776,520.0036631438144,-318.5251149451773,-322.12561080384785,-59.960697650996536,126.75077056152458,275.3582099171227
1000.9922675560446,-575.6381781097541,-1151.4119853681873,329.8913722486967,467.1624492103532,-495.0509959924962,450.59216458550986,747.5687636004301,-202.40910420604953,-48.79761725758323,-8.858964023232488,184.14961418643543,344.3551017814636
930.9045294608146,-361.0718927164464,-893.2343745367671,371.32692214328824,261.64718162388493,-128.97372910750167,923.7935959495389,923.4635176402015,-11.40214530462606,194.26566681042982,7.256414883188597,259.2981365848862,415.79120593217976
695.9011011517449,-167.36205214210491,-623.1553113144053,352.17281556446767,-18.577667979423126,-67.97561861016894,1078.6581731562403,937.2465500223359,74.70605064179327,296.8997760477437,-10.39605014912081,292.8333943504618,477.6647413562796
207.73200150963484,67.25270766365405,-261.35634878261664,148.04067841724833,-482.3571138927014,-269.3440559610811,959.3848081761965,665.7569176791894,-46.08520649549217,131.10350940412468,-130.68195959200733,240.92600851111462,525.1083359069897
-849.7274690567448,33.719972705337454,-169.76621331777315,-744.6032836938743,-1431.3065284324762,-1049.8109205121364,376.7463015430777,14.51620646917047,-295.6672006422498,-297.3432588620245,-427.88705554775504,82.71156739392853,555.41146313173
-2641.1662060704284,-1689.9249548850864,-1542.2318298684265,-2351.833594741173,-2405.71806403598,-2509.915816181479,-894.932824870949,-896.4363999464314,-404.4692487798968,-781.7280686485345,-908.0253628686082,-171.92828164489362,565.1287544348774
-4755.688505539598,-4386.583243921663,-4147.697329074847,-3002.054406883874,-1905.76229146746,-3715.671527152164,-2584.4209280723912,-1644.3861610434976,-45.68717416639538,-981.1457631595504,-1462.781044975624,-468.96287337976264,556.6390431059125
-6304.01598309106,-4357.6988952207475,-5274.069239194847,-1227.3354506694664,580.5877059539788,-3409.278154364828,-3844.687599083622,-1799.2057145313863,854.7908037468956,-668.8686145472768,-1898.8184872356717,-727.4609577848076,538.197630160278
-6652.220836762181,-2421.866517792683,-4503.458145817457,1119.8913292669213,3102.5363596639554,-1978.9385278428567,-4217.904975318567,-1513.0778701643587,1867.1650492010485,-49.29189276493244,-2095.425194669372,-899.3280273129724,504.7836802013288
-5868.860480749306,-2756.9385049736547,-4580.102198470683,1473.4953643432332,3955.0381474014903,-1035.7744506995475,-4321.433800342654,-1498.2066787383012,2383.9914943014196,347.98262920117884,-2158.227825119683,-1002.4982920673046,432.64249024622967
-4361.337068669394,-4671.069580402505,-5599.712382305503,344.6712611541905,3683.292392035944,-834.489282138584,-4705.620163190361,-2069.335487880382,2289.6927395451426,284.72225273983014,-2294.845762662966,-1078.3487049531573,316.1363928081961
-2456.0842829186117,-6038.660252768824,-6053.7432066740985,-871.8515921526418,3042.512601544859,-578.82684530441,-4941.185616213744,-2709.5667466621053,1989.422066944499,85.13461224194862,-2494.560425375359,-1129.3644087697573,197.97504217249883
-454.84154931268904,-6068.307460326535,-5825.407056751749,-1588.1766458236877,2345.758177149904,-207.2068925915264,-4639.073696778852,-2865.0435009957123,1818.9428022584918,141.88430078865852,-2488.1041174492416,-1116.5412559647314,136.07451229721312
1200.500426775952,-4283.488752330214,-4829.320862882903,-1367.036711949335,2153.8540457172535,47.51867139082273,-4119.4031304431655,-2566.4331678196863,1799.0759709895965,468.1299568773388,-2091.3083480295654,-1019.6287495341088,143.44479942253093
1960.2233734256683,-1577.9700565265614,-3187.519090732338,-411.3243920500389,2579.7716691752807,341.25745326919815,-3718.1706450628676,-2126.180496713545,1884.603219523813,870.4517223613246,-1442.6864208615782,-890.2263246972116,175.1439433092177
1395.3947624199388,698.3651636606355,-1599.8473837812496,627.9360823571576,3226.5754315803306,881.8231043046903,-3391.682956144175,-1740.9722128624373,2115.155686060869,1280.8582268001214,-833.2533457792838,-831.1220241345115,169.60102425927073
-422.69991693124723,2241.0995652704623,-407.58604086901187,1641.0825147971238,4055.1321594224073,1763.6324334811868,-3037.1824708261615,-1493.678769346254,2511.3053608272744,1774.406950962449,-409.0679560906162,-915.4113593243424,93.87345007125865
-2677.3956371322456,3476.1972346549082,288.515193184618,2839.679077855918,5379.6107071773595,2982.5804002864024,-2695.643091354655,-1430.4847091280528,2992.156472099902,2401.729184893833,-89.00714552710653,-1123.1322891916489,-43.527419773675035
-4093.382565037155,4187.61577750387,-53.217712478349185,3886.634890942413,7111.373456318117,4311.786931582671,-2415.793077112644,-1509.223907781393,3432.6145571102884,3098.4319624421537,300.89179554359333,-1343.8920671817264,-206.76607483619244
-3705.46267011273,3413.6326143535734,-1806.7734995660458,4055.779986508968,8575.103148349446,5360.201510078955,-2140.716043459609,-1597.615437763061,3742.5025496171634,3718.324358646153,838.527682245026,-1441.6194706014503,-354.33475849324253
-1611.3803297457591,963.9046779694063,-4422.438874512581,3028.8960283250285,9118.625835732715,5803.335382403162,-1865.8937220480639,-1652.8193201888398,3851.3915744505953,4137.068562670993,1408.5921393383135,-1363.6713012574685,-463.1877242461989
882.4701321159191,-2367.1197270337825,-7090.852784811849,835.317171621304,8431.348055609906,5426.762609748042,-1829.8120024699365,-1869.4467729805563,3630.54898630546,4340.742576969707,1805.1404133350163,-1211.428339973339,-546.3257707623541
2196.074127913642,-5444.141942862468,-9078.379634937648,-2243.5690321874304,6388.673011638143,4147.880655592673,-2300.87891921529,-2516.9355987060694,2885.80216915674,4374.708437836824,1929.5526166099057,-1146.4644025560276,-634.2083922942106
1952.9803137953872,-7072.784242607968,-9527.857323856815,-4977.344727422506,3488.360107687558,2362.055783189032,-3197.3271856084766,-3656.0511936753555,1469.9121500524382,4171.091001662809,1807.4806896642096,-1210.293041236299,-726.0083704417727
1154.228404201806,-7206.658294862881,-8383.041028598032,-5761.781384149038,1276.1136096650237,1021.2240628701645,-4264.535982795551,-5158.8778393755465,-583.7763901759861,3515.450976175689,1442.4478558889343,-1317.9672798435604,-781.1618018642764
491.50165146653103,-6357.878929267351,-6863.810667376733,-4664.474298075191,1060.1437215539527,750.0696183399102,-5586.197252556214,-6900.371392434716,-2987.9134549937644,2320.2444383087613,833.3713882629548,-1428.9991996279537,-782.2682197800469
-812.7277523389358,-4545.143197092031,-6828.839428938204,-3851.8225419011924,2171.906150198239,1085.7455717683297,-7350.350620784313,-8708.008892210402,-5227.462755495328,943.37047152572,194.06169351761184,-1596.4047188385543,-788.7844521471931
-3587.441969856001,-3137.5918020990157,-9151.221151411666,-4920.68671000408,2951.198827687105,1428.3714109169703,-9015.260277592693,-10286.569423008159,-6789.922124670933,112.13377959583818,10.715189562809684,-1786.2850031763473,-893.4912595181718
-6360.492470892801,-3058.502953005886,-12072.32585303246,-6599.488560454899,3506.024609821753,2418.9531195955533,-9425.878464025138,-11457.511733370724,-7519.285853655046,399.3313416045547,725.170210336986,-1735.8225532719125,-1109.1924054146737
-5592.195419037243,-3305.3440635454517,-14252.661885475354,-7562.460725903637,5097.363934616159,4970.846435870746,-8065.21404475441,-12245.531679036689,-7649.339473573012,1737.7472040364237,2302.5353626176475,-1122.7799348600738,-1308.7980042754475
857.9327220088692,-5268.76186251511,-16805.072546438114,-9059.78391512221,6964.972700797311,8281.515638269815,-5542.151886377753,-12487.17533268661,-7376.335869799658,3500.6553154394264,4151.001707269038,71.52589442989805,-1309.3183585263191
10948.544684084392,-9546.281694786543,-18908.93848795839,-11345.607659848438,7347.962114987942,10626.301182331292,-2678.278993022868,-11767.557050150805,-6634.866584104097,5051.588246997106,5548.057501720935,1439.323263473062,-1037.3170125123656
19969.50067176769,-12615.222280364978,-18520.016214331205,-12555.139169335918,6402.069670346554,11439.83409512292,9.593991545436637,-10109.403735165897,-5522.730475316796,6071.245249865845,6154.7344429706745,2448.501009760178,-604.2609471786283
24419.771680240923,-12026.370001529349,-15801.0047492737,-11726.481511580816,5120.594406767173,10966.744304238695,1919.8425626498706,-8230.128851469297,-4585.000191529929,6343.034454769289,6077.922655274509,2823.5744756277027,-216.66308587896958
23832.031399344323,-7902.495068450365,-11855.429427932053,-8826.466608153936,4248.69376832014,9470.19101110659,2647.637801168399,-6718.496656029025,-4234.789874076406,5613.700489480261,5530.957807937247,2630.049840836352,-23.571950411969055
19736.04281983503,-3150.720381412427,-8636.600641870353,-5165.6264873726295,4478.604195771337,7793.284298125437,2597.2692397108813,-5543.943663272558,-4240.738118711334,3971.0255785682757,4639.866647381986,2120.1754874705625,-33.020201476165596
14107.04068727453,-678.0408090674703,-7337.72192888421,-3065.7389586244,5233.218084765484,6799.726427994843,2391.376947907628,-4662.2381561619795,-4239.794944440862,2035.891748399047,3597.8347244638157,1582.6661118314526,-135.15041918785982
8717.012266751291,5.520641870191341,-7077.650016496818,-2953.7756725928216,5314.129332443381,6390.990332344514,2117.1411752039808,-4385.843310618266,-4354.380973750518,415.2554907409219,2758.246814827928,1258.6639629039887,-193.45069961198902
4929.22644029015,324.1560954817755,-7096.53698297962,-3692.3279480772017,4723.706849338706,6172.226384453682,1688.985976069093,-4902.599351087105,-4912.304397448641,-820.6891763177182,2392.8826007144376,1267.6321074708994,-134.2419205270641
3374.6195561683785,1010.3441792353068,-7038.290575223602,-4518.3682506042405,3992.4434308559235,6121.128044798641,1312.8035379764015,-5948.687097507483,-5925.829892411438,-1917.4074499359715,2453.155507227425,1563.3507557987919,26.340823662566322
3808.0583590487577,2007.508183998848,-6464.572164981508,-5264.664169527893,3046.276706208502,6278.9853303647415,1304.941236070866,-7066.644768304393,-7135.231263543769,-2974.5790292679053,2692.0403503218695,1990.6166704427287,224.19907134856672
5498.722038121863,1852.1154906723027,-5979.123520524056,-6378.209119573622,1557.628351792,6642.684295612739,1873.639508554032,-7891.940058104762,-8333.112427901453,-3918.2948601941453,2946.1268724302718,2418.0682730070776,408.93640962893517
7749.339488096914,-1504.01757716993,-7530.973716378477,-8859.648920887992,-394.44954610193025,7414.305365965122,3152.9596673386245,-8177.488651958737,-9454.893133249738,-4744.051982717821,3180.785304556363,2816.4457990337896,570.7095953714162
9880.694846770843,-8132.587356220813,-12631.252516952361,-13188.157714448642,-2151.4138676409566,8888.61802691219,5161.193989564234,-7746.226509977238,-10429.874826455612,-5551.808769834285,3308.499096152902,3195.0954274943797,717.5725929318558
10847.149578053852,-14056.176501233183,-19853.15140895599,-18011.582034848063,-2734.9102065534544,10956.046460839358,7584.115874363175,-6532.711495132049,-11049.518169444094,-6332.412472535921,3135.4319478442926,3483.0778795863225,838.2401288981785
9552.267793018735,-13475.077827171275,-24465.678587097133,-20376.9201514536,-1588.4083424908208,12799.920991109308,9683.858328584984,-4693.679813800131,-11024.682063109436,-6854.6425125667565,2570.6793787090223,3539.3882990848942,902.486953487069
6137.1288994202,-5526.241784454627,-22356.650862655064,-18219.422545209607,581.0918921100529,13271.054663941548,10623.729850645763,-2668.8573872745415,-10215.2459610488,-6861.415479636476,1778.05630431284,3310.960104992132,904.1206757942141
2484.3875675843,3304.8009360836086,-14847.760297211127,-12837.267678342641,2025.4430866244247,11825.513487993161,10081.956447871107,-1042.0602705124138,-8833.483560327057,-6356.872246910597,1003.9697571562937,2914.92586579043,885.2878772781276
590.9140912828067,6756.406367510969,-7477.8097163254615,-7858.652084968166,1550.4335854412398,9127.12228904125,8574.692925111087,-203.27517813693686,-7410.989022236243,-5656.290956606666,328.1250144482441,2520.652466441256,901.6919509398028
668.1211324138885,5251.291221667252,-3832.135305054795,-5569.534902114052,-404.01897916466623,6500.076182778055,7101.571893934883,-71.27140733357264,-6539.257093955453,-5203.475829635104,-332.2412200421396,2218.6451946363313,978.1651857918
1388.0707841827948,1988.4286172924565,-3482.590307917106,-5725.3151680106375,-2852.887691513071,4852.496017176415,6574.904875224947,-87.12690997817901,-6572.993087950996,-5386.663666389114,-1082.9031742392144,2036.957299948535,1114.252098763455
1383.8338374930477,-2798.810950412515,-6168.99009145216,-8251.502071193563,-5857.713362078536,4525.90446164899,7705.760809640396,605.9747597731234,-7440.084779464617,-6439.684574074406,-2033.809292476097,1981.0136537196795,1314.3026799310264
-329.62341389840714,-9439.666748356633,-13898.626214215145,-14656.490215829126,-9829.130485617226,6027.451125066442,11053.420262569878,2861.5158232913395,-8608.785003064204,-8352.274146329702,-3339.2805971632174,1959.3305029080527,1578.4135854345484
-4856.44414327197,-11486.983250485127,-25304.104449080092,-24424.0185468959,-13348.191743506366,9969.028994262626,16471.92023037684,6995.502600142018,-9235.218285415154,-10743.283380009862,-5074.214065065432,1710.948294430706,1849.5348936084267
-12699.664663894171,217.9718578433343,-31048.863932647204,-31541.491688134298,-13325.355392923278,15649.463243475546,22266.534020622024,12167.258973745164,-8511.576296335623,-12794.725127268646,-6955.475525194487,959.8539594338838,1989.756589574178
-21781.6497760285,19322.54063197409,-23483.068815594146,-29257.924199319317,-8664.63754711469,20170.72236370282,25472.772187313454,16317.492388796227,-6210.517294143058,-13494.860240550763,-8268.587124821439,-240.98806670398153,1861.4624452367293
-27540.24893973354,25736.21001168421,-9708.279008613872,-19199.166607631418,-2805.520965533427,20264.081411171224,23968.000293692243,17307.241570566428,-3121.3867839247214,-12280.301485912827,-8305.25774541875,-1397.8367126498215,1466.033654471315
-26645.362767554525,15228.629189736668,-2768.963230021858,-10105.22340255826,-279.9719966877977,15630.760412039752,18625.873933945866,14739.235347362746,-699.3443138646,-9599.2473616208,-6992.672723982615,-1967.8429689214367,973.5841903458232
-20336.844203093984,3193.29562714151,-3618.2895223386954,-6602.736264315859,-1490.0445528734876,9392.931436078374,12643.657017307229,10488.284252441475,122.30016788532001,-6708.71254108768,-5024.458502098429,-1852.2239815189093,582.3787117757822
-13295.701983783778,-1406.4323241508337,-5184.280263929146,-6235.746776900775,-3582.6830708557177,4692.644110535755,8552.710944544586,7013.585662225728,-265.4747539606749,-4763.152276408411,-3345.9627059499076,-1422.2159854857364,365.4333572293202
-9692.91860014844,-936.8380984503169,-5175.540261567953,-6438.899106147848,-4920.029808203834,2144.514948067064,6611.450537174679,5408.116711428006,-666.1051247767864,-4058.643617078189,-2545.449925478195,-1131.9899251060767,261.5182883207662
-10622.769527492412,1922.7696936574391,-5112.887933667209,-7311.5993464730245,-5950.691213512107,787.4852086292415,5845.66225944995,5235.936452545163,-184.4071352773176,-4042.80148575581,-2639.709478128164,-1193.1077093207634,175.05947186251768
-14314.059413265946,5708.569838277469,-5282.698847028704,-8945.939941107856,-7146.997038223765,-57.89426737684289,5531.493075846892,5608.0730779124315,1245.253617785699,-3867.356410686578,-3226.946074121006,-1535.8475069319584,59.76630346594396
-17756.880733867518,8563.62912800955,-5142.24946495073,-10389.268782804631,-8135.4990576407135,-396.19330321250004,5524.358188715485,5974.7473965525805,3061.708655550132,-2974.1197818014944,-3755.3969271097017,-1937.649800483771,-69.15658889513787
-18369.445694918642,9369.141097557202,-4905.5489611952835,-10874.822693353193,-8433.44433561452,-181.8242149114973,5838.9454466684765,6212.5505808102625,4556.462823691114,-1436.9288656657254,-3794.393019813975,-2168.6705084193018,-171.21842738552533
-15298.265162210546,8037.373570620707,-5172.385527873223,-10487.26886549711,-8112.717420141824,236.83938734388929,6322.478784663555,6410.269400817549,5305.650235662434,84.15532669148956,-3282.90549710672,-2113.093106671179,-224.2821945519699
-10055.208004931128,4962.610555133918,-5831.05563977155,-9665.496305703648,-7675.075133898556,283.0801637450197,6718.377155577386,6719.907868683742,5386.055512845061,820.3082646606367,-2612.750427245009,-1844.189600886298,-245.95061907001667
-5789.768302755791,1669.608374061146,-5861.947763032033,-8810.532411567701,-7656.646529314142,-429.48380321793604,6885.995854506882,7309.136987619662,5287.83095040998,516.9990791475045,-2375.054903779795,-1593.9648166151778,-281.3790107432598
-5090.092065069677,1149.0284253000193,-4529.805538174424,-8571.242490615667,-8489.16031852557,-1927.5086094488265,6832.756118730535,8257.736833696925,5567.38744356183,-313.6307069545073,-2873.7793462160525,-1598.6087365657745,-368.9984199841831
-7792.763487406491,5327.177895656133,-2834.732960985208,-9831.057149232285,-10358.288804031938,-3976.554873213866,6545.21062951132,9382.061807125867,6429.868772507827,-765.0647427104593,-3802.638960470975,-1911.001180253868,-509.30668188644376
-10814.109662208855,11712.21611615336,-2968.366781896179,-12621.375131605184,-12747.872394896842,-6126.68015729054,5897.147534452043,10196.071515991649,7521.329271804659,-258.04951196263994,-4409.495694724503,-2322.2265320357683,-655.6833964052506
-10500.382974755692,14713.488355529778,-5587.378353336968,-15272.906682923878,-14337.454183682086,-7728.233079963597,4786.634624617837,10169.766345502476,8146.344006460494,969.6431481649062,-4094.6784306894033,-2482.6533562800764,-735.7931479082889
-5881.96626640055,11719.33054402745,-8542.257308889559,-15704.391974453743,-14036.849698827325,-8281.829616945903,3337.2131244897737,9177.206209298814,7861.2941206626365,2076.981325372152,-2996.5745001620826,-2200.4579996492703,-706.944584112899
-39.57312932585951,5827.801476716231,-9382.86759056674,-13713.678415463297,-12227.358276046783,-7953.293126516238,1935.3352064243522,7793.2510962179695,7020.4478262084085,2479.16576250472,-1957.680601428413,-1710.6663674593963,-620.5556577937921
2398.1199162641365,1672.0609486799742,-7762.393183826731,-11042.124362482076,-10501.76696815826,-7529.575138164467,1061.7046210416515,7090.320287274042,6694.9977559717845,2562.6079622869825,-1701.862202131752,-1577.6354684473845,-624.1559444359985
-25.011735582656385,2173.0856103970823,-4282.946851383358,-9529.797459860805,-10402.227227952966,-7868.615036125628,934.6256758107802,7893.989832648735,7832.174197898683,3367.5240187170352,-1998.096357969257,-2161.140322540034,-852.0033686284768
-3726.5118593320854,9137.847302740594,-44.89979160407513,-10657.706329385412,-12848.497021195048,-9627.784575787979,1034.7881020109814,9934.839718673453,10312.398750290196,5415.30459591916,-1855.3302081123747,-3146.673730361512,-1278.5739392570326
-3806.186689735047,19466.12517744043,1099.4419490385742,-15301.993282430914,-17451.14078613485,-12896.016960116414,109.52253322297676,11645.159206282779,12802.94958908133,7954.07231657062,-654.8240513260126,-3745.4135623685843,-1693.5179244437443
641.8160446387681,22326.869902016766,-4187.310108769008,-20911.852361262434,-21162.738736373492,-16134.575920861666,-2619.770725274069,11127.369813406603,13647.714241759704,9522.931931672609,1100.2335868064188,-3453.003346179025,-1861.6573380029163
5945.39909649762,12550.834062326421,-11255.041737506348,-21716.561736510524,-19976.25384121945,-16493.470592092483,-6048.401716188626,7802.685535457496,12102.170234175437,9259.203001598797,2334.5069871745354,-2524.9411656160546,-1726.59772439247
8377.785032227257,923.6424679047855,-11983.637177456565,-15808.801254728944,-13878.630301530577,-12879.666220768815,-7910.808018203281,3125.252101432486,8870.025911871522,7575.368409525958,2548.6937426317822,-1613.8346153796838,-1440.4970933802488
7815.56688748973,-2105.6500239879188,-6485.98191461472,-8096.384894316777,-7345.523411665014,-7678.976390985742,-7283.151070842503,-680.3937691712251,5486.727647257806,5633.524496269955,2184.7246054591224,-1066.303522064476,-1192.8275298066662
6673.724967090345,706.2507487478725,-894.869788670068,-3417.8265464663837,-3834.7810702173474,-3931.958635132408,-5374.138340889627,-2572.5557953780094,3134.491732756249,4354.031128397753,1969.9483308237957,-735.8038649761994,-1047.984725220147
6787.131048362668,3539.1749150052515,1988.4504341107113,-1946.4382981163365,-3076.3060601399,-2307.8573949350093,-3633.907925901817,-3104.7919816262015,1941.8912450109246,3915.4541397665953,2212.568196767645,-357.7958882017602,-954.6345318228227
8108.137845865847,4814.220723623886,2841.321744870371,-2120.7035420846796,-3677.1869444930053,-1948.2278805657897,-2325.5939341449816,-3174.582156449971,1262.1333404664715,3920.2892755195508,2728.321121833739,125.27158331690922,-851.9369090342716
9456.767720510816,4711.791864844204,2552.453570994903,-2983.736118724588,-4933.872269240489,-2363.283932055495,-1204.1998357150608,-3015.7392969357916,473.3941002483591,3830.3901196370725,3167.3547470446238,592.3388620299497,-725.4015419206319
9660.639859201543,4095.422261814994,2170.229571506042,-3609.266977500483,-6209.932956153137,-3376.611576760491,-390.1238740655547,-2436.2916189627276,-512.6374963200881,3319.0976516855403,3291.7883520009796,922.7197290190984,-587.6994789539166
8257.653368524732,3970.685069513982,2670.4962510383293,-3216.697810554415,-6812.664973403189,-4516.882067437626,-113.56839735827239,-1429.2387224494785,-1362.3649792334786,2406.0275244194977,3067.4073856513623,1094.6478508578057,-446.05083323627025
5721.577696440688,4315.461693781902,4033.74744046914,-1878.145127508109,-6639.114712803561,-5336.0937327697975,-284.48936013489276,-251.58580870232007,-1732.4447969293437,1372.2739618698388,2631.31180200964,1173.6609390708836,-294.5643544519517
3155.233660475525,4570.861669805594,5578.5726289222575,-245.24706169861733,-6156.750442028044,-5853.391723220166,-671.059749804281,834.3754413538703,-1540.498283902029,538.0329702658963,2191.01364752026,1250.9283344719172,-126.10263491853868
1484.4425007589352,4749.011170208112,6895.5277907013315,1206.7158287125171,-5790.437988742031,-6352.9261075310515,-1200.7226187766714,1677.7691082258916,-962.3376462411579,43.24549330421445,1888.9102631930828,1377.1035382995933,54.019629350178064
670.8157901061517,5361.742187071863,8128.870939426867,2499.090306277717,-5558.028572345065,-6952.235861824771,-1894.0939878829408,2220.9838548118496,-261.0051403204956,-226.27464067133042,1695.4749768007541,1519.9031702705327,223.94874140792467
-272.850398328299,6497.387714893802,9589.236895634373,3970.651620511183,-5188.296647017235,-7514.528662282747,-2666.744235408698,2527.428731633275,429.2492394048787,-496.46131620346006,1419.4615579751137,1572.3803930546364,354.453550801495
-2257.776724920148,7368.221684022801,11270.301486602186,5893.75704153692,-4455.304218596589,-7902.23399973025,-3379.093777759131,2768.349076849824,1229.6167319644749,-826.8109395941118,873.2116233641132,1424.1572494123882,427.47349530922656
-5017.665123615746,7110.923928629072,12814.083660972952,8196.891900250323,-3410.443508427868,-8206.09366734341,-4067.58415427746,3023.79193760466,2390.480777703354,-947.8513200014073,91.4668043273868,1060.6829517291121,451.56988964483514
-7266.685798202736,6124.126205210331,14056.5036448434,10578.956172115802,-2301.3857309035525,-8668.617823290466,-4986.863423308839,3084.8255849348675,3944.592630864917,-451.11035872181145,-618.6216921581639,602.1717561716337,457.2131032544841
-8153.80906765823,6023.771566503038,15494.332213375435,12965.89754721764,-1222.1213107151048,-9376.634070574219,-6336.369720721708,2595.764641625628,5528.169942818613,790.8264466255747,-920.1097674718209,209.54762804320808,465.46065220745663
-8245.805095271236,7528.414824906249,17772.51887680227,15734.121297923115,122.95564521377057,-10099.84744575751,-8020.477564280139,1439.7862870175372,6694.573324684293,2485.9768611362188,-757.5007772880888,-82.03843641909475,452.4866896262082
-8614.121584473845,8922.72076323052,20573.174547575993,19230.197020488296,2157.851429050153,-10534.779172419056,-9818.77877645635,-187.58381942323064,7361.452987260086,4332.128048299112,-309.216882583331,-397.4631973399222,355.7200264034285
-9263.774980111526,8219.646577837373,22738.197186712834,23150.561949065173,4893.841149404746,-10688.294491973684,-11761.948248555162,-2200.1084190384668,7673.667049216199,6410.881836566024,444.5765569591151,-800.5548524298963,142.4753243168119
-9304.227674197813,6472.471213359431,24005.106885927245,26861.19262201024,7885.373892626378,-10827.96225554728,-14103.965261807018,-4891.554731193281,7381.439952448407,8832.107172362754,1909.4772072636288,-1035.1627944062084,-113.41368547917625
-8639.533208169325,5797.555720533103,25309.948905654568,30245.43396396726,10914.777469243201,-10907.205656437656,-16778.159663826424,-8494.176713580151,5750.934975300271,11009.129477319342,4352.504500053096,-621.1497521008988,-242.94130040410084
-8522.301660362024,4132.845275334957,25967.83964388127,33211.720574434905,14357.58643839012,-10182.694257757408,-19022.729487306136,-12542.501566880544,2371.6664500569336,11739.600599368021,7245.0332822452965,682.2896694935266,-100.05509677981922
-10144.860341082624,-2356.652838220153,22632.33357464141,34134.65777133202,18289.85820625835,-7719.430666974756,-19756.748609163118,-15957.18969323932,-2166.1397264198986,10221.246107997325,9420.14414139122,2553.171111941826,321.6661676943452
-13359.538673418168,-10868.372285176929,14005.62097838604,30470.377920021252,21421.031111863358,-3409.2387502963784,-18366.96284553595,-17798.329551288713,-6618.062970680381,6770.629165328281,9937.775479836217,4300.536606907327,887.1157371999813
-16992.025800278134,-13612.120557242934,4558.359474245277,22030.400043559144,21760.300342255738,1643.3492799025444,-15113.355561417413,-17823.762636494463,-9953.761464165731,2495.1758555922283,8675.110783886712,5325.628827166069,1413.581644097399
-19886.3012469843,-8870.512716593688,94.94712715786633,12343.164461694754,18607.90038199093,5857.648495547311,-10876.614514168627,-16421.045881509403,-11808.880872478978,-1485.6684879831341,6202.536887708617,5400.159456305986,1759.9646796507589
-21510.029535925834,-3043.3109034234144,1283.416596751831,5662.107510926557,13409.66758307162,8270.643827955148,-6609.836456783017,-14227.457539340996,-12377.735687543294,-4512.432840218623,3330.4459234730543,4664.2650222386155,1866.229236298912
-21974.690322764556,-1779.35327949821,4118.722916746689,3444.5242604328114,8515.727977301769,8969.896865231203,-2929.2191977279363,-11815.121916711922,-12118.26064629306,-6453.100168744195,721.9814003637395,3474.4271443096095,1756.3568755159276
-21761.161340028215,-4871.633889926372,4935.872263075656,4193.827568794663,5468.534318093271,8702.682648009511,-7.187027032133358,-9534.916479858925,-11496.018937467261,-7544.945534867651,-1305.9160819143658,2201.0624411620493,1510.501378338448
-21396.394556562085,-9192.841420923194,2930.131010471221,5613.25177869036,4465.73361150498,8252.830932144476,2299.6827146661076,-7493.6769088507635,-10826.19734253792,-8152.910127236015,-2766.0047980161935,1073.5287317798868,1216.0009130794276
-21259.55134211784,-12523.008490182665,-875.3005242959024,6181.825783436485,4882.996216711743,8112.268719960244,4255.2988143491475,-5623.292719505889,-10234.231419664475,-8577.5153232378,-3840.702526798979,149.9531162331699,929.3651008972258
-21559.81403708412,-14343.807489287492,-5252.795635585179,5337.767008311848,5902.71104299684,8480.556232648212,6118.544913554176,-3774.1926790438533,-9702.562771920906,-8984.557260937012,-4724.729845838764,-617.5589366203652,668.8847086701251
-22401.746427903232,-15012.29484399417,-9434.425444757435,3083.1296274002793,6793.03035725196,9356.518199517957,8109.791937614263,-1774.6299960942385,-9136.011738635032,-9424.607518668965,-5551.47561710343,-1306.5135526856905,427.5407158900076
-23848.983118487362,-14986.804905462892,-13091.821335742587,-346.560916819861,6956.506959947274,10574.33336169861,10407.227654711553,553.417751551347,-8402.857372605416,-9876.015343378354,-6386.778610228943,-1980.8736204581223,188.4126353695908
-25950.093465347145,-14476.627476914928,-16118.870794467866,-4645.146229745168,5931.111660960136,11798.932482133703,13119.184973090843,3394.290012594838,-7347.95536432488,-10274.27759470934,-7245.740158971781,-2677.4117117656892,-65.03351907392636
-28720.252212647712,-13396.344823545609,-18419.164622880187,-9480.805586214594,3393.9270572186465,12535.061562786972,16229.322394785479,6925.972184778648,-5792.517707186656,-10521.888080936242,-8106.452941580395,-3405.135708742745,-343.35375013714446
-32074.119599586942,-11472.08400681253,-19765.60293727538,-14456.847316331638,-828.4851893929348,12166.301403782203,19536.610271527217,11280.224668382412,-3537.625747865993,-10486.409166361182,-8914.725952013958,-4148.082403195697,-648.3845619307283
-35710.55359879958,-8383.636469449866,-19748.006602591206,-19031.31836013504,-6723.378555719679,10026.692039893214,22610.141845454604,16470.578817010966,-388.5906091717526,-9999.553564823535,-9584.105153395327,-4868.960919111538,-972.4677657811098
-38986.73040851503,-3884.728452892715,-17799.87336142056,-22466.917725925257,-14021.00516226515,5529.363278019359,24787.669595857995,22296.00247058834,3786.4819218984085,-8870.914084305261,-9998.059652310238,-5513.625339265438,-1299.2703118774525
-40875.78487386549,2140.8594038812566,-13290.485803505155,-23900.73595900494,-22135.111992778486,-1628.4414700508055,25264.147242958046,28255.653592528754,8967.27761583912,-6923.397497015146,-10018.173823459949,-6015.617037223418,-1605.7557851162417
-40113.440392686345,9782.016861254368,-5684.254468268762,-22599.76650381408,-30188.430387008608,-11222.86309696674,23295.469544691365,33530.39566221608,14885.754145593382,-4048.458261593542,-9499.357294810354,-6300.188926469106,-1865.10518760405
-35583.74422875098,19356.673681293632,5137.636903460185,-18383.48996598803,-37143.77485418242,-22316.96004486957,18483.70739997698,37077.81428866748,20959.352489983583,-277.8897051627145,-8317.408881413185,-6291.019588576319,-2050.9387385362966
-26901.598995400283,31283.692562769866,18243.21900063476,-12035.281931699712,-41986.849789558604,-33247.16182264445,11057.064400195308,37867.78027758097,26301.817841471227,4140.578214342748,-6414.963170541332,-5923.931592996534,-2142.146451268093
-14942.26879085393,44712.06755475853,30963.842233491967,-5304.393056618286,-43882.4345363897,-41902.254324200716,2001.1894729598594,35229.85896160457,29869.387990785595,8708.82210739415,-3851.5056697594637,-5162.362658132682,-2124.5305316138847
-1871.9489242366612,55630.93743739967,39205.70683318076,-141.39341547126355,-42257.20089371356,-46291.06286892391,-7092.547258786836,29169.90601391731,30725.766493639294,12722.561971428577,-833.5373170780781,-4005.766087311749,-1986.5869747632369
9452.28911326272,57817.80762875212,39598.22549342564,2472.91917098626,-36922.988711260936,-45186.76543439081,-14401.071512495058,20523.881908628035,28326.98899156227,15365.847268989957,2259.045376840423,-2509.09103940141,-1718.024563494549
16382.29336402922,48165.73323893659,32227.052181510153,3007.207580590017,-28449.41473411381,-38661.397063706485,-18317.463675522056,10959.246353797438,22822.125794629555,15875.145448164147,4843.874106050625,-843.3247372885468,-1327.0931038856602
17556.054779814036,30952.493824498444,21038.322119324366,2649.111894029433,-18516.446122192352,-28378.20108839597,-18038.656768074594,2686.1789180383007,15352.341693646338,13911.779089314927,6239.92758736793,654.8609454974063,-871.403575808903
13888.371376836072,14663.391696545328,10971.6627819094,2245.8445832336492,-9477.359150473092,-17216.60028724864,-14169.825105725817,-2412.8765094156674,7931.6841697683,10023.523855271153,6037.175306698265,1579.941567341231,-461.7836029727565
8318.521343409646,4714.203053219397,4671.727020991696,1996.4861076410016,-3103.6435358857652,-7984.18395007952,-8629.058576918625,-3843.0660679135353,2535.1472263200103,5621.383570730763,4489.221975747552,1712.2605198316692,-209.50936081524696
3915.7552438026,772.6195946020173,1879.174336813367,1837.5035055106657,321.76445159217707,-2047.2667037758745,-3545.5136047145975,-2676.202535406427,-5.498180147955054,2207.41258940995,2452.4784484467937,1201.2116997358269,-152.91790982351642
2064.4100013404563,-129.6130615061897,1082.9797281237684,1777.5787790063675,1713.2230639677312,934.4452264299626,-82.18935161350574,-585.9550357435285,-228.9756798438039,508.232558130052,835.12539337308,465.22477048298566,-234.8278087366316
2361.8982316867587,-291.1534006295734,1007.7009816440619,1859.7481428375147,2209.950226232473,2152.77775332176,1790.8660681413419,1251.0453367609439,705.9079719651862,308.1621928966603,81.52261934035178,-96.65341202162779,-350.97796193780516
3734.415677721257,-686.6778961083951,933.3964070434395,2003.8440393844394,2499.14564728403,2676.9175900377145,2701.334186162388,2488.0171875638152,1869.6678507139745,940.5661148130425,109.05424630666687,-308.5795564600172,-418.48534709652364
5373.97781694164,-1534.4287986207707,503.52212953761966,2006.1443562921881,2754.011125729188,3060.8149174880823,3248.0193426477267,3291.6800336439687,2865.5430765399706,1824.9803515278697,585.7497068784227,-212.4029601940297,-408.5548345817666
6952.404629943959,-2706.93813203069,-389.17380489511174,1678.9582524629614,2893.7763806490375,3455.199031854033,3768.698672361548,3946.2666509727082,3681.0690926529805,2673.857483711275,1207.372452256579,54.74627288939672,-336.07619868221354
8407.134332041544,-3962.131910728743,-1661.2710714304474,962.8468208432388,2828.36776723285,3857.917919692062,4405.866695545167,4672.928785384018,4452.379941941302,3432.8695182500173,1803.8950024864098,364.57931599858915,-233.32856204484096
9671.564446757431,-5143.692634581706,-3150.725487814272,-66.6647240875046,2571.9305523331077,4290.3095454768945,5245.998159582863,5627.540056651145,5332.466767508216,4155.784215933531,2316.2884066418546,633.7183304319935,-131.62682236526126
10505.126379288738,-6255.8343044273815,-4714.625007186265,-1241.3023284882602,2269.7845521341283,4880.646648613652,6421.57100971814,6957.103961953738,6460.354326492935,4922.231761300476,2738.5163984830556,813.9347413341513,-56.324823836501764
10504.967756916485,-7359.904029472995,-6213.530267640936,-2299.67142869175,2217.441544142044,5905.919503082412,8167.027136231153,8847.30848895087,7971.308429085446,5806.390688471585,3076.6654174061932,871.7300562573665,-29.442700223460164
9506.086468814508,-8364.75308665524,-7372.418012366568,-2804.0728899781066,2913.482821573616,7827.282022618479,10844.078263649992,11541.702742192363,10005.948289427755,6870.552418582278,3333.3008829642818,776.7954872056641,-72.8580850156253
8739.118658375264,-8825.282315585671,-7593.538241535974,-2011.7471182749525,5126.5662658663105,11308.26770310329,14930.767995693835,15323.020769888177,12697.941209966732,8161.301936567391,3508.475244637648,504.4355369803651,-207.36366620940194
12949.235426867934,-7913.602579315949,-5871.974107265236,1178.3999447099884,9884.795636018896,17150.78537404121,20934.83214755936,20436.301130749474,16127.209849329625,9695.245776884703,3607.466059631028,50.06030890137998,-445.2885752560861
32583.36909102807,-4807.9917683802205,-1037.7601121028108,8003.881301827077,18227.683989975943,26037.194264136186,29165.777765389354,26923.304674978426,20226.588353216346,11426.176966535348,3646.216394472064,-550.337583170839,-777.0715272672846
82849.43837408502,384.0673707151192,7500.455418346339,19145.63895705689,30556.57581826391,37972.00772551361,39313.95452277846,34352.39327224807,24640.465230439844,13191.155111005508,3645.608279788634,-1204.4643323273453,-1156.333800613484
174651.89377590638,5727.184244211937,18701.439224202553,33602.10132207061,45599.39710144622,51463.38059803451,49895.88911182229,41500.49042633635,28572.984929875554,14649.574006840761,3609.797604267619,-1766.524232534935,-1492.816889422039
296140.85904268257,8017.517457080506,29324.07996968207,47698.69034652966,59469.44073508388,62849.2330206645,57875.298016181514,46191.51570691077,30738.003473585366,15262.085846136035,3497.300219378012,-2068.1086458519994,-1664.2139149771529
396973.421117591,5594.859960268863,34805.57973796814,55338.1426102856,65873.18871824628,66617.47041693787,59046.50840533562,45639.84629210514,29587.69454754378,14385.40406773539,3211.7215709789234,-1972.5958939122506,-1551.8345227414275
400788.73295213375,976.9164349756591,31550.877620576553,50404.80293396493,58499.309674878634,57515.74504741244,49670.00375442829,37548.523300828434,23928.660468922993,11530.297082115814,2641.0645014156617,-1431.0789408118897,-1090.9478340145247
257934.88693985352,-1054.0611845372707,19135.17705397314,30716.445696003393,35150.460017790036,34014.253965772834,28957.06967413701,21653.41683694166,13738.04724415257,6703.8382132436745,1740.3224747444829,-511.49417990730433,-312.3552370051194
2095.3501979402486,794.6258857839688,828.5567227295543,829.8594720881458,806.7597917648288,767.4575037476329,720.0740868364051,672.536956259218,632.3553791307374,606.2251178254835,599.3781624119827,614.570208487115,650.571858067033
-254368.069694883,2432.3077102091643,-17690.483777206897,-29253.428455710684,-33708.83650793592,-32622.82262312053,-27631.988634770296,-20397.17768199476,-12539.248077395185,-5538.096476247716,-572.9082933282424,1720.5236627968484,1599.6501787308523
-398659.40267514973,-51.28786043809987,-30582.379934480956,-49397.57959243665,-57466.72524712011,-56473.30777613833,-48629.79433090036,-36515.07492169084,-22896.37006614259,-10482.769854877273,-1553.1130034628923,2587.9959508769193,2339.5603609735285
-396213.23216369766,-5051.834089608534,-34273.93603972962,-54778.001228874506,-65264.78705633896,-65954.04402670078,-58327.20881270995,-44863.8873359811,-28750.377094177944,-13476.64310157277,-2217.782456862397,3063.821303407806,2743.0859065268014
-296101.2942846011,-7668.1507620904495,-29030.266441856693,-47407.50306566689,-59141.169785425926,-62456.45182651682,-57399.1760839906,-45618.17738406366,-30056.453474505874,-14464.411393557091,-2581.2036419741044,3095.4708672210563,2783.9726420039615
-174690.95817407066,-5452.363389279659,-18481.547437262372,-33404.12410210729,-45386.12057677694,-51198.57574241816,-49546.32803307027,-41037.85914215598,-27977.281286795504,-13913.805866004735,-2744.05181613123,2734.9850285944704,2527.105918228374
-82653.80792979055,-147.6407119768787,-7286.851176397787,-18949.962156218426,-30356.75275973819,-37734.26150496066,-38998.483948364985,-33921.353098749976,-24068.52830626297,-12475.880700149799,-2812.0559725649673,2110.615943313306,2088.283525667118
-32135.00535678227,5015.465160137119,1254.2266336343482,-7789.892755689804,-18007.39579075693,-25782.78440183259,-28836.673956313352,-26478.968519423874,-19643.752104756793,-10713.475454081658,-2846.0643145924178,1378.8122370531844,1587.4012378303355
-12353.791622682767,8100.455371443987,6084.581669064521,-954.5171695650582,-9646.259146233335,-16873.233599211497,-20578.969242661693,-19964.59018681824,-15526.140718654153,-8990.670636608369,-2858.9990665092405,677.676869595909,1115.2821195107945
-8099.495133451673,8997.548522879537,7796.19553330154,2233.5042601229766,-4881.544453363145,-11015.325674689484,-14551.960400867692,-14827.938033467235,-12089.006360742473,-7485.100763627956,-2838.1436711828483,99.12778709028461,721.8823363223244
-8880.70233215054,8524.132584616658,7561.69863037789,3015.7569302159136,-2671.732640288979,-7528.078440053142,-10450.864572139219,-11034.453396733212,-9407.21225480788,-6247.8581186012025,-2766.80276498975,-315.5642791961626,421.777429510973
-9914.824178111194,7505.900612495532,6387.838931164162,2497.348224305157,-1984.6048514063468,-5606.89283399592,-7767.406516212275,-8340.350309198417,-7401.9752659138285,-5260.445711539815,-2633.589857739646,-563.5960689706142,207.4704487224852
-9952.098861515498,6387.870072298299,4873.464178343668,1423.4870097359342,-2048.3865710907316,-4585.42811434119,-6021.741977682851,-6461.827360759314,-5937.576540245678,-4471.203006222977,-2430.827005405706,-663.0004479960519,62.04654784095269
-9151.434791263406,5261.422328322751,3294.1630217311417,233.29059371700714,-2362.432970838077,-4000.410965511507,-4850.437700131591,-5153.623929283162,-4870.207814433343,-3812.0997685295506,-2149.2445002462196,-639.3447131076374,-33.40671912087509
-7915.491639414016,4065.1362436804834,1790.1236063186955,-810.37757319338,-2629.401933450517,-3573.067293033876,-4017.5093047585206,-4228.213606421436,-4061.2370515652487,-3203.8025345679735,-1777.813001661908,-523.1578713310703,-98.4568828488902
-6486.1415063827435,2796.1611952628336,506.8112557893229,-1536.5991153415573,-2701.6882291833394,-3173.3099119976814,-3389.0164193647693,-3536.77149758437,-3368.431555332932,-2562.380792544011,-1319.1209913125836,-360.7301254976095,-156.1553075211022
-4930.644997434976,1617.1488995481855,-388.0663279367211,-1865.955935632062,-2562.710287151384,-2778.300048955319,-2877.3880957456036,-2921.7563025063405,-2635.657038567591,-1830.2128635666388,-829.4943436613468,-233.84335712759975,-235.5150116289446
-3310.310780716455,781.7671800150081,-805.0260675503473,-1855.7438337591786,-2302.333252566745,-2390.6829067763397,-2340.308927551204,-2160.540999836765,-1723.1060932978585,-1057.4643921216507,-476.408535301906,-269.2976719966796,-366.5773257692033
-1949.537015281121,422.49945373765036,-854.8251845429977,-1700.1765153925046,-2008.072806091013,-1865.230827516942,-1442.5930047080988,-967.1014085699005,-638.0751194756047,-526.8555478807442,-561.915936844566,-603.1551199928942,-562.2175171125891
-1651.6691376176193,299.77175341870657,-917.0883138271555,-1623.7873421717218,-1524.4405149692525,-660.8207324666968,409.55641811862336,828.5523601833796,229.4965231947197,-814.5936462470626,-1417.3874646537736,-1277.0607481891834,-791.8993447644222
-3490.554355670554,-600.041110946979,-1742.1740472060849,-1733.5253128649438,-188.60073675023983,2274.494653319135,3838.853707806355,2884.5902047046106,-44.18999482255161,-2586.7263869550043,-3127.46123389945,-2115.497930124192,-971.0467272361673
-7879.160064319137,-4571.0464309406,-4600.744443093623,-1991.0097464009402,3126.068764347182,8122.057601490885,8873.862386703593,4027.2980824673937,-2619.245098924962,-6064.259028554927,-5251.085553586581,-2718.731036898088,-993.3808757976258
-13449.86980535437,-14503.710224465138,-10941.927886769277,-2346.580857624288,9355.480399272052,17231.886666144677,14354.133985281678,2577.0014715454868,-8046.189051857365,-10529.006056608514,-6880.795180173928,-2665.143100708844,-799.3290869916119
-17140.965485723085,-30687.527310541213,-20968.685107401816,-2800.399598804616,18271.38919071685,28269.07522005866,18153.29399476508,-2554.8385041181377,-15510.055133194795,-14483.520766402962,-7155.88914984094,-1800.3848080254734,-425.0516048538062
-16001.49887839257,-47808.79242329567,-32073.793491716293,-3131.3023586416916,28152.846913696067,38462.20273242455,18354.570589338018,-10890.952942397433,-23046.373766758457,-16514.218418495107,-5816.325309863753,-340.316061784587,19.303366942305388
-9095.472584916377,-57506.08564771207,-39417.43820591498,-2538.4342794143627,36651.81466395767,44950.53255931465,14355.960801040985,-20554.09885018228,-28640.057166356168,-16067.93297185822,-3268.986294545845,1309.9272263027733,422.6497602758154
2229.615547835708,-55457.21416095198,-39086.80996593675,104.60951844575952,42049.1286125436,46062.91445776829,6966.639428331546,-29324.50231238069,-31141.71159009231,-13480.86127863959,-196.94826273577274,2811.1054465044185,726.0680334873294
15328.20823776799,-44629.728865205914,-30928.795346153976,5255.3539855678755,43730.696987091134,41701.02938410472,-2202.4678734794184,-35518.45373202213,-30392.586373757906,-9517.268107292668,2812.6875552741067,3988.5837604291964,919.471426598998
27335.779354053084,-31204.128699207213,-18243.228136519076,11967.015238819702,41865.6062315807,33063.79592929533,-11329.569520099518,-38284.94458990986,-26927.60558490752,-4994.222650437315,5375.540793941241,4783.955130070052,1011.129175781488
36070.9435034439,-19248.162958433535,-5119.261266926152,18318.264664180002,37031.3283385672,22126.685258138008,-18826.376934963795,-37607.74369420956,-21675.908170604453,-616.221023639836,7282.06403560863,5195.028923363945,1010.603990451463
40640.99453230069,-9656.825444239392,5741.491131070189,22560.199888423736,30072.95376098912,11000.540692016033,-23707.78778859822,-34152.696375020416,-15677.553018958803,3119.0638768258127,8471.5291645284,5256.855359490555,930.5298616191405
41418.34741256975,-2010.9921523442272,13383.149737979727,23894.209401683685,22010.05201336317,1357.6626339460524,-25743.226496040494,-28950.411522130376,-9818.608989198703,5964.837148142277,9002.011671565433,5033.71956302855,790.9777768786565
39514.15336276807,4018.8476799194445,17918.68975706086,22488.080098507202,13880.79432893542,-5854.836970874272,-25327.36933067576,-23046.64538983651,-4683.521093791366,7890.623206608266,8999.995805034758,4603.473139821672,617.6094189182588
36194.799254913756,8525.510545092384,19885.32039202828,19070.04399415133,6562.731254064685,-10405.509144292615,-23202.089776017554,-17264.620524946775,-542.7638599434615,9006.4066531571,8613.59685284644,4043.0248244778154,436.3631876234041
32493.559999406174,11623.260489657463,19916.065113763892,14503.703530689252,643.2954767693841,-12592.885286286653,-20171.97483727199,-12108.75754736558,2581.352526590346,9490.643565407512,7984.174144511806,3420.6531463730216,268.7532004704002
29061.12556396831,13555.288624552319,18579.31859228719,9529.014434579267,-3606.1635808043757,-13002.256597314632,-16900.18325349501,-7782.598536330284,4819.580026116022,9534.953880045685,7230.535463962109,2791.215796350588,128.7262940152129
26205.835799403056,14640.085201372945,16287.165593859978,4690.299427118507,-6171.598145633163,-12299.473749438173,-13819.057643866638,-4274.024528251087,6366.234949434977,9308.59670435011,6440.388843749151,2191.247036187705,20.79498867743625
24018.62723513756,15151.887950338987,13268.911127979025,385.33770694284385,-7225.5520564543185,-11101.33508551765,-11131.007997284258,-1451.9314391894684,7420.277588025961,8944.6132312706,5668.014273561563,1634.560777521704,-60.455606059749144
22488.273290575824,15178.623665083123,9623.10049611171,-3054.540899799199,-7090.085333626576,-9903.392028123402,-8853.53875092908,861.3187221770324,8160.6060489384945,8540.666761402543,4934.321401972419,1109.0129697973182,-129.22038956159355
21568.840016921295,14515.97755209723,5456.535908272627,-5325.222340397138,-6225.6418789586805,-9040.657419561236,-6879.453286513806,2849.634364021658,8742.343880209817,8160.996446517572,4222.390531658506,574.2467234016812,-205.46033088996697
21198.489323895064,12712.35775689917,1094.1403375454786,-6193.8920175689145,-5226.033005024012,-8678.799148287655,-5032.2376535623025,4690.27093584098,9297.041146463183,7826.704128734901,3464.0997110149233,-37.287242336853154,-309.20120593676563
21274.154283504875,9413.115878540691,-2706.8285469460975,-5658.126589817715,-4816.335905789967,-8820.31945348792,-3094.4258849527178,6553.947117294018,9919.74105026506,7486.589969206987,2523.5731343553066,-806.5206043778597,-450.2780386863802
21588.28158626981,5120.841401363323,-4733.431732495833,-4268.642506739389,-5806.774047868355,-9271.45820556424,-811.1973307110597,8589.551661372821,10628.239683109337,6974.244148204705,1203.3041424659446,-1784.7755491408757,-613.0041393668243
21763.333203754843,2018.129420753576,-3960.65230463866,-3521.199967702951,-8823.450323867797,-9552.251182418287,2078.045406353173,10865.884915994713,11297.943056473954,5988.192373351712,-682.7448176529733,-2917.543232622164,-743.2306464339063
21272.873879122937,3219.041746993306,-1149.01890487561,-5692.069040068631,-13691.319290577117,-8892.314273954935,5717.770908607501,13279.010658181001,11614.831703022353,4161.308698367713,-3152.19634988589,-3978.912553484188,-755.5201501164314
19633.959607203666,9010.278961258246,97.84132079332215,-12301.80021512875,-18905.94948649635,-6546.97114822535,9943.92399854245,15483.043643013149,11113.991478004877,1252.1457381670996,-5893.5516410785785,-4600.740662832135,-570.9405636569
16730.03001141482,13857.303845397717,-4242.488735248179,-21968.96535541752,-22136.991896505944,-2409.8785219173897,14154.795968216295,16911.481343480376,9336.62736503666,-2613.1769726081484,-8247.943050523436,-4426.880155082534,-166.10096867746063
13086.751394339512,11306.936434955765,-13632.293497346078,-30494.930213606724,-21907.263825663584,2589.5617706090825,17410.839735651585,16930.490264373362,6085.164006024917,-6781.431125259484,-9406.285352798861,-3315.712117868047,398.7600895772238
9855.784974922262,2853.447971353949,-22358.413398474306,-34302.904754192336,-18852.09568770402,6893.873456040758,18834.400362109336,15150.51051909345,1718.1923667614624,-10136.996306268702,-8795.227802756119,-1493.059700439686,982.4840105792939
8215.197408832932,-3774.502665768315,-25853.792371236166,-33471.73569426706,-14928.280284144681,9390.35604312833,18154.050591439893,11805.72352896095,-2739.225017182641,-11569.939925872286,-6531.078761790059,443.84307846027883,1402.063714724823
8324.611173503601,-5556.426610291245,-25257.662554568516,-30506.227709905677,-11455.33612740564,10155.644690438365,15964.610992798303,7827.290639141857,-6042.017971854264,-10754.73159310046,-3549.081953789185,1802.0088856711723,1521.504339909391
8999.295717895888,-6186.047806718252,-23918.273024935115,-27096.149836538832,-8408.008233003666,10099.403055063556,13335.06982631176,4291.825203502204,-7593.040633456992,-8486.259711575718,-1018.966920364018,2253.9746649304443,1346.1544872959237
8978.69003936008,-7864.212615381319,-22643.729306885474,-23396.239406333076,-5426.865533665051,9964.042494959805,11027.948359601367,1667.8445010283162,-7797.855788254443,-5969.1493605227,522.2476960890735,2035.9161333407806,1021.9575941193534
8345.386918747528,-8620.599667761213,-20539.836187689165,-19511.275406947072,-2709.163126839342,9810.32476838921,9116.997749937873,-275.0465344523031,-7393.775082250156,-3798.405098324901,1336.3179780046044,1627.9080766883294,719.4210272074591
7990.13194070422,-7332.358816102337,-17796.572010977186,-16033.25414869461,-681.6181746106038,9380.654689872776,7352.4684886294435,-1833.1842773329215,-6637.461672970614,-1868.2787986890507,1830.3930148128165,1289.21050359894,514.8918410383278
7919.45906621339,-5852.085616287187,-15519.258348201396,-13259.307577619842,664.2826635826378,8667.459247098332,5703.498881238754,-2922.738064271422,-5385.823204758735,-94.94448569778069,2027.4239568105545,958.2156897387728,378.14588766664167
7065.002357952224,-5897.829611062769,-14058.319765382323,-10868.028831215406,1741.3732410351508,7970.1289243596475,4390.280702779257,-3346.3048329220005,-3718.15497849124,1221.0047948400274,1748.3125542411312,509.85308245776616,248.62245656048572
4848.45851466369,-6854.389477106747,-12821.112810486316,-8497.804603204431,2842.8631738822774,7518.585476066384,3510.220653778365,-3217.286598498907,-2079.951109463034,1784.4372975710519,1045.349654770739,-21.513870932383895,104.43866054575855
2110.033039327999,-7156.6194016649715,-11313.487786415706,-6212.680508388463,3881.056334659755,7228.558190920239,2865.2369267305653,-2891.130664004171,-838.2201841158005,1718.3536341314832,254.0663317306275,-474.28977438811444,-30.987818497216182
138.702992122293,-6357.537087361892,-9663.761306195374,-4298.814214551228,4612.915003211268,6858.626092205236,2199.622861540745,-2579.6586492995207,36.00398659983338,1430.2050661458554,-316.6204748805128,-725.9910989558991,-124.31805124391991
-787.4140401762111,-5252.038376882281,-8207.303136541837,-2827.1078940659636,4984.638686664129,6316.271161621428,1475.0485960301457,-2205.2743855996723,792.3118341503127,1191.8182490823497,-629.1528790071507,-788.4823538854466,-163.8626064276985
-1573.2313567709753,-4617.685512391149,-6963.0258839697235,-1536.8859972748296,5216.412550231608,5737.070095382198,831.0025693215548,-1597.1269396310777,1553.5354514166365,946.172516119076,-869.7062860944551,-770.0222187236093,-164.5912055955415
-3210.997397872922,-4411.0786820506,-5647.158528408776,-98.82323210150952,5577.025084667896,5258.642367920457,353.4190107159034,-691.7195970154091,2187.055693309152,467.62761799388943,-1229.8124023763517,-776.1265918430769,-152.83828813719353
-5749.208973013042,-4163.4238398129055,-4126.209078823733,1510.8627472599867,6052.437448662635,4766.891405641427,21.833162232759122,452.4904980181483,2430.1214096262756,-359.6032761374397,-1739.903402425589,-837.8836098459653,-147.7606980174495
-8267.779268662141,-3862.4524433820825,-2795.867457360703,2828.4940706837774,6224.855774183221,3980.204724853725,-94.1237419600825,1683.5160684685552,2106.0332010184143,-1397.2760798349523,-2257.7785176799653,-903.173441627297,-152.10381246162993
-9661.498139772859,-4032.7078044464097,-2315.651697434235,3212.5950573289183,5631.252814955871,2878.3813663362494,233.21204618755988,2738.4567673522065,1296.1878736414728,-2325.3039068519724,-2574.7906074477705,-878.7959055107519,-156.21223169000473
-9448.961324549922,-4664.994414586325,-2695.1411064035915,2592.5897628439416,4374.157198751427,1906.0216077737225,1090.1621474244719,3359.9653593844723,344.8140465814598,-2860.543934862226,-2551.4890320966683,-696.5583306839286,-151.71324842849725
-8084.408552919309,-4752.761069614245,-2967.280447801767,1743.112774106715,3142.423927422012,1528.374800196132,2241.3323229345156,3557.05519680529,-410.07121786588397,-2980.001860159584,-2219.022804985601,-375.17257788395625,-143.50312801008818
-6736.342186882134,-3472.431641532906,-2115.8808683349453,1571.892253250336,2558.4190999070693,1906.756984131536,3562.004121046317,3531.1800675179434,-1050.4928370877124,-3007.4974972702676,-1812.3092065327814,-32.61437125266298,-142.3541440282862
-6589.193251578348,-686.1034736951757,701.2399807960585,2996.4453151477237,3294.1269987615406,3512.9164605761703,5307.843272473171,3064.089450945811,-2196.202072597833,-3481.0351477434174,-1679.8196766015571,211.30922941552197,-132.46189288595065
-7705.499794735961,2096.2322673360563,6179.858175241822,7561.644667765583,6727.089233784047,7217.8286504825355,7247.604312411293,1264.6714096499977,-4501.837088852335,-4802.185329322473,-2007.5758484542635,413.9411938347226,-51.872052035690444
-8265.110271731874,-809.6859155105135,11652.135163315379,15173.24948970572,13182.917809244253,12409.866346085739,7956.584751789377,-2438.0720343540797,-7854.772724248231,-6799.901530465069,-2491.070670637886,840.7417094411153,152.40135402408998
-5845.186521009621,-12246.706334977081,11063.281254868516,21109.656631405935,19295.117481384495,16095.203070699758,6209.4818362258175,-7034.450527224775,-11086.56216776747,-8559.980168208955,-2403.0840000707485,1642.9897534492777,418.0300149936876
-535.7906709455531,-22028.330793833044,4160.934464839779,20452.540775482896,20598.675166037887,15860.610197135158,2882.5868002938328,-10318.537971586224,-12662.773001544954,-8918.33794425737,-1294.2306121777128,2480.174355213664,556.5284648913303
3958.1037190449842,-19382.185700398153,-1112.2272306427417,14967.592541333988,17013.522982446586,12724.51556781689,211.6643133400206,-10826.613331482813,-11866.958757127042,-7451.2693127156435,345.8669358221749,2700.8672946428746,414.5192274128203
3940.490265400897,-9233.464968630096,-96.02212462815665,10323.296664413288,12456.966453276542,9494.186144063648,-687.4856288187566,-9113.01002849888,-9427.108953961753,-5009.769995009444,1443.440500218519,2044.4694909044058,45.989419577753665
270.08288262503703,-2257.8689955168825,4006.396434497368,9093.875421645984,9970.779135226276,7726.496484876438,-563.0786968444268,-7058.674133539323,-6991.093411542412,-3053.0672649257344,1487.3740033043596,1010.5472997447638,-315.411449773699
-2167.7164566205224,-1584.95140968685,7451.046011064995,10498.539042938572,10005.978342186465,7380.587336786175,-647.8028580334629,-6232.038831174804,-5895.712867967898,-2341.402765039024,1089.5610820742395,389.680363794545,-459.31074576238314
244.40791222848316,-5537.648422991676,9162.760493178921,13145.058443244108,11714.101007059351,7835.751158802663,-1461.7870468548142,-6914.319931406055,-6270.631296020938,-2360.919414869312,1244.6330682519788,502.9962878400552,-359.87002085036517
6094.28827679091,-11354.500397462894,8468.532643353097,15214.602326957305,13581.041659924565,8235.282761158904,-2801.550175651563,-8291.065630534325,-7174.67135315895,-2068.8169548784854,2194.310260755837,995.4076832218384,-152.33238106728544
10760.63938224451,-14471.90857454067,5592.567049377371,14901.122607341476,13978.863938031185,7762.289776451095,-4201.420257293531,-9292.816084124644,-7534.031914329315,-1068.5724408221836,3221.5217317554175,1301.5595742120963,13.158459504163318
11132.564246033919,-11688.594275688974,2920.520334550642,12314.066677630932,12462.92977611358,6219.241449179601,-5279.312786556709,-9339.886070592196,-6986.997068118699,62.40356307291111,3481.4201293881897,1182.0967965117438,81.8435895364396
8145.346726585322,-5442.331446546637,2653.562475598272,9497.806245401669,10089.913630313435,4098.5160381259275,-5904.977885512335,-8551.144418034539,-5971.7636597571645,481.93860870298073,2828.9037903353947,825.4653326823749,93.28364732983772
5442.772562583482,-1245.7082760229225,4240.420857572434,8161.151712853586,8197.962327225521,2066.4635490854416,-6170.996420312254,-7452.518488085076,-5183.621640327387,-54.22768676326854,1859.9214555775784,580.6244892563328,117.13457178940158
6126.685934104342,-1639.756587468078,5553.9302875832955,8339.462846284892,7345.292627303588,593.10399552272,-6199.563342585567,-6530.489109192198,-4980.029010524892,-971.683491569299,1328.7492638395497,657.572608308215,197.58357372595697
10389.242694861492,-4793.384431488008,5587.796018100236,9189.87619480768,7376.029698642016,-79.1782983696309,-6006.434786931717,-5971.6624974946635,-5159.18240297502,-1362.5608859262484,1547.3578560345297,1004.4204144708268,331.7000740736223
15658.484809274474,-7790.124215038308,5028.722368489397,10062.351262905997,7860.9161724357855,18.010028918237836,-5588.789475720927,-5698.951709138386,-5164.809227082266,-707.8906793450515,2216.356975716643,1384.4136468039628,478.42857384711675
18778.73319643037,-9137.431841315018,4842.500674547526,10525.616363912874,8244.834394799162,487.42203584326626,-5090.9152400956955,-5545.96599001576,-4502.975377429279,745.0085871771178,2744.7985763596207,1563.0998765967654,589.7099592491327
18218.12553393028,-8423.982638515174,5105.356615817116,10100.28847821973,7999.562744289949,742.1527920457993,-4771.7216447534065,-5360.5608009496145,-3090.6916120888463,2229.66048457497,2737.1626508601157,1463.7391796952656,644.8852167581729
14810.762385927053,-5676.183234503116,5207.709543532938,8669.558567905333,7034.7912113746725,429.26179904345383,-4784.732437764345,-5051.415917829697,-1345.9730593709144,3082.3387089365388,2249.946786726313,1198.835721515554,663.1963417867889
11128.297104048082,-1949.2251992309252,4948.521518125198,6996.711493727146,5836.557277294648,-400.2645344800318,-5111.903379639784,-4735.37462279889,25.21793472311255,3222.5317721831384,1710.8760124591936,995.74747358688,682.7136429308573
10183.63092224567,911.4577106542438,4911.44257412577,6071.278569510574,4806.437863931987,-1734.1341830873994,-5887.65812569301,-4952.507376973568,458.63919051218863,3202.721580642187,1670.9974104786083,1075.6579037389163,716.8208948158244
13766.551943591587,1423.237539729334,4882.246619153309,5854.051853589733,3505.5386168884274,-4231.214471421199,-7821.943105371339,-6585.493118584081,10.77176951919759,3869.5734356060066,2533.705101135143,1508.2088806813322,717.8058989385408
20812.146369262417,-3066.144588964751,3380.305785296696,6252.396747304358,1486.2814138968097,-8848.743463050136,-11884.433951921845,-10077.114238776718,-434.2578375088033,5779.8403860462,4285.958593831419,2082.440415152288,588.5148546692382
27169.393552187787,-14929.835600157003,2618.0613768273047,9776.312270183484,344.0301566146513,-15000.13117352468,-17833.82102661324,-14354.634615304758,315.8560276997487,8646.069101639634,6343.3740472465615,2343.2318082007087,265.4724906398945
28143.85612104589,-25365.82815591108,9559.810738859305,18850.338516891115,2893.2555194608776,-19583.351652429694,-23167.027842977033,-16976.033567899238,2658.607277491415,11320.297542822553,7760.61761003007,1914.6896748602546,-180.8131609130612
22453.622147380127,-19077.81267468763,23278.572237508815,28886.64605197377,8738.19758109708,-19490.592149432847,-24699.81546209957,-16065.455177690443,5670.647091591112,12544.456741784321,7838.1757156800895,888.8267192409658,-553.444201630602
13398.40985619498,-161.0741602009438,30810.302974942333,31178.0944045738,13373.895546420545,-15004.42405156401,-21549.14381308034,-12006.048544689824,7901.598986874132,11863.924653702941,6640.793157838395,-195.42323005041823,-681.7100403434813
5549.3699771338615,11427.011448559766,25057.98895227248,24088.71540381252,13379.799860279501,-9369.611712675156,-15821.346131135373,-6923.190606967836,8562.53451604964,9837.33000961328,4872.738447665486,-843.2169009117936,-562.6844357050978
1011.9883486567563,9337.747936136138,13650.262375983224,14359.77544555404,9869.30509751663,-5463.264779507575,-10467.511029397836,-2867.7065959030547,7881.363401217807,7476.677003947816,3249.9596037774086,-999.0177238387032,-333.04793482898333
-702.7748177863673,2704.545605786889,5927.66377871096,8004.084604719777,5947.949586705238,-3967.8865260550774,-7170.495098077439,-676.1368056281157,6666.7709900031805,5602.756624106198,2058.3936364552264,-938.8215327568673,-130.5673357350214
-699.9794782057883,-2026.0920831245608,3256.9874912367673,5522.054964982675,3031.213690448407,-4260.617374438791,-6067.226773587897,-33.65616981020786,5762.163414515031,4598.713483475951,1223.5624933338424,-925.9577143496796,-11.9901669588495
36.25761344802743,-5184.084077974871,3602.8754928650924,5372.150396350407,676.9404500171687,-5841.692273949948,-6599.312759546616,-93.92984288788054,5697.991118638729,4475.175613515935,589.3811075839207,-1054.1982635182164,23.905685977470114
142.96919861968706,-6586.947416259006,7194.937984016606,7611.896231421822,-1217.995930591451,-8397.80469997533,-8070.719248986097,-10.08045790257384,6545.893688099321,4997.836430728503,43.9763643643976,-1319.2067634517177,-16.747747387503864
-1714.4620228955816,-3117.8754962946637,14477.930303284307,12514.078900989349,-1687.7815439490214,-11054.485675448595,-9590.901569130037,770.3761701316787,7952.181429036537,5777.77510220395,-519.8887138563167,-1693.6765427478736,-132.48700596982712
-5342.735813282473,5643.0520827010605,21933.22085521049,17848.565355801198,-275.95625403937515,-12504.015509386201,-10173.5682449828,2329.9194606148526,9326.871986850672,6369.841531355095,-1187.2180158916472,-2088.1842866716697,-296.5532387058602
-8754.402795098998,13520.285287296572,24067.52731841482,20020.917036560277,1856.879587202714,-12073.89490673317,-9299.320993624142,4285.587665874769,10138.736628639808,6455.863834598194,-1881.5085107830814,-2333.70129171003,-450.89278313751294
-10056.088756429599,14078.185652259244,19534.779267542195,17721.73658359302,2987.688764929151,-10285.283284802397,-7275.346573624239,6061.180862446,10174.411101718915,6028.062295341636,-2358.133256976982,-2311.7013342897794,-550.3638946620786
-9090.785107615577,8148.451493239476,12390.790942363778,12982.001257552081,2418.070552673521,-8265.929113564916,-4923.095194192522,7221.620134259497,9572.785318783623,5341.61575418258,-2452.3701440428426,-2073.377944587236,-597.9794306797086
-6950.315496233004,1492.507518452599,7334.0712674276965,8727.854404717407,701.9039784292696,-6820.467025368139,-2971.5236779706083,7610.911416041349,8622.60484232018,4628.421360295529,-2253.956394897201,-1759.0601534521852,-621.1103820793134
-4683.924816506067,-1902.8571585716395,5791.641869370213,6299.601651002793,-1190.7829652419596,-6056.198753775597,-1733.690400103285,7291.853085732279,7532.256039423072,3898.645459293147,-1957.611651865028,-1439.7173099917372,-628.403056994032
-2972.4884605306397,-2074.981470926689,6259.880340022204,5213.834582604159,-2612.1134724568237,-5682.933199805477,-1196.2769173802494,6436.722337651824,6371.192017915518,3051.445464553625,-1652.4544252537708,-1105.1129743356803,-608.9656420079654
-2512.01413826078,-1065.3528071180779,6785.220840334884,4467.171739990948,-3494.1906899822943,-5508.210441940713,-1234.32119124418,5287.002307839121,5201.091088490091,2089.5904813341745,-1373.0443981497228,-782.3548752175138,-569.531340405844
-4034.86350862194,-371.5583608826244,6759.7805622591195,3615.494126853122,-4178.399915759124,-5549.354774222474,-1650.2428460979495,4202.327193414866,4226.3497483292285,1087.438608560355,-1281.6519578728562,-600.5480802409986,-557.5013821591913
-7792.796406105017,-79.29072372644721,6646.089388970568,2836.618645339884,-4757.021312599957,-5778.0492353879545,-2134.4368238617,3638.875025140321,3706.9758818333794,-51.98415845211858,-1625.9842805375697,-713.6192865591584,-634.5834422945869
-13162.57908360197,551.6067139086606,6840.626607318925,2899.6939593317306,-4707.750710593836,-6216.750372943296,-2478.1071128071253,3865.4342127376804,3635.2565579443135,-1573.6641746891141,-2457.82713391158,-1167.36005354433,-815.2690366298599
-18785.75092924277,2963.5496543698932,8113.3436574915495,4945.581327268904,-4006.159288574737,-7247.386363340298,-2756.802240795882,4702.564963686216,3687.585084141621,-3411.5712960864,-3508.0816168005776,-1841.776554445342,-1024.5831642882283
-22892.966634134904,7664.98984657831,11327.172263437931,8566.958784899593,-3811.1574325818515,-8955.029504315877,-2873.430111177048,5843.943592658856,3742.0859775319773,-4962.62573296778,-4423.252338176742,-2494.5053715800564,-1124.425772617471
-23509.237261678172,11775.455957011918,15276.70810152783,11471.83458598228,-4667.960029947181,-10464.908672347045,-2194.547371487383,7339.710169318422,4163.892613560472,-5605.2578767346395,-5009.266957666327,-2834.9396466618564,-1002.7557720813063
-19095.132039073713,12438.045825630606,18037.640594769724,12388.545556315732,-5871.934206298167,-10932.102465971564,-305.40553090777814,9230.298130387195,5190.875847594511,-5251.115106490448,-5140.8538973980485,-2607.9709447074915,-665.1606957718282
-10093.284344659123,9562.871945097293,18572.657604357955,11366.568018102062,-6717.2893979956025,-10118.509155539869,2384.181723419932,10931.218383160609,6411.226031518733,-4157.912611065339,-4605.1070180571105,-1743.641041921698,-258.837851573971
18.99995599791921,5471.9570458855,16683.06766472179,9285.531792942114,-6283.920712223667,-7809.499067210572,5250.129428516588,11712.227881102353,7268.969976025207,-2547.3258362948654,-3291.863972541262,-512.3242565633242,10.0221663458085
6525.569270752343,3535.950721454516,14268.883117195895,7900.178197134412,-4435.825569292189,-4566.299280900649,7756.8787404175055,11529.121466044393,7652.079390796398,-738.6457296475505,-1534.3509871139431,556.6514800546757,28.608309500184873
7348.605266806861,3193.265905327568,12086.511736490234,6938.451539956894,-2896.539816707094,-2089.2014693105393,9078.1991854927,10783.483562395413,7619.483767424312,634.392943184528,-51.84503694386194,1054.4900273422818,-131.47385551738847
4599.253678586714,3166.1857618630634,9066.407769099707,5192.048338037277,-2391.5805061344367,-1165.7436121399362,8606.77071223514,9636.96252389169,6975.736964637847,945.1420252914904,562.3214940877274,997.7906890104967,-288.1454636228945
1822.8528930317773,4510.305064435164,6618.5941407843075,4034.111589545358,-1636.436019257616,-872.0504943138678,6866.256381616497,8069.056614707685,5489.69345794902,123.70873834793127,270.0602673075091,709.3388166726676,-314.27441444038027
516.3695229159697,6257.625702533001,6545.2532102778,4774.879255581424,-509.07285572740363,-556.3749389231376,5028.196136866295,6266.9547237102515,3320.5892818479147,-1258.298897232058,-487.2612128464553,455.2014839469358,-222.8925012469458
-137.89396257775812,6979.401223123784,7969.343283261615,5833.523872928502,-680.0877811135063,-821.7103664957702,3652.6631593056654,4537.893214136462,985.3448048339924,-2470.9241024922344,-1220.1611446774934,272.29536246014925,-108.27853281466065
-927.7671595794199,6711.928703855028,9037.713691789944,5049.416531542016,-2844.0259022560513,-2149.592448306348,2558.0836663379223,3063.699219810669,-997.4086775290341,-3152.0896499347377,-1710.5596852965346,108.45986793387817,-32.49664572415787
-1172.503692710303,5055.558944848746,8576.480653367915,2362.5710020029173,-5712.920302630753,-3933.3940023284335,1655.215398180781,1971.8191973282246,-2339.9713059715955,-3387.5918619492104,-1957.2294584339502,4.0549918825691975,19.100901708723143
135.15280031282353,2086.565834824367,6675.798031568268,-628.4514468258529,-7752.920081370029,-5229.747506392672,1190.985361524442,1387.880026451538,-3011.8093167993857,-3393.5219292127276,-1955.8192888592148,45.05548443101031,84.79822491838442
2633.254082050409,-1084.163500612535,4164.569514304836,-2727.9658980627346,-8476.042368950277,-5646.748618615013,1240.624015655913,1246.3347441662079,-3164.6318688839287,-3240.0627980031913,-1678.8830099302072,191.76450454230962,163.2584639423136
4746.29274787725,-3441.49622346558,1692.808090011541,-3702.0578169910705,-8005.5665924684545,-5267.03175492272,1526.9965944911091,1269.8625486536089,-2997.0874815042325,-2882.0718946934085,-1222.282025013298,283.0269373202809,221.3679941306676
5159.752606188163,-4225.011852824261,3.8319542320130893,-3535.2942894349612,-6627.454817404059,-4297.023304564351,1802.2215663527315,1254.7334550567828,-2640.510442981252,-2331.72186618007,-790.4597999666448,216.06301442413076,243.02803038348875
3764.62027630214,-3548.7917936925764,-339.26510091137555,-2512.438347064317,-4959.5703280834805,-3046.451104489285,2067.1819519627516,1238.5349067155996,-2164.8746513693336,-1711.3070003418184,-498.9489310432783,41.855583487084346,248.1872389370219
1519.609439996828,-2302.2546591015725,345.15628394997293,-1321.4525483778555,-3659.6793487085565,-1894.0641963228456,2383.076335956838,1354.833530697594,-1657.5855695189673,-1165.570704276203,-270.12281182790935,-104.457205824531,275.4817537067158
-298.94909261399545,-708.9048807045026,1541.5024598398586,-291.53805448869576,-2821.39704224103,-1062.8490242649116,2709.491707974247,1651.5860284669457,-1240.6668522273883,-757.8976271345408,70.99484911304779,-112.85525098053841,358.12925819353705
-868.21260934254,1606.6088972024236,3133.5349601565968,776.3373323510386,-2144.0009184451733,-559.2878913372697,3013.73164905272,2089.5435293700334,-993.0263668170135,-436.35207500788863,607.9244843455535,36.33773705946351,502.3001439224056
-110.89764660564319,4303.562549103946,4753.785272911797,1761.468573162284,-1679.3950378659517,-293.3143468587603,3406.776535142407,2592.4848068581177,-892.7537718630322,-123.27818098114935,1197.109980810468,269.25162709706626,672.8918907066991
1546.6789912054717,6025.9696005456035,5691.554721713198,2006.7072352526573,-1840.3000451652856,-58.22489009715245,3942.268004574831,2969.2588630091936,-898.4399148562476,116.72662185658244,1547.7484464903612,481.39667171103,806.0860478850875
3554.590211446047,5899.41203553602,5853.482006212923,1309.8393177552798,-2527.239917075287,311.10203239736563,4290.436461622018,2907.8137380718485,-1054.2762551130625,91.14350642649063,1518.4967181821498,618.7879975125054,854.456899028538
5469.551533130451,4467.968371360048,5397.454981112213,127.41286781540929,-3171.132405568425,592.8581883676569,4121.837084473905,2368.673418245185,-1342.0912810641817,-190.47044016754876,1290.7552756518191,699.3694589613017,828.6125641207921
6989.100552935585,2600.8882578941502,4477.029797628831,-936.8789297267674,-3438.8678902270926,838.2269052278865,3804.0138968282245,1893.0285127677598,-1431.2048034781387,-339.3418856277548,1134.4748105765784,760.383782705281,784.7529742699535
7787.81886501051,2392.3677566626843,4538.914778211012,-509.01075543486076,-2572.7882907208486,1816.3366091623932,3750.574348940053,1990.9550151325523,-918.6189551125394,-30.4913508863861,1063.126724953494,797.8588098838808,764.7179704258551
7457.817710892082,4406.967128316449,5383.657350204622,1882.1742852510351,-40.307040554427005,3247.6294099671095,3402.87211031828,2344.641923005438,80.45064800220581,500.1238055062994,870.0630766335288,768.5587269966883,762.330833750998
5925.115918882394,4347.409717997489,4194.488362512916,3623.5019155117634,2423.728217559684,3496.9734665394653,2138.0948305755437,2235.9227599982755,955.3294349603548,721.2128922171735,448.5385559772867,652.0993423248738,753.2420454320804
3818.187136343028,1441.0301132469287,1439.61428545801,2845.364182522438,2833.4685420565374,2173.8334625409434,424.0221007978164,1509.6188091596744,1270.1335153640996,425.25402807890134,-81.2375344930266,494.1000735198538,732.0548459657739
2027.691878133657,-397.03733477028857,-19.273765309284997,1086.1571788997746,1717.8218659315949,578.3453778911364,-866.034150198019,603.6237881035739,1097.2342573111423,-159.98039459438252,-524.8080003523455,373.5957407973782,707.2040613109206
970.2824560608304,-367.64084901642696,105.25126789314038,113.48117160394295,643.364679828333,-302.23213651210807,-1439.4173715457553,-45.120613019244104,768.4964641663639,-688.1891028557716,-772.3740938925198,343.1617384885139,681.7138256427021
484.7433189801529,-24.292348755172767,538.2225517245644,-80.71383762796788,115.63153451989331,-549.0635572935589,-1518.8450378130533,-304.8920978632089,562.095069643591,-946.1778368967604,-829.2848654941897,411.2445308829776,653.0801296598605
254.28948542817906,210.69374590095964,838.0306441069764,-51.98773466835382,-175.88175930152565,-493.9566270438909,-1303.7547180850488,-265.530359073459,564.3681814698605,-923.2920708866709,-770.3734030298069,555.5168608913441,619.8607492595102
187.80769875893571,402.46700204718434,1082.9495762882743,30.123155425779544,-371.6139603565297,-114.06341913767847,-760.4068358079068,-51.56380921423204,678.4394493177604,-745.8467910726102,-666.2519421200406,730.7643301315225,578.8396230481417
513.5176279665701,691.8374992441018,1434.822657849407,79.93711201204083,-416.73485241600434,642.6343176826804,118.0627832830257,222.9603545184113,725.7293846088285,-525.4718195985739,-518.1175981996214,876.2571706872513,519.9782014306342
1498.6195259319145,1534.4508878373817,2175.120652460874,-124.30025071291035,-532.270808270942,1492.681284957841,1113.3418126813372,363.3945888660071,549.4865833001645,-252.93492092935574,-258.98950635748696,936.6366285173874,430.4964830077264
2882.8330593653614,2758.524734946995,3202.456494660528,-932.4094004934591,-1202.7514759014346,2156.9835457789845,1994.365945006982,131.4361944518463,95.73675352572903,158.26323506650783,163.06221090944024,884.2493754870239,305.50411118596764
3624.584006236695,3990.7112877811055,4371.196519837433,-2440.800172633299,-2506.267639798454,2802.8303887174643,2733.338455350457,-524.9252935774846,-525.2413867149171,720.2363481745645,683.4055780223156,722.6555112449025,154.00420470328586
2677.6199170481786,5814.221526799682,5979.073388204816,-3833.2500254276965,-3635.164598756799,3677.5018104334526,3309.661610259332,-1355.3830547074085,-1085.7010460914871,1258.5873063046886,1096.5331667993448,484.807750406037,-1.7948557948881643
283.25938959925935,7814.533198232299,7462.775861114949,-4075.712210612307,-3725.0331439317897,4415.6681376627475,3472.709721888445,-1999.8827406473497,-1412.5627069986783,1481.0856246797878,1175.6752213153868,251.27365446952854,-130.6321072896699
-1971.0786458059838,7839.062280300405,7280.430483372674,-3333.637308773973,-2964.372788164122,4340.174334924665,2990.1614665165584,-2257.7415771701276,-1498.2925257291238,1215.3239098352806,881.9477305230581,136.47276499592533,-208.28093039749785
-2719.8432986402754,5560.595654722303,5295.039939246942,-2488.2105151469545,-2126.6476847650115,3407.288761565868,2035.2949739398487,-2139.4350426911496,-1425.580423438687,590.0364329835461,435.00349139657953,188.95287115536615,-242.5446720667888
-2059.30618327902,3005.250978692061,3060.683909489067,-1839.1738956346012,-1524.6116443418796,2244.9961254322693,1085.0241730023492,-1747.1920905546374,-1254.7169942871544,-60.58841776194106,104.65867761794405,322.49328762335546,-272.9687792014207
-1087.1100061891375,1446.6168641462584,1636.1014650123102,-1265.2128178336097,-1040.9071760905215,1397.6315474230594,519.3576921745803,-1214.8393185986806,-1032.3333910062934,-478.40680688820555,-32.66671985251517,403.6704967769658,-334.23412545437776
-709.5907646066546,645.9440222851393,868.4873806564799,-770.3454963882308,-586.0976771091346,1003.2768484090011,414.9299431528849,-721.4347353853314,-828.3542024095489,-629.3417035979633,-67.58532931407052,379.58125852212606,-426.65511363368137
-1071.2433824248328,157.6622756190076,430.9717533330614,-407.7161521108151,-206.4550040150724,963.3696026807124,583.4299775100671,-413.4582197005094,-683.3553303364646,-602.7281853644029,-75.75414429277038,283.15257114845144,-525.4683561727815
-1746.5484854484187,23.248090114995023,361.7161289465519,-250.7281929018223,-19.058030106075066,1095.3087039721486,772.2197906131775,-298.10318307938485,-566.910978313743,-471.42975600103637,-61.639252070022565,161.40862598186993,-607.0347994711663
-2197.8054895141,364.71639180763424,649.9772353274469,-384.7247344458432,-57.1677034095778,1261.9280586703471,864.2591731961455,-294.79749099934014,-438.822385095369,-279.11460857362863,-20.11654643363488,41.360084452384854,-661.0295096172117
-2094.2901959975493,1010.1708929143289,1063.2277218684103,-775.4931504850548,-216.11059405302174,1408.9178521946899,860.8716858199698,-333.7673857999144,-301.6677620931398,-74.30656599080936,42.28332726201603,-57.55490772669464,-685.4917385040092
-1397.192077336805,1607.4519245347142,1320.5330546081714,-1237.8920663073563,-361.02225489092115,1466.7355886343266,796.2447147541208,-347.2238295818175,-168.43867349384385,104.49762405969608,130.04739616097072,-113.38102469278539,-680.6901357255593
-463.94996864648016,1858.4461329593473,1289.6967765861416,-1526.9983162858312,-432.89868398999295,1364.3203722457547,695.3278894827234,-315.69453095391526,-64.9131571030918,235.94867499645483,229.0378146855714,-125.57432947559155,-655.5471477095643
-113.48951861652283,1469.8869893742694,777.0640256432512,-1791.7437510209143,-710.6616195189608,964.5073989101063,401.179699099651,-390.1801032871058,-111.61681375440997,258.5646620014244,245.89067421616102,-151.70835351487904,-634.3800701924254
-999.2407739275307,96.99983642745111,-462.0308989516265,-2126.3386359669903,-1462.1996910940222,30.84872634261646,-271.7265899592108,-685.4951760707377,-444.4536325203951,71.99797590733786,75.45430098175814,-273.3648408844328,-638.06929281726
-2629.670373091447,-692.848627585616,-1107.4868599987028,-1733.2227410855198,-1922.7016172582003,-1041.7709085337724,-866.2282762057681,-906.2343365264198,-902.5480653643274,-275.39080455510975,-204.2364488642561,-478.56662660834866,-656.1650010749452
-3634.611779762421,362.2200669993149,-151.80622715536344,-717.8727537764926,-1314.4317993196219,-1206.5760762741,-644.0569483167014,-656.1025538756693,-1010.4981419834705,-464.46479997176937,-317.10340044410714,-624.1687349041586,-655.6120935532737
-3239.6693866618184,1067.4699007766726,658.2198659561982,-258.35542640333637,-414.8706737844368,-427.55016290711933,172.41281641202437,-57.8747106591625,-516.9550960810678,-193.44773309551965,-81.4467557704977,-582.456252494771,-618.0874420937
-1905.5682706940895,658.0329082944485,509.1226155553147,-234.76145740861014,-132.75159590736524,193.89219385646257,747.8835100397976,456.87689944312416,259.3938913687841,436.61009472462285,376.3814396386429,-392.5186050149597,-555.0088078176312
-506.4561598351123,411.0960857786201,284.0117543676359,-92.81964513304794,-304.4937409398895,138.83329923180193,833.175305064718,703.628625523054,801.0868344522175,1019.0291812738667,783.5234915067333,-212.9832002857388,-488.4515742577671
504.6016835829623,425.2345796519836,165.97388515383878,-25.466938232802335,-567.9961840154056,-233.22180625733122,649.786453103329,700.3233013040656,877.2040886011657,1260.556155780491,988.5494870773675,-157.7144382321939,-427.90605183314324
1037.3383169416331,275.3840224898106,8.394827554379646,-137.60260310591548,-807.7818399717628,-553.0962574822776,284.9827957225345,418.93396945026365,571.8712622734406,1152.87182694852,1001.1956684571524,-220.91429560572865,-365.16244606754583
960.9244110640973,12.424777113536194,-77.6831042116574,-322.78600328340815,-976.2060354812339,-727.325809939285,-289.90808835374946,-167.18281706663714,73.43491060895963,826.4834163087303,870.1194954867999,-334.25116889203724,-286.615280848231
126.65744780509702,-14.818110168623008,-67.12812748992948,-681.1713763639799,-1106.3295249401633,-787.2500897860026,-1035.9880796147072,-976.0286838413523,-448.064642719196,394.5054011396338,611.6488853907563,-445.1551224730872,-187.05688601553865
-1179.9361312372105,354.54184949914384,-173.5398551955688,-1429.947330212738,-1306.9529309753714,-801.1340017656325,-1854.6048570449348,-1844.5079007174959,-864.3115530800718,-68.27995370198482,236.61893876386412,-525.931162411292,-69.41077404625895
-2080.8975173806084,674.3814564013718,-747.1237568878507,-2603.4388218053055,-1636.5901450184585,-838.3125433955198,-2604.738515754414,-2586.295455738061,-1088.5712156890206,-478.55013604307925,-191.79065009194926,-536.889241289571,63.79345083605756
-1717.4101359592373,191.15359315564118,-1886.140713825916,-3832.936712347405,-1978.938819884173,-907.6421413446304,-3094.64105693619,-3034.163239840086,-1076.17102874517,-729.8932587629536,-541.7731561914643,-434.8880013966291,208.51365519866252
-3.132062848985745,-1069.1564403877253,-3027.202260682135,-4494.770133369403,-2083.3548176934655,-937.9513383919976,-3191.874825488075,-3112.1486831112043,-840.9595361829306,-756.9766404050749,-692.7014437681164,-238.21987890196687,350.7319786761192
2394.59361291487,-2094.797163890693,-3416.145178940555,-4307.038589651096,-1850.5817097917475,-882.6578539846743,-2976.0973026488546,-2901.1182497440664,-487.1107397801253,-629.8306666297278,-663.236806892442,-36.31273843042334,471.91964643079154
4638.305489464952,-2125.7958114435664,-2936.7958715283335,-3562.0653734088523,-1477.5543827219853,-821.459931279897,-2685.414492109683,-2620.4000404449935,-204.71000560139578,-552.7438510060716,-622.5715310092278,91.80850625885489,561.593075342719
6009.387973384652,-1118.3056323007359,-1868.5427237605384,-2585.218983240223,-1161.196471678383,-871.3973404854983,-2483.973741937956,-2499.1734855586196,-172.8415719772286,-709.0757319184764,-730.6863148425784,126.92129215229363,614.0132634649799
5863.635044072911,634.127097748153,-445.64382547879563,-1485.0277550384335,-878.211298919066,-994.1011498866161,-2345.4602876692798,-2577.632566249573,-418.0293443358506,-1075.3264633086353,-983.7430612774812,72.44449050832156,620.74964151463
3953.0075921268017,2165.443516318823,743.7140182274896,-581.8062400228838,-559.3331124731271,-962.4666773955306,-2144.5720504554215,-2622.42460113898,-760.7289870973077,-1400.5662907047395,-1224.5186961670713,-64.55196764077311,587.0777694919514
1120.2326881649603,2415.979765502444,1060.5399233688597,-280.99094995558755,-144.5659704290731,-550.5787023268795,-1806.7042842121296,-2329.1626393882552,-908.5487894867413,-1408.7138519044588,-1277.3391844318737,-224.15012161851826,553.48052226525
-837.310978090969,1778.637954003098,766.6435237825542,-479.31099168226854,507.35021009026957,256.35625586205873,-1426.4155172166331,-1624.2304197435672,-632.3353865429681,-1069.6539279618291,-1085.3491768645508,-276.6852553769805,570.7376059902826
-841.1199594494548,1575.5015867638294,546.4465106032509,-868.2871228477518,1518.5637464266622,1282.3900071755343,-1264.1279531002301,-689.976695189295,86.21811567544266,-675.4484716787485,-758.4396952394924,-121.3015220206722,635.3634252612442
15.253718763040652,2841.041549130552,854.942931579753,-1253.4445916180116,3049.9131060780196,2445.2673915344503,-1450.0831450625697,303.34855310070014,1036.9611473425964,-585.8171956585792,-485.2964622823411,188.03355836199563,674.0086515395914
-354.51209149836865,5974.682720635521,2481.4626510507737,-817.0342553978198,5230.382840088485,3849.322372368277,-1630.0312683089155,1350.0287643606828,1918.9613178018674,-858.774821702458,-368.92236786266056,462.46380591592595,622.5749576574369
-2363.1610230432616,8853.111462428633,5363.93551617251,1249.8548393671992,7373.5370645184685,5335.823436854507,-1218.2115393306876,2416.990515535183,2528.097356425507,-1182.849701359818,-350.144680538432,555.2832052447195,504.2103186945972
-4295.479415910626,8300.953056030932,7252.097021293513,3812.180513454198,8130.104076242639,6293.920225608732,-117.72691977679392,3287.8803190578183,2852.4724861058917,-1201.505585569521,-296.55275282782776,492.73571361207786,398.1235808377271
-4475.2372483113895,5444.070202267549,6698.236987931846,4934.720307165476,7178.117583637786,6343.056472139804,1183.7211109678997,3777.3390908557644,3031.753915640649,-821.8303398584783,-124.95174171964209,417.3028823544154,349.95970675607583
-2800.326524429153,3950.7339471348682,5027.940523466707,4369.953374530319,5548.307385502179,5718.416193853895,2194.6480448604,3900.9415312343526,3208.4460026368993,-177.1778568557492,174.28750566003282,444.8313456551466,345.3523241562179
-191.0103277802476,4913.226401106249,4022.989252872008,3184.357236861308,4311.03356083509,4808.390431151839,2662.639870471055,3706.193581772213,3372.6756521559482,562.845812519136,550.1777355688071,591.3505256081584,353.9202756520574
2442.5217527902105,6540.954831473362,4045.576973632048,2370.545865492089,3880.891979348077,3898.7327629110805,2516.1421764393626,3227.2765116421933,3385.213466912047,1240.7919419165496,877.6038015518251,789.9724643643842,362.5099093157304
4493.685316448296,6748.256615078231,4083.4282539040687,2067.6906806393754,3928.3952867405515,3187.2060975656977,1960.1266555969485,2645.5664491423126,3170.3496643977674,1690.1188249186534,1005.5378040577559,947.1795113542973,365.5179422593752
5604.977729637102,5286.099142688985,3180.167361062159,1643.9655404763748,3765.986743797819,2636.6654757256397,1353.5556217752792,2192.210891407078,2806.509799640056,1804.3850202687609,888.1508405748596,1003.4174659601481,348.26651571608824
5758.018640399896,3174.0815499298237,1565.3885302658982,733.8227078663734,3121.803301768949,2042.5969143682512,856.4154709995071,1909.928393328688,2412.930034997576,1612.7023393355746,641.1171244792293,964.1896360952667,293.4721947637566
5336.819187967134,1317.4859317657863,60.6835761665923,-350.0695369585553,2231.405056854824,1285.7026438917042,364.4877917787333,1686.752928577678,2029.194060609454,1237.4972491612732,437.4054710134359,878.6408643685213,199.09191489461472
4860.741757222647,124.12348770378352,-925.6224599041274,-1255.7589738755546,1344.4794762627373,372.77288054793826,-269.00558454811284,1443.5772619867407,1614.6225857163254,787.1519273392977,363.9949971476498,789.4749638524586,82.26803314661342
4473.9708302055205,-546.8550338409599,-1650.9369322065827,-2052.846403600025,540.2203026282141,-649.5621907267391,-1072.622558811749,1171.1683858727436,1097.285317680591,293.29472761804294,378.96217821030774,700.1276570500105,-35.28530562192202
3649.2376762523986,-1111.9219402958076,-2626.270429808102,-3011.3195488657634,-165.92084442364654,-1733.4595454598516,-1978.132835959561,841.110470336486,407.41913660557645,-278.4552992014595,366.07766273487624,576.7388918038102,-144.3202984314188
1554.1987529764747,-1751.0316235805772,-4105.8667455603045,-4265.004323528563,-813.9554719380047,-2843.0925816393456,-2909.4613898736193,381.8918907519235,-489.05844810731435,-975.3724150522462,204.76682607171847,377.4919381028453,-250.48128260432483
-2028.9462673911323,-2275.1805004033185,-5941.031538142952,-5715.091737907318,-1465.2388560553993,-3906.3186413687636,-3796.6757830559,-240.54123561270242,-1549.2926859735867,-1793.5051609204165,-179.61097721302633,103.37570764617948,-359.9440255761815
-6119.013767272792,-2305.000674635439,-7550.300507989096,-6913.767224970469,-1977.7205713638334,-4729.417835271536,-4537.831479510784,-965.9447692830266,-2626.056421950214,-2624.971847942848,-759.6304469538204,-163.06583746162585,-465.68144709743945
-9117.722562546589,-1626.4889796474358,-7936.063538996336,-7098.705829780901,-1963.1922470427871,-5105.788986006348,-5029.120023792868,-1678.6534122064113,-3476.617064726483,-3267.7166829919943,-1367.6935461876071,-304.13686727573565,-554.3651821611866
-10128.602747655741,-448.70815125638103,-6474.106829108339,-5919.279159258439,-1260.4670119041907,-5049.243097307809,-5218.681152478739,-2245.723962925629,-3877.1929121056914,-3557.766302699346,-1781.3237809660013,-287.26152976603055,-626.2193537160457
-9684.415404314954,773.9525502421286,-3961.2263550941266,-4063.1220606431943,-269.7437092807601,-4771.883740286656,-5132.280490462445,-2543.743707558537,-3851.3732253239896,-3540.579861486411,-1912.8287823505336,-210.79207721905846,-699.6624319272357
-9268.488246287841,1788.0238370813938,-2009.8730433034905,-2648.580477835763,501.7740168670487,-4588.1875682673835,-4961.845528823483,-2584.0481052925247,-3726.226292774282,-3450.4075090605847,-1868.5156940858471,-211.29645722394866,-794.1981999591228
-10101.733129980861,2822.347120996528,-1740.269764302715,-2435.880346741056,802.0280146009012,-4876.803598376703,-4992.764180638957,-2521.095063947605,-3818.025721311209,-3457.2703536249637,-1773.9008302327086,-358.36559445094514,-907.6762019366063
-11910.630100221577,3658.1281891381423,-3452.048182411655,-3568.040823756144,553.1987947745577,-5703.895296158746,-5229.496955339659,-2381.4932329709613,-4122.710199699121,-3459.0463630748172,-1599.032762769158,-621.037862058065,-999.0943896408662
-12616.934508446982,3428.867964647989,-6267.219681731649,-5322.3521532783225,-0.3581555403173269,-6615.609752454021,-5294.782925499451,-1971.403853249069,-4353.456960200385,-3144.9160016373103,-1198.4624136595678,-867.6778029421423,-996.5380895957069
-9906.403010984972,2082.900017148931,-8470.559063672019,-6529.646678824119,-384.61789525385336,-7038.264630406929,-4800.59744627228,-1147.3097626076935,-4166.777746974095,-2272.2745040795685,-489.5740057891975,-912.4482800065086,-852.7484313938114
-3720.627411654145,585.8539475262562,-8871.687559099317,-6496.946292321085,-333.6547476301967,-6695.770474843168,-3681.913551242408,-16.421023837164086,-3398.2821370389247,-927.9581102234692,423.27115486608585,-645.0003708703687,-608.2182132551968
3211.23866159682,-274.7836667026779,-7624.381166339124,-5471.109964141571,-9.029537065137525,-5752.259703517233,-2247.9286624372944,1113.2795176891689,-2210.9121515815445,464.5083896950585,1281.2574020010688,-145.46685496950667,-378.0961649456695
7722.424198738202,-488.0438181246686,-5667.986168805245,-4199.336769516357,207.1409712960579,-4612.118631595256,-962.3311740020524,1913.3407966352715,-1001.0181915125684,1427.1010116527787,1826.2882609274723,352.43023892427647,-261.1892044254904
8773.949259337789,-287.5432775853451,-3818.3358437528323,-3140.272302152947,199.233429898085,-3563.526135400171,-102.51832050923258,2243.1369766859566,-119.27053055789068,1750.9087455345034,1954.2879975268704,627.4003637531572,-267.2213801411949
7651.593788150137,-16.77304389970931,-2639.0429176135194,-2383.96028730573,179.71315366663455,-2717.4903631960915,364.21325937845626,2219.3122148496777,319.93112571798025,1586.5049577901018,1756.8126096726137,611.6846487803531,-328.55374514916383
6250.150492124013,19.358265278517415,-2310.849278877163,-1894.402902619927,330.5370178318945,-2108.941357858528,626.2829466228682,2070.4441254250837,412.9400921865206,1266.3961686079042,1432.4007105568814,397.45507458002135,-366.1584854985437
5543.79289412491,-29.31920757465038,-2545.084360997662,-1523.8093012309114,696.9648633589184,-1676.7399480059073,866.8315557778594,1964.561670298722,338.60931315101584,1046.4872094596165,1141.6570619237245,131.0608280682853,-342.61573585766683
5366.893248646028,279.7550190387624,-2869.680966785924,-1091.4246621791892,1239.0405835695033,-1288.6337215368183,1201.7402685510551,1973.5620066345055,256.52923440957176,976.948915769198,923.0892829393522,-95.64636352984317,-270.25096305553694
5057.666096176163,1266.3616303902397,-2815.7944252697503,-501.9669571742662,1798.6149680153574,-861.1840741105357,1625.6125400920646,2088.991933564121,245.37319711205734,961.4192820580552,734.9688279950869,-269.58575842899364,-186.85961498493197
4105.935709378451,2648.5297983114515,-2154.253147647207,224.84664620297198,2200.562593161277,-400.98437585631643,2001.184650081411,2203.788192152874,273.8469817953156,896.3345287801759,558.7068116960925,-406.44331912199425,-123.61418495568175
2448.6659369095264,3572.0843961212645,-1102.0799501629326,962.9943231844021,2424.319447196908,8.050167332392732,2168.2913578795938,2150.1151684796655,236.23493045215938,753.7208596390369,430.2015268021559,-504.9070061876448,-82.7822712703084
426.53325241425557,3567.9962047386803,-87.68886872297391,1575.0394098692113,2570.662379929243,225.16017925985543,2083.8490648326992,1827.1496884668222,33.86055485197845,567.7491146045293,364.6070585324048,-554.4592585738156,-38.35571206463062
-1508.4393925599963,3104.6052300024135,617.4129156707894,2039.4719278123928,2737.199523187119,143.43149306623047,1860.1920891295222,1267.506547736447,-379.4327145201335,375.8623014264338,288.9256967336832,-567.7235469718329,38.89088984560966
-3067.437747096302,2985.588629892246,978.8536670822486,2475.4316279709337,2995.910158326151,-254.25632508759747,1661.2744057445161,548.6607722483222,-1004.8324359563035,183.06729537084868,87.33863058937851,-581.1412948715858,154.37379364823795
-4062.2390877818134,3654.177326215225,870.0269058448889,2929.280994484042,3296.5705824805414,-961.8292223115573,1531.2257892472514,-306.76908145308215,-1794.8818956060018,-16.895172582876484,-285.8081496306204,-614.7988204031351,288.2063570499176
-4172.559326874544,4684.2719112425275,-213.00932095864246,3089.5111987117652,3312.6477736338916,-1933.0392866638572,1334.5676128102396,-1283.1206074836114,-2622.288499036406,-191.18647860815815,-745.4431907374826,-639.074148711861,415.6767580220867
-3108.828363849245,4781.606211118705,-2359.996146890869,2530.6514122516473,2654.9519404751886,-2964.242905586768,909.190421590565,-2255.4630219824353,-3274.607014886966,-260.64088352035856,-1117.1307644453223,-600.2093326905151,520.7390821157474
-1133.7366411219537,3312.6064826318484,-4338.702349009111,1265.2360200707622,1316.5877056087513,-3775.389503135908,302.897846023677,-2972.810655942782,-3518.7401296059143,-171.2801054165904,-1246.850853903319,-489.7898769250628,593.2099051064423
940.2356372447342,1221.776585265117,-4807.675670127295,-233.72253154258988,-210.33500458192452,-4193.495060598951,-184.66408995682173,-3200.179402918908,-3251.7454914083633,40.02956503518526,-1108.8649000548464,-361.8848027404382,630.7971361765734
2615.2338452752547,-308.93274828525745,-4056.390368263443,-1395.8183324602219,-1312.097442379404,-4238.73701332705,-282.47389881829525,-2955.5176674828826,-2620.726325602516,318.1343924028089,-818.9063856582965,-247.76178115171876,652.610436799134
4294.665304049712,-1087.8705253792637,-3566.0630264501206,-2018.3119868993638,-1850.0589416136136,-4253.571733663389,99.8687380705966,-2546.0489633321004,-1864.0501632322876,727.0608461642644,-530.9879602233311,-86.08401686416926,693.2766635312512
6445.087493943491,-1166.86950952052,-4556.456697080414,-1966.616303339859,-1887.2385640061195,-4542.695956426776,1135.723506575184,-2222.2998915318517,-1022.6775331300693,1378.6504011913676,-345.9275995219683,197.3027965464795,760.46097862244
8253.42057929819,1402.707743792375,-5996.518243762498,-133.08138920362234,-853.4037332917394,-4583.793604293002,2939.671446558452,-1944.2722895855613,-32.24058018756426,2170.0052267577685,-320.3907524178361,549.7694002824758,803.8628989749968
7996.324214904399,7776.543830004932,-4800.5475867860305,3934.155036774314,1570.2670757866385,-3545.6072610543833,4976.818393829438,-1598.804244536157,968.3952661225854,2753.2769176875713,-466.4681208133022,798.538293010173,757.1880376319392
5194.495253916378,13295.21094105699,-590.4507574863749,7866.921822427805,4219.532324483161,-1563.509059843846,6294.520964993652,-1164.7197196141528,1712.8005870258446,2867.88327444849,-684.5028248087513,815.1457519552803,620.1693011787089
1597.970267166628,12681.57208485331,3010.9628733121476,8759.412093023802,5444.137225432637,351.36147287407874,6361.552717996492,-645.223407142835,2085.1003161232657,2591.628607236231,-787.1554414853615,637.5154031056675,471.41685661870656
-628.5547941750154,7337.760528222864,3117.4284682808584,6437.040579774629,4707.459033919172,1292.9808695504205,5356.0068154280125,-117.03801809223518,2123.9690826173655,2194.7859055369377,-670.838705805777,414.49296309299183,386.91417079806854
-1046.4853861486988,2500.1031128658115,700.6549581388294,3213.4345397650104,2863.7957436779398,1114.4564221272628,3897.682610705909,219.06162528858084,1890.6762244619017,1842.4897901943766,-430.24892550051436,259.45025215208864,369.3950702432985
-782.0728919896663,362.28051533800635,-1609.0772317549272,1093.9532665951403,1159.1969762730025,377.81176437609406,2622.1685281340087,205.3088089426043,1456.2676980456845,1501.2860496172527,-272.51793630205594,177.51777968367915,366.6450788007247
-927.5252522720486,-362.725802580079,-2793.450662756318,202.78965211202055,121.99575164695139,-307.1538686192066,1819.8873067181178,-128.11023443964925,926.4555697781013,1065.5991203562576,-341.8734961192388,108.6127208108168,334.43955363867576
-1656.5712983302137,-810.7996566363112,-3333.3072402202665,-169.1285847763168,-456.533484063008,-761.056859639775,1399.349067258856,-630.6377921592568,407.9774459222595,505.99667254431034,-625.5331020335996,7.722459291080227,269.0123907497192
-2536.1864414346983,-944.102035851364,-3584.9263329008622,-281.7262628207593,-841.4306043010915,-1077.5796924664382,1140.5836098186373,-1161.304581992225,-23.742007379258098,-86.83965902081326,-985.4968131007311,-113.09935482146948,193.66025283286416
-3167.0030625602258,-444.31086702716385,-3447.4071059083785,28.043010161260355,-1047.3871370146956,-1307.2342432694109,918.052490957064,-1630.3993316313529,-311.7818559788568,-560.2356121961923,-1257.3925454709604,-197.7764877067161,129.06224996763254
-3433.1065713567586,795.5881590481027,-2827.9456955795176,826.2939995901148,-1005.7491300823957,-1403.6195982265056,733.5965928749421,-1983.8573104819466,-401.9668308879076,-797.7655028733164,-1339.1473368996822,-191.10427139550092,76.49323013309791
-3354.829588401764,2534.0859792643664,-1835.4213444234688,1909.0831845310931,-732.6934774031345,-1327.6955314260608,644.5568366423781,-2197.1964822476657,-258.02826891985535,-783.6386828925566,-1221.445994087082,-78.2445901202563,22.110388436422795
-2903.7723064795246,4283.2462822197585,-693.3722321385205,2954.371145703481,-350.49437142555496,-1113.9832556859908,695.0553049034888,-2273.902044290219,116.628457702856,-589.8822958429946,-958.6385903841924,108.68259005938373,-48.06220179141543
-1970.8718567230792,5606.02720422421,290.99952346741856,3679.3000064612893,-66.20648666101997,-855.4408191599786,892.5348112544063,-2222.1072183643687,682.9150922384473,-308.9543678419801,-617.2569104854708,315.7176159198591,-136.51309677475777
-423.95608179805765,6149.10171081785,671.0437786670201,3883.8741600068583,-110.20608079788255,-626.5111365789949,1234.8710028494327,-2025.4615856050561,1386.9215492474957,1.4645840694475396,-245.94390640431618,499.1073228413823,-232.44672396830467
1760.965347527914,5513.101492350886,-53.37928599696686,3532.009159297022,-588.9529145160827,-393.28791867713744,1742.0736262875853,-1649.6005821684842,2166.22539671884,314.7444934668621,116.9947107797359,638.3476955088535,-320.9203049540392
4214.075965597125,3624.3009010440996,-2050.282488767343,2896.9064316216463,-1347.7484913647315,-20.609489350834735,2414.9180689075797,-1101.4945197160512,2943.8658348107997,579.4111981436253,421.7288383768862,719.5607976246065,-400.4366719527053
5937.292500536079,1348.8151220819952,-4697.26741153406,2409.3460804735655,-2040.616653733455,568.0546302766234,3156.6174076837924,-506.7859789999303,3646.427442828462,659.5606277541982,607.0899564013836,705.9290294096347,-492.8353234179362
5649.1954517576205,-104.20479214243109,-6805.5384929852125,2232.4128165793927,-2355.4065687679063,1313.196271911247,3819.920044284659,-125.16229469995773,4221.588467326155,354.7209262553324,630.5317294444826,544.3391407034559,-622.6845707625616
2738.3146432659755,-242.60104717808142,-7282.018263628044,2583.709347723961,-2061.6558088921934,2212.3903274894706,4305.698978576948,-226.60768799333385,4586.5234660701735,-435.2823231298426,505.40184908346373,232.63322931731358,-778.8548022400054
-2090.842068782663,1719.1902158848127,-5321.994324205159,4287.19142276194,-1111.3587761593387,3312.6988993363075,4484.204586339266,-847.0820067488226,4613.6211867937345,-1532.0650574122556,313.6856530962743,-135.39032492059516,-911.283294367518
-7163.929523862621,6502.816900276258,-1392.2250808520594,7459.410613102741,36.75903497479348,4386.578869313491,4199.938261857347,-1688.5579955508508,4275.021214345877,-2571.7572603300814,164.5382167685521,-437.2614747294706,-975.4816726538484
-10627.878533405708,11810.546330474363,1909.3287291013596,10439.4266094619,548.4769107432244,4962.622587226498,3432.14964155299,-2411.7737937019933,3700.821303651199,-3294.901074200523,128.78365449284058,-610.7786233785793,-962.6369211260305
-11077.307265744734,13516.562462073256,1712.4064392487048,11206.583025180085,-268.8269381848395,4617.397453230132,2240.0795441358528,-2899.1934196523334,3038.5358084392906,-3620.4866365000908,226.47081866634693,-640.8724112958913,-882.7786065216366
-8265.235530335607,9527.635500480434,-2100.51467241948,8917.824066436797,-2238.1856383841614,3291.3030792440536,801.9137752238132,-3112.231805836031,2393.5639989289157,-3535.720821792463,439.33752617988625,-526.4988359025568,-751.611375330946
-3593.767460280692,2220.40287459625,-6307.778223049894,4567.031310238925,-4163.863722302424,1426.8326004217733,-525.3755936602253,-3018.404302859556,1826.5603276375912,-3106.0004268927332,688.2529683932755,-312.30404181458505,-604.2249021061302
701.3976910811542,-3122.1055676648148,-7585.0513101632,423.404821750838,-4856.696714633595,-321.44355413493463,-1404.4062253580082,-2671.852121058407,1341.9503277617243,-2489.552660603977,861.97428425738,-89.59588701532249,-487.38878229573004
3221.516713118582,-3575.9110653190264,-5649.258687937951,-1582.281827928071,-4070.082499860525,-1377.996804057967,-1638.3112046053786,-2148.404122576819,985.0207457202232,-1832.8800304515403,923.1183536594989,73.62792534006383,-421.8977787671088
4045.2323951282865,-1213.6357105358168,-2872.779230190843,-1370.6765861565393,-2623.7519951570666,-1592.2767642192698,-1323.1089474008666,-1539.3496936737274,842.7056224773467,-1222.2923858367533,934.1366193681697,169.9513486076542,-389.92831237639297
3938.0419723746936,726.6614868585149,-1102.0326724845002,-300.66843562059427,-1451.2338062154881,-1325.479385686054,-832.3715454452133,-999.4902790415231,888.5564574371915,-729.1442853370836,959.0230748315134,216.54064730330333,-362.69750235035184
3482.621139256155,1388.4002631182982,-435.24749344896065,602.6796769556356,-791.6374504896206,-972.0847414463944,-452.1912901910001,-653.565662550388,964.5782875312198,-426.50081453093446,985.4473849727509,213.54854588802812,-326.3141817387358
2938.1911502617427,1203.6186451906444,-482.25347579567165,1082.7944149255052,-526.1278575501227,-668.8858437676768,-218.15558891463252,-509.154393567273,924.2466469318531,-358.50184994481117,949.114114026455,143.8350061479459,-281.02221022970025
2445.1161816180347,627.850490125705,-943.4277168912681,1130.6230805706969,-602.1531401410554,-438.8060589892524,-85.35114289977878,-501.68920287717395,725.379171233455,-512.7450992320208,803.4570804259905,-1.248660631115996,-228.7245445328794
2090.3839483418838,50.74736358014673,-1505.808798454061,834.8720735024093,-963.2615401742396,-315.12332932241634,-53.89244625798921,-571.0925577748596,414.9298111723455,-812.945423194901,564.2280323828705,-199.8236510442848,-167.58949331455372
1844.4312162332528,-303.7804158554271,-1943.6758087847184,401.93433350891553,-1441.2087043355814,-307.946693285436,-132.69690301263876,-683.9220513105158,80.97574142102286,-1130.6426514866478,310.04007097541927,-396.6119906664244,-95.52090336562856
1592.3352185193307,-445.72062573283506,-2208.389070704556,34.26588041131458,-1829.4086869846317,-369.89360634637626,-282.86616360448613,-818.0625516232931,-181.38281416142758,-1321.5523658039015,148.0379583277716,-522.1678755331521,-14.50347316824383
1309.7379032338895,-523.6484553411389,-2341.2840588441913,-172.19699056885116,-1998.627320871884,-431.6820038187346,-430.1382661032548,-951.2192842106206,-296.87517509582534,-1286.734828135926,159.48020715413625,-528.2380317293691,70.05130763015573
1189.301591839866,-668.6709529909981,-2366.535670900178,-205.5529517794226,-1952.1485947154254,-464.463627796158,-520.6961476852578,-1066.4175153351132,-243.55477009534053,-1035.8494885975629,345.5160299953319,-423.38607220966435,153.65046304261307
1496.4143398946517,-835.5899147370237,-2288.475512564568,-112.6652496076321,-1816.2268803206207,-510.69380329144894,-560.6707438546309,-1163.2576834929046,-83.97321220898334,-710.4269638431853,600.1700289185436,-286.04632462375855,234.06532643805923
2185.00522425688,-872.9067718195267,-2183.8542527669656,-57.61811610593722,-1770.624640422701,-639.9853791339448,-609.8745956426485,-1265.0669167237838,35.84403313894359,-533.7105689660241,738.2339523336866,-236.02997234534263,305.3351161179882
2624.1348233508957,-891.9417752812329,-2234.748485211454,-259.69299190287524,-1932.7115885792964,-849.3100049654087,-744.7400278661586,-1426.7979403375477,-49.70723400101082,-691.325204427261,594.1643277663281,-364.10303656479255,351.62347707960424
1857.5297746567321,-1212.5160605885246,-2546.317334394043,-678.9134819418707,-2281.291320339569,-1064.9282553132482,-1016.8412578160592,-1724.7139835982066,-394.03770494897276,-1188.3640681821737,166.17438570131566,-651.7363043005319,356.7174932132743
-560.3790978522217,-1703.2796764482139,-3012.7328044386186,-1035.125402286265,-2714.499263076724,-1311.4183085704997,-1386.0355173637004,-2147.315469065619,-803.5454629859506,-1771.2246841646806,-305.4551554659912,-950.2372404339542,329.43280283527656
-3825.361095345095,-2145.9696393286954,-3569.298370001824,-1388.911032681538,-3095.6477997190855,-1633.4411063532866,-1602.2686206046108,-2424.03893541286,-875.9223237574897,-2050.470986717337,-476.65543760142293,-1081.652229064981,312.78504691544646
-6217.502910100094,-2896.6502381619307,-4071.734035555506,-1770.835600326522,-3030.487206740352,-1661.396183404362,-1244.7823592140253,-2177.392581609439,-361.4893805419512,-1848.2939129969209,-217.7394153795974,-1002.8989034840085,349.85123470919314
-6483.454511795726,-2996.4196067225203,-3473.09555869796,-1317.3874666938755,-1951.3007400866654,-988.1601062562329,-252.6735160673542,-1481.8311899506011,444.9438571798593,-1401.9795305820317,241.09905822283514,-838.1204059472761,439.76668620329764
-4815.953202762582,-857.9382281919376,-1066.8671817724596,70.7191998870235,-219.14007034017533,-106.5240043264418,678.6603638526157,-855.5017150807519,955.1617862259719,-1043.3729376135122,580.3560703909244,-716.4929203709463,541.9846336073306
-2395.683163591828,1627.7530637447899,1349.9322608882806,1023.0947785871015,898.0748886697505,364.2257631644946,938.7415830828327,-482.54911299636456,1004.5341543558724,-812.4851473956451,720.9818190411575,-652.1883099859314,618.7024711530736
-318.4146140000038,1927.567584834768,1845.2750992664112,1022.4359382948832,925.4519965069891,551.0343707283312,689.0093512680849,-180.12264170733624,854.3029201754115,-619.275463698264,758.1129462884227,-618.0360705774007,656.4618564517582
885.7716395491598,17.03245717524021,220.94673894604423,266.0026602297638,-45.722158646053444,547.3716337407249,58.87919510773318,70.17853711648715,572.0636182874675,-480.075093044007,719.180595705516,-619.2078731391789,656.3314237233245
1134.6417387544716,-1630.0266944805715,-1821.015765157135,-486.369024280225,-1493.327885537107,503.23600982595315,-929.0162886614298,301.9562724199342,52.681432540526885,-379.95985862361647,561.6336728992911,-649.2246328357522,623.5535838331858
597.0600159326668,-801.7101296256131,-1805.0351290828748,-236.82364201585497,-2039.8796581851032,763.3955298499914,-1716.2391559691146,664.5164646173333,-577.2519474422381,-221.68784977552153,294.83187331569684,-669.9655237341626,565.0056386050479
-406.2127994296561,594.1940709214313,-399.41614603603523,494.06108936119193,-1288.9854139652289,1178.1200515087846,-1793.1518416465203,1111.9352122836556,-1055.932912098937,23.107363081818505,-14.15222663770254,-656.1421947384424,488.1029304202427
-1474.867387013555,627.3942466101885,177.8070144911432,698.7456171654812,-290.4447299429549,1328.3015821862737,-1304.8014531816818,1449.158183285447,-1258.5067200304138,297.0325156032138,-294.4621413450001,-608.4901825106958,401.85494378149235
-2262.8256551877416,111.83331128317401,-307.20557098096674,380.4512262355637,96.59360910287111,1101.8311031236299,-706.3351566521588,1559.8664698034236,-1219.4075662975958,540.819434810618,-496.03234120144435,-532.2544641697916,316.85912956070086
-2624.0838588615125,64.99030759050581,-814.9717246070826,88.61571256983879,-85.6800149806732,700.8402310963647,-303.4368778116718,1457.226847569777,-1042.0345932377454,721.9016419142823,-600.1928979956529,-430.76120290364116,240.68083462185794
-2627.0303510148774,348.4531644439903,-842.1546830793372,78.52428497404553,-401.6354529935677,366.34094457304775,-141.8013002963212,1231.5927092775935,-827.2705580325738,829.0304139503087,-621.6019176407231,-311.76284876832193,174.17155774808154
-2433.3776056162283,527.9736706380692,-589.8749411285139,229.78100301323178,-575.0582584891832,196.19412160667045,-122.25224326854901,981.8237327262826,-634.4090733678676,868.6667701821694,-592.4928950236554,-187.28461649577642,113.40186587526233
-2175.4009910215404,509.00186683614197,-345.3297544182576,363.46598686244033,-583.0053243248808,155.83419751828603,-138.59747526294035,768.7971617213822,-478.5925710581293,857.8105748516047,-542.7104051539934,-68.45113668927819,54.10395830652868
-1913.319163209304,403.4339200223489,-205.13002561004836,409.7608593281417,-507.1041908002878,170.4488095537126,-134.68666190634767,610.2706278649993,-349.6179645257712,814.405179794303,-490.2410427206488,37.38909427755539,-5.7243761564896545
-1652.274416371989,306.2156826841619,-143.661479315666,381.75677208114917,-418.93558859053644,184.12701832732895,-97.13391684864543,499.15111954472565,-229.65659744943574,751.7742087423578,-441.27010513558696,126.5894901227474,-65.66429654302556
-1371.0082305658354,247.8798773048855,-116.76541746129848,311.34049407751365,-352.74536862033585,171.5236202373481,-32.294218007540195,421.03551189683185,-102.17021900983056,677.6520684566083,-392.5723494183717,198.7822582369214,-123.65325522550717
-1034.8883957938435,224.60679409898918,-101.70161603717386,218.23509634308675,-316.16746675291597,130.76614579385284,48.720695701355965,361.6187068517396,44.968841107509064,595.7020404799302,-332.38392136960636,257.78969472193353,-176.48852038052428
-582.4622861121097,215.79250186966783,-99.27148817365705,110.8705519014994,-302.52616012159586,74.50997642783767,133.0215450686012,303.76214150505825,217.29758897125544,508.334845193492,-240.5165710663115,313.64312428341464,-219.6496072729471
115.48821540709848,182.5079639525656,-120.34681950832385,4.8813477854131975,-300.46803820947895,13.778179278285961,197.31420972928663,217.07691300531303,407.9261030340675,418.95340095060317,-92.22573755929338,382.75786649920565,-246.63147467257446
1283.9485694104496,93.4127764448827,-161.09520658660213,-68.94557871398627,-318.45158242980307,-79.88613128599502,188.79374139008206,46.845715123368905,583.3156345773614,327.690209696373,126.58605880623901,480.47563441336337,-249.2818283322843
3116.423458740428,-4.928956257621138,-206.42469007525045,-124.10226713601537,-439.6364568837421,-323.9896281271852,3.9335951838743313,-286.37142938898705,660.574979630161,214.78897667624346,386.98139688266815,602.5050585170085,-223.34412055531254
5315.347234036474,-32.020505755196936,-346.8159777463748,-357.218420926804,-872.1290307610932,-923.1810950001206,-506.3244053385774,-860.3713737950757,496.4329994457034,25.346819526816773,578.162667993769,704.8714298135899,-183.49682372669923
6528.895781166464,-237.8601783784678,-956.1298428102773,-1185.273227709977,-1869.85930417381,-2022.5402843936886,-1450.7887914427295,-1673.8020623988,-64.07619091562702,-304.34547158260085,509.28956270084046,708.5589607138759,-178.9360887250026
4767.59886256394,-1393.58642171657,-2474.918251779475,-2826.9715484442186,-3406.4791626926176,-3411.7364264393022,-2722.5363886910727,-2538.0802489078706,-1046.0526448297182,-764.5006205379831,24.309521790875067,553.1912365948897,-276.05597245177194
-319.751087951781,-3628.0856078297775,-4520.844594617398,-4590.8548893207,-4865.126911382009,-4408.3792672167865,-3875.919015993952,-3075.6436436432964,-2158.8462875734876,-1189.2146605736489,-771.9588494396053,286.19548965023193,-485.5582189212596
-5299.5054194423465,-5202.748661219763,-5575.4282466279665,-5077.7092297715435,-5223.208700624699,-4244.626698898782,-4172.306933125865,-2860.4588574729937,-2735.0512873085163,-1250.8587489369866,-1397.4680682563526,102.23048183250063,-699.2139187644241
-5151.402375346613,-3824.501840502717,-3967.1134968745114,-3241.93531999459,-3526.06441815335,-2481.457105343077,-2879.7133205324435,-1587.2035261445847,-2096.203429513987,-637.2740501454728,-1308.654249372132,215.90937329066628,-760.639181063546
732.0011537231162,771.7101292215472,410.9232078630323,662.1650919912274,120.70091116722904,592.0523494579212,-129.69661419044036,561.329263640265,-340.43618616669363,569.7642363885835,-512.0878989466094,616.6068356151776,-646.1245156252435
6661.683429170058,5167.7473937531295,4643.763989836971,4458.546786488773,3699.2939236313305,3616.13331152962,2598.471333311516,2691.725790838378,1417.0661934422462,1770.4127708125461,294.99134437823636,1010.1598883443489,-519.2907518589001
6894.279870844011,6114.461821229889,5918.4948472000315,6038.643260585065,5221.987439580823,5250.451807306935,3826.873075566839,3911.833258226502,2054.868091963346,2361.715801083983,409.6598660487449,1100.2388977293422,-545.553244524881
1948.2850549529965,4186.147176777308,4554.783565698478,5295.153623423311,4664.528916667512,5258.612020463917,3439.1070520483645,4048.5365630144033,1467.003035336822,2258.281824617028,-184.3240310715152,872.7817939566451,-704.4071827543457
-3173.5044544933226,1789.0834806223597,2340.498494232854,3367.2439694674913,3056.759478336768,4129.96243207466,2196.048004619334,3424.1981597250233,335.24399472006314,1774.4423189965246,-946.1852762737121,542.0879461427413,-840.9094028773411
-4989.424042356683,580.607238797027,762.446660932899,1649.1268683497415,1441.0300987469875,2650.0053208573454,858.5213528007487,2477.9136742792057,-662.3210974813865,1243.6358471547846,-1389.4457799841232,305.6744203322097,-846.6005761035431
-3809.6810548230674,343.6005770664253,132.85765231844567,790.2061751283436,415.3952551454814,1495.279569794322,-120.59369474552832,1592.9873834287387,-1225.8503324937644,837.1464879600989,-1404.2433635113111,214.4052220422891,-732.4279238491937
-1620.4171215875308,278.46308111318507,-27.714184223393715,538.9176726951509,-20.05520269710655,862.6829426490835,-638.0064097214565,958.285990763939,-1376.3923429402541,567.9488636412381,-1144.9213266496886,210.33443863371957,-566.4864152246281
211.9695602447666,141.8786414348837,-98.5953757510644,464.7911131566311,-137.1052948953915,594.7838555345822,-811.0041475757598,571.9266501738823,-1269.4111795899112,373.16373748649926,-803.4203297989941,215.90466686744446,-400.55055544754833
1379.3759241684677,23.06621015082942,-163.64166890630696,370.10143590021494,-150.723468543877,479.3867514491802,-796.7518688791104,351.9685658452099,-1051.0059682037522,197.38855534338717,-492.60173752434855,188.2979034042678,-252.02771444556507
2072.8764616931817,-30.680613017408845,-203.25647293248858,243.75379837845193,-144.3714388084395,395.8087508565484,-704.0860094450197,215.7351834312534,-807.2284166145898,20.28404412134131,-243.33993967970102,124.60867284930325,-119.3322645841074
2518.661954369566,-54.2493325174662,-213.35997412154956,118.31792320429183,-124.82705615970607,314.91370140005745,-588.5334419875098,106.53757770533966,-574.1850255469386,-158.14903734942993,-43.12984260784546,41.93164033284478,3.002599699261353
2847.3572035612815,-90.11346765615582,-206.3110719228128,10.05357407593877,-79.28610023771249,247.97123789713837,-474.6628673707152,-7.016418596359415,-360.59533944322925,-334.21180887497485,131.38718279719106,-41.31469558041556,118.72105618039751
3121.16735786596,-160.9745126947443,-183.84973155296933,-72.36824767139555,-0.3691322026683963,207.84806226413647,-376.19267353918406,-142.4874929028911,-162.11122541902043,-504.8837926133765,299.0751659872957,-112.99017356274332,229.51989125160796
3375.0696060836412,-271.12000567406795,-122.42169152469222,-108.6181545678192,104.16092903624178,192.33980585764766,-305.17661934706985,-314.30770119381043,32.77591097654846,-665.6149518489128,470.3754003136246,-167.13450804046968,335.76439791078064
3630.6442923484774,-387.89073491860836,25.249458373907572,-65.79711939665069,198.55419248072525,174.85252986330093,-269.0913598100351,-536.7992424161494,240.57391846195952,-807.490009464654,647.1902926256125,-201.97647905725148,436.72333193904126
3883.341545274117,-409.4104428521522,289.34940441664736,69.24133130080551,207.13751806777393,96.94896495117672,-255.32162823921982,-816.5795576383285,479.74802819444926,-915.6775400947723,822.0212532177583,-219.04425883424,530.1207587026767
4073.886843119555,-211.9471247954968,574.26467086883,222.17265587358855,40.69580632045117,-119.86519962012304,-206.81007556048942,-1134.4829553012676,761.8343326230759,-970.3805449628632,975.5493889638287,-223.63132496698927,611.4027236195789
4070.861392873706,115.54753821914272,579.6184445187827,200.33961051516118,-286.4926313062424,-513.0429066039438,-12.732622824576765,-1426.4030424811926,1073.4730441585912,-952.4640189258902,1076.4565977803443,-224.95358871909787,673.9136460035147
3712.2551260156497,112.51418199961135,71.84031676442066,-137.39877716574327,-498.3771707162402,-981.4987878487192,435.93079517016577,-1587.649313950663,1356.7662809728774,-853.3401892229864,1090.6926260486607,-233.38444276051158,711.5051645765271
2927.447809822167,-420.5829718265073,-470.02856317527204,-541.7443302001454,-137.54757278046998,-1268.0404400475593,1106.4400015888884,-1520.0654616144373,1510.4134439791933,-682.7055928974798,1001.3522103515454,-255.3279133830749,723.0138849539608
1859.2508974728441,-481.84138640873374,33.564359123658505,-421.7876461949295,880.5834056465641,-1141.8047648532768,1701.31764364214,-1203.8453559291652,1427.4814490758938,-472.69526497168215,824.6496924961257,-292.98092870100976,714.2932811997251
851.8121687174954,861.9927245177422,1448.210630387893,306.989071593352,1725.7636581493675,-690.2278630293457,1758.227441976749,-754.7474192573851,1066.43717091197,-283.68980017810435,608.2981964072738,-350.67944065384063,694.6208647584924
305.6415995379509,1807.7698067630224,1582.460733535912,673.0981786727413,1318.6976119658138,-339.8682436192257,1105.9259571556029,-378.240464091944,542.7970126471233,-176.41629560093932,421.1111632412067,-428.73015215906565,672.0623623661003
542.9530158598259,339.3896593022543,-351.45902994623356,73.79018953519879,-14.452378177817337,-289.7870779637668,225.9389339777844,-140.53031204948985,111.79552628893822,-127.33857918884468,328.97843175349385,-501.7708743697194,653.4269954278192
1734.9407989280592,-1535.5082266159134,-1963.4936795327617,-609.5012234648088,-924.6338341899857,-248.3596998787232,-329.4937030173891,90.62671218912652,-99.84114959320306,-41.813329955894346,341.1701346133925,-531.1676919945372,645.3586795997913
3803.616361779473,-1346.9246720362469,-1501.0643022830025,-646.8266544296918,-868.5684778537727,-84.5499188870876,-531.1022781867389,343.5604758702092,-196.30443886894204,95.65646272128077,414.5537448278974,-509.630336621682,653.2593538132398
6226.0868765720215,1034.4949749843274,910.6395930550423,218.3170424598922,270.17599137929295,309.23954289058634,-243.79502360564163,638.5918572134635,-111.80515943353873,269.0598260741932,574.9312398878615,-442.32541382016274,678.7966013096246
7912.6410848860905,3190.221991942,3356.616299021215,1564.9372547235678,2038.2383810689428,1104.368339479148,709.8394811517126,1171.7562349277637,419.9205632250132,570.8280550599796,918.1859450822861,-302.0975285864346,709.6642706959385
7677.071266683081,3160.3379794976872,3984.6625667206995,2044.27205099376,3159.365867184062,1719.4455466983486,1732.5946349857954,1780.2876275837184,1245.7355562091807,968.6448493169953,1369.518424185678,-101.70647704442348,709.5415085322293
5307.698523963444,2438.9067579616953,3478.180731038125,1699.833432255622,3250.0023378096244,1656.50342726934,2122.640327251916,1954.5077813202352,1780.9274418559814,1136.3185284515944,1611.7629452535448,30.69877322686216,639.1653102608
2042.4394528042587,1979.3242686671388,2920.5599109912364,1359.99081757985,2881.284563810985,1304.5032132180668,1931.8207411319624,1614.7812820671006,1724.5418896576202,834.5678486267651,1411.8289302917037,-30.80226067096396,498.8243798817404
-394.88867895398124,1441.5346603708972,2473.910746814768,986.8697248882316,2462.0741124701317,1025.8169736573911,1581.8736267289833,1135.3500988911455,1321.3836406461244,237.3191009509286,895.5976651786079,-246.3225879039052,333.35486454863445
-1182.8192131091503,1073.517670655125,2189.2466482183854,524.8429834322391,2133.4220828956313,771.7964169032961,1327.4142555343885,787.7292236181634,974.699372781854,-266.01143836912246,407.329746210165,-439.69032788334715,188.42074126818414
-753.8994696019105,1039.317914991651,2156.773136333994,274.41789640013974,1993.6690974907426,516.5565524196707,1210.865306339769,583.5391056092075,881.3554233312913,-419.03119050371686,190.9933163287684,-462.2018595666322,75.84002269933711
-63.93288418759936,1020.9521794745765,2265.788162999908,295.4460820858677,2060.275707685232,338.15471530106527,1180.6264619318533,445.3370207412189,989.9774549165463,-224.31199282263503,248.69041538536518,-295.07907801106035,-17.769122736192898
248.74944495367757,884.5884742167405,2336.927052052295,373.00165080586976,2214.6664489558207,245.28539182354334,1159.1053644201975,317.2210767274013,1135.013102485891,133.2925181019815,417.0354747274096,-29.864047836922452,-105.57528459877427
131.45680651249504,760.8112372703822,2301.103648400954,336.12572609086743,2277.9749726825253,170.7669352440892,1084.681230375305,175.40748378736225,1169.3354479537022,429.51369734947974,511.3317304674198,211.61854488783118,-190.80683859485794
-151.7228518222679,685.8552710829189,2162.7002832555027,129.5228611244763,2125.7146852759606,70.99526784922222,949.0493667983988,20.013905329727834,1029.2562794777728,520.7393142160631,425.3744078181744,348.1485011766324,-272.84046512139383
-405.48134171546474,530.9160144623319,1904.1474928066718,-241.23479614803816,1755.6853751539816,-28.200897890612737,803.977145073244,-132.06875051991108,736.3768862942841,395.2391293137495,160.19658646600004,368.2427477170751,-353.3251831802936
-651.698864197824,158.2956563277438,1487.3945411399368,-685.2546067064201,1295.859482392914,-60.70025738473299,722.466128807834,-258.11470139350433,366.75620209724934,150.72035274824339,-202.43934026030132,317.5719446909236,-434.9685744701683
-1005.3961518959892,-429.7867360730643,959.4937412393766,-1004.9460724143718,948.1535545466752,19.17866604048629,743.7027517008662,-334.7131015107931,17.319843533935284,-68.70453113738964,-554.154326251981,263.4912131693124,-517.2274324543782
-1497.8191156089977,-1008.6173045315468,535.7184792740119,-997.3112195820414,873.4695657931039,202.76712462052444,861.5061155077176,-325.9625267605996,-221.36021010173027,-134.00836501906377,-814.5818985683861,259.5557941499357,-595.6235094714519
-2043.0624613713285,-1206.078663075734,506.8619269646258,-569.8333592096028,1122.4402854139105,463.0218059940277,1082.048195036943,-167.9742874796906,-299.7619470941831,31.822275285008203,-966.1112273445261,326.0182139359419,-666.0878670904603
-2501.3876626715623,-581.5096966017035,1149.3649757342444,289.0244332285284,1752.7394855490231,788.5922757821427,1460.6361231711478,208.66367905409345,-258.5380524655065,441.4515976620897,-1053.8861432431268,452.4106253299565,-728.5366069587919
-2616.481966460153,1339.7504018387226,2866.5450075995354,1360.230961362525,2910.095889979863,1055.0082318291181,1973.005121916463,800.3674605644301,-245.61692681583582,1049.8745033490147,-1141.7126760487429,619.4090381841506,-781.6502981453953
-1810.5039111272629,3801.709264742574,5638.610502630717,1635.582716428413,4395.336538358127,867.2857832562117,2334.995289535779,1481.620769354215,-424.69633779984974,1781.5070216184083,-1242.219116382477,824.779564277454,-810.4276516390004
683.8825370180462,3555.5338762573574,7686.929706006396,-303.1021790986419,5283.8166113013085,-159.27727698774078,2156.15567167232,2089.5666112823988,-829.8224899622791,2561.160100275647,-1291.2101688884243,1083.699348945866,-785.147176695605
4961.32714665112,-1689.6103930174804,6571.750079218513,-4475.896283548195,4704.830258786395,-1903.922135143838,1313.7701015663501,2521.18892623469,-1377.9070510240608,3298.7328124241544,-1224.2506998119495,1387.648199318468,-686.942644644364
9642.13221759345,-9148.842379928437,2433.2284233377763,-8966.699161662944,2837.5853635638846,-3797.9498674970164,-10.861582390131957,2690.986030584127,-2021.8736380223309,3844.4934389748805,-1075.7704803211307,1667.899479459285,-535.7688866718211
12490.95459209254,-13360.08579499867,-1441.0231083261845,-11401.238207689414,850.9909972594259,-5165.639405823178,-1475.7223457634625,2539.3733206612296,-2752.8360029411883,4036.8139522738275,-955.0936038480158,1831.8518764021646,-378.37064521983524
12085.97259620469,-11695.768492879224,-1734.1116143631357,-10670.79128054797,-19.721964460912886,-5533.739916210694,-2704.0290525613805,2099.832134911634,-3504.6645281573665,3807.8491503285604,-940.5167752315385,1833.4006350895204,-250.56661108436003
8653.907169130678,-6255.894642453247,1512.9176675450547,-7611.318623416145,452.48138660143275,-4948.53391583488,-3499.7735062542697,1416.8271321193859,-4167.514405423239,3170.346219830508,-1049.388028770402,1673.0576655395598,-168.99650821045918
3590.025839371839,-1350.1429810859113,5415.490372409302,-4330.176731821575,1590.2366788102704,-3846.4574311759206,-3801.6893287880794,611.6129590098994,-4592.700235229252,2205.2977911510325,-1260.9372399408642,1365.7865513630618,-144.90904080179962
-1254.7329159297728,616.7414518140345,7352.964911453697,-2579.701768031292,2550.6481657293284,-2720.3922591769256,-3638.4742845979354,25.952185237537435,-4650.016756892328,1171.2525254242155,-1504.1662392455582,973.3311173289894,-171.37996622096722
-4198.678090235679,424.07655156287757,6883.865753447618,-2268.801806646914,2864.670009410919,-1810.249737324016,-3175.7389541689,-36.53986956574218,-4367.421953031966,433.7676606285661,-1669.4241886998207,618.4879076181969,-206.07395055750837
-4520.3085979474845,-1064.21944340462,4837.230546994634,-2531.21559028096,2576.6795688567304,-1064.602959234368,-2549.411424153156,393.2490801269357,-3874.193040608541,175.52735919578168,-1673.5734091314475,396.9727431517514,-200.70393794427605
-2816.086078113354,-3381.81228632587,2269.8643083319766,-3106.8959857577074,1912.2961679916734,-473.94575535573716,-1856.5594764211771,1045.8047709423179,-3254.3522131076343,298.9532050839262,-1502.0996051263846,308.8019490295941,-145.8076016162633
-365.4220644966083,-5361.311554406064,314.571969054881,-3818.9965798834414,1172.6793132447965,-92.63235056766331,-1238.8396210255362,1658.1070335626948,-2559.1290951538967,602.8580823453597,-1196.8817508533057,302.1367594459954,-68.21027113823902
1825.9142745033826,-6104.873979280284,-421.0128554924859,-4228.532137755332,697.6499372946281,154.53917749146422,-788.5017364732814,2099.9837617156168,-1859.901735834649,949.2412708976346,-819.0048695390888,341.027496221597,7.349392352749362
3380.731309132083,-5619.5180168319785,-79.93072664475449,-4050.326477450362,646.9557405987678,401.2750212514642,-501.10835073848347,2360.81114077163,-1231.9213831779973,1285.0563740670545,-418.5299810914171,412.8798534016472,79.31171933147121
4320.049461649951,-4274.5455889236,868.2935698986232,-3315.117095301667,924.6122938590404,681.2274651824816,-354.0331876520252,2472.977723927106,-736.274669940615,1583.211248427784,-33.89764402170539,499.00525862873906,159.7277581569442
4775.760766886285,-2449.5545094202266,1989.1991397153092,-2230.476189224936,1307.8844740162795,919.2157717164016,-349.18798972260976,2452.231215958574,-425.94104819019174,1786.326890432068,286.2650350009168,557.642932575549,256.6707369285467
4857.712041886888,-633.5045446010605,2971.141725193462,-1095.3671454272444,1590.6807171183314,1019.8452828847647,-481.67894095869826,2290.5706365129827,-339.6161188730727,1802.213077356517,475.1516419863483,536.6271236057744,365.0046253281881
4595.485842005482,648.0882833509735,3584.6866430636105,-248.55466353555695,1645.5579969238963,944.624876045526,-711.6235571356062,1985.1655964834076,-480.48298518875424,1558.5084487226404,477.3316260661976,405.30860446799795,468.08869203993174
3968.479777056951,1151.9327269060534,3720.7898893332426,92.84646683429398,1447.3238215375536,728.8971034234809,-985.7477450414686,1562.024110658743,-811.3873051744471,1070.3388672942517,300.1528975747097,179.91893662701295,549.3388221059131
3089.3798228922883,1009.8525449602598,3472.572587679288,-14.930269958651735,1056.1294941570382,419.28517147487315,-1303.7174094359727,1077.7809760805562,-1276.0747962794774,454.05848196451853,43.3554919423961,-82.57225514405164,607.2939503260772
2354.3028874994898,555.989080329745,2938.6819192193634,-414.12255356097364,456.4158750389573,-27.280837614382335,-1787.915318708902,625.0404589862147,-1814.782735601411,-136.46086093253354,-130.57070506809254,-323.70341792876286,660.1793331835786
2199.5979218076754,-185.50985353411454,1768.6964367879343,-1357.4998542814903,-605.7664089557113,-691.7687253100569,-2650.683334400037,346.7728435343816,-2349.622474155746,-608.3616279546989,-84.52945300006417,-528.6502686200616,729.4332062060205
2463.377841678849,-2364.3520943639387,-497.5007557219971,-3529.721676841552,-2321.8350257873353,-1384.951282042849,-3974.650460059948,393.771342768459,-2772.901955648812,-989.228817997342,194.06745129206908,-739.9483868602389,810.0775175097195
2062.7749154629987,-7245.332086365056,-2826.304631507104,-6776.676492886087,-4153.026721999587,-1498.5814016147756,-5463.675984803199,793.7049048894518,-2980.5509992712023,-1384.9254147985912,560.2971165016153,-1016.2755400420036,856.905742539511
-138.7712750966494,-12595.684048033823,-2611.7858503290495,-9081.569404508904,-4861.080231454684,-487.5147992604784,-6483.519130681423,1382.100346377187,-2906.806175735599,-1832.235905891892,804.398966723711,-1352.3212370410924,816.3237033241267
-3729.8186279164274,-13187.255486206472,1047.1453649833054,-8156.379115610782,-3618.4398606457758,1475.1122538042805,-6424.518620317303,1948.790506781745,-2498.274522946922,-2170.4663147652554,827.2371100263922,-1634.6291037759715,689.3120576682855
-6557.92999329027,-7682.858115014818,5209.147067927409,-4218.418394570267,-985.5953550276236,3468.458696285016,-5121.929842499453,2411.8831010296526,-1721.9479222336322,-2130.7401104305454,728.6488618320951,-1712.71931313718,550.8315928330069
-6851.063439565783,-1379.4285223335414,6282.317722270211,-180.9241236056273,1393.2431053693217,4493.450014093865,-3114.0943963090376,2771.8013217468133,-693.4962897274875,-1632.1056810007403,695.1704234388768,-1545.4314560997427,480.12662441984287
-5059.489796749108,1145.0425878063654,4743.046816804482,1626.017805865351,2383.330790343507,4443.412185406787,-1355.131355410237,3057.369969034883,323.60205253303394,-931.5761432041214,827.5433764102534,-1258.5360349593784,478.52226813623383
-2905.5548825002147,1150.6483348346796,3765.789849860807,1702.3003966364593,2332.329944729285,4178.6744355829505,-379.58920817987746,3388.218010895576,1192.8233971370632,-377.26309261537745,1114.1861502651004,-1024.5490650203758,480.8453594838874
-1222.1739203675218,559.7567016904924,4372.098196003995,1158.259436068597,1813.5902626073666,4232.839449188159,-66.2784011857274,3809.0849752004965,1982.9974468882524,-73.8596982679106,1498.228734954943,-897.3405702754292,437.2414449005491
447.6689036977738,-850.3478481183201,5242.172060845606,59.49516322567521,725.5231994532057,4278.953828729729,-232.9151029155492,4068.7695323881744,2659.2213393450497,92.11936350340855,1878.8419513316105,-802.9052197354292,356.14311737127946
2516.851861982312,-2994.9763968693605,4805.474212780769,-1456.5610093945756,-836.3298811425113,3938.8596468421138,-786.9991756417174,3851.9028096649004,2984.146558684991,189.35958311021838,2101.30299973483,-678.3136644866435,273.90236437317895
4497.991985066877,-4628.174633191118,2753.3637184434506,-2809.607428518679,-2256.6227626269533,3174.705561977829,-1456.3339165388634,3132.2072291397367,2805.711787868358,166.24488389154095,2047.4098791615868,-553.4930858641528,211.98002598057576
5575.9635012895615,-4665.234304333968,492.14639287942884,-3461.3229233017273,-3001.539576627474,2163.918408246657,-1933.568265761844,2143.1789101269896,2221.5203990175464,-12.819777152402466,1739.7392867174535,-482.8723645157347,170.54195290339612
5478.698631137772,-3664.4250312130544,-647.6394697181427,-3336.6945096569125,-3034.3691433339886,1202.4865673626805,-2161.716428223202,1140.3920159117179,1462.0886500818926,-292.9130220806422,1330.3006116650768,-459.2199622010754,141.92982639729098
4491.891847531594,-2945.4979496597193,-718.6000234976711,-2846.0703023754813,-2729.7913291319246,509.0928069174422,-2300.1686418825766,254.84947756030851,739.4419503325755,-593.1628991242144,993.3954470345556,-429.454578910927,112.84422400478702
2937.799056511381,-2988.3936711285774,-272.8401655310025,-2333.7042075449,-2431.7802049266033,134.0906678953382,-2490.2371567175337,-494.45683003107735,181.30683954897216,-878.9745677880617,815.3749976805756,-364.1454603124354,61.39292473064668
1005.1375881328847,-3390.5569696173,489.7929171547181,-1799.9083920164735,-2219.8015723738886,77.9876587423557,-2698.2911598578175,-1085.5231735838083,-164.5372216250273,-1155.7056868516659,752.0420144194338,-283.94394870962674,-29.70354167542685
-1019.8579226456826,-3381.9086533870723,1495.8572024196471,-1156.6888848115802,-2045.2833318454755,317.39847987816205,-2769.849116199815,-1442.888452120878,-299.14470153008244,-1418.2413438625435,687.9191355735001,-226.7047896884945,-152.57677374007375
-2685.9975181639747,-2504.1764625653336,2486.2335914961436,-429.9606299129214,-1822.3654613933795,743.2214775735026,-2597.8449507281257,-1534.6733554305338,-268.20451602387715,-1628.9964002781057,549.2318718100673,-206.97789752230713,-275.3510160704396
-3648.8785120588313,-1196.3451916776087,3078.718815079447,261.4476551472889,-1449.775927076666,1215.8222764618513,-2226.255942487531,-1461.2519801585986,-169.72057248355182,-1752.9013080318482,350.67585223344736,-216.0316683474721,-369.02502174318795
-3965.2746099806145,-263.64793655083633,3101.579766082709,817.2499915150267,-939.4465705102939,1653.7070065737971,-1813.0275849789182,-1389.7676760430254,-109.15267553325663,-1816.37895818364,128.96182783942447,-254.08677235692772,-432.7975667309018
-4140.586799024196,40.00450530331342,2800.769905486773,1232.5117734213698,-456.9068050676059,2051.912655576576,-1491.0085621301891,-1425.7564378856757,-117.75407757928738,-1921.923741957402,-133.3837883851275,-338.7526319069138,-495.09619410581433
-4838.14484022576,14.384257034219292,2622.994466533273,1599.4718180363511,-150.56154763965418,2495.5736004829964,-1258.7596245107593,-1574.913969776251,-116.24916267164537,-2166.7428747216136,-478.322124281922,-459.79687293433255,-591.5600198017579
-6235.0504238492895,54.19632501672986,2995.6272729986777,2091.941732156167,-44.89235584480598,3124.1223256413264,-992.3196717035479,-1763.8480948963474,56.06886176040547,-2503.5863189929705,-869.0751855895891,-528.6287110516054,-733.0142435230371
-7373.5283005858555,304.65315317917873,4192.048945489937,2868.9441989951165,-78.60662198933757,4012.5442573200285,-503.83023342444295,-1827.6702390585533,578.8582369309746,-2679.6280983830284,-1146.6687781769047,-401.28497771086074,-880.975413256321
-6363.405768910999,513.4701459204304,6076.170527606359,3989.561599965313,-73.7247208830109,5135.641715835054,392.0117044606286,-1545.5531199833083,1548.3098367281252,-2362.965549563131,-1112.4114077132583,13.632137531912889,-955.2463847394143
-1897.909157350567,339.25758343200965,8128.1598158684055,5358.81559024641,146.8534432019031,6373.1916849342615,1716.8316823015962,-809.636790458292,2848.111847809277,-1400.2929923898694,-672.4536329256048,648.4222172743706,-886.4384577247076
5019.2254875494245,-558.4868403995808,9483.899597406944,6461.145128227802,420.41023252315665,7404.674659422433,3178.490028813251,234.10967487033287,4122.60657461176,3.446078734279922,72.50133778203843,1280.8455179217108,-682.2093752117563
11235.994923518572,-2234.3739308889967,9088.133724716889,6480.529854489551,348.761276014794,7786.627497264096,4302.8319950583345,1259.275406630311,4967.370263709819,1371.8893250542346,867.1702043645329,1673.9812782344782,-440.0848871216275
13997.8355316012,-3776.864092279433,6751.484379851755,5166.691465881055,-190.3109892632107,7340.586654173394,4783.054328732285,1968.4793320253068,5211.858401893795,2279.3153322028816,1454.0187538586586,1743.0906848685577,-275.6109409606918
13322.903969247043,-4060.1638881349763,3767.539908550069,3288.019601643795,-867.7342128346862,6368.609928542216,4700.263504696811,2269.3700343350597,5018.159032493284,2635.104637769446,1729.0038116812352,1594.8583203355345,-230.8802491392227
11510.989552017414,-3158.4116880153524,1970.5035627529503,2096.1719842830835,-1174.0128871332677,5490.4833891124745,4463.213954831558,2318.4183623291988,4733.840233384535,2680.138154781304,1775.773565146191,1413.7338673576646,-260.13221495152044
10657.904804673139,-2066.91683532596,2267.5978327775806,2344.3978369520833,-868.9584475251088,5194.468817382131,4464.287541251416,2317.6953998891645,4653.726461293105,2726.950862089436,1742.8185930610607,1331.4852037814398,-292.34361208782207
11062.181748058936,-1029.333347187628,4323.678553678717,3868.3804660451274,-51.83510907889053,5417.448813331854,4700.140778250232,2241.2948780842225,4790.321665242887,2881.033124841945,1664.4252018767818,1379.678750706365,-287.3290527226052
11515.276558056681,277.29555176018704,6977.446189750544,5863.631146893531,1010.0913558015043,5754.6608393649485,4869.569250893897,1925.9490530334483,4830.948997492872,2973.7256057850805,1417.7945011457086,1489.4772281231678,-244.19637995209297
10528.63731882701,1636.9897547524893,8560.905364661554,7157.6735295034605,1795.5209687209604,5859.626245135566,4758.275822642261,1347.6976675944502,4444.446300302229,2767.8557099927575,895.8456185940831,1524.4095478702613,-184.27555645704203
7551.520939209857,2499.375835544762,8205.087560222903,7009.095138595588,1875.5868990329634,5499.941555685807,4325.198990334611,620.4007871892908,3600.320978078202,2212.8716010263597,184.22332221140488,1384.7734129086698,-128.36199649945235
3463.7834225137526,2533.6476139865326,6512.6904559414215,5754.95966534759,1384.2994678142688,4657.571118063737,3618.6999894892224,-128.64658517439867,2518.62255391456,1469.4957593934867,-494.5553163061445,1101.544273798472,-79.38197717688229
-136.77284836070368,1938.1697651531458,4536.771956692438,4201.182660949648,709.280803374863,3551.9391908293874,2749.9350474219796,-785.782309166578,1441.9308046319547,739.5333665767924,-970.6751950423179,792.4490962876546,-26.67150638623032
-2254.329996725085,1183.5139293404197,2935.5489139853653,2858.284635744375,16.773764890033874,2398.889912320836,1834.270555594698,-1288.83131449657,518.886149822196,132.02059224063424,-1214.29539340961,541.5741834856663,34.23389138359734
-3092.7304628952343,554.095870850006,1901.3936473456667,1864.4412516312077,-726.2957256039755,1288.2122409770354,953.3718991238009,-1667.9745168579707,-205.9416621405769,-348.06336178893594,-1298.314790135261,351.5649963222315,94.44457509513902
-3482.6901135802623,-97.17698151269386,1186.4264160372243,1093.0727665419904,-1544.80555716004,261.266376738414,188.48650221699995,-1991.6577411589378,-765.3877629198023,-747.710062057889,-1342.0812784060258,181.74302064826838,145.32663003171814
-3959.513585942533,-1212.349016370931,266.18709818535734,259.9523130181248,-2426.6115814157633,-640.4266693423459,-393.13758519114214,-2286.636871843657,-1228.6894555495858,-1101.9295565662223,-1461.2667172348254,-0.9494241532052001,193.05238808185342
-4386.954889888247,-2987.462202560126,-1142.6792190113754,-730.610640383228,-3310.63201406643,-1384.5023887281327,-824.702855979244,-2560.7066219090766,-1667.7094065949655,-1380.4127558369776,-1698.17033801635,-192.29865820219584,256.47303909968014
-4247.109917402009,-5069.356905134416,-2669.640440085451,-1556.122737223238,-3969.009905155213,-1980.0100399043392,-1259.4506878359941,-2891.4480804703853,-2123.3382300516814,-1476.015574762773,-1966.4509513359271,-348.44326815093234,350.22917607519895
-3151.602241593549,-6577.571862585355,-3530.779522985755,-1927.268594100272,-4177.297808831389,-2557.3081799596844,-1808.2967864698514,-3390.3740902449545,-2556.0282896240824,-1266.5355244763853,-2092.535538523892,-418.29502169756944,470.02195268030187
-1113.4259331513629,-6465.006526912442,-3513.8129721261316,-2223.386793056696,-4204.623988615373,-3324.365700181904,-2314.1002789854024,-4014.2297934763756,-2844.778308613887,-722.2020199186461,-1958.41651416462,-393.7059085640989,596.3275092932959
1513.4329699445825,-4925.137787959956,-3570.165980678171,-3077.259208398065,-4730.437801143652,-4310.694574942994,-2411.6691466796933,-4526.531045411197,-2906.478279195967,50.38265741804943,-1607.6866942631177,-331.56249448002524,712.2448322176859
4125.930958026818,-4030.478690319234,-4685.309184969959,-4319.291305544595,-6066.676452499562,-5296.208559955417,-1884.5586785391465,-4735.7104167323205,-2811.6557611848184,882.5525190787532,-1191.4433469512,-323.3525869295707,810.3040736256828
5817.577005696783,-5591.022892852471,-6436.540825285921,-4898.797915028394,-7764.598438226949,-5968.941006369953,-800.4906828644586,-4601.08837884312,-2697.9229345316357,1614.0010808601983,-837.0113219763875,-434.7636814546392,876.0689597434001
5662.7001559537275,-8490.598125646797,-6982.8255299604,-3715.990209489746,-8723.396078643187,-5929.400961271725,579.4823272392413,-4077.8164758759794,-2577.623459737888,2072.4876173624343,-598.2056894760251,-649.1875368364636,878.0876236856241
3742.9674767071865,-9010.986212421356,-5004.170018781534,-1047.9844844449358,-7910.9709213368,-4952.315159178052,1747.1496077840047,-3159.537852012737,-2312.0733758689767,2120.7195647640037,-468.49202979501035,-849.9982490181184,800.600262957314
1719.0777761935017,-6053.745538369843,-2038.1493128509119,1091.6406528784337,-5688.076104097087,-3446.1430999963236,2195.3670139258993,-2045.158797415994,-1764.6793831062375,1846.4462112921492,-367.86332699555896,-892.3878622444887,687.9562729795472
1322.347876063543,-2916.405094866245,-426.69184038752144,1518.873263356814,-3465.644225261423,-2053.5390072864125,2012.799542270911,-964.5876678126428,-948.782349087154,1604.3760796241481,-165.5393049590764,-746.1285294807928,619.3847920897258
2172.7263726972974,-1742.3967687369372,-197.67900893714847,1089.2599752009169,-1953.9230427938257,-940.1665122968823,1801.183746833925,45.81892587859164,-68.19058833014498,1710.691726145194,198.5849168773758,-554.5082677996256,619.5127407979646
2189.5568918474232,-2002.18751042119,-460.0714105083505,689.510794631363,-983.6447668031126,24.73433879115035,1944.2044528512595,991.1099453264112,577.1262263091429,2114.8509992571903,623.2724764544442,-505.571310208319,625.6987844820469
251.98498144926805,-2609.643945033116,-746.1320711558643,508.5359811605588,-342.36593990357665,792.0803236888906,2331.471930384292,1716.0106154004789,777.4018142301197,2460.7560502607425,920.0000367431087,-654.1174701485483,565.0482138127927
-2584.4514233401214,-2309.1092343925534,-424.55678141750553,811.6505466056072,107.85597669296385,1199.0456182565722,2704.5481811169143,2045.4545854911082,550.7400593270061,2454.153172497933,977.0332553974604,-899.2121573347135,434.3857380293123
-4518.364640371669,-739.6357113236968,757.1196224851235,1698.0316351096724,493.6451624862823,1250.036412206708,2960.129117874971,2050.6099042174906,126.31089674536506,2120.6718947654513,848.7613414474608,-1109.3597298739105,285.8603712616376
-4690.198694677299,1059.0671011650136,2191.864449039005,2794.1166554767583,848.3279178663835,1147.9387833555033,3161.071807722513,2029.7701552964083,-202.49999957275173,1733.8579546761925,709.243693275699,-1222.430549003695,162.3297299413663
-3338.0195856732303,2109.106017036679,3297.8062772335015,3801.6809174170894,1213.624969699133,1096.5315551289318,3421.208309211183,2211.5197979008626,-253.97739012058187,1545.3389138931475,715.6334075910055,-1230.0656093014645,71.63250631269693
-1104.3240611274082,2061.9322736742715,3802.5397807576805,4601.510112984747,1595.3499704078226,1119.6998747116625,3757.295350308584,2552.2251098902734,-52.03015178874273,1580.7930446191565,872.5874308185428,-1128.0769076088916,7.757794753991419
1293.5449393966933,932.466333016816,3381.8017524097886,4831.662171610442,1795.3296796685274,1099.9231035882233,3998.43925367058,2819.629561975445,226.20947604126474,1657.98349462873,1019.7355751379835,-934.5264932181284,-32.47075729680833
3019.0652565440046,-459.6025387328723,2154.821151388907,4167.110938298651,1631.2507265940094,971.3393621835918,3903.2294866787543,2792.4677148242067,391.8534941042831,1571.9758203856343,984.9367659377223,-727.5130060050999,-56.699435533399054
3398.6983163433542,-992.4499377581324,938.7044508702197,2893.88810980096,1228.5984766616343,802.4191060326197,3394.134254747841,2389.9966400146086,342.0297661690516,1251.9361408709865,745.5650659687577,-596.990855505065,-80.62018638154
2506.7063245502522,-597.0247780504698,357.8067938426673,1674.568352273054,863.384753820407,682.7578494798111,2612.2289438188836,1690.426173934716,64.67085231207665,764.0167813697681,419.7859932486493,-562.6816916625475,-115.55090203927617
1195.6766625760276,-90.57957199763393,310.79774516601344,914.9288875149384,661.5594974511389,609.1806720017906,1760.5232261299432,864.4117229835088,-393.77883754284545,217.0959032327628,138.86280409837585,-582.3825649509007,-162.7935347118948
348.7531708845233,-9.851052237328958,395.07544327289827,589.9155145318759,556.1991788304376,505.8299169563286,987.6653402066588,101.25093944248529,-945.3829586303146,-302.75199381399005,-33.94480186317685,-616.9568936133514,-222.07798181971393
259.76850469572844,-237.41432512250844,349.7362249464735,468.6839846036024,422.2686605194538,294.6347227793309,394.4785173600504,-433.96655303661606,-1461.3371739517668,-718.9964038996487,-88.14625709278039,-639.8710078562245,-293.6997256876057
782.4629982684477,-420.65125480855266,183.86618717063095,429.02485225145557,214.27775729798282,-59.874843598847164,19.889724580411666,-657.409920229101,-1771.7588793293642,-917.9621123432187,-8.36990332101584,-600.3091537603543,-370.06664810333893
1784.2630018100929,-484.91343457322677,20.051591856711767,558.0652602882942,-21.68760681293608,-460.29092809865153,-164.64089253003306,-594.4014445759587,-1688.5770480631834,-768.4586157567309,253.2456334105651,-431.25913162903515,-435.2695623129282
3176.665374712292,-820.9138684763587,-261.0872638002855,740.0168567256424,-162.5255604011767,-528.0399047049243,-71.64252311360832,-273.0208554699367,-1126.656028744604,-276.628609796263,707.0442966881693,-127.26120329573132,-478.80370628373976
4513.519430804066,-1283.9517935746462,-444.83331864521625,776.035565845973,166.5023636046521,109.86827148091811,524.6561601302145,325.72118229935194,-315.274476390494,265.92457403960276,1202.953933262931,197.34769940783025,-508.0530388815507
4922.519151041048,-524.3366093730835,400.43619735870925,1238.1758301584605,1146.9086469152476,938.2841884659795,1380.8602018761294,1019.6669801524799,224.64565594714304,449.07285902241006,1466.8133903314604,381.4150020103353,-543.4836917298356
3930.2207111464654,713.7061037839813,1475.8848846143687,2293.0418008709144,1862.8782091912822,820.1931515812929,1645.7411907464607,1371.0303929798836,162.71579515984962,164.22586289916654,1366.9277489078668,381.33880715524793,-595.574697429147
2295.147772917329,42.006990243423004,899.5939050331235,2746.3895296753963,1472.4403495389035,-264.72364101870613,1056.1626222468808,1238.437889793027,-260.8644589413299,-290.23933614213036,1080.092681079857,321.09128644836846,-645.4771746619458
1389.7721782345163,-1459.4822977954252,-458.45253886126653,2402.5495571517504,694.9963728097464,-1280.7567575776277,326.9360892258722,1003.1762161671621,-571.0754364013319,-590.5523529235622,882.5118961832961,342.6386744235977,-659.5313944137657
1722.9039290637124,-2093.9819129687507,-1201.6886814736538,2031.0365937780045,314.642161274032,-1792.164077227251,-69.74937358165928,960.4987196308501,-599.7424564077832,-681.0213694701922,855.4875479112144,457.6339448437647,-626.6443316788311
2650.7177401353997,-1977.6220432968066,-1399.329678589713,1604.5806294788615,129.77593071598932,-1988.8456649382158,-288.5176635261521,1003.2887584194532,-476.1859673213362,-656.9024027466655,896.0559750748109,582.7851512191407,-567.6177983873351
3350.366262262896,-1355.7453842726047,-1167.1255489546095,1057.4465905561337,-81.43627684565568,-1982.97086697252,-458.7017962075832,990.5154234987968,-316.3441912417005,-576.2990427771217,911.7992408859282,657.749872394451,-507.4704159495048
3458.013704176212,-637.5841774839798,-693.7920168156129,662.9789682385182,-242.45819576690434,-1849.574432265631,-540.0354766191587,953.7288723403018,-141.57838681006135,-457.67597793242635,890.3116813944189,680.667548803913,-456.2361640995759
3008.2841159595364,-255.6826106901532,-346.38527875289924,569.7018979939435,-239.92235248683755,-1680.9504396306443,-500.0971240731027,970.374993895195,38.17860676215247,-337.8031178053091,838.6952810052396,671.7913110348627,-415.49132679130867
2328.2978706015083,-371.01908155775703,-387.9529226801188,766.8460211299782,2.89212505579367,-1549.8663213602458,-348.2029908743126,1112.9455010236438,220.3795552514069,-265.06154287047957,752.582386891619,649.0972857233169,-384.91410714376093
1954.5254008184713,-838.6134870947124,-820.2942730510973,1160.4708023121136,444.35360975250205,-1596.3467345615354,-208.9807096073714,1459.6528272864082,443.1921522511451,-283.48008165265276,638.5486151718519,638.0601070315627,-356.23126040870864
2316.971280385025,-1615.958677433939,-1585.4507483751338,1700.241279349473,976.131341314881,-1994.4050251883089,-337.57274466451,1999.3176044747372,734.5855319290288,-466.03334565160134,493.90111595349936,684.3920086705818,-308.09743709506887
3281.0379742051437,-3140.726372941009,-2986.500591425919,2357.947073867832,1560.5387024655345,-2831.212880125227,-923.5926778530654,2579.83381532337,1050.7182854130513,-903.2741997685403,244.86529704124933,820.7367221075156,-217.9811434160951
3948.7522232435003,-5628.939764358187,-5164.5806141501225,3122.897314030885,2277.8873233745553,-3965.4105778579265,-1893.549764108508,3014.9118496703177,1316.9758360022188,-1564.6139094087318,-199.34385037569518,994.8436674942726,-88.29733973157403
3217.6094420844447,-7812.164038470022,-7079.871863798369,4074.6773104975273,3218.381098539585,-4862.158637966247,-2873.089066992974,3164.3204983584196,1482.2424098769845,-2195.454198376801,-764.5478849530217,1073.1386387083116,43.893439714448164
971.7809390334934,-7711.560760305179,-7215.9550878191885,4868.599569739188,4042.4704299354753,-4906.061048550758,-3389.7878903463525,2921.3748374515167,1483.5787724705788,-2461.815160853628,-1181.3793889398323,967.5736195546793,136.01169871959206
-1437.6155156320192,-5707.30031898606,-5741.250507857561,4599.117342049489,3961.5601189564786,-4149.021411444263,-3270.9554775812003,2272.248046179972,1236.680163413077,-2232.0352390559237,-1226.6312454914842,725.0010961729283,176.8749641716533
-2413.9147492357656,-3976.8510171142498,-4211.884949658178,3107.7224636747956,2788.1812569525314,-3276.2993929800455,-2749.2575103141885,1416.171862607002,747.7197541170058,-1676.0495155204678,-934.4623753408744,459.9169588164481,187.5713130130929
-1694.1650159321068,-2885.055195841114,-3163.3777991633565,1474.270351082453,1412.4893542417087,-2658.1722608530586,-2077.019341337801,716.4324462687491,190.3189377493037,-1086.4082607791993,-529.1790294897255,253.99754113976115,196.58737993058423
-315.4440501045888,-1748.6883095351081,-2230.618023562462,569.5081851860276,679.769207279156,-2037.6867425896621,-1272.6128455881076,431.66944860626813,-203.82324252934967,-639.3505323702336,-216.1654446105679,141.30484115153513,223.55866486114138
673.0385969620073,-906.0602713752462,-1519.658683870251,312.50191463927206,529.4451732943579,-1228.139563340296,-356.1659855142449,519.1344643518441,-318.61447659300904,-323.35850824349995,-60.35162721964167,126.62579866496259,275.08515248685893
1000.6826694753204,-576.5702107207628,-1152.6049848023288,329.6377319979039,467.73747729133254,-497.52968866451204,447.7213343155315,746.5896342426356,-203.21376823423515,-49.96759060069837,-8.973351177045629,183.81486357084856,344.0369385286655
931.633473232792,-362.0244737128564,-894.355836655322,371.27018231023544,262.7700211854019,-129.78089132249056,922.4934445837507,922.9724414694066,-12.129150349248334,193.39826132223834,7.228568563412125,259.02057951044355,415.49382196670365
697.2951535385857,-168.159122690888,-624.4806280784375,352.4366886256863,-17.185125420157007,-67.77690246259283,1078.5396103413327,937.7057828514322,74.76017014814781,296.97189250731236,-10.159429771958855,292.8487704323684,477.42396490322074
210.85771331959194,66.0725519893688,-263.01427834134336,149.9874294560609,-479.3908734366146,-267.5090404318284,960.6934996323901,667.7500616048803,-45.1426168262949,132.4763745653732,-129.80988981498461,241.37817473205138,524.9356464360346
-843.4624853169829,36.52867880872061,-167.8450730678864,-738.5973923778379,-1426.2691093005978,-1044.678606517482,380.7323772490175,18.132520795851974,-294.63323058083233,-295.12837662161473,-426.15615859798356,83.63497078654217,555.322054297188
-2632.082842686594,-1677.9936602665298,-1532.1692910551506,-2345.1526912591803,-2403.495712578091,-2503.015174558264,-887.9931171118752,-892.4179845444323,-404.8083371318626,-779.9724250063322,-905.641085511758,-170.66709442578764,565.1313617550085
-4746.997600384484,-4378.474804322316,-4137.461334056459,-3004.439404475381,-1912.8720509211173,-3713.1297134659662,-2577.292722857209,-1642.2264369738514,-48.5551729258072,-981.3450897104144,-1460.468353323756,-467.6914590514225,556.702532367609
-6299.654807712276,-4365.336052759582,-5274.8732119183915,-1238.8259890231857,567.6801373406272,-3414.164017319334,-3841.1969468579996,-1799.8964146865815,850.1315670832546,-671.2373274604564,-1897.4185755556055,-726.5092577213769,538.297904937461
-6653.4255694634785,-2427.104837794871,-4506.671354068857,1113.129322617692,3094.828802170655,-1985.0977756230322,-4217.554490373827,-1514.275838818855,1863.4760513792996,-51.895735278470596,-2095.0157535626545,-898.7585557021162,504.9957145325767
-5874.15236367396,-2749.9043632740713,-4576.3845117608025,1476.4515721872872,3954.6049265504003,-1037.7433886676388,-4320.382990073029,-1496.8756809360552,2383.236224643837,347.3058330106113,-2157.9061094083745,-1002.1291269291421,433.0674994195492
-4368.98796396132,-4663.103757617681,-5595.935937017679,350.42396772411087,3685.5098343910104,-835.0608865445532,-4703.743201881369,-2066.1378598125884,2290.910963301969,285.66091309297576,-2293.9779912952927,-1078.052296102945,316.69540928492023
-2464.8813488799196,-6035.038248970393,-6053.381869829958,-867.272264977651,3045.7665927397024,-580.453651618272,-4941.340244180149,-2707.6206264561265,1990.5655107602945,85.61587413354405,-2493.909341538502,-1129.24765481205,198.40204357158734
-463.21797657306854,-6072.175412388962,-5827.88561192632,-1586.885237111862,2348.0931668033154,-208.59695229359374,-4641.239247388808,-2865.5617432616227,1819.3051779595448,140.92334120249384,-2488.9610777538933,-1116.7881174395875,136.17954315163826
1194.8092734789252,-4294.429177976905,-4835.4923245125465,-1370.077840774818,2153.1230807730867,46.51834297840317,-4121.504933883286,-2568.2577850987227,1798.9346910107527,466.41316438401793,-2093.796260417634,-1020.1886896800994,143.31274022640872
1959.5939383516368,-1589.562202725884,-3195.072338242792,-416.0514554005016,2577.1689541933993,339.534435271494,-3719.647640709378,-2128.0672160312247,1883.958248872672,868.6995831497873,-1445.6291857255783,-890.7162447836818,175.04730549671476
1400.9083599767575,690.2318037970992,-1605.9520651895255,623.629036895024,3223.5493109381105,878.7633100458576,-3393.151509077519,-1742.4028723312279,2113.7658991422004,1278.9527181588674,-835.5295195192791,-831.0925737297184,169.76984475819827
-412.9519005721342,2235.294210675522,-411.92064849092424,1636.2910364010372,4050.6181874571485,1758.97664558447,-3038.7681399325975,-1494.3730095429837,2509.299070959238,1771.9561295729677,-410.57438679524654,-914.7215326424057,94.3578845106064
-2668.418842896268,3471.334267446421,287.20674900087363,2834.255412207266,5372.602482647168,2976.753583026267,-2696.9972171091495,-1430.3748295983885,2990.05751598436,2398.7474950822952,-90.44112697029118,-1122.0926157588774,-42.8391250067026
-4090.7170449439377,4187.105995133822,-48.58812842514351,3883.5089766119695,7103.7964037692145,4306.299081251862,-2416.942150206404,-1508.759051985457,3430.9251384263575,3095.437203498474,298.85380887479107,-1343.108415815996,-206.05929691952605
-3711.4303989558284,3421.017836397956,-1796.5789505805592,4057.6191323039966,8570.373469032776,5356.751716771265,-2141.9957566332787,-1597.3533095914318,3741.523302474313,3715.9954664033407,835.9595942708766,-1441.5911283152254,-353.7693128743169
-1622.6760553240936,977.2553464446079,-4410.392487948988,3035.9637439887383,9118.777474299975,5803.047941002986,-1866.8269584262234,-1652.443711869864,3851.5064496261016,4135.738872208421,1406.3434813002198,-1364.2971312670998,-462.7900393862617
873.2383931493879,-2352.1535931960657,-7080.044638646354,847.2903523037514,8437.30960510322,5430.418740034035,-1828.9669580053514,-1867.7105719327274,3632.5079648786805,4340.238814493858,1803.990649922812,-1211.9989660291171,-545.969657826274
2194.090514530643,-5433.20747786664,-9072.517610650077,-2229.5636963723937,6400.245415663613,4155.121554421564,-2297.6895163330178,-2512.979225025799,2890.46077972791,4374.9560262046525,1929.575215221551,-1146.4331545000396,-633.7957723230727
1956.1826415258872,-7069.430853934267,-9529.836585619196,-4968.789488927165,3500.907234939065,2369.6555537737336,-3192.924055703202,-3650.1709184057904,1477.6006253693802,4172.79656171996,1808.5188275209357,-1209.8467348866575,-725.653345037012
1157.3893993136735,-7208.272422991787,-8390.10496666852,-5763.439715021056,1281.8079434555784,1024.8267113867225,-4259.533605945144,-5151.708619521438,-573.729126324075,3519.560496630399,1444.618346429096,-1317.5070566807094,-781.0514508915908
494.82300761256755,-6363.935253580505,-6868.586340712436,-4670.584145073828,1056.9370871631315,749.2766380962082,-5579.430508237968,-6892.431720543122,-2977.3356312586575,2326.3114395663233,836.3741552370284,-1428.4337732866268,-782.3214801655108
-803.8461769909622,-4553.745295096831,-6823.54952998553,-3851.4248523285655,2166.89285399227,1084.1903780165158,-7342.096974482145,-8700.383020737641,-5218.857496400225,948.7704159243295,196.27156305326307,-1595.5182534587902,-788.5978560076356
-3573.1608405421575,-3140.368160860503,-9137.820497796676,-4912.96968371138,2949.2652244499436,1426.382157749166,-9009.906255857355,-10280.530601518794,-6784.970995334658,113.55817722104138,9.762326624979863,-1785.7147124906346,-892.7497039216826
-6353.379241761282,-3057.788383058201,-12061.445053584635,-6593.807419943336,3501.8472868374083,2411.431104468294,-9428.034511647098,-11453.246648658236,-7517.635430915738,395.4735345322124,719.9117110161226,-1737.0932070800707,-1108.1486180396344
-5607.746208040657,-3302.5184324626525,-14243.099485854715,-7558.379699554571,5088.310939497239,4956.74801560601,-8074.385490611599,-12243.004966357037,-7649.676655378799,1730.4240430969655,2294.4820962246213,-1126.8827335414876,-1308.2422222100786
818.8117295419369,-5253.598405570829,-16793.037286745195,-9050.498173041547,6959.291160726783,8268.13993777336,-5554.380676184648,-12487.94533218797,-7378.467258922383,3493.0597903802436,4143.463286405363,65.51871613621753,-1309.9247913303157
10903.24587820522,-9527.315423111277,-18904.444349784873,-11336.642920432756,7349.981044668115,10619.496289527011,-2690.768397285346,-11773.073155790355,-6639.1708711724405,5045.8245202320095,5543.619790697867,1433.790500734946,-1038.9950404916444
19938.561433868043,-12609.033597251388,-18527.473342267967,-12554.086626750191,6407.487356264111,11439.230448131726,-0.960943944970154,-10117.767933383519,-5527.6939880895525,6068.222146694972,6153.743101587772,2445.406081357867,-606.2047578819016
24411.93685268039,-12037.652355797862,-15816.587260797343,-11734.82979436744,5125.9234783469155,10971.364676625191,1914.0447106798842,-8237.720206933405,-4587.8892434076815,6343.887248099354,6079.402235835553,2823.315887246764,-217.99550532037085
23843.67797816874,-7924.876494993723,-11872.752520905522,-8842.518936438042,4250.3312167630165,9477.971450750107,2646.6961930750585,-6724.217578095387,-4235.193330526645,5619.164255471595,5534.1781761853445,2631.796679010778,-23.928036838414528
19758.681835818752,-3167.3931041572637,-8646.40870966905,-5179.560161170939,4475.457618900274,7799.431448581348,2598.1135835615323,-5548.564829590222,-4240.6101575145585,3979.407445776425,4644.302117569314,2122.667750755388,-32.67192682112716
14132.305375943097,-683.7269519706135,-7340.224946790736,-3069.9651651024406,5230.838119425016,6802.433758244834,2392.313646902752,-4665.054097189298,-4239.810246326651,2043.938478762005,3602.229829757268,1584.6937383553955,-134.71293243408235
8737.868396239723,4.083403244804742,-7077.961109889537,-2951.5750785587998,5315.690979106209,6392.212061632918,2118.7055192400517,-4385.292498630398,-4353.081374803291,421.35869310221966,2760.9784204506286,1259.383176111822,-193.4325113812484
4941.048760240031,322.301433549258,-7096.2502588758225,-3688.6120053010054,4726.806532315496,6172.891663765277,1690.9888179727348,-4898.865783479502,-4908.735287923928,-815.7597323536993,2393.401802347623,1266.8786931788145,-134.76012551838298
3376.643044386533,1006.1630335533758,-7039.527460046228,-4514.989878977399,3995.83761343402,6120.876024007026,1313.844365718288,-5943.637717512937,-5920.763920251403,-1912.6757289018342,2452.3212868550013,1561.6472493894335,25.50826944947039
3802.8563322743435,2004.0930501262098,-6467.938393503319,-5261.205398039661,3051.4410294957042,6277.8928828937105,1303.8347824043028,-7062.181691620585,-7129.881926262418,-2970.144819232472,2690.9096768130657,1988.688375841374,223.3407904005273
5489.665677034301,1858.5472760417986,-5978.454413014293,-6371.130151294892,1565.4203636806833,6640.446232241627,1869.6866753540153,-7889.354372460243,-8328.020713936645,-3914.4818135905434,2945.0429685308864,2416.2746654046355,408.1842563571725
7739.1755332099565,-1480.9229460801782,-7516.8170532964095,-8844.599383552524,-385.6744975178914,7409.549669228825,3145.7084585739485,-8177.698186522912,-9450.215290983704,-4740.550994627069,3179.8744415644937,2814.738005423241,570.0377577619795
9872.99089796857,-8100.7964218798425,-12601.855402240575,-13166.378632809372,-2145.584198399798,8880.549338933944,5151.117514007313,-7749.829840306121,-10426.18014519016,-5548.243112650491,3308.450524892947,3193.54377718002,716.968197969987
10847.286761329693,-14040.943661379573,-19823.17449016952,-17993.53107147268,-2736.0918535668748,10946.667074814397,7573.572692273212,-6539.596100522588,-11048.015557302735,-6329.3366831607045,3137.0679970880983,3482.2260629908756,837.8147439580158
9563.36313448059,-13496.155895867423,-24458.68419217727,-20375.956123785065,-1596.6981428713193,12794.080656458827,9676.690839678582,-4702.5354502119035,-11026.507412552422,-6853.357643907116,2573.83905854111,3539.789191461797,902.3563248588653
6154.351136622525,-5569.129383735544,-22380.899413575557,-18238.14137470821,571.832358652053,13273.19510191018,10622.91751963573,-2677.2531850192054,-10220.326584194372,-6862.631033369266,1781.6219805502885,3312.4550009593145,904.202205818505
2497.488152050622,3275.6041932902217,-14884.488796465987,-12862.591955828564,2023.021882574121,11835.448352455627,10087.072872059687,-1047.5920183991818,-8840.068589967195,-6359.814352241615,1007.1177095760869,2916.7566212571537,885.3264733942208
594.2853529625885,6754.582258631883,-7502.768531768235,-7875.114744805749,1556.5509248438236,9139.703403018453,8581.965045893894,-205.15248067406117,-7416.391659134123,-5659.136851536492,330.96139096206315,2522.207166016063,901.4936202969731
665.2118816690233,5263.337671447367,-3839.8541662213474,-5573.584928904735,-393.94165216705346,6509.80132327666,7106.520004354359,-70.97854056716942,-6541.217788751777,-5204.30866250221,-329.2275340662985,2219.717495183223,977.6994828775203
1385.707686669227,2004.9139645632508,-3478.413182265289,-5720.161156636896,-2841.4577423362584,4857.02673865916,6574.083958347208,-87.91990483448399,-6570.804671251072,-5384.067641371753,-1079.2825874539483,2037.464986265566,1113.525415909403
1386.8599741332118,-2772.4905109619,-6147.77911596448,-8233.202311460564,-5842.377527529205,4523.893533608079,7696.281155505708,600.0683196208032,-7435.101881485391,-6433.088512781147,-2029.0002289746992,1981.0550923308133,1313.2767984696702
-316.8599931181362,-9412.778363085808,-13852.801530575247,-14618.87155846515,-9810.778855320867,6015.802430405058,11033.701025523866,2847.453686870612,-8604.187743059085,-8342.431860113817,-3332.6045156771847,1959.6783217532436,1577.169939645748
-4829.133431688211,-11504.296022370827,-25257.820735789206,-24381.014968033356,-13338.314362492885,9946.675889839998,16445.535457295304,6974.050587867494,-9234.950808839862,-10732.834819413207,-5065.924286374164,1712.9965672795156,1848.5138715176936
-12659.944859188465,137.69469197417988,-31051.66968046405,-31527.950118590677,-13336.40828101705,15624.415698703275,22244.57053828994,12145.083167398638,-8518.347960849303,-12788.011353883148,-6947.870240701491,964.3364811765434,1989.6603860604037
-21745.59862429078,19253.443884736294,-23540.21932921039,-29289.990208822077,-8691.461139202334,20158.87294648202,25468.37579456656,16305.059230010278,-6223.24153052276,-13495.881387359332,-8265.265228186416,-235.3697931117498,1862.6770354722798
-27528.579472799425,25752.335173258612,-9760.220205912077,-19247.49512407463,-2826.140045882587,20275.289568066648,23984.775940250714,17311.296988164817,-3134.5058126058325,-12289.523482765573,-8308.29712517993,-1393.7737747193646,1468.1362029970255
-26663.721248579124,15290.158763396541,-2777.724441222597,-10132.879754234775,-281.32337325478886,15657.403831622452,18653.158511455604,14756.062370914084,-706.6723719515649,-9612.45502973753,-7000.538538300204,-1966.9820082796275,975.6294916913403
-20369.824468660834,3230.4198398434796,-3608.61655319312,-6608.323015925563,-1480.6735574997463,9418.317326100492,12666.71308387344,10506.653008943613,122.08205098885176,-6719.880620997945,-5033.058092275664,-1853.7804834942144,583.7033865650413
-13321.07257889203,-1400.2991413809086,-5181.620465125253,-6235.455426343632,-3574.987637773228,4708.056156744055,8565.38518381388,7024.826595729522,-262.8464981509179,-4768.805339372738,-3351.6069257906065,-1424.0605337490535,366.0618555824577
-9698.366951084416,-945.140048253466,-5176.672235123704,-6437.046531827232,-4915.484429898683,2152.2780092606254,6616.617126466294,5411.361949648491,-665.9119120238598,-4059.618578577674,-2546.824627277548,-1132.5330466689486,261.8757902195931
-10610.689463021317,1906.9953270161063,-5112.218396564667,-7305.703843828341,-5945.821271069564,792.114575887347,5847.748278227213,5234.923564728357,-188.81972991329866,-4042.6331131876655,-2637.83767961816,-1192.0985921043173,175.4918969888234
-14296.207818995166,5692.754727726836,-5282.424376447645,-8938.377585886092,-7141.757595393248,-55.18051005081634,5532.224971596645,5606.237806405472,1237.6270017031545,-3869.482469168659,-3224.1093531870006,-1534.036382610724,60.32721483111612
-17746.578324427308,8555.277844277804,-5143.541148969864,-10384.810849254476,-8132.494387624692,-396.0086065702932,5523.657362382788,5973.445201227562,3054.0039666431726,-2979.7331789038108,-3753.941376213984,-1936.1232451730311,-68.62321074554637
-18375.004736101615,9370.397370433457,-4905.796007978126,-10874.900094154866,-8433.761086584775,-183.60443457979108,5837.020026568935,6211.696189694343,4551.4137889038675,-1444.2295183274682,-3795.550056562276,-2168.263314460178,-170.8765317756471
-15318.346943781202,8047.5054451937,-5169.876822867972,-10490.211070997451,-8114.795571687753,235.41508401083163,6320.385027842302,6409.284012914545,5304.072136219833,78.76137053416647,-3285.9080237024455,-2113.925902731329,-224.1454820522833
-10078.480643071814,4978.293573145734,-5828.6451232543695,-9669.476936679099,-7676.429958085562,284.3826104910792,6717.111165868584,6718.060541151537,5386.537668409399,819.4545756256075,-2615.138558165415,-1845.524392842011,-245.86199142112957
-5801.763280908457,1680.3536307527797,-5864.739327191509,-8813.570793860988,-7655.146377661359,-424.5644921057404,6885.7703564452195,7305.765357780927,5287.770671790543,520.0848582501465,-2374.5078988959967,-1594.6330308505117,-281.1280812006918
-5084.386737334488,1141.184905601599,-4537.88128033505,-8569.577531427749,-8483.223498191224,-1919.518017832368,6833.443989802432,8252.949415771733,5564.846319794671,-310.17573612447245,-2870.21390401042,-1597.8604456434919,-368.4832871941675
-7777.315163152744,5300.465240054025,-2839.6462828789568,-9821.625030924673,-10348.255712445934,-3966.9603146191785,6547.135462641042,9377.392605547846,6425.151873646635,-765.0224236207316,-3798.6813341674006,-1909.18360917805,-508.63118263213187
-10806.043255927696,11687.726210957748,-2961.7204377287608,-12607.749974253722,-12738.06028922987,-6117.972338627301,5900.972505201205,10194.035377892005,7517.056079632863,-262.31853602461854,-4408.621991104516,-2320.7259440681505,-655.13548338133
-10511.946302517941,14713.802314149427,-5572.961711624242,-15265.058012141288,-14334.25233995249,-7723.335288096264,4792.423398899019,10172.1319032551,8145.509040077489,963.8693878523667,-4098.186848096367,-2482.9079375350025,-735.6755760270847
-5908.280571181341,11742.415437106116,-8532.840113160675,-15708.569496253287,-14042.341048235967,-8281.743725198006,3343.7990169801983,9183.071613672158,7864.344157507947,2073.554954964173,-3001.9760723115523,-2202.486967975969,-707.2760612247979
-60.578232071859134,5852.547175891941,-9384.987976466688,-13725.414678118497,-12236.390859579667,-7955.614049851673,1940.6358616549223,7798.6474851454295,7023.898456114563,2478.7583033693377,-1960.7683792595196,-1712.4645971544924,-620.8633965273171
2398.96235900471,1681.784475073225,-7773.875343666871,-11052.392673328293,-10506.687532228447,-7530.325611772044,1063.8550821740914,7090.419602678946,6693.642260735745,2561.4295729327628,-1701.2085607051558,-1576.7067672883998,-623.7093326256529
-7.666218093661207,2157.456994493915,-4301.359128217284,-9531.753827751125,-10397.519151858523,-7864.431969359379,933.9631899323505,7887.066782020488,7823.689787709478,3361.238815614054,-1996.9835936111517,-2157.223993886246,-850.4781399447526
-3715.513120625657,9094.43719183014,-60.53389503179386,-10645.024599547112,-12831.992296479555,-9616.446356679418,1035.5781201820737,9925.14707037147,10300.257322070864,5404.30111677264,-1858.19328394162,-3142.6150336656183,-1276.5383255974923
-3817.110876266305,19428.332404052126,1108.2278458196613,-15275.906259433794,-17429.744231168643,-12879.912107321798,117.4976356416993,11641.396479924879,12794.609661309152,7944.052677282666,-662.023786714253,-3744.6341496578284,-1692.1121779677326
616.9954330411475,22344.40844432381,-4153.734064979804,-20893.749398293883,-21155.028571956263,-16124.697536110472,-2604.769207087101,11136.097648354376,13649.215126213383,9519.891631674136,1092.9752454668471,-3456.104227798858,-1861.6311420017696
5926.8605271744245,12609.041069150146,-11233.910197303601,-21729.214225638178,-19994.31161046319,-16501.116360965887,-6035.303192817802,7821.814979639942,12113.575963938816,9264.166974483805,2331.3509066019187,-2529.409731662211,-1727.6739540856356
8374.965496231245,958.3131579840169,-11997.882132162971,-15843.42989597079,-13910.025401661927,-12901.546609862356,-7908.326954591206,3145.2188505704253,8885.642311296127,7584.178507280726,2549.5771066410402,-1617.070083406711,-1441.7691982081765
7821.2283343568115,-2110.4367588984114,-6514.327563306841,-8125.275493306337,-7368.530315239751,-7700.069709603359,-7290.014641282037,-667.8488911303674,5499.782466815925,5640.988569428675,2186.429993258993,-1068.004105089382,-1193.6773583699398
6676.627521324806,691.3013060358179,-913.5315039143117,-3430.137846070088,-3843.0172060790774,-3943.2872858076544,-5382.773295462888,-2568.0028571583443,3141.9575389235656,4357.656553569889,1969.9018260145046,-737.2140451538994,-1048.4499420471661
6783.375914207373,3530.1031733169516,1981.038235939506,-1948.3596523053088,-3075.898430701906,-2311.5665328367577,-3640.384637680012,-3103.9350411576,1945.4087163001964,3916.0011705632355,2210.6648033795136,-359.72525673985615,-955.0343158092951
8101.306210312449,4811.975653408156,2840.6757256387814,-2117.8710111518426,-3672.776095622127,-1948.0059039388927,-2330.820639235688,-3174.6844370948393,1265.0560265419608,3920.1220871247483,2725.9932718407704,123.08253805165126,-852.4428813297816
9452.700924040448,4714.253817955915,2554.8260791076027,-2979.724221762592,-4927.761191358072,-2359.9547560662813,-1208.6580795643,-3017.2158417776172,477.4151098047504,3831.5856695230123,3166.019073864186,590.5378841746355,-725.9894955860514
9663.25078147048,4097.487021486872,2170.3959990959784,-3608.4414658750593,-6205.455465779091,-3371.470718140984,-392.58220307800445,-2439.8789382092896,-508.31726111311866,3322.3425439543657,3292.0514991123546,921.6434295903415,-588.3096344554883
8266.914218649988,3969.796568327539,2666.028205506236,-3220.8514669833385,-6811.927172053821,-4512.419996983989,-113.62518417206239,-1434.2372222974952,-1359.5209333253517,2410.537686552639,3068.9929515367917,1094.1658196090825,-446.68434963047184
5733.609952206677,4313.851193016154,4026.8876190461183,-1885.1406271948665,-6640.96202521668,-5333.350822280874,-283.1418272097886,-256.6843173845806,-1732.101036410391,1376.551807062853,2633.3751745714326,1173.379778296165,-295.2613176222975
3164.9061169493875,4570.215139249389,5572.241478495381,-252.15898376694614,-6158.781395417439,-5851.363078297655,-669.0746539016296,830.0817802375014,-1542.3691142750993,540.9461211568854,2192.6886466663427,1250.494204656254,-126.87467948518288
1489.4216427808612,4747.647064429927,6890.201203048689,1200.8972817109748,-5791.611967658032,-6350.497299047307,-1198.0452048410598,1674.7292154378863,-965.3081715566268,44.758259759608904,1889.9008442765526,1376.459220599248,53.233543560433624
673.7628628707998,5357.652291425738,8123.148355426846,2493.3319123853776,-5559.1120760449585,-6949.548613653704,-1890.7780897241557,2219.224481677934,-264.0563167664468,-225.2411000810523,1696.3284135469512,1519.3818173264472,223.27146028252395
-266.7975218031299,6492.191821379514,9582.19615917017,3963.328359333262,-5190.624589457011,-7512.417946030875,-2663.428620750784,2526.364368179518,426.16887122591766,-495.0752347589152,1421.1731290415914,1572.5287810437073,354.00337282113554
-2246.6985268109615,7366.5410849670025,11262.954048797652,5884.33553940885,-4459.334376672232,-7900.879691438628,-3376.1586063891395,2767.2292518874488,1225.4915371289933,-825.5190296846267,876.2508103220218,1425.3150378741718,427.27773347137685
-5005.682846537987,7114.553128121629,12808.095474875408,8186.4415950287475,-3415.3342689379515,-8204.588193507207,-4064.291669656262,3022.840532124853,2384.422536694227,-948.411864938884,95.0165108590528,1062.6048673123314,451.52960468099263
-7259.697864789146,6127.7614755382265,14051.225634657545,10568.657966196117,-2306.1004680700235,-8666.00510047199,-4981.9572074622,3085.531187020164,3937.360073623788,-454.9863542489476,-616.2323299518479,604.1263933245058,457.1854473374579
-8152.523066936927,6020.357276141861,15486.473695555105,12955.014433617971,-1227.0772137520416,-9373.248241780542,-6329.5695498332625,2599.4163668082974,5521.921846416395,784.1058761360295,-919.8924718998402,210.99749411233415,465.43356601417577
-8245.352718949769,7520.12530686251,17760.70430254171,15720.499391500214,115.80214742043088,-10097.16427143052,-8012.754378629938,1446.0480355937696,6690.663843672068,2478.142128280546,-758.9626946052069,-80.82852291264601,452.67742645856714
-8611.372350199163,8920.583447926341,20561.514339744394,19213.51268463673,2147.2121573834033,-10533.64700719126,-9810.759190208595,-179.7163071776728,7359.358626131957,4323.735448108092,-311.6627821419458,-395.8460070010808,356.4039481855379
-9261.652009534144,8226.973037416254,22731.15919550616,23133.524934904224,4880.957684736325,-10687.83553821461,-11752.750131499008,-2190.1371693920173,7673.193117741289,6400.9563913363845,440.10026802305566,-798.8406469425989,143.59978824631906
-9306.103704501991,6478.328495639163,24000.105210525624,26845.83236263864,7872.3047265982,-10827.196638854139,-14092.708534701504,-4877.782257275384,7385.058560166959,8821.297387422474,1900.9070610949975,-1035.2084789749451,-112.43335611249279
-8642.419147043815,5799.286106329035,25303.892936293876,30231.104964811613,10901.012372554642,-10907.853952520365,-16766.62337603606,-8476.812289790847,5761.90189296435,11001.85752593586,4340.12868507968,-624.9125298151912,-242.901660284301
-8519.483090617081,4149.273124771001,25970.977876229364,33201.31107529269,14341.100382956729,-10189.126227999614,-19015.47848666455,-12525.32396335947,2389.751612558611,11741.096081625774,7233.044985002802,674.9238390900023,-101.34294281754626
-10133.672380576016,-2318.5838119716595,22659.591832926017,34139.092369550395,18272.957438327034,-7734.612076879848,-19758.025544428783,-15945.221589744428,-2145.5445449799795,10232.719662539579,9413.82486212769,2544.7275518403835,319.3778232933185
-13343.58747687587,-10838.761343717715,14050.045715712928,30498.15741733892,21412.151819510073,-3430.8458197914956,-18377.584259456184,-17794.3335280574,-6600.506992103704,6788.423870128172,9939.60912468101,4294.151570918691,884.6014593327566
-16977.10051031873,-13619.014227844114,4591.743855089363,22073.50306279122,21766.73457803861,1622.0254210598068,-15130.465633725678,-17827.190041895803,-9942.380117023074,2513.9068065934907,8683.834183579735,5323.1991588236415,1411.5962279861815
-19876.287452506294,-8899.44895481838,100.29110312029394,12381.36721670522,18627.804156983853,5842.834827998171,-10895.810721314936,-16429.37332216219,-11803.850873371248,-1470.0655493270149,6214.796241983319,5401.80627271121,1758.9615208589548
-21505.7196276261,-3060.838294834992,1271.137388809767,5681.340488043764,13433.33695669767,8264.22552281368,-6627.494459558443,-14237.871220603505,-12377.419219528287,-4501.636299544007,3342.7979588920043,4668.764232716113,1866.2793145970118
-21974.54381338883,-1773.4472547766861,4109.061849032063,3446.039655207783,8533.709436031872,8969.579360899397,-2943.6396397672524,-11825.54164827195,-12120.483351362915,-6446.718681101245,732.2146270614338,3480.0433053659685,1757.2015754255783
-21762.76842838947,-4853.155178495966,4938.8063859939575,4187.589661920292,5477.140168251408,8704.730937556727,-18.447455026159673,-9544.364256118115,-11499.0006847756,-7541.487601756147,-1298.385360376165,2206.41121901697,1511.7377861912805
-21397.70090689136,-9175.18750517768,2943.808801623434,5608.185404726706,4466.434142324851,8254.362155764717,2290.5635136995206,-7502.136754110526,-10828.985208147715,-8150.8229333743975,-2760.615616416542,1078.004940022131,1217.297425183773
-21259.30135061919,-12511.819989944774,-856.6661631580524,6182.27202239814,4879.280499958474,8111.837504025414,4247.125853473105,-5631.300727180544,-10236.63856464156,-8575.769958966812,-3836.5433878888985,153.59609438120907,930.5628285214352
-21557.37707915749,-14338.732709658283,-5233.7133912765785,5344.647119725903,5898.050427313584,8477.78055111016,6110.267899979811,-3782.4758892470336,-9704.876609421766,-8982.710846543221,-4721.060660187616,-614.429889806059,669.971100920005
-22396.788975179574,-15011.149979013335,-9417.16247816805,3095.7539136475016,6790.333728135312,9351.763582531466,8100.532012333257,-1783.9535877166036,-9138.74606825173,-9422.625063308471,-5547.869787534364,-1303.5708845582847,428.5776413851198
-23841.26290914013,-14988.007636969527,-13077.158024767206,-329.4454381103613,6958.092779384737,10568.689041721187,10396.325137203916,542.2603728194929,-8406.641159746538,-9874.098463665348,-6383.071879435676,-1977.8938020205374,189.47869442328602
-25939.44071538587,-14479.946767012303,-16107.11594016258,-4624.931557677021,5938.700496404163,11794.229625249636,13106.392479864275,3380.4889178317258,-7353.517007422221,-10272.781377268653,-7241.953616283896,-2674.295972912186,-63.87622570632904
-28706.75139157303,-13402.667438736798,-18410.954224110646,-9459.031603954993,3408.6186393201697,12533.767463208444,16215.07219248963,6908.809416388769,-5800.690199423961,-10521.311646133294,-8102.753323189249,-3401.901396136825,-342.0768318297858
-32058.515771827875,-11482.808100408414,-19762.32063179987,-14435.504239849519,-806.2966688372097,12171.28630734328,19522.258483272897,11259.317475617569,-3549.2984271366295,-10487.412354796932,-8911.420246562768,-4144.848673834582,-647.0007217218168
-35694.82830990129,-8400.074274931849,-19751.831084349342,-19013.19431897556,-6694.249669368378,10040.816775213865,22598.100173920382,16446.261312782543,-404.53404066755354,-10002.93783334553,-9581.64032577245,-4865.930957948526,-971.0304452573744
-38974.554594065674,-3907.674123553148,-17813.508583853585,-22455.622102369245,-13986.782044783507,5554.748995667677,24781.250431454413,22269.759793941037,3765.9503099973476,-8877.51646966455,-9997.001040602187,-5511.065665701458,-1297.8672598580422
-40872.35587340144,2111.1130144120284,-13316.632488416652,-23900.016565115307,-22099.051284710502,-1591.4452411372235,25266.924491233407,28230.39023974493,8942.721105234265,-6933.889585159601,-10019.155259272204,-6013.839289842593,-1604.498470802421
-40124.330331850724,9744.762732079816,-5724.681115108991,-22611.97086058533,-30154.840588934,-11176.695195503495,23310.16478396576,33510.29633713691,14858.999463640237,-4063.0666645752476,-9502.994260423562,-6299.530459904628,-1864.1134948726703
-35612.70474183019,19309.85090012207,5084.120038994583,-18407.532923983046,-37117.27505818496,-22267.37915368677,18510.872879558312,37067.63332536058,20933.657591144023,-296.054517098497,-8324.13805269999,-6291.800023960204,-2050.319642647454
-26947.8391338302,31226.7175876535,18184.12966938199,-12065.382204854446,-41971.571909164304,-33202.74046808413,11094.057709119126,37871.50816127342,26281.561552124756,4120.487488913643,-6424.812121171425,-5926.380400133417,-2141.976123740648
-14998.916566771128,44654.59510290748,30914.823128971082,-5331.631200583845,-43881.50029950554,-41872.44176661967,2042.1648248197712,35249.13350944346,29859.113014625025,8689.489726780135,-3863.9088585774102,-5166.565836936896,-2124.860724396611
-1927.4315190683383,55597.83053520788,39185.240569804446,-158.57917165804884,-42272.44089868627,-46283.34243002611,-7055.359559116457,29202.9462527598,30728.91350382031,12707.388398348372,-847.2415220768678,-4011.632601772324,-1987.4691684759796
9410.7126102831,57834.25940474718,39615.08620935971,2466.795181018265,-36953.940058836524,-45204.00807689303,-14375.524520196253,20565.167765954124,28344.67041211572,15358.460881681156,2246.137045093794,-2516.1856445278727,-1719.4846680156825
16364.262372896348,48230.07862552251,32271.399657670492,3007.6747238775506,-28491.247376019135,-38699.88109847834,-18309.334843371726,10999.90910528863,22851.689230204323,15878.322210295304,4834.693058832287,-850.5416510357305,-1329.007751419978
17563.042213036686,31031.74083460288,21087.89212877575,2651.1299342745933,-18559.628846766427,-28427.37460464686,-18048.704181382425,2716.4270929052354,15386.525536859072,13925.327962429084,6237.209673446553,649.2892291801584,-873.3877147032458
13911.080291559776,14722.487954480544,11008.193679055721,2247.2474936921803,-9511.872054693364,-17262.8613005233,-14192.06037339422,-2398.853668053625,7960.864986107214,10042.852343117522,6041.448109157679,1577.588165658056,-463.2953625131433
8342.113097220761,4742.7690632963,4690.691814577724,1997.3398066329933,-3124.734420679403,-8017.679432093861,-8653.604039801867,-3843.657781290517,2552.573236463719,5639.379570400139,4497.793387422531,1713.3253162455899,-210.17690462427083
3929.687964120706,781.0352023549292,1885.896912683051,1838.0283694412492,312.10886505311635,-2066.0629268960292,-3564.5739160276307,-2684.4681882562572,-0.2010456616226861,2218.7517206832945,2461.009312615422,1204.2769487275527,-152.79434293945724
2067.103446164383,-128.41049195223695,1084.1847145653637,1777.5339029269269,1709.8033871751811,926.1796679719522,-93.51652381479572,-595.0804065139982,-231.3717550099684,511.98231118293444,840.4216835272284,468.28695124024193,-234.3185582988442
2357.4904906294328,-290.28715365059725,1007.6640785304071,1859.1357914101202,2208.516544651996,2149.5632059841455,1785.2850800043964,1244.3228427819126,700.8400266392515,306.713140363958,82.91621463822116,-94.92406901555901,-350.5343166803889
3727.4351783204843,-683.9611634155957,934.332315367479,2003.3567742350867,2497.9459177975295,2675.1516665624395,2698.4914486729344,2483.7613410512117,1864.8345581616518,936.9326553435383,107.69564341618408,-308.40844207788524,-418.35734744418653
5366.844334661621,-1529.849319198427,506.41180299679036,2006.7526554844694,2753.0590157733504,3059.1342320524836,3245.8405657840754,3288.684689456952,2861.6558115217304,1821.0857248944842,583.1747456741141,-213.30235806975531,-408.75523409507224
6945.760831713263,-2701.4632096176183,-384.33709603216903,1681.2463845026004,2893.5765591705717,3453.4462533862898,3766.233636506046,3943.378565816894,3677.7155948355166,2670.358389274313,1204.634596843375,53.40773619839965,-336.48368462810515
8401.092420236842,-3956.752569724273,-1655.1181225796054,966.7534760539489,2829.1261940233558,3856.1398649363664,4402.708439471707,4669.357851699461,4448.877596854014,3429.6862399202287,1801.4546141214998,363.2685892108857,-233.79601644428217
9666.720051231603,-5138.728527433365,-3143.9620406494178,-61.69799071570134,2573.306690489402,4288.21800518227,5241.72356558248,5622.667128909724,5328.177896066039,4152.587214213822,2314.2486711454208,632.7081824937659,-132.03060396450846
10502.989366841235,-6251.0132751928195,-4707.806264117392,-1236.1838010988788,2270.8404534715755,4877.383195108743,6415.407213045472,6950.227662373901,6454.69049574436,4918.675058523237,2736.8575072625395,813.3907727561947,-56.56435372056751
10507.288372841913,-7355.121851436673,-6207.425948345243,-2295.838999248906,2216.494989954239,5899.897502445355,8157.680795691168,8837.493264634744,7963.667562315152,5802.174599632277,3075.364636475758,871.7883759671006,-29.423347751678705
9511.752254869758,-8361.063821757789,-7368.805577358671,-2804.01337248715,2907.806072587043,7816.04201630593,10829.687755960887,11527.767939095305,9995.711157977245,6865.433662311563,3332.356981175212,777.5831080637278,-72.48372112121277
8736.935391406721,-8825.556522919751,-7595.9378505896675,-2019.5150168468851,5112.167635624537,11288.50945973943,14909.07500902736,15303.72881572214,12684.591010274024,8155.125904388863,3507.8827428858,506.03060031975866,-206.55393591876708
12907.176335802049,-7921.935186995664,-5885.485387453064,1157.3826516353636,9856.848176023295,17118.977427471254,20903.815870217222,20410.86399278579,16110.630389422067,9688.04465608119,3607.179810697472,52.409668525119116,-444.0258592389317
32442.499666128562,-4826.772582291183,-1066.9636204775647,7964.717875647223,18182.392051979874,25991.302265162634,29125.05482554868,26892.338949516467,20207.584218226006,11418.360964376896,3646.146038920589,-547.5070512931511,-775.4680614708864
82542.13962122289,358.9149452489653,7455.779006868983,19088.112399846257,30494.991362820143,37914.630088915976,39267.02420065536,34319.290293612125,24621.452595134346,13183.783529175267,3645.677849432582,-1201.6841127377434,-1154.6880788449437
174164.47634329525,5708.159669864399,18650.63392957464,33535.95235345017,45532.31601189652,51405.48354526571,49852.51768422993,41472.680448708685,28558.547229006293,14644.583207236527,3610.0693148608275,-1764.5139595619244,-1491.6106172464974
295603.63154316804,8017.902252852475,29285.468261288843,47646.153682231874,59419.93874488081,62811.66578145983,57852.00356054239,46180.35142756291,30734.638406113638,15262.187415807828,3498.0828445361567,-2067.579767067564,-1664.007758591547
396687.84016414644,5613.61127020789,34798.93137585301,55328.478603986565,65871.42924928482,66625.99996731545,59062.319829949345,45657.50787434314,29601.97606879129,14393.317679839663,3213.519620620524,-1973.989543060225,-1553.0675328025595
401079.7060432927,994.5333153093003,31586.15216839762,50459.160990360455,58567.1119838726,57587.85117907418,49736.673281041425,37601.72785940207,23963.82422588281,11547.318679607613,2644.288230707517,-1434.3611134742087,-1093.715977986537
258865.58523801147,-1054.9893080884924,19205.814690255513,30830.559004238592,35282.80254935025,34143.89876948081,29068.453126109725,21737.02175792479,13790.69743025299,6728.4591569036265,1744.9016263034023,-516.1173201569172,-316.2892194480063
3311.742668691279,782.9273836989518,913.6040785254928,969.214934264013,966.2111025865688,920.9921177784777,849.8008665249339,768.492137204895,692.0844435868875,633.9693045075719,604.6107001906518,609.5200180160327,646.2384463079386
-253429.97525180905,2432.983140539866,-17618.009336390925,-29137.503641526044,-33574.85940218355,-32491.79577218961,-27519.498742584696,-20312.730787356966,-12485.989332061172,-5513.059865224761,-568.0622506024823,1716.0654859688302,1595.8311064770764
-398358.7183095101,-31.716385650317036,-30544.729377064294,-49340.76771006607,-57396.62262895934,-56399.192892332954,-48561.473260493935,-36460.58845475897,-22860.269400631867,-10465.106963884407,-1549.4769617312195,2584.978031673454,2337.00030904006
-396492.14536602097,-5031.781932609255,-34278.90348442058,-54785.79629011361,-65264.670638421,-65943.77670400479,-58309.898916884275,-44845.02312654651,-28735.202071275788,-13468.117024730187,-2215.586346331312,3062.709549454043,2742.1293949421342
-296636.60881834745,-7667.158516928497,-29068.165468129275,-47459.17352006339,-59189.69319077207,-62493.012455944205,-57421.530871125746,-45628.54953937335,-30059.219461657405,-14463.898748422404,-2580.1375170876445,3096.2576476432755,2784.5147732494816
-175179.61518590304,-5471.118894413985,-18532.23079761374,-33470.12664568644,-45452.95898422699,-51256.140125190745,-49589.33117876261,-41065.33325771876,-27991.461742643332,-13918.614139757707,-2743.6105918056164,2737.246398903102,2528.716913646488
-82963.15660853041,-172.6551695946775,-7331.598065221944,-19007.62672833529,-30418.447542683334,-37791.686158192715,-39045.41157795095,-33954.438134369084,-24087.526316120446,-12483.215214235366,-2811.857233385239,2113.692243043113,2090.4169544526508
-32277.370177405315,4996.749855130162,1224.9495789018656,-7829.211721168906,-18052.86558558443,-25828.84159032192,-28877.542078630253,-26510.06038142856,-19662.84355418967,-10721.28360416362,-2845.9577680008265,1382.030655250458,1589.5797401297327
-12396.527347725658,8092.153149035872,6071.042327030168,-975.619807399437,-9674.330997981268,-16905.189081492554,-20610.14444559885,-19990.173783443235,-15542.799450817285,-8997.802978294485,-2859.002981484025,680.5227454038886,1117.1965123487466
-8101.796270838571,8997.30560351545,7793.811792311655,2225.720891149742,-4895.995688133252,-11035.175198355897,-14573.772715287814,-14847.335922372182,-12102.368598458937,-7491.103341650387,-2838.334092977687,101.31386622442471,723.3995332679486
-8874.90712632023,8527.868988987135,7565.356849739177,3015.8472374208627,-2677.4085668120806,-7539.359076071068,-10465.326312100593,-11048.434786636546,-9417.374918616268,-6252.693764099526,-2767.2430854711465,-314.1221932238042,422.89218764224523
-9912.316335234398,7510.741539845076,6394.004382895308,2501.2363048052557,-1985.5190125912832,-5612.921164485509,-7776.783630881712,-8350.15362506553,-7409.45817268214,-5264.2860157674395,-2634.31806599444,-562.8524296672297,208.24371318877883
-9954.065227051233,6392.752965589077,4880.349664032295,1428.6723252408,-2047.2828312529696,-4588.678302356319,-6027.90645833559,-6468.640823135569,-5943.011306013183,-4474.315941418441,-2431.8767529534002,-662.8535529712653,62.55970490142063
-9156.137905717027,5266.448469500837,3300.9943204592773,238.3265497054145,-2361.005246483501,-4002.481335536246,-4854.692395317432,-5158.3921665812,-4874.211397405961,-3814.809110346307,-2150.6640210888067,-639.6749277451444,-33.07056152744796
-7921.413386558908,4070.578458177098,1796.3400139941355,-806.4091914498292,-2628.5996792549704,-3574.826872099209,-4020.6356462824656,-4231.646863588236,-4064.4122766031405,-3206.4747070060175,-1779.6401869787403,-523.8099990194333,-98.20740769359446
-6492.677299585922,2801.689035675148,511.68987010410495,-1534.273456098591,-2701.8656281063695,-3175.056920330033,-3391.4445069604567,-3539.4965137849413,-3371.429426420183,-2565.3630817988337,-1321.266494361662,-361.4394326024076,-155.87904139732717
-4937.682874319208,1621.7310785060301,-385.18790591705465,-1865.3539301638325,-2563.672010370923,-2779.9923062509993,-2879.526790044957,-2924.5686396279175,-2639.174581504182,-1833.60391809076,-831.5112283275165,-234.15061401105018,-235.07490744791605
-3317.2241809570132,784.3835265304871,-804.1736452071956,-1856.2803653625265,-2303.564468680465,-2392.464381239236,-2343.099280194371,-2164.598864748634,-1727.5768193110605,-1060.6318274193504,-477.2570384801378,-268.57777502189157,-365.86116258478063
-1953.9369919410055,423.1797988381385,-854.967624812421,-1700.8230241907102,-2009.5029710407455,-1868.4175983018263,-1448.0864388595412,-973.622910769941,-642.8219148873401,-527.9037357924367,-560.0682918200653,-600.9215606589897,-561.2453493643362
-1649.049026960746,300.84809014079997,-915.8785520857097,-1623.7306758048162,-1527.7113126252896,-668.9336933935666,398.377770802043,819.6023016623897,227.3384034855358,-810.5236973149498,-1411.6855756439847,-1273.5335834299617,-790.9273413250306
-3476.7432330984443,-591.588565542279,-1735.2556137283098,-1732.666500235505,-197.85339077954154,2256.050712923502,3820.0075437910914,2876.4354427539056,-38.75781072557207,-2575.129103032068,-3118.548732752871,-2112.001623965898,-970.5335707589326
-7855.634448562132,-4542.501312818477,-4581.555129035432,-1989.6642580544863,3105.6241935053986,8089.107218404355,8849.568246537217,4026.7437111997565,-2601.7463491244766,-6046.013351208831,-5242.134801357384,-2717.276477033361,-993.7427518616204
-13427.070103181879,-14445.029927618938,-10905.455560007518,-2344.797349121452,9321.651733436516,17186.233103150378,14332.152118992397,2591.0521895819884,-8016.899724273616,-10509.386567996902,-6876.153961829505,-2667.1729051924117,-800.6316744024614
-17133.74116966673,-30608.854116263617,-20919.47732272041,-2798.3412380519426,18228.631353881956,28220.376829634428,18143.498268570485,-2524.454010576674,-15475.635961289485,-14469.637587896126,-7158.289410847126,-1805.7282198062721,-426.93230857546484
-16019.273691351487,-47744.44103364728,-32029.681196744823,-3131.0575483436005,28111.026447042746,38423.92689198305,18362.969740243232,-10849.960211632704,-23016.42739413598,-16510.704558373793,-5825.277370325419,-347.4135127553899,17.38459578734262
-9136.90622748516,-57488.89480594878,-39400.32727338245,-2544.740345936059,36620.571175430196,44933.23273485572,14381.802680838986,-20512.29660515773,-28621.888790432673,-16075.017026011772,-3281.7611498098154,1302.8508368399462,421.08291509662126
2174.10116858796,-55489.56238335691,-39106.73377328148,87.45349515046799,42033.530240220985,46070.42917935976,7004.135006347415,-29290.83445094644,-31138.035108822078,-13495.777152819765,-210.59466076276425,2805.1742299322646,724.9846678697471
15271.362338180468,-44686.973304314466,-30977.438282072475,5228.246359220021,43731.37028168338,41730.64393705909,-2161.173390762462,-35498.52894944251,-30402.34405401452,-9536.382126049126,2800.2922057105543,3984.2512364287604,918.8545733476748
27289.240093768894,-31261.245033815216,-18302.29492797419,11936.953546333993,41880.74883322975,33108.14402458794,-11292.236699643567,-38280.61693404699,-26947.40091716899,-5014.129151229,5365.669821645668,4781.327169838911,1010.936217600316
36041.68547737902,-19295.144836593183,-5172.974642929486,18294.107976157797,37057.780817736995,22176.353023601583,-18798.853725440826,-37617.4215721488,-21701.22510255209,-634.2325104227136,7275.295405897952,5194.029911746391,1010.7910937008131
40629.90373752274,-9694.153443873736,5700.82937875888,22547.798017084842,30106.551788094202,11046.922062940172,-23692.736622088145,-34172.403995568755,-15704.017319505307,3104.5797845151037,8467.838724768946,5257.259578935125,931.0266861550451
41421.724893874445,-2040.7822956659265,13356.808648621503,23894.736566086372,22046.165847966622,1394.9387565134532,-25740.121286599155,-28975.384444694242,-9842.95171252331,5954.439478938846,9000.956980148016,5035.203648239917,791.6810134797189
39526.43382577622,3995.8464139404246,17904.90964812922,22499.237376200475,13915.11177819156,-5829.159138227352,-25333.508136384462,-23072.676952848477,-4703.89902233807,7884.08178513946,9000.949485557117,4605.6909175559595,618.4022858104506
36210.75971660295,8509.005915678053,19881.391399571236,19088.09191760859,6591.986894410205,-10391.115905161187,-23213.905681892826,-17288.782585558067,-558.5987445525295,9003.044971292207,8615.911360750752,4045.655111300279,437.1391058022829
32509.488740790886,11612.47473821658,19919.272972521692,14525.020530778473,665.6302252174104,-12587.672753624991,-20186.150961154868,-12129.545605705893,2569.7531260423407,9489.619135903426,7987.271959410539,3423.4232191219344,269.4327881493251
29075.000330366078,13548.922567021478,18587.47356952749,9550.796352237938,-3591.3178839787092,-13003.36816272429,-16914.297615581767,-7799.665934204339,4811.449801921154,9535.459919194705,7233.961125167088,2793.9221341778693,129.2682071130372
26216.879179141408,14636.742901602318,16298.871476403789,4710.545275149668,-6163.85546301711,-12304.036988124197,-13831.74325106675,-4287.747597369667,6360.685025128522,9309.969127194036,6443.831772355043,2193.776610178812,21.20131358709582
24026.732206881068,15150.672839289991,13283.519193068705,402.5050312824748,-7223.818907915985,-11106.878571637408,-11141.82348284114,-1463.0254272503785,7416.474014612339,8946.350559130933,5671.309234727395,1636.9076828641687,-60.14062329366861
22493.59498567367,15179.744865601213,9640.294374014313,-3041.8387745803366,-7092.648391285164,-9908.08086125315,-8862.724368119587,852.0454119166714,8157.8196908149375,8542.413586042425,4937.453008652611,1111.2905183263654,-128.9191785069463
21571.611161560675,14520.984900427997,5475.542954231081,-5318.227881177605,-6230.1955040574585,-9043.400092456604,-6887.661829975173,2841.390694428721,8739.945820100307,8162.552276572183,4225.531300906836,576.693823293258,-205.08000559860182
21199.035927597135,12723.40858870914,1112.731224322077,-6193.289624780395,-5229.693454030112,-8679.22629864112,-5040.337635386728,4682.295783183445,9294.517816522608,7828.105326590867,3467.685442206671,-34.328030224430734,-308.66683317745554
21273.09835259677,9430.595750804723,-2693.0899098673385,-5663.0241698057935,-4815.66899126958,-8818.796237242077,-3103.450997125135,6545.517486001256,9916.803650056463,7488.279856773286,2528.353905063003,-802.714704650055,-449.58987637444045
21586.867794695638,5139.270596338118,-4730.283962183833,-4274.800144163514,-5798.309789489245,-9269.385186512312,-822.3239913807182,8580.130764695388,10625.069978433941,6977.251844684463,1210.205034326773,-1780.066212361052,-612.309363997512
21763.606944229476,2024.3009375627348,-3970.071769723935,-3519.835228466991,-8805.65531394607,-9552.442880705887,2063.804133947707,10855.477884073876,11295.485364163984,5994.075330057399,-673.1411139275883,-2912.516202294189,-742.8506904225485
21277.248057275596,3201.9249720935095,-1161.371116216157,-5673.225211935531,-13667.706488041662,-8898.460044493253,5700.311974552123,13268.5728944891,11614.858361567216,4171.574374185459,-3140.4434601853836,-3974.9359083078202,-755.8511251946808
19643.997752042418,8981.22596480905,102.6106961282535,-12263.924125108671,-18885.796137312376,-6561.4102387326675,9924.884932579236,15474.626129418428,11118.676592964217,1267.2153008518046,-5881.831383451649,-4599.544076269427,-572.2383810276505
16744.979931487433,13849.466322047172,-4209.719396069432,-21925.702636399023,-22130.03345547242,-2430.8749469287864,14137.725851889996,16907.874047218364,9347.622086614818,-2594.943573408534,-8239.682176573278,-4429.694807158716,-168.29474895285352
13102.76850085521,11335.713237239388,-13587.76387978483,-30466.47546230246,-21915.635790022865,2568.0760266344473,17400.09954601017,16934.21592064619,6102.322888986069,-6764.0639440752075,-9404.84500810346,-3322.433645404264,396.12252351553764
9867.086772297529,2891.823313756638,-22330.344029147942,-34297.79108020556,-18868.796466129286,6878.577080791823,18832.87755579236,15162.153646779758,1738.421584703079,-10125.874249015005,-8801.907555204825,-1501.8095064736488,980.1569805584346
8218.118092725319,-3757.2119467166076,-25850.011861646144,-33481.92314167097,-14944.864567592562,9383.70242252572,18161.021171917717,11822.578299715757,-2721.456001280706,-11568.763689804853,-6543.441818277457,436.1986124689425,1400.8251598438983
8321.73154986578,-5554.534951154904,-25263.726752729803,-30520.671962018332,-11469.244426627778,10154.83177968489,15975.917502746635,7844.36604643921,-6031.350725046322,-10762.357815517322,-3561.858657289061,1798.0208539289938,1521.689099619468
8997.327456930609,-6180.631559054537,-23923.455618639917,-27111.556733141264,-8421.087485025742,10100.116818910932,13346.16466801294,4305.325044930947,-7589.759921943141,-8497.480855799988,-1027.9207611315837,2253.794911887492,1347.3821125119953
8980.713910643595,-7856.929248324366,-22650.605410786608,-23413.138338992794,-5439.670784536482,9964.503838854773,11037.013010233573,1677.5286521464382,-7798.716272935182,-5979.499174148151,517.457841456048,2037.603635965022,1023.428948729264
8348.085850919193,-8622.227389415313,-20551.15662076706,-19527.828588232012,-2719.754788855657,9811.442945718243,9124.876388584267,-267.4788090554707,-7396.263707980344,-3807.1867099895453,1333.6379214610079,1629.5914547583445,720.539839534131
7990.524870158158,-7340.2990710437525,-17808.26564241619,-16046.876747350914,-688.7797047255925,9383.295146444847,7360.041902309602,-1827.2105739548626,-6641.741589461297,-1876.4674884737008,1828.7518027929723,1290.558451896979,515.5917555357112
7920.606784202357,-5855.661933175837,-15527.228669204991,-13270.240010034348,659.3185325538624,8670.798179221123,5710.150293535338,-2919.3585347947796,-5392.430220795174,-102.00703436191537,2027.5055828597901,959.8703589004585,378.69200913810306
7071.807946726021,-5894.473796776142,-14063.665114021645,-10878.310465251456,1736.683785927611,7972.7010235244925,4395.032365620536,-3345.878196795386,-3725.7568812673985,1216.80248912535,1750.6267158455737,512.0869165382097,249.22468426224907
4860.308765225584,-6850.707882964058,-12826.98454397141,-8508.177711906394,2838.008068197578,7520.041950608204,3513.3370067614023,-3218.5391294400847,-2086.381540987304,1783.5960457033207,1048.9034398608817,-19.234581216048923,105.07670112836627
2121.058814261062,-7157.963007042536,-11320.656537689598,-6222.04305408309,3877.0377779573887,7229.841138804543,2867.972464795196,-2892.562554985526,-842.6927908346154,1719.430212743069,257.18675711413584,-472.7043931447668,-30.4681667063266
144.7183958118913,-6362.470301441006,-9670.726566769628,-4306.132605844515,4610.573771304185,6860.6486906180235,2202.7287917261156,-2581.025599990553,32.61655643723705,1431.433339397098,-314.76843333474505,-725.3595222647009,-124.02954048826378
-784.5631673522273,-5256.1400462253105,-8213.065311405899,-2832.8753843161285,4983.545637963011,6318.86945622625,1478.1540980903965,-2207.3192244590805,788.9875176009754,1192.7314779847268,-628.1148254853362,-788.4777704890071,-163.7922379788099
-1568.4103174589618,-4619.209320500604,-6968.389365586419,-1542.6690648433746,5215.255945142846,5739.413122138412,833.4628303993379,-1600.4386297472383,1550.3116051951913,947.5923233797769,-868.4890721790835,-770.1052917152276,-164.6340381181578
-3201.4844060273194,-4411.786492162308,-5653.427896091037,-105.64339546796536,5575.029545523459,5260.571917691662,355.1716450041083,-696.2723125315038,2184.944245821361,470.48141571677246,-1227.8616878112553,-775.9679596773896,-152.88350935283324
-5737.277451325897,-4164.901716143145,-4132.931199512477,1503.9681458880223,6050.6071152822315,4769.5018566777135,22.94108796849335,447.14930805643155,2430.240775418401,-355.3372668560047,-1737.5085632205369,-837.5443320772864,-147.7583772182291
-8258.54984791824,-3863.126244189448,-2800.2236227070794,2824.390243016282,6225.561586524187,3984.502637150597,-94.4057351279715,1678.2926466092988,2108.6794663109413,-1392.7216703794466,-2255.8063500309654,-903.0140617168287,-152.07640614084775
-9658.887775357498,-4030.505794344195,-2315.4655388794117,3213.403972746909,5635.653352085776,2883.3482153360374,230.55708366810504,2734.664070132697,1300.344324991404,-2321.9637459307864,-2574.0950152878286,-879.2205872925729,-156.21080573329965
-9453.05384965463,-4662.532823982989,-2692.822689974107,2596.548526239426,4380.168544197844,1909.1849657085024,1085.5459510989178,3358.3082176774687,348.69432097336716,-2859.220250065593,-2552.362070557014,-697.7120124976624,-151.74990202403575
-8091.333929648512,-4755.065138500352,-2967.97134189565,1745.9008867075543,3146.7388168879866,1528.4728770234658,2236.0156715367166,3556.780129532068,-407.30121224311466,-2980.0302152100803,-2220.875872969451,-376.73410962800904,-143.5276896051875
-6740.262331164997,-3481.390045585728,-2123.1353071448425,1570.0630037310054,2558.837049551451,1903.060555949478,3555.513850642678,3531.8024315579387,-1047.1750666725181,-3006.8133842537486,-1813.7390127356587,-33.945608092963795,-142.34887537403444
-6586.461527958364,-700.7690710256252,683.0876014959806,2984.563243809432,3286.1735692682355,3501.7902501503095,5299.162234599574,3068.2679988861596,-2188.9738100552067,-3477.2639483801204,-1679.3906773140652,210.47003509302056,-132.602172702355
-7699.8962187140305,2091.1871702058584,6151.939070192954,7533.384760884303,6704.555329457853,7196.9301098183805,7240.4778801977645,1276.7276693422325,-4488.984983880043,-4794.528222215383,-2005.3684287197068,412.7902573583284,-52.482726222416545
-8267.828976028455,-776.07618283351,11637.490008695631,15138.805741879805,13151.708053599083,12387.829198506233,7958.55512293065,-2418.5491688291704,-7839.228024395539,-6790.800837441111,-2489.636167580223,838.0208602410046,151.27143688094145
-5863.620861324531,-12189.025480155671,11083.443613203037,21096.402997119243,19276.630433266557,16086.998384967066,6222.0379692798315,-7015.56335704057,-11075.051724205809,-8554.609042776585,-2405.661043648042,1638.9624021006957,416.9882455584991
-560.7391143306094,-22009.904436493223,4194.08643925224,20469.833880169917,20605.66626072098,15869.881685882408,2897.247453351157,-10309.847062085524,-12661.037351325622,-8920.901439248335,-1300.9469917967517,2477.4142479648895,556.482440583627
3946.814790685593,-19418.777228324914,-1102.9738068149288,14993.403620289228,17034.488786740585,12740.308027071014,219.51274972416502,-10830.341882584977,-11875.037374975087,-7460.828244225913,339.1286930668491,2701.906253399392,415.7598631965651
3951.1783408508313,-9276.551278038987,-110.91851164749508,10336.328418498773,12473.531031264094,9505.522174282301,-686.7639393284779,-9122.727832571265,-9439.042404471576,-5020.3759217067345,1440.988736185206,2048.7506187667313,47.780672240575996
287.4288288547819,-2274.094915125504,3988.389202654834,9092.503826808026,9975.822337665602,7730.776994804367,-563.8854849173829,-7065.709005542378,-6999.424324497932,-3058.9834668127814,1488.9139339185406,1014.6636676168114,-314.20743526605304
-2166.64650193676,-1576.2535204165874,7439.389981269765,10488.632021676296,10001.311749276425,7379.81398109414,-645.8981890163795,-6232.07551914496,-5896.905999164063,-2342.169529201662,1090.675633052407,390.7540526588052,-459.268163318935
223.53628636124543,-5513.653651871928,9159.989144576624,13133.174513176678,11704.980200903927,7833.191489415466,-1456.7759592687357,-6909.00359528755,-6266.945823539245,-2360.84800211526,1241.9853009066583,501.24419032409935,-360.6672566148586
6067.814859013173,-11331.241642400006,8477.326668188802,15209.874143168658,13575.136924039465,8234.99170836074,-2795.217230074034,-8285.186378019755,-7171.304219432176,-2071.7454317742736,2189.2616632783906,993.3136034139543,-153.23079579322962
10748.72538322105,-14470.595288987375,5606.928995891239,14908.468927050431,13981.61059788899,7766.845777077999,-4195.802650775898,-9290.360182862192,-7534.509670338396,-1073.8954859196756,3218.2676577027555,1301.150710116527,12.647566806968655
11140.341537893426,-11712.123664832607,2927.699325730407,12327.60965218759,12472.523953307837,6227.752030105389,-5275.591558327205,-9341.800301252864,-6990.921780284172,58.51857575588579,3482.4901610369316,1183.3821270918893,81.71800806513295
8160.731463667472,-5468.825607219293,2649.2874828913723,9507.543510995518,10099.999418826312,4108.028097545398,-5903.136557154379,-8555.695180368208,-5976.158190500342,482.3324629660839,2833.0420139693733,827.0186131251951,93.25379819530059
5448.602944324682,-1254.0321592392647,4232.63346783042,8163.19254795028,8204.044485042123,2074.385360612252,-6170.405040272968,-7457.1972711916105,-5185.849458401717,-50.407163963532355,1863.6580941481293,581.0542958453098,116.92293067050446
6114.824128338212,-1629.7139756727627,5550.983460656525,8336.593063645967,7346.838812557015,597.8971963631411,-6199.897563517045,-6533.745954019612,-4979.755799642627,-968.2022655602295,1329.4286333555037,656.5205010109167,197.09583197037296
10365.94251460916,-4778.209788366752,5589.793407128369,9185.779908291452,7374.545432194889,-78.06689480630361,-6007.802680778074,-5973.369641884699,-5158.33042323656,-1363.017741930166,1545.0248625435395,1002.6309490621115,331.0483032994592
15638.182528366016,-7780.101218963227,5030.811470186217,10059.09655818059,7858.575818334021,16.36248166130673,-5590.962362243209,-5699.7612146844995,-5165.990885714691,-712.9374278964075,2213.3150401304747,1383.062371287138,477.8351079423426
18772.862713866565,-9135.868601912065,4842.01431621843,10525.195204126037,8244.233093190589,485.4321942738324,-5092.886910875861,-5546.606603706414,-4507.633218746943,737.9713552576657,2743.5212635952885,1562.9418791823218,589.3456678822936
18228.168285047304,-8431.802596947467,5104.0894419138995,10104.550806837315,8002.378696808633,742.1819694196518,-4772.425886593714,-5361.616867821538,-3098.04903706624,2224.2329638370234,2738.44672141405,1464.6731711503983,644.7504875088373
14828.508345282606,-5691.582626850597,5208.272007659455,8677.184938136468,7039.991162487953,431.883898280689,-4783.960289127584,-5052.995578676963,-1353.322498455247,3080.358559269823,2252.5855140280146,1200.0420993916073,663.1394202809672
11140.45241677936,-1964.9066885555314,4949.653339476668,7002.863136172694,5841.462482365637,-395.7130734751146,-5109.764742120384,-4736.168967896006,21.014988562008256,3222.8484907161665,1712.533680734361,996.1481974908763,682.5872845248439
10178.36895528215,903.0142790271376,4910.672163041715,6073.322556289684,4810.915460059638,-1726.5423703742422,-5882.497289127381,-4949.13050613571,459.01438250744724,3201.9213403844906,1669.3878066050718,1074.5030510660579,716.6842105599922
13741.308605452372,1428.981405279591,4884.805259112136,5854.287185299222,3512.9578416528266,-4216.146880197959,-7809.393049794554,-6574.204563430286,13.620991016379605,3864.1104111302366,2527.7848871289734,1505.741472681745,718.0097965126819
20779.04243586295,-3029.8633487145676,3389.5509399067932,6246.704552628444,1495.3179561968896,-8823.792426996077,-11861.572499452403,-10058.684908847925,-434.16896807643434,5768.828955744265,4277.011219884693,2080.243374655463,589.4933107349505
27150.621070192756,-14868.977380354845,2609.2270626963805,9748.780667878778,342.5431089422589,-14973.780291745046,-17806.635716253055,-14337.606701661336,308.8983062007361,8632.928181389758,6335.069495820706,2343.4474953504014,267.26387642716605
28155.033029722497,-25349.196078156398,9508.21221246453,18802.170893982773,2872.706514023571,-19572.151896104748,-23150.13305500906,-16971.6087326752,2645.8497771867405,11311.036480920306,7757.066676648917,1918.140317624093,-178.85993679648163
22489.3910893369,-19145.80572412397,23221.52279821686,28854.45335718178,8711.451927943921,-19502.255878451473,-24703.921881445873,-16077.441771865891,5658.229406878869,12543.328396597748,7840.964307330731,893.9021176717404,-552.273254710731
13438.131556689434,-240.81603965850533,30807.282866798494,31191.34787756065,13362.8481264924,-15029.257877294976,-21570.77816663244,-12027.804389444676,7895.0856774728,11870.513175378268,6647.88662298789,-191.4098939225192,-681.7537345032085
5576.802686054624,11409.729872785008,25104.17954776937,24131.525394908345,13389.638922532156,-9391.810965091001,-15847.444375286066,-6944.294135304946,8563.032884920407,9847.653622613108,4880.54160009495,-841.5854281888761,-563.5658725417924
1024.8344361224842,9364.623846118633,13696.171397899172,14397.275000558178,9887.531425640482,-5474.859218544953,-10487.012010911612,-2881.4936818653687,7886.170592992515,7486.380478437202,3256.1518488420897,-999.0482680560567,-334.0666757561106
-699.7309981241725,2730.781492175387,5948.916205842965,8022.236401606105,5962.9925559199555,-3969.989201931123,-7179.8427510961465,-681.8264792147658,6671.941691398417,5609.179030833109,2062.706130881208,-939.1125998726029,-131.28145480729881
-702.3753281860764,-2009.9449321475574,3261.161812672444,5527.116024383372,3042.222805127736,-4256.344294911944,-6068.012936434222,-34.26188479537783,5764.516260899192,4601.088990371768,1226.676880295287,-925.7211541448539,-12.320043452611117
33.237406256040686,-5172.525091514121,3595.331827654981,5368.243483258899,686.6611381526982,-5832.31340299921,-6594.390396713088,-93.43830126977618,5696.167336171306,4474.0717861658295,591.889508279163,-1053.3265768550273,23.91511366558524
146.14590912638806,-6588.981685247684,7170.402065638767,7595.801979026252,-1211.9916104931272,-8385.49344354671,-8063.438681164706,-11.712897949938053,6540.590733244166,4994.668773022044,46.31526848199263,-1317.778944455742,-16.40121245756768
-1701.544473679082,-3146.7971652156502,14441.57025691014,12489.07645527888,-1690.0808950024655,-11044.610887426586,-9585.652337326484,765.138420559907,7945.647373599842,5774.4629067207525,-517.2232624394951,-1691.8935661532682,-131.84152287264686
-5325.569102569136,5600.52652818792,21908.931593753572,17829.860331577514,-285.02559882584217,-12501.724269923285,-10174.110136951878,2321.835799783409,9321.789725432645,6368.2188856070925,-1184.1036431272255,-2086.651877823286,-295.81107313080713
-8743.243176059288,13499.26021262786,24074.114312033144,20021.590092367773,1848.6948030137614,-12079.479699829042,-9306.144152788862,4277.022823074808,10136.865660602609,6456.726781483231,-1878.7521816390788,-2333.1809277028115,-450.3210848839702
-10055.880240622082,14093.310748386704,19564.323347988844,17739.3868274346,2986.477169581629,-10294.420450908363,-7285.554330911776,6054.5405372186,10175.83753270188,6030.720702342317,-2356.852944117401,-2312.3641268718256,-550.0603050711046
-9098.485841031246,8180.293928051604,12419.959867803973,13003.433768404046,2423.7533706411023,-8273.837222968143,-4932.898362084366,7218.208510639603,9576.379844555693,5344.769933278777,-2452.7395078232485,-2074.6790131021207,-597.8420636437929
-6960.535212081065,1515.8412978826545,7348.191991185181,8742.659144261124,710.4497827713258,-6825.158797880403,-2978.5763994523413,7610.850169575301,8627.15697501321,4631.50592771751,-2255.1562465878287,-1760.4543963057026,-621.038929726219
-4693.071022555244,-1896.2168164434631,5792.369139766218,6306.527922413142,-1183.2659979998898,-6058.45425924836,-1737.5031783709749,7294.562902516054,7537.195649741193,3902.033896944331,-1958.9426293816946,-1441.1335251315527,-628.4216750015783
-2977.8179922362006,-2078.3795134068337,6256.648653737538,5217.237832131012,-2607.2336539879025,-5684.095691940427,-1197.2678320051632,6441.310129244356,6376.371928205303,3055.4571628202875,-1653.784612922584,-1106.6079941951211,-609.1136547463587
-2510.161106185447,-1069.618593112312,6784.264784481382,4470.610003992871,-3491.047991249358,-5508.536800809089,-1233.1423217943,5292.203731455123,5205.988464571483,2093.9083013147874,-1374.0379369350308,-783.5821580845032,-569.6914935891792
-4023.226168072258,-373.3874311997014,6760.486717136228,3619.363233877564,-4175.441331298372,-5548.699292385754,-1648.0335335981763,4206.258699214736,4229.761068570538,1091.950088020056,-1281.25697566699,-600.7910151189637,-557.3974469972345
-7772.086480267139,-80.53505816065095,6646.157433138049,2839.0296792088207,-4755.3994410806135,-5776.7370221935225,-2132.588857132247,3639.658657619226,3708.110880942487,-46.31764241299362,-1623.3281096805545,-712.3562781370234,-634.001153601049
-13137.379032065715,546.2144314224092,6838.334637945008,2895.7402549938524,-4709.902881851212,-6213.896879420563,-2476.8505628943785,3862.84235136543,3635.038750597431,-1566.0573989349355,-2453.4360934155884,-1164.7533432624518,-814.3296177955447
-18763.072983380916,2947.187547251091,8103.630319251827,4931.9066648965645,-4009.0971108735976,-7241.097740604592,-2755.6454090910197,4698.121929354121,3687.46724923474,-3403.597847753804,-3503.5715424659147,-1838.6712637147175,-1023.7996899207146
-22881.16397183781,7642.758638903159,11309.865795002472,8550.98843727208,-3809.4811336478624,-8947.141361949552,-2874.0953697593754,5838.342261368152,3741.404733218127,-4957.531573604637,-4419.887292305025,-2492.1175156006184,-1124.4221390130529
-23516.818411692613,11764.019946384311,15261.045818134777,11463.274593971952,-4662.844153829125,-10460.258094276882,-2200.1631061228404,7332.145029362744,4160.669595726154,-5604.756261640802,-5007.574756023147,-2834.5396628071762,-1003.8169045210373
-19125.835477475088,12443.556719078631,18029.764545556453,12388.938780260636,-5866.952464761032,-10932.722576379092,-315.91492195603803,9221.809522338952,5185.480794013057,-5254.469677319522,-5141.556703349319,-2610.4089903370004,-666.934676500743
-10138.555367764338,9580.828524470844,18576.221300738383,11374.556941794212,-6715.6193029087335,-10125.2179263074,2371.6685029922573,10925.440141083358,6406.411749751227,-4163.959478645092,-4609.186794054398,-1748.5481097966876,-260.4540505764995
-20.384828808045313,5486.65795950669,16694.22668751971,9294.091064269129,-6289.621668844687,-7822.611778947768,5237.917878462665,11711.162066253912,7266.326076241723,-2555.1452959212857,-3299.007107313497,-517.7620638948766,9.374099524700455
6509.628313870699,3539.04293561149,14278.163866811925,7904.045025015699,-4444.697667582547,-4580.087093368008,7747.806531144798,11531.412859321412,7651.280123660021,-746.1512190791361,-1542.0030495464562,553.0608280590018,29.030997656110685
7355.467138383525,3194.49193095077,12097.64223927395,6944.2921257698845,-2900.499970133394,-2096.4398400841274,9076.227811502067,10787.597077170385,7620.724427431071,630.3853399343977,-56.6970105172872,1053.6932698018327,-130.64567920562808
4613.506806921549,3163.815126210586,9080.358517391787,5200.153291570119,-2393.3291044126504,-1167.481500619841,8612.405872557281,9642.92079250808,6980.319129061096,946.4687720022334,561.8059785869955,998.8079981543927,-287.70196919167887
1831.7925520910107,4501.930547003604,6624.457465241674,4034.924069682894,-1641.4174330853173,-873.4472114928257,6874.8512670680475,8076.6505385350065,5497.966930730013,129.08819804332114,272.75851327400926,710.6340591237782,-314.4719036204345
519.6881079552916,6251.956333138669,6540.940698398195,4769.021813070094,-512.4559896556466,-557.1583444271466,5035.262680690301,6274.865621994247,3330.862829287398,-1252.175434676961,-483.7254830280825,456.11641326510687,-223.41407800818257
-134.78836160386385,6978.424688419733,7962.668486199001,5831.915004176248,-674.6583408027129,-818.1873215725507,3657.8469213164003,4544.98178501038,995.0952008985034,-2466.7070413892825,-1217.438324887198,273.03533042232937,-108.71044606563481
-924.573235839201,6715.672325227321,9035.934493110539,5057.832691133019,-2831.6769878668156,-2142.044165895052,2562.557188824859,3069.420155491769,-990.0239731923009,-3150.2500067696633,-1708.9698290571303,109.11862078409933,-32.743707320387614
-1174.4276640958794,5066.264843733491,8582.154683425206,2376.262749836453,-5701.411773301546,-3926.112085032046,1658.4077253384146,1975.5407475034317,-2335.622086115596,-3387.185226208641,-1956.6603675925105,4.231515101907121,18.863157877242486
125.9585021235576,2100.8502443114444,6686.014180327106,-616.8927196688554,-7746.8653622323955,-5225.948783081907,1191.7911737817237,1389.3174684475734,-3010.151849989764,-3393.8269379862136,-1956.4313410711604,44.55251480704169,84.46397008407305
2621.8971688440265,-1071.4213505773387,4175.889693424049,-2721.2264417436545,-8475.620444350654,-5646.791284331312,1239.6328750439066,1246.3702789179672,-3164.7906540805807,-3241.145019835592,-1680.61677634116,191.11978904331033,162.93537059362976
4740.184429069877,-3434.233800238934,1702.541157413889,-3700.2956611869627,-8009.905658850944,-5270.150630551516,1525.685074281346,1269.7853136453166,-2998.2942009102494,-2884.110413225334,-1224.3712530038413,282.954089722875,221.19551718530272
5162.273152350596,-4225.319623613223,8.389054436698416,-3538.3104837288597,-6634.6776813135575,-4302.151017310431,1801.1050895304045,1254.899971152867,-2642.3749366600427,-2334.3951390823145,-792.0550348879342,216.67436030981628,242.99432957388706
3773.5116599402904,-3553.5693668112076,-340.4879557293875,-2517.772088634407,-4966.390480633132,-3051.9567828254867,2065.9231188424187,1238.3979537240673,-2167.105075320105,-1713.9443168866312,-499.9697171756465,42.65931857438534,248.1459480026075
1529.34971784814,-2308.2220999780243,340.84726050426207,-1326.27412929844,-3664.179946240726,-1898.4707673034568,2381.6147253734744,1353.9237820998108,-1659.6948650242969,-1167.657614941211,-271.2447283412884,-104.06499114875538,275.25939898564496
-293.39433823230723,-717.2567138003385,1535.3673596280614,-295.95364754614985,-2824.5234542747016,-1065.726810642405,2708.13804746807,1649.9396367736776,-1242.141766694463,-759.4215947452427,69.06485658676525,-113.18584006798125,357.62440199629384
-868.7976661160186,1594.945338626556,3126.0046806977034,771.4776382297988,-2146.767863880697,-560.8772560109817,3012.329321516879,2087.4105310088744,-993.7427027006602,-437.71232939588793,605.2726180817606,35.42530947630644,501.5717928855108
-116.57048273616948,4292.762489661552,4747.776504066502,1758.2917316676603,-1680.3045939669819,-294.2095768019598,3404.668938243321,2590.3531213619444,-892.958633574533,-124.61035109326562,1194.8467862845614,268.21138275009304,672.1788884434902
1538.2887383909606,6022.43861941832,5689.374794091234,2007.8904529829917,-1838.069347454748,-59.55294076206559,3939.96376982411,2968.3523706361425,-898.1437270891367,116.1275569543333,1547.0597111137777,480.6221950706228,805.6715954555336
3545.754176125233,5903.4310333389885,5854.038688867586,1314.3125638011206,-2523.9831495811522,309.42377257529836,4290.009483446656,2909.313496759621,-1053.19870848768,91.97455369685946,1519.2820832605653,618.3421626956314,854.4381848179428
5461.845783711318,4475.988309302918,5400.994865507756,132.94919902079639,-3168.9003910270185,592.112823130301,4123.403762317658,2371.4346279962656,-1340.911312701823,-189.16410993110068,1291.7309383863953,699.0776473014203,828.8099859331163
6983.736307607717,2607.5024985317523,4480.176431339764,-934.2234735619838,-3439.324122651834,836.0815746213319,3804.8104442641225,1893.9798454972388,-1431.9493713983768,-339.62619759899377,1134.861915799444,760.144849672148,784.9056418961114
7786.516521668372,2386.6302318679254,4535.184839847319,-516.0177473950637,-2580.5247006234413,1810.0935834252916,3750.7486026808037,1989.430617241832,-922.2595422064155,-32.702116903385274,1063.5440505786173,797.8063201600903,764.7484583527421
7462.075304072627,4399.25019993728,5382.7608323481745,1870.612420160117,-53.219714825653114,3242.825697404474,3406.2965769164,2343.687950064052,75.86944940850265,498.1395367327844,871.4176391277739,768.8846522496647,762.3424581558652
5933.742741789296,4356.2331571483255,4205.2501607716395,3621.431969946154,2416.8059811271332,3499.878774678986,2145.2930118732197,2237.9231899326437,952.5982012598514,721.4119879114501,450.76296797043403,652.7539483916725,753.3127123514555
3827.2625802656125,1453.854146844123,1450.3249787028249,2852.7183344090354,2836.205429321589,2181.3258662887843,431.0858263596126,1513.5853412518738,1270.0225743726571,427.4382418932917,-78.98488728439452,494.7638549002936,732.161254432094
2033.9738467155926,-394.12132047982163,-17.227527962269193,1092.7386139569173,1723.49689845714,584.038132584737,-862.0045019414341,607.2398675709419,1098.5842506694312,-157.32088586940426,-523.2608282361689,373.94751459761426,707.312945935818
973.4143013799406,-369.3183070501709,103.28818436399729,115.57299959138577,646.7687677122474,-300.0689471640145,-1438.21145522539,-43.14467020269865,769.8085551172201,-686.3867936616591,-771.7453494524,343.0732711971858,681.8302884003689
486.12445074894015,-25.452961049533073,536.6445577441926,-80.61937231889692,117.16966194906789,-548.7654400084899,-1519.1867046234156,-304.50808624011086,562.5289796708953,-945.7218838577322,-829.3528998579407,410.7561387334745,653.2146451332922
255.00084929943006,209.73098775563187,836.8954668501347,-52.25411561596627,-174.77468326731085,-494.7851522222343,-1305.3389981194468,-266.1597609519222,563.9970351672991,-923.8390426991098,-770.7619676334527,554.7782134444474,620.0183794286318
187.4959171314607,401.70858924981815,1081.8537943535616,29.72368441290982,-371.0938078589058,-116.62405139979816,-763.590986544847,-52.7303006423993,677.9515599168665,-746.7590371883389,-666.7719464702493,730.016762325259,579.0480503102142
510.7496053189686,689.6195036008388,1432.5738609439265,80.05873962304588,-416.6988385371201,638.8240561303614,113.75180988869249,221.86949886985226,725.9205813071711,-526.4960463859119,-518.9469561487595,875.7738581473419,520.2941767072903
1492.946595778763,1529.4693267698108,2171.009972426274,-122.36817839416517,-530.8924632241433,1489.3074836160708,1109.1414553586092,363.44753255937655,550.8764341261527,-254.36743674706392,-260.46926160970264,936.610367972525,430.9662043742154
2877.222281591144,2753.245541133666,3197.7743029930066,-927.1420345780693,-1198.1694132839011,2154.392679547549,1990.8615224088828,133.45233945618963,98.22634736351478,156.084932053261,160.89921227431114,884.7282136377958,306.1198639328883
3624.567549016709,3984.5833505504097,4365.302728662799,-2433.5370976033187,-2500.1203702515045,2799.5257727546723,2730.368800454054,-521.408816211567,-522.4840194900914,717.6348545194206,681.1780921469848,723.5656186337771,154.6963504506841
2685.7188408338375,5804.595376440843,5971.286364719861,-3829.229194078456,-3632.171357371174,3673.453712170171,3307.7931504429284,-1351.9246912345889,-1083.691423230358,1256.7118387183634,1095.3277279135334,485.91777849825905,-1.1485514784016146
294.78154908809745,7808.6214377789975,7458.95352501881,-4077.414976527859,-3727.0319262556773,4413.8399276029495,3473.349332898174,-1997.8495754614573,-1411.707593858073,1481.149635042731,1176.2174069017033,252.114345169125,-130.1711952139075
-1963.9777861105001,7844.9889015834915,7285.931596641192,-3337.6379731240154,-2968.3500080339954,4342.6766742529,2993.5919113628956,-2257.4930539236284,-1498.3234425589912,1217.473007146883,883.7897376793827,136.59622956105926,-208.05651087271178
-2720.2481663520207,5572.758742402846,5305.520228635969,-2491.4206938255315,-2129.7864465481625,3412.3997629752257,2039.8243980989832,-2140.63263038869,-1426.1411347678227,593.0819933115349,436.85002886790403,188.44410728181725,-242.43693369816793
-2063.7551674109463,3014.4800941139933,3068.9267826529835,-1841.7827717930224,-1526.8687427022976,2249.6303661835573,1088.516102717002,-1749.3262286461998,-1255.6193073562588,-58.14372899000983,105.6517939029621,321.943640324351,-272.7829705397565
-1090.4633329974163,1451.3354356828597,1640.5485767629943,-1267.598927770095,-1042.9472725477563,1400.3336235149254,520.7674989085103,-1217.2214764766138,-1033.318527045003,-477.20780591569684,-32.37286021591186,403.5467417936513,-333.88575188132154
-709.4671496032246,648.6145549015562,871.0424234716277,-772.2515228110417,-587.9977086531444,1004.1108149987497,414.5935624023183,-723.2508649638535,-829.1191704368723,-629.1392927332597,-67.51416066590565,379.88302840192176,-426.216183002824
-1068.5633376759913,159.1891969291793,432.1687033234411,-408.93236870946066,-207.77709086124042,963.0334358027123,582.4984789166372,-414.3389762461904,-683.8874809779655,-603.1081346677106,-75.7571286118939,283.65633069767694,-525.0613588180885
-1743.741711938041,22.78265408202806,361.130595114821,-250.8115520467878,-19.348675094565877,1094.597779997686,771.5809838711771,-298.30255104074286,-567.4313513425794,-472.16820564853936,-61.76426384491572,161.9509308416236,-606.7351882964409
-2196.9021439917974,362.34781128117146,648.2333473810611,-383.5027586562845,-56.63657708683296,1261.2091789691747,864.0816458663055,-294.67574120097703,-439.41547385540434,-280.0194168355145,-20.346202163385442,41.85449595066257,-660.857279165377
-2096.121882896075,1007.1677618497961,1061.5793958173288,-773.4329841511924,-215.3525328975114,1408.4059453504706,861.0544280587254,-333.5999091571572,-302.26332414294916,-75.16292833695707,41.96232094142317,-57.20174795019295,-685.4499317106984
-1401.2017732854188,1605.4641244951854,1320.016104906651,-1236.1390117022584,-360.5838528351656,1466.7893856749279,796.5894892838583,-347.3027357560207,-168.99883287738984,103.79985629343219,129.60508212719975,-113.24942893078779,-680.7678445189688
-467.45852747387863,1858.3650639992259,1290.562206805273,-1526.0901918580828,-432.4946731285077,1365.2370638505997,695.9800565331607,-315.76633607625934,-65.16836428257494,235.5382293631122,228.68646595672777,-125.55502785369521,-655.6698172934282
-112.49121388482033,1473.8645297883374,781.0681265657075,-1790.13264362903,-708.3224397462259,967.3241289653176,403.3037133612753,-389.33488118594374,-110.82833248970195,258.8641188372356,246.18719315743363,-151.42999173952734,-634.424809483518
-992.8923696038149,103.70226953517573,-456.32959902567825,-2125.8127012988043,-1458.6207153545563,35.92776998399438,-268.32768263053435,-684.0027655864814,-442.44738088054805,73.30519558119622,76.59129046852996,-272.5857376087915,-638.0010934197725
-2622.902192873384,-694.0006802694714,-1108.5972699492836,-1737.1339076020402,-1922.9923594793854,-1038.4068072588238,-865.093635496952,-906.1448052818495,-900.9440698544249,-273.9187966140189,-203.15578214393292,-477.66954485857275,-656.1025181648541
-3633.1910517690303,356.4117763488785,-157.2870517608137,-721.6825567889878,-1318.707990840832,-1208.5194944939396,-646.9169589219495,-658.2563622736368,-1011.3648282112692,-464.53432546641363,-317.3442850113248,-623.8972955758911,-655.6933771349685
-3244.1013965113225,1067.633850175628,657.2231697905112,-258.8013333659397,-417.6894687520136,-431.4240108211459,168.86982919648864,-60.57869541013591,-520.1251982750409,-195.65571802672756,-83.15224117688899,-583.0556492057193,-618.3234515015032
-1912.0823176814451,660.145344993535,510.48961982997616,-235.0440472562496,-132.64298613796086,192.70920941264228,746.5408489810397,455.1991268604325,256.19677468317576,433.6478390850439,374.3087241309386,-393.4480527721301,-555.3059972117
-511.86139390382357,411.21806988492716,284.57875893456236,-93.51925390881797,-303.39403133739495,140.1362606139878,833.544365628667,703.1059815935507,799.7066096737699,1017.1215029933189,782.1456143857856,-213.53611898758913,-488.7290785050538
501.18543336219585,425.37145025044094,166.59102380474297,-25.289052363230667,-566.8514643685115,-231.55588534434207,650.9649312769459,700.8988063590187,877.829577115117,1260.3361105209165,988.1119907859312,-157.6571493212573,-428.1650134407137
1036.1836598187099,276.4918031998704,9.03058484450905,-136.92463370553165,-806.8715144596166,-552.0145047482823,287.0280158195478,420.8424308619361,573.7642788901742,1153.9199995031054,1001.4785569285141,-220.47726191743664,-365.46300451438094
962.8845523870524,13.326797979654984,-77.5890142726709,-321.7591404255262,-975.6181994295407,-726.853890649128,-286.96358319262595,-164.0360440252337,75.7730423743227,828.2029861749982,870.9710398243849,-333.73637221011575,-287.0047889954172
131.78930022479224,-15.631456756675448,-67.15324506975912,-678.8889608501983,-1105.6900515233606,-787.1452470464523,-1032.4854213627773,-972.2300116057183,-445.9359143924779,396.5113513208389,613.0517598120266,-444.7161806540986,-187.53438510273477
-1174.3383959813525,352.47150991851487,-172.3062341975471,-1425.6472611064694,-1305.7872436252187,-801.0613545211096,-1851.0501174427231,-1840.8507614595799,-862.8611920974829,-66.29872903478491,238.44910784366982,-525.6922117215921,-69.95986712757792
-2079.2954426883243,674.2994255425954,-743.2359671177767,-2597.760142370219,-1634.9608606770241,-838.0514121450485,-2601.8803784336214,-2583.5907945855206,-1088.0903777170488,-477.0250818225294,-189.97729356783583,-537.0684348079374,63.180208370619596
-1722.2218476052594,195.4533355403796,-1880.5267355823037,-3828.370715207031,-1977.7814841931627,-907.3582671623627,-3093.320993674428,-3033.0068543088673,-1076.7486062310008,-729.2731256638795,-540.6233842777588,-435.5865142911335,207.87243145386503
-12.74643367662294,-1063.3100710193705,-3023.468014881974,-4493.765766654326,-2083.6818883422357,-938.0130990968671,-3192.2754585112298,-3112.5565726161135,-842.359617625127,-757.305930527677,-692.5159175439173,-239.16677404777533,350.1443733065858
2383.8811554978242,-2092.2513042922856,-3416.514221926033,-4309.400753353137,-1852.1115504345012,-883.0127530007762,-2977.3846125002374,-2902.382547467733,-488.6577300991285,-630.4502051828819,-663.540561726118,-37.069848317395895,471.454434289499
4629.90109405795,-2128.0199277783186,-2940.346970808784,-3565.9462797284186,-1479.1201992064484,-821.5381903375467,-2686.5399560384626,-2621.407436508267,-205.49263287031692,-552.651519063313,-622.4948636987016,91.45339850024368,561.2768061262603
6006.273330900713,-1124.716433771541,-1874.2105772400234,-2589.84932017552,-1162.4371988671812,-870.9093539316779,-2484.639490804895,-2499.19153513797,-172.31901929980617,-707.8208137291155,-729.8252192351206,126.96305929392554,613.8779877328426
5868.238803317195,625.9605638524016,-451.96580829958,-1489.7736369832744,-879.4990032928395,-993.6977337614904,-2346.108434041066,-2577.117593653677,-416.55058947178924,-1073.5804917703795,-982.5189885008208,72.8772283650269,620.8236325720162
3964.4694243370955,2161.1497022317258,740.2010116818149,-584.6008818920777,-560.8614599548958,-963.3241458646789,-2145.7415646204204,-2622.7932798279467,-759.437751055657,-1399.6891957879784,-1223.7745647323222,-63.829295416915784,587.266438865143
1132.0836554983434,2417.708995813635,1061.0203383025416,-280.9488892452721,-146.7793802904768,-553.3250786793436,-1808.420618812403,-2331.4061197511246,-908.7203867561636,-1409.5423093306044,-1277.662690840554,-223.57942371682083,553.543201955716
-832.9455333578243,1781.3842885982,768.14767382689,-477.89893961455937,503.78710085453804,252.20808539237532,-1427.812530185628,-1627.9857536808604,-634.585096688766,-1071.551824858467,-1086.613359746024,-276.87852496976643,570.5257528452071
-844.5261197806103,1573.8453208897238,546.643303084895,-866.3460617226457,1513.1879707967971,1277.6446851618903,-1264.0248749434147,-694.2481457897222,82.3567475580413,-676.7050985294537,-759.8812626596826,-122.42254909092492,635.0710360928612
12.936993705258939,2831.15554990267,851.3912358125283,-1252.6423116429758,3041.7353081787965,2439.7292772617975,-1448.8412215241901,298.92111343704585,1032.7465907138994,-585.3025217531931,-486.16341021926615,186.60462392331772,674.0159331672967
-348.65470170256384,5958.7942437797465,2470.6714654100915,-822.4396488793986,5219.998432362256,3842.6784547583447,-1630.1903889334787,1345.3131194675664,1915.6170611811276,-857.163611846579,-369.12700398202315,461.6094961037271,622.9958142823943
-2352.930162037416,8846.721291080597,5351.487659181128,1238.1536412349335,7366.327876004262,5329.981413557478,-1221.7182308030808,2412.5562848595946,2526.1157488917706,-1181.9117663440093,-350.2121327582233,555.2976831181617,504.7577908119239
-4290.147168123903,8311.067142368716,7249.248818213141,3803.134064893015,8130.926248519604,6291.685619579278,-123.41751684195276,3284.8473866474988,2851.5004835884934,-1202.3350342276092,-297.01347881724655,493.1501161926104,398.46923310197025
-4478.968911014288,5455.759806125615,6704.663008106741,4934.024338103769,7184.707464431076,6344.620269942115,1178.4048538361135,3776.053157387161,3031.0393991105093,-824.1985335926869,-125.99380293131776,417.4592712460601,350.0510466211192
-2810.4509230709027,3951.383327079852,5034.684685184761,4374.674406401571,5555.146640077337,5722.005250367627,2191.28840867749,3901.1011322963545,3207.624453525477,-180.31689992926664,172.75000194968993,444.4268312459607,345.32669465155686
-203.01399575706117,4905.710070069234,4024.7888175869357,3189.221792339224,4314.714995435838,4812.556654963572,2661.964099005268,3707.7260631700665,3372.1794073144983,559.6258671261255,548.5233646394194,590.5288563614523,353.8794150661764
2431.926527467357,6535.94866447952,4044.453955583631,2372.7009154265525,3881.24892970886,3902.3579724129117,2517.930404354355,3229.785519377012,3385.6593770073664,1238.2098055910578,876.5150232415543,789.1306250428527,362.4781158803327
4486.602784404273,6751.521174536862,4085.013381791629,2068.751089925222,3928.2022083955403,3189.8387663939798,1962.8993630916839,2647.951284423539,3171.7100093391837,1688.851833689509,1005.5422751325149,946.6914632614898,365.53456658581666
5602.347750323329,5294.727943352925,3186.226569931816,1646.9034190735968,3767.793708887511,2639.021424191782,1355.9669236260563,2193.7667735142613,2808.23163437248,1804.6214256767635,889.0752352326315,1003.4059740937878,348.41438663364534
5758.995140177479,3183.2461085390396,1572.7573662411746,738.5415259139124,3125.3994152746686,2045.5199474476474,858.448991098011,1910.942378177664,2414.6216244299453,1614.0386007375866,642.2134696149822,964.5026478323981,293.8044325963246
5339.098314083394,1324.2567358140425,66.1642808413432,-345.6066844685601,2235.3985863664157,1289.3802828071427,366.8734003013687,1687.7498747370817,2030.8913274582085,1239.3552595173867,438.0257378543374,879.0416951683515,199.57045337969572
4862.493818439671,127.92059967571518,-922.2480205972095,-1252.2242686224497,1348.1976238399968,377.03878795754184,-265.83809567254394,1444.7034103788174,1616.6030286024823,789.2084228989148,364.05447226504015,789.851540930812,82.79339568806995
4476.009097759655,-544.4276862962017,-1647.5532099894945,-2049.1866737813198,543.5220268196164,-644.9281598534494,-1068.8249049696187,1172.4416988905125,1099.8784189256237,295.58415092485166,378.8626635055286,700.5587450860647,-34.7897609072551
3655.077759915375,-1109.2729269589904,-2620.9438354863782,-3006.505387502096,-163.01881342617838,-1728.6410336802523,-1974.0710498745975,842.7808547357142,410.8819640935513,-275.7086847334247,366.37909280624285,577.4199152821875,-143.85707022516104
1566.8603863153696,-1748.2440110998805,-4098.375699533345,-4258.925013675489,-811.1252332006027,-2838.2521498131628,-2905.4265892546464,384.26356677108834,-484.71632676501423,-972.0269736232975,205.9306143476894,378.55452780116343,-250.01058544604936
-2011.0639984911274,-2273.6841943906693,-5932.89191506586,-5708.81112371904,-1462.4683247224957,-3902.0099921754545,-3793.0293276022085,-237.5221250218958,-1544.4742901371274,-1789.7775201497964,-177.43400180160012,104.64552919937142,-359.46342727823367
-6102.40985462239,-2306.406209564954,-7545.143188098357,-6910.1737460376435,-1976.330052107341,-4726.698103240179,-4535.0752154674165,-962.7102280059217,-2621.643100319151,-2621.586005239132,-756.8668402157839,-162.10152303333416,-465.2489552282385
-9108.790875316006,-1630.8314058473177,-7938.382658756968,-7100.980794101286,-1964.8519118814806,-5105.194045155382,-5027.612553225308,-1675.7513674244187,-3473.7708116235444,-3265.612909680709,-1365.3185139805298,-303.8929711225153,-554.0222059621194
-10128.230743568083,-454.29795416770463,-6483.899979614252,-5926.729824107736,-1264.600559358785,-5050.1602201349215,-5218.516387157459,-2243.7662029129233,-3876.5187281948906,-3557.293718524476,-1780.147511453607,-287.57031467649654,-625.919023650819
-9687.480549307738,769.0832503216449,-3972.0948848434864,-4071.014115853689,-273.86957138630345,-4773.168512365142,-5133.055980584387,-2543.0869066226583,-3852.0009215462205,-3541.0059325638317,-1912.7571161997707,-211.0438277131601,-699.3049631681357
-9268.08494038572,1783.7585189021815,-2015.280420558326,-2652.5163856517693,499.30891239133797,-4588.202128129093,-4962.316499049328,-2584.2090777164567,-3726.4363259423167,-3450.6285090338793,-1868.865735843561,-210.99039959277093,-793.7297217515854
-10095.037247053197,2817.690850533885,-1736.9907498753248,-2433.6897639034423,801.9379926108782,-4874.204910898117,-4992.013973404058,-2521.454108254357,-3817.026886509515,-3457.0707082858917,-1774.4030995977491,-357.41081735782876,-907.1826127315193
-11903.14869033116,3656.2605199766326,-3441.0523251699383,-3560.9149950480614,555.2711323207682,-5699.640929917274,-5228.48863278844,-2382.5199606734336,-4121.274047641538,-3459.4767556907004,-1600.1778331723845,-619.7956406888586,-998.844495284456
-12620.10353996332,3432.760524622253,-6254.979970175573,-5315.072400619647,2.0215477680199925,-6612.338156099411,-5295.52171580857,-1974.0761801307485,-4353.138718901263,-3147.422043395502,-1200.8845012928848,-866.9077172870939,-996.8482243356109
-9926.956684588584,2089.9477977714896,-8464.447676987787,-6526.896315650212,-383.84159926660175,-7038.041255771808,-4804.218162583439,-1151.7512137525027,-4168.85126424866,-2277.325351042465,-493.2656353708953,-912.9125115091759,-853.6625761903383
-3751.9150655636918,591.2699561623058,-8874.091371912553,-6499.743379925655,-334.7376912492844,-6698.8393108441005,-3687.8217262120206,-21.6257732595964,-3402.7912880939766,-934.322825105829,419.1848318092225,-646.8074777519726,-609.3492373755258
3184.43164074154,-272.5973759593172,-7632.087863623039,-5476.649165600783,-10.457458163072006,-5757.103686698066,-2254.188465310333,1108.860791313068,-2216.4667567440047,459.0703634210789,1278.0392910761088,-147.8403997771743,-378.9002819854955
7710.49257049392,-488.19107239524607,-5676.795381879148,-4204.586240519317,206.76378670608446,-4617.030756437662,-967.1052652008516,1910.865503809171,-1005.7739047658786,1424.271462721671,1824.8129723414322,350.62122544344106,-261.4038421565712
8775.541737506477,-288.8875311220963,-3825.280654207374,-3144.2477979588357,199.48444373589797,-3567.7159849297295,-105.30907001852478,2242.6223797114644,-122.15187955092941,1750.7710339460289,1954.5628253208197,626.8496478727812,-267.0107206026609
7658.286487708118,-17.52721180392959,-2642.278835053308,-2386.62227946215,179.49797182988826,-2720.6708956588054,362.7675518302442,2219.8490838420994,318.88363091820406,1587.8101655632086,1758.1033006937253,612.2916892848866,-328.2902280382003
6254.998149969411,19.659999705905445,-2310.7394858309317,-1896.1405640469115,329.41237583530375,-2111.1311895447725,625.2993016869973,2071.08477249449,413.0318984226203,1267.692868558997,1433.8215588941748,398.60301973595324,-366.11998325378266
5545.312319726221,-29.542924020570016,-2543.5040051129613,-1525.4543812114143,694.9114323830123,-1678.4392986985767,865.6238504321369,1964.798513371577,339.04525968515236,1047.0850575033678,1142.7551271157365,132.17342647809295,-342.8479146896506
5367.456832551993,277.01208374079107,-2868.7801977490185,-1093.6273611658992,1236.480491890074,-1290.3901779308221,1200.0236466238964,1973.2519348345343,256.7516176780031,977.0431623568561,923.9428767368295,-94.78075703002925,-270.62083816008305
5060.190451133056,1260.6870388038749,-2817.346389657006,-504.90147780675113,1796.4260182541639,-863.1573033362486,1623.7331358562544,2088.3740462220367,245.27509549764937,961.5426291615803,735.7765931917793,-268.9143859839484,-187.19445599398108
4111.760970945796,2642.833014537,-2158.2935780418225,221.52798566508375,2199.244314490113,-402.97376596352655,1999.9064594783194,2203.5346141057894,273.7801129324353,896.7975820412353,559.4074126079583,-405.91941858322775,-123.83108686171005
2457.047000531938,3570.086060122266,-1106.8914762283207,959.9690509084899,2423.5929419397403,6.571876515409684,2168.1384534234708,2150.913379143693,236.70380658475,754.473475116623,430.6082148041476,-504.5799723318821,-82.9436137781963
435.47481427448145,3569.610196108625,-91.54507600195038,1572.7299745436642,2570.0396369480095,224.81944756777114,2084.646260498992,1829.137869464072,35.18939174693605,568.5917073631379,364.83165155746934,-554.3431558639007,-38.6060599874681
-1500.6631716988732,3106.405627406555,615.0969425906925,2037.6165292055693,2736.3088763382098,144.48480323000388,1861.2150196318332,1270.3414710411603,-377.15134184596184,376.6955348455511,289.4556782474064,-567.6932459040411,38.46259355402375
-3061.6866540335495,2984.483376498809,978.05537208623,2473.4110602892115,2994.5582597781213,-251.8427015782168,1661.9538259875203,552.0962113946902,-1001.6811888237949,183.92869292308828,88.60624396621466,-581.0367923803129,153.80939593910034
-4059.5237456039063,3649.7334952291717,872.1971034810731,2927.5782965209173,3295.5473046495986,-958.0818850264686,1531.7950729730887,-302.72882771145873,-1791.219877496351,-16.031051203730698,-283.88152006654934,-614.6327603543648,287.6198921317011
-4174.551536750973,4680.792197090203,-205.5605554254118,3090.1681409588823,3313.845609808065,-1928.4547954785207,1335.8532431293675,-1278.7155110778244,-2618.8744869594943,-190.58941376178973,-743.4870905068249,-639.0727597512853,415.1596266565107
-3115.9297640744585,4784.768070232462,-2349.6932013841047,2534.852179206304,2659.504019870542,-2960.0320218502643,911.5904697102944,-2251.558038404261,-3272.4938875724933,-260.67419397185023,-1115.9551800556922,-600.5573794438369,520.3445627221697
-1143.2232117386018,3321.4333823334596,-4332.840030565923,1271.7170735430714,1323.3420361429878,-3772.6289935209325,305.5531171081512,-2970.6285829853887,-3518.797441069529,-171.99254453914418,-1246.9074409617792,-490.3591518979201,592.9732465161921
932.0081134481686,1230.2710367907052,-4809.130972996349,-227.55388484365733,-204.24365370909385,-4192.595221096365,-183.26712456454052,-3200.3574952120025,-3253.893966333917,38.95056605758971,-1109.916911417567,-362.40396056568676,630.690616332373
2608.4464298099188,-304.1374252432921,-4060.3161941870685,-1391.9619025166699,-1308.6307442702973,-4238.967450189592,-283.0398310366124,-2957.2159319881434,-2623.8870271905507,316.7321159082976,-820.2677274831451,-248.2918775606746,652.4973513073144
4286.30626678567,-1085.5332565563876,-3565.387087619561,-2016.6695955174723,-1848.6616231353012,-4252.903234595305,96.9692070836723,-2547.724662721392,-1867.4823598774137,724.7847341750307,-532.0740021159924,-87.03285965896163,693.0259661166048
6435.264386035292,-1170.1108705642084,-4549.18618293585,-1969.6407332065821,-1888.7983580797754,-4541.264109649635,1129.431462171811,-2223.5104439922206,-1026.6784969502814,1375.3044632741066,-346.4218821607538,195.81477381767752,760.1644501510164
8248.8644545447,1382.095345846273,-5993.916975427465,-146.6250084018876,-861.2243119598079,-4585.587610044687,2930.6138875271145,-1945.5889957204377,-36.78667967874185,2166.716085475256,-320.1067666115829,548.3162045863319,803.8346540342807
8003.52647123109,7745.394665309127,-4813.945528440879,3914.1220193571344,1557.8694022595716,-3552.749480357855,4968.834232240593,-1600.5097908489843,964.4124144899406,2751.6721484199406,-465.5508311396834,797.9173594924043,757.6240206583111
5210.311011192565,13282.591795404016,-610.7318252747327,7854.949900720185,4210.096156268064,-1572.8642019692813,6291.368881349485,-1166.8116756944721,1710.3502633775558,2868.406216894466,-683.6654691757717,815.5842236474368,620.8654912137913
1611.8359246113996,12698.11074635944,3002.0861738981503,8763.609614824503,5443.24033329688,344.6736486400597,6363.941492012168,-647.6239105604695,2084.2473328181277,2593.292676551306,-787.177602337729,638.5062958724563,471.9602341250348
-623.2126090206243,7363.431371219547,3124.3827608064867,6451.1662799641,4714.057793278408,1291.5197421620799,5361.910722075774,-119.09436157171206,2124.432838286016,2196.464136110676,-671.7529662958093,415.36400057175047,387.11103115852444
-1047.1824286303322,2515.1875964105366,712.587226660418,3225.9015725199633,2872.3005358780642,1116.9924703709505,3904.0330097431784,218.3021480310527,1892.1988970587431,1843.928723340458,-431.27183447564744,259.9367585556555,369.39579871834013
-782.822701752498,367.2317167954765,-1601.4964451997516,1100.0661318663276,1165.2250884712719,381.22635838401993,2626.762901840891,206.15234809720553,1458.459524218377,1502.9184638711445,-272.76493679276433,177.7989562943885,366.7028815592563
-925.4230940347816,-360.45307471642764,-2790.1521080381335,205.11293144796747,125.264286458752,-304.6878181322195,1822.4054764010502,-126.1645277812423,928.8143765281304,1067.7980581576908,-341.0370087539724,108.9696900293687,334.66402678003806
-1652.6773953569727,-809.2732385611473,-3331.608588508463,-168.02147059891325,-454.5233392316745,-759.4543362606837,1400.691020375894,-628.2967529383169,410.0993102930863,508.61761646991573,-624.0011051213842,8.23696431780752,269.3400389325968
-2532.697061616196,-944.7125175035874,-3584.539756059537,-282.0089156348013,-840.0808591497531,-1076.374605894502,1141.5980875393905,-1159.068977148964,-22.127049865035247,-84.39592996555194,-984.0082864064335,-112.60196559039079,193.97506199896404
-3165.0398331188712,-448.1449613276721,-3449.0670083568157,25.567422393755805,-1046.9953686848592,-1306.4732788778417,918.9763302143782,-1628.5711090131676,-310.9161993560504,-558.6270269149829,-1256.5777084778488,-197.57572704828266,129.31198728470835
-3432.7060547907167,788.776406852605,-2831.6028883985773,821.962128451333,-1006.4879710260225,-1403.568237647193,734.2395930973115,-1982.610925669448,-402.06828961426345,-797.3028542516018,-1339.247759203046,-191.37266848266637,76.71455803555264
-3355.927597766405,2526.088451930604,-1840.271333628144,1904.198286761613,-734.2481445399571,-1328.3811277726059,644.660612073813,-2196.570527866894,-259.17783380555545,-784.1624006052314,-1222.327397830028,-78.93559144539162,22.375432116575894
-2906.6937850975214,4276.266689471367,-698.2904329866545,2950.3204633064724,-352.12661310170654,-1115.0906235247453,694.5098165002069,-2273.8462684616447,114.53696622559823,-590.9781038495769,-960.0018990117073,107.78215824941347,-47.71213599465187
-1976.2001608822106,5601.667936918609,287.63432013580405,3677.1549835955025,-66.88425481468414,-856.5317583827853,891.3615264755799,-2222.6254244004103,680.0985062104086,-310.2720047316633,-618.8426636184655,314.8408479117049,-136.09863434572588
-432.1800224170288,6149.012843272978,671.4631830245578,3884.2619588511975,-109.06095180790064,-627.4460801535547,1233.03647374618,-2026.6892541794211,1383.6295489255263,0.08337779559263936,-247.5784632604346,498.3936452005585,-232.03477535462167
1750.3412096087147,5518.8480008456245,-47.32144040851481,3534.482002756732,-586.0372056316087,-394.5036484601799,1739.4680630685375,-1651.6570320535477,2162.7622904230266,313.4186656203316,115.49176303210709,637.8504014738469,-320.5606995740817
4203.9997854267185,3634.374604416055,-2039.370943821529,2899.6233653250542,-1344.3070865751454,-22.714240812567766,2411.71783667848,-1104.138281685007,2940.5855104960087,578.5203399501402,420.612879658241,719.373438969184,-400.08358072390786
5933.291766705949,1357.626449694657,-4685.97584005914,2410.8015070783854,-2038.2235205143852,565.0814462026331,3153.4522906121156,-509.14511986165485,3643.596474365222,659.9045743441568,606.616584194296,706.2778640250226,-492.3596382590432
5656.171593418464,-100.52084475794553,-6799.157935845702,2232.4364107913148,-2355.206793158241,1309.6624962881715,3817.345255920723,-125.92909068725174,4219.4442870941975,357.1238366277781,630.7887329822495,545.4064541582536,-622.0333002823712
2756.19520754102,-245.5939160384952,-7284.859341527374,2579.9025811132915,-2064.4847656505835,2207.994709129399,4304.114303941392,-224.92570650513647,4585.579321768098,-430.9235530215593,506.1737091207758,234.21450028102174,-778.1813887151787
-2067.810197081024,1704.1966661302881,-5336.01641396764,4275.9284009454295,-1116.479207987333,3307.6497111058998,4484.355492731804,-843.5911696869241,4614.348322276661,-1527.130178257467,314.5041329740558,-133.85162377179813,-910.8330855085119
-7143.983413092611,6477.844857617763,-1410.4858502153966,7444.320320826126,32.48186475359509,4382.601546949589,4202.266290749393,-1684.96620037407,4277.137823244441,-2567.791942611631,164.9732242592787,-436.2018613260569,-975.3735137776899
-10618.571733392799,11792.406980536734,1901.0310102496846,10430.019144113301,548.8264373026053,4961.881264552845,3436.4867408382875,-2409.1044876891856,3703.611574759616,-3292.582523925641,128.65125346380728,-610.3256897425811,-962.8473546917273
-11082.85624873888,13521.426463560274,1722.514158260875,11209.902781912564,-262.15885330196136,4621.19943797815,2246.0394330117642,-2897.618768242745,3041.459891056946,-3619.963691532226,225.76171540386713,-641.0642771266248,-883.2556088649629
-8283.135425655037,9555.714277843852,-2079.9774682742336,8933.693243445003,-2228.619212004364,3298.724953294939,808.2421789442669,-3111.9742870702044,2396.231246594292,-3536.933014055564,438.24615194340254,-527.2726612218987,-752.2544931263708
-3614.917217417949,2251.8837122124646,-6294.187858860227,4587.4028110486815,-4157.515756635607,1435.2152343782695,-520.3429085366206,-3019.4270838056154,1828.859771315768,-3108.413817123892,687.2590176856577,-313.328512504669,-604.8328274645675
686.0425622084649,-3109.2002194295405,-7587.592961257192,437.73982742249865,-4857.158557135291,-314.9823742860448,-1401.9011112304222,-2673.8000512917347,1343.8579668184068,-2492.416267138828,861.4771789000929,-90.46638304383691,-487.7869368331883
3214.66847087677,-3582.867864839912,-5661.561584381201,-1579.0607676339264,-4075.7915495907723,-1375.3286357136833,-1638.6929755200745,-2150.9708312921016,986.1572917480714,-1835.7001969091027,923.0243475945011,73.07180719712045,-422.0887053061829
4044.2232724280434,-1224.6301198916437,-2883.3199561872098,-1374.5513308010788,-2629.929400587033,-1592.7465438647798,-1325.1670430722538,-1541.9850540136285,842.8355442200702,-1224.7612519651889,934.080782253489,169.64813470125497,-390.0403908106621
3939.5487300183077,721.1269685038596,-1107.0698386304866,-305.37935966919406,-1455.1865950496208,-1327.0263828820057,-834.382471459862,-1001.4786624710677,888.1566078149565,-730.9337067638949,958.8732939968314,216.4357803091794,-362.8332446244942
3484.9243404687136,1387.720678192981,-436.3716386761648,599.6164591976345,-793.583499732631,-973.5458033870593,-453.49946113835534,-654.6051504491022,964.4264163099659,-427.32725176677855,985.4183396927691,213.69319261168778,-326.4950324123529
2940.5491337406293,1205.5834463594092,-480.9278450445549,1081.6547455484008,-526.5349430873146,-670.0699629588235,-218.93858526608915,-509.43436903633716,924.7768128573007,-358.2829525256387,949.4963931526742,144.30651745010505,-281.2354203382912
2446.99997107467,630.6188706112052,-940.9678402747472,1131.2774453556608,-601.1189389668392,-439.606020244689,-85.72620863814518,-501.52149456220735,726.5468149390946,-511.6754161433436,804.3346470382529,-0.46871355468694276,-228.97011467936383
2091.6272908200435,52.85811153047126,-1503.5238865133338,836.636328077509,-961.272920514074,-315.3964323930202,-53.782910549398935,-570.6773321441574,416.4085898031372,-811.4883102158224,565.3809844503476,-198.90974549078464,-167.88014153106943
1845.4382332126736,-302.7709259696894,-1942.1559708517368,403.7983527848185,-1439.1788748243237,-307.7759867349191,-132.14898593350534,-683.3665885598627,82.34611230183725,-1129.4309272984667,311.0279557419124,-395.8580367200444,-95.85863643982933
1593.5614731708924,-445.3671925660891,-2207.552373048656,35.552268489804,-1828.1393764337024,-369.5789840688059,-282.16074041630736,-817.4622444561164,-180.51464978196964,-1321.1686807321244,148.40561779933037,-521.8602309305112,-14.8696031213629
1310.8322763796202,-523.2107437665536,-2340.9388806564502,-171.68023861847155,-1998.4096768594459,-431.47980511750643,-429.5978795379283,-950.6685475803906,-296.74908521408173,-1287.4135642139727,159.01288203748828,-528.485232628477,69.68164156890508
1189.0405016935579,-667.8768787944837,-2366.663250213176,-205.74787323496156,-1952.672519774535,-464.3449064216668,-520.4385366783367,-1065.9613981899984,-244.09897219104374,-1037.2544349312607,344.43838050880674,-423.99491785644585,153.29030278997112
1494.0072906882294,-835.0707540901317,-2288.978255308591,-113.16082645643897,-1816.750959840208,-510.3493587978814,-560.5317086588745,-1162.8505789471594,-84.71255655071911,-711.6959734065185,599.163175161937,-286.54599522633356,233.72600244975308
2181.871453264007,-873.0205825712231,-2184.1185685678824,-57.416264843090445,-1770.4096110631613,-639.2014907418537,-609.5258626919181,-1264.544798352533,35.664226901217944,-533.8448656541087,738.162054838421,-235.8974889763834,305.06319582076986
2624.1805104100013,-891.3557856883375,-2233.9498128865566,-258.15537499522424,-1931.5345167986047,-848.336161765394,-743.8702237755581,-1425.8449411167098,-48.73349306706706,-689.808683309845,595.4991032963136,-363.130306417537,351.5041229972086
1864.549216963745,-1210.4262164398206,-2544.5013919440507,-677.058234766984,-2279.5059671926765,-1063.9989496818314,-1015.3533967150801,-1723.0559234163825,-392.1458501557805,-1185.7320887406986,168.39297701859726,-650.3122116309967,356.7862320652883
-546.8938067078882,-1701.3539969745275,-3010.5261194875416,-1033.7991368129426,-2712.5758705653507,-1310.1111079738755,-1384.474265735928,-2145.483198969804,-802.1765604248424,-1769.0720338397145,-303.82621557830294,-949.1942381542003,329.5681238128685
-3811.67450599604,-2143.5519349414603,-3566.6412351782124,-1386.9947086622192,-3094.509482430346,-1632.223985874641,-1602.2830211637117,-2423.7754633794593,-876.8694973617391,-2050.3250910140587,-476.8891454195076,-1081.577380386003,312.760481501213
-6211.244071567238,-2893.185951641731,-4070.833143369539,-1770.2111224698413,-3032.705912979472,-1662.768990237208,-1247.9756962544293,-2179.7545028494487,-364.7972840726511,-1849.9975983618917,-219.57065076170682,-1003.5535701260978,349.5539235286176
-6487.160681017109,-3000.6813722103134,-3480.0001010452547,-1322.1402993804015,-1958.259985343478,-992.2209371585268,-257.56027741254957,-1485.085262845333,441.70081166622975,-1403.896176149954,239.18310511489227,-838.8008355099639,439.31204746124075
-4825.844578275405,-870.5790302664592,-1079.3771058522216,64.64365501480566,-226.19499382084777,-109.62021107499388,675.9207773934393,-857.5942022812818,954.0555127108917,-1044.5851416987773,579.3515533221209,-716.8753189024027,541.5746150085422
-2406.1178025999748,1620.726810112963,1342.8324373802047,1021.1088187875208,895.6214638875703,362.98881095543305,938.9740906050426,-483.91770676805316,1004.9448474653017,-813.3834036244657,720.6605998946723,-652.3958090698422,618.4496891242384
-325.78345473376004,1931.9142065718054,1848.1207898335633,1024.2724846052322,927.5546707624063,550.5992749265931,690.8545236907806,-181.3802819855215,855.1615360146163,-620.0359543991124,758.0904863012514,-618.1181331334202,656.382205933722
882.6388837500976,27.421623576742547,231.05156508239304,270.23854751008946,-39.62414268389766,547.7535375956836,62.60470470106859,69.23367523550812,573.7896503713841,-480.5389544975381,719.584990669447,-619.1191340898766,656.4076563961286
1135.4524419728086,-1628.1112367723442,-1815.535395246928,-484.9712069346666,-1487.9851422710947,502.90334706334465,-924.5839778177739,300.7292824421536,55.3854140914535,-380.45908210279623,562.5964247927042,-649.0838465611181,623.758212329517
600.6994934874871,-808.9288232919739,-1809.9196154864778,-239.87194392977688,-2040.743398221128,761.6018473477542,-1714.2064147511194,662.618912633845,-574.664036563536,-222.5910536996111,296.1463384600454,-669.9436881993465,565.3071921404743
-401.3878200548817,590.8326909433571,-404.85553751626037,491.58942625154225,-1293.7376118182278,1176.6450056219007,-1794.352815940539,1110.084018164175,-1054.4206394954008,21.921661823055018,-12.818241706704498,-656.2813256890166,488.4669646082955
-1470.611888045225,629.5562901161835,178.2314198302597,699.3508442724071,-293.7543377652351,1328.5327446358817,-1307.4948701035573,1448.1438832991398,-1258.2099595625768,295.86768508993316,-293.38161401026724,-608.7629647929374,402.23674219377403
-2260.292382933116,113.34270433005236,-304.31950340492403,382.1504896774713,96.42345272869576,1103.4031459948528,-708.6466809745291,1559.894460450524,-1219.962055186457,539.87490125968,-495.362756623323,-532.6459988440281,317.21470247074706
-2623.3903930841507,64.10011402636115,-813.7738992307131,89.28663784990047,-84.285640350915,702.5831951408111,-304.62981480354927,1458.0217055418705,-1042.9527120886225,721.2697800887897,-599.9380043890717,-431.25086535558466,240.99104072102338
-2627.5650462716208,347.2309409584557,-842.9016993618143,78.06396218674726,-400.4711916173566,367.4561121032017,-142.10873959155754,1232.6934854828685,-828.1868546374869,828.7190037041127,-621.6432259428334,-312.30411950332467,174.44622858005928
-2434.434532034919,527.6716814556519,-591.1043003704981,229.0621527928554,-574.7056488442668,196.6027449486474,-122.19849197267358,982.8624112080807,-635.1701864438852,868.61733246858,-592.6830232474292,-187.8233448679565,113.66186528321148
-2176.5569254734646,509.36722745972133,-346.1783692451135,363.0617025500301,-583.2180304639242,155.83899762929116,-138.54816916872312,769.6105600070022,-479.20316699947847,857.9406665476567,-542.9423087858651,-68.94622826827054,54.36384924708807
-1914.4532194225237,403.91999955734804,-205.53587423135332,409.7439629066552,-507.5007834680705,170.35789759576534,-134.7774556211543,610.8507320326282,-350.1489178210124,814.6443420547571,-490.46360496698435,36.96115468278792,-5.461577586429513
-1653.4390192660435,306.5609946969944,-143.8286958825924,381.99204344336306,-419.2862023320745,184.11580596708416,-97.36511199391205,499.5543185847743,-230.1866891820272,752.0768214635266,-441.4781444655242,126.23756715373733,-65.4045733952971
-1372.3263343056212,248.0494079683156,-116.85023847372653,311.7060900558399,-352.9693330120214,171.6452595633639,-32.621187942312076,421.3259490124269,-102.76341052074847,677.9948656225777,-392.7985094350546,198.50010067939257,-123.4082399862736
-1036.5489099065787,224.6555560158113,-101.74721001046485,218.67859326030353,-316.2691700800111,130.9902310283304,48.34831695978011,361.85961052645683,44.27164671690883,596.0740684383287,-332.698488857048,257.54856077892066,-176.27469614588733
-584.8446096278561,215.85042674999232,-99.2374417511191,111.3554824022203,-302.55384264561974,74.76675321440422,132.6722745413013,304.0480505610729,216.4925894771839,508.72390039712025,-241.02339756759773,313.3835829663984,-219.4905540544739
111.6045987299457,182.76983343572505,-120.19888752680214,5.297103451703066,-300.45668735344753,14.068539446354094,197.13721849888339,217.58755106868162,407.08715238273584,419.3443684737698,-93.02684976866573,382.40094158306647,-246.56051502541928
1277.4521738824033,93.89561561750646,-160.90641321170938,-68.71727450487765,-318.25114173445974,-79.27454007198975,189.1180905295871,47.88055694624029,582.6791950349306,328.10972442490424,125.49306339221027,479.9801355984438,-249.33334616728604
3107.0729774290953,-4.639807303144764,-206.16988221092038,-123.71358688295092,-438.6258096313736,-322.3126639394777,5.3350713306682565,-284.4346711669945,660.6402060170489,215.39727951206496,385.8776015191129,601.9658353650191,-223.50976125460699
5306.4681347306405,-31.924721302224853,-345.56789725466706,-355.2432764177951,-869.155992235362,-919.49718779897,-503.1782662207014,-857.2857297114758,497.9204029183411,26.445857477169113,577.7389723834542,704.5761166867612,-183.64303876957678
6528.7614048191,-235.51045174692018,-951.6612436565947,-1179.7931285519512,-1864.1083281438046,-2016.7588651703452,-1445.7524356728204,-1669.9152934821102,-60.637864271413264,-302.5651525484497,510.4412446157556,708.8708535694972,-178.77672640435293
4783.539673316521,-1385.6168415159973,-2466.3647860698898,-2818.625590149981,-3399.2699020833693,-3405.905954595137,-2716.785792040651,-2534.696871659732,-1041.1151990730868,-762.378511472426,27.327185573537918,554.2048440082964,-275.354233448299
-293.90684457595967,-3617.930611489552,-4512.708377220853,-4584.890159852853,-4860.349833947028,-4406.0725525391945,-3872.1295039861634,-3074.635635507312,-2154.5618230708847,-1187.8699543731384,-768.3914075194791,287.3645552884899,-484.5135674419752
-5285.964429445671,-5200.948623980108,-5575.628512494682,-5080.189895501407,-5225.584808830609,-4248.676740171338,-4174.085000208833,-2863.58126442932,-2734.8448561587657,-1251.9149044932547,-1396.0089199008607,102.49527224114877,-698.519500124049
-5166.769638289395,-3838.707921932182,-3981.2041569007797,-3255.3780784904643,-3538.5299874420725,-2492.640167093337,-2889.1743323372402,-1595.0933124138446,-2101.9303237470635,-641.5262107939832,-1310.886571320892,214.65761641764266,-760.8162348302617
700.7063570762316,748.6316162978128,389.19824513283584,643.2723814235651,102.96311659921471,577.4726662657339,-143.05824422452113,551.161653069109,-349.1436113999174,563.9535693629582,-516.2429162752485,614.5978872282868,-646.8105648031141
6645.836771522015,5155.080636256915,4630.801094307292,4445.9482562295,3687.3607103019285,3605.340528328961,2589.1708902045825,2683.9759952513423,1411.3064695904834,1766.20684593606,292.6572542258282,1008.966282718241,-519.5775023387794
6907.407970007719,6118.106826575277,5919.794312390879,6037.342779013092,5220.456345844714,5247.0365096989335,3825.4216868957537,3908.988688346477,2055.0753450707916,2360.7851539758476,410.9734698246674,1100.6422983962652,-545.0604028160333
1974.1527956867803,4197.402687499917,4563.964903805382,5302.040127631877,4670.083335411539,5261.550576799817,3443.2974644331402,4049.903497703329,1471.3508566056012,2259.843682430691,-180.90232908402703,874.1846962985043,-703.6416649293927
-3157.256348078759,1797.4664983846956,2349.509043557098,3376.092719843254,3064.4623990087857,4136.274197580026,2202.147368105388,3427.950920813667,340.26841243497665,1776.8520830336788,-943.3228505576167,543.4228342487797,-840.5642210311596
-4989.29008066901,583.1172564970462,767.064703313144,1654.8284101875724,1447.0069880663661,2656.1042440849365,863.7848109247382,2482.139323100863,-658.8284488527332,1245.744389362851,-1388.4923462060742,306.37631836046177,-846.8791481804777
-3818.4560967784982,343.84789617510637,134.1893118826919,792.2835642163586,418.42993123121363,1499.1575691619196,-117.35255739042336,1596.365559330341,-1224.3770989162629,838.5918659935472,-1404.9291168615894,214.55322986288704,-733.0902344635329
-1629.7660577126883,278.92595609773895,-27.354620874920172,539.3867080469931,-19.0498743536769,864.4844328243249,-636.6154318933011,960.4732939405852,-1376.4186463739884,568.9117894327869,-1146.3514320572733,210.28346786901562,-567.2358573343446
205.4579814306325,142.51376230857824,-98.29261466775507,465.10724521031534,-136.92348215781692,595.4940314003044,-810.7571171824841,573.1866451859692,-1270.2071083359695,373.9467361571154,-804.8940673881391,215.937900569926,-401.240926678341
1375.4956230652276,23.43720973455933,-163.39815862962752,370.60841235581967,-150.7297788439529,479.77388220443027,-797.0420710011072,352.6958700431227,-1052.0569458679374,198.15567592108124,-493.8272500433166,188.5056781412277,-252.6385128783849
2070.5150723286392,-30.54818333788053,-203.1548490842372,244.32356600783848,-144.4198970920778,396.169353180976,-704.5665230336765,216.2410756614798,-808.2842012112326,21.063967711034252,-244.3063477259817,124.94328010774606,-119.88618230179605
2517.0308443040285,-54.14319016713661,-213.36151381567572,118.83454174240339,-124.95998175641563,315.2494224560993,-589.0466540381865,107.00848361242996,-575.1616966882699,-157.37184125180522,-43.932619619352465,42.305774800822164,2.4840903011580764
2846.0709521479025,-89.89070033490087,-206.3686275462867,10.4792203348739,-79.55661247382481,248.21082156004383,-475.13605833484746,-6.482850455370993,-361.48995244203803,-333.4516064005476,130.6499296054965,-40.9696688676688,118.22657044278219
3120.034487484218,-160.57401633417305,-184.00510983162047,-72.08723445804631,-0.7832882488678763,207.9607987542147,-376.5718251660493,-141.82693751249752,-162.96062560225633,-504.1547817049933,298.33875301687704,-112.71243064897276,229.04533650216425
3373.965747160694,-270.5785105937382,-122.83907863266182,-108.60721907807931,103.68618298992143,192.38156584418994,-305.41238205336595,-313.45590612787896,31.9093178527597,-664.944812889001,469.6128143369802,-166.93973927578796,335.3104718521171
3629.5147158925724,-387.48638791170623,24.34728833316666,-66.19582819307666,198.2591228610513,175.0061400420572,-269.178888263218,-535.7006571272525,239.61012870467187,-806.9301017173367,646.4123021193693,-201.8652059697979,436.29605619557185
3882.302642584601,-409.7324979624132,288.00401430718625,68.51035907285801,207.42863706218768,97.53614117933355,-255.3947354685003,-815.2453001332511,478.6117045381066,-915.3055710384901,821.2844815241037,-219.00220339478236,529.7345956593429
4073.355841555115,-213.3051390320805,573.3525592663744,221.71713089485056,41.860785434174744,-118.52418516318124,-207.24379239736734,-1133.0847309989144,760.5131739683483,-970.2877875850763,974.9666379750655,-223.62621231833577,611.082992219405
4071.54136994956,114.42256023521449,580.7062944927225,201.1154659231521,-285.0008229948937,-511.0196472589184,-14.08251122076291,-1425.3275423473142,1072.1117067244904,-952.7188000179781,1076.182223374582,-224.93915270248988,673.6912885406101
3714.7649118474087,113.90767120755748,74.84708085643699,-135.40376196906692,-498.3880978815754,-979.627111276051,433.3754785163469,-1587.3887173725302,1355.7260613456046,-853.9435958284901,1090.8543793294302,-233.32061628411037,711.399413752365
2931.687504258778,-418.1331242936746,-469.2353483192131,-540.7034168088821,-140.7954664134246,-1267.5943705225059,1103.356686543789,-1520.9314259418245,1510.189777619852,-683.5702923508977,1001.9575545136377,-255.1993007716344,723.0139757874792
1864.0845355614078,-484.7192864755957,28.35918144494373,-423.9965909105542,875.5835129644172,-1143.291255612975,1699.5675518505916,-1205.654788279609,1428.463131181058,-473.62129550302376,825.552425127264,-292.77726286331176,714.3619454252719
855.4892899951519,854.6508869366673,1442.9771785357646,303.66673584014313,1724.3150450371766,-692.3247077833381,1759.6338002977657,-756.6931402618155,1068.525524803973,-284.36469757794606,609.2355562947246,-350.3764959475806,694.7182509016724
306.5128953639122,1808.8093136018888,1587.2871522321025,673.7876463648122,1323.4185326286845,-340.6567863904331,1109.8088721540803,-379.53005681063127,545.0753677505832,-176.69711616589302,421.75859658556567,-428.3700407084562,672.1573858770277
539.8929656969971,349.2101477319611,-341.6096416387892,77.47062303071728,-8.721076068225429,-289.73673248760184,229.27741038688598,-141.4537535043845,113.18087215409258,-127.57296966920393,329.13045784711034,-501.52499371973363,653.4900567449117
1727.6389902939115,-1530.8722927897347,-1960.498153871893,-607.7149210148032,-922.6884998991278,-248.84085263028194,-327.90668305786767,89.51925754983324,-99.2534171814749,-42.332853734658215,340.9568172854832,-531.159231094089,645.3624196538007
3793.2094710530127,-1353.301207578515,-1507.9994860779182,-648.4541260233121,-871.0916047238501,-85.54180808753127,-531.0187942378363,342.4749149179871,-196.08544694649754,95.00607889668612,414.1107644558842,-509.81650982480727,653.1848923145272
6216.136945217785,1022.0557124640908,898.0336330039449,212.59384352346856,263.0186940617642,306.5496276516883,-246.61293037807746,636.8940364131676,-113.01780634621815,268.1041100297183,573.8810082009641,-442.753244609434,678.6557785334116
7908.778167959763,3185.6210648568162,3349.4726248694246,1560.1696629494566,2031.0747702860854,1100.6315857165075,704.8404396502589,1168.9118150780891,416.60204388447767,569.1505531763794,916.2837706533055,-302.8938171272414,709.5630522499598
7683.15460061282,3163.546612698621,3985.502423386701,2044.6983104584917,3156.9697237920527,1718.2455160084287,1729.240048515137,1778.2636520843341,1242.3314117315003,967.1190548660734,1367.7356220112206,-102.55787047430601,709.6753886104397
5321.313078612287,2441.31695320192,3480.8788288310902,1701.6296273631192,3251.0613725428266,1657.8483257962662,2122.48482394803,1955.0517210073413,1779.8820934386522,1136.5756671503193,1611.6160121753758,30.497066284910375,639.6456270276824
2055.9957285965133,1981.400192287314,2922.7246521712173,1361.3212910179893,2883.15756592166,1305.9457897488744,1933.2852352813156,1616.873063935289,1725.8539645028704,836.7933449251368,1413.610217624494,-30.09886487338622,499.5333951256415
-387.7330132838601,1443.863388085318,2475.6132897131197,988.8630645695781,2463.7859015374725,1026.8981170269112,1583.2858336852676,1137.244815028641,1323.2705860327978,239.999789253652,898.0482568054101,-245.28600542062938,334.05629757818065
-1182.6756437908602,1074.2629730973256,2189.9438084448248,526.6027338674483,2134.507075094868,772.9556503037629,1328.2088331120829,788.8857981687399,975.7028453001758,-264.4818681398683,408.9631959619801,-439.15061731531654,188.97946066603464
-757.0135464225683,1039.1835771165004,2156.461358260512,274.814791405009,1993.791759025167,517.5543962313752,1211.133682078726,584.2337979562717,881.2218876015734,-419.20677950580216,191.26292785702253,-462.5524548831203,76.27811014064268
-66.36964469071575,1021.3414553978791,2265.294379833649,295.0565509335128,2059.6671968289033,338.7134852704618,1180.6827426802206,445.8916623983398,989.294503352972,-225.6878162511485,248.05092113304033,-296.1134485666356,-17.3783180109412
248.45751992726576,885.2588324816472,2336.8421445789704,372.83879178039473,2214.064720760324,245.5977892779053,1159.2847921472214,317.80314636767486,1134.5390310520659,131.71541485625738,416.34544462105663,-31.05348575526571,-105.19664780118433
132.54366456434292,761.1953098047362,2301.4878999716093,336.6417087064192,2278.1157232539085,171.14093960342893,1085.1580501754952,176.0645000677103,1169.5527540682979,428.60665810924706,511.27400976985876,210.75667177249127,-190.44122567551844
-150.48824474918416,686.2346090036309,2163.5368980626936,130.8091639974296,2126.9029822350876,71.47177697690603,949.7167405702255,20.702119761849303,1030.242093442749,520.8510449971678,426.177063407257,347.8217085229231,-272.4874616112096
-404.4688700551905,531.9991189392548,1905.6054226308422,-239.34488647682204,1757.6319349793102,-27.86272517819475,804.5207202202841,-131.44414549463193,737.8914686596956,396.1450211170392,161.64581348625484,368.35588562897084,-352.9721435926387
-650.4604449458404,160.4720998496259,1489.5517143095094,-683.4147859893308,1297.7767809805023,-60.78894836554764,722.6070067624596,-257.6526629905403,368.400220513252,151.8416213430546,-200.8020532348177,317.84927299165986,-434.6081655494777
-1003.5201608845135,-426.99416975789165,961.7864092641752,-1004.1459570094884,949.1553490655538,18.580684609492835,743.3878075406351,-334.5287064543685,18.663860250608366,-68.00227999582668,-552.7767784168384,263.6466966414552,-516.872279967125
-1495.4621544140675,-1006.6286409818674,536.9107308874144,-998.2322958207635,873.100023226206,201.78644516585385,860.7933470069574,-326.2690066173298,-220.6549076130877,-134.19280743073995,-813.6934991334983,259.4213802962779,-595.2964669299652
-2040.7504393583592,-1206.632625702182,505.7530819266623,-572.6529194863854,1120.6120798730599,461.7266945038838,1080.7848624246742,-169.1027827408834,-299.75172968643045,30.55271023765536,-965.6368835188365,325.58219428135,-665.798377889593
-2499.8547058940976,-586.8316314324768,1144.5529137989972,284.4422074261135,1748.922711717917,787.1129234334317,1458.591051678977,206.50081827397105,-258.79294312224437,439.1789567400664,-1053.540096194215,451.75888291989224,-728.2797851248802
-2617.4207234914293,1328.6624287096881,2856.2290013338857,1356.1894273921876,2903.8998086619345,1054.4636435887726,1970.7896270834917,797.4593254980477,-245.34414195717113,1046.888928170865,-1141.2790894125797,618.6033940858631,-781.4530572476928
-1817.2173723097806,3793.9295202986773,5626.068900886624,1638.3990106720591,4389.291551034817,869.7891298104332,2334.3610205534633,1478.7017021986794,-423.3834990913069,1778.151395414549,-1241.826957240708,823.7759778984653,-810.3963494007559
668.6751910202325,3567.474960822034,7683.618144770039,-288.95413633069853,5282.799058590351,-152.92031405244018,2158.429244713414,2087.23630270161,-827.6737147770486,2557.7598085005125,-1291.2287113444802,1082.442726785369,-785.4146749756496
4940.2144330735155,-1658.0402606647372,6584.686004204932,-4455.12002349675,4710.737206972865,-1895.4787188691544,1318.703746032524,2519.8035629026226,-1375.299514693185,3295.7951259691044,-1224.7881369281158,1386.3008654610883,-687.5168960917022
9624.085534150436,-9119.654511175386,2453.791481002718,-8950.060904187692,2847.0702755805255,-3790.339384986636,-4.4726815420993375,2690.9349881262547,-2018.8482423393987,3842.783148369268,-1076.4407092463478,1666.8695492687948,-536.478077257674
12485.145283017533,-13354.414691503182,-1430.4078184228892,-11397.403011420307,857.8800564029266,-5161.6567623824385,-1469.60290763339,2540.7071962735013,-2749.524515372869,4036.881693480599,-955.4212340257536,1831.47865716107,-379.01125421079814
12095.041877550862,-11714.141213285287,-1741.9905840262595,-10680.287857651998,-19.116459342591867,-5534.4340269700315,-2699.5356496665204,2102.308562064255,-3501.4811153757155,3809.76209496429,-940.3094620529687,1833.752672991392,-251.03384418636148
8673.727748453355,-6281.572190241727,1494.8181281795296,-7626.894757054548,448.3240518945115,-4952.598949446933,-3497.3402159143993,1420.2502566926862,-4165.010322006357,3173.954028052954,-1048.658707880238,1674.0973499781476,-169.23396097922728
3613.077499289157,-1365.4883215640964,5401.535794318442,-4341.862951776294,1585.1033651698126,-3851.638743134979,-3801.4644691751864,614.955599208495,-4591.591729856081,2209.9306994242784,-1259.870471126524,1367.3885633747707,-144.88619871081448
-1236.6981500081333,613.8986537673793,7350.140335682734,-2583.5373109657176,2547.7342555508194,-2724.8757274090995,-3639.976575416612,27.488375763885557,-4650.590399683419,1175.3682107636773,-1503.1919864612837,975.0619054914537,-171.20545458109257
-4191.489888524114,427.9517881935069,6890.062274696835,-2268.4707136102297,2864.754114823277,-1813.8028041230316,-3178.180807970058,-37.485156399537786,-4369.204745566157,435.9667839736416,-1669.0151321112642,619.7851576252466,-205.98417671467118
-4524.147935697366,-1055.3035531182315,4848.156983948934,-2529.368214653946,2578.9379402463505,-1067.5770057884913,-2552.3835294822356,390.66093426716833,-3876.6617613889007,175.68288332174626,-1673.9520947686535,397.61954245702486,-200.8462092900154
-2826.1054708159713,-3371.4467675578594,2280.4936969971836,-3103.817260469869,1915.6236777000022,-476.07780265289733,-1859.5300604098052,1042.8899401196861,-3257.2686520035995,297.88394391807185,-1503.1835603869492,308.9718579091559,-146.12146819821186
-376.06779556410294,-5355.058153238042,320.5965071346758,-3816.2151369748162,1175.5503118611307,-93.90180619730702,-1241.2009359001613,1655.7592989430839,-2562.2355537954236,601.3733430090671,-1198.4172989876638,302.0525346865786,-68.55500029849372
1817.6425047560915,-6104.535076653597,-420.4371517316239,-4227.941072863816,698.8172562937084,153.53455126684537,-790.0925557338076,2098.465945527641,-1862.8528850475118,947.7312909074676,-820.7357280844662,340.7788603364536,7.033521560912192
3375.359028507023,-5623.78471372747,-83.10308095073364,-4052.4265952089227,646.3211483580413,400.09906671725,-502.05283718354474,2360.017088275077,-1234.4191280608038,1283.645035147987,-420.27443413700047,412.51300809050406,78.98823934087028
4317.094876950597,-4281.765461514627,863.504327483763,-3319.2795635408947,922.9973726331284,680.0183609044676,-354.37242295136264,2472.7766909028096,-738.0743102120875,1582.0559921264248,-35.48218423157658,498.6504965190806,159.3418717620978
4774.638423059854,-2457.924887417129,1984.4097253715183,-2235.573496975725,1306.3022351168063,918.4179171841072,-348.8948743844446,2452.6195076979725,-426.82837863258857,1785.7753447072494,285.0995853275489,557.5246282988189,256.21321578191163
4858.090307871237,-640.6028234750542,2967.5112311138373,-1099.9362537703973,1589.8815143699558,1019.7897243055938,-480.8467553406083,2291.5969946142845,-339.4850779832298,1802.6798659353626,474.7072297654473,536.9517827408935,364.5280853069254
4597.423810733647,644.1513585638271,3583.0345159305484,-251.22373902978813,1645.891721893537,945.304586553996,-710.4906345526736,1986.7875940453198,-479.4155323346889,1560.1576352237928,477.75060680318313,406.11777599100304,467.6770576104276
3971.95115332264,1151.340742184645,3721.163357161204,92.46934881843967,1448.6624667660915,730.0576367764713,-984.4912476170064,1564.0587453120033,-809.6073144956799,1072.864067697283,301.2055369011685,181.03433920549213,549.0411703802334
3093.2874823244724,1011.4052843579932,3474.245151268601,-13.779409936553748,1058.2000695617944,420.8622609450505,-1302.1056411482261,1079.914150925492,-1273.8361048155139,456.8002677957719,44.42266124024155,-81.43914904750473,607.0700573314036
2356.456630081534,558.2899789898336,2941.9347931668894,-411.6228029600781,459.7885589070014,-24.870665385296917,-1785.1266078236097,626.7609494983449,-1812.3674648253282,-134.11094406370006,-130.22221638122957,-322.739781317131,659.9228703889916
2198.889762999585,-180.45820787325204,1776.1447913498387,-1351.1595580324638,-599.660460180736,-688.4915034782005,-2645.8545280279077,347.36879453931283,-2347.4420793030504,-606.5606149592254,-85.28827572159801,-527.7876224616142,729.0867312162206
2462.6334055524967,-2349.111371094783,-485.8598644457526,-3517.094000194692,-2313.3341045994475,-1382.6477562259902,-3968.128886416868,392.7434449755577,-2771.458016255687,-987.6100304722088,192.5064520526298,-738.9149427793461,809.7540981304802
2067.970644911281,-7219.54734845059,-2819.765392258425,-6762.525163490026,-4146.509596367845,-1500.3311126678923,-5457.669172188011,791.3746263013195,-2980.2194600663397,-1383.0466734169838,558.8235991085468,-1014.8939550506316,856.8631527554007
-125.02199527307079,-12579.116619508497,-2621.0103659933147,-9077.447395732928,-4862.06266344628,-494.4578263623897,-6481.0703416322485,1379.4579696615378,-2907.814036131753,-1830.326834344898,803.8151701884946,-1350.8532074818322,816.720756697958
-3713.937704259534,-13199.810403646554,1026.8425018014063,-8168.395770421274,-3627.859207931332,1465.6280251092562,-6427.6034792758355,1946.5295470513395,-2500.868530826727,-2169.635702866415,827.5348997367521,-1633.7488872396898,689.9637400372252
-6550.513251046932,-7713.78278133336,5196.112220920277,-4238.381856011134,-997.8480120592965,3461.318573495702,-5129.804505156392,2410.08605550341,-1726.0541202652698,-2131.9833497359477,729.060966992879,-1712.9477252943555,551.3259925400879
-6855.4485735923,-1399.786434683961,6285.430313954279,-194.3554144220907,1385.610890293797,4491.704739638009,-3122.995624068981,2770.4403403579868,-698.1600235760345,-1635.0057916652363,694.9790436869282,-1546.5598329698137,480.2520702868169
-5069.290514773861,1141.7168053158603,4750.55969122452,1622.9915023507272,2381.892411029333,4444.8248550668795,-1361.207584249319,3056.132556582086,319.4805310700097,-934.5157613518279,826.5965150767549,-1259.77488219015,478.4665773092971
-2913.9563843626224,1152.2892350743246,3766.16383012766,1703.680013558762,2333.6942540816644,4179.142588324773,-382.21100889093896,3386.5065424042486,1189.2604297675416,-379.101603807295,1112.6698460367065,-1025.3178665145624,480.9200930006863
-1228.957217685437,563.7260949779895,4367.581539133329,1161.7295204227298,1816.9343498089358,4232.231131320535,-66.54748104869239,3807.3223248543813,1979.6663629890306,-74.78581073385672,1496.4592478823422,-897.7523372367153,437.53780017570006
439.4832339432737,-842.0265132049896,5240.31658473544,65.53137301907384,731.6323807240184,4279.453316171573,-231.23085006815575,4068.518486573093,2656.8383402669488,91.5372348400548,1877.4029904991664,-803.3720525459674,356.52520165980076
2507.3646828142028,-2985.5650424043774,4811.410662053783,-1449.8117840728298,-829.296206140837,3941.3353232927493,-784.0598977007934,3854.0531123666756,2983.804259196887,189.14150702241682,2100.888230691581,-678.9069156528074,274.22372759567196
4490.82124810808,-4624.231397271905,2764.146804559875,-2804.942728269899,-2251.6500719971227,3178.7735393992284,-1453.6711191183317,3136.150515081,2807.5214691395136,166.69428792151405,2048.2727406781623,-553.9441634801321,212.20176394349645
5573.882165394048,-4668.324445994678,500.0538241126965,-3460.3378053373626,-3000.0062174315153,2168.451298950741,-1932.0903502036508,2147.682929081927,2224.632743914297,-11.752912293524261,1741.4431187029877,-483.0470690769914,170.68844134323786
5481.3513756625125,-3668.964162203035,-645.4168283655831,-3338.403795224031,-3035.2913225698308,1206.1947716367451,-2161.0598585322664,1144.5622536002022,1465.4558105528038,-291.59735094068844,1332.0405376494105,-459.297472259383,142.04276090071605
4497.6061056316175,-2946.930042492851,-719.7123949223748,-2848.373519280021,-2731.2592266273064,511.4301913715139,-2299.4985062383657,258.42073465520633,742.3025012578713,-591.8776691403625,994.5369449217455,-429.66029794576434,113.00240361325577
2945.550840553146,-2986.9275834175583,-275.50653447633204,-2335.9090185532455,-2432.878649608897,135.03887481808243,-2489.2763032229036,-491.4852408227972,183.29798382057865,-877.7522299484754,815.8296962579698,-364.4920670211393,61.698462146868955
1014.0762414748947,-3389.116294892355,485.8255717986549,-1802.4483078345409,-2220.598902537348,77.54482933650347,-2697.559066066763,-1083.3877541296642,-163.49967361711285,-1154.5102243540898,752.2361070472343,-284.26748367554353,-29.21912186048877
-1011.4430633624027,-3383.8081863346933,1491.2253764085585,-1159.7483787698498,-2046.0723891095115,315.83831756026666,-2770.0379929952833,-1441.9262942686719,-298.9700139822647,-1417.1712168991198,688.3426740416484,-226.87180925597613,-152.012805839659
-2680.1101637855336,-2509.5670603731646,2482.509817581823,-433.1583631684816,-1823.6100247247678,741.1707132725452,-2599.1203288850425,-1534.7494265944733,-268.5725443972613,-1628.2531779783856,550.0025161959136,-206.99345250732853,-274.8645241283109
-3646.2963596581953,-1201.7142577433447,3077.3989110552293,258.6782712573571,-1451.7823934193145,1213.8001045371236,-2228.1001147713137,-1461.6829017763744,-170.1293477630778,-1752.5422162093719,351.6065251701213,-215.93836864886492,-368.69251996960645
-3964.6939362663106,-266.2699189690772,3102.4875827463607,815.1591916435891,-941.7630345950244,1651.9054175646866,-1814.6906996389087,-1389.8838978991485,-109.24904861680837,-1816.1018706957711,129.98441677141523,-253.83134811149262,-432.54971224142105
-4139.105436281049,39.70275294178717,2802.147308606389,1230.9036006162828,-458.6938763343648,2050.169252047327,-1492.1660398586532,-1425.3268329837322,-117.64372961701892,-1921.1972694169647,-132.07405916491734,-338.2714519328878,-494.7712425772181
-4833.3535275672175,14.59912558760147,2622.86353109254,1597.7373751602634,-151.44647651575178,2493.3269410412126,-1259.7287338972137,-1574.0923702335497,-116.49244266530303,-2165.359955297226,-476.6403298128058,-459.2857867020678,-591.0324545850624
-6228.339729757948,53.50952824495997,2992.2857126997965,2089.2503839808555,-44.973256950349395,3120.821297712351,-993.8174637220877,-1763.138285202295,54.67240193929288,-2502.2178997348674,-867.4628675961446,-528.6494625303997,-732.3340410083466
-7371.762710974632,303.3745926090871,4185.05272343335,2864.808567150235,-78.36683711490133,4008.105168254356,-506.7449134141363,-1827.9930132769882,575.6107572740921,-2679.714210747213,-1146.006708085801,-402.44849294524164,-880.4239812642459
-6375.052249465765,513.1673035696609,6067.087425272473,3983.9467350498085,-74.16999779485812,5130.340311582241,387.0715682473728,-1547.780485860167,1543.170322526865,-2365.7637989470377,-1113.4416413287627,11.222500267005415,-955.2025581746007
-1924.5097414344807,341.32854622326875,8119.917939515764,5352.835032893097,145.49991057020227,6367.908864554057,1710.4181589728755,-813.7227187744891,2842.1649552658896,-1405.7444833467118,-675.1863652110104,645.4575681056224,-887.0768945574035
4987.883635318487,-552.5959970162603,9481.134473537644,6458.152852607154,419.7091336272158,7401.290731507346,3172.4985436380093,229.32846299669296,4117.725269514161,-2.997154782642099,68.92290615609252,1278.465312184618,-683.2776418955785
11215.159297225493,-2226.355727005703,9094.518997747777,6483.548491263372,350.180415756099,7786.804428788534,4299.224159572414,1255.3201472725334,4964.98765023012,1366.6974464171403,863.9997943126552,1672.9836268412705,-441.0417361162512
13994.391836196093,-3772.3349430768426,6764.476770021896,5174.53479456996,-187.28400741641693,7344.0620699951205,4782.388114268198,1966.2993045727687,5211.961708385089,2276.628558690069,1452.131865932887,1743.3907803157545,-276.06242486248277
13330.30626925769,-4062.122484909117,3779.17366436718,3295.606230924401,-865.2490131894448,6373.142805889237,4701.322004895401,2268.7827325709072,5019.473050969452,2634.4748207924085,1728.4101653707605,1595.7066045138647,-230.8608960074975
11517.776899130913,-3163.4149993635924,1973.9366581321792,2098.4434048790067,-1173.989842211438,5493.236837457572,4463.906997437486,2318.399555492672,4734.780084649724,2680.120829146048,1775.8317957181075,1414.3712884772012,-259.952821040732
10658.418703145135,-2071.315463370563,2261.902913632241,2340.1415681424087,-871.5395791054613,5194.383803801667,4463.602541338868,2317.74791919026,4653.475886165574,2726.477604051297,1743.0180523287731,1331.5464853898907,-292.2704637951574
11059.126282013109,-1034.3566798810293,4312.256195615523,3859.9190438772584,-56.21863499233641,5415.924002871518,4699.0228336772925,2242.0542081427366,4789.634411803091,2880.300640400453,1665.014093212341,1379.2496650457133,-287.44449523208664
11515.536961805345,271.098411773664,6967.00476812921,5855.568852480768,1005.6008343586561,5753.482427169725,4869.360723331952,1927.955188010581,4831.546139996755,2973.839462107323,1419.451833030238,1489.0543319349263,-244.44024480423593
10537.412978687364,1631.734673583313,8558.170959696885,7155.008380034348,1793.4977391445575,5860.060677648866,4759.472006630067,1350.6478856294552,4447.234262413698,2769.5730659582923,898.6787898568934,1524.6060063901027,-184.53879305688977
7568.042594044511,2497.350185189416,8210.352403873121,7012.722642749639,1876.7647481936135,5502.660958555455,4327.74891009056,623.7156746190703,3604.725478846699,2215.868281129393,187.43093119418387,1385.767813473308,-128.58597878531972
3481.716174790605,2535.1880107807806,6521.374630536314,5761.630291894994,1387.0840294038858,4662.024550681216,3622.2360454731147,-125.49794447824956,2523.4887977207495,1472.839204871125,-491.95594542140236,1102.9277657072807,-79.59587999200562
-123.98028368649125,1941.4475360799854,4544.89224677354,4207.72917194004,712.2827796258324,3556.9828907751803,2753.9047764808565,-783.2331901594738,1446.3714395037568,742.4941223972027,-969.1249506817092,793.7037582867493,-26.922180661841722
-2248.379088244596,1186.6087627966608,2941.296583968237,2863.3935314966475,19.87002631255021,2403.8713841112753,1838.2512994513743,-1286.9525336291815,522.4886263353777,134.37445562224352,-1213.654505694627,542.5160621152096,33.95991363599387
-3090.651148855238,556.6190463791565,1904.884510775843,1868.1217572966889,-722.8795784084228,1292.9155650346422,957.0343628260081,-1666.4792530598904,-203.176194791574,-346.1788454941271,-1298.1290817480833,352.3187545320893,94.19958856568314
-3480.939601804622,-93.63767966429896,1189.6145898847462,1096.3749004023448,-1541.0777291094125,265.51180617936785,191.45710804163488,-1990.3048582028998,-763.2066994196587,-746.069633410552,-1341.7949955805107,182.50026038386778,145.12192914885503
-3957.2226707123186,-1205.985124230081,271.2794625068954,264.0268331648375,-2422.660309699678,-636.8106230965884,-390.9984952726441,-2285.4137226332437,-1226.7644179018796,-1100.4928396976732,-1460.4770117508538,-0.11240477150465722,192.8247712901471
-4385.923095496896,-2978.580988609086,-1135.7454374068602,-726.2980385094731,-3307.0282313504804,-1381.6115236664546,-822.9428725633619,-2559.475594592172,-1665.7619810401477,-1379.495080143835,-1696.956117279236,-191.4969948235788,256.13468157249855
-4249.65322650712,-5060.682971250858,-2663.8734599720965,-1553.4877372061062,-3967.06385693122,-1977.5971538427616,-1257.3089261831976,-2889.6903814743973,-2121.3296287830553,-1476.1909703191627,-1965.4572410302853,-347.92006395456804,349.751840872259
-3158.600073944683,-6573.9264316242225,-3529.2239949742793,-1926.3422393266321,-4177.217414633307,-2554.498673923732,-1805.758773232856,-3387.7989222128676,-2554.3507185875096,-1268.2111395224729,-2092.518372105739,-418.2135639191542,469.46813376047527
-1123.9646018995682,-6469.548487469985,-3514.7089124047225,-2221.163317977703,-4203.897251544162,-3320.4450033806675,-2312.5125276366025,-4011.54709104285,-2843.999753434053,-725.195052128546,-1959.5645979465369,-393.9569858095798,595.7900120464819
1501.4403564395873,-4932.34093663623,-3567.9439966132772,-3072.15522855557,-4726.3281670590995,-4306.175126072095,-2412.561313796556,-4524.880514028458,-2906.654541165055,46.75344524184359,-1609.480235933494,-331.7834370220939,711.7724775681163
4115.746890741795,-4029.5919436149475,-4678.108681330687,-4314.360375824448,-6059.4520825813015,-5292.328165341783,-1888.198845735705,-4735.535724182241,-2812.188553050112,879.0185893626353,-1193.1931563302987,-323.1529402107968,809.9278736210133
5813.707322702485,-5579.085991434422,-6429.904818465506,-4899.554955870665,-7757.817407017181,-5967.237543115344,-806.142280934734,-4602.46999636666,-2698.3738536951464,1611.263686248848,-838.3254188333382,-434.00165081280363,875.8948964915562
5667.895691617111,-8480.385357393372,-6985.871949080028,-3725.4132973818546,-8722.658059245758,-5931.651617213287,573.4551714596439,-4081.027456122021,-2578.33786949921,2071.327886599472,-598.9844067194425,-648.165997658201,878.2585106602527
3753.200273342031,-9017.612365294748,-5017.065588461169,-1060.1494367968262,-7918.490631036878,-4958.256511015773,1743.388976377883,-3164.186592564348,-2313.7875161139455,2121.3925240222097,-468.9075554663898,-849.3803629423237,801.0715640052829
1725.0867628450267,-6069.9015344608315,-2049.152505402305,1086.058355611461,-5698.769042003869,-3452.8261754834853,2195.1236769018324,-2050.0607994019024,-1767.739039232935,1847.8829681733234,-368.4329075229266,-892.659493173127,688.4039280172021
1320.1495669393735,-2926.075919090556,-429.9873547062781,1519.8398518059494,-3473.8762101062193,-2058.9403320046517,2014.1234828277359,-969.1244652357057,-952.6969371212667,1604.7997322454344,-166.78822448336183,-747.017522582205,619.5167438207123
2169.258373416769,-1743.657409988025,-197.16903892303466,1091.3518619529805,-1959.1321309089594,-944.6452800037248,1801.4134788936772,41.49669220149144,-71.7425785848881,1709.3880267267175,196.7329803566742,-555.1428088553886,619.4332907459035
2193.767491878527,-1999.4172041994907,-458.5274259374277,690.8797301801957,-987.074662362403,20.821666444602144,1942.8464648841552,987.2919024147927,575.1936643423675,2112.915461417504,621.5622536941491,-505.32682366803084,625.7837719498572
263.775159826401,-2608.1247636087023,-745.6998713390668,508.5212111229647,-344.6406085678224,789.4235774755497,2329.6585704806675,1713.63741020205,777.5598253598489,2459.8988036072387,919.2007423588786,-653.1512470748493,565.4925918487626
-2572.899961936198,-2313.560804494802,-428.02681242708525,808.9167325791248,106.08561775619438,1198.1350679585883,2703.1712481727973,2044.8866861105578,552.3786852822881,2455.0352971718657,977.2859415609626,-898.1402774443578,435.0389329566759
-4513.6058921986005,-747.9700701894831,750.8149141662573,1693.3607623111277,492.03251778169545,1250.3310451581904,2959.2150397444184,2050.885064240516,128.15429493544025,2122.479391715877,849.4905078460266,-1108.635873051078,286.4727328755956
-4693.182325153553,1052.4158558455235,2186.0669852687724,2789.43060098235,846.8059922242326,1148.371654651186,3160.1347758839183,2029.495493808236,-201.60491717116722,1735.2339392009085,709.6098970610949,-1222.1648558463369,162.79456613273928
-3346.343843308071,2106.7602561636477,3294.067973532707,3797.5893765022843,1211.9272796767932,1096.535782413171,3419.85125249751,2210.249989776733,-254.39512730823475,1545.5988430259654,715.209305670407,-1230.2675525324948,71.96702638071625
-1115.0099132370628,2064.726133764605,3802.14455276581,4598.893630875753,1593.8748746584668,1119.5968638520617,3755.8480589777023,2550.7030555886563,-53.23356558932511,1580.3746664784921,871.7708802528357,-1128.7559454599118,7.9835325882631025
1283.891531643515,938.8992378052308,3385.8052098460603,4832.54818302953,1795.2133307771712,1100.252556403708,3997.9714217946444,2818.9808143702853,225.125119431783,1657.8880329851304,1019.4033605016843,-935.4773912514812,-32.33925408343677
3014.1586258339325,-454.81622605252375,2160.849938282359,4171.786139222172,1632.6867423154708,972.0714399180166,3904.583029194867,2793.407312304316,391.56078613396,1572.8701283736136,985.5842285653821,-728.2991941916134,-56.60622765987236
3400.2112566348305,-992.583692207393,942.8148630627894,2899.7978970901686,1230.4524807018654,803.0887058375179,3397.1068236605174,2392.506300785564,342.7595457420616,1253.7792267365148,746.9097978146817,-597.3344379534468,-80.49561323976526
2512.286266978416,-599.6311357083307,358.9084875061885,1679.019644690909,864.6334848724015,683.1408188345365,2615.931899535448,1693.8983395813684,66.32702533028481,766.3527511528628,421.1872660517266,-562.6767274373836,-115.37031887876321
1200.8627392948606,-91.99149604019898,310.4403151276899,917.1664254124074,662.1382761540874,609.5026356728274,1764.1615647930198,868.0206551838949,-391.49341649293694,219.48015589378332,139.87498224657097,-582.2448642478021,-162.56171688858205
350.78824492955874,-9.278090248220607,394.8930113940786,590.7182282637402,556.6448031396905,506.469349344001,990.7119762069201,104.1923166109643,-942.9401389002824,-300.6412809915862,-33.44669262786624,-616.8077099945958,-221.79059729906865
258.6740041215694,-236.29584727640994,350.29868402617717,469.0481504404852,423.02690899894037,295.87022282448766,396.5894483021929,-432.2885214183732,-1459.3912983708685,-717.5480484875004,-88.17637556343664,-639.8564797152706,-293.3665322618411
779.0968417877604,-420.24509417924685,184.61891870153187,428.9023302046319,215.29549825711962,-58.06745584262001,21.095432518471853,-657.1002019991259,-1771.1301293920035,-917.7736459621188,-9.074409632766162,-600.7232766257252,-369.7449219340333
1778.904582880175,-484.4024942832035,20.86050150438129,557.1393800690389,-20.70707325482772,-458.8837456501651,-164.28070092641025,-595.2277218090402,-1690.0059101568067,-769.9580387257618,251.64721984060208,-432.33008735046644,-435.029642966422
3170.165119277726,-818.4552869512075,-259.4966251051094,739.613760024181,-162.56642986037366,-529.2058137762999,-73.03152229847205,-275.0377938576987,-1129.9682711019059,-279.2004936241255,704.7881145268655,-128.7575132835542,-478.65693503717216
4509.028545925078,-1283.7009759014666,-445.76604009805726,775.5954972793622,163.4309958489952,105.84718092035254,520.9874506982615,322.62725169902166,-318.6340089824936,264.0875773013137,1201.0963138928087,196.13699602879953,-507.9271750918478
4923.838477321049,-530.704437194664,394.5868082803609,1234.3168289820358,1142.188282478347,936.0676396348827,1377.7830064099978,1017.0653868557413,223.5540058841687,449.3897552776774,1466.47036818354,381.0498443132901,-543.2905595577447
3936.95093703112,711.6435346840514,1474.1766874703017,2288.8437719186636,1862.1134799877623,823.4291837161571,1646.7229443112396,1370.6803796133302,164.13166827897135,166.13882992513223,1367.9901068924291,381.59802225719926,-595.3274615321855
2301.575239209894,48.69408514378054,905.3602399690812,2746.725216947851,1475.8996946288685,-259.417244084454,1059.6709180880212,1239.599492158468,-258.97620009234413,-288.4404116886274,1081.308888862797,321.24229540655085,-645.3157502052211
1390.8898386054293,-1454.4757047329456,-453.54007623541025,2404.4398773371868,697.668073278626,-1277.4668027026678,329.43643201298994,1003.8298103711725,-570.3639759317314,-589.7480822248766,882.9697944074992,342.2969573330035,-659.5779949267582
1719.4573439841035,-2093.0978863058563,-1199.83439467262,2032.5447440148412,315.5719701862247,-1790.7640384389485,-68.58947872781675,960.3410340331252,-600.0743803990181,-680.9452599238537,855.3619945499026,457.04288345227957,-626.8666448360989
2646.7035789243723,-1979.4086608457105,-1399.4204507298728,1606.8636908876797,130.63456111062737,-1988.4610141990315,-287.66716268252173,1003.1906609735042,-476.84443705170185,-657.1477419585835,895.8990253104046,582.3276301171747,-567.8914793553549
3348.504392770951,-1359.0554361260388,-1168.9183312754703,1059.6946123514795,-80.53294337109106,-1983.3503075397143,-458.11165457496793,990.6850615227397,-317.07683702335055,-576.7498778604474,911.8201524822794,657.5484799401481,-507.7162856874243
3458.8908803427626,-640.223902015119,-695.845057957898,664.08555745319,-242.0324381965179,-1850.2857330388858,-539.9332917080253,953.822341206765,-142.3654660353095,-458.2335387698969,890.470423344618,680.6511055997387,-456.43788699461226
3011.090699230462,-256.2634747626531,-347.1695230772144,569.4256326150136,-240.43303695134298,-1681.6722760396788,-500.547019908413,970.0886623908468,37.400345683247565,-338.2566062507105,838.9935032744958,671.8728886700362,-415.6456303635267
2331.021548593416,-369.57902163053353,-386.82320781293527,765.4865858681645,1.3198100507736825,-1550.1862846241731,-348.99308710141105,1111.9219763984536,219.53251968297698,-265.2170237017054,753.0303993852228,649.197077947638,-385.03272993488577
1954.72918935965,-836.046070461291,-817.7445318017138,1158.4243183703234,442.16091841540396,-1595.4884941278299,-209.20637751965185,1457.6515161562122,442.0655228512662,-283.1134910706794,639.0921786611057,638.0218639652218,-356.37966567224305
2313.689732867616,-1611.3649209195182,-1581.0563307201405,1697.5864951023577,973.7052175300189,-1991.7197787847572,-336.0761544412577,1996.7249352611811,733.2019250622228,-464.7297170795656,494.67802823445084,683.9960649136401,-308.3879661813463
3276.588681505423,-3131.7255946313926,-2978.4511135247963,2354.8824015900627,1557.7965442456318,-2826.672469011668,-920.0245069958823,2577.4925826323047,1049.3978018122848,-900.7715704064265,246.3462041165383,819.9793484050501,-218.47697263392828
3948.2542718821487,-5617.151030223893,-5154.398012306027,3119.1687052649204,2274.2544166155512,-3960.4459364476393,-1888.9282425802246,3013.543401886363,1315.9997861761033,-1561.5341302036766,-196.99427214381484,994.1872284705316,-88.90533917244046
3224.6050690322686,-7806.605197667951,-7074.614833583363,4070.303006941547,3214.0242110515114,-4859.794193643154,-2869.522297611219,3164.4582471093636,1481.8145862660565,-2193.282975816673,-762.1741353504299,1073.1802000304328,43.37967997636649
983.3112001074082,-7717.640073886525,-7219.843005400981,4866.813284577114,4040.289187558021,-4907.987925422752,-3388.9634842651662,2923.3754627231947,1484.0628287574064,-2461.7532451038637,-1180.2849549739362,968.4106819060605,135.7271538693748
-1429.3743017933593,-5716.73823435149,-5748.846999580757,4603.407939938175,3964.617426699305,-4153.111323589521,-3272.6012893697966,2275.7686927023296,1238.3531936902468,-2233.9579766399975,-1227.2907627019056,726.1908966894086,176.7837514191845
-2413.7702501385247,-3982.413024797701,-4217.313676822667,3115.51797047398,2794.6077282826955,-3279.5444872841217,-2751.9601734623884,1419.8470196536423,750.1821602826639,-1678.7509064114329,-936.1712315446699,460.9857167079334,187.54681395521501
-1699.7043267565366,-2889.7681419908886,-3167.5411821440093,1480.0681068099502,1417.4033771177853,-2660.5932247195806,-2080.2036278067376,718.6746538245253,192.54666320052854,-1088.7298163363432,-530.8546541764531,254.70783233376403,196.51876473345385
-321.1302981386491,-1753.4997186234382,-2234.458301227261,571.7717213845254,681.3720383583095,-2040.8582597588907,-1276.4644619716485,431.9669060098467,-202.6881604622275,-640.9586245471841,-217.18426905799097,141.57753317649713,223.3869454161532
670.2400593152738,-908.424828983804,-1521.9153111058488,312.7908728326752,529.5823100547148,-1231.8035396695063,-360.14113856280835,518.2678157537264,-318.69927372571624,-324.5920726479406,-60.74457430965106,126.50224982133142,274.81244196337997
1000.3656252738673,-577.5033842454775,-1153.7995674734075,329.38427546311647,468.3091453024305,-500.01607313014046,444.843728165811,745.6093629019697,-204.01693875184432,-51.137904594479835,-9.088281973600147,183.48046534234044,343.7188167667481
932.3598474699862,-362.9776063657307,-895.4771929320117,371.2122129098645,263.8918058073326,-130.59388770610352,921.1871225157807,922.4783384129476,-12.858265301701863,192.52822552911687,7.200208334952379,258.74220293686915,415.19624198719225
698.6848157970718,-168.9553161797606,-625.8036927995158,352.69800649738454,-15.795439597449175,-67.58234573003807,1078.4163148994264,938.1595706707959,74.81002842730561,297.038650743015,-9.924754226508753,292.86248009340324,477.1829099129258
213.97236587175854,64.89057773281513,-264.6750660808401,151.92057328284352,-476.43521613205075,-265.6852914595686,961.9935161459846,669.735590700129,-44.202837697763016,133.84386544301333,-128.94131040098347,241.82826488502576,524.7626340707693
-837.2125713379795,39.30162040671371,-165.95410206692614,-732.608793122625,-1421.2346218103592,-1039.561336408366,384.7044162736831,21.74327889089693,-293.5967357547894,-292.91484340864565,-424.4289567572407,84.55645156589233,555.2322418873692
-2623.006673336167,-1666.0893991292235,-1522.1365680345864,-2338.4540679147685,-2401.243790844278,-2496.1108009256504,-881.0626759790807,-888.3966218108587,-405.13812360656846,-778.2112232660207,-903.258418796725,-169.40678023094816,565.1336046015106
-4738.295472316191,-4370.304547346286,-4127.192644442607,-3006.770909874222,-1919.9384499929981,-3710.555783222951,-2570.15577411603,-1640.054331582827,-51.41184845710177,-981.5338552706123,-1458.1533043648697,-466.4192563894251,556.7658545558745
-6295.269361106672,-4372.927972255447,-5275.632955874914,-1250.3036248129706,554.7729071843078,-3419.0255110424596,-3837.687017419653,-1800.577444582636,845.4749298522947,-673.5994478097696,-1896.0136554723306,-725.5557768558327,538.39793805465
-6654.608112592508,-2432.399209461476,-4509.907694983407,1106.3221575190487,3087.08431891912,-1991.2694102734063,-4217.198926923838,-1515.4797042725252,1859.7766526837302,-54.50433617234613,-2094.603509853727,-898.1877250211213,505.2069815243266
-5879.430650994007,-2742.901518641085,-4572.687847925999,1479.3784748902706,3954.150534663494,-1039.7286761887674,-4319.339759032549,-1495.5575996953362,2382.4682440677775,346.61910481924144,-2157.586214686327,-1001.7595150236191,433.4915641333708
-4376.63128657792,-4655.124364775364,-5592.1447747862785,356.17697611470146,3687.7212963497877,-835.62948076964,-4701.863227381705,-2062.9415960517235,2292.1254396890613,286.596840413735,-2293.111965211023,-1077.7554973286562,317.25435697334706
-2473.6762720840447,-6031.391465813709,-6053.008451284155,-862.6838522099915,3049.018446726954,-582.0778063166024,-4941.483033927866,-2705.6640587302404,1991.7120627631434,86.10280386636578,-2493.254177143862,-1129.129653631587,198.8302009712287
-471.6007616409842,-6076.005513869489,-5830.34907783706,-1585.574575290863,2350.4387744385444,-209.9902037892935,-4643.400726483965,-2866.0708432093015,1819.670495831377,139.96790463067785,-2489.809952682539,-1117.0332377170964,136.2860057512405
1189.1009046597753,-4305.351121274459,-4841.649987256054,-1373.1038951260882,2152.4050547804336,45.51879094423968,-4123.609798671339,-2570.079978300299,1798.7952174759373,464.69754437011943,-2096.279065462051,-1020.7479038850238,143.18117798034717
1958.9383992942442,-1601.1646256747636,-3202.6275507846367,-420.77814766493043,2574.569620813023,337.81634005665745,-3721.126107000073,-2129.9551631227623,1883.3160895906553,866.947326223707,-1448.5729699385386,-891.2075516530156,174.9499063243589
1406.3966508473388,682.0829367724036,-1612.0648706460056,619.320772891883,3220.5258714622373,875.7101179753996,-3394.6192077619635,-1743.8361754412545,2112.3794801462204,1277.048856242113,-837.8096440940265,-831.0660253623296,169.93725273026638
-403.21317891115865,2229.4842830211396,-416.2635743885953,1631.5042879263424,4046.114481325317,1754.327724972355,-3040.354046540536,-1495.0709200214985,2507.2944844464146,1769.5080761739916,-412.0829788854438,-914.034227370408,94.84109392329296
-2659.425634549932,3466.4631376626744,285.8783476840705,2828.829739987906,5365.603252265864,2970.9292216919375,-2698.3527683006446,-1430.267869472553,2987.957716166136,2395.7672868877394,-91.87361687382224,-1121.0532564140499,-42.151337278780304
-4088.015283920721,4186.566165966141,-43.98752938222533,3880.3653704370213,7096.214158176595,4300.805724023693,-2418.0912608272242,-1508.2942497626366,3429.2331801183745,3092.4409562291894,296.8190052625421,-1342.3222871146806,-205.35219349455755
-3717.3632714078176,3428.3691772668485,-1786.4011967502022,4059.434841546469,8565.625515168224,5353.290181266207,-2143.2749622335914,-1597.090074885574,3740.5403327528406,3713.662526493561,833.3923194894692,-1441.559137960297,-353.2030616155337
-1633.963363058958,990.5889062274191,-4398.346775248344,3043.009127058919,9118.905530489033,5802.744760497696,-1867.7646122283136,-1652.0710021908528,3851.615175586412,4134.404934816423,1404.0913002001153,-1364.9214013333954,-462.3918226100636
863.9819690746795,-2337.1833905232297,-7069.224252545454,859.2446749573728,8443.244341018559,5434.056823989376,-1828.1323133751935,-1865.9830123955253,3634.45687711718,4339.732018799389,1802.8354368490668,-1212.5714889226733,-545.6136932252786
2192.0743687100403,-5422.242969815623,-9066.624773059855,-2215.553002125784,6411.799158995755,4162.351522223348,-2294.5086645848096,-2509.03260807403,2895.1062681717117,4375.199407138976,1929.5931843749067,-1146.4046268903462,-633.383313554273
1959.3748502092162,-7066.0475281126855,-9531.783008097489,-4960.194010908354,3513.4675148262304,2377.2642404031667,-3188.523449284295,-3644.2975144766615,1485.2764805526697,4174.493321079818,1809.5523959657942,-1209.4011689799981,-725.2975850326457
1160.5560549320073,-7209.870024435761,-8397.160493069094,-5765.057789653345,1287.544281549535,1028.4520238260523,-4254.535691667532,-5144.544028816379,-563.6890062107169,3523.658889667718,1446.7837849169503,-1317.0466803409684,-780.9399174923396
498.13259410955266,-6369.969526540615,-6873.391336652027,-4676.6999971677615,1053.7581945991437,748.4957481582928,-5572.673646200634,-6884.493643480585,-2966.7547561407564,2332.3742098136036,839.3757788862906,-1427.8695646838905,-782.3747636723576
-794.9970212431593,-4562.35528697658,-6818.310521810314,-3851.0692823675668,2161.8695116223084,1082.6326529084406,-7333.842852455047,-8692.752578250313,-5210.238687098206,954.1809702052428,198.49013429054406,-1594.632676717939,-788.4132690445009
-3558.884126430165,-3143.1759539388886,-9124.430883786641,-4905.264786422245,2947.3244177595934,1424.4043573169988,-9004.527125261044,-10274.483503278034,-6780.003176807582,115.00508592492395,8.827441657486304,-1785.140011610483,-892.010533900806
-6346.196296478993,-3057.073089999229,-12050.54344187048,-6588.106149869396,3497.694344752314,2403.9425093152877,-9430.154472548447,-11448.97462374651,-7515.973634125548,391.6368730874889,714.6707515202787,-1738.352587230376,-1107.104651014125
-5623.180606123743,-3299.7264201212056,-14233.549322319559,-7554.311304849185,5079.265666051765,4942.666142848363,-8083.534453893166,-12240.468494729343,-7650.006750461936,1723.1090137127928,2286.4343123539556,-1130.9736110321144,-1307.6824518723793
779.7655305328791,-5238.489500895611,-16780.996540122662,-9041.232524879419,6953.576737032098,8254.743175994869,-5566.603708225785,-12488.696188124508,-7380.589422844818,3485.459587140513,4135.915557915297,59.51511737642258,-1310.525676799169
10857.924501283464,-9508.322203782101,-18899.896971899987,-11327.654745492195,7351.973411504177,10612.660757807555,-2703.260730588705,-11778.569835595328,-6643.4670608858505,5040.050512264118,5539.166161392913,1428.2504312176077,-1040.6698090709256
19907.529446594075,-12602.771683407358,-18534.88565262459,-12552.99429222576,6412.89953516533,11438.602755380141,-11.530842280151433,-10126.128137393944,-5532.660991740262,6065.185005025351,6152.738555303686,2442.298442016277,-608.1495301059927
24404.002441750876,-12048.86154340661,-15832.143975251152,-11743.136242183293,5131.259561837851,10975.964053063322,1908.2225593471865,-8245.319905763285,-4590.7908621940915,6344.72034128387,6080.873061452764,2823.04612954791,-219.3318842464978
23855.25691130223,-7947.245008189024,-11890.090467188578,-8858.553727780965,4251.992435939029,9485.748140711265,2645.7392589592223,-6729.944886896145,-4235.603870385404,5624.609457077639,5537.391833300286,2633.53740782652,-24.288202634704817
19781.291807669662,-3184.1170039027415,-8656.258219441841,-5193.527821084975,4472.322609706379,7805.593753917298,2598.956147985128,-5553.190742018814,-4240.481024860335,3987.783687377807,4648.734321670376,2125.1595355174336,-32.325477782996245
14157.57507694966,-689.448074170708,-7342.74673882008,-3074.232261695384,5228.442516318882,6805.1527058066795,2393.2493184471577,-4667.881844576921,-4239.827346445499,2051.9922637480495,3606.6289001928744,1586.7256257388967,-134.27450276378624
8758.756255888293,2.640529715804135,-7078.27678782872,-2949.389576638234,5317.2388755011525,6393.436521725952,2120.2662463427823,-4384.757737618073,-4351.790906932239,427.4698224439105,2763.7196916365083,1260.1090387306717,-193.41191978328888
4952.915287335585,320.4546478075399,-7095.962857429089,-3684.8969323313654,4729.904935730394,6173.560157509252,1692.9924693914436,-4895.142662494362,-4905.175398070738,-810.827973772559,2393.9295147646,1266.1309640071886,-135.2763078668964
3378.705391230031,1001.9905811312335,-7040.752562430496,-4511.609017363334,3999.228135456503,6120.628181404272,1314.8924635226738,-5938.589523799211,-5915.701557615348,-1907.9436006932817,2451.4902984880905,1559.9462205425948,24.676402642616097
3797.678195933111,2000.6574412436569,-6471.30351009599,-5257.7523849393665,3056.594221162802,6276.803919764181,1302.7394203299784,-7057.712849499084,-7124.53209230171,-2965.708272515572,2689.7790303623015,1986.7598917233936,222.4821842121961
5480.6199130692185,1864.9148873893491,-5977.824534672882,-6364.077974196144,1573.2024928077533,6638.215684007701,1865.7475420999613,-7886.758304629279,-8322.927565518297,-3910.6662701678747,2943.9588155042566,2414.480421889206,407.43163092172324
7729.010122203032,-1457.8984295584125,-7502.733262001278,-8829.588431747634,-376.8964260167725,7404.808071964624,3138.4717432612174,-8177.893874565204,-9445.534919943439,-4737.049855049558,3178.9617959832904,2813.0299974375275,569.3656753871444
9865.265188656884,-8068.996880042501,-12572.50552806437,-13144.612373957281,-2139.731584446123,8872.493312949455,5141.049787362153,-7753.41785894651,-10422.478870373974,-5544.677386275188,3308.39604613766,3191.9905607810665,716.3633472270812
10847.378661854937,-14025.578137052204,-19793.147640983687,-17975.43208529156,-2737.238183188497,10937.284199145017,7563.023651642138,-6546.468229545423,-11046.500411734703,-6326.256049377165,3138.696057821857,3481.3696709992655,837.3882404885787
9574.414473981331,-13517.078125260165,-24451.55122811602,-20374.899432932583,-1604.9662098633692,12788.21315159335,9669.500361516042,-4711.387203087414,-11028.317146726793,-6852.062457409885,2576.994208127535,3540.1843096307302,902.2244040847912
6171.568345437553,-5612.0000333645075,-22405.036176065336,-18256.793811868618,562.5581441050452,13275.296678184706,10622.075348490333,-2685.6568631707,-10225.39567125673,-6863.836245562562,1785.1883373066266,3313.9465938598564,904.2833152627165
2510.625708447831,3246.2911064111063,-14921.223783807613,-12887.926458374332,2020.5608095104778,11845.357957490018,10092.169938894998,-1053.1396327339917,-8846.652687801032,-6362.752478540072,1010.267835334778,2918.5875700797064,885.3658030343844
597.6971332535502,6752.658371959586,-7527.806630147183,-7891.633916769056,1562.6388500338924,9152.28669734587,8589.238014848666,-207.04411700451715,-7421.805179511507,-5661.987557059036,333.7980677176588,2523.7637297497618,901.2964843053205
662.3147624468244,5275.357275450409,-3847.635352289976,-5577.681171975843,-383.8715072723761,6519.5463138423665,7111.486518672695,-70.68905090008604,-6543.196485442533,-5205.15386720332,-326.2155783855412,2220.7920931441267,977.2349007749847
1383.3299385925966,2021.3729116483246,-3474.288075427692,-5715.048365790206,-2830.037336696965,4861.582199946554,6573.294722499661,-88.69948700672792,-6568.632976823048,-5381.48860286308,-1075.6657010204767,2037.9752258035396,1112.7999486528147
1389.8540656858738,-2746.2190821067006,-6126.6695209552245,-8214.979576897977,-5827.06368533676,4521.916909527179,7686.844837573207,594.1924903607769,-7430.125347681858,-6426.509486822474,-2024.1980042037515,1981.09752837897,1312.2522387712827
-304.15074415184574,-9385.812648151295,-13807.064350339984,-14581.32842230149,-9792.422479292456,6004.2025119492755,11014.02415048849,2833.429412054253,-8599.58019271671,-8332.599531096585,-3325.93725646778,1960.0219205332946,1575.9265923150815
-4801.890735252847,-11521.316734841334,-25211.42903142024,-24337.964230829457,-13328.366226691163,9924.360375237937,16419.160609097944,6952.620773704438,-9234.656665629178,-10722.380275057869,-5057.638172483942,1715.0346731858263,1847.49038048884
-12620.254053977324,57.59229394078317,-31054.191117203063,-31514.213040872597,-13347.363515854131,15599.347422050838,22222.5566081023,12122.888402262814,-8525.087655267133,-12781.271122691476,-6940.254223284723,968.809541085858,1989.5588108400252
-21709.482361608512,19184.072676296513,-23597.237169666252,-29321.892494057844,-8718.258997453466,20146.93363473939,25463.88392925165,16292.562734541723,-6235.949290785344,-13496.864149947492,-8261.917839604124,-229.75084320025928,1863.886196743064
-27516.774471108878,25768.095081256433,-9812.31792306095,-19295.850556973972,-2846.8309959211506,20286.400671593263,24001.47367416123,17315.28010791345,-3147.6383832276692,-12298.715893450011,-8311.309300379122,-1389.6988192167794,1470.2368307670836
-26681.969778188948,15351.67633743828,-2786.649976827534,-10160.657189223764,-282.75250554648244,15684.016510453674,18680.432037916627,14772.856012401584,-714.0334589147328,-9625.658781415525,-7008.391325096928,-1966.1070744961505,977.6769538275572
-20402.791533392305,3267.707987044694,-3598.945336786039,-6613.968476970739,-1471.3165333423797,9443.737456976354,12689.809521096076,10525.039111651211,121.83930998818872,-6731.068257707621,-5041.663821194711,-1855.3308288182043,585.0316325519269
-13346.514236402141,-1394.07221390151,-5178.923920453857,-6235.169329923287,-3567.273728454062,4723.512042324351,8578.102573908545,7036.105968413233,-260.2179402895158,-4774.48361205087,-3357.2688943410303,-1425.908183442092,366.6925703123893
-9703.906821261486,-953.3983185861024,-5177.806851456029,-6435.207447059536,-4910.933536994954,2160.06303607976,6621.805536727413,5414.635259000332,-665.7003836282408,-4060.6072368464793,-2548.2171320951234,-1133.0833606022538,262.2335360016816
-10598.664340883415,1891.240442268255,-5111.554727413148,-7299.825194444993,-5940.95624877422,796.7524374116508,5849.841872161432,5233.920428669683,-193.2131341262066,-4042.461243202904,-2635.9755822640045,-1191.095113610273,175.9236634975516
-14278.350981473708,5676.920340089365,-5282.142207962232,-8930.811141021311,-7136.514343343671,-52.457086239149874,5532.962519538048,5604.401718080736,1230.0080608309888,-3871.5937459862266,-3221.2713646880966,-1532.2264149252403,60.88782105593708
-17736.219131004753,8546.885528271081,-5144.830183333012,-10380.332962078784,-8129.475442136958,-395.81255164980337,5522.963056938296,5972.140229100598,3046.292684137008,-2985.3331943817807,-3752.4758765146203,-1934.5932540862443,-68.08928816404523
-18380.48928287988,9371.612468449763,-4906.054000935034,-10874.960267578208,-8434.065241915016,-185.3802793528112,5835.098060045819,6210.840950685311,4546.3496560051,-1451.5301896912297,-3796.695754315151,-2167.8503213840268,-170.53362882712608
-15338.38400138363,8057.602151722115,-5167.377460622091,-10493.14522163519,-8116.871479005298,233.98333310301314,6318.289377043998,6408.3007057717805,5302.480509284462,73.35156039825182,-3288.907087858946,-2114.754323334303,-224.00811723629943
-10101.7725353567,4993.969064083308,-5826.222388953545,-9673.456438102054,-7677.79292429072,285.66992692534586,6715.840525409755,6716.21865646368,5387.016233093439,818.5796354212047,-2617.5354003886346,-1846.8595022655702,-245.77363413424098
-5813.831141574714,1691.1529067386837,-5867.501594192954,-8816.620166439361,-7653.662730414048,-419.66058965122204,6885.540689778503,7302.401047131656,5287.71817833543,523.1597740068697,-2373.9760547212463,-1595.306417414422,-280.8782124716122
-5078.751855112325,1133.4393980277555,-4545.94735520777,-8567.9425119144,-8477.307665746095,-1911.5382998058146,6834.127632503274,8248.165941658424,5562.317331216647,-306.7130225240693,-2866.6575512155587,-1597.118505058172,-367.96924469872863
-7761.874423625275,5273.801574176591,-2844.5971509496126,-9812.225528943947,-10338.234255688287,-3957.368149358814,6549.053397994653,9372.717644195593,6420.440041989121,-764.9603392008065,-3794.717389262375,-1907.3682232928115,-507.9558541218995
-10797.908684330807,11663.166489776982,-2955.127257286993,-12594.123366912452,-12728.232758421045,-6109.253926810831,5904.7882371658,10191.982544590373,7512.773634361857,-266.57260092849293,-4407.729382163956,-2319.220343700893,-654.5862674189698
-10523.419861607821,14713.990462448559,-5558.552234380414,-15257.163413451037,-14331.011648477417,-7718.416277160695,4798.205209687696,10174.477746392999,8144.655273765617,958.092979873008,-4101.678915518581,-2483.153295633242,-735.5557593133735
-5934.567964489449,11765.442492598817,-8523.378103353396,-15712.696948065233,-14047.801236216133,-8281.63978193947,3350.385591005051,9188.928533059347,7867.382165342928,2070.113313753907,-3007.378856226619,-2204.511285138714,-707.6062473210065
-81.65379042611409,5877.330003041269,-9387.059959110313,-13737.138126012575,-12245.425268096908,-7957.9330847903975,1945.9469422111697,7804.057147487076,7027.358992016676,2478.343400369709,-1963.8728794379265,-1714.2699239501121,-621.1728489334624
2399.702290580915,1691.5969816804115,-7785.32238141301,-11062.683794694467,-10511.640057275277,-7531.0909355585845,1066.0210669082617,7090.5495556157175,6692.316561580754,2560.265808807493,-1700.567003867203,-1575.7929987571777,-623.2672829263269
9.651836237926133,2141.958880705158,-4319.750796919296,-9533.760442619838,-10392.861343208288,-7860.276599174994,933.3066282821876,7880.169810530882,7815.233301541768,3354.979741550744,-1995.8618438738488,-2153.316314356134,-848.9570625669014
-3704.437868780672,9051.109693884368,-76.22553414660476,-10632.416128870196,-12815.533903973406,-9605.139885027555,1036.348040021915,9915.449007260562,10288.11684648975,5393.308459972196,-1861.034019457194,-3138.548493203999,-1274.5025660290812
-3827.9396937525703,19390.38907596318,1116.8745179078792,-15249.84560360219,-17408.333740848186,-12863.809887225345,125.43469736068369,11637.588999417276,12786.23678368914,7934.013505235696,-669.2117642977319,-3743.836283020797,-1690.7014009787033
592.1913955784511,22361.670786487746,-4120.201006939115,-20875.547851541905,-21147.21746875561,-16114.761270814846,-2589.7836390158973,11144.768039561215,13650.667739137045,9516.813987141735,1085.705901211663,-3459.1921868307777,-1861.5987600088918
5908.260226926349,12667.21327212482,-11212.64023496239,-21741.72426406803,-20012.266252171357,-16508.679227761917,-6022.172302126039,7840.916951080748,12124.947881344968,9269.10242393546,2328.1735583051036,-2533.8792044603906,-1728.747223264987
8372.084065436604,993.1765409911794,-12011.996084199543,-15878.024517244587,-13941.414312578618,-12923.395291009914,-7905.794096198552,3165.204400322431,8901.256373585904,7592.984095642831,2550.4489082986543,-1620.3134292039952,-1443.0422720503157
7826.879964072532,-2115.108572812271,-6542.679583681859,-8154.233611172108,-7391.6023742840825,-7721.195600130178,-7296.853365303171,-655.2644633594828,5512.858855925906,5648.466595658097,2188.139023440865,-1069.709021593879,-1194.5293606842113
6679.557487183376,676.3429849426273,-932.2510221100771,-3442.5127719696134,-3851.307387630363,-3954.6591911381333,-5391.41391744692,-2563.423391550424,3149.4469018235804,4361.299034624864,1969.8649351864929,-738.6229068843604,-1048.916147855272
6779.645766054,3521.0000945957718,1973.5880492698982,-1950.3107183565598,-3075.5150430854123,-2315.2986731670626,-3646.870430770023,-3103.070618751476,1948.9359341365712,3916.556920567972,2208.766896779046,-361.6522971446462,-955.433831470365
8094.47508735214,4809.703023915993,2840.0072306789652,-2115.052068544003,-3668.378001119116,-1947.7981538585484,-2336.049990996519,-3174.783111504269,1267.975654797049,3919.9527432713166,2723.663759797051,120.89317358631703,-852.9483528818885
9448.611106715758,4716.705301770954,2557.1965756987747,-2975.707804646892,-4921.650868217734,-2356.6378217029282,-1213.1219797172967,-3018.6839041827543,481.431592345951,3832.7725790887534,3164.67705165833,588.7341175411616,-726.577250320194
9665.829392056734,4099.56334495568,2170.581257501818,-3607.594848804729,-6200.963980121844,-3366.3323082478933,-395.0514977518834,-2443.457571506893,-503.99442875773786,3325.579294200382,3292.3076883561066,920.5639509530045,-588.9197398775098
8276.152208201182,3968.9180788470703,2661.5778840971802,-3224.9859744581386,-6811.173451621793,-4507.950873046372,-113.6907883669524,-1439.232483308283,-1356.6672593930462,2415.045450261722,3070.574333640033,1093.6819636067821,-447.31768096516606
5745.641796060582,4312.23775731008,4020.030695499563,-1892.1308579219804,-6642.803540861045,-5330.601649313367,-281.79806390968497,-261.78477319730547,-1731.7460842098772,1380.8337622167428,2635.43855769545,1173.0986463190982,-295.9579345752871
3174.597365064016,4569.566089185216,5565.904943411146,-259.07524818792734,-6160.815313583127,-5849.334435306883,-667.0921093639436,825.7833685204728,-1544.232392831001,543.8662143104557,2194.3665806245435,1250.0611513640176,-127.64647065402112
1494.4189937265423,4746.292011910032,6884.872703148263,1195.0751155542416,-5792.7890274930705,-6348.070891462637,-1195.3711604694192,1671.6833894396098,-968.2765427146708,46.27556447295535,1890.893808919025,1375.8153612435365,52.44727950976137
676.707477403775,5353.574138404534,8117.430701043872,2487.5770344673497,-5560.19288687624,-6946.8606685269,-1887.4638599636567,2217.460344750069,-267.10817060627244,-224.2078425154316,1697.1803043360105,1518.8587633178163,222.59340998462375
-260.7666954030381,6486.991260371124,9575.160378597568,3956.0143580109257,-5192.945083068872,-7510.303455244292,-2660.1115317912663,2525.298872475718,423.0903161525821,-493.6909241126409,1422.879153756192,1572.6731754896575,353.5520499350446
-2235.637207134545,7364.836629113645,11255.60371803141,5874.921785613293,-4463.358172487599,-7899.523457714951,-3373.2225277609296,2766.110259483688,1221.3735928592075,-824.2234456811063,879.2849702348706,1426.4684601752356,427.0809930307979
-4993.690133983301,7118.1657468178255,12802.100206859755,8175.992414260267,-3420.2240457501753,-8203.086013269753,-4061.003660607873,3021.885751644538,2378.3725920759075,-948.9601207083729,98.56747872323666,1064.5248645448094,451.4889770124231
-7252.681137687025,6131.415026564661,14045.950847144397,10558.35892614978,-2310.8165328220302,-8663.397689147112,-4977.059790060139,3086.2258430112743,3930.128306268239,-458.84727666124394,-613.8346407869439,606.0825084439658,457.15792179315815
-8151.220757449705,6016.978605623611,15478.633045871737,12944.138543108294,-1232.0283712133669,-9369.86289678093,-6322.776057616274,2603.0546961429627,5515.665065968135,777.3940306221061,-919.6658099134912,212.44962057509485,465.4061568735553
-8244.907746110592,7511.834845164025,17748.901657260005,15706.892684051014,108.66258547557521,-10094.47500105697,-8005.032882510179,1452.300959592637,6686.744290509496,2470.309470922234,-760.4195065756778,-79.61912939893011,452.86652433549625
-8608.630430282365,8918.399804461656,20549.840334266544,19196.837240824712,2136.587254225264,-10532.508880513364,-9802.741849591983,-171.8553369464872,7357.258249050919,4315.347102303585,-314.103679426692,-394.2310974700773,357.0854521381642
-9259.515876663365,8234.276360164506,22724.10106698582,23116.48275831345,4868.078723443718,-10687.376834827106,-11743.560165014245,-2180.1788917177964,7672.70871630676,6391.03882769928,435.6376942385849,-797.1237194968091,144.723245480591
-9307.96348997687,6484.21503596627,23995.10711046172,26830.465406186242,7859.234965656834,-10826.431245529751,-14081.459497967926,-4864.028507153032,7388.65111488156,8810.48427176463,1892.357099353882,-1035.241393961348,-111.45059194645899
-8645.315570178162,5801.00297547606,25297.83083777361,30216.771045170757,10887.255516543508,-10908.487430740346,-16755.079586080126,-8459.457616849415,5772.833510117408,10994.557314082975,4327.762753587337,-628.6572733249932,-242.85656946202153
-8516.700298602165,4165.595392873871,25974.036730488373,33190.86505240722,14324.626374476622,-10195.523555102634,-19008.197855577295,-12508.134065979684,2407.8133728921493,11742.546545156785,7221.042636292793,667.5695559045665,-102.62520437284957
-10122.51671042789,-2280.5650176056556,22686.737226738638,34143.43524085288,18256.043034007118,-7749.755920711384,-19759.26035305507,-15933.22219286134,-2124.947363009392,10244.154861870245,9407.472467197544,2536.2814899454415,317.09231263460504
-13327.644207977693,-10809.028259980163,14094.4514886877,30525.83833458221,21403.216957082495,-3452.4377223782735,-18388.168947276215,-17790.301727798782,-6582.9285454146675,6806.202784068681,9941.407554644209,4287.752112160616,882.0863719975599
-16962.160062353614,-13625.748479088665,4625.233371950667,22116.580575788317,21773.09806969732,1600.684505245139,-15147.556756905622,-17830.589734704237,-9930.96955990183,2532.6441327348666,8692.534039212007,5320.750712953173,1409.607243724041
-19866.24830910223,-8928.366381253736,105.75189762500881,12419.632544427828,18647.66710587717,5827.984894958237,-10915.006891941895,-16437.685734095663,-11798.795854933716,-1454.4435262231436,6227.048168296572,5403.4372209710655,1757.953634258818
-21501.386939847354,-3078.464187714072,1258.8886753005468,5700.66405252242,13457.013573973187,8257.773325898062,-6645.16439153775,-14248.281061750682,-12377.086887773066,-4490.818387567202,3355.15559058359,4673.254721698023,1866.3251620424744
-21974.384255811026,-1767.6293093025015,4099.356948824038,3447.6129945526027,8551.728512496586,8969.243338768585,-2958.075097156224,-11835.964296101061,-12122.699356605563,-6440.320752154913,742.459497169636,3485.6580994267138,1758.0436602422963
-21764.372863835597,-4834.697914469511,4941.68357544591,4181.363144592651,5485.786422785099,8706.776225358915,-29.719831453322627,-9553.81688278194,-11501.981826767573,-7538.02052434938,-1290.8435099655958,2211.7630673533613,1512.9733149234028
-21399.01187783785,-9157.51173334423,2957.4520309022987,5603.101221314841,4467.162090576742,8255.899742597738,2281.4376080000607,-7510.599995503442,-10831.77478885833,-8148.732450429384,-2755.2190541089712,1082.4852162552281,1218.5941499238513
-21259.05986441769,-12500.6013053264,-838.0419488442533,6182.690419248302,4875.576178637184,8111.416306220775,4238.951174307754,-5639.309180423001,-10239.04698466207,-8574.024437927077,-3832.3807036135804,157.24209960380733,931.7610961829159
-21554.950522479165,-14333.63580334112,-5214.626716647512,5351.499926723152,5893.387176697469,8475.014830791497,6101.993375423778,-3790.756245526447,-9707.18984203209,-8980.865173524222,-4717.3904833963925,-611.2993634457155,671.0578745332109
-22391.843099745514,-15009.992281762168,-9399.889157061129,3108.355631485704,6787.62303956892,9347.015793488254,8091.27802991711,-1793.2709306879976,-9141.477260667605,-9420.642892696716,-5544.264197909448,-1300.6279789684904,429.6146091548864
-23833.555234381216,-14989.2016029239,-13062.48267428479,-312.3466125197729,6959.655691565221,10563.045148487183,10385.43073371758,531.1127824113346,-8410.418850742402,-9872.180625061093,-6379.365657916612,-1974.9144501934802,190.54447100166658
-25928.800900200426,-14483.25548578816,-16095.347437002149,-4604.727271257494,5946.260231159416,11789.517680009225,13093.607900518613,3366.7010765673226,-7359.069137972177,-10271.282346194503,-7238.167160572675,-2671.180870233514,-62.71942140490255
-28693.262077115334,-13408.97402167528,-18402.725932220597,-9437.26057864883,3423.2777383928487,12532.452395995406,16200.826157622323,6891.662541030012,-5808.849343781822,-10520.729874680675,-8099.052760528111,-3398.667410927755,-340.8004396629957
-32042.91794202246,-11493.509844431666,-19759.012565199824,-14414.153879846417,-784.1405288541131,12176.237319343627,19507.902662508215,11238.42660914707,-3560.9539424416234,-10488.40697335198,-8908.111944826433,-4141.614553557227,-645.6172606813502
-35679.0968611864,-8416.484901253401,-19755.618840021252,-18995.048826870756,-6665.148148120897,10054.896055383608,22586.04169884245,16421.956464575003,-420.45763087879146,-10006.309836900522,-9579.17066410104,-4862.8995648140335,-969.5931892348926
-38962.352804546535,-3930.5905271816464,-17827.094792047188,-22444.28813334609,-13952.57508183837,5580.083030853863,24774.798752566025,22243.520269557357,3745.4383274442384,-8884.103114297402,-9995.93492801599,-5508.503285333868,-1296.4638280631223
-40868.87612816961,2081.39706643351,-13342.719446032863,-23899.2440859826,-22062.989764577505,-1554.4967917552483,25269.654517464896,28205.114266272194,8918.179242136297,-6944.363734461003,-10020.126379881602,-6012.0573985892015,-1603.2402576430268
-40135.147192013486,9707.54503174445,-5765.044670435923,-22624.117870270624,-30121.229856393013,-11130.55728589703,23324.80467836219,33490.16410636613,14832.248323803211,-4077.657589987119,-9506.618457911543,-6298.866367751889,-1863.1203903256248
-35641.583765773175,19263.07481942425,5030.649928098996,-18431.533299827384,-37090.73467088944,-22217.796082537687,18537.987064192133,37057.39916870959,20907.949087243258,-314.2064973746624,-8330.853264026158,-6292.57357747565,-2049.698727223494
-26994.014296255882,31169.777147105313,18125.03603606636,-12095.474540905981,-41956.237345694186,-33158.275645487076,11131.018751717555,37875.16945121319,26261.271261927526,4100.400015459077,-6434.648193530249,-5928.8216142895535,-2141.8037133679018
-15055.541738756508,44597.07998378419,30865.71787249711,-5358.900874302907,-43880.498276358,-41842.54658107761,2083.1389316438535,35268.34128182714,29848.785670817182,8670.146999331957,-3876.3030696959195,-5170.7613890830735,-2125.188621623496
-1982.9475305088702,55564.55221010563,39164.61841616695,-175.81624611643701,-42287.60884140886,-46275.514976275605,-7018.137587370299,29235.9355967936,30731.9972499708,12692.188676994658,-860.9439136063888,-4017.492427603476,-1988.3488418922216
9369.050319032125,57850.47110687393,39631.7913450607,2460.6301255909466,-36984.82935655544,-45221.144380006095,-14349.911579752996,20606.434878341097,28362.290764835103,15351.033139063587,2233.219298611611,-2523.2766977792094,-1720.9423474497569
16346.117501383458,48294.27099698694,32315.672043024515,3008.1254689090974,-28533.050633923693,-38738.29093189775,-18301.12345565905,11040.596784966747,22881.21336960187,15881.450194735626,4825.488937425265,-857.7615770856837,-1330.9210542005299
17569.93325952823,31111.011044133233,21137.48760683212,2653.148278449404,-18602.829467080763,-28476.531139503277,-18058.68050517497,2746.7382380303297,15420.71012130771,13938.838382485652,6234.4600461436685,643.7062819673479,-875.3727161965198
13933.752371328772,14781.71586499806,11044.801665750201,2248.6537344651024,-9546.438489129761,-17309.161569720312,-14214.263135904062,-2384.7578830425996,7990.086400743306,10062.170695759178,6045.694060633303,1575.2189568709264,-464.81025056802287
8365.730094603234,4771.454165073203,4709.725628202067,1998.1950191199417,-3145.883757840552,-8051.240856034693,-8678.159881126303,-3844.1987463006712,2570.05625120517,5657.395770685736,4506.355302062859,1714.3773130900665,-210.84835935154337
3943.6725529558594,789.5073351337162,1892.6570793413891,1838.5550419299268,302.41404139584984,-2084.9170733249066,-3583.667248578982,-2692.7170612202567,5.1414541892698935,2230.1252687591004,2469.54898670457,1207.3379150283758,-152.67351027370552
2069.8390285504365,-127.195969517698,1085.4025799028639,1777.4919846153675,1706.3674029940655,917.8806545593336,-104.87506699086892,-604.2120297445514,-233.74610786046875,515.7614760380148,845.7353877537294,471.3528422054683,-233.80992738288268
2353.10277416447,-289.42644966279306,1007.6267012032766,1858.5248693738458,2207.079750587974,2146.3362596786255,1779.6857875589171,1237.5880607696959,695.7755583823636,305.2798306042534,84.32514959383377,-93.18766982478337,-350.0896500978121
3720.458974475152,-681.2535916284091,935.2610612129736,2002.8667831096323,2496.7459262207467,2673.383702059973,2695.6422010342803,2479.497060475986,1859.997447825672,933.3035220805951,106.34556586600189,-308.23128583777583,-418.22779542490616
5359.709269635138,-1525.2762543571457,509.2923074035674,2007.3544376703946,2752.104698572501,3057.453966081256,3243.661595821878,3285.6866139360204,2857.764883581507,1817.1900502606254,580.6023318109009,-214.19850735353586,-408.95441061126945
6939.114700238895,-2695.9897197847195,-379.50777281069566,1683.5268566118814,2893.372636125522,3451.693576835454,3763.7708974786306,3940.491956981803,3674.361234442649,2666.8574159080144,1201.8960881173314,52.06994271224528,-336.89059400485075
8395.047192883867,-3951.3715288648223,-1648.9692826553824,970.653994908161,2829.880754813773,3854.3621938086676,4399.553970821569,4665.791273150848,4445.377348182805,3426.5022356300233,1799.0125405111992,361.95703231560793,-234.26349958194024
9661.86778496772,-5133.762973283939,-3137.1999916239843,-56.73417572181012,2574.681707624437,4286.129230493589,5237.455199250398,5617.801285387785,5323.893753822142,4149.39105132918,2312.207198562039,631.6963172488363,-132.43489348902514
10500.83624393337,-6246.192331268802,-4700.986495750175,-1231.0633467039481,2271.9007789378034,4874.127727961635,6409.254072875583,6943.36195887924,6449.033960506066,4915.120618565109,2735.19701796592,812.8444654098837,-56.80480636906541
10509.587908999438,-7350.338392226705,-6201.3156965602275,-2291.9965289411466,2215.562241515998,5893.892240860493,8148.352021501633,8827.693310944665,7956.036694765125,5797.961968543119,3074.06230326651,871.8437733076651,-29.405337053770722
9517.4167814035,-8357.36491034913,-7365.176007032742,-2803.929780747808,2902.15777428127,7804.831488731624,10815.324064429546,11513.853923163959,9985.486653404869,6860.319276616716,3331.411513878697,778.3673094537965,-72.11110835995783
8734.836987724968,-8825.804717912548,-7598.300818028041,-2027.2375249322845,5097.817438366907,11268.79639645539,14887.41889312845,15284.462597493362,12671.255119371262,8148.9546149082635,3507.288765003555,507.6221190677111,-205.7462158304699
12865.40145092941,-7930.224480922811,-5898.936450743226,1136.4355027269448,9828.970056630225,17087.228615741085,20872.843085280416,20385.45385392495,16094.064203615126,9680.847490198703,3606.8923970493224,54.756138866500464,-442.76499906262126
32302.21857337986,-4845.510224203018,-1096.0936598013463,7925.639603027971,18137.178957123753,25945.470957787555,29084.370480311627,26861.392576448805,20188.586857924092,11410.545922668138,3646.074953909665,-544.6776481016418,-773.8655827711541
82235.67033223656,333.7682898375975,7411.1575054548985,19030.653887311062,30433.46337152025,37857.286066579494,39220.104986760634,34286.18371327437,24602.431690376307,13176.406467872193,3645.746823951366,-1198.9021895672172,-1153.0416055821952
173677.69623372614,5689.074668704206,18599.82041638816,33469.8013115034,45465.217306588296,51347.550031921375,49809.09900552435,41444.82489044201,28544.076388902056,14639.576500575553,3610.3396649689057,-1762.4986730395008,-1490.401199327082
295066.06732592423,8018.189156707983,29246.757152247643,47593.49465648478,59370.29517916523,62773.953443514554,57828.57887647519,46169.08655417528,30731.209609248977,15262.260361137598,3498.8622086116447,-2067.043162820289,-1663.7961004608055
396400.3718594577,5632.315431381017,34792.110796542074,55318.56828837893,65869.4002051165,66634.27782600392,59077.92507371768,45675.022158763204,29616.169561660536,14401.192691610106,3215.3121219727673,-1975.374472703209,-1554.2937250329824
401367.73000639054,1012.2057880863074,31621.245216753025,50513.22528928176,58634.59643586444,57659.671285344426,49803.118091786564,37654.77804779655,23998.898501331878,11564.301385389666,2647.5054159485007,-1437.6358775922713,-1096.4778697285597
259793.97240466674,-1055.8324016798151,19276.335318617337,30944.46705132308,35414.923798256015,34273.34787224003,29179.68590465027,21820.525120266844,13843.289543246134,6753.054803071135,1749.475961905559,-520.7364061668666,-320.2195540178998
4528.110862772351,771.2250004563373,998.6465341186373,1108.5654077710944,1125.6578748669617,1074.5229111082058,979.5246273023178,864.4450670236417,751.811923855422,661.7124441844338,609.842592470398,604.4694485169408,641.9047827242287
-252489.60039229298,2433.5690010117796,-17545.424036385753,-29021.380153092163,-33440.667259769405,-32360.57866590047,-27406.862607700357,-20228.185713093128,-12432.674923702694,-5487.999553994762,-563.2123749213752,1711.602659875903,1592.0079356273682
-398055.07996152894,-12.199538617679949,-30506.896554595827,-49283.66186876677,-57326.202504348366,-56324.79271089399,-48492.928358833524,-36405.94846109996,-22824.0799221395,-10447.405629377075,-1545.8346533107447,2581.952470065267,2334.4336648839267
-396769.14432222274,-5011.679498592552,-34283.694153660086,-54793.34046064527,-65264.28074819862,-65933.2547147255,-58292.380739020206,-44826.010202338184,-28719.938073594898,-13459.551719577703,-2213.3843287294385,3061.5891333290965,2741.1657992432565
-297171.5618114724,-7666.0661302216895,-29105.96107638025,-47510.716950215705,-59238.070517601256,-62529.424101893674,-57443.752333957025,-45638.81877292986,-30061.920055094164,-14463.356380440899,-2579.0675497665843,3097.036800221028,2785.051123673506
-175668.8987677216,-5489.8128258548095,-18582.903997724647,-33536.124546251616,-45519.776937364804,-51313.66528441044,-49632.28462891614,-41092.75980182577,-28005.607585881906,-13923.405582042229,-2743.1676304056346,2739.5026691038597,2530.3244180782344
-83273.33554623382,-197.67474934983073,-7376.399402480809,-19065.35865917135,-30480.197793521464,-37849.14321233588,-39092.34905105349,-33987.518432884826,-24106.515218418415,-12490.543831759325,-2811.657923530936,2116.7665102878036,2092.54923929501
-32420.32833851607,4977.991692459446,1195.5988977390548,-7868.616065923488,-18098.41428427934,-25874.95929697448,-28918.44844770604,-26541.171222087138,-19681.941563183467,-10729.09279520823,-2845.850859315729,1385.249728502712,1591.7588550945914
-12439.551606338933,8083.807623884048,6057.442461330574,-996.7930295882578,-9702.472589026105,-16937.203953828015,-20641.363254403896,-20015.78445334128,-15559.471642308066,-9004.939662691586,-2859.006255536693,683.3710426717706,1119.1124649679132
-8104.184570156344,8997.036534077422,7791.391144268449,2217.8917677561494,-4910.49573480333,-11055.070222296314,-14595.622152739998,-14866.759803228513,-12115.745506261284,-7497.111152793642,-2838.523540313438,103.50313745493904,724.9185479019361
-8869.111424168676,8531.595622558429,7568.997769553059,3015.9132424510562,-2683.113203646485,-7550.669441547406,-10479.815110852109,-11062.43725388911,-9427.550601796042,-6257.534235679007,-2767.682217572844,-312.6768893126971,424.0086003312372
-9909.787448662306,7515.581136810837,6400.163828176497,2505.114224454162,-1986.44712958019,-5618.966396322129,-7786.178501776051,-8359.972475833642,-7416.951432294865,-5268.130135547538,-2635.0449493417004,-562.1059385328401,209.01829737228246
-9956.01531714086,6397.635945906646,4887.2340989035,1433.8556591038719,-2046.1835874756853,-4591.936565425476,-6034.0817301516345,-6475.465102569921,-5948.453657553938,-4477.431387715933,-2432.925001300684,-662.704299197797,63.07381853016096
-9160.833003795864,5271.473166983492,3307.827010036498,243.36541449280344,-2359.5764114952035,-4004.554498702827,-4858.953403393532,-5163.167664400177,-4878.219934271781,-3817.5194422397603,-2152.0818098719883,-640.0033486243592,-32.7338157339113
-7927.331738539103,4076.01897046149,1802.5605611086132,-802.4346209643559,-2627.793503182352,-3576.5868052931914,-4023.765818223744,-4235.084613613633,-4067.5897635789015,-3209.1462231104333,-1781.4656231511099,-524.4611802181275,-97.95777883208712
-6499.210714846998,2807.2183952951214,516.5760133671137,-1531.939986908871,-2702.038797892511,-3176.80395591613,-3393.874910389527,-3542.223118528071,-3374.4265440252975,-2568.343480849878,-1323.4112161122964,-362.1493286715827,-155.603181697129
-4944.7190823586125,1626.3199986203858,-382.3000137987906,-1864.7451782310256,-2564.6313730333336,-2781.684918336762,-2881.665331735972,-2927.378345531389,-2642.688493906992,-1836.9938070481542,-833.5304596354121,-234.46092895429777,-234.63581380017263
-3324.1416463249398,787.0095357988137,-803.3137646629517,-1856.8140365244997,-2304.7954059374347,-2394.243895158483,-2345.883257211067,-2168.648369390656,-1732.0436205508959,-1063.8033268775876,-478.11380118353827,-267.8637123759353,-365.1463057429743
-1958.3565742274168,423.8658579690347,-855.1097051474657,-1701.471246498426,-2010.9304178860245,-1871.5923884836618,-1453.561844910732,-980.1320920867456,-647.5718586538771,-528.9672701153261,-558.235718954721,-598.6948739840107,-560.2739335330141
-1646.4706262265809,301.91196187277643,-914.6823669502918,-1623.6778431907078,-1530.9667972341094,-677.0140481876006,387.23014961841875,810.6587556307699,225.15910021704775,-806.4827666742872,-1406.0009451068322,-1270.0099994553264,-789.9544258187643
-3462.98397758352,-583.1927954711366,-1728.375329694487,-1731.8105247211038,-207.06813432917562,2237.663662941171,3801.194195665947,2868.2643800939263,-33.370485072959454,-2563.5660801889794,-3109.645060614911,-2108.5009247313606,-970.017347726837
-7832.134795997701,-4514.073901698542,-4562.434135525012,-1988.3204738335294,3085.237277347099,8056.222166569772,8825.284565745958,4026.138976029345,-2584.3045236169582,-6027.788074955028,-5233.174639875767,-2715.8089224852206,-994.1003236730583
-13404.23463743182,-14386.47965466345,-10869.058745343335,-2343.0160268980926,9287.877186927337,17140.6191399785,14310.137975774413,2605.0297960222438,-7987.651520489332,-10489.757315404233,-6871.485826203973,-2669.1865407478595,-801.9306792930391
-17126.421067740517,-30530.20573987042,-20870.29476495249,-2796.2816412978373,18185.893267115574,28171.66268735034,18133.631538224265,-2494.133322060981,-15441.218384133006,-14455.716164342684,-7160.657625755083,-1811.059905891068,-428.8116666607965
-16036.934347130365,-47679.940973027245,-31985.495921783724,-3130.795911689752,28069.178528471646,38385.57832568776,18371.286202914016,-10808.993505127399,-22986.4424480975,-16507.141833691956,-5834.20587214955,-354.5074439428803,15.464950562542413
-9178.253202172193,-57471.465905290446,-39383.0630702703,-2551.006203514103,36589.26654963631,44915.82760681134,14407.578412233763,-20470.4764672311,-28603.659714835925,-16082.059475614216,-3294.5261466886595,1295.7713220177966,419.5140788503011
2118.621245567103,-55521.737016169274,-39126.501743120636,70.34795694564978,42017.85963986888,46077.83713476013,7041.596119912963,-29257.11608864195,-31134.295399877796,-13510.666620954531,-224.24255961920477,2799.2366529326514,723.8991747076097
15214.494685389845,-44744.17219430783,-31025.993252275155,5201.170433269661,43731.975183724164,41760.17537457683,-2119.8778836964852,-35478.53734858426,-30412.049140443756,-9555.48557380017,2787.888071454817,3979.911334861827,918.2357776854067
27242.63622246803,-31318.39499537477,-18361.35571770782,11906.884755098254,41895.83420994492,33152.44778164916,-11254.871825737942,-38276.22230759535,-26967.1618393443,-5034.038710626879,5355.786079341269,4778.691806162369,1010.7414922249609
36012.345737607866,-19342.173787350912,-5226.734124719187,18269.90938987838,37084.192329237834,22226.017779331047,-18771.279317423283,-37627.04570081725,-21726.527956283382,-652.2566682022322,7268.512877081332,5193.0241723530935,1010.9766618250217
40618.73921406916,-9731.518200050088,5660.104471764231,22535.33897036333,30140.128583475933,11093.332888214718,-23677.630032615074,-34192.07813908873,-15730.484733069514,3090.0783512116172,8464.135575954864,5257.658325596761,931.5223624648338
41425.05082303164,-2070.60289462801,13330.40757107052,23895.210432926284,22082.27859736293,1432.2624518679308,-25736.96862786058,-29000.344266331213,-9867.308748942305,5944.024002955753,8999.892071021948,5036.683772341803,792.3836014348874
39538.68756822358,3972.815949093462,17891.08027282002,22510.35595806863,13949.44515320929,-5803.429575536828,-25339.61412438214,-23098.711318610756,-4724.29634280033,7877.524766038046,9001.895821366883,4607.906215245893,619.1950075021514
36226.71346157133,8492.474107649334,19877.425474439915,19106.118066765324,6621.269750442437,-10376.677015815463,-23225.704484451348,-17312.957077618335,-574.4533057260121,8999.67118757133,8618.221250690054,4048.2842307307983,437.9152953239458
32525.423143659795,11601.666553944902,19922.45491966205,14546.330011933127,687.997286770325,-12582.426078792112,-20200.32280765772,-12150.34985839604,2558.1366875105655,9488.586324626966,7990.367442870589,3426.1931822398756,270.1129174426584
29088.886453548865,13542.540356268448,18595.61057039243,9572.581069789405,-3576.439710664602,-13004.458510017546,-16928.41596981967,-7816.749146816954,4803.30634529101,9535.96083433433,7237.386136666905,2796.6290694349777,129.81074975232318
26227.935475513073,14633.389935859306,16310.563699251685,4730.8013900897795,-6156.083643359314,-12308.59091194156,-13844.436659131103,-4301.483865898209,6355.125707636121,9311.338967010364,6447.275089515946,2196.307052620618,21.60816357239435
24034.849779066775,15149.44895881465,13298.115264640022,419.68888547590365,-7222.062776971636,-11112.422288829699,-11152.647017450943,-1474.129158653344,7412.664471008269,8948.087167122641,5674.604992765545,1639.2552307610329,-59.82539071825917
22498.92837576173,15180.853379665492,9657.477943887654,-3029.1142401707557,-7095.1972634951435,-9912.776354256172,-8871.915899522886,842.7658911792564,8155.030324840791,8544.160934837104,4940.585114509787,1113.5679409451723,-128.61810739606423
21574.392861513028,14525.97043368287,5494.545499997827,-5311.206314398677,-6234.746279036479,-9046.15258076967,-6895.872872230423,2833.1441955207265,8737.547284982844,8164.109085285721,4228.671304211733,579.1394906246735,-204.7002191879745
21199.591229313726,12734.429556998,1131.3318928694537,-6192.659535303271,-5233.364928562177,-8679.663368541813,-5048.435970282825,4674.321081052915,9291.995896431683,7829.506608184229,3471.2678183927437,-31.371863094030637,-308.1332144140288
21272.04729044479,9448.053574149722,-2679.317454099288,-5667.903755118998,-4815.028960547866,-8817.279431901376,-3112.4695630692254,6537.091247412778,9913.868121638232,7489.966707657014,2533.127441104491,-798.9129660877215,-448.9021961707721
21585.451663879667,5157.719921247111,-4727.079890545044,-4280.9682861020865,-5789.885482581758,-9267.309506355716,-833.4389268562688,8570.7147473125,10621.899871562493,6980.250654581098,1217.0948630086568,-1775.360134185579,-611.6140315631712
21763.867979484192,2030.5588505352825,-3979.4466842587813,-3518.527012764789,-8787.898107706498,-9552.616719929909,2049.577702984859,10845.073890275815,11293.021232281588,5999.942062461301,-663.5491264731793,-2907.4880926794176,-742.4684813620086
21281.59972835473,3184.9075453319538,-1173.7512743769064,-5654.471313150663,-13644.102145196135,-8904.572601725236,5682.86502658672,13258.131553933363,11614.869447507566,4181.818773494562,-3128.696412051358,-3970.9508894061405,-756.1782491527678
19654.010630096367,8952.158603910828,107.26520727837797,-12226.112175319971,-18865.603648438988,-6575.813207410805,9905.846253477725,15466.193992527009,11123.33694562864,1282.2656780251325,-5870.104078110613,-4598.33195585864,-573.5318481081334
16759.914518176327,13841.472120473274,-4177.057196428266,-21882.41748009788,-22123.00500895335,-2451.8535894793386,14120.637520711944,16904.239507456005,9358.587724988303,-2576.716869291015,-8231.398165515087,-4432.490934100034,-170.48532719001446
13118.793180872362,11364.363782725659,-13543.219886516265,-30437.923692797387,-21923.95118339206,2546.5763505067134,17389.323372766274,16937.90615748763,6119.459197810116,-6746.681431033411,-9403.369719145649,-3329.140881670946,393.485412459807
9878.420654243484,2930.243205836148,-22302.16336442741,-34292.58417286493,-18885.48184592882,6863.244024530781,18831.312986104247,15173.765542456444,1758.6484806400688,-10114.714186432499,-8808.55417711546,-1510.5568551588838,977.8267591500949
8221.074863135012,-3739.814712584122,-25846.149091003786,-33492.071662476796,-14961.460037294599,9377.014165274828,18167.961965853396,11839.420560506362,-2703.6638608896747,-11567.542398330439,-6555.790584620266,428.5424941057879,1399.580627607732
8318.863069145753,-5552.625217036286,-25269.78231145327,-30535.110702010927,-11483.16136827471,10154.003484073472,15987.216100989928,7861.450987291284,-6020.6481233954455,-10769.955412389665,-3574.645106828792,1794.0144698820322,1521.8679636048466
8995.343278383878,-6175.244278060023,-23928.6426557202,-27126.957832459153,-8434.166775025526,10100.830356055849,13357.266934762618,4318.843617093609,-7586.4528480873405,-8508.698391717153,-1036.8949929662494,2253.601888733733,1348.6068375289165
8982.724369407775,-7849.626044323501,-22657.46304475298,-23430.032547911807,-5452.480590656314,9964.965404520735,11046.085810441313,1687.2259032407078,-7799.566093758051,-5989.856936430797,512.6538599037096,2039.2879241308956,1024.9008836107603
8350.79187552507,-8623.809754634782,-20562.462933252722,-19544.39013632851,-2730.36051379037,9812.555325811461,9132.75735045862,-259.90452952306345,-7398.746391857117,-3815.9727917274095,1330.9525407426015,1631.276755369906,721.6607155562629
7990.925514609644,-7348.236051274729,-17819.969774772486,-16060.514047620438,-695.9550566580631,9385.929566294575,7367.61700211807,-1821.2281558349239,-6646.011552472319,-1884.6583395963196,1827.105310520677,1291.9066463457993,516.2930157302169
7921.738655586943,-5859.272084076788,-15535.21643342401,-13281.179810123072,654.3494973255349,8674.137536779313,5716.808358461507,-2915.96564713116,-5399.028514185394,-109.07830185922569,2027.5776411166748,961.5224681592651,379.2381948843468
7078.58470900322,-5891.137149711998,-14069.014468772022,-10888.591652301091,1731.9955233913818,7975.278420902957,4399.792895468443,-3345.440505625127,-3733.359473863365,1212.5849934904713,1752.9322134505153,514.3189197771757,249.82654940003906
4872.1480902838075,-6847.011557115062,-12832.849882195093,-8518.552018288992,2833.1520454990464,7521.501817934246,3516.457976021168,-3219.7881645974517,-2092.8202997553126,1782.7422116282921,1052.455569599485,-16.953720860101498,105.71489192880134
2132.1011267744684,-7159.283218122561,-11327.822202144795,-6231.413106360835,3873.013014380641,7231.122280863765,2870.7071895624285,-2893.9952754740234,-847.1728276287226,1720.5027940882824,260.3118902174348,-471.1149271255502,-29.947671513778715
150.75601958682148,-6367.397743938307,-9677.696149148882,-4313.460076871314,4608.225137699683,6862.667548083431,2205.8332517030553,-2582.391505537708,29.22711659393218,1432.6631677695993,-312.9110530904253,-724.7241563270873,-123.73995450541868
-781.7094015186204,-5260.252302201252,-8218.832146130293,-2838.6465063685946,4982.449784264178,6321.467014871601,1481.2612611547072,-2209.359381423927,785.6637634122541,1193.6448786195604,-627.0753838917839,-788.471641655615,-163.72110706522247
-1563.6072671215313,-4620.742145985194,-6973.7512563409255,-1548.4488041155043,5214.102278711835,5741.758555602768,835.9265158309667,-1603.7444381372732,1547.085562607635,949.0074888901272,-867.2744264860619,-770.1889611794004,-164.67664362419958
-3191.9904043449533,-4412.492631095913,-5659.692345112415,-112.45937363379456,5573.036981221459,5262.501602928906,356.92689850633883,-700.8203320139628,2182.825213296317,473.328094175171,-1225.9141469030906,-775.810536023112,-152.92888634177268
-5725.3459457993085,-4166.377335882053,-4139.6562841150635,1497.0684423337705,6048.771202195513,4772.106231952479,24.05275411293168,441.81000489527617,2430.348864881905,-351.0756248552781,-1735.1140010987233,-837.2051994411079,-147.7562590068573
-8249.297890413043,-3863.8099748480145,-2804.5971415452354,2820.2676154318833,6226.251738139099,3988.7935716283773,-94.6790378823224,1673.0659351119702,2111.31594331851,-1388.165138272083,-2253.830242245386,-902.852936412377,-152.04899435556132
-9656.245112841601,-4028.314838931804,-2315.2978453153128,3214.19198774757,5640.039996753288,2888.3174564248143,227.91295576821796,2730.862604061957,1304.4979987753436,-2318.6156501072164,-2573.392640801361,-879.6421079781958,-156.20919011152694
-9457.123054018844,-4660.060328794408,-2690.5021784804794,2600.5027555678384,4386.1806337275875,1912.3604667359327,1080.9352225380876,3356.642472889132,352.5790656278181,-2857.8880054030383,-2553.2288409653115,-698.8628451638457,-151.78646713942368
-8098.259356420157,-4757.341853773043,-2968.640186485019,1748.7023133343262,3151.0662750849992,1528.5848252900894,2230.701287814363,3556.5015211988302,-404.52797097331296,-2980.056380660454,-2222.7272674833034,-378.295193812843,-143.55242883209263
-6744.207156379473,-3490.31832166767,-2130.3532753428176,1568.2622881352015,2559.278299783994,1899.3862238443662,3549.0324291807137,3532.417840907444,-1043.8667402573483,-3006.137936600161,-1815.1742606595403,-35.27903438153663,-142.34353554068952
-6583.757511881581,-715.4251095372691,664.9918517020371,2972.743024494854,3278.272702909615,3490.7066108903405,5290.487499214346,3072.420780872132,-2181.769019314986,-3473.509890329433,-1678.9713414126236,209.62960691328792,-132.74111146732236
-7694.283772763142,2086.0318933094954,6124.0290591529565,7505.192898640482,6682.086717859166,7176.065145657933,7233.327977341289,1288.7445957626528,-4476.154878697349,-4786.885436583556,-2003.1648860986231,411.6437278070647,-53.09083242038446
-8270.486457506195,-742.657970973211,11622.718478390247,15104.33190305103,13120.494944447037,12365.7626666228,7960.47447815526,-2399.045882898512,-7823.681858825205,-6781.696249770389,-2488.1903823772573,835.3081193867972,150.14295325395528
-5881.99272887672,-12131.316981611091,11103.46712988459,21083.009848857593,19258.04296498335,16078.712038398795,6234.5610716278325,-6996.6499386207,-11063.508321438874,-8549.209938292974,-2408.2168184045177,1634.9364180416055,415.94401482800265
-585.7024176560478,-21991.207017754157,4227.276465393543,20487.026873574967,20612.55604946884,15879.094322526089,2911.9227747109258,-10301.099410829695,-12659.25378601672,-8923.42769029017,-1307.651979662125,2474.6417048061676,556.4306785004119
3935.431207015185,-19455.215052102147,-1093.5839822634389,15019.237559369936,17055.43818458925,12756.101325172249,227.39858372325995,-10834.02551322927,-11883.082815498166,-7470.367290148034,332.3791233385298,2702.9270031526275,416.9958235049912
3961.788596729593,-9319.714918884896,-125.75648045090709,10349.431389233361,12490.139937732421,9516.888942340503,-686.0219204998389,-9132.439640106599,-9450.976356921172,-5030.99229610226,1438.5146935524217,2053.0239239693938,49.57208733009634
304.8002996672441,-2290.4483366735526,3970.3637469115256,9091.182628449602,9980.91542357227,7735.085346667979,-564.6976450719083,-7072.76958868789,-7007.782964569582,-3064.925827023298,1490.4446174647985,1018.7887674944549,-312.99893407128843
-2165.4744854305213,-1567.6443071044284,7427.701467046474,10478.74974306265,9996.678291241526,7379.056395378327,-644.0086829360716,-6232.142966188922,-5898.129179141758,-2342.951308584152,1091.8021312344335,391.84302806406276,-459.22063728308615
202.73651715071958,-5489.699224839589,9157.1706896621,13121.280286151507,11695.863076541955,7830.630905996747,-1451.7753262777867,-6903.701002049495,-6263.27075087918,-2360.7694558967596,1239.3545451584305,499.49973285933766,-361.4623992642586
6041.316207687295,-11307.930071661935,8486.074237279721,15205.09689781299,13569.202060789763,8234.68289298174,-2788.8853078909065,-8279.299126967982,-7167.925419134582,-2074.6585453871758,2184.214822490514,991.2153682482889,-154.1301852116257
10736.722011811984,-14469.158253948577,5621.2948152766885,14915.767929422042,13984.317815923852,7771.380047139846,-4190.178470270871,-9287.88482514767,-7534.968670674318,-1079.215506507904,3214.9976493428103,1300.7329427770842,12.134659733450519
11148.049649734037,-11735.580576535962,2934.929687993258,12341.148887866297,12482.101252163638,6236.25129782931,-5271.86128688107,-9343.697843209446,-6994.837071617332,54.61893234726621,3483.541403186587,1184.6626407394733,81.59128288042962
8176.122380548956,-5495.364640544154,2645.050961953793,9517.31223634281,10110.095875096722,4117.542211273145,-5901.288309013441,-8560.24008112485,-5980.557639039907,482.7065644652524,2837.17387071016,828.5742670415897,93.2242292828077
5454.503124416249,-1262.4519633380976,4224.838601154136,8165.2638137198155,8210.147699657226,2082.318159118556,-6169.809347625095,-7461.879950294665,-5188.089431441972,-46.594590332576814,1867.4038551813828,581.4907077167202,116.71245071232997
6103.035740213998,-1619.7257607050537,5548.008982213066,8333.735572463927,7348.402234278297,602.7061031182538,-6200.22760420468,-6537.010190292975,-4979.490553832623,-964.7103470558861,1330.1234252408226,655.4738869870598,196.60918398106523
10342.662777019092,-4763.029264954799,5591.779031715487,9181.683663812863,7373.07009237065,-76.94011426938292,-6009.1659915973005,-5975.082384037138,-5157.475062949523,-1363.4532560209395,1542.7010269607435,1000.8421286721666,330.39679028450007
15617.83644206266,-7770.045026379717,5032.909406270659,10055.83436470089,7856.233638387035,14.722473795695052,-5593.1334573225095,-5700.572980309313,-5167.15910430652,-717.9679512839093,2210.270095756443,1381.706981652541,477.2409192740542
18766.91784038774,-9134.265764620788,4841.537900101503,10524.75658858254,8243.619051422596,483.437866680871,-5094.862178742003,-5547.246542509985,-4512.2758366708285,730.9345989103217,2742.23291885535,1562.7782408141159,588.9802327687788
18238.15358950619,-8439.581764332794,5102.818475751624,10108.792175849161,8005.179740582452,742.199506585541,-4773.136849668483,-5362.670270005438,-3105.399548822213,2218.792368783049,2739.720978969617,1465.603792358082,644.6150152986775
14846.248002356959,-5706.961407817331,5208.825699166113,8684.805963612598,7045.186651943982,434.49609253543167,-4783.1939522985795,-5054.5743538517345,-1360.6792229780401,3078.363680085731,2255.2230093040653,1201.2496415604362,663.0825589746861
11152.661717049303,-1980.6061428596688,4950.790632643986,7009.031210203196,5846.372631937371,-391.1699400500844,-5107.633570976065,-4736.97271237474,16.793118107327146,3223.1615595694775,1714.2010742547373,996.5545532813713,682.4613135991466
10173.19827403733,894.5280325828185,4909.905839909017,6075.38099081193,4815.388446745528,-1718.9717744964746,-5877.35775388302,-4945.781189643572,459.37120120985344,3201.1346033268983,1667.7961078277208,1073.3554219063158,716.5469972578728
13716.137287252632,1434.6335788401302,4887.329600930982,5854.528649164211,3520.359361508738,-4201.1223346055485,-7796.8855533067945,-6562.954235695899,16.469491703071924,3858.6725940531596,2521.882690843652,1503.2772677896212,718.211167591109
20745.927116969124,-2993.74450253085,3398.7973150949892,6241.070097887858,1504.3678321571222,-8798.875871759086,-11838.751540876678,-10040.273461358905,-434.0559490783698,5757.837433238595,4268.070433607953,2078.040291086983,590.46782627301
27131.73993105396,-14808.112208037406,2600.553917934424,9721.36916021748,341.1324756027476,-14947.400117440913,-17779.44045129156,-14320.54642120314,301.9735108431177,8619.783938860151,6326.75239095175,2343.6491781148275,269.0526525568593
28166.073935768498,-25332.204976587618,9456.770595241507,18754.03175044327,2852.229169207163,-19560.85643822333,-23133.161550616725,-16967.112269620542,2633.106128736584,11301.746329003892,7753.488789631843,1921.578669946481,-176.90528126801178
22525.093181999036,-19213.5221126652,23164.343941555715,28822.098892934086,8684.68130197532,-19513.829958569146,-24707.93320769426,-16089.364965631443,5645.795613456014,12542.161832979775,7843.727341388107,898.9764429418173,-551.0973330110145
13477.88095064052,-320.7278516750915,30803.97868045021,31204.40548037258,13351.703401400027,-15054.07050682944,-21592.361734807582,-12049.540803297472,7888.54057572778,11877.075165495355,6654.9691487434475,-187.38740450602592,-681.7924446304929
5604.303298279901,11392.156649913934,25150.260010045466,24174.2869164075,13399.407162294157,-9414.047301529536,-15873.552061170649,-6965.419396669362,8563.504625862664,9857.971180110757,4888.348304918975,-839.9439547373871,-564.4451976633637
1037.7351119438817,9391.421381711923,13742.16718677211,14434.849796075854,9905.753359818224,-5486.5019377958315,-10506.554958292003,-2895.3183219839357,7890.96750922349,7496.093969749266,3262.352949128848,-999.07473433935,-335.0860834071833
-696.6548233151372,2757.0670738011695,5970.270670383162,8040.465492358744,5978.058293681402,-3972.125518373708,-7189.233358711108,-687.5466236391268,6677.118793699602,5615.618645931331,2067.0255390664893,-939.4048851903999,-131.99727425383344
-704.7561846183171,-1993.7700418993238,3265.3880197231306,5532.21771625816,3053.2417441624398,-4252.095330566009,-6068.83044206288,-34.88104697841637,5766.885910690904,4603.481712294179,1229.7949974352607,-925.4874412966857,-12.651496561185695
30.205621961084738,-5160.939619577489,3587.8491527839315,5364.381463575276,696.3881872581937,-5822.954362856226,-6589.486414640054,-92.9435867057035,5694.361707585851,4472.980580529571,594.3996242629379,-1052.457505649561,23.92309723550227
149.28240878328876,-6590.918597445971,7145.944856270787,7579.76377612875,-1205.9591885533034,-8373.185178848827,-8056.159432248257,-13.331271274612789,6535.298896364471,4991.5061835971055,48.6538373594793,-1316.3533234705878,-16.05615973530837
-1688.6643621448586,-3175.603820456692,14405.21839349386,12464.085470594084,-1692.3410639895808,-11034.711973007545,-9580.384467054942,759.9163886632952,7939.112670483508,5771.146964540999,-514.5600748459896,-1690.1111574258275,-131.19703211576257
-5308.398236348426,5557.98560939647,21884.5329925513,17811.09074559043,-294.07999649689106,-12499.394906813252,-10174.622698272286,2313.760079590393,9316.696182061021,6366.586032714938,-1180.9901478548165,-2085.116557188916,-295.0687043660598
-8732.039954791928,13478.080990555514,24080.563471794772,20022.171384873593,1840.4889652838851,-12085.03740735998,-9312.944394600112,4268.454307672331,10134.979239377153,6457.57940852295,-1875.9915704971213,-2332.655126280602,-449.7482463283511
-10055.62616849081,14108.302617620204,19593.816422020158,17756.988807078513,2985.2308257107197,-10303.553777882207,-7295.755966737703,6047.887990022508,10177.251518228166,6033.37419989337,-2355.5648272442277,-2313.022610887188,-549.7556785062848
-9106.164382850437,8212.12620925581,12449.174735181752,13024.87847700807,2429.413597265737,-8281.757535286642,-4942.709907404567,7214.78179574181,9579.967857111002,5347.924028348876,-2453.103079129555,-2075.978771913905,-597.7042685918436
-6970.753219666426,1539.2446273948883,7362.385024318212,8757.502020576761,718.9927673772511,-6829.864286931527,-2985.6433001010137,7610.77521777737,8631.706686643807,4634.590393069319,-2256.3544583008697,-1761.8487063964353,-620.9672164461258
-4702.2276378999595,-1889.511513741727,5793.135557587284,6313.4806903854405,-1175.7390597458548,-6060.717007375855,-1741.329474271108,7297.26237420718,7542.133928877627,3905.4198643664067,-1960.2735625348846,-1442.5493748007061,-628.4397513334097
-2983.1711548746794,-2081.756062963222,6253.415514805467,5220.646436156757,-2602.342723055394,-5685.2615278450585,-1198.2698380778418,6445.892070374606,6381.551371178579,3059.4664816157847,-1655.115020819986,-1108.1030338401838,-609.2612059551009
-2508.346723907045,-1073.8930606291121,6783.296169182132,4474.045285882363,-3487.901874063874,-5508.867460519223,-1231.9709553314926,5297.40613131081,5210.889384438696,2098.225686711975,-1375.0348402106695,-784.8120666541481,-569.8521329177312
-4011.6330959868615,-375.2251909073472,6761.191847312187,3623.2328761840267,-4172.482201690365,-5548.047449518939,-1645.8254194709768,4210.200407011386,4233.181559852427,1096.4593357624126,-1280.8706538755655,-601.0397671576303,-557.2952894892015
-7751.40865636183,-81.77443317180851,6646.230651793744,2841.455454980883,-4753.764832493658,-5775.427915567909,-2130.737550121725,3640.458265217559,3709.2551343127907,-40.65895822137492,-1620.681881084561,-711.1000729107702,-633.4210062459694
-13112.184543443915,540.8566554783288,6836.062016532593,2891.827130800609,-4712.039727031306,-6211.055039804016,-2475.5930134677137,3860.262472935649,3634.8229800229774,-1558.4577744943358,-2449.0493967214593,-1162.1510655767524,-813.3908724449525
