t1,t2,t3,t4,t5,t6
176.57999999999998,122.625,78.47999999999999,44.144999999999996,19.62,4.905
-302.09345314021914,56.88216698985616,5.892224479907199,-1.7930518381416078,6.241159858112679,8.182927556409167
-764.2983515932208,-10.137436004888741,-66.7852362707851,-47.8551163426319,-7.47540266206493,11.185668871691433
-1193.7658266671137,-77.1063803656661,-138.03275217688568,-93.12696751499006,-21.254769122226108,13.866693131629077
-1576.4529694668024,-142.64521478090774,-206.38979390228968,-136.72815663240172,-34.818859968630804,16.193050943906496
-1901.3821253534718,-205.38770382120674,-270.5204087669798,-177.84843982816665,-47.89813873473579,18.145249595021127
-2161.180594754501,-264.05096269197634,-329.2705463211145,-215.77953611027155,-60.242729713923666,19.716382026782526
-2352.286631226828,-317.50354987664406,-381.7130585688523,-249.94017112637837,-71.6322184404733,20.910664977387803
-2474.8291597658076,-364.82451758444563,-427.1774237754904,-279.8930097354781,-81.88353831010451,21.74157489284585
-2532.2254464635334,-405.3474770312911,-465.26275815406746,-305.35283555549057,-90.8565314137515,22.229779861319603
-2530.567943507061,-438.68567171764175,-495.83427531987377,-326.1861029892778,-98.45698320491913,22.40105360969598
-2477.885875745217,-464.7364699622044,-519.0048182424841,-342.4026773842482,-104.6371435460052,22.284327885723304
-2383.3684834254277,-483.6661394466307,-535.1042483893006,-354.14112134817424,-109.39393784816116,21.909998426970574
-2256.6270290463567,-495.87785390041944,-544.6402204499451,-361.64923647322047,-112.76522357676865,21.308553902373127
-2107.055035910904,-501.96733233453995,-548.2541605744119,-365.2617165255327,-114.82454854224218,20.509552965273272
-1943.324690393993,-502.6712077907486,-546.676132609589,-365.3767247891227,-115.67491483484204,19.540936855233554
-1773.0356530407203,-498.81319650385353,-540.6818042862556,-362.4330099479271,-115.44204943720945,18.42863702455441
-1602.5136362564072,-491.25253096161595,-531.0540276871407,-356.8888691979837,-114.2676380294875,17.19642032761093
-1436.7418656469067,-480.8381324523513,-518.5507464181533,-349.2039051921306,-112.30290393063103,15.86590795972999
-1279.399659836318,-468.3708416154973,-503.8801440035054,-339.824151852375,-109.70282213523379,14.456706829285768
-1132.9785969200407,-454.57488322598476,-487.683237207956,-329.1708006874638,-106.62116088060607,12.986600884347924
-998.9471857626099,-440.07874836722,-470.52354661770687,-317.63246979376356,-103.20644996346738,11.471762348528602
-877.9383982448974,-425.4049108898032,-452.8830672614909,-305.56073582727106,-99.59889326317725,9.926956313185446
-769.93956947267,-410.9672806217848,-435.16351178208424,-293.2684979019779,-95.92817690185143,8.365724664973833
-674.4699196639302,-397.07501674920724,-417.69168750961165,-281.03065646713753,-92.31207585791488,6.80054554961613
-590.7364471595448,-383.94123720441206,-400.7278666471085,-269.08655937653873,-88.85573023428884,5.2429718199471615
-517.7636430958952,-371.6952061853271,-384.47608243778035,-257.64367868407334,-85.65144588953339,3.703756116032093
-454.4961186916251,-360.3967026927943,-369.0954025150866,-246.88202194441396,-82.77887005980259,2.1929717391221226
-399.8757684551298,-350.05141633410744,-354.7113680185305,-236.95883895309305,-80.30539793439262,0.7201379240092383
-352.8966175812377,-340.6263448913469,-341.42692510731484,-228.0132490660876,-78.2866780424045,-0.7056438189177505
-312.6412014541969,-332.0642619838024,-329.33230342870024,-220.1704781830864,-76.76710035024558,-2.0755382942413423
-278.3024094306,-324.2963835530886,-318.51341000365295,-213.54545341179207,-75.78016937788627,-3.38080907942635
-249.19439458349416,-317.2524095752955,-309.0584084648113,-208.24555494987277,-75.34868435732643,-4.612636693181688
-224.7555759561267,-310.8671893230681,-301.06224781197534,-204.3723684501282,-75.48466915506016,-5.761927114196092
-204.54607143262334,-305.0834010632375,-294.6289985290671,-202.0223183887905,-76.1890167048192,-6.819118036942701
-188.2411912264448,-299.8498957357143,-289.87195309774233,-201.28609643527892,-77.45083690631928,-7.773993079365152
-175.62195698855982,-295.1157600189884,-286.91155615484405,-202.24683231232186,-79.24652445865388,-8.615517168727896
-166.56303105264806,-290.8207092814002,-285.87134624059945,-204.97699268555357,-81.53859492027935,-9.33170949745085
-161.0179741932769,-286.8830852639337,-286.872210914544,-209.53404108873667,-84.27437383705262,-9.909573516459456
-159.00142492286977,-283.18741799862664,-290.02536995379813,-215.95495328729734,-87.38466433866672,-10.335105919531992
-160.56763694317758,-279.574082167765,-295.4245939561341,-224.24976106331079,-90.78256081379095,-10.59340773369294
-165.78485446244423,-275.83387293561236,-303.13822342153804,-234.39439401379775,-94.36261580248748,-10.66891959501257
-174.70527616885457,-271.71018798429986,-313.20156380358094,-246.3232007687919,-98.00059779501493,-10.545799213694234
-187.33087427838444,-266.91082152061836,-325.61018809429424,-259.92165046875766,-101.55409144562981,-10.208451322771856
-203.5760859046872,-261.1301353458627,-340.3145816072853,-275.0198294717866,-104.86418066315508,-9.642208939679792
-223.22932945602346,-254.0806806193753,-357.21642506038484,-291.3874392028991,-107.75841219477418,-8.834150076384015
-245.91631501346825,-245.53144481559997,-376.16665249073503,-308.7310475850177,-110.05515881582302,-7.774017357235497
-271.0690545762048,-235.34814171062945,-396.965266895837,-326.69432702307824,-111.56938805985284,-6.455191232791592
-297.90513073152607,-223.52974116099222,-419.36277666499166,-344.86190860994884,-112.11970160153652,-4.875652913190256
-325.4219298854723,-210.23509554986776,-443.06305206574683,-362.76728556225896,-111.53635521789161,-3.0388631421271866
-352.40999694162247,-195.79426376866184,-467.72740351581103,-379.9049117706702,-109.66981814128084,-0.954479486136
-377.4883134269537,-180.7009488349006,-492.97974615633575,-395.7462816240327,-106.3993048209481,1.361160833302422
-399.162164705838,-165.58509957535136,-518.4128157098068,-409.75937783371074,-101.64063235089802,3.8848531669176496
-415.9015321665935,-151.16772615513364,-543.5955033684512,-421.43047985393224,-95.35273963618624,6.586673838153188
-426.234972969325,-138.2027822150945,-568.0814423416138,-430.28698804126475,-87.54225883381446,9.43048113455488
-428.85120221071423,-127.41303263220345,-591.418971015285,-435.91968789336306,-78.26565517448059,12.374758033129677
-422.6985784454564,-119.42776299139702,-613.1624982803592,-438.0027947138991,-67.62863722892736,15.37375889954006
-407.0718574981904,-114.72983978127701,-632.8851087475105,-436.31020478790356,-55.782766348567705,18.378898702629737
-381.67619803499406,-113.61810944723254,-650.1919966533263,-430.72663537049414,-42.919435517771085,21.34030512797755
-346.66050772676294,-116.18876636751813,-664.7340542295428,-421.25273969865134,-29.261615963776098,24.208442925785565
-302.61557061969495,-122.33659642563451,-676.2207198694582,-408.0037910498811,-15.053958119039532,26.93571656575655
-250.53651259484744,-131.77440705010602,-684.4310672378292,-391.20208293189427,-0.5519610099923611,29.477961593509093
-191.7534056990555,-144.0668951589078,-689.2221265406372,-371.16372585227197,13.989021727647343,31.795746038626817
-127.83751520879879,-158.67393514231193,-690.5335867021673,-348.28097315274795,28.32419310309016,33.85541931300716
-60.49328682812059,-174.99786383154975,-688.388317135228,-323.0015296851611,42.228486797885104,35.629865439327254
8.552705027240389,-192.42971120611787,-682.888529821643,-295.80645718936205,55.50399582453366,37.09893824798634
77.65506442473858,-210.3902747873392,-674.2078194799936,-267.1882810641805,67.98532853676639,38.24957656279931
145.33617176357478,-228.36321083653286,-662.5797096270758,-237.6307389545167,79.54275752049156,39.07561580170135
210.3499105509524,-245.91866972218347,-648.2836403705408,-207.59132488057904,90.0832099537163,39.57732765036243
271.7196295672686,-262.7272348631465,-631.629521591276,-177.48741842416555,99.54930324310462,39.76073074604478
328.7506464910467,-278.564900537387,-612.9420266796313,-147.68639634342654,107.91674455399075,39.63672229657036
381.0202799477966,-293.31048063637,-592.545723549625,-118.49975069556744,115.19048109702868,39.22008333571003
428.35025993218073,-306.9371767341767,-570.7519560848596,-90.18092100096234,121.4000098594276,38.52840933832283
470.7672908016769,-319.5000928927524,-547.8481368057481,-62.9263133246915,126.59423633210297,37.581013955758785
508.45757269483573,-331.1213354322646,-524.0898303592534,-36.87883745914821,130.8362209309499,36.39784769325464
541.7203990065996,-341.9740558938429,-499.6957339847989,-12.133242697075808,134.19808051754018,34.99846660431023
570.9247836987381,-352.2664570141929,-474.8454236696367,11.257439282745935,136.75623234636146,33.40107976181043
596.4716932390634,-362.22644322425964,-449.67955104194294,33.274948079131775,138.58708961389905,31.62169959044336
618.7630962193309,-372.08729924739094,-424.3020537407211,53.928822757365765,139.76325045838144,29.67341715782674
638.1778758151493,-382.0745444608504,-398.78388051680156,73.2497407176618,140.3501724198947,27.565825941404043
655.0537869166684,-392.39394265361324,-373.1677258282623,91.28336475624124,140.40329635707516,25.30462259066206
669.674129703787,-403.22054187118596,-347.473308606271,108.08477598310105,139.96557972243843,22.89142117886243
682.2576539755638,-414.6885682208824,-321.7028063720921,123.71348059673909,139.0654188332432,20.32382675570738
692.9503687985465,-426.8819941869975,-295.84615822113545,138.22892614853856,137.71498096174733,17.595821881770746
701.8183539601692,-439.8256467371117,-269.88606592173124,151.68645075287827,135.9090247271028,14.698522353428404
708.841283804116,-453.47682234834076,-243.80263643428117,164.1336153569282,133.62435336440612,11.621350893099315
713.9070990507673,-467.71754868478405,-217.57770365462432,175.6069288751708,130.82010852823134,8.353655622719545
716.8090024272568,-482.3478845601499,-191.19892299366546,186.12905825338322,127.43915761327902,4.886760356551892
717.2465954413285,-497.08097067542906,-164.66373294904704,195.7067052857176,123.41083810834412,1.216375578269993
714.8333847619241,-511.54089069568647,-137.98321471321609,204.3294103183396,118.65528118724671,-2.6547739738479006
709.1129275932755,-525.2646940071994,-111.18575987396402,211.96958876042964,113.08943015616993,-6.714328150438713
699.5854305453383,-537.71005553064,-84.32030132718047,218.58409935372487,106.63469241874903,-10.93797088317805
685.7455894629015,-548.2698869772661,-57.45871509242849,224.11756806468162,99.22592434330781,-15.287750654380332
667.1308734549975,-556.2946872465818,-30.69691274625714,228.50754231814477,90.82117155389157,-19.711385647338595
643.3774586680729,-561.1225281689574,-4.154164758247013,231.69133463907298,81.4113146033925,-24.14284425809715
614.2788952334934,-562.1154276355364,22.029646564869658,233.614155977903,71.02855669482946,-28.504377246136006
579.8407585851294,-558.6996839758076,47.698855413095714,234.23787556653667,59.75259496653156,-32.710009385697944
540.3234673841654,-550.4068095933047,72.68855919742177,233.54952517787342,47.71338924331096,-36.67029703335665
496.2655693071508,-536.9112579509759,96.83214978818582,231.5685424344049,35.08970712816564,-40.29795599680503
448.48135107585006,-518.0613169178891,119.9688313897359,228.3517627318351,22.10307029339921,-43.51379968504869
398.029580477947,-493.9002955079546,141.95006246380905,223.99534442082535,9.007300368715441,-46.252336447937274
346.15415477722735,-464.67623916259765,162.64404233228254,218.63313984320664,-3.925526400034917,-48.466381622836565
294.2017268935811,-430.83955590989103,181.93777668370745,212.4314657457927,-16.421369763422586,-50.13015012613695
243.5251535140876,-393.0288396254985,199.73681267082338,205.58071214005088,-28.22106065850035,-51.24049427967678
195.3840390064238,-352.04570776015197,215.96329505738768,198.28467379593866,-39.095886118982484,-51.81620490119961
150.85417254650113,-308.81970784307333,230.55340791593596,190.74880878415073,-48.860323185483445,-51.895555783240624
110.75613198504996,-264.36453332106254,243.45541123268669,183.16875874531362,-57.38077085423152,-51.53249531094522
75.6100918066206,-219.72720441970034,254.6293073263284,175.72037583952886,-64.57974688049637,-50.79203585864015
45.61965503581587,-175.93267117187696,264.0487140234063,168.55220488674786,-70.43567915064008,-49.745440398970615
20.683262036223127,-133.92740692720872,271.70489388536447,161.78092115211427,-74.97899974288266,-48.465755534790844
0.42829591060771577,-94.52666300257113,277.6122509114475,155.4897105129882,-78.28563720134142,-47.0241089929476
-15.738988870524366,-58.37069534376873,281.81411799146645,149.72909833161634,-80.46913876516534,-45.487009012100785
-28.574949142843195,-25.89504336199984,284.387437109661,144.51937782524138,-81.67253655097957,-43.91469015417679
-38.93764629781019,2.6813496329573,285.4450259291639,139.85362392902857,-82.06075170242653,-42.36037971663966
-47.7278729030015,27.348608502252556,285.1344974892254,135.70033225361684,-81.81389948665512,-40.87023743180102
-55.834406206687646,48.28015811637298,283.6334605369153,132.00497977885502,-81.1214244001146,-39.48366275458906
-64.08421678024999,65.79253240565407,281.14124969976064,128.6902106642603,-80.17665845193636,-38.23367027822556
-73.19764071953898,80.2965629556565,277.8679908064047,125.6548254030162,-79.17123088728371,-37.14709516681204
-83.74871371748178,92.2466628005535,274.0221987126527,122.77220063322004,-78.28879536456174,-36.244489622282245
-96.13172646787012,102.09462997388474,269.7982786780705,119.88910146634181,-77.6977671999321,-35.539686983798596
-110.53614893300235,110.25304757930857,265.36525080814386,116.82600063396376,-77.54312440341617,-35.039120505199044
-126.93288138799777,117.07131006988072,260.85777396545774,113.37995487548453,-77.93773948903988,-34.74107050106188
-145.07490897180352,122.82501270509832,256.3701722540559,109.33081387517174,-78.95408138923165,-34.63506299472283
-164.51465642483552,127.717337314699,251.9537387145492,104.45109362944241,-80.61737326301586,-34.70164852690505
-184.63871254261892,131.8894822408858,247.617183236746,98.51930640324085,-82.90135231481513,-34.91275179831186
-204.7184102567104,135.43630081871765,243.3297717581978,91.33599017475157,-85.72762782478486,-35.23270833843533
-223.9724551159527,138.42316770550798,239.02652135463185,82.74120625858816,-88.96928948207753,-35.62000567334799
-241.6358766957207,140.90060501112356,234.61479711966524,72.63194146445746,-92.45893206314574,-36.029638986147944
-257.02843457199566,142.91421359360982,229.98179938407816,60.9776991565541,-96.0007120892943,-36.415891342141585
-269.6154672649602,144.50877560914077,225.00269959557735,47.83259886092662,-99.38552496004101,-36.73527095886435
-279.05503550378086,145.72682161497949,219.54951434331795,33.34250662564099,-102.40796855427723,-36.949293949851395
-285.2268840531523,146.60329712045032,213.5011081449636,17.74605167775435,-104.88350256190725,-37.02679676194053
-288.24089249377766,147.15904153118063,206.75488214200067,1.3688086107013397,-106.66415379284717,-36.94549903330685
-288.424916666262,147.3964437896326,199.24063935376375,-15.38959561071596,-107.65125641053925,-36.69261058348392
-286.29389023675185,147.3007185358503,190.93674951113888,-32.07517690560291,-107.80402383182606,-36.264377331814906
-282.5035209720112,146.84963992074262,181.88805485492594,-48.2052852665595,-107.14317657829199,-35.66457898713106
-277.7927851068639,146.03322020991305,172.22402492248287,-63.298945204377915,-105.7493378921005,-34.90211390857464
-272.91974430355515,144.8827665121486,162.17462903991913,-76.90997351993268,-103.7563966689393,-33.98792111736712
-268.5951380690859,143.50617148366888,152.08047030125326,-88.66053156098255,-101.34047403254829,-32.931584453378036
-265.4179440615479,142.12354688302236,142.39317974918305,-98.27241064694054,-98.70547868509496,-31.738029215981467
-263.8168387409062,141.09492297736503,133.66216647369745,-105.59317384118563,-96.06647636607768,-30.404749040098267
-264.00134980951657,140.93037031432928,126.50475619204022,-110.61435398086516,-93.6322250323667,-28.9199841175213
-265.9264804421722,142.27322777540238,121.55859849266592,-113.47928736601942,-91.58824636895034,-27.262207685062208
-269.27459531373654,145.84966357439774,119.41787598069718,-114.47886019969596,-90.08172979247004,-25.401165858995405
-273.4581819372958,152.3827226785044,120.55800337654219,-114.03443049999792,-89.20941334332484,-23.30056072790419
-277.6464776325176,162.47596053510298,125.25667532743847,-112.66838387800532,-89.00937121052075,-20.922278003447577
-280.8176408967091,176.4797341632448,133.52169918128487,-110.96406888151095,-89.45737070608108,-18.23185470752987
-281.83600598886443,194.36064113429657,145.03739906986283,-109.5180919073517,-90.46814934821897,-15.204681918411989
-279.5510315339909,215.59954064152592,159.14096645865382,-108.88898039842144,-91.9016114685507,-11.832270058285498
-272.9111123316359,239.14420100211663,174.83765878360558,-109.54690472660792,-93.57356308893841,-8.127799065851065
-261.0819830789616,263.43763108300107,190.85925739552422,-111.82937126297936,-95.27021175642676,-4.130159775514185
-243.55670050109973,286.5324152081305,205.764146431911,-115.90749331592161,-96.76528450672694,0.09421594656248078
-220.2428993886242,306.28617306419454,218.0706254640586,-121.76660122118255,-97.83830426007323,4.452236529782015
-191.51380779238764,320.6163388494826,226.40877990800865,-129.2036215836136,-98.29236278318942,8.827945348013557
-158.21268879055515,327.7775270972351,229.67166581309294,-137.84196038814477,-97.96968586640402,13.089070589870401
-121.60578964232397,326.61570738867,227.1448201372505,-147.1627496373014,-96.76343916118314,17.095801593888293
-83.28583120793749,316.75320810809524,218.59484605762742,-156.5494916410552,-94.62458066370449,20.71094095998629
-45.035414897644415,298.66826667948794,204.30305118718985,-165.3416042193182,-91.56310219988274,23.810365256027055
-8.666078083705656,273.65103717753493,185.03809876848615,-172.8913564269218,-87.64365413950907,26.292657871233153
24.14721372605021,243.6409264971125,161.97098349603914,-178.6183470439975,-82.97622157438786,28.08687228187271
52.01548725823167,210.9726679004877,136.54460372189084,-182.0560785242219,-77.70310930718918,29.15762936012869
73.951020637395,178.075388821711,110.31702686633794,-182.8862634859042,-71.98389859218571,29.507106715017464
89.43588921832773,147.17621856915503,84.80092157956905,-180.9581044955973,-65.98019267097463,29.173879884387475
98.43858967158587,120.05631904235213,61.32099082622145,-176.29166327215637,-59.84184968576706,28.2289562698531
101.3812275985156,97.89401863837801,40.90688743700415,-169.06629787407283,-53.6960418468689,26.769642512876807
99.0663396465482,81.21067535427093,24.232100282102657,-159.59672745510423,-47.63995537579231,24.912063749255505
92.5767962702413,69.91478996567173,11.601214183564366,-148.30037986256278,-41.737360751035965,22.783194417316967
83.16387229105166,63.42325433256164,2.980401700870189,-135.66018088491882,-36.018744847899605,20.513177068531213
72.13758749792117,60.82853928860752,-1.939664963792179,-122.18685595677022,-30.484293852918817,18.228530654645628
60.77043573822685,61.078164844142336,-3.662313312988452,-108.38423142982931,-25.108800097715804,16.04662691266845
50.22155818266204,63.137067727082844,-2.7988577684287748,-94.72010444325565,-19.847545591828883,14.071587324059266
41.4842274465758,66.11225252114565,0.009930407375918548,-81.60418633068987,-14.642358671588438,12.391560236745024
35.35596074144095,69.32963887593411,4.156466513635095,-69.37359210002828,-9.42728860313866,11.077201235152872
32.42812466523719,72.36283048842942,9.10886452859054,-58.28548584969535,-4.133625385158323,10.181107910983501
33.090645882201954,75.0209559079971,14.432960502082395,-48.51588145114721,1.3057576910856472,9.737947875649368
37.547239296292844,77.30705455210973,19.796512160737453,-40.16326401737103,6.952591535264485,9.76505201302584
45.83708296339756,79.3598318092923,24.9601088695156,-33.25561637234587,12.859716518693086,10.263304959874958
57.85973816458565,81.39065757538273,29.76003325078565,-27.75954875053045,19.067730514854034,11.218232848221549
73.40101899169971,83.62531770602465,34.088054645737415,-23.590466993789292,25.60172017243723,12.601248817875074
92.15825426561348,86.25707581674757,37.87220603576314,-20.623003059759473,32.468170505868144,14.371059142563398
113.76387552777761,89.4146795615045,41.06132104746116,-18.701212395407424,39.65229722532492,16.4752521481819
137.8065315528916,93.14641125260404,43.614765631225,-17.64827466283318,47.11614942410382,18.85208889118718
163.84905868260176,97.41927942488337,45.497595394027,-17.275596073181127,54.79785788265765,21.432493488630797
191.4427317266574,102.1309758531525,46.68042899054795,-17.391299347886523,62.61234369312096,24.142209462470266
220.13736745196647,107.13121923891093,47.142703973829825,-17.80811073937211,70.45365947202875,26.9040549964728
249.48709535141177,112.24850631878304,46.87767393629156,-18.350631109062103,78.19893512814448,29.640182666122833
279.0519447801936,117.31805351069279,45.89747882835788,-18.861932571387847,85.71367915029366,32.274234291894786
308.39578163131887,122.20682586139185,44.236817474076204,-19.20937644450665,92.85798780399848,34.733282718082044
337.0814991184152,126.83201641089441,41.95410632495063,-19.289520807185184,99.49307891873795,36.94947008933971
364.6646639361295,131.17015075194706,39.129454068292404,-19.031987330668404,105.48752333414534,38.8612841782699
390.6869968518712,135.25511494803777,35.859256778247286,-18.40218644763509,110.72260689605399,40.4144557218055
414.67110908081,139.16477387346245,32.24767502902519,-17.4028441718312,115.09640941774697,41.56250429246649
436.1178341831395,142.99736727987775,28.395663387570035,-16.07430989322956,118.52640473326367,42.26700127390807
454.5073211569566,146.84042929104552,24.388573792025234,-14.493626176062369,120.95062444583866,42.4976498830447
469.3048250097525,150.73644379043208,20.283650076061498,-12.772290831735154,122.32763928931294,42.232299032026106
479.97187326079626,154.6506645945002,16.09897232662519,-11.052540117462506,122.63575459939923,41.4570070607891
485.9832044915537,158.4472840544102,11.805577776678387,-9.50185996947885,121.87186464561589,40.16625187997297
486.8495443415842,161.88014793305382,7.324525843450399,-8.305347778952967,120.05036074291294,38.363346781990494
482.14585980744755,164.60316874972784,2.530500509297287,-7.655573686397638,117.20235859064371,36.06106914164833
471.54416554754835,166.20322210676355,-2.7369466255033004,-7.7397922952642695,113.37533654593902,33.28244763842075
454.84922138206343,166.25458209394665,-8.654281971880074,-8.724759791790643,108.63310132944613,30.061589867276183
432.0345874846934,164.38923039274647,-15.38800934427124,-10.73998264725239,103.05586022419025,26.444375578346005
403.2755982225075,160.37253495369453,-23.064278640395486,-13.860858062388743,96.74010550368908,22.488801816468083
368.9750620378527,154.1701371441323,-31.737923962434124,-18.093705547187472,89.79801593705292,18.264755236650196
329.7771334016729,145.99081183020294,-41.36572679805968,-23.36496137609355,82.35614234452228,13.853011916009446
286.56507620748107,136.2925764191695,-51.78887769934455,-29.516677684310242,74.55324723370659,9.343329512585758
240.4397173743513,125.74552800514093,-62.72879498036372,-36.309884466331795,66.53728564925828,4.831597386682267
192.67730033698092,115.1537204052477,-73.79866646703755,-43.436395427887874,58.46162173251551,0.4161363197136332
144.66801920545305,105.34776548847361,-84.53058998010621,-50.538433051167054,50.480657932807034,-3.8066273266023707
97.83937397091603,97.06720847542134,-94.41549469536855,-57.23424834553724,42.74510650653835,-7.7467703283003395
53.571118814600396,90.85490234260828,-102.9507146420344,-63.14696031044377,35.39715945926396,-11.325341855408782
13.110427019553896,86.98353744294809,-109.68867485899789,-67.93333070411907,28.565821107549322,-14.478247537114052
-22.503484860716583,85.42763515514108,-114.27994707394794,-71.30921438736723,22.36266402017649,-17.159144353420654
-52.496870780795575,85.88453508143276,-116.50495329800722,-73.0689611045594,16.878257353039935,-19.341046210317764
-76.394929704518,87.83780411913972,-116.29057979267878,-73.09696522346388,12.179494793164931,-21.01649097569542
-94.02830309053203,90.64860367691702,-113.71045310037066,-71.37067524936188,8.308012473966892,-22.196293533230676
-105.51332126170018,93.65657212713444,-108.9701025151282,-67.9554789419159,5.27983016137229,-22.90707755819479
-111.21014214242652,96.2721888493756,-102.38023438387567,-62.99279669128169,3.0862697523886,-23.187914340190467
-111.66550180408075,98.04666820301176,-94.3225786406153,-56.68333039278525,1.6961070978734814,-23.086480110507893
-107.54813881460652,98.71167138242961,-85.21314138473227,-49.26768454362718,1.058805585374878,-22.65516445869432
-99.58494568308018,98.18776137483994,-75.46729504061454,-41.00652342476998,1.1085763081435323,-21.947523465994834
-88.5046946033078,96.56606548404477,-65.47017150975617,-32.16212269287129,1.7689249565694851,-21.015383983492228
-74.99414120876705,94.0711392391071,-55.55456075207384,-22.982708682635312,2.9572929578585105,-19.906788409781836
-59.66889143325773,91.01430002431356,-45.98721480672599,-13.69044929249358,4.589388542380709,-18.66484303878879
-43.05907728343766,87.7460269143235,-36.96331776703018,-4.473447621426816,6.582835068597639,-17.327416496135633
-25.607985441366225,84.61404427901411,-28.608031413993245,4.5183480052638405,8.859835840765083,-15.927542232384639
-7.68052956819372,81.93115161875441,-20.983512632756636,13.173732864964592,11.348658725908251,-14.494318612533807
10.422090829559863,79.95436468203319,-14.09960747335823,21.417958235378673,13.98386907006087,-13.054073788934911
28.44511901564475,78.87492315063734,-7.926499963526217,29.208289277448923,16.705373650875295,-11.631567171818737
46.16337633488223,78.81739755130072,-2.407851930678559,36.52813464399938,19.45647008762878,-10.251028489922337
63.36699236084851,79.84549425891299,2.5266707171386322,43.38041169759422,22.181214927267305,-8.936881228279784
79.85100012092755,81.97208017130326,6.95020555126704,49.78071052968656,24.82152049852319,-7.714051731985435
95.40921653816417,85.17123161872298,10.929207468705822,55.75070770399385,27.314457333827036,-6.607821621281563
109.83215186265424,89.39055501777906,14.515774370524335,61.312179090049064,29.590267420534445,-5.643234071691598
122.9082448391639,94.5624674836637,17.741732025600975,66.48188595988555,31.571575535325447,-4.844110271106922
134.42751427973138,100.61346406464523,20.614387481129835,71.26756709510035,33.174213528515224,-4.231768650289302
144.1867300600449,107.4706059864382,23.113937245590574,75.66526003917983,34.30993956598261,-3.823565030281673
151.99539073998966,115.06458251649408,25.192683619729316,79.65818502021824,34.891139313118764,-3.631386160696289
157.6820887702807,123.32882694855726,26.776422750419968,83.21743423981043,34.837344909404266,-3.660232389244696
161.10117618003937,132.19443830698748,27.768549296738748,86.30468849856251,34.08311751262012,-3.9070181618788107
162.1399386016765,141.58120349863023,28.057481754951326,88.87710052638579,32.58654081111647,-4.359703105407959
160.72667039462135,151.3858976849107,27.527848154133615,90.89431147138225,30.337310198009504,-4.996843643973371
156.84005505363658,161.47020352273245,26.07540088983487,92.32728833032196,27.363228904873566,-5.787628026612911
150.52004950656817,171.6517863667329,23.62482521928738,93.16829404585167,23.73389353499769,-6.6924290709688234
141.8800372173867,181.70284494627734,20.148540371795722,93.44087027693863,19.560511948951213,-7.663881305995748
131.11938734457635,191.36024524024864,15.68346652549031,93.20830484280798,14.991166649839203,-8.64846403363826
118.53482427352665,200.34960668012087,10.341873352781377,92.57878315997401,10.2013995470708,-9.588549199146412
104.52831769275537,208.42223702840658,4.312237908464134,91.70541109438648,5.380687153626706,-10.424851364185194
89.6087342855621,215.39901832074554,-2.1531159298786804,90.77965339717649,0.7160939225116394,-11.09919388597288
74.38444612369298,221.21043234021522,-8.764775681086043,90.01750803116416,-3.624998211284172,-11.557477936275586
59.544631007839925,225.91874368665182,-15.235488338787434,89.63888871595745,-7.510821041250171,-11.752708061774754
45.82819841474564,229.70893774700312,-21.326442911507343,89.84205748806681,-10.857537479375416,-11.647891495072136
33.981061897653916,232.84064207408392,-26.8920538269022,90.77627192220176,-13.636060089369117,-11.218594362082184
24.704617026647725,235.56365318543268,-31.913163683376766,92.51676444846474,-15.872242459335503,-10.454916145988957
18.60038259319458,238.0124789143716,-36.50941320014892,95.04644965572837,-17.64032097558681,-9.362646145429501
16.11734473251599,240.10637162613364,-40.92500479037231,98.24816705456124,-19.05055657687045,-7.963402831867155
17.509156438120925,241.48607009157882,-45.48768045643159,101.90980880597007,-20.232954830709506,-6.293634323754968
22.80769163788122,241.51367134796652,-50.54713427857173,105.74257544992923,-21.319540958668487,-4.402472263164557
31.81750270947059,239.34758391436958,-56.404527099891034,109.41026238251715,-22.42781484290908,-2.348568530514566
44.13276755097638,234.08397132367014,-63.24761030176504,112.5654202853598,-23.647687562809033,-0.19618191761814074
59.174897089865325,224.935902734005,-71.10521975696838,114.88693408122526,-25.033485779048046,1.9891068267851342
76.24581340215188,211.40853792389555,-79.8306495599346,116.11333873188691,-26.60166412848791,4.144612948810688
94.58967246241639,193.4278168107494,-89.1168084334028,116.06708837605987,-28.333888983646766,6.214266464935609
113.45494458705288,171.39183186126937,-98.53895152874898,114.66679453703844,-30.184340282519194,8.151474332561277
132.14939069922357,146.13441490226492,-107.61510308707122,111.92671512512763,-32.08956020196699,9.920898071203307
150.08233692023083,118.81268549513726,-115.87143705855887,107.94498724544562,-33.9790187295161,11.499077489111082
166.79123842154715,90.74743411200055,-122.90031901788215,102.88378676294977,-35.78474536281473,12.873987690502698
181.95221387549734,63.25268930455147,-128.4019046797318,96.94546991549333,-37.44880654365588,14.043742126158156
195.3764718373871,37.48782652710949,-132.20491465410254,90.34873748513095,-38.92796742097931,15.014729463021164
206.99599033910872,14.35476825370921,-134.26702128853486,83.30810431432992,-40.195438468036244,15.79948990280679
216.84235701337377,-5.551219569222747,-134.65900124393693,76.01874488337091,-41.24007095841746,16.414603700386916
225.02246043420934,-21.941354688384607,-133.53878413108148,68.64745571991534,-42.063669417425075,16.878796968963016
231.69401169058133,-34.796388123908955,-131.1217288404233,61.32932069003226,-42.677217019085745,17.211387447356365
237.04296636564922,-44.30859106525612,-127.65231731012234,54.16887430615315,-43.09678162876511,17.431114353632115
241.2640530484486,-50.81711902398115,-123.38062183371618,47.24419469391539,-43.33972967375467,17.555334920113943
244.54493690905286,-54.74734596276287,-118.54500391881939,40.612376748098455,-43.42167504076277,17.599531704931707
247.0540960581645,-56.56022102490073,-113.36098058344511,34.31512298629129,-43.354379834889244,17.577058705847268
248.93223250402755,-56.71381308755183,-108.0152453817911,28.38360686351958,-43.144640264764604,17.499055545530695
250.28691426009624,-55.63659052015977,-102.66344407484219,22.842187709904742,-42.794056041093725,17.37447055486868
251.19008792944885,-53.71064398197295,-97.43033736933619,17.71090256459697,-42.29950277619176,17.210148881507127
251.67807020225302,-51.26266603112236,-92.41125205835438,13.006886998642521,-41.654099855728624,17.010956103856245
251.75360526294298,-48.5606369892955,-87.67406632636133,8.744982078168494,-40.848479905057765,16.77991889921816
251.3895643360745,-45.814498738872324,-83.26128903331168,4.937791267620927,-39.87220600925231,16.518371806749347
250.53387214778553,-43.17943538741634,-79.19202944333541,1.5953944996066127,-38.71523502739596,16.22610405308875
249.1152797117506,-40.76065576682616,-75.46381124074313,-1.2751575042391545,-37.36937736228547,15.901504256517306
247.0496633265414,-38.61879791390417,-72.05428607586362,-3.6705281854033966,-35.82974582058632,15.541704882985385
244.24660803506873,-36.77528919485428,-68.92297751032018,-5.591980105246471,-34.09621185615916,15.142733280919401
240.61611671953156,-35.217234283192944,-66.01326024667857,-7.046509305617716,-32.174891996175006,14.699681917044689
236.07535839148144,-33.90168706119883,-63.25486253570841,-8.048270031783844,-30.079668040307077,14.206916337585422
230.55541755829884,-32.759492150340726,-60.56726505211227,-8.620284855516115,-27.83370106340045,13.658344151264968
224.00802111045232,-31.699236776681076,-57.8644321046279,-8.796354128458578,-25.470833111372105,13.047770466935232
216.41219518739362,-30.612188816985338,-55.06130738446583,-8.622967242299618,-23.036686931031102,12.369363198987836
207.78074225730487,-29.379334807228815,-52.08237840055771,-8.16088516089905,-20.589183021577796,11.618244208760416
198.16633343829375,-27.88165713248816,-48.872297685582865,-7.4859243826415245,-18.19811060261878,10.79120864129618
187.6668929717728,-26.014454499059863,-45.40799409317959,-6.688351399530426,-15.943337037188781,9.887555120767242
176.42982574561796,-23.705661811024957,-41.71090560131361,-5.8702292430876675,-13.911246363233097,8.909984836034688
164.65452497034204,-20.93667047417557,-37.856987652389876,-5.140088876442217,-12.189091091095298,7.8655003799575764
152.59252044569433,-17.762148443147424,-33.98118678564798,-4.604476694344875,-10.85714674377465,6.766209155755927
140.54461646856106,-14.323138051840916,-30.272441175452528,-4.356295679061322,-9.978886268782999,5.629915890558522
128.85445013949473,-10.845941622457136,-26.955408592019577,-4.460426561606898,-9.589827670561569,4.480379408275078
117.89809710666033,-7.618982009360284,-24.256473349318682,-4.937855418895037,-9.686206017271921,3.347115007911664
108.0696698403799,-4.942049389304032,-22.354438340011576,-5.750351120731626,-10.215096435638653,2.264648792858825
99.76327803380804,-3.047901131817177,-21.320587467409894,-6.788466634978818,-11.067952439607886,1.2711747868587935
93.35220818028748,-2.004955153945019,-21.05786338737444,-7.866064604052308,-12.079594655546217,0.4066270064428448
89.16665853384816,-1.6202689930119263,-21.25346776290675,-8.724457754593605,-13.034375057085029,-0.2897493803810187
87.47174675994592,-1.3710050739391022,-21.361513834062585,-9.048426663222706,-13.680490349225607,-0.782170361275436
88.44770089378937,-0.3959818184297035,-20.630696794485715,-8.49477573385834,-13.752252851422492,-1.0412077291966915
92.17408459125423,2.4271564084402257,-18.18523242415707,-6.731849625866708,-12.998686585140664,-1.046541731545326
98.6195780838388,8.31080944116151,-13.155875278053259,-3.4859122654523844,-11.21534608625305,-0.7892931173128321
107.63828137616306,18.310074564477702,-4.843789516954303,1.411973240683011,-8.275072694020245,-0.2736750827269585
118.97282801965471,33.045246470076734,7.1128659986784015,7.986320678315799,-4.1528287426949895,0.48224261961773607
132.2639310813887,52.46108674504951,22.60716718127952,16.092611866603328,1.0599754700757558,1.4467864243764925
147.06545635105803,75.693717181703,41.00228904642052,25.413809073265156,7.155044013414367,2.5759814843919027
162.8638132196219,101.09787395112771,61.1647903021704,35.48091551974721,13.822026782775435,3.8158351394800016
179.1003796346148,126.44945493801144,81.5957889129685,45.71635208516264,20.6775339874284,5.105436747689608
195.19576937042416,149.2910396373717,100.64001225039823,55.49464692994226,27.30479757452575,6.380629881893594
210.57489768827926,167.3464246420523,116.73276407184846,64.21152581770943,33.29852396431667,7.577957542932873
224.69189671707773,178.90852811874888,128.63454404196537,71.35076362512152,38.30851469267635,8.63855472030152
237.05391316787453,183.11113272685625,135.60566786213658,76.53854058231826,42.07583368010736,9.511667560517047
247.2427001413945,180.026959890051,137.4880281564189,79.57745192819631,44.45662849217943,10.157514175868542
254.93277184306774,170.58157652573001,134.6836043217245,80.4561669320669,45.430874614239485,10.549265685768441
259.9048393011095,156.31909755360033,128.042833474695,79.33511926646179,45.09584041473457,10.674011590498324
262.05338698752917,139.08746255006776,118.69403418520673,76.51256290939529,43.646447458531775,10.532672433919846
261.38762835021157,120.72052285428919,107.85352184789586,72.3780606985226,41.346481023694885,10.138924064084446
258.02565998893795,102.78187210976157,96.65398485640837,67.36156850172159,38.49551437912372,9.51728972031977
252.18231942722468,86.40867682360162,86.01834023402839,61.885744705459246,35.396387217259736,8.700627428264664
244.15190500299553,72.26312216845889,76.59179937205818,56.327321195874156,32.32726275157709,7.7272822115492135
234.2874099902607,60.57380058944328,68.73068608636777,50.99089749562391,29.520956657828524,6.638181199836335
222.97817075777365,51.23488214814595,62.536021305369474,46.095976167207,27.152715170212417,5.474125754879086
210.62780550786977,43.92805942193283,57.914594745342356,41.775939831934494,25.336222140652453,4.273484075457251
197.63405993514402,38.23834126239137,54.64999215636897,38.08626932575811,24.126552042039275,3.070419820126749
184.37175451227688,33.74542406025438,52.46943093378219,35.01869109259866,23.528161633396923,1.8937182057604547
171.17953724850992,30.08343948327844,51.09740392748265,32.51801585091954,23.505824420919442,0.7662014506970536
158.3506712791808,26.970551627830666,50.29234786448777,30.498981754122312,23.996577371795635,-0.29533123477774037
146.1276917307859,24.21499953593979,49.86670484802364,28.861206833442118,24.921145478205595,-1.2797425190760912
134.7004854320093,21.70594487730181,49.69334821374337,27.501180121364516,26.193808054690983,-2.1808970861127523
124.20718776640734,19.39683830663042,49.70244241799396,26.32093313280011,27.730163068002458,-2.9968263993128925
114.73724075198962,17.287101337017514,49.87276004935045,25.233557533023735,29.452658772996138,-3.728828167678061
106.3359910646896,15.405685770599774,50.22075046863468,24.16605446591822,31.294058672230793,-4.380587992394836
99.01029775105985,13.798125739814152,50.789660159295615,23.06014026180111,33.19918059241533,-4.957383815272857
92.7347393777112,12.517305317692111,51.64003922709567,21.871636727198172,35.12531905819155,-5.465407066772388
87.45813582329313,11.617349133484097,52.842192112969,20.568991050884502,37.041748815009065,-5.91121110230831
83.11021229875615,11.149692322377179,54.47059456069117,19.13134397772728,38.928645650786436,-6.301279626503955
79.60831901889838,11.160343406740266,56.599983434138395,17.54642857736539,40.77567499889914,-6.641696133442025
76.86417065950803,11.687474708732625,59.302676938259985,15.808458470708409,42.580409848253424,-6.937889733827699
74.7905815737056,12.758651136328023,62.64663862307407,13.916068115945055,44.346661571470285,-7.1944321663356074
73.30814696202458,14.387172931803036,66.69380687720678,11.870307227316355,46.082749127993914,-7.414863926085504
72.3517631527225,16.567134137549296,71.49823764976668,9.672671369198596,47.79969808453136,-7.601532745931365
71.87680289773374,19.26689636193899,77.10363793579265,7.323172959477088,49.50935227590795,-7.755433687848542
71.86467843773178,22.420793909807855,83.53990834339128,4.81851920270967,51.2223966353459,-7.876045737224845
72.32745097559894,25.919102568770505,90.81839098822672,2.1505578151603277,52.94632661840801,-7.961164501906811
73.31109214756461,29.59672241953276,98.92567323457395,-0.6947386768644392,54.68345232222923,-8.0067345746921
74.89697680914263,33.22173493369632,107.81606922758436,-3.7373804313838335,56.42908574798945,-8.006689218970045
77.20118476285172,36.48601608103551,117.40331402154456,-7.002138336213974,58.17011653855821,-7.952810684726506
80.37120383252599,39.001294686605625,127.55254382383316,-10.51560820189436,59.88422102243038,-7.83463307311842
84.57965045494747,40.30510386802816,138.07422221162037,-14.301338961697176,61.539955964114554,-7.63942193579176
90.01466002380342,39.88143220340777,148.72215345894162,-18.37310975442033,63.09794727379031,-7.352279856386679
96.86667181001823,37.19987740446308,159.19788548706808,-22.72687915380176,64.51328463332466,-6.9564420482312865
105.31149165049396,31.77420498970953,169.1634162911858,-27.332441500907407,65.73907386327106,-6.43383514228996
115.48982570217832,23.236356994186465,178.26301558393692,-32.1263047086519,66.73089120163336,-5.765968925543166
127.4839987928265,11.415877687748953,186.15316167851992,-37.007609877143025,67.45165455554512,-4.9352081279709985
141.293314916834,-3.590927481298742,192.53732701172243,-41.83889809307685,67.87621866856202,-3.9264254522390356
156.8104155763804,-21.380729120655772,197.2001494337115,-46.453083540092095,67.99486700535306,-2.728969173079186
173.80186924912636,-41.248506245686144,200.03411204544147,-50.66708901328573,67.8148667046413,-1.3387970667607139
191.89681607901275,-62.247323409760284,201.05192281395,-54.30133569674675,67.35941479758887,0.23945168506085768
210.58749668719605,-83.29861254054879,200.37975810446179,-57.20287811031392,66.66364640082287,1.9907340584002684
229.24467602855583,-103.3345367225024,198.23030604848594,-59.268758381792864,65.7678706973304,3.888536314347625
247.14926345426898,-121.4426032579315,194.859371410626,-60.465466066584696,64.70877523649341,5.894733483244445
263.5390020194678,-136.97896548590234,190.5144125015609,-60.8405011522744,63.50988265926779,7.960554095885511
277.66637582925955,-149.62325906778108,185.38632581051814,-60.52305076276309,62.17292772449068,10.02869135485513
288.86145506084347,-159.36324785275977,179.5759441987654,-59.7125804995433,60.67192976506199,12.036441518937695
296.59187264717275,-166.41732168935815,173.08370884823518,-58.65636443474932,58.951494693277965,13.919597535012496
300.5119514282859,-171.12032454364845,165.8254458260294,-57.61914236706839,56.930291372565264,15.616711188744222
300.4943167061351,-173.80724845099098,157.67061987088115,-56.849688797484504,54.50979243882989,17.073282707786603
296.63991333744633,-174.72704618814515,148.49374394404097,-56.54971749801792,51.587404975296295,18.245451825573344
289.2656633240233,-174.00649372305782,138.22645051107773,-56.850074228680185,48.07223840158417,19.10284253249495
278.8723469895167,-171.66657844149705,126.89794087352878,-57.79771034307289,43.9011574028892,19.630336040201414
266.0979887636128,-167.67767437591453,114.65491928891817,-59.35484212205387,39.05258597148896,19.828686722468817
251.66359270586446,-162.0300503924804,101.75754021532529,-61.40947733275325,33.555815071307606,19.714027769826114
236.3183165613745,-154.7953263683023,88.5536948437739,-63.79461919332153,27.494268739167236,19.316416866675823
220.79021854066218,-146.16122915745598,75.43854943441647,-66.31229627061383,21.002159220990173,18.67763688579299
205.746916948141,-136.43286239775296,62.80858673172886,-68.75826700900754,14.255013999003918,17.848492000828205
191.7683430467819,-126.00445803066071,51.019242795716885,-70.94374613488243,7.455482386188599,16.88583316052562
179.33170259446186,-115.31293665028404,40.353052356335965,-72.71156707932691,0.8164624306855721,15.849519985645777
168.8071392790389,-104.78714493030198,31.001942426400344,-73.94551769745158,-5.4561614664734694,14.799490390731416
160.46159880110685,-94.80481153158567,23.06396061088156,-74.57286135370967,-11.179020175661215,13.79307337011178
154.46804686459996,-85.6647348974009,16.55208836243123,-74.5610537644921,-16.20331162011677,12.88264910028964
150.9173915495056,-77.57648142251547,11.411285535229748,-73.91027032346075,-20.422374890016282,12.113734597187259
149.83102080088364,-70.6655251517725,7.5395652395832755,-72.64356076580816,-23.77448178669862,11.523550796977501
151.17259034323024,-64.9891360692462,4.809445871022653,-70.79632185091573,-26.241199281583278,11.140105284104864
154.8584106153105,-60.55750763176047,3.087176778201716,-68.40644132682637,-27.842178560605394,10.981801600616677
160.7663557497968,-57.35517948924283,2.2483004146399512,-65.5060405454116,-28.62752531974402,11.057560105258482
168.74358198018703,-55.35912977582663,2.189112224611364,-62.115329889975264,-28.66899811824449,11.367407259374014
178.61347827645062,-54.55140276395167,2.8342591353832773,-58.238756353040024,-28.05119685242166,11.903461858773662
190.18220104928446,-54.925409559959604,4.141049385201832,-53.86339461531075,-26.86369163955211,12.651220716430862
203.24491836247964,-56.48591944443553,6.101086140267376,-48.95940951525133,-25.194759599270032,13.591025389447445
217.59157463452584,-59.24325642052368,8.739682706006292,-43.48237609596852,-23.127094467445215,14.69957817365992
233.01165871885294,-63.2024512506934,12.113273410191095,-37.37725082345031,-20.73557158024836,15.951371614966675
249.29719108292866,-68.34823919814329,16.30479283762046,-30.583810241776185,-18.086914614267705,17.31990240329235
266.2430087357394,-74.62699224322164,21.416825533348025,-23.043382250081795,-15.240933683303439,18.778558289363552
283.6434777593473,-81.92703691478192,27.56227347181475,-14.706669715951044,-12.252889945450004,20.30109556190741
301.2850429174282,-90.05936632285938,34.852373711286646,-5.542395728915408,-9.176486092730428,21.861663946099313
318.93454490869914,-98.74145022347952,43.38212992341196,4.4536154935325545,-6.066977859118408,23.434383977673765
336.3239741403934,-107.5875297872792,53.21358766434791,15.249457724642157,-2.9839407143229804,24.992536257596917
353.1332146202933,-116.10922111377712,64.35785382065605,26.768961470832103,0.006700036121404018,26.507478321290616
368.97324101869935,-123.73015863849965,76.75728292915514,38.885161609525156,2.831666463402405,27.947457363617804
383.37299857926655,-129.81750757550893,90.26975048177114,51.416364082994704,5.410523418804091,29.276528495543314
395.7736243014765,-133.73127424695343,104.6573077068723,64.12577679931935,7.6571134656604105,30.45381052347046
405.53356935528086,-134.88944375472954,119.58165252437688,76.72556422591005,9.482143756390295,31.433306791526526
411.94741879431655,-132.84335286537276,134.6086498819053,88.88593286364537,10.79672030801179,32.16448181933363
414.27973751660903,-127.3539612120357,149.22351178362604,100.2494461866156,11.516531511983924,32.59371360776507
411.81320401547265,-118.45669731674167,162.8571799307987,110.45021696513938,11.56632226002925,32.66664036380622
403.9078854267365,-106.5013397645762,174.9230028621987,119.13697630081238,10.884279126238479,32.33129910262327
390.0661539861116,-92.1548305272157,184.86112666672145,125.99834826529869,9.425966872108607,31.541828066476057
369.9959140655675,-76.35943694481956,192.18638348536086,130.7880703287118,7.167512529466219,30.26239500567805
343.6639431456267,-60.24596936596407,196.5341917381412,133.34751116644802,4.107815523889119,28.470939501843844
311.3315554576272,-45.01063516009101,197.6984091499106,133.62276103904077,0.2696573440071788,26.1622964543856
273.56654773023416,-31.772631496324486,195.6554610300867,131.6738847131121,-4.300321783894486,23.350308651808966
231.22827661973088,-21.43549340290791,190.570497577268,127.67465170348478,-9.532730218198765,20.068637433415592
185.42628136426063,-14.576593424482176,182.7836883419286,121.9021330588039,-15.337504431451569,16.370128823734255
137.45646846230318,-11.38511409375377,172.77767865685502,114.7168349985264,-21.606805432679412,12.32476559492165
88.72185580779374,-11.659820248011208,161.13017216558023,106.53531982009594,-28.218548376453825,8.016405464330017
40.64669676908747,-14.866043820403995,148.45796402989677,97.79831032641808,-35.04036242006836,3.5386442792661232
-5.40681429293042,-20.23941462778042,135.3600195368989,88.93787916330288,-41.933763497566616,-1.0097712376187626
-48.21109127859387,-26.915055297525754,122.3670931674249,80.34736209385515,-48.75831325687113,-5.5295352844389125
-86.7289454546601,-34.057355630160735,109.90395042301462,72.35709401314071,-55.37553835280434,-9.924975704186762
-120.14936168893732,-40.96765864043962,98.26783631063178,65.21806246462481,-61.65240447334804,-14.10753779418915
-147.90282945274157,-47.154173996929714,87.62399154346923,59.09431817128673,-67.46418717304708,-17.998374532344503
-169.6581936802079,-52.35792414633957,78.01636718383641,54.06373320854239,-72.69665949814616,-21.52999186798337
-185.3046523611718,-56.537877204036775,69.38973729548128,50.125691703279344,-77.24761771230499,-24.647017624133692
-194.92334647858783,-59.825444803623306,61.6184337970066,47.21369358139897,-81.02787384082546,-27.306252976014196
-198.753041302202,-62.46206510701329,54.53693602846212,45.21069630079846,-83.96193227067577,-29.476217835332033
-197.15388791404524,-64.73364119947934,47.968324288508,43.96525087629982,-85.98861107947647,-31.136414775434588
-190.57242916179706,-66.91302452198255,41.74781584431968,43.30696803361266,-87.06184791775118,-32.27651550211316
-179.51010247135522,-69.21777243761233,35.73990327962248,43.06041185168925,-87.1518402792535,-32.89562831772511
-164.49665449004044,-71.78624613079157,29.848752935765138,43.05701750925736,-86.24652421398258,-33.001745113862135
-146.069199674658,-74.67156844124416,24.022364229007042,43.144978085232836,-84.35322422179824,-32.6114024237617
-124.75713621013381,-77.85042101922944,18.251521281495698,43.19722006204405,-81.50015085163552,-31.74953173723674
-101.07274260478616,-81.24217745106266,12.564840752316279,43.11761988270198,-77.73732236462868,-30.44942634376247
-75.50696661482775,-84.73330642775507,7.0213102750478065,42.84556555178763,-73.13647313882205,-28.752719952458907
-48.52964464671447,-88.2021398921847,1.7016818747266562,42.35890073978423,-67.78959582851569,-26.709258626381395
-20.593139107591185,-91.53979920046541,-3.3000347506821015,41.67524869948257,-61.805935649276705,-24.37675246560635
7.861834660935756,-94.66414815759339,-7.8839380256307905,40.85171710689281,-55.30748216640014,-21.820115245470944
36.39956955647676,-97.52495196278541,-11.949712044391461,39.983025828597135,-48.42324207733845,-19.11043519837526
64.58333941607256,-100.09982727392799,-15.399851861079775,39.19815592126996,-41.28277824604087,-16.323563008762587
91.9713221817293,-102.38193828036258,-18.140727952884017,38.655665007396195,-34.00962593978592,-13.538347467704977
118.11559441660043,-104.36161119903684,-20.082070485753405,38.53783287442653,-26.715223281339494,-10.83458844063271
142.564992072672,-106.00501771819533,-21.135919954247704,39.04378447227889,-19.493916464547596,-8.290804925474834
164.87224970557497,-107.23376051234678,-21.216463314103688,40.38169064542434,-12.419438883016543,-5.981928879965479
184.6054551595039,-107.90954604062873,-20.24237728645746,42.76008563224069,-5.543050653422135,-3.977031639057783
201.36354741081016,-107.82811736067111,-18.143257486621795,46.37828730344821,1.1066966116104773,-2.337170640044051
214.7953735556502,-106.72618782998666,-14.871358264134063,51.41588698945129,7.52279329739001,-1.113414342727653
224.62169626911435,-104.30417834971605,-10.419162230883725,58.02131503401794,13.717548394578882,-0.34506962803672003
230.6594476199146,-100.26600804823237,-4.842240799355782,66.29960464560217,19.71968945363875,-0.058106925617241956
232.84736454634304,-94.37493345533792,1.7144788810920462,76.29967829479094,25.571115104846577,-0.2637621955188667
231.27181221897263,-86.52148037269362,8.990413373102873,88.00176029414152,31.32351010682322,-0.9572983984536023
226.19103223911145,-76.79605702887352,16.587753950742155,101.3058489908863,37.03487894785387,-2.116935740483119
218.05524814856926,-65.5553346212163,23.960371825685403,116.02251332284514,42.76590816760591,-3.703008662592822
207.51913872631343,-53.4686862008712,30.41914298642971,131.86754309146338,48.575973420446154,-5.657471631543575
195.4423918488252,-41.52986989521151,35.158737914650146,148.46210015255,54.518600034064036,-7.903943017840581
182.8737179114187,-31.02074378349422,37.30872067698727,165.3399102106628,60.63628334855123,-10.348529851160837
171.01419923938866,-23.418840940612256,36.00833696098602,181.96264256520726,66.95477163382591,-12.881696892825238
161.15746841602208,-20.24919207320811,30.49999078772993,197.74392688870978,73.4771779206942,-15.381413524447828
154.6070305414625,-22.891970305084403,20.231793823107456,212.08148543191717,80.1785626425849,-17.71771964542497
152.57485632186547,-32.369390468317384,4.95565455436148,224.3957122687065,87.00184761423132,-19.75869589009149
156.06961741430422,-49.145033580255244,-15.194823119443765,234.17186313920175,93.85601482493186,-21.377616796085423
165.78676969879373,-72.97337062125227,-39.66198234406258,241.002024425362,100.6174589733564,-22.460835723303205
182.01514492618907,-102.83436239943705,-67.46925468060165,244.62240916127658,107.13508108208222,-22.91573714737298
204.57492946371582,-136.97679361030166,-97.279543824371,244.94144964411538,113.23925431280696,-22.677940867706454
232.79940396486066,-173.07577543830905,-127.50443977432053,242.05471462579084,118.7542270067365,-21.71689523102415
265.5676722072244,-208.48807766587737,-156.45320795770775,236.24386578313448,123.51294879982487,-20.039079887472575
301.38853810696844,-240.5685213841513,-182.50309607495248,227.95856159645567,127.37282284343526,-17.688257077671743
338.5279405893234,-266.9966396464209,-204.26794535943,217.78219573841272,130.230598658747,-14.742541065216503
375.16542861298217,-286.0589656826726,-220.7414558646371,206.38433687540328,132.0345898725827,-11.308450160202586
409.560453990354,-296.83994378691983,-231.39499389333415,194.46442038533243,132.79264393915884,-7.5125004448507395
440.2077289731252,-299.29195854083514,-236.2169027405094,182.6923754013029,132.57476967131848,-3.491227085707097
465.9628073432348,-294.17822196297095,-235.6894970226553,171.65228671696798,131.50996275298903,0.6192786331557096
486.1239370844624,-282.9057908355391,-230.70948644593,161.79483963521267,129.7774549875448,4.693184210901777
500.463042743747,-267.28454458453797,-222.46570014541072,153.40324436300722,127.5932442307585,8.623068126480408
509.20606034722147,-249.25784554399317,-212.2932865762591,146.5757516875953,125.19325280108241,12.325648996313053
512.9694271520174,-230.65052869299853,-201.52533357432054,141.22598415494593,122.81476022405089,15.744674615853818
512.6642997234594,-212.97099279050576,-191.36112492035568,137.10037028863337,120.67784695058135,18.85092715401251
509.38250741140314,-197.28951622188308,-182.76571203008652,133.81022096061514,118.96848802654316,21.63964634779494
504.278341364637,-184.19837797652067,-176.40924846346917,130.87461832243022,117.82469097568266,24.12594389034199
498.4584615020277,-173.84459339458724,-172.64787557025747,127.76942591243827,117.32673129340404,26.33895073855087
492.8891641652767,-166.01570874618838,-171.54201064355428,123.97742940273226,117.49215074526262,28.31549597300408
488.326744430655,-160.2543314044926,-172.9035177524424,119.03486706479708,118.27578718556467,30.094069883011404
485.2733603101761,-155.97768112533237,-176.36087201687792,112.57033248245902,119.57472636071714,31.709696557429798
483.9581046061412,-152.58314882838425,-181.43108354085066,104.33310690526339,121.23772150681218,33.19016059063592
484.3411126136918,-149.52781518840402,-187.5885077645773,94.2092525827809,123.07832382854086,34.5538278710079
486.13745730799104,-146.37726044323463,-194.32319019000948,82.22510968708428,124.89071234876474,35.809098049345565
488.8571275520308,-142.82530822770255,-201.18444209878783,68.53903829936712,126.46701317857028,36.95534686108623
491.85729322119164,-138.6906926000057,-207.80832455197458,53.423215198697704,127.61476782179835,37.9850742086474
494.4030832806791,-133.89873430022905,-213.93016915721503,37.23796000722717,128.1731628666727,38.886876837462644
495.7330579093988,-128.45617806326558,-219.38491252673822,20.401404382865845,128.02668507111946,39.64881538149582
495.12537176671736,-122.42591378639987,-224.0987917223412,3.3573551772556556,127.1150283771649,40.2617432418072
491.9603489354696,-115.90603854709279,-228.0759346483708,-13.456005514321136,125.43835600974707,40.72220480733207
485.7749663821467,-109.01523353435518,-231.38279251623345,-29.63432188097285,123.05740157108075,41.03458609553861
476.30477234455105,-101.88421113584408,-234.13246326388466,-44.83039128289464,120.08835205771108,41.212303105928655
463.5092444340921,-94.65133741423054,-236.46999952165737,-58.7713746687112,116.69295112704215,41.27793142552979
447.57764682865985,-87.45959229785504,-238.55898424807032,-71.26919636445815,113.064738068766,41.262302953349135
428.9140837787726,-80.45180353805033,-240.56911637287763,-82.22397962036871,109.41273596154218,41.20270942705464
408.1025275617425,-73.76150670939141,-242.66432109779012,-91.62088375348944,105.9441637254833,41.140445552994436
385.85484437068624,-67.4977222218227,-244.9909584840549,-99.52118958053958,102.84782726508594,41.117986531519065
362.9468816656033,-61.723258617402564,-247.66597458850316,-106.04889451775165,100.27972422688049,41.176118423524265
340.1491329865267,-56.427691312533696,-250.76522244119823,-111.37438939483678,98.3520848865533,41.351322412056966
318.1590592425287,-51.4977509474,-254.31257404693355,-115.6969542435367,97.12660990909042,41.67365816296038
297.5416808745783,-46.68928412810449,-258.27076170389836,-119.22779643840552,96.61212281327701,42.16530513074565
278.6836380584748,-41.60599420972638,-262.5350628841403,-122.17514809390673,96.76631585257876,42.839816316880125
261.76383226248765,-35.69059082847848,-266.9309399687678,-124.73255621871081,97.50081893176647,43.702032187743846
246.74145027597575,-28.23355433823929,-271.21655269982455,-127.07098603640358,98.68853328031557,44.748509543302454
233.3601176608784,-18.403307999210362,-275.0906899033354,-129.33478849266737,100.172086757823,45.968255837765255
221.1655426383414,-5.299175985398513,-278.20615276341675,-131.64104455915194,101.77238948994466,47.34353462143511
209.53351666511355,11.97472741858764,-280.1880203920285,-134.08137645470626,103.29656089222986,48.85052747201886
197.70550468505877,34.22017659365427,-280.65561378927777,-136.7250755602792,104.54489261484288,50.459700211241085
184.8300060107791,62.049033163289565,-279.24643379616526,-139.62237322097667,105.31691714769045,52.13581745488728
170.00893926454404,95.79246706021145,-275.63997257877793,-142.80687004126827,105.41697709234643,53.83766435887949
152.34899904787054,135.42768679826105,-269.5791646139787,-146.29650005277284,104.65986018735744,55.51764789479492
131.0178533135831,180.53364190605993,-260.8873998449449,-150.09286626579294,102.87703741266245,57.121540195681135
105.30404704008002,230.28406719893457,-249.47946986555718,-154.17925422941593,99.92381622873442,58.58867291160304
74.6777151663251,283.4814675086451,-235.36550386043464,-158.51801976514295,95.68734375374001,59.85287876203765
38.84715324626417,338.62999177081156,-218.64776997845058,-163.04828092529823,90.09494904645484,60.84439815520083
-2.195392641220657,394.03965478422606,-199.51103314815012,-167.6848770835701,83.1219053821898,61.4928302180323
-48.146005108041045,447.9500610729415,-178.20783311035586,-172.31938332822685,74.79742807293192,61.731027021303106
-98.38587159029775,498.65943189131553,-155.04046872088875,-176.82362017088212,65.20768211413,61.49963666808877
-152.0065045272197,544.644656565618,-130.34159594107274,-181.05564573746938,54.494792615854884,60.75183158832413
-207.86357969646335,584.660119527685,-104.45518528287576,-184.86774981393316,42.85130856366219,59.457649153550015
-264.65521363171325,617.8066354530833,-77.71921713666255,-188.1155787144723,30.51019040849058,57.60735074791112
-321.0164928084016,643.5661864497919,-50.45103126872965,-190.6672825436939,17.73105749881331,55.21328536049234
-375.6192992488569,661.8025213389673,-22.935800239908225,-192.41153522515359,4.784011400191272,52.309917314135404
-427.2655740778798,672.7314260740354,4.581755057186825,-193.26343514034355,-8.067269239434449,48.951917750364686
-474.96331220678104,676.8672159436974,31.902514793369903,-193.1676132449328,-20.58135967569431,45.210483925066995
-517.9775038969393,674.9535730888236,58.87519617519497,-192.09828942487198,-32.5522229506788,41.16829133721073
-555.8522684811591,667.8872749602344,85.39594738965329,-190.05644648578394,-43.818444858695116,36.91365812367165
-588.4047078875043,656.6427689062773,111.405607251791,-187.06465878427107,-54.267940456431845,32.534580249450855
-615.6947212723429,642.204160080953,136.88499599091733,-183.16036288612455,-63.83811401601908,28.113271194290938
-637.9775661793552,625.5092606840713,161.8486878501932,-178.3884631763131,-72.51199775285075,23.721723304988185
-655.6470515264801,607.408196670382,186.3378078442276,-172.79412875250367,-80.3112898170409,19.41862846663552
-669.1769618903525,588.6369868510574,210.41245701012468,-166.41648714770622,-87.28741825062416,15.24779064728717
-679.0669573104276,569.8047675959598,234.14436861229342,-159.2836990821936,-93.51177545926818,11.237969346043258
-685.7972212797746,551.3921253207452,257.610314292249,-151.40965479256673,-99.06613119562522,7.403940291654273
-689.794006649561,533.7574007743252,280.8866198721864,-142.7923095317551,-104.03399490670306,3.748464626932093
-691.406335219102,517.1478103225134,304.0449427691621,-133.41350454026798,-108.49341941926902,0.2648234372447211
-690.8926860437535,501.7126622887757,327.1492466915695,-123.24001608234114,-112.51146895997405,-3.0604074106671755
-688.41566076435,487.5166511357494,350.25372510024164,-112.22554040655163,-116.14035222437028,-6.244612075464217
-684.0423238030264,474.55200486413094,373.4013036430384,-100.31334656288512,-119.41506503378486,-9.306615160153164
-677.7480852178037,462.7489925878872,396.6223083251421,-87.43939438677269,-122.35230068266173,-12.264507342717845
-669.4224912349994,451.98487726982967,419.93291881162764,-73.53580110418199,-124.95036133476721,-15.133869408716397
-658.8759730008729,442.0917882977061,443.33312022205644,-58.5346268954579,-127.18982596512166,-17.92639848431999
-645.8473512761109,432.86419938125727,466.8040002871717,-42.37202030231483,-129.0347822187439,-20.648909953354107
-630.0125955917614,424.0667621742824,490.3043890177797,-24.992805746975023,-130.43449489716895,-23.302675513429605
-610.9958998997867,415.44320186904577,513.7669857179596,-6.355599514145997,-131.32544902268413,-25.883057943126424
-588.3844853704583,406.72685470361785,537.0942493184201,13.561496188855442,-131.633760360988,-28.379411350618433
-561.7486087037897,397.65323066142474,560.1544338975673,34.75464811413679,-131.27798394485708,-30.775227069680522
-530.6679902643097,387.97471684694113,582.7782267820794,57.187634102246825,-130.17236736918932,-33.048515947098686
-494.7652543816805,377.4771929560433,604.7564882401829,80.78504706558152,-128.23058859389235,-35.172424695774936
-453.74600704126465,365.9979114403909,625.839596052067,105.42578269425164,-125.36998793596659,-37.11608566332509
-407.4439306150782,353.4435204992571,645.7388614015676,130.93737272411298,-121.51625312249897,-38.84569528044609
-355.8678824726531,339.80662280696674,664.1304012962644,157.091836730391,-116.60844911514229,-40.32580700908894
-299.2466401462574,325.1788406081338,680.6617259381479,183.60378461896516,-110.60420754321181,-41.520810915413136
-238.06588540051968,309.758096820045,694.9611300222887,210.13148753242035,-103.48481277940603,-42.39655566949107
-173.0915244534164,293.84783220284965,706.6497731912636,236.28153001541864,-95.25985343396084,-42.92205178388898
-105.37373059277829,277.84626086593767,715.356110994147,261.6174532464008,-85.97106059942156,-43.07117937098563
-36.22730825214651,262.22458273069446,720.7321126672352,285.67250277198895,-75.6949382818905,-42.82431172992457
32.813887405116034,247.494316229674,722.4704973920585,307.9662240948482,-64.54381567407513,-42.16975956194689
100.06786015031444,234.165488885616,720.3220574805202,328.02424007389635,-52.66501998172066,-41.10494104345475
163.79681939581192,222.69912637229913,714.1120329045231,345.40014186596414,-40.237981862163046,-39.63719125582102
222.31388383164702,213.45902231188057,703.754468918752,359.6980831309351,-27.469236523482593,-37.784140742529225
274.09450392507375,206.668814629294,689.2635329758326,370.5944374918827,-14.585459432035458,-35.573616582135635
317.88153055673797,202.38062375635354,670.7608883296755,377.85680429157367,-1.824858571381931,-33.04304885080581
352.77288465749433,200.46070994067742,648.4784142416419,381.3587525290475,10.572585644268788,-30.238398481100475
378.28237298715226,200.59574654137984,622.755817169802,381.08897928794397,22.3754077208297,-27.212656517484945
394.36717168393557,202.3205734778022,594.03298092115,377.1540033445038,33.37076651422893,-24.023996521805387
401.419428838312,205.0651004749839,562.83723990959,369.7740699044095,43.37365840815254,-20.733688290420147
400.22370807833033,208.2149405219074,529.7661072952667,359.2725441869756,52.23457485741706,-17.403899348370125
391.88593458261255,211.17797807919936,495.46632285961994,346.0596474663785,59.84507188222165,-14.095518808934674
377.7425124314425,213.4479218681291,460.61037396990895,330.61186970800804,66.1409008905858,-10.866135030763266
359.2599435785499,214.6562371762676,425.87185571398277,313.44872210407453,71.1025660660236,-7.768284150952839
337.93543708607,214.60566843269208,391.90114551933345,295.1086364375431,74.75339800539987,-4.848062347927522
315.20776551534647,213.28150985913328,359.3028545352731,276.12576851874474,77.15543983510612,-2.144163067363236
292.38534111409695,210.8402870897649,328.6163777527952,257.0092386444794,78.40360712351824,0.3126352222998432
270.5956223209,207.57890404375112,300.3006086451855,238.22598393450016,78.61868943714931,2.4995410854612676
250.75702676821564,203.88997236386345,274.7235391807618,220.18796062023088,77.93980107205623,4.401424727315282
233.57195886787653,200.21055075957062,252.15707133916825,203.24397869865257,76.51686268283986,6.010163621196846
219.53766007042162,196.97172060957996,232.7769660942157,187.6760317839121,74.50361433791079,7.323744521004443
208.97049348712144,194.55542634133587,216.667492613413,173.6996439424599,72.05154047746868,8.34521442376996
202.03896016136252,193.26314213394664,203.83004814061314,161.46751813643522,69.3049480244563,9.081571000297377
198.80107167675203,193.29863265735287,194.19481891654243,151.07564484282437,66.39729987844524,9.542673312542775
199.24246695544778,194.764803176884,187.6344516172006,142.57100573887823,63.44878331701621,9.740238657861244
203.3126403092336,197.67274762769534,183.97869730478163,135.96006585779722,60.56499732895306,9.686973809759504
210.95765010832,201.95982808056047,183.0290602516387,131.21736216396067,57.83657958242528,9.395871301192235
222.14856003319815,207.5130292638151,184.57261111672295,128.29364023278185,55.33956212185186,8.87968573475142
236.9055415777655,214.19386982681357,188.3942852056831,127.12314026381782,53.136240408337855,8.150592670535183
255.31800122133234,221.8616703068946,194.28716102805285,127.6297715977685,51.27635601315073,7.22002389687312
277.56128892479103,230.3927874069753,202.06038500484345,129.73203066713734,49.79842152035222,6.098667577573023
303.9105179524136,239.69433848240942,211.54456273801,133.34660664371197,48.73105006970003,4.796619118186357
334.7518093662175,249.71180582975683,222.59456844673088,138.39068270379394,48.09418609405326,3.323667548272277
370.59089784031136,260.4306243289556,235.08982923229553,144.78298286887832,47.9001646599498,1.6897016703592684
412.058525923566,271.87236838615274,248.93222074428581,152.44364052834788,48.154552651796386,-0.09478079405095297
459.91143826347457,284.08646166825986,264.04176947283094,161.29298111582494,48.856745495849594,-2.0180800432359485
515.02709805915,297.13846646120066,280.35040016173707,171.24932357262642,50.00030878576233,-4.066639802514938
578.3895322705695,311.0960185626356,297.7940016665018,182.22591774489098,51.57306613591268,-6.224359935931921
651.0630416534163,326.01341380166525,316.3031180190638,194.12715105079081,53.55694410819136,-8.471911132388149
734.1499919448031,341.91577300399,335.7926096916544,206.84417970156312,55.92759334230902,-10.78609437834684
828.7286780059002,358.783648963336,356.15067744231555,220.25016837109817,58.65381312829088,-13.139295528113827
935.7675056167678,376.5389086558147,377.22769939004377,234.1953572988337,61.69681546781966,-15.499091747022543
1056.0126738207055,395.03272361472057,398.82539956967423,248.50221616036896,65.00937486356366,-17.828070654956615
1189.848371787278,414.03651009689423,420.6869381267628,262.9609874082254,68.53492212666028,-20.083923257463848
1337.131392809733,433.23664414243626,442.4885812373683,277.32596488304694,72.20665460139695,-22.219866862287898
1497.0060776262508,452.23369480611024,463.83366194882404,291.3128919380077,75.94675117612792,-24.185442979099008
1667.710522279357,470.5467358054417,484.2495692448216,304.59789158428634,79.66579752014715,-25.927716938405325
1846.3906745366617,487.6229911222532,503.18848963731585,316.81835260517755,83.2625436484372,-27.392880537730306
2028.9446581809593,502.85264955561166,520.0325629241419,327.5761825666873,86.62412976814439,-28.528227196910034
2209.9244649364277,515.5881866069943,534.1039936038156,336.4437929113171,89.6269240751849,-29.28443268490573
2382.5248516579736,525.1670339975408,544.6804773983199,342.973094673381,92.13811365611588,-29.618036364178344
2538.688582309935,530.9360382953377,551.0160575223425,346.707648833897,94.01817247441352,-29.493981962874628
2669.3518927130635,532.2759575817369,552.3672201874998,347.1979288489474,95.12429451017472,-28.88804768430371
2764.8434930185667,528.6243430389602,548.0236790070421,344.01941528767975,95.31482272439534,-27.788977723719345
2815.4345772001966,519.4955698598437,537.3428930389094,336.79296184802297,94.45462528211513,-26.20012521778224
2812.017230043046,504.497466873392,519.7869285288261,325.20656545104316,92.42127244581195,-24.14043329575526
2746.8665157876644,483.34480527080274,494.9598342064615,309.0373679321376,89.1117578555331,-21.64461728360021
2614.420648312833,455.8706315276181,462.6432907434034,288.17244971782736,84.44939774863508,-18.762465815299134
2411.9978715973157,422.03683266419733,422.8279676051082,262.62678985350806,78.39044552610274,-15.557247544684227
2140.3618764989196,381.94521365805014,375.7378389783577,232.5567057492221,70.92989300076394,-12.103286786503933
1804.0527145635967,335.8496745463246,321.84474503433864,198.2671872385715,62.10590881976418,-8.482847422379175
1411.4184830289457,284.16889254341,261.87079937438875,160.211824928681,52.002400319823394,-4.782530730771446
974.313457421661,227.49750779506206,196.77687816086026,118.98450129021995,40.7492823384503,-1.0894409630995279
507.46726258023057,166.6125662831484,127.73637909544732,75.30263554716628,28.52019171917013,2.5126040765444277
27.571452682423313,102.47129773722406,56.09465116428666,29.982493143499166,15.527586806857204,5.946545018641497
-447.83223535085733,36.19650927764141,-16.684148348183825,-16.092192310305975,2.0153964805392093,9.144995974645266
-901.550207352848,-30.952936839768512,-89.07968076937922,-62.00637373536693,-11.750392840388315,12.05242018727295
-1317.8980070910304,-97.6270684232696,-159.58332922450808,-106.85221119727937,-25.492628863325102,14.626457809991575
-1683.7054426980458,-162.44319658032464,-226.76644452697715,-149.76728197689874,-38.93463925269278,16.838378898764677
-1989.0692191288529,-224.05336190414295,-289.34379892889353,-189.96981215654654,-51.81183765683188,18.672713785201815
-2227.790942651536,-281.21460445195976,-346.22749048482444,-226.78854610470157,-63.882506419121185,20.12618039255515
-2397.4793822489937,-332.85497499176654,-396.5674595035253,-259.68539285257555,-74.93706013233832,21.206076695477968
-2499.336594407342,-378.12850238653857,-439.7761137399256,-288.2696792616902,-84.80524621881479,21.92833241588609
-2537.681735226356,-416.4536963010126,-475.53612255681685,-312.30360897579897,-93.36093447294952,22.315416603411144
-2519.2896437413533,-447.5322968927435,-503.7920168592826,-331.69927847696044,-100.52436215711818,22.394279544937735
-2452.6315215834634,-471.34745900716365,-524.727618069317,-346.5082523300132,-106.26190970341047,22.19447349544958
-2347.1026447273857,-488.1429348697208,-538.7323589610656,-356.9051860889868,-110.58366257392217,21.74655343003103
-2212.309408345778,-498.3867313934635,-546.3601627941473,-363.1672732824523,-113.53915157469923,21.080813064365188
-2057.468732196616,-502.7239400845824,-548.284699490912,-365.65137812620725,-115.21174844121367,20.226368716385835
-1890.950898966094,-501.92390083274876,-545.2545882615151,-364.7706197238599,-115.7122247359122,19.21056864597575
-1719.9758109889397,-496.82663578713164,-538.0515608748425,-360.97193653158814,-115.17196525528331,18.058680912539504
-1550.4550600731002,-488.2927413819078,-527.453857186619,-354.71583130933044,-113.73627198478088,16.79379924927862
-1386.9595979438946,-477.1598643460272,-514.2063132843695,-346.4591270926531,-111.5581133281921,15.436903075360316
-1232.7855603985367,-464.2077173918532,-498.9978241917835,-336.6411983803505,-108.79257844292766,14.007012517559168
-1090.0884556528142,-450.1324824758531,-482.4461913203212,-325.6738128699827,-105.59219938811088,12.521389555931986
-960.0574415026894,-435.53052103708103,-465.08984251426403,-313.9344496275868,-102.10321349596863,10.995749421237464
-843.1055166048598,-420.8906218959563,-447.38555357648204,-301.7627596603068,-98.46276116116788,9.444459753033232
-739.0568948983783,-406.59357930786445,-429.7110957534445,-289.4597046471944,-94.79695354049873,7.880716955050303
-647.3185775370251,-392.9176795260096,-412.37165975617893,-277.2888420149946,-91.21970143276393,6.316698525648562
-567.0284305191797,-380.0486345706681,-395.6089317751859,-265.4792082000188,-87.83216992949917,4.763696428299471
-497.17646559874447,-368.0925774175812,-379.61178756720346,-254.22927360119286,-84.72271109242418,3.23223988067336
-436.69931595863244,-357.09086557594117,-364.52769734657915,-243.71148940946426,-81.96712607090706,1.7322167406144142
-384.5501026224755,-347.0355819409599,-350.47407340943096,-234.0770067772134,-79.62911572924648,0.27300160986750655
-339.7471351934067,-337.88474052672296,-337.5489281420369,-225.46021357579414,-77.76079226435368,-1.136403448372775
-301.4053769273876,-329.57628709726714,-325.8403337740057,-217.9827967735838,-76.40314122733122,-2.4872124784521636
-268.75453960924415,-322.04003810177085,-315.4342849131863,-211.75709525900578,-75.58634225407701,-3.7706833337269177
-241.14725098213086,-315.20675194585306,-306.42066346051865,-206.8885569936907,-75.32987683152781,-4.977932231433264
-218.060115052907,-309.01361528139387,-298.89709883531566,-203.47715589314754,-75.64237247068004,-6.0997406515350505
-199.0897826623018,-303.4056010500573,-292.9706112637807,-201.61765957168166,-76.52115524887765,-7.1263628273720485
-183.9454494414877,-298.3324570187262,-288.7570276589935,-201.39867212286418,-77.95150779391282,-8.047344954129727
-172.43855575824065,-293.74153715955407,-286.3782707363628,-202.90041049888112,-79.90565854034585,-8.8513703121484
-164.46991530120818,-289.567283667394,-285.95774048130414,-206.19121350120193,-82.34156137341907,-9.526147677498614
-160.0140735829132,-285.71884985999253,-287.6141260465911,-211.32283373301092,-85.20156271166348,-10.058363350746896
-159.10042147437758,-282.0680196944479,-291.4540943388891,-218.32462932388637,-88.41109448982155,-10.433719298102108
-161.79049096936046,-278.4400827256648,-297.56438488815655,-227.19685645878374,-91.87757344197078,-10.637080475833073
-168.15097137031188,-274.6104994776468,-306.00388482668757,-237.90336556836843,-95.48972458800984,-10.65275251451865
-178.2223300608233,-270.3098940196722,-316.79625179353167,-250.36411926825144,-99.11757306727378,-10.46490578411506
-191.98351314902132,-265.2390526102991,-329.9235916457545,-264.4480695560921,-102.6133554279476,-10.058152973282153
-209.31401700468453,-259.0942089090684,-345.32158637279935,-279.96704083546126,-105.8135812188234,-9.418274761497505
-229.95559597890417,-251.60110858679192,-362.876319954526,-296.67134487468905,-108.54242205644329,-8.533072688495087
-253.4768828622509,-242.55445015885957,-382.42288912608,-314.2478821126333,-110.61651572388182,-7.393311392765737
-279.24507089431626,-231.85766637508655,-403.7457399957923,-332.32143989352403,-111.85115006499905,-5.993696046951019
-306.4093255974744,-219.5570303401127,-426.5805670615343,-350.45976649880095,-112.06764447191098,-4.33381742326738
-333.90054413253864,-205.86405372732295,-450.6175675057909,-368.18277418169635,-111.10159067934919,-2.4189888655002294
-360.45128735149507,-191.1612328922812,-475.5058662462197,-384.97591215956993,-108.81146899178093,-0.2608983248391401
-384.6381028671564,-175.98830537076577,-500.85900481113026,-400.3073743252986,-105.08704244250916,2.121994517763692
-404.9461092187001,-161.00898250876244,-526.261492481874,-413.64840340303044,-99.85686953270032,4.7043712974091205
-419.8528618251134,-146.9611242015435,-551.2765134225859,-424.495571108761,-93.09428065806848,7.454312087564809
-427.9255641497756,-134.5959496332364,-575.45492908659,-432.39360441409735,-84.82124036109542,10.333904707353149
-427.92311360642935,-124.6136264978851,-598.3456801958732,-436.9571390703124,-75.10966342790707,13.300186844542155
-418.8927811586543,-117.60312454603854,-619.5075642971962,-437.88974865338747,-64.07995387680955,16.30637542816065
-400.250918840368,-113.99348489692284,-638.522154155325,-434.9987369684533,-51.89677010686547,19.303315484726006
-371.838177803512,-114.02183188556988,-655.0073632481622,-428.20448712493516,-38.762259849071604,22.241064629483127
-333.9422491307186,-117.72092924702687,-668.6309086057717,-417.5436022133894,-24.907226960541998,25.07052067772348
-287.28478916020634,-124.92634796048864,-679.1227253798447,-403.1656010958509,-10.580863415206153,27.744999008054148
-232.97341907109234,-135.3008459709095,-686.2853018927577,-385.3234867586332,3.9602144946991533,30.221672818112395
-172.4238341505549,-148.3717265504194,-690.0009595654977,-364.3590190267808,18.462856375476886,32.462802138882665
-107.26047039099498,-163.57594077223212,-690.2353035775891,-340.6839394772306,32.687469761028254,34.436694791843024
-39.20634086615693,-180.3075507944983,-687.03639388033,-314.75866998520985,46.4166998077672,36.11836251074927
30.026709149120556,-197.96274629840633,-680.5295856483651,-287.07011377498384,59.462241890300774,37.48985630400169
98.83697558862451,-215.97868427463993,-670.9084034709426,-258.11012815085246,71.6695193283634,38.54028505484168
165.8129186252758,-233.86374692472623,-658.4221834628918,-228.35603168369877,82.92015046266457,39.26553888851257
229.7890619273606,-251.21814745857176,-643.3614913804483,-198.2541927444677,93.13230543754253,39.667752905502574
289.8758965584244,-267.7449771920834,-626.0424710546638,-168.20736810241257,102.2591968013779,39.754556845916525
345.4649989180826,-283.25266795860716,-606.791287049841,-138.56606931325797,110.28604877317859,39.53816190573361
396.2130234599275,-297.6503990461047,-585.9297111021729,-109.62387540052497,117.22594360015465,39.03433747429902
442.0098076812342,-310.9382220794285,-563.7626928029817,-81.61631712097548,123.11495177252455,38.261328564766714
482.9364627791121,-323.19366372573865,-540.5684894600776,-54.72275171081463,128.0069227816778,37.238760017363816
519.2191090677354,-334.5563681168624,-516.5916476857504,-29.07053426384703,131.96825466918725,35.986567236220054
551.1830517871226,-345.2120355633086,-492.03886441667,-4.7407672860685395,135.07288537550005,34.52398647418439
579.2109351615654,-355.3765703075695,-467.0775328914387,18.225041242086206,137.39766834233842,32.868631748287264
603.7070163027098,-365.2810208520228,-441.83661407422034,39.817979027982815,139.01821917288376,31.035681525623634
625.0683830058421,-375.15761617746546,-416.4093709071462,60.054824655202886,140.0052576415468,29.03719733156268
643.6628571870143,-385.2269862745881,-390.8574591212878,78.97152885399375,140.42142591037648,26.881598974728384
659.8125692081444,-395.68650776481684,-365.21587721438175,96.61723961324734,140.31854308387366,24.573327115105776
673.781789476866,-406.69962818240816,-339.4983305395566,113.04891737848206,139.73525963413468,22.112732519125807
685.767549602769,-418.3859868297509,-313.7026501641072,128.3265079080612,138.69510197625,19.496240567664337
695.8918334241268,-430.8121612079308,-287.81601507884136,142.50860032961864,137.20494442933844,16.71684625867101
704.1946076322581,-443.98292913690807,-261.8198433032709,155.64849814005325,135.25400708389648,13.764994898653036
710.6276194589075,-457.83305898576856,-235.69432745162928,167.79066861819314,132.81354464277786,10.629892200230177
715.0496296519058,-472.2198372772838,-209.42267485826818,178.96760414109795,129.83745059767767,7.3012602798444926
717.2244716850935,-486.9168185801969,-182.99515256135382,189.19721529233993,126.26403752993369,3.7715104622864652
716.8239130426252,-501.6096179364919,-156.41301861420808,198.4809640330526,122.01925053450617,0.038240436976345826
713.437605712823,-515.8949064882951,-129.6923387344903,206.80301572462236,117.02151037863362,-3.89311267964164
706.5923122745102,-529.2840237117557,-102.867552353978,214.13072025893854,111.1882546430362,-8.00671005616779
695.7819665737327,-541.2126671479915,-75.99449439803561,220.4167057731383,104.44404723904903,-12.27415167048965
680.508921350112,-551.0578518936962,-49.152444379929946,225.60277047166156,96.72987230264452,-16.653066349363538
660.3350007650848,-558.1626874657476,-22.444715376219037,229.6255868077802,88.01294771974408,-21.086785074435316
634.9389019958007,-561.8685324414225,4.002643025517713,232.4240000094541,78.29613304973803,-25.505359280418592
604.1744089619868,-561.5529051442855,30.04425183250855,233.94743796954495,67.62582377755773,-29.828053308921177
568.1222347024606,-556.6703953561024,55.52082041162217,234.1646943149765,56.097176142483185,-33.967258678713065
527.127568274446,-546.7930157456528,80.2660920492539,233.07215185414515,43.85563767497594,-37.83357232615511
481.8159510368731,-531.6461743871166,104.11448536171358,230.70042937353614,31.094082793446127,-41.34158644864793
433.0821147050712,-511.13682081925447,126.90838892974517,227.1184981679877,18.045345949923956,-44.41579244168876
382.04973602504043,-485.37121199927117,148.50407621132152,222.43453942399603,4.970540926666551,-46.99593875286933
330.0042165117018,-454.66089957755764,168.77546764500207,216.7931822758709,-7.855844991963682,-49.04122154821225
278.30482443635776,-419.51663677581917,187.61543702241653,210.3692254851479,-20.162602182057853,-50.5328274306478
228.2859727005109,-380.63069595129105,204.9349333147086,203.35842815433216,-31.698435013360672,-51.4745675463748
181.159288391319,-338.8485100539928,220.66071980886895,195.96636980222743,-42.24681813488643,-51.89160364073096
137.92801180978188,-295.1307416008093,234.7328726175731,188.39664708286654,-51.63758712762766,-51.82752162765644
99.32315132252538,-250.50711274786806,247.10322808655434,180.83973781269762,-59.75429125773995,-51.340211514728836
65.76718804376237,-206.02385751878975,257.7356984568546,173.46370571379325,-66.53698188046039,-50.49713037946809
37.366789150255656,-162.68757509115238,266.6088494983791,166.40756824472226,-71.98076010407615,-49.370542352387126
13.931894578943542,-121.40941486229192,273.7204850113467,159.77767130234056,-76.1309361478225,-48.03325156396983
-4.984492367991976,-82.95453342416842,279.09337573826735,153.6469005403979,-79.07596626295016,-46.5551937317331
-20.032967126082156,-47.90217043548233,282.7808551766069,148.0561084139224,-80.93938820020087,-45.0010636369407
-32.007880696192785,-16.621137642433915,284.8708792250079,143.01683417766,-81.87178805291548,-43.428966395908816
-41.78666767387941,10.736093333771265,285.4873321586026,138.51429595155315,-82.04346589384666,-41.88992292277953
-50.27202400038598,34.219956627114,284.7878049011121,134.50975415187233,-81.63802400644062,-40.4279571219317
-58.338669863317506,54.05303738411044,282.95766539617307,130.94165631522583,-80.84668812360154,-39.08045438641498
-66.78510310727634,70.58652378905808,280.20085491856776,127.72541081227448,-79.8628831063603,-37.8785057439298
-76.29031889962533,84.25007771818395,276.7283581096632,124.75211395553205,-78.8764811109674,-36.84702716142168
-87.37590686037254,95.50187651907598,272.74562247241334,121.88697740270966,-78.06724009080729,-36.00455010661778
-100.37492173139069,104.78493242699658,268.4403056124504,118.96848674640412,-77.59722616974052,-35.362695682709806
-115.40997822758817,112.49418658788554,263.9716124607189,115.80940948495382,-77.60240036327386,-34.92544951430964
-132.38365324935614,118.95670177696148,259.46219379809895,112.20063884436388,-78.18396064543258,-34.68843082254883
-150.98412943721002,124.42500081971615,254.99317871943455,107.91852648512565,-79.40037193070796,-34.63838535010631
-170.707953849194,129.081625718359,250.6024837871265,102.7358751607804,-81.2612102561262,-34.75312347279943
-190.89994554822852,133.0516122061947,246.28615466890966,96.43621020658479,-83.72394335414215,-35.00207451455256
-210.8080162983673,136.41892201670004,242.00221436318216,88.83041423697571,-86.69455617796217,-35.34754478736959
-229.64844145356602,139.2429468875304,237.67635882199198,79.77437320451854,-90.03253482431703,-35.74666370231292
-246.67540406357102,141.5718852848482,233.20887376546233,69.18600287836139,-93.56020722333817,-36.15389544217695
-261.24778790023674,143.4509229300062,228.48233369352218,57.05993149551675,-97.07588637699462,-36.5238992346345
-272.88637313660155,144.9245231881355,223.36994128834195,43.478204590908334,-100.36975921090321,-36.814453074380836
-281.31573137497423,146.0335539766553,217.74469796163368,28.61562541463892,-103.24108765884958,-36.98912361154253
-286.4869764886804,146.80925614178884,211.4898670650262,12.738709859755625,-105.51509120019804,-37.01937348637949
-288.57974161407367,147.26702084415288,204.51129523306426,-3.8023208844606273,-107.05788375543511,-36.88584586820865
-287.98393556962617,147.4034321531224,196.75200272113696,-20.58859437149547,-107.78803314340684,-36.57864869942118
-285.2636631429473,147.19990820008107,188.2089868781934,-37.15425105280485,-107.68366217023937,-36.096568765094354
-281.10697705388566,146.63543974438724,178.95141274768855,-53.01374481465665,-106.78446313090774,-35.44526650767091
-276.26581740860195,145.70934704128538,169.1383791869066,-67.69326744163133,-105.18849123274168,-34.63462390022694
-271.49067380592965,144.4727329506505,159.0334185881077,-80.76427102197607,-103.04407928927503,-33.67552738878709
-267.46435277651995,143.06463378995244,149.01205168925713,-91.87661923358002,-100.53762875880005,-32.5764547372831
-264.7389550386972,141.74617012763207,139.55834650389448,-100.78858885285368,-97.87834881130317,-31.340288993132965
-263.679935785516,140.92385571337198,131.2467711776064,-107.39083857856801,-95.28121994131973,-29.96179709938081
-264.42102480437893,141.15231226042337,124.70684943612261,-111.72162873399776,-92.94955054374365,-28.426179542371507
-266.83379529591986,143.10760819485648,120.57024482094731,-113.97105382148258,-91.05848323967916,-26.70901829971667
-270.5156483440685,147.52572456243877,119.40275007657573,-114.47284229960817,-89.7407076297001,-24.77782438882659
-274.799693627672,155.10627131178893,121.62687703887913,-113.68333908754856,-89.07546351828857,-22.59521944559371
-278.7891932980767,166.38897710152477,127.44379784979778,-112.14852457648071,-89.08168686748951,-20.123589776966924
-281.41767573610383,181.6184671927625,136.76565133379648,-110.46121102791334,-89.71586916002383,-17.330844485221398
-281.5334272866797,200.6197086880376,149.17008161318657,-109.21174401580373,-90.87487586276725,-14.196715890858487
-278.00394198640237,222.71028536947128,163.88784389629254,-108.93647188092145,-92.40360798948271,-10.718889142876634
-269.8324027032042,246.67463319129683,179.8311906430793,-110.06879572477636,-94.10700412807807,-6.918167797774062
-256.27496272692883,270.8185521426773,195.66570918334293,-112.89767590394129,-95.76549018369172,-2.8418979772999307
-236.94522559697648,293.1099814682372,209.9219068295472,-117.53799633545523,-97.1526243583677,1.4350002623319995
-211.8916183647642,311.395940107983,221.13609987824685,-123.91618307174544,-98.05340079617862,5.81181118356621
-181.63487073322955,323.6688010628118,228.00427438751436,-131.77301340575661,-98.28151774723659,10.166706068789157
-147.15672790412964,328.34156983151325,229.5287909970338,-140.68377853966865,-97.69393129309731,14.364055890874859
-109.8370131203778,324.4852867953604,225.13709631552675,-150.09407719978225,-96.20123240900628,18.263737443108738
-71.3433685228365,311.9845345470826,214.75445678300275,-159.3677573649893,-93.77280263571483,21.731501548769156
-33.48519138515043,291.5796286648508,198.81892489381093,-167.84213102291537,-90.43628419188045,24.64929762402134
1.950948172791655,264.78423061853977,178.2353264819932,-174.8847697092578,-86.27157010089809,26.924429971195263
33.36398509728049,233.69053940017196,154.27448394073465,-179.94607842927317,-81.40017912607206,28.496565410757213
59.47892157518832,200.6955188151704,128.43236298440698,-182.6024691304842,-75.97142209002013,29.34189659257047
79.44863742450025,168.19581761547062,102.26969775645081,-182.58622237322217,-70.14709915458431,29.47414156821205
92.9065417539467,138.30295228063738,77.2548021532715,-179.79984290284028,-64.0865371041569,28.942462816834492
99.96727521568019,112.62342946084655,54.63041322681592,-174.31461692999275,-57.933576765678964,27.826750560630586
101.18016789042858,92.132996221458,35.32009776353547,-166.35488071881645,-51.806700087510066,26.230980401494026
97.44615255928724,77.15429931702877,19.882243982611264,-156.2709584785056,-45.7929314769562,24.27549101291476
89.91238717195348,67.42776948199602,8.511575193716478,-144.5046461933386,-39.94556655682689,22.089027890280203
79.85962851212591,62.25070064402468,1.0810378137251426,-131.55143336792523,-34.28527747911785,19.80128328738324
68.59570910753553,60.65175801994798,-2.7879853375689514,-117.92339909607742,-28.803795599499512,17.536467736920038
57.36504648091886,61.56794638054388,-3.641329337455545,-104.11601227876419,-23.469218222574245,15.408220141961024
47.27991516516525,63.997015695141,-2.1072164548347043,-90.58108217464552,-18.232021515043485,13.515944231364431
39.27515245486765,67.1078903977893,1.1780595293951421,-77.7070335778249,-13.031044991811305,11.942481980629859
34.08472679128498,70.30224780940283,5.626800677149372,-65.80668875048566,-7.7989795797089805,10.752917898089748
32.23651859896037,73.22957891316724,10.735946052437782,-55.11194763796081,-2.4671701829702357,9.994255662437928
34.06076634335528,75.7645607071018,16.103177516162667,-45.77423299501807,3.0302268802589634,9.695712187651406
39.707690153953294,77.95892592890439,21.426462810336595,-37.86931594299983,8.752552643324412,9.869417737979205
49.17047039196942,79.98056580413882,26.4919074745211,-31.405123847053837,14.749209532168853,10.511375113699222
62.310668304394625,82.05111718558994,31.155166723248566,-26.331292500460897,21.05633471069467,11.602598089383552
78.88404589976416,84.3906580861351,35.32116589757967,-22.54948485161337,27.69356895009347,13.110405006483042
98.5654070448095,87.17513859054557,38.925808892422744,-19.923790196500274,34.66106499342037,14.989878888337916
120.97149690974834,90.50934428473523,41.92203140434357,-18.290786834435952,41.93701839789824,17.185517524297296
145.68120995653987,94.41581267454616,44.27123855590657,-17.46906278236756,49.4760860679267,19.63308756492539
172.25246427858622,98.83828870049719,45.9400346200328,-17.268127677343593,57.2090584897209,22.261671479341
200.2352041472651,103.65698633159957,46.90130721484645,-17.496715287295594,65.0440641995363,24.995863178895064
229.18016703337287,108.71205087086966,47.13820437909846,-17.970482994492833,72.86942135686792,27.758035742595723
258.6433249254189,113.83113132882195,46.64932735651395,-18.519082520679692,80.55804016801174,30.470580628955766
288.18626540552793,118.85684362560986,45.45351107354303,-18.992528265945264,87.97306118861748,33.058007576538955
317.37316514891063,123.67012812549304,43.59281762125076,-19.266747858396016,94.97423147524236,35.44880078117837
345.76536285690895,128.20608008644237,41.13275817491047,-19.248180351201043,101.42441098304843,37.57694949390358
372.91480204500635,132.45974493939866,38.159219538111024,-18.877298220844203,107.19558978293384,39.38310668455685
398.35775029927004,136.4805783089539,34.772045217324276,-18.13096527535027,112.1738875546891,40.815372510575685
421.6102031291473,140.3556975898794,31.075665080923343,-17.023587067574717,116.26318418064993,41.82974351412386
442.166266347792,144.18359676324866,27.167559004363415,-15.60703844979702,119.38725946983831,42.39030712718015
459.5006159102983,148.04154098029656,23.125673302913505,-13.969339593444744,121.49055514619911,42.46928838147135
473.0758939398538,151.9512655739284,18.99618813722534,-12.231983937202246,122.537866119304,42.04706735540127
482.35563512318606,155.84870325139616,14.783256221110026,-10.545709110144294,122.5133832008584,41.11227934997933
486.82302412669577,159.56402135536848,10.442469336709404,-9.084384277812173,121.41952661745451,39.66208458627445
486.0054303765338,162.8179710681007,5.879794024992929,-8.036629316720227,119.27593225332356,37.702651939844756
479.5042025180753,165.2391165812296,0.9574559018154787,-7.594856333342257,116.11880502945594,35.24984557312097
467.0285865639504,166.403711535974,-4.49235221442391,-7.94168825998959,112.00067500593437,32.330040176044456
448.43184805681943,165.8958916486666,-10.646055874727963,-9.234172143323626,106.99042453933889,28.980927899335597
423.74678057448864,163.38097744593284,-17.661020434740536,-11.5868095634995,101.17333522279384,25.252127758810982
393.2169013490905,158.68005630726202,-25.644515908108133,-15.05504971192343,94.6508524447781,21.205376942849476
357.31897562954714,151.83101409898728,-34.6235248933983,-19.62136495249402,87.53978576978403,16.914082931095514
316.7723225147427,143.12114905474533,-44.520341147417625,-25.186187763082582,79.97074090149944,12.46205251863945
272.53086515831296,133.08019684568006,-55.13879039179339,-31.56571804199742,72.08568926920606,7.941290296154358
225.75523104568867,122.42978198172031,-66.16477315858153,-38.49789252366885,64.03469758193644,3.4488692602107296
177.76435159354114,111.9945699888375,-77.1827791086937,-45.65673813275634,55.97194047683804,-0.9169933162093082
129.96871893679662,102.58941797203354,-87.70740884912067,-52.67410054180324,48.05119267401541,-5.061390657457512
83.79030617660626,94.90308195561235,-97.22630162663748,-59.166591811406136,40.421040964934,-8.897339479109261
40.57660445993018,89.40063508965528,-105.24878736991948,-64.76477059323949,33.220076271541224,-12.350114971658755
1.5177399206122288,86.26307948903022,-111.35352462892456,-69.14121982261601,26.572329875112505,-15.360867908406918
-32.424188236963545,85.37463033262188,-115.22857398482194,-72.03437758684368,20.583211816629007,-17.88914590385755
-60.565698924209386,86.35797942247667,-116.69871565488589,-73.26564912002647,15.336194998157204,-19.914061386474057
-82.52719187100905,88.6481842332616,-115.73701523375698,-72.74833090350367,10.890462663203692,-21.434009752247597
-98.23106483513331,91.5890198449732,-112.46018066133341,-70.48801106187248,7.279694283584657,-22.465016288758473
-107.87452688199144,94.53302081299057,-107.10962261025193,-66.57517267297386,4.5121009309648095,-23.03795117462436
-111.88216242889095,96.92811099893699,-100.02191659642784,-61.17155878058042,2.571735490244526,-23.194972914596057
-110.84552444462776,98.37865448950099,-91.59333418291871,-54.492366823218546,1.421000853128958,-22.98562497343422
-105.45795836688791,98.67530808036906,-82.243227363973,-46.78650475423977,1.0041713072834533,-22.46301216623674
-96.45245082111734,97.79448971139533,-72.38044663040094,-38.31700097756941,1.2516430106208798,-21.680427811084854
-84.54878622417888,95.87325975420437,-62.3758858964002,-29.34329484196123,2.0845534465218503,-20.688704039179346
-70.41408352540003,93.16823960920723,-52.54294664107957,-20.10663969871938,3.419369106454416,-19.53443553020845
-54.63834576831741,90.00781031446805,-43.12644339276262,-10.819318558477525,5.172042273753949,-18.25910181857173
-37.72441933247467,86.74568001645754,-34.29941292977378,-1.6578778874165536,7.261382509087708,-16.899002945968554
-20.09004365759293,83.72167509671654,-26.16654136606408,7.239821231500999,9.611371348478652,-15.485840068064373
-2.078638421183399,81.23301294878388,-18.772513588493435,15.774227442524534,12.15226060551183,-14.047722807049954
16.02486448768957,79.516932974366,-12.113487785008438,23.88106507948704,14.820423957060308,-12.610368910124755
33.97658795279297,78.74375441607216,-6.150037339546087,31.526373797618398,17.557066127030975,-11.198274798790134
51.55745757908559,79.01832788771938,-0.8202006054412472,38.70033460805134,20.306022713256922,-9.835670792942782
68.56003558667486,80.38740453753667,3.948346444860869,45.410517794148255,23.010996624566012,-8.547124097204088
84.77943432886288,82.85050330431822,8.227600923142477,51.675081209024555,25.612665485590263,-7.357708378635315
100.0084979157669,86.37220955876049,12.080306569957973,57.516336392623764,28.04615009635316,-6.292714543309712
114.03683138794386,90.89429543647522,15.552834202826233,62.95500524143032,30.2393489821228,-5.376928338023113
126.65288506045104,96.34646861979527,18.669791704225702,68.00542485973082,32.112610016043725,-4.633543419380343
137.6481669652036,102.6548539432804,21.43028518067233,72.67192731688328,33.58011948236689,-4.082811584697444
146.82272776032227,109.7474847571631,23.80586137408317,76.94661934108468,34.55323672085743,-3.74055395141605
153.9912877992216,117.55618940316852,25.74034808595521,80.80879966515434,34.94578898250186,-3.6166677306009944
158.9896895512012,126.0144154252504,27.15201945119803,84.22625497422766,34.68107549501163,-3.713763203367024
161.68168710787347,135.05087732537683,27.938667091307956,87.15863892566348,33.70003316444413,-4.0260555280520345
161.96635291214005,144.5795594682017,27.98615872466535,89.56303077167607,31.969723746259344,-4.538617687208847
159.786519088178,154.48758966513213,27.180813583052046,91.40156519397729,29.49106127396641,-5.227076465673638
155.13861835063759,164.62370826976218,25.42534884036075,92.65071382643984,26.304564227812676,-6.057805519531721
148.08401254066473,174.791182154151,22.65725272925058,93.3113994366742,22.49294280081061,-6.988641088024713
138.76139698791863,184.74955177827835,18.867327931768592,93.41868915812607,18.17955644193895,-7.9701189382365865
127.39919646359677,194.22896265359762,14.115066081493175,93.04943401162917,13.52221055182963,-8.947206821452262
114.32612979314209,202.95855524689102,8.536820290985197,92.32601674583563,8.702373132605846,-9.861484637938108
99.97747453780615,210.7064256352895,2.3428414448985535,91.41446265396655,3.9106062189895088,-10.653702727613485
84.89420454168092,217.32367286727123,-4.199543674364186,90.51565302385973,-0.6702929313004056,-11.266624437835675
69.7122944246099,222.78045538961968,-10.796927598644956,89.84928329384596,-4.8823975980573096,-11.648029969034106
55.14022721729063,227.17976980837562,-17.17199533478606,89.63144974925768,-8.607696242108517,-11.753724080523101
41.92413721841001,230.73672878319508,-23.11036658163247,90.04813587595295,-11.778879116693584,-11.550353660255459
30.801949400937332,233.7183457947915,-28.502883030393306,91.22811315760255,-14.38418091533746,-11.017809703227247
22.450050247331006,236.3503199905242,-33.37323504216648,93.21954412904607,-16.46544366777136,-10.150972655411852
17.428015823257,238.71006422618314,-37.88247798296142,95.97459837975745,-18.10961214920128,-8.960572264916555
16.128248298901838,240.63479208671433,-42.30621914763588,99.34552438613719,-19.434924048429473,-7.472982465192984
18.737613830204424,241.67549441213768,-46.98627000238858,103.09392729466262,-20.57390117758947,-5.728861350280688
25.217108422354727,241.11968226417673,-52.26485822148978,106.9127725218618,-21.655715524017577,-3.7806694541002885
35.30326951866883,238.0888725114652,-58.4142891880373,110.45832548111053,-22.79050359456278,-1.689239590323087
48.531878160938845,231.69559263077932,-65.57673502961991,113.38736804335778,-24.057744682558198,0.4802960658101991
64.2810824474007,221.22605963294797,-73.72693549893913,115.39404353214695,-25.500011944624383,2.6628181607203634
81.82813406595946,206.30519039563495,-82.66544779776322,116.24081187274092,-27.122427591020955,4.797327473387202
100.41208568673494,187.00380009824858,-92.04310454266997,115.77920950641412,-28.897207614564913,6.830431379104732
119.29440191738001,163.86283042878108,-101.41047989439208,113.95810580628527,-30.77194588907962,8.71888730420715
137.81048704639647,137.83116960946492,-110.28125272307756,110.81945270141509,-32.679878297041995,10.43102266398202
155.4072851351913,110.13493981161056,-118.19652463349489,106.48361776577715,-34.55031931358906,11.9470121133341
171.6647945906049,82.11058890722087,-124.77853777149389,101.12784924866072,-36.31773206437572,13.258142646675417
186.3019417985965,55.03826248886448,-129.76605506128692,94.9620156370403,-37.928376973160745,14.36530853536949
199.1692762229877,30.006107589148613,-133.02856881522712,88.20549349877881,-39.34405676944621,15.27703545702542
210.23211064298812,7.823822857971134,-134.56108505814956,81.0681438098732,-40.54301621145746,16.007334083223498
219.5480174949143,-11.010303778230845,-134.46444868778073,73.73703283240332,-41.51847340618904,16.573637725720726
227.2421902284247,-26.29623486431341,-132.91757894644275,66.36925064187191,-42.27550897991534,16.995004232855155
233.48337523288285,-38.087015425407664,-130.14770818822979,59.09012402812621,-42.82711528567065,17.2906793171828
238.46216328496462,-46.62731166707052,-126.40328793554056,51.99546086065406,-43.19013939960581,17.479044132993366
242.37261309754493,-52.28908593005126,-121.93231202470176,45.15622692224393,-43.381689034589066,17.57691522213831
245.39757202038868,-55.51359151655865,-116.96698911691492,38.62417235077741,-43.416362491598306,17.599133720636637
247.69767421895813,-56.764422909273854,-111.71434234686753,32.4372668466129,-43.30445841984318,17.55837069944915
249.4037885715303,-56.49282967863985,-106.35154828619925,26.62423397373316,-43.05115105504028,17.465080718728174
250.61259028750547,-55.1143012448036,-101.02458876671385,21.207882085046013,-42.65649890041446,17.327549026065867
251.38488443491508,-52.99442691087157,-95.8489144029255,16.20724093992458,-42.11609284457951,17.15199322892338
251.74628236805563,-50.441848453512975,-90.91112593471956,11.638700957717946,-41.422136707965144,16.942693749728434
251.68981321990987,-47.70634843025135,-86.27102296924699,7.516423310689884,-40.56477660999266,16.702137286304687
251.1800468522331,-44.98046499463284,-81.96366232520121,3.8522721514522047,-39.53354080664772,16.431164051832404
250.1583208301937,-42.40334475317164,-78.00127889856807,0.6554515544197468,-38.318804975038745,16.129114000719465
248.54870703431692,-40.06580220020997,-74.37505887359958,-2.0680566143720984,-36.913247815529466,15.793971044631702
246.26442070796938,-38.01577131868222,-71.05684536992162,-4.316235348572471,-35.313299584969776,15.422508558591968
243.21445609554206,-36.263552904667364,-68.00092968904757,-6.091989084897175,-33.520605667560396,15.010444731564075
239.3103140837315,-34.786512499569774,-65.14615774789121,-7.4043650514084565,-31.54352463736925,14.55262225057416
234.47275349010383,-33.53318274576037,-62.41866659749771,-8.270070058521204,-29.398653483707314,14.043232509109647
228.63853632559977,-32.42706469825184,-59.735647825005955,-8.715256237406836,-27.11232179136106,13.476108652876755
221.76714025100483,-31.370777646698855,-57.010582129752606,-8.777458060529518,-24.721924387805394,12.845112781085913
213.8473753476508,-30.251522007756794,-54.16035389242383,-8.50744366207536,-22.27687477911237,12.144639037628082
204.90376909478937,-28.949006072370857,-51.114474915744566,-7.970606501984722,-19.83887123572804,11.370245018537624
195.00247983792036,-27.346917998984402,-47.82626062928556,-7.247386638215117,-17.48109151837426,10.519408373814713
184.25637662787625,-25.348545590090218,-44.28516868231577,-6.432102094512379,-15.285895080440483,9.592384077478215
172.82879869428973,-22.896115359054086,-40.52864110440743,-5.629528740011477,-13.340641715576925,8.593112105295507
160.93540266405716,-19.991781213185806,-36.65079150533941,-4.9486387967108705,-11.731361600645988,7.530097992848566
148.84344610624976,-16.71607318483573,-32.80437801364826,-4.493141255044964,-10.534254704569594,6.417163952947475
136.8678706193744,-13.237447039048437,-29.192062857048093,-4.3488966703403875,-9.805361695156503,5.27395078401494
125.36366307854527,-9.805137959329691,-26.043429550808945,-4.568906689133794,-9.569210516711808,4.126045784847502
114.71420779446669,-6.717874388407804,-23.576027152994477,-5.157355901760127,-9.807744345544192,3.004623664937335
105.31569624969512,-4.2642102224077725,-21.942038572986167,-6.054994347270082,-10.451282871515719,1.9455185475187742
97.55811110794983,-2.636856197803837,-21.166789748459777,-7.128810346918904,-11.373537639291401,0.9876953220100377
91.80379482898235,-1.8329253788475341,-21.090386270091216,-8.169227542827343,-12.392665425568875,0.17115405329640332
88.36507203742867,-1.5624129143722243,-21.327830684214803,-8.897742745760638,-13.279899907590615,-0.4656253595548687
87.48272667615308,-1.1949653867707042,-21.264230984575818,-8.986851513158967,-13.776414326301918,-0.8885195425728236
89.30725505520208,0.2241891368868778,-20.098543305463636,-8.092284597124824,-13.617797091595278,-1.0706418637137025
93.88467171919231,3.8677697899313728,-16.940998044477787,-5.895204693296662,-12.564041856345906,-0.9949943515067821
101.14823796574024,10.92844648728834,-10.956801846151457,-2.1495084924108525,-10.43153680349274,-0.6566149931931724
110.91687667845306,22.3560115401541,-1.5345643425811204,3.2726805843400086,-7.12251132286444,-0.06397363101446452
122.9003475185964,38.58352608831656,11.553766576892556,10.345254342563312,-2.64706727070271,0.7605693881479851
136.71062091408612,59.31275304116974,28.039549116933706,18.869522901852214,2.8665151988490614,1.7813423954824676
151.87842582477774,83.42653040072818,47.12383998482778,28.478045725516832,9.176032551546305,2.950980864111661
167.87371585782165,109.07087879982387,67.54172564310403,38.66259809501378,15.94481863866404,4.212985482422844
184.1287854719025,133.9074952760446,87.72082586553351,48.82368424456983,22.774540041258106,5.505028497875672
200.06288987401243,155.490073453907,106.00707795081321,58.33490188234943,29.247115890234003,6.762744326303525
215.107363961175,171.68110256037752,120.91339582116632,66.61250156687936,34.96988999446469,7.923693664300552
228.73029900608498,181.01230587709756,131.34031892127365,73.17938797882073,39.6175660864001,8.931173589525336
240.45978057875354,182.90669861099911,136.7244253673798,77.71385392851695,42.96498530021624,9.737560782772537
249.90455246371343,177.71840631500731,137.08807704374524,80.07627134579499,44.90645317861588,10.306919840352043
256.7708444072199,166.59493773953508,132.98760209770688,80.31108287272977,45.45965371055551,10.616679760728607
260.87410168096926,151.2098154209796,125.37946343599026,78.62578920008971,44.754723940453275,10.658272372690355
262.1445682145355,133.43879763048764,115.43936165409147,75.35227113445974,43.011295923128934,10.436727342327384
260.6261233125683,115.05520353698022,104.37434369288121,70.898035911753,40.50784269473216,9.969318108005229
256.4683988892692,97.50208100943571,93.26299503142258,65.69554846546612,37.54828129959217,9.283439724417661
249.91289452567963,81.76991558784903,82.94667232352329,60.15683195811417,34.4304943204349,8.413962535757445
241.2744239826727,68.37874382571799,73.97989197053404,54.63845049180256,31.420421907490038,7.400337479412398
230.91965073637135,57.441229204937656,66.63465279041934,49.41942858649108,28.73395226903584,6.283726972360677
219.24463357055254,48.772485630226214,60.94448513384015,44.69220593425791,26.52733017063897,5.10440227721582
206.65320057155026,42.012760437358736,56.7703781018356,40.56480967315619,24.89549108925285,3.8995911076752483
193.53765029942383,36.73707480167641,53.8717981014813,37.07127186449039,23.876795942588117,2.701888196980163
180.26282587322223,32.537099041411125,51.97014485401507,34.18693829065137,23.4621567008423,1.5382677988648208
167.15411358688738,29.07109072848862,50.79731916293513,31.845561453435565,23.606475676209026,0.429670743368308
154.4894623806229,26.085347915862272,50.127053900714394,29.95572117927322,24.24057217349542,-0.6089127830763417
142.49515857398373,23.414643907622594,49.79035518666447,28.414937709831253,25.282211168446416,-1.5679761050512182
131.344847354427,20.97000700881038,49.67851348070298,27.120644213479736,26.64535524526894,-2.442769059791927
121.16116907796804,18.721050385203387,49.73784099804309,25.977844666096768,28.247234935465254,-3.232431682997019
112.01935742765616,16.677954999121265,49.959984411791204,24.903743299269486,30.013211885648193,-3.939092407306563
103.9522016524221,14.876015243306696,50.370811236014916,23.829891665357813,31.879667651359032,-4.567010163896146
96.95587789967497,13.363866942901943,51.01985773683919,22.702491310278266,33.79529035619435,-5.121812537873603
90.99627863796775,12.195309952939041,51.97140785561193,21.481461554531037,35.721172029404265,-5.609856170412447
86.01559231440933,11.423981434215648,53.297569346347785,20.13878111518357,37.630099417921855,-6.037713815492507
81.93899075704104,11.099897237328724,55.07325000711668,18.656479793128216,39.505349354928086,-6.411776462580849
78.68135748138064,11.266900854738049,57.372679556626395,17.024522118148884,41.33921117023584,-6.737949189488524
76.15402890098949,11.960207164552415,60.267012542884515,15.23870859613488,43.13137184382105,-7.021415453101222
74.27152025459945,13.203406090606242,63.82252464600456,13.2986343051667,44.88722710770026,-7.266445261194608
72.95817168531278,15.00444522536593,68.09893132788245,11.205696237184116,46.61613072415062,-7.476226641106385
72.15458523517367,17.350225034703726,73.14738546703552,8.961133797033892,48.32956800619326,-7.652705490044937
71.82364281709742,20.19953714803667,79.00774209059215,6.564121937435903,50.03923877364838,-7.796424889544325
71.95581333861924,23.47421356444859,85.70472704097287,4.010009830061993,51.75505764209207,-7.906360341498245
72.57338851376298,27.048622134929538,93.24274344232231,1.2888993571414993,53.48312202171018,-7.979751805316066
73.73324189758688,30.738144452599876,101.59923638807332,-1.615132465162862,55.22375426141725,-8.011937291131268
75.52768761164165,34.28808182817599,110.71685028741472,-4.723774570861071,56.969784979216065,-7.996197181222802
78.08301964867256,37.36553635922159,120.49506934669651,-8.062765232828486,58.70529771572487,-7.923624883339598
81.5553307234801,39.55802205206996,130.7825969005102,-11.658368822311438,60.405086030872695,-7.783049145910611
86.12323605511153,40.383470162522414,141.3723028505324,-15.531903279902231,62.035067409194696,-7.561046684344383
91.97717107835354,39.3163004304673,152.00097560114872,-19.69252668963687,63.553839975485644,-7.242099184201168
99.30502489459396,35.83268078217176,162.35612924330235,-24.128960929873468,64.91544984030983,-6.80896245454001
108.27406932335786,29.474566107476562,172.09151873015202,-28.801345407612633,66.07326081853725,-6.243321527280207
119.00951365246493,19.926749122303143,180.85168299372788,-33.63485568447335,66.9846003084119,-5.526796764580163
131.57060648296846,7.094995227711877,188.30384301884766,-38.51694333487373,67.61562734081244,-4.642336402089474
145.92601000644592,-8.831736331916012,194.1731694716038,-43.29991355112431,67.94567767124113,-3.575977805968633
161.93108744458357,-27.353618265084606,198.2754000486857,-47.80996685305463,67.97024077308886,-2.3188863832629973
179.31056468890844,-47.681728140160445,200.53976425594644,-51.86279991276493,67.70176596166912,-0.869498070875065
197.65046764922926,-68.81457488465794,201.01580715666384,-55.28452438079954,67.16771306876463,0.7644844643379063
216.4030061910022,-89.66092853932713,199.86027452494483,-57.9352815404107,66.40565797344928,2.564540256946307
234.90697834711168,-109.18643057319129,197.30442885390812,-59.73184226995171,65.45579288668426,4.50052440962029
252.42430538857465,-126.55200184771704,193.60707709773413,-60.66501876711247,64.3517395367051,6.530856534794735
268.19073309836494,-141.21136353561934,189.0028346522899,-60.80810415615447,63.11110132128147,8.60384353479474
281.476034280874,-152.94448845470976,183.65732192640164,-60.31383416434196,61.72748961530753,10.660129310791227
291.6468372990163,-161.82121150503903,177.64015605829445,-59.39933527522507,60.16576353034081,12.636102545423258
298.2240624050493,-168.10901235250978,170.92269903279964,-58.32078495084387,58.36186968977054,14.467949714647986
