q1,q2,qd1,qd2,qdd1,qdd2
0.0,0.0,1.0,2.0,-0.0,-0.0
0.010003167612205153,0.020005334248784725,0.9999499670672138,1.9995997465508886,-0.010003167612205153,-0.0800213369951389
0.020005334248784725,0.040002661293535746,0.9997998732754443,1.9983991464063775,-0.020005334248784725,-0.16001064517414298
0.030005499034276635,0.059983977135130394,0.9995497336439563,1.996398680110816,-0.030005499034276635,-0.23993590854052158
0.040002661293535746,0.07994128418298528,0.9991995732031888,1.9935991483577387,-0.040002661293535746,-0.3197651367319411
0.049995820651867334,0.09986659445611952,0.9987494269922493,1.9900016716693854,-0.049995820651867334,-0.3994663778244781
0.059983977135130394,0.11975193278037169,0.998199340055408,1.9856076899482087,-0.059983977135130394,-0.47900773112148676
0.06996613126980096,0.13958933998049075,0.9975493674375905,1.980418961900548,-0.06996613126980096,-0.558357359921963
0.07994128418298528,0.15937087606582342,0.9967995741788693,1.9744375643327008,-0.07994128418298528,-0.6374835042632937
0.08990843770237288,0.17908862340832282,0.9959500353079559,1.967665891319674,-0.08990843770237288,-0.7163544936332913
0.09986659445611952,0.19873468991160642,0.9950008358346927,1.9601066532469478,-0.09986659445611952,-0.7949387596464257
0.10981475797265018,0.21830121216979478,0.9939520707415465,1.9517628757256331,-0.10981475797265018,-0.8732048486791791
0.11975193278037169,0.237780358614867,0.9928038449741043,1.9426378983814614,-0.11975193278037169,-0.951121434459468
0.12967712450728558,0.25716433265127264,0.9915562734305713,1.9327353735180879,-0.12967712450728558,-1.0286573306050906
0.13958933998049075,0.27644537577654615,0.990209480950274,1.922059264655244,-0.13958933998049075,-1.1057815031061846
0.1494875873255661,0.29561577068667416,0.9887636023011674,1.9106138449423251,-0.1494875873255661,-1.1824630827466966
0.15937087606582342,0.3146678443649731,0.9872187821663504,1.8984036954480479,-0.15937087606582342,-1.2586713774598923
0.1692382172214202,0.33359397115324047,0.9855751751295867,1.8854337033268616,-0.1692382172214202,-1.3343758846129619
0.17908862340832282,0.352386575803951,0.983832945659837,1.8717090598628476,-0.17908862340832282,-1.409546303215804
0.18892110893710995,0.37103813651227535,0.9819922680948016,1.8572352583918905,-0.18892110893710995,-1.4841525460491014
0.19873468991160642,0.38954118792670883,0.9800533266234739,1.8420180921029505,-0.19873468991160642,-1.5581647517068353
0.20852838432733767,0.40788832413710363,0.9780163152677107,1.8260636517193207,-0.20852838432733767,-1.6315532965484145
0.21830121216979478,0.42607220163891024,0.9758814378628166,1.809378323060793,-0.21830121216979478,-1.704288806555641
0.2280521955125007,0.4440855422724404,0.9736489080371467,1.7919687844877126,-0.2280521955125007,-1.7763421690897616
0.237780358614867,0.4619211361359754,0.9713189491907307,1.773842004227941,-0.237780358614867,-1.8476845445439016
0.24748472801983243,0.47957184447155454,0.9688917944729172,1.7550052375877983,-0.24748472801983243,-1.9182873778862182
0.25716433265127264,0.4970306025222872,0.9663676867590439,1.7354660240481024,-0.25716433265127264,-1.9881224100891488
0.2668182039111718,0.5142904223600463,0.9637468786261341,1.7152321842464655,-0.2668182039111718,-2.057161689440185
0.27644537577654615,0.5313443956824109,0.961029632327622,1.6943118168470568,-0.27644537577654615,-2.1253775827296435
0.28604488489610996,0.5481856965777374,0.9582162197671104,1.6727132952990849,-0.28604488489610996,-2.1927427863109497
0.29561577068667416,0.5648075842572552,0.9553069224711626,1.6504452644852947,-0.29561577068667416,-2.2592303370290208
0.3051570754292678,0.5812034057530896,0.9523020315611304,1.6275166372618246,-0.3051570754292678,-2.3248136230123584
0.3146678443649731,0.597366598581136,0.9492018477240239,1.6039365908908043,-0.3146678443649731,-2.389466394324544
0.3241471257904643,0.6132906933677165,0.9460066811824221,1.5797145633671237,-0.3241471257904643,-2.453162773470866
0.33359397115324047,0.6289693164389685,0.9427168516634308,1.554860249640844,-0.33359397115324047,-2.515877265755874
0.3430074351465436,0.6443961923719305,0.9393326883666882,1.529383597736759,-0.3430074351465436,-2.577584769487722
0.352386575803951,0.6595651465063013,0.9358545299314238,1.5032948047726653,-0.352386575803951,-2.638260586025205
0.36173045459363456,0.6744701074158691,0.9322827244025722,1.47660431287793,-0.36173045459363456,-2.6978804296634764
0.37103813651227535,0.6891051093386213,0.9286176291959453,1.4493228050139924,-0.37103813651227535,-2.7564204373544854
0.3803086901786258,0.7034642945645603,0.9248596110624672,1.4214612006984721,-0.3803086901786258,-2.813857178258241
0.38954118792670883,0.7175419157802732,0.9210090460514753,1.393030651634594,-0.38954118792670883,-2.8701676631210926
0.39873470589864596,0.7313323383693128,0.9170663194730904,1.3640425372476812,-0.39873470589864596,-2.925329353477251
0.40788832413710363,0.7448300426674733,0.9130318258596604,1.3345084601305004,-0.40788832413710363,-2.9793201706698933
0.41700112667734973,0.7580296261720544,0.9089059689262806,1.3044402413992837,-0.41700112667734973,-3.0321185046882175
0.42607220163891024,0.7709258057042315,0.9046891615303965,1.2738499159622871,-0.42607220163891024,-3.083703222816926
0.4351006413168175,0.7835134195236664,0.90038182563049,1.2427497277027764,-0.4351006413168175,-3.1340536780946655
0.4440855422724404,0.7957874293945117,0.8959843922438563,1.2111521245783703,-0.4440855422724404,-3.183149717578047
0.45302600542388766,0.8077429226019824,0.8914973014034735,1.179069753638703,-0.45302600542388766,-3.2309716904079298
0.4619211361359754,0.8193751139186862,0.8869210021139705,1.1465154559633985,-0.4619211361359754,-3.277500455674745
0.47077004430974967,0.830679347519928,0.8822559523066967,1.1135022615223853,-0.47077004430974967,-3.322717390079712
0.47957184447155454,0.8416510988472192,0.8775026187938991,1.0800433839606043,-0.47957184447155454,-3.366604395388877
0.48832565586163834,0.8522859764192484,0.87266147722201,1.046152215309203,-0.48832565586163834,-3.4091439056769937
0.4970306025222872,0.8625797235895865,0.8677330120240512,1.0118423206253286,-0.4970306025222872,-3.450318894358346
0.5056858133854788,0.8725282202504242,0.8627177163711586,0.977127432562667,-0.5056858133854788,-3.490112881001697
0.5142904223600463,0.8821274844816595,0.8576160921232328,0.9420214458749007,-0.5142904223600463,-3.528509937926638
0.5228435684183449,0.8913736741446749,0.8524286497787199,0.906538411854286,-0.5228435684183449,-3.5654946965786998
0.5313443956824109,0.9002630884201669,0.8471559084235284,0.8706925327075745,-0.5313443956824109,-3.6010523536806676
0.5397920535096058,0.908792169289411,0.8417983956790859,0.8344981558715312,-0.5397920535096058,-3.635168677157644
0.5481856965777374,0.9169575029583714,0.8363566476495424,0.7979697682703233,-0.5481856965777374,-3.6678300118334857
0.5565244849696466,0.9247558212240841,0.8308312088681248,0.7611219905170783,-0.5565244849696466,-3.6990232848963362
0.5648075842572552,0.9321840027827659,0.8252226322426474,0.7239695710619344,-0.5648075842572552,-3.7287360111310637
0.5730341655850633,0.9392390744791274,0.8195314790001847,0.6865273802889211,-0.5730341655850633,-3.7569562979165094
0.5812034057530896,0.9459182124963883,0.8137583186309123,0.6488104045640377,-0.5812034057530896,-3.783672849985553
0.5893144872992458,0.9522187434865201,0.8079037288311195,0.6108337402369082,-0.5893144872992458,-3.8088749739460805
0.597366598581136,0.958138145640263,0.8019682954454022,0.5726125875984152,-0.597366598581136,-3.832552582561052
0.6053589338572755,0.963674049696488,0.7959526124080395,0.5341622447967312,-0.6053589338572755,-3.854696198785952
0.6132906933677165,0.9688242398905028,0.7898572816835618,0.4954981017141823,-0.6132906933677165,-3.8752969595620113
0.6211610834140783,0.9735866548409186,0.783682913206514,0.456635633807394,-0.6211610834140783,-3.894346619363674
0.6289693164389685,0.9779593883747254,0.777430124820422,0.41759039591318714,-0.6289693164389685,-3.9118375534989016
0.6367146111047908,0.9819406902902442,0.7710995422159678,0.3783780160227002,-0.6367146111047908,-3.927762761160977
0.6443961923719305,0.9855289670576515,0.7646917988683795,0.3390141890262322,-0.6443961923719305,-3.942115868230606
0.6520132915763089,0.9887227824567947,0.7582075359740413,0.29951467043130875,-0.6520132915763089,-3.9548911298271787
0.6595651465063013,0.9915208581520444,0.7516474023863327,0.2598952700564856,-0.6595651465063013,-3.9660834326081775
0.6670510014790071,0.9939220742039528,0.745012054550699,0.22017184570341466,-0.6670510014790071,-3.9756882968158114
0.6744701074158691,0.995925469517513,0.738302156438965,0.18036029680970367,-0.6744701074158691,-3.983701878070052
0.68182172191763,0.997530242226841,0.7315183794828931,0.1404765580851118,-0.68182172191763,-3.990120968907364
0.6891051093386213,0.9987357500161246,0.7246614025069962,0.10053659313362708,-0.6891051093386213,-3.9949430000644983
0.6963195408603763,0.9995415103767132,0.7177319116606107,0.0605563880639787,-0.6963195408603763,-3.998166041506853
0.7034642945645603,0.9999472008002436,0.7107306003492361,0.020551945091141978,-0.7034642945645603,-3.9997888032009743
0.7105386555052096,0.9999526589077242,0.7036581691651488,-0.019460723868603425,-0.7105386555052096,-3.999810635630897
0.7175419157802732,0.9995578825145289,0.696515325817297,-0.05946560360649821,-0.7175419157802732,-3.9982315300581157
0.7244733746024498,0.9987630296312705,0.689302785060483,-0.09944668203144601,-0.7244733746024498,-3.995052118525082
0.7313323383693128,0.9975684184005572,0.6820212686238406,-0.139387956578908,-0.7313323383693128,-3.990273673602229
0.7381181207327159,0.9959745269696544,0.6746715051386147,-0.1792734406159847,-0.7381181207327159,-3.9838981078786175
0.7448300426674733,0.9939819932991047,0.6672542300652502,-0.21908716984012078,-0.7448300426674733,-3.975927973196419
0.7514674325393071,0.9915916149073825,0.6597701856197974,-0.25881320866887225,-0.7514674325393071,-3.96636645962953
0.7580296261720544,0.9888043485516835,0.6522201206996419,-0.29843565661817845,-0.7580296261720544,-3.955217394206734
0.7645159669141295,0.9856213098449803,0.6446047908085649,-0.33793865466658535,-0.7645159669141295,-3.9424852393799212
0.7709258057042315,0.9820437728094938,0.6369249579811436,-0.3773063916028738,-0.7709258057042315,-3.9281750912379754
0.7772585011362937,0.9780731693667619,0.6291813907064974,-0.4165231103545515,-0.7772585011362937,-3.9122926774670477
0.7835134195236664,0.9737110887645075,0.6213748638513882,-0.45557311429467506,-0.7835134195236664,-3.89484435505803
0.7896899349625268,0.9689592769405372,0.6135061585826829,-0.49444077352447974,-0.7896899349625268,-3.8758371077621487
0.7957874293945117,0.9638196358239227,0.6055760622891851,-0.5331105311292998,-0.7957874293945117,-3.855278543295691
0.8018052926685627,0.9582942225737483,0.5975853685028445,-0.5715669094052779,-0.8018052926685627,-3.833176890294993
0.8077429226019824,0.9523852487557253,0.5895348768193515,-0.6097945160543685,-0.8077429226019824,-3.809540995022901
0.8135997250406921,0.9460950794570048,0.5814253928181243,-0.647778050345159,-0.8135997250406921,-3.784380317828019
0.8193751139186862,0.9394262323395443,0.5732577279816993,-0.6855023092370401,-0.8193751139186862,-3.757704929358177
0.8250685113166778,0.932381376632404,0.5650326996145277,-0.7229521934652753,-0.8250685113166778,-3.729525506529616
0.830679347519928,0.9249633320633793,0.5567511307611926,-0.7601127135845333,-0.830679347519928,-3.6998533282535173
0.8362070610752557,0.9171750677303946,0.5484138501240496,-0.7969689959684656,-0.8362070610752557,-3.6687002709215784
0.8416510988472192,0.9090197009131118,0.5400216919803021,-0.8335062887629265,-0.8416510988472192,-3.636078803652447
0.8470109160734669,0.9005004958252282,0.5315754960985188,-0.8697099677904541,-0.8470109160734669,-3.6020019833009127
0.8522859764192484,0.891620862307964,0.5230761076546016,-0.9055655424036468,-0.8522859764192484,-3.566483449231856
0.8574757520310846,0.8823843544652612,0.5145243771472116,-0.941058661285096,-0.8574757520310846,-3.529537417861045
0.8625797235895865,0.8727946692412417,0.5059211603126643,-0.9761751181915496,-0.8625797235895865,-3.491178676964967
0.8675973803614223,0.8628556449404923,0.49726731803929913,-1.0109008576400103,-0.8675973803614223,-3.451422579761969
0.8725282202504242,0.8525712596917702,0.4885637162813335,-1.0452219805334906,-0.8725282202504242,-3.4102850387670807
0.8773717498478304,0.8419456298557431,0.47981122597221104,-1.0791247497241754,-0.8773717498478304,-3.3677825194229722
0.8821274844816595,0.8309830083774019,0.47101072293745033,-1.1125955955117615,-0.8821274844816595,-3.3239320335096076
0.8867949482652089,0.8196877830838046,0.46216308780700516,-1.1456211210747778,-0.8867949482652089,-3.2787511323352185
0.8913736741446749,0.8080644749278335,0.453269205927143,-1.178188107832709,-0.8913736741446749,-3.232257899711334
0.8958632039458896,0.7961177361786681,0.4443299672718525,-1.210283520736778,-0.8958632039458896,-3.1844709447146724
0.9002630884201669,0.7838523485596982,0.43534626635378726,-1.2418945134872692,-0.9002630884201669,-3.135409394238793
0.9045728872892589,0.7712732213346233,0.4263190021347557,-1.2730084336753047,-0.9045728872892589,-3.085092885338493
0.908792169289411,0.7583853893425019,0.4172490779357656,-1.3036128278470136,-0.908792169289411,-3.0335415573700075
0.9129205122145179,0.7451940109825403,0.4081374013466327,-1.3336954464880706,-0.9129205122145179,-2.9807760439301614
0.9169575029583714,0.7317043661494258,0.39898488413516164,-1.3632442489266066,-0.9169575029583714,-2.926817464597703
0.9209027375559984,0.7179218541200301,0.3897924421559093,-1.3922474081525282,-0.9209027375559984,-2.8716874164801203
0.9247558212240841,0.7038519913923303,0.38056099525853915,-1.4206933155513206,-0.9247558212240841,-2.8154079655693214
0.928516368400476,0.6895004094774118,0.37129146719577544,-1.4485705855504336,-0.928516368400476,-2.758001637909647
0.9321840027827659,0.6748728526454361,0.3619847855309672,-1.4758680601763987,-0.9321840027827659,-2.6994914105817442
0.9357583573659448,0.6599751756264773,0.3526418815452708,-1.5025748135208448,-0.9357583573659448,-2.6399007025059094
0.9392390744791274,0.6448133412671462,0.34326369014446056,-1.5286801561136312,-0.9392390744791274,-2.5792533650685847
0.9426258058213429,0.6293934181439398,0.3338511497653765,-1.5541736392013445,-0.9426258058213429,-2.517573672575759
0.9459182124963883,0.6137215781342731,0.32440520228201886,-1.5790450589294496,-0.9459182124963883,-2.4548863125370923
0.9491159650467397,0.5978040939461642,0.31492679291129877,-1.6032844604264158,-0.9491159650467397,-2.3912163757846567
0.9522187434865201,0.5816473366075602,0.3054168701184541,-1.6268821417881894,-0.9522187434865201,-2.3265893464302407
0.9552262373335196,0.5652577729163126,0.2958763855221407,-1.6498286579614143,-0.9552262373335196,-2.2610310916652505
0.958138145640263,0.5486419628518182,0.2863062937992076,-1.6721148245238473,-0.958138145640263,-2.194567851407273
0.9609541770241251,0.5318065569493651,0.27670755258916674,-1.6937317213604541,-0.9609541770241251,-2.1272262277974603
0.963674049696488,0.5147582936382328,0.2670811223983656,-1.7146706962337168,-0.963674049696488,-2.059033174552931
0.9662974914909386,0.4975039965446131,0.25742796650387373,-1.7349233682467218,-0.9662974914909386,-1.9900159861784523
0.9688242398905028,0.4800505717604297,0.24774905085709115,-1.7544816311976419,-0.9688242398905028,-1.9202022870417188
0.971254042053915,0.4624050050791512,0.23804534398708985,-1.7733376568242722,-0.971254042053915,-1.8496200203166049
0.9735866548409186,0.4445743591997034,0.228317816903697,-1.7914838979373195,-0.9735866548409186,-1.7782974367988136
0.9758218448365958,0.4265657708995994,0.21856744300033018,-1.8089130914411897,-0.9758218448365958,-1.7062630835983976
0.9779593883747254,0.40838644817841996,0.20879519795659357,-1.8256182612410676,-0.9779593883747254,-1.6335457927136798
0.9799990715601626,0.3900436673727867,0.19900205964064616,-1.8415927210351228,-0.9799990715601626,-1.5601746694911467
0.9819406902902442,0.37154477024398336,0.1891890080113501,-1.856830076990725,-0.9819406902902442,-1.4861790809759334
0.9837840502752113,0.3528971610393905,0.17935702502021067,-1.8713242303035982,-0.9837840502752113,-1.411588644157562
0.9855289670576515,0.33410830352891,0.1695070945131161,-1.885069379638886,-0.9855289670576515,-1.33643321411564
0.9871752660309565,0.31518571801756534,0.15964020213188845,-1.8980600234531593,-0.9871752660309565,-1.2607428720702614
0.9887227824567947,0.2961369783354734,0.14975733521565437,-1.9102909621964246,-0.9887227824567947,-1.1845479133418937
0.9901713614815953,0.27696970880639327,0.13985948270204612,-1.9217573003932642,-0.9901713614815953,-1.107878835225573
0.9915208581520444,0.25769158119606395,0.1299476350282428,-1.9324544486022663,-0.9915208581520444,-1.0307663247842558
0.9927711374295897,0.23831031164155395,0.12002278403186134,-1.9423781252529646,-0.9927711374295897,-0.9532412465662158
0.9939220742039528,0.21883365756285056,0.11008592285170733,-1.9515243583595518,-0.9939220742039528,-0.8753346302514022
0.9949735533056495,0.19926941455792596,0.10013804582839585,-1.9598894871106805,-0.9949735533056495,-0.7970776582317038
0.995925469517513,0.17962541328252213,0.09018014840485183,-1.9674701633347156,-0.995925469517513,-0.7185016531300885
0.996777727585224,0.15990951631590392,0.08021322702670025,-1.974263352839852,-0.996777727585224,-0.6396380652636157
0.997530242226841,0.14012961501383447,0.0702382790425559,-1.9802663366285602,-0.997530242226841,-0.5605184600553379
0.9981829381413351,0.1202936263500331,0.06025630260422286,-1.9854767119858734,-0.9981829381413351,-0.4811745054001324
0.9987357500161246,0.100409489747379,0.05026829656681354,-1.9898923934410835,-0.9987357500161246,-0.401637958989516
0.9991886225336108,0.08048516390012998,0.04027526038879742,-1.9935116136024582,-0.9991886225336108,-0.32194065560051993
0.9995415103767132,0.060528623588427644,0.03027819403198935,-1.9963329238646448,-0.9995415103767132,-0.24211449435371057
0.9997943782334046,0.04054785648636405,0.0202780978614875,-1.9983551949884797,-0.9997943782334046,-0.1621914259454562
0.9999472008002436,0.020550859964887726,0.010275972545570989,-1.9995776175529707,-0.9999472008002436,-0.0822034398595509
0.9999999627849081,0.0005456378908282438,0.0002728189555671044,-1.99999970227927,-0.9999999627849081,-0.0021825515633129753
0.9999526589077242,-0.01945980257667901,-0.009730361934301712,-1.9996212802265099,-0.9999526589077242,0.07783921030671603
0.9998052939021955,-0.039457454191085914,-0.01973256914708124,-1.9984425028594226,-0.9998052939021955,0.15782981676434366
0.9995578825145289,-0.05943931282335969,-0.029732801803249106,-1.9964638419877148,-0.9995578825145289,0.23775725129343875
0.9992104495021588,-0.07939738066566308,-0.03973005922086864,-1.993686089577225,-0.9992104495021588,0.31758952266265233
0.9987630296312705,-0.09932366943250463,-0.049723341015723004,-1.9901103574329364,-0.9987630296312705,0.39729467773001853
0.9982156676733206,-0.11921020355807742,-0.05971164720141948,-1.985738076753973,-0.9982156676733206,0.4768408142323097
0.9975684184005572,-0.1390490233885068,-0.069693978289454,-1.9805709975607564,-0.9975684184005572,0.5561960935540272
0.996821346580539,-0.15883218836772936,-0.07966933538922583,-1.9746111879945563,-0.996821346580539,0.6353287534709174
0.9959745269696544,-0.1785517802157278,-0.08963672030799236,-1.967861033489707,-0.9959745269696544,0.7142071208629112
0.9950280443056406,-0.1981999060978499,-0.09959513565075422,-1.9603232358188314,-0.9950280443056406,0.7927996243913996
0.9939819932991047,-0.21776870178394275,-0.10954358492006039,-1.952000812011446,-0.9939819932991047,0.871074807135771
0.9928364786240462,-0.23725033479603808,-0.11948107261572366,-1.9428970931463847,-0.9928364786240462,0.9490013391841523
0.9915916149073825,-0.2566370075433284,-0.12940660433443613,-1.9330157230185228,-0.9915916149073825,1.0265480301733136
0.9902475267174788,-0.2759209604431799,-0.13931918686927514,-1.922360656680336,-0.9902475267174788,1.1036838417727195
0.9888043485516835,-0.29509447502693187,-0.14921782830908922,-1.9109361588588767,-0.9888043485516835,1.1803779001077275
0.9872622248228687,-0.3141498770292405,-0.15910153813775477,-1.8987468022488023,-0.9872622248228687,1.256599508116962
0.9856213098449803,-0.3330795394597303,-0.16896932733329267,-1.8857974656821384,-0.9856213098449803,1.3323181578389212
0.9838817678175957,-0.35187588565572286,-0.1788202084668358,-1.8720933321755096,-0.9838817678175957,1.4075035426228915
0.9820437728094938,-0.3705313923148225,-0.1886531958014369,-1.8576398868556188,-0.9820437728094938,1.48212556925929
0.9801075087412359,-0.38903859250614414,-0.19846730539070717,-1.842442914763807,-0.9801075087412359,1.5561543700245766
0.9780731693667619,-0.4073900786589777,-0.20826155517727574,-1.8265084985405702,-0.9780731693667619,1.6295603146359108
0.9759409582540023,-0.42557850552769416,-0.21803496509106005,-1.8098430159909609,-0.9759409582540023,1.7023140221107766
0.9737110887645075,-0.4435965931317055,-0.22778655714733753,-1.7924531375318509,-0.9737110887645075,1.774386372526822
0.9713837840320984,-0.4614371296693017,-0.23751535554460834,-1.7743458235220733,-0.9713837840320984,1.845748518677207
0.9689592769405372,-0.47909297440419973,-0.24722038676223987,-1.755528321476514,-0.9689592769405372,1.916371897616799
0.9664378101002246,-0.4965570605236474,-0.25690067965788294,-1.7360081631652713,-0.9664378101002246,1.9862282420945896
0.9638196358239227,-0.5138223979669398,-0.2665552655646499,-1.7157931615990358,-0.9638196358239227,2.0552895918677594
0.9611050161015066,-0.5308820762232153,-0.2761831783880454,-1.6948914079019084,-0.9611050161015066,2.123528304892861
0.9582942225737483,-0.5477292670974109,-0.28578345470263894,-1.6733112680728988,-0.9582942225737483,2.1909170683896435
0.9553875365051354,-0.5643572274432714,-0.29535513384847145,-1.651061379637406,-0.9553875365051354,2.2574289097730857
0.9523852487557253,-0.5807593018623168,-0.30489725802718426,-1.6281506481900185,-0.9523852487557253,2.3230372074492673
0.9492876597520401,-0.5969289253676883,-0.3144088723978619,-1.6045882438300199,-0.9492876597520401,2.387715701470753
0.9460950794570048,-0.6128596260118069,-0.3238890251725795,-1.5803835974910247,-0.9460950794570048,2.4514385040472275
0.94280782733893,-0.6285450274767931,-0.33333676771164383,-1.5555463971662145,-0.94280782733893,2.5141801099071723
0.9394262323395443,-0.6439788516266098,-0.34275115461852007,-1.5300865840306854,-0.9394262323395443,2.5759154065064394
0.9359506328410782,-0.6591549210199081,-0.3521312438344335,-1.5040143484624588,-0.9359506328410782,2.6366196840796325
0.932381376632404,-0.6740671613825695,-0.36147609673263764,-1.477340125963747,-0.932381376632404,2.696268645530278
0.9287188208742336,-0.6887096040389546,-0.3707847782123386,-1.4500745929841077,-0.9287188208742336,2.7548384161558186
0.9249633320633793,-0.703076388300887,-0.3800563567922666,-1.4222286626471572,-0.9249633320633793,2.812305553203548
0.9211152859960795,-0.7171617638134131,-0.3892899047038861,-1.3938134803825573,-0.9211152859960795,2.8686470552536525
0.9171750677303946,-0.7309600928564021,-0.3984844979842328,-1.3648404194650159,-0.9171750677303946,2.9238403714256083
0.913143071547676,-0.7444658526010624,-0.4076392165683716,-1.335321076462097,-0.913143071547676,2.9778634104042494
0.9090197009131118,-0.7576736373204733,-0.41675314438146327,-1.3052672665926528,-0.9090197009131118,3.0306945492818933
0.9048053684353533,-0.7705781605532462,-0.4258253694304327,-1.274691018997742,-0.9048053684353533,3.082312642212985
0.9005004958252282,-0.7831742572194471,-0.43485498389522703,-1.2436045719259274,-0.9005004958252282,3.1326970288777884
0.8961055138535401,-0.7954568856879407,-0.4438410842196595,-1.2120203678348684,-0.8961055138535401,3.181827542751763
0.891620862307964,-0.8074211297943187,-0.4527827712018234,-1.179951048411189,-0.891620862307964,3.2296845191772747
0.8870469899490387,-0.819062200808611,-0.4616791500840708,-1.1474094495106,-0.8870469899490387,3.276248803234444
0.8823843544652612,-0.8303754393519923,-0.470529330642548,-1.114408596020303,-0.8823843544652612,3.3215017574079693
0.8776334224272867,-0.8413563172617156,-0.47933242727627734,-1.0809616966457292,-0.8776334224272867,3.3654252690468622
0.8727946692412417,-0.8520004394035235,-0.4880875590957748,-1.0470821386237141,-0.8727946692412417,3.408001757614094
0.8678685791011522,-0.8623035454308158,-0.4967938500111963,-1.012783482364212,-0.8678685791011522,3.449214181723263
0.8628556449404923,-0.8722615114898679,-0.5054504288200051,-0.9780794560226919,-0.8628556449404923,3.4890460459594714
0.8577563683828575,-0.8818703518704188,-0.5140564292941502,-0.9429839500053936,-0.8577563683828575,3.5274814074816754
0.8525712596917702,-0.891126220600965,-0.5226109902667453,-0.9075110114096473,-0.8525712596917702,3.56450488240386
0.8473008377196197,-0.9000254129881219,-0.5311132557182419,-0.8716748384014776,-0.8473008377196197,3.6001016519524875
0.8419456298557431,-0.908564367099442,-0.5395623748620877,-0.8354897745327358,-0.8419456298557431,3.634257468397768
0.8365061719736502,-0.9167396651890908,-0.5479575022298627,-0.7989703030000398,-0.8365061719736502,3.666958660756363
0.8309830083774019,-0.9245480350658106,-0.5562977977558807,-0.7621310408478287,-0.8309830083774019,3.6981921402632425
0.8253766917471446,-0.9319863514026261,-0.5645824268612504,-0.7249867331178433,-0.8253766917471446,3.7279454056105044
0.8196877830838046,-0.9390516369877675,-0.5728105605373889,-0.6875522469473692,-0.8196877830838046,3.75620654795107
0.8139168516529515,-0.9457410639163109,-0.5809813754289783,-0.6498425656186101,-0.8139168516529515,3.7829642556652434
0.8080644749278335,-0.9520519547220556,-0.5890940539163545,-0.6118727825615808,-0.8080644749278335,3.8082078188882225
0.8021312385315937,-0.9579817834491896,-0.5971477841973221,-0.573658095312914,-0.8021312385315937,3.8319271337967584
0.7961177361786681,-0.9635281766633117,-0.605141760368389,-0.5352137994329891,-0.7961177361786681,3.854112706653247
0.7900245696153743,-0.9686889144014083,-0.6130751825054108,-0.4965552823838291,-0.7900245696153743,3.874755657605633
0.7838523485596982,-0.9734619310603999,-0.6209472567436346,-0.45769801737021876,-0.7838523485596982,3.8938477242415996
0.7776016906402828,-0.9778453162239058,-0.6287571953571378,-0.41865755714650443,-0.7776016906402828,3.911381264895623
0.7712732213346233,-0.9818373154268955,-0.6365042168376523,-0.37944952779154745,-0.7712732213346233,3.927349261707582
0.7648675739064783,-0.985436330857919,-0.6441875459727687,-0.3400896224543281,-0.7648675739064783,3.941745323431676
0.7583853893425019,-0.9886409219986372,-0.6518064139235068,-0.30059359507271266,-0.7583853893425019,3.9545636879945487
0.7518273162881035,-0.9914498062003927,-0.65936005830125,-0.2609772540678886,-0.7518273162881035,3.9657992248015708
0.7451940109825403,-0.9938618591975954,-0.6668477232440353,-0.2212564560169859,-0.7451940109825403,3.9754474367903816
0.7384861371932488,-0.9958761155577139,-0.6742686594921893,-0.18144709930642425,-0.7384861371932488,3.9835044622308557
0.7317043661494258,-0.9974917690676928,-0.6816221244633033,-0.14156511776853217,-0.7317043661494258,3.989967076270771
0.724849376474861,-0.9987081730566421,-0.6889073823265397,-0.10162647430397936,-0.724849376474861,3.9948326922265682
0.7179218541200301,-0.9995248406546695,-0.6961237040762641,-0.06164715449256712,-0.7179218541200301,3.998099362618678
0.7109224922934534,-0.9999414449877523,-0.703270367604995,-0.021643160194941318,-0.7109224922934534,3.999765779951009
0.7038519913923303,-0.9999578193085692,-0.7103466577756603,0.018369496852203956,-0.7038519913923303,3.999831277234277
0.6967110589324538,-0.9995739570632419,-0.717351866493159,0.058374801444875696,-0.6967110589324538,3.9982958282529677
0.6895004094774118,-0.9987900118939581,-0.7242852927752168,0.09835674132192615,-0.6895004094774118,3.9951600475758324
0.6822207645670829,-0.9976062975774755,-0.7311462428225319,0.13829931357401914,-0.6822207645670829,3.990425190309902
0.6748728526454361,-0.9960232878995323,-0.7379340300881994,0.17818653104884613,-0.6748728526454361,3.9840931515981293
0.6674574089876381,-0.9940416164652119,-0.7446479753464109,0.21800242875003564,-0.6674574089876381,3.9761664658608478
0.6599751756264773,-0.991662076445341,-0.7512874067604224,0.2577310702272015,-0.6599751756264773,3.966648305781364
0.6524269012781114,-0.9888856202590198,-0.757851659949783,0.2973565539545657,-0.6524269012781114,3.9555424810360793
0.6448133412671462,-0.9857133591924131,-0.7643400780568156,0.33686301969559546,-0.6448133412671462,3.9428534367696524
0.6371352574510545,-0.9821465629539543,-0.7707520118123459,0.37623465485111396,-0.6371352574510545,3.928586251815817
0.6293934181439398,-0.9781866591661404,-0.7770868196006723,0.41545570078835126,-0.6293934181439398,3.912746636664562
0.6215885980396529,-0.9738352327941204,-0.7833438675237706,0.454510459148395,-0.6215885980396529,3.8953409311764817
0.6137215781342731,-0.9690940255113082,-0.7895225294647248,0.4933832981295091,-0.6137215781342731,3.8763761020452328
0.6057931456479569,-0.9639649350022717,-0.7956221871503794,0.5320586587438129,-0.6057931456479569,3.8558597400090866
0.5978040939461642,-0.9584500142031781,-0.8016422302132079,0.570521061044823,-0.5978040939461642,3.8338000568127124
0.589755222460268,-0.9525514704800988,-0.8075820562523909,0.6087551103233594,-0.589755222460268,3.810205881920395
0.5816473366075602,-0.9462716647455035,-0.8134410708940947,0.6467455032693261,-0.5816473366075602,3.785086658982014
0.573481247710657,-0.9396131105132972,-0.8192186878509474,0.6844770340969121,-0.573481247710657,3.758452442053189
0.5652577729163126,-0.932578472892778,-0.8249143289807072,0.7219346006307614,-0.5652577729163126,3.730313891571112
0.5569777351136499,-0.9251705675219163,-0.8305274243441145,0.7591032103506754,-0.5569777351136499,3.700682270087665
0.5486419628518182,-0.9173923594403871,-0.8360574122619236,0.7959679863924166,-0.5486419628518182,3.6695694377615484
0.5402512902570845,-0.9092469619028034,-0.8415037393711067,0.8325141735022219,-0.5402512902570845,3.6369878476112136
0.5318065569493651,-0.9007376351326244,-0.8468658606802271,0.868727143942647,-0.5318065569493651,3.6029505405304976
0.5233086079582074,-0.8918677850172391,-0.8521432396239749,0.9045924033473725,-0.5233086079582074,3.5674711400689563
0.5147582936382328,-0.8826409617447487,-0.8573353481168584,0.9400955965226196,-0.5147582936382328,3.530563846978995
0.5061564695840447,-0.873060858382993,-0.862441666606047,0.975222513192864,-0.5061564695840447,3.492243433531972
0.4975039965446131,-0.8631313094013856,-0.8674616841233609,1.0099590936885503,-0.4975039965446131,3.4525252376055424
0.48880174033714163,-0.8528562891361543,-0.8723948983364023,1.0442914345735264,-0.48880174033714163,3.411425156544617
0.4800505717604297,-0.8422399101995993,-0.8772408155988209,1.0782057942099381,-0.4800505717604297,3.3689596407983973
0.47125136650773614,-0.8312864218340076,-0.8819989509997115,1.1116885982583655,-0.47125136650773614,3.3251456873360303
0.4624050050791512,-0.8200002082108777,-0.8866688284121361,1.1447264451110004,-0.4624050050791512,3.280000832843511
0.45351237269348815,-0.8083857866761395,-0.8912499805407699,1.1773061112556908,-0.45351237269348815,3.233543146704558
0.4445743591997034,-0.7964478059420708,-0.8957419489686598,1.2094145565686922,-0.4445743591997034,3.185791223768283
0.43559185898785413,-0.7841910442266364,-0.9001442842030968,1.2410389295340216,-0.43559185898785413,3.1367641769065457
0.4265657708995994,-0.7716204073409886,-0.9044565457205949,1.272166572387322,-0.4265657708995994,3.0864816293639543
0.41749699813825614,-0.7587409267258979,-0.908678302010973,1.3027850261821798,-0.41749699813825614,3.0349637069035915
0.40838644817841996,-0.7455577574379023,-0.9128091306205338,1.332882035776859,-0.40838644817841996,2.9822310297516093
0.3992350326751588,-0.7320761760859805,-0.9168486181943368,1.3624455547394596,-0.3992350326751588,2.928304704343922
0.3900436673727867,-0.7183015787195686,-0.9207963605175614,1.3914637501695477,-0.3900436673727867,2.8732063148782743
0.3808132720132279,-0.7042394786687718,-0.924651962555955,1.4199250074343173,-0.3808132720132279,2.816957914675087
0.37154477024398336,-0.6898955043376369,-0.9284150384953626,1.4478179348173825,-0.37154477024398336,2.7595820173505476
0.36223908952570544,-0.6752753969513643,-0.9320852117803329,1.4751313680783518,-0.36223908952570544,2.701101587805457
0.3528971610393905,-0.6603850082583623,-0.9356621151517991,1.5018543749213538,-0.3528971610393905,2.6415400330334493
0.34351991959319816,-0.6452302981880635,-0.9391453906838294,1.5279762593707307,-0.34351991959319816,2.580921192752254
0.33410830352891,-0.6298173324654431,-0.942534689819443,1.5534865660521349,-0.33410830352891,2.5192693298617725
0.3246632546280344,-0.6141522801831931,-0.945829673405488,1.5783750843773283,-0.3246632546280344,2.4566091207327725
0.31518571801756534,-0.5982414113325208,-0.9490300117265796,1.6026318526310073,-0.31518571801756534,2.3929656453300834
0.30567664207540685,-0.5820910942935614,-0.9521353845380938,1.6262471619580146,-0.30567664207540685,2.3283643771742457
0.2961369783354734,-0.5657077932864132,-0.9551454810982123,1.6492115602493413,-0.2961369783354734,2.2628311731456527
0.2865676813924749,-0.5490980657838128,-0.9580600001990173,1.671515855925364,-0.2865676813924749,2.1963922631352513
0.27696970880639327,-0.5322685598864828,-0.9608786501966321,1.693151121614807,-0.27696970880639327,2.1290742395459312
0.26734402100666266,-0.5152260116622046,-0.9636011490404052,1.7141086977279565,-0.26734402100666266,2.0609040466488184
0.25769158119606395,-0.49797724244968594,-0.9662272243011332,1.7343801959226894,-0.25769158119606395,1.9919089697987438
0.24801335525434223,-0.4805291561282977,-0.9687566131983221,1.7539575024619336,-0.24801335525434223,1.9221166245131909
0.23831031164155395,-0.46288873635477135,-0.9711890626264823,1.7728327814612217,-0.23831031164155395,1.8515549454190854
0.22858342130115644,-0.4450630437679641,-0.9735243291804566,1.790998478025032,-0.22858342130115644,1.7802521750718563
0.21883365756285056,-0.4270592131628158,-0.9757621791797759,1.8084473212706602,-0.21883365756285056,1.7082368526512632
0.2090619960451843,-0.4088844506346243,-0.9779023886920429,1.8251723272384133,-0.2090619960451843,1.6355378025384972
0.19926941455792596,-0.39054603069477906,-0.9799447435553402,1.8411668016869658,-0.19926941455792596,1.5621841227791162
0.1894568930042178,-0.37205129335911147,-0.9818890393996607,1.8564243427727534,-0.1894568930042178,1.4882051734364459
0.17962541328252213,-0.35340764121002965,-0.9837350816673578,1.8709388436123324,-0.17962541328252213,1.4136305648401186
0.16977595918836758,-0.3346225364336111,-0.9854826856326141,1.884704494726679,-0.16977595918836758,1.3384901457344445
0.15990951631590392,-0.31570349783283547,-0.987131676419926,1.8977157863664547,-0.15990951631590392,1.2628139913313419
0.15002707195927684,-0.2966580978181557,-0.9886818890216034,1.909967510717304,-0.15002707195927684,1.1866323912726229
0.14012961501383447,-0.2774939593766165,-0.9901331683142801,1.921454763984298,-0.14012961501383447,1.109975837506466
0.13021813587717346,-0.2582187530207292,-0.9914853690744377,1.9321729483546959,-0.13021813587717346,1.0328750120829169
0.1202936263500331,-0.23884019371832094,-0.9927383559929367,1.9421177738382345,-0.1202936263500331,0.9553607748732837
0.11035707953704922,-0.21936603780459046,-0.9938920036885563,1.9512852599842136,-0.11035707953704922,0.8774641512183619
0.100409489747379,-0.19980407987760995,-0.9949461967205417,1.959671737474684,-0.100409489747379,0.7992163195104398
0.09045185239520555,-0.18016214967851185,-0.9959008296001545,1.9672738495931037,-0.09045185239520555,0.7206485987140474
0.08048516390012998,-0.16044810895760644,-0.9967558068012291,1.974088553567877,-0.08048516390012998,0.6417924358304258
0.07051042158746304,-0.14066984832768736,-0.997511042769732,1.9801131217902328,-0.07051042158746304,0.5626793933107495
0.060528623588427644,-0.12083528410578825,-0.9981664619323224,1.9853451429059619,-0.060528623588427644,0.483341136423153
0.05054076874028097,-0.10095235514465144,-0.9987219987039143,1.9897825227805657,-0.05054076874028097,0.40380942057860575
0.04054785648636405,-0.08102901965517294,-0.9991775974942398,1.9934234853374448,-0.04054785648636405,0.32411607862069175
0.030550886776090736,-0.061073252021099325,-0.9995332127134118,1.9962665732687779,-0.030550886776090736,0.2442930080843973
0.020550859964887726,-0.041093039607254925,-0.9997888087764853,1.9983106486188142,-0.020550859964887726,0.1643721584290197
0.010548776714094075,-0.02109637956257325,-0.9999443601070193,1.9995548932393448,-0.010548776714094075,0.084385518250293
0.0005456378908282438,-0.0010912756192087765,-0.999999851139635,1.9999988091171683,-0.0005456378908282438,0.004365102476835106
-0.009457555532165422,0.018914265110986216,-0.9999552763215743,1.999642218573424,0.009457555532165422,-0.07565706044394487
-0.01945980257667901,0.03891223534133402,-0.9998106401132549,1.9984852643347066,0.01945980257667901,-0.15564894136533608
-0.029460102359203894,0.05889463081527381,-0.9995659569878244,1.996528409475941,0.029460102359203894,-0.23557852326109524
-0.039457454191085914,0.07885345351009475,-0.9992212514297113,1.9937724372350334,0.039457454191085914,-0.315413814040379
-0.04945085767866103,0.09878071483817394,-0.9987765579321758,1.9902184506993792,0.04945085767866103,-0.39512285935269575
-0.05943931282335969,0.11866843884443432,-0.9982319209938574,1.9858678723643473,0.05943931282335969,-0.47467375537773726
-0.06942182012177164,0.13850866539874654,-0.997587395114323,1.9807224435639215,0.06942182012177164,-0.5540346615949862
-0.07939738066566308,0.1582934533820002,-0.9968430447886125,1.9747842237737272,0.07939738066566308,-0.6331738135280008
-0.08936499624193404,0.178014883864566,-0.9959989445007856,1.9680555897867165,0.08936499624193404,-0.712059535458264
-0.09932366943250463,0.19766506327587263,-0.9950551787164682,1.9605392347618502,0.09932366943250463,-0.7906602531034905
-0.10927240371412165,0.2172361265638343,-0.9940118418744004,1.952238167146152,0.10927240371412165,-0.8689445062553371
-0.11921020355807742,0.23672024034286626,-0.9928690383769865,1.943155709470567,0.11921020355807742,-0.946880961371465
-0.12913607452982911,0.25610960602922656,-0.9916268825798473,1.9332954970201057,0.12913607452982911,-1.0244384241169062
-0.1390490233885068,0.27539646296242387,-0.9902854987803782,1.92266147637881,0.1390490233885068,-1.1015858518496955
-0.14894805818630216,0.2945730915114474,-0.9888450212053099,1.9112579038501198,0.14894805818630216,-1.1782923660457896
-0.15883218836772936,0.3136318161645772,-0.9873055939972781,1.8990893437532725,0.15883218836772936,-1.2545272646583088
-0.1687004248687468,0.33256500860153604,-0.9856673712003986,1.8861606665964172,0.1687004248687468,-1.3302600344061442
-0.1785517802157278,0.3513650907467491,-0.9839305167448535,1.8724770471271777,0.1785517802157278,-1.4054603629869964
-0.18838526862427205,0.37002453780249345,-0.9820952044304874,1.8580439622614435,0.18838526862427205,-1.4800981512099738
-0.1981999060978499,0.38853588126072564,-0.9801616179094157,1.8428671888912138,0.1981999060978499,-1.5541435250429025
-0.20799471052626775,0.40689171189237966,-0.9781299506676473,1.8269528015723764,0.20799471052626775,-1.6275668475695186
-0.21776870178394275,0.4250846827129347,-0.976000406005723,1.8103071700933449,0.21776870178394275,-1.7003387308517388
-0.22752090182797924,0.4431075119230694,-0.973773197018373,1.7929369569255322,0.22752090182797924,-1.7724300476922776
-0.23725033479603808,0.46095298582322897,-0.9714485465731924,1.7748491145566714,0.23725033479603808,-1.8438119432929159
-0.24695602710398826,0.47861396170093445,-0.96902668728834,1.756050882708057,0.24695602710398826,-1.9144558468037378
-0.2566370075433284,0.49608337068967706,-0.9665078615092614,1.7365497854368224,0.2566370075433284,-1.9843334827587082
-0.2662923073783709,0.5133542205982543,-0.9638923212844385,1.716353628124413,0.2662923073783709,-2.0534168823930172
-0.2759209604431799,0.5304195987094203,-0.961180328340168,1.6954704943524526,0.2759209604431799,-2.1216783948376814
-0.28552200323825266,0.5472726745467266,-0.9583721540543712,1.673908742667261,0.28552200323825266,-2.1890906981869063
-0.29509447502693187,0.5639067026084419,-0.9554680794294383,1.651677003234318,0.29509447502693187,-2.2556268104337676
-0.3046374179315419,0.580315025067461,-0.9524683950641109,1.6287841743840124,0.3046374179315419,-2.321260100269844
-0.3141498770292405,0.5964910744361249,-0.9493734011244012,1.6052394190500523,0.3141498770292405,-2.3859642977444997
-0.3236309004475748,0.6124283761948816,-0.9461834073135567,1.5810521611019677,0.3236309004475748,-2.449713504779526
-0.3330795394597303,0.6281205513837332,-0.9428987328410692,1.5562320815731758,0.3330795394597303,-2.512482205534933
-0.3424948485794653,0.6435613191554357,-0.939519706390733,1.5307891147861163,0.3424948485794653,-2.5742452766217427
-0.35187588565572286,0.6587444992894308,-0.9360466660877548,1.5047334443760028,0.35187588565572286,-2.634977997157723
-0.3612217119669082,0.6736640146655021,-0.9324799594649185,1.478075499214784,0.3612217119669082,-2.6946560586620083
-0.3705313923148225,0.6883138936961618,-0.9288199434278094,1.4508259492369564,0.3705313923148225,-2.753255574784647
-0.3798039951182432,0.7026882727167983,-0.9250669842191005,1.422995701168886,0.3798039951182432,-2.8107530908671934
-0.38903859250614414,0.7167813983326292,-0.9212214573819035,1.3945958941633534,0.38903859250614414,-2.867125593330517
-0.39823426041054494,0.7305876297215185,-0.91728374772219,1.365637895341065,0.39823426041054494,-2.922350518886074
-0.4073900786589777,0.7441014408917341,-0.9132542492702851,1.336133295240928,0.4073900786589777,-2.9764057635669365
-0.41650513106656384,0.7573174228937439,-0.9091333652414394,1.3060939031808978,0.41650513106656384,-3.0292696915749757
-0.42557850552769416,0.7702302859851679,-0.9049215079954804,1.2755317425312576,0.42557850552769416,-3.0809211439406714
-0.4346092941072999,0.7828348617480161,-0.900619098995549,1.244459045902218,0.4346092941072999,-3.1313394469920643
-0.4435965931317055,0.7951261051573654,-0.8962265687659254,1.2128882502477765,0.4435965931317055,-3.1805044206294615
-0.45253950327905446,0.807099096600647,-0.8917443568489496,1.1808319918877868,0.45253950327905446,-3.228396386402588
-0.4614371296693017,0.8187490438467389,-0.8871729117610366,1.148303101450224,0.4614371296693017,-3.2749961753869554
-0.47028858195376155,0.8300712839640744,-0.882512690947796,1.1153145987356805,0.47028858195376155,-3.3202851358562975
-0.47909297440419973,0.8410612851869954,-0.877764160738257,1.0818796875061472,0.47909297440419973,-3.3642451407479816
-0.48784942600146464,0.8517146487296061,-0.8729277962982056,1.0480117502001658,0.48784942600146464,-3.4068585949184245
-0.4965570605236474,0.8620271105464036,-0.8680040815826356,1.013724342576459,0.4965570605236474,-3.4481084421856143
-0.5052150066337628,0.8719945430389773,-0.8629935092873219,0.9790311882881877,0.5052150066337628,-3.487978172155909
-0.5138223979669398,0.8816129567080937,-0.8578965807995179,0.9439461733900149,0.5138223979669398,-3.526451826832375
-0.5223783732171138,0.8908785017505062,-0.8527138061477847,0.908483340780167,0.5223783732171138,-3.563514007002025
-0.5308820762232153,0.8997874695998536,-0.8474457039509542,0.8726568845797131,0.5308820762232153,-3.5991498783994142
-0.5393326560548426,0.9083362944110261,-0.8420928013662323,0.8364811444513154,0.5393326560548426,-3.6333451776441046
-0.5477292670974109,0.916521554487408,-0.8366556340364494,0.7999705998597327,0.5477292670974109,-3.666086217949632
-0.5560710691367677,0.9243399736504213,-0.8311347460364608,0.7631398642763684,0.5560710691367677,-3.6973598946016852
-0.5643572274432714,0.931788422550829,-0.825530689818703,0.7260036793301745,0.5643572274432714,-3.727153690203316
-0.572586912855319,0.9388639199212686,-0.8198440261579122,0.6885769089072612,0.572586912855319,-3.7554556796850744
-0.5807593018623168,0.9455636337695138,-0.8140753240950093,0.6508745332015776,0.5807593018623168,-3.782254535078055
-0.5888735766870846,0.9518848825119882,-0.8082251608801598,0.6129116427190412,0.5888735766870846,-3.807539530047953
-0.5969289253676883,0.9578251360470799,-0.8022941219150099,0.5747034322375075,0.5969289253676883,-3.8313005441883194
-0.6049245418386898,0.9633820167678231,-0.7962828006941072,0.5362651947250048,0.6049245418386898,-3.8535280670712924
-0.6128596260118069,0.9685533005135433,-0.7901917987455124,0.49761231521867305,0.6128596260118069,-3.874213202054173
-0.6207333838559727,0.9733369174600845,-0.7840217255706079,0.4587602646668547,0.6207333838559727,-3.893347669840338
-0.6285450274767931,0.9777309529482646,-0.7777731985831072,0.41972459373678994,0.6285450274767931,-3.9109238117930585
-0.6362937751953878,0.9817336482502241,-0.7714468430472713,0.3805209265904051,0.6362937751953878,-3.9269345930008965
-0.6439788516266098,0.985343401273363,-0.7650432920153427,0.3411649546306916,0.6439788516266098,-3.941373605093452
-0.6515994877566336,0.9885587672015828,-0.7585631862641983,0.3016724302211712,0.6515994877566336,-3.954235068806331
-0.6591549210199081,0.9913784590735807,-0.7520071742312294,0.26205916038095467,0.6591549210199081,-3.9655138362943227
-0.6666443953754647,0.9938013482979595,-0.7453759119494546,0.2223410004579244,0.6666443953754647,-3.975205393191838
-0.6740671613825695,0.9958264651049507,-0.7386700629818735,0.1825338477825802,0.6740671613825695,-3.9833058604198026
-0.6814224762757166,0.997452998934567,-0.7318902983550679,0.14265363530508143,0.6814224762757166,-3.989811995738268
-0.6887096040389546,0.998680298761033,-0.7250372964920538,0.1027163252180253,0.6887096040389546,-3.994721195044132
-0.6959278154795365,0.9995078733533603,-0.7181117431443941,0.06273790256752058,0.6959278154795365,-3.9980314934134413
-0.703076388300887,0.999935391471964,-0.7111143313235786,0.02273436885512143,0.703076388300887,-3.999741565887856
-0.7101546071748788,0.9999626820012423,-0.7040457612316785,-0.017278264366825363,0.7101546071748788,-3.999850728004969
-0.7171617638134131,0.9995897340180667,-0.6969067401912786,-0.0572839819038629,0.7171617638134131,-3.998358936072267
-0.7240971570392961,0.9988166967961541,-0.6896979825746983,-0.09726677132956457,0.7240971570392961,-3.9952667871846166
-0.7309600928564021,0.9976438797463187,-0.6824202097325079,-0.1372106293945594,0.7309600928564021,-3.990575518985275
-0.7377498845191174,0.9960717522926298,-0.6750741499213467,-0.17709956843188435,0.7377498845191174,-3.984287009170519
-0.7444658526010624,0.9941009436845234,-0.6676605382310485,-0.2169176227561065,0.7444658526010624,-3.9764037747380936
-0.7511073250630778,0.9917322427449422,-0.6601801165110838,-0.25664885505364743,0.7511073250630778,-3.966928970979769
-0.7576736373204733,0.9889665975546073,-0.6526336332963264,-0.2962773627617444,0.7576736373204733,-3.955866390218429
-0.7641641323095292,0.985805115072545,-0.6450218437321518,-0.3357872844335023,0.7641641323095292,-3.94322046029018
-0.7705781605532462,0.9822490606930231,-0.637345509498871,-0.37516280608649794,0.7705781605532462,-3.9289962427720924
-0.7769150802263359,0.9782998577390727,-0.6296053987355144,-0.4143881675323756,0.7769150802263359,-3.9131994309562907
-0.7831742572194471,0.9739590868927966,-0.6218022859629637,-0.45344766868493097,0.7831742572194471,-3.8958363475711866
-0.7893550652026159,0.9692284855626982,-0.6139369520064533,-0.49232567584410364,0.7893550652026159,-3.876913942250793
-0.7954568856879407,0.9641099471882768,-0.6060101839174342,-0.5310066279534301,0.7954568856879407,-3.8564397887531072
-0.8014791080914743,0.9586055204821701,-0.5980227748948153,-0.5694750428284205,0.8014791080914743,-3.8344220819286803
-0.8074211297943187,0.952717408610153,-0.5899755242055945,-0.607715523353336,0.8074211297943187,-3.810869634440612
-0.8132823562029289,0.9464479683093111,-0.5818692371048776,-0.6457127636439508,0.8132823562029289,-3.7857918732372444
-0.819062200808611,0.939799708944749,-0.5737047247553,-0.6834515551737816,0.819062200808611,-3.759198835778996
-0.8247600852462112,0.9327752915052082,-0.5654828041458576,-0.7209167928613504,0.8247600852462112,-3.731101166020833
-0.8303754393519923,0.925377527537996,-0.5572042980101515,-0.7580934811160572,0.8303754393519923,-3.701510110151984
-0.8359077012206848,0.9176093780236564,-0.5488700347440644,-0.7949667398401984,0.8359077012206848,-3.6704375120946255
-0.8413563172617156,0.9094739521908265,-0.5404808483228646,-0.8315218103847865,0.8413563172617156,-3.637895808763306
-0.8467207422546054,0.9009745062717545,-0.5320375782177516,-0.8677440614567598,0.8467207422546054,-3.603898025087018
-0.8520004394035235,0.8921144421989857,-0.5235410693118571,-0.9036189949751889,0.8520004394035235,-3.568457768795943
-0.8571948803910049,0.8828973062437245,-0.5149921718156993,-0.9391322518741967,0.8571948803910049,-3.531589224974898
-0.8623035454308158,0.8733267875964281,-0.506391741182106,-0.9742696178502199,0.8623035454308158,-3.4933071503857125
-0.8673259233199667,0.8634067168901955,-0.49774063802061336,-1.009017029051331,0.8673259233199667,-3.453626867560782
-0.8722615114898679,0.8531410646675409,-0.48903972801134593,-1.0433605777063553,0.8722615114898679,-3.4125642586701637
-0.8771098160566163,0.8425339397911743,-0.4802898818183958,-1.0772865176914854,0.8771098160566163,-3.370135759164697
-0.8818703518704188,0.8315895877994138,-0.4714919750026968,-1.1107812700322255,0.8818703518704188,-3.3263583511976553
-0.8865426425641394,0.8203123892068905,-0.46264688793440795,-1.1438314283384294,0.8865426425641394,-3.281249556827562
-0.891126220600965,0.8087068577512382,-0.45375550570482365,-1.176423764170239,0.891126220600965,-3.2348274310049527
-0.8956206273211921,0.7967776385864509,-0.4448187180378028,-1.2085452323328227,0.8956206273211921,-3.1871105543458036
-0.9000254129881219,0.7845295064236444,-0.4358374192007388,-1.2401829760977578,0.9000254129881219,-3.1381180256945775
-0.9043401368330637,0.7719673636199632,-0.4268125079150745,-1.2713243323489778,0.9043401368330637,-3.087869454479853
-0.908564367099442,0.7590962382163905,-0.4177448872663679,-1.3019568366512384,0.908564367099442,-3.036384952865562
-0.9126976810859984,0.7459212819252642,-0.4086354646139285,-1.332068228239035,0.9126976810859984,-2.9836851277010568
-0.9167396651890908,0.7324477680682828,-0.3994851515000199,-1.3616464549240246,0.9167396651890908,-2.9297910722731313
-0.9206899149440819,0.7186810894658369,-0.3902948635586423,-1.3906796779189632,0.9206899149440819,-2.8747243578633475
-0.9245480350658106,0.704626756278521,-0.38106552042391434,-1.4191562765762054,0.9245480350658106,-2.818507025114084
-0.9283136394881473,0.6902903938016685,-0.3717980456380454,-1.4470648530389196,0.9283136394881473,-2.761161575206674
-0.9319863514026261,0.6756777402138082,-0.36249336655892167,-1.4743942368031169,0.9319863514026261,-2.702710960855233
-0.9355658032961499,0.660794644279941,-0.35315241426730987,-1.5011334891886814,0.9355658032961499,-2.643178577119764
-0.9390516369877675,0.6456470630105449,-0.3437761234736846,-1.5272719077176238,0.9390516369877675,-2.5825882520421795
-0.9424435036645129,0.6302410592772701,-0.3343654324247009,-1.552799030397771,0.9424435036645129,-2.5209642371090806
-0.9457410639163109,0.6145827993862494,-0.32492128280930505,-1.5777046399102226,0.9457410639163109,-2.4583311975449975
-0.9489439877699412,0.5986785506100082,-0.31544461966450116,-1.6019787676988728,0.9489439877699412,-2.3947142024400327
-0.9520519547220556,0.5825346786789765,-0.3059363912807904,-1.6256116979603483,0.9520519547220556,-2.330138714715906
-0.9550646537712512,0.5661576452335763,-0.29639754910727617,-1.6485939715327993,0.9550646537712512,-2.264630580934305
-0.9579817834491896,0.5495540052379305,-0.286829047656457,-1.6709163896819597,0.9579817834491896,-2.198216020951722
-0.9608030518507644,0.5327304043562168,-0.2772318444087137,-1.692570017782971,0.9608030518507644,-2.130921617424867
-0.9635281766633117,0.5156935762927114,-0.26760689971649454,-1.713546188896504,0.9635281766633117,-2.0627743051708456
-0.9661568851948579,0.49845034009661027,-0.2579551767082222,-1.7338365072377195,0.9661568851948579,-1.993801360386441
-0.9686889144014083,0.4810075974326762,-0.24827764119191456,-1.7534328515367157,0.9686889144014083,-1.9240303897307047
-0.971124010913269,0.46337232981881926,-0.23857526155853795,-1.772327378289101,0.971124010913269,-1.853489319275277
-0.9734619310603999,0.4455515958317296,-0.22884900868510938,-1.790512524895371,0.9734619310603999,-1.7822063833269184
-0.9757024408967975,0.42755252828165113,-0.21909985583754138,-1.8079810126878744,0.9757024408967975,-1.7102101131266045
-0.9778453162239058,0.40938233135745156,-0.20932877857325222,-1.8247258498441215,0.9778453162239058,-1.6375293254298062
-0.9798903426130502,0.3910482777431225,-0.19953675464354684,-1.840740334185284,0.9798903426130502,-1.56419311097249
-0.9818373154268955,0.3725577057068561,-0.18972476389577372,-1.8560180558587718,0.9818373154268955,-1.4902308228274244
-0.9836860398399213,0.35391801616388735,-0.17989378817528087,-1.8705528999037888,0.9836860398399213,-1.4156720646555494
-0.985436330857919,0.33513666971424805,-0.17004481122716406,-1.8843390486988725,0.985436330857919,-1.3405466788569922
-0.9870880133365034,0.3162211836566302,-0.16017881859782487,-1.8973709842904205,0.9870880133365034,-1.2648847346265208
-0.9886409219986372,0.29717912897957166,-0.15029679753635633,-1.909643490601262,0.9886409219986372,-1.1887165159182866
-0.9900949014511712,0.2780181273311351,-0.1403997368957496,-1.9211516555184172,0.9900949014511712,-1.1120725093245405
-0.9914498062003927,0.25874584796831873,-0.1304886270339443,-1.9318908728591848,0.9914498062003927,-1.034983391873275
-0.9927055006665852,0.23937000468741151,-0.12056445971472836,-1.9418568442147826,0.9927055006665852,-0.9574800187496461
-0.9938618591975954,0.2198983527365126,-0.11062822800849295,-1.9510455806708036,0.9938618591975954,-0.8795934109460504
-0.9949187660814057,0.20033868571147695,-0.10068092619286514,-1.9594534044037875,0.9949187660814057,-0.8013547428459078
-0.9958761155577139,0.18069883243649656,-0.09072354965321212,-1.9670769501532845,0.9958761155577139,-0.7227953297459863
-0.9967338118285163,0.1609866538305813,-0.08075709478303439,-1.973913166568816,0.9967338118285163,-0.6439466153223252
-0.9974917690676928,0.14121003976120944,-0.07078255888426609,-1.9799593174311816,0.9974917690676928,-0.5648401590448378
-0.9981499114295964,0.12137690588637397,-0.06080094006747561,-1.985212982747645,0.9981499114295964,-0.48550762354549587
-0.9987081730566421,0.10149519048631502,-0.05081323715198968,-1.9896720597205426,0.9987081730566421,-0.40598076194526006
-0.9991664980858966,0.08157285128619744,-0.0408204495659465,-1.993334763588936,0.9991664980858966,-0.32629140514478977
-0.9995248406546695,0.06161786227099694,-0.03082357724628356,-1.9961996283429695,0.9995248406546695,-0.24647144908398777
-0.9997831649051012,0.0416382104938956,-0.020823620538683443,-1.9982655073106437,0.9997831649051012,-0.1665528419755824
-0.9999414449877523,0.021641892879431024,-0.010821580097470659,-1.999531573616776,0.9999414449877523,-0.0865675715177241
-0.999999665064189,0.0016369130226943792,-0.0008184567854776767,-1.9999973205139612,0.999999665064189,-0.006547652090777517
-0.9999578193085692,-0.018368722014125496,0.009184748426101978,-1.999662561585397,0.9999578193085692,0.07347488805650199
-0.9998159119082246,-0.03836700490660345,0.019187034557880314,-1.998527430819499,0.9998159119082246,0.1534680196264138
-0.9995739570632419,-0.05834993127303545,0.029187400722437848,-1.9965923825562713,0.9995739570632419,0.2333997250921418
-0.9992319789850423,-0.07830950287821824,0.0391848462244774,-1.9938581913054563,0.9992319789850423,0.31323801151287295
-0.9987900118939581,-0.09823773083477758,0.049178370660963075,-1.9903259514365317,0.9987900118939581,0.3929509233391103
-0.9982481000158088,-0.11812663880073741,0.059166974021221126,-1.9859970767406885,0.9982481000158088,0.47250655520294965
-0.9976062975774755,-0.13796826617208355,0.06914965678700957,-1.9808732998649552,0.9976062975774755,0.5518730646883342
-0.996864668801475,-0.15775467126902812,0.07912542003253849,-1.9749566716186975,0.996864668801475,0.6310186850761125
-0.9960232878995323,-0.17747793451468383,0.08909326552442307,-1.9682495601527785,0.9960232878995323,0.7099117380587353
-0.9950822390651559,-0.19713016160490887,0.0990521958215763,-1.9607546500116964,0.9950822390651559,0.7885206464196355
-0.9940416164652119,-0.2167034866680276,0.10900121437501782,-1.9524749410590856,0.9940416164652119,0.8668139466721104
-0.9929015242305016,-0.23619007541317127,0.11893932562759359,-1.943413747277013,0.9929015242305016,0.9447603016526851
-0.991662076445341,-0.25558212826598664,0.12886553511360074,-1.9335746954395414,0.991662076445341,1.0223285130639466
-0.9903233971361458,-0.2748718834904323,0.13877884955829434,-1.9229617236611052,0.9903233971361458,1.0994875339617292
-0.9888856202590198,-0.2940516202954454,0.14867827697728286,-1.9115790798202654,0.9888856202590198,1.1762064811817816
-0.9873488896863506,-0.31311366192522017,0.15856282677579475,-1.8994313198594772,0.9873488896863506,1.2524546477008807
-0.9857133591924131,-0.33205037873184545,0.16843150984779773,-1.886523305961565,0.9857133591924131,1.3282015149273818
-0.9839791924379819,-0.3508541912291045,0.17828333867497817,-1.872860204603612,0.9839791924379819,1.403416764916418
-0.9821465629539543,-0.3695175731261889,0.18811732742555698,-1.8584474844890633,0.9821465629539543,1.4780702925047555
-0.9802156541239861,-0.38803305434012053,0.19793249205293695,-1.8432909143588563,0.9802156541239861,1.5521322173604821
-0.9781866591661404,-0.406393223985685,0.20772785039417563,-1.82739656068246,0.9781866591661404,1.62557289594274
-0.9760597811135541,-0.4245907333416536,0.21750242226826116,-1.810770785229756,0.9760597811135541,1.6983629333666144
-0.9738352327941204,-0.4426182987921398,0.2272552295741975,-1.7934202425247152,0.9738352327941204,1.7704731951685593
-0.9715132368091924,-0.4604687047418963,0.23698529638888155,-1.775351877181896,0.9715132368091924,1.841874818967585
-0.9690940255113082,-0.47813480650437185,0.24669164906475455,-1.756572921126848,0.9690940255113082,1.9125392260174874
-0.9665778409809402,-0.4956095331614038,0.2563733163272344,-1.737090890701503,0.9665778409809402,1.9824381326456153
-0.9639649350022717,-0.5128858903933754,0.26602932937190643,-1.7169135836557348,0.9639649350022717,2.0515435615735016
-0.9612555690380009,-0.5299569632787149,0.27565872196146635,-1.6960490760262839,0.9612555690380009,2.1198278531148596
-0.9584500142031781,-0.5468159190616229,0.2852605305224115,-1.6745057189042893,0.9584500142031781,2.1872636762464914
-0.9555485512380764,-0.5634560098868975,0.2948337942414564,-1.6522921350927462,0.9555485512380764,2.25382403954759
-0.9525514704800988,-0.5798705755007908,0.3043775551616797,-1.6294172156551947,0.9525514704800988,2.319482302003163
-0.9494590718347254,-0.5960530459168031,0.3138908582783858,-1.6058901163570334,0.9494590718347254,2.3842121836672123
-0.9462716647455035,-0.6119969440453337,0.32337275163466306,-1.581720254000906,0.9462716647455035,2.4479877761813347
-0.9429895681630822,-0.6276958882861645,0.3328222864166456,-1.5569173026575853,0.9429895681630822,2.510783553144658
-0.9396131105132972,-0.6431435950827158,0.34223851704845604,-1.5314911897938948,0.9396131105132972,2.572574380330863
-0.936142629664306,-0.6583338814370597,0.35162050128682504,-1.5054520922992074,0.936142629664306,2.633335525748239
-0.932578472892778,-0.673260667384693,0.3609673003153807,-1.478810432412103,0.932578472892778,2.693042669538772
-0.9289209968491459,-0.6879179784280544,0.37027797883858704,-1.4515768735488435,0.9289209968491459,2.7516719137122174
-0.9251705675219163,-0.7022999479278429,0.3795516051753377,-1.4237623160352983,0.9251705675219163,2.8091997917113716
-0.9213275602010452,-0.7164008194511637,0.388787251352188,-1.3953778927440423,0.9213275602010452,2.865603277804655
-0.9173923594403871,-0.730214949075553,0.3979839931962083,-1.3664349646384018,0.9173923594403871,2.920859796302212
-0.9133653590192122,-0.743736807647982,0.40714091042746553,-1.336945116225178,0.9133653590192122,2.974947230591928
-0.9092469619028034,-0.7569609829979186,0.41625708675111095,-1.3069201509179125,0.9092469619028034,3.0278439319916743
-0.9050375802021333,-0.7698821821035664,0.4253316099490692,-1.2763720863125314,0.9050375802021333,3.0795287284142656
-0.9007376351326244,-0.7824952332104189,0.4343635719713235,-1.2453131493772513,0.9007376351326244,3.1299809328416757
-0.8963475569720025,-0.7947950879012656,0.4433520690267755,-1.2137557715587093,0.8963475569720025,3.1791803516050625
-0.8918677850172391,-0.806776823116842,0.4522962016736862,-1.1817125838062246,0.8918677850172391,3.227107292467368
-0.8872987675405914,-0.8184356431263037,0.46119507490968226,-1.1491964115162103,0.8872987675405914,3.2737425725052147
-0.8826409617447487,-0.8297668814467283,0.4700477982613098,-1.11622026939878,0.8826409617447487,3.319067525786913
-0.8778948337170795,-0.8407660027108953,0.478853485873144,-1.0827973562685547,0.8778948337170795,3.363064010843581
-0.873060858382993,-0.8514286044825816,0.487611256596432,-1.0489410497617941,0.873060858382993,3.4057144179303265
-0.8681395194584156,-0.8617504190186507,0.4963202340772652,-1.0146649009819546,0.8681395194584156,3.4470016760746027
-0.8631313094013856,-0.8717273149772352,0.5049795468442752,-0.9799826290758019,0.8631313094013856,3.486909259908941
-0.858036729362778,-0.8813552990713154,0.5135883283958339,-0.9449081157422923,0.858036729362778,3.5254211962852615
-0.8528562891361543,-0.8906305176670487,0.5221457172867632,-0.9094553996763663,0.8528562891361543,3.562522070668195
-0.847590507106749,-0.8995492583262027,0.5306508572145381,-0.8736386709499039,0.847590507106749,3.5981970333048108
-0.8422399101995993,-0.908107951292066,0.5391028971049691,-0.8374722653321165,0.8422399101995993,3.632431805168264
-0.836805033826816,-0.916303170918259,0.5475009911973688,-0.8009706585515947,0.836805033826816,3.665212683673036
-0.8312864218340076,-0.9241316370398602,0.5558442991291828,-0.7641484605023504,0.8312864218340076,3.696526548159441
-0.8256846264458604,-0.9315902162863026,0.5641319860200802,-0.7270204093961603,0.8256846264458604,3.7263608651452103
-0.8200002082108777,-0.9386759233355183,0.5723632225555002,-0.6896013658635315,0.8200002082108777,3.754703693342073
-0.814233735945291,-0.9453859221088212,0.5805371850696336,-0.651906307005704,0.814233735945291,3.781543688435285
-0.8083857866761395,-0.951717526906058,0.5886530556278454,-0.6139503204000031,0.8083857866761395,3.806870107624232
-0.8024569455835272,-0.9576682034805715,0.5967100221085248,-0.5757485980609758,0.8024569455835272,3.830672813922286
-0.7964478059420708,-0.9632355700535373,0.6047072782843461,-0.5373164303597533,0.7964478059420708,3.8529422802141493
-0.7903589690615295,-0.9684173982672825,0.6126440239029483,-0.49866919990401515,0.7903589690615295,3.87366959306913
-0.7841910442266364,-0.9732116140771915,0.6205194647670108,-0.45982237538104975,0.7841910442266364,3.892846456308766
-0.7779446486361293,-0.9776162985818503,0.6283328128137263,-0.4207915053663629,0.7779446486361293,3.910465194327401
-0.7716204073409886,-0.9816296887910946,0.636083286193661,-0.3815922121002929,0.7716204073409886,3.9265187551643783
-0.7652189531818941,-0.9852501783316501,0.6437701093489865,-0.3422401852351757,0.7652189531818941,3.9410007133266003
-0.7587409267258979,-0.9884763180900902,0.6513925130910899,-0.302751175555497,0.7587409267258979,3.9539052723603607
-0.752186976202323,-0.99130681679285,0.6589497346775443,-0.26314098867357616,0.752186976202323,3.9652272671714
-0.7455577574379023,-0.9937405415230609,0.6664410178884295,-0.22342547870333615,0.7455577574379023,3.9749621660922436
-0.7388539337911495,-0.9957765181740051,0.6738656131020069,-0.18362054191462573,0.7388539337911495,3.9831060726960206
-0.7320761760859805,-0.9974139318390061,0.6812227773697298,-0.14374211037068627,0.7320761760859805,3.9896557273560243
-0.7252251625445872,-0.9986521271375964,0.6885117744905871,-0.1038061455512919,0.7252251625445872,3.9946085085503857
-0.7183015787195686,-0.9994906084778375,0.6957318750847739,-0.06382863196409813,0.7183015787195686,3.99796243391135
-0.7113061174253335,-0.9999290402546809,0.7028823566666742,-0.02382557074680865,0.7113061174253335,3.9997161610187235
-0.7042394786687718,-0.9999672469842955,0.7099625037171586,0.016187026737345733,0.7042394786687718,3.999868987937182
-0.6971023695792066,-0.9996052133743062,0.7169716077551853,0.056193145308221185,0.6971023695792066,3.9984208534972248
-0.6898955043376369,-0.998843084329914,0.7239089674086913,0.0961767723788706,0.6898955043376369,3.995372337319656
-0.6826196041052712,-0.9976811648958976,0.730773888484778,0.13612190436465096,0.6826196041052712,3.9907246595835906
-0.6752753969513643,-0.996119920134518,0.7375656840391759,0.17601255308870975,0.6752753969513643,3.984479680538072
-0.6678636177803623,-0.9941599749393761,0.7442836744449834,0.21583275218130432,0.6678636177803623,3.9766398997575045
-0.6603850082583623,-0.9918021137852959,0.7509271874606769,0.2555665634704106,0.6603850082583623,3.9672084551411837
-0.6528403167389001,-0.9890472804143372,0.7574955582973755,0.29519808336101033,0.6528403167389001,3.956189121657349
-0.6452302981880635,-0.9858965774580585,0.7639881296853653,0.3347114492005702,0.6452302981880635,3.943586309832234
-0.6375557141089447,-0.9823512659961847,0.7704042519398718,0.37409084562813394,0.6375557141089447,3.929405063984739
-0.6298173324654431,-0.9784127650518569,0.7767432830260674,0.413320510904454,0.6298173324654431,3.9136510602074277
-0.6220159276054159,-0.9740826510236625,0.7830045886233197,0.452384743220696,0.6220159276054159,3.89633060409465
-0.6141522801831931,-0.9693626570546761,0.7891875421886642,0.4912679069831385,0.6141522801831931,3.8774506282187042
-0.6062271770814613,-0.9642546723387642,0.7952915250195003,0.5299544390713697,0.6062271770814613,3.8570186893550567
-0.5982414113325208,-0.9587607413644263,0.8013159263155036,0.5684288550674943,0.5982414113325208,3.8350429654577054
-0.5901957820389342,-0.9528830630964846,0.8072601432397433,0.6066757554538035,0.5901957820389342,3.8115322523859385
-0.5820910942935614,-0.9466239900959393,0.8131235809790073,0.6446798317764966,0.5820910942935614,3.7864959603837574
-0.5739281590989956,-0.9399860275783458,0.8189056528033238,0.682425872772952,0.5739281590989956,3.7599441103133833
-0.5657077932864132,-0.9329718324110975,0.8246057801246707,0.719898770460067,0.5657077932864132,3.73188732964439
-0.5574308194338347,-0.9255842120500027,0.8302233925548735,0.7570835261812943,0.5574308194338347,3.702336848200011
-0.5490980657838128,-0.9178261234155918,0.835757927962682,0.793965256609902,0.5490980657838128,3.671304493662367
-0.5407103661605551,-0.9097006717095999,0.8412088325300195,0.8305291997060738,0.5407103661605551,3.6388026868383996
-0.5322685598864828,-0.9012111091720965,0.8465755608074035,0.8667607206254785,0.5322685598864828,3.604844436688386
-0.5237734916982486,-0.8923608337797693,0.8518575757685228,0.9026453175768986,0.5237734916982486,3.569443335119077
-0.5152260116622046,-0.8831533878858706,0.8570543488639782,0.938168627626631,0.5152260116622046,3.5326135515434824
-0.5066269750893376,-0.8735924568023752,0.8621653600741727,0.9733164324473108,0.5066269750893376,3.4943698272095007
-0.49797724244968594,-0.8636818673249269,0.8671900979613447,1.0080746640088267,0.49797724244968594,3.4547274692997076
-0.48927767928623334,-0.8534255862011468,0.8721280597207487,1.0424294102091112,0.48927767928623334,3.4137023448045873
-0.4805291561282977,-0.8428277185429297,0.8769787512309668,1.0763669204425041,0.4805291561282977,3.371310874171719
-0.47173254840442225,-0.83189250618336,0.8817416871033542,1.1098736111034775,0.47173254840442225,3.32757002473344
-0.46288873635477135,-0.8206243259788994,0.8864163907306108,1.142936071023532,0.46288873635477135,3.282497303915598
-0.4539986049430534,-0.809027688057541,0.8910023943344717,1.1755410668390454,0.4539986049430534,3.236110752230164
-0.4450630437679641,-0.7971072340136118,0.895499239012516,1.2076755482879813,0.4450630437679641,3.1884289360544473
-0.43608294697416505,-0.784867735049956,0.8999064747840897,1.23932665343331,0.43608294697416505,3.139470940199824
-0.4270592131628158,-0.7723140900682501,0.9042236606353301,1.2704817138110265,0.4270592131628158,3.0892563602730005
-0.4179927453016508,-0.759451323708197,0.9084503645632981,1.301128259500757,0.4179927453016508,3.037805294832788
-0.4088844506346243,-0.7462845843363974,0.9125861636192066,1.3312540241168858,0.4088844506346243,2.9851383373455898
-0.39973524059112686,-0.7328191419856996,0.9166306439507431,1.3608469497182156,0.39973524059112686,2.9312765679427986
-0.39054603069477906,-0.719060386245846,0.9205834008434829,1.3898951916342106,0.39054603069477906,2.876241544983384
-0.38131774047182404,-0.7050138241062779,0.9244440387613858,1.4183871232058507,0.38131774047182404,2.8200552964251115
-0.37205129335911147,-0.6906850777519413,0.9282121713863767,1.4463113404392496,0.37205129335911147,2.7627403110077653
-0.3627476166116908,-0.6760798823129834,0.9318874216570034,1.4736566665701512,0.3627476166116908,2.7043195292519338
-0.35340764121002965,-0.661204083569255,0.9354694218061662,1.5004121565374517,0.35340764121002965,2.64481633427702
-0.34403230176685096,-0.6460636356105112,0.9389578133979196,1.5265671013640096,0.34403230176685096,2.5842545424420447
-0.3346225364336111,-0.6306645984532688,0.9423522473633394,1.5521110324429463,0.3346225364336111,2.5226583938130753
-0.32517928680662395,-0.6150131356152644,0.9456523840354527,1.5770337257277416,0.32517928680662395,2.4600525424610575
-0.31570349783283547,-0.5991155116484798,0.9488578931832273,1.6013252058244514,0.31570349783283547,2.396462046593919
-0.30619611771527216,-0.5829780896317416,0.9519684540446155,1.6249757499843807,0.30619611771527216,2.3319123585269663
-0.2966580978181557,-0.5666073286238733,0.954983755358652,1.6479758919956542,0.2966580978181557,2.2664293144954932
-0.28709039257170116,-0.55000978107843,0.9579034953966012,1.670316425972106,0.28709039257170116,2.20003912431372
-0.2774939593766165,-0.5331920902210651,0.960727381992149,1.691988410037955,0.2774939593766165,2.1327683608842603
-0.26786975850829575,-0.5161609873905502,0.9634551325706389,1.7129831699068294,0.26786975850829575,2.0646439495622007
-0.2582187530207292,-0.4989232893445354,0.9660864741773479,1.7332923023536786,0.2582187530207292,1.9956931573781416
-0.24854190865013553,-0.48148589553112,0.9686211435048007,1.7529076785781907,0.24854190865013553,1.92594358212448
-0.23884019371832094,-0.46385578532731814,0.9710588869191172,1.7718214474583798,0.23884019371832094,1.8554231413092726
-0.2291145790357885,-0.4460400152455487,0.9733994604853926,1.7900260386930138,0.2291145790357885,1.7841600609821948
-0.21936603780459046,-0.42804571610923714,0.9756426299921068,1.80751416583166,0.21936603780459046,1.7121828644369486
-0.20959554552094153,-0.4098800901986739,0.9777881709745618,1.8242788291911156,0.20959554552094153,1.6395203607946955
-0.19980407987760995,-0.3915504083682864,0.979835868737342,1.8403133186570466,0.19980407987760995,1.5662016334731457
-0.18999262066608053,-0.37306400713644855,0.9817855183757982,1.8556112163697394,0.18999262066608053,1.4922560285457942
-0.18016214967851185,-0.35442828574901497,0.9836369247965518,1.8701663992928699,0.18016214967851185,1.4177131429960599
-0.17031365060949308,-0.3356507032177493,0.9853899027370169,1.8839730416642702,0.17031365060949308,1.3426028128709973
-0.16044810895760644,-0.3167387753348224,0.9870442767839385,1.8970256173277122,0.16044810895760644,1.2669551013392897
-0.15056651192681755,-0.2977000716646004,0.9885998813909455,1.909318901944766,0.15056651192681755,1.1908002866584015
-0.14066984832768736,-0.2785422125138956,0.9900565608951164,1.9208479750858618,0.14066984832768736,1.1141688500555824
-0.13075910847842348,-0.2592728658819073,0.9914141695325561,1.9316082221997115,0.13075910847842348,1.0370914635276292
-0.12083528410578825,-0.2398997443910887,0.9926725714529809,1.9415953364602938,0.12083528410578825,0.9595989775643547
-0.11089936824585732,-0.2204306022001366,0.9938316407333134,1.950805320490679,0.11089936824585732,0.8817224088005464
-0.10095235514465144,-0.20087323190036419,0.9948912613902828,1.9592344879629926,0.10095235514465144,0.8034929276014567
-0.09099524015864735,-0.1812354613966912,0.995851327392031,1.9668794650738803,0.09099524015864735,0.7249418455867648
-0.08102901965517294,-0.16152515077449117,0.9967117426687224,1.9737371918948865,0.08102901965517294,0.6461006030979647
-0.07105469091271026,-0.14175018915357537,0.9974724211221577,1.9798049235971968,0.07105469091271026,0.5670007566143015
-0.061073252021099325,-0.12191849153054041,0.9981332866343889,1.9850802315502691,0.061073252021099325,0.48767396612216163
-0.0510857017816607,-0.10203799561075813,0.9986942730753368,1.989561004293901,0.0510857017816607,0.4081519824430325
-0.041093039607254925,-0.08211665863129222,0.9991553243094071,1.9932454483833464,0.041093039607254925,0.3284666345251689
-0.03109626542227186,-0.06216245417597962,0.9995163942011095,1.9961320891071506,0.03109626542227186,0.24864981670391847
-0.02109637956257325,-0.04218336898397785,0.9997774466196724,1.9982197710774074,0.02109637956257325,0.1687334759359114
-0.011094382675394159,-0.022187399753046875,0.9999384554426597,1.9995076586922076,0.011094382675394159,0.0887495990121875
-0.0010912756192087765,-0.0021825499388361536,0.9999994045585842,1.9999952364700917,0.0010912756192087765,0.008730199755344614
0.008911940636416019,0.017823173448515445,0.9999602878685198,1.999682309256372,-0.008911940636416019,-0.07129269379406178
0.018914265110986216,0.03782176304921839,0.999821109286712,1.9985690023012452,-0.018914265110986216,-0.15128705219687355
0.028914696913247308,0.05780521435881118,0.999581882740186,1.9966557612096603,-0.028914696913247308,-0.23122085743524473
0.03891223534133402,0.07776552893198023,0.9992426321673533,1.9939433517629626,-0.03891223534133402,-0.3110621157279209
0.04890587998290995,0.09769471758397227,0.9988033915156161,1.9904328596123888,-0.04890587998290995,-0.3907788703358891
0.05889463081527381,0.11758480358829136,0.9982642047379705,1.9861256898445303,-0.05889463081527381,-0.47033921435316545
0.0688774883054267,0.13742782586940938,0.997625125788608,1.9810235664189433,-0.0688774883054267,-0.5497113034776375
0.07885345351009475,0.15721584218922102,0.9968862186175167,1.9751285314781253,-0.07885345351009475,-0.6288633687568841
0.08882152817568396,0.17694093232594146,0.9960475571640824,1.9684429445301448,-0.08882152817568396,-0.7077637293037659
0.09878071483817394,0.1965952012442077,0.9951092253496896,1.9609694815042376,-0.09878071483817394,-0.7863808049768308
0.10873001692293266,0.21617078225509895,0.9940713170693232,1.9527111336797551,-0.10873001692293266,-0.8646831290203958
0.11866843884443432,0.23565984016479544,0.9929339361821736,1.943671206488899,-0.11866843884443432,-0.9426393606591817
0.1285949861058869,0.2550545744106489,0.9916971965012439,1.933853318193707,-0.1285949861058869,-1.0202182976425955
0.13850866539874654,0.27434722218338287,0.9903612217819607,1.9232613984378322,-0.13850866539874654,-1.0973888887335315
0.14840848470211293,0.29353006153418204,0.988926145709791,1.9118996866736908,-0.14840848470211293,-1.1741202461367282
0.1582934533820002,0.312595414465436,0.9873921118868636,1.899772730465602,-0.1582934533820002,-1.250381657861744
0.1681625822904604,0.33153565000387364,0.985759273817601,1.8868853836696164,-0.1681625822904604,-1.3261426000154946
0.178014883864566,0.3503431872548922,0.9840277948933582,1.8732428044907403,-0.178014883864566,-1.4013727490195689
0.18784937222523376,0.369010498436841,0.9821978483760722,1.8588504534183423,-0.18784937222523376,-1.476041993747364
0.19766506327587263,0.387530111894032,0.9802696173809251,1.8437140910405811,-0.19766506327587263,-1.550120447576128
0.20746097480086143,0.40589461508730296,0.9782432948580206,1.8278397757387053,-0.20746097480086143,-1.6235784603492118
0.2172361265638343,0.42409665756090936,0.976119083573076,1.811233861262167,-0.2172361265638343,-1.6963866302436375
0.22698954040576813,0.4421289538845688,0.9738971960871323,1.7939029941855127,-0.22698954040576813,-1.7685158155382752
0.23672024034286626,0.4599842865694854,0.9715778547352835,1.7758541112480626,-0.23672024034286626,-1.8399371462779417
0.24642725266421606,0.4776555089571656,0.9691612916044298,1.7570944365774666,-0.24642725266421606,-1.9106220358286623
0.25610960602922656,0.49513554807989696,0.9666477485100529,1.7376314787982174,-0.25610960602922656,-1.9805421923195878
0.2657663315648292,0.5124174074917333,0.9640374769720176,1.717473028026293,-0.2657663315648292,-2.049669629966933
0.27539646296242387,0.5294941700688361,0.961330738189405,1.6966271527511452,-0.27539646296242387,-2.1179766802753446
0.2849990365745767,0.5463590007780845,0.9585278030143742,1.6751021966062525,-0.2849990365745767,-2.185436003112338
0.2945730915114474,0.5630051494128184,0.9556289519250599,1.6529067750295536,-0.2945730915114474,-2.2520205976512737
0.3041176697369409,0.5794259532946309,0.9526344749975055,1.6300497718150917,-0.3041176697369409,-2.3177038131785235
0.3136318161645772,0.5956148399401339,0.9495446718766363,1.6065403355572354,-0.3136318161645772,-2.3824593597605355
0.323114578753058,0.6115653296916089,0.9463598517462762,1.5823878759889356,-0.323114578753058,-2.4462613187664357
0.33256500860153604,0.6272710383105164,0.9430803332982086,1.557602060215441,-0.33256500860153604,-2.509084153242066
0.34198216004457016,0.6427256795328138,0.9397064447002851,1.532192808845,-0.34198216004457016,-2.570902718131255
0.3513650907467491,0.6579230675850456,0.9362385235635888,1.506170292018115,-0.3513650907467491,-2.6316922703401824
0.3607128617969907,0.6728571196602265,0.9326769169086502,1.4795449253369004,-0.3607128617969907,-2.691428478640906
0.37002453780249345,0.6875218583525042,0.9290219811307218,1.4523273656962044,-0.37002453780249345,-2.750087433410017
0.3792991869823373,0.7019114140496355,0.9252740819641162,1.424528507018152,-0.3792991869823373,-2.807645656198542
0.38853588126072564,0.716020027282324,0.9214335944456069,1.3961594758918052,-0.38853588126072564,-2.864080109129296
0.39773369635984984,0.7298420510294598,0.9175009028769022,1.3672316271197231,-0.39773369635984984,-2.919368204117839
0.40689171189237966,0.7433719529783632,0.9134764007861882,1.3377565391731547,-0.40689171189237966,-2.973487811913453
0.41600901145356567,0.7566043177391156,0.9093604908887493,1.3077460095577083,-0.41600901145356567,-3.0264172709564625
0.4250846827129347,0.7695338490120802,0.9051535850466724,1.2772120500913744,-0.4250846827129347,-3.078135396048321
0.4341178175055866,0.7821553717077697,0.9008561042276321,1.2461668820967449,-0.4341178175055866,-3.128621486831079
0.4431075119230694,0.7944638340181921,0.8964684784627661,1.2146229315093875,-0.4431075119230694,-3.1778553360727684
0.45205286640382936,0.8064543094388532,0.8919911468036449,1.1825928239043264,-0.45205286640382936,-3.225817237755413
0.46095298582322897,0.8181219987406118,0.8874245572783357,1.1500893794426004,-0.46095298582322897,-3.272487994962447
0.469806979583114,0.8294622318905804,0.8827691668465724,1.1171256077399658,-0.469806979583114,-3.3178489275623217
0.47861396170093445,0.8404704699213261,0.8780254413540285,1.0837147026597458,-0.47861396170093445,-3.3618818796853045
0.48737305089840316,0.8511423067476105,0.8731938554857006,1.0498700370319303,-0.48737305089840316,-3.404569226990442
0.49608337068967706,0.8614734709299343,0.8682748927184112,1.0156051573006737,-0.49608337068967706,-3.4458938837197373
0.5047440494690669,0.8714598273842005,0.8632690452724273,0.9809337781022723,-0.5047440494690669,-3.485839309536802
0.5133542205982543,0.881097379036794,0.8581768140622065,0.9458697767758355,-0.5133542205982543,-3.524389516147176
0.5219130224930115,0.890382268424424,0.8529987086462729,0.910427187808837,-0.5219130224930115,-3.561529073697696
0.5304195987094203,0.8993107792380904,0.8477352471762263,0.87462019721975,-0.5304195987094203,-3.5972431169523618
0.5388730980295678,0.9078793378105435,0.8423869563448949,0.8384631368800632,-0.5388730980295678,-3.631517351242174
0.5472726745467266,0.9160845145466603,0.8369543713336305,0.8019704787778906,-0.5472726745467266,-3.664338058186641
0.5556174877500036,0.9239230252961528,0.8314380357587537,0.7651568292254983,-0.5556174877500036,-3.695692101184611
0.5639067026084419,0.931391732668057,0.825838501617159,0.7280369230130973,-0.5639067026084419,-3.725566930672228
0.5721394896545816,0.9384876472864869,0.8201563292310771,0.6906256175111798,-0.5721394896545816,-3.7539505891459477
0.580315025067461,0.9452079289871418,0.8143920871920062,0.6529378867238086,-0.580315025067461,-3.780831715948567
0.5884324907550517,0.9515498879540916,0.8085463523038157,0.6149888152952241,-0.5884324907550517,-3.8061995518163663
0.5964910744361249,0.9575109857963866,0.8026197095250261,0.5767935924721492,-0.5964910744361249,-3.8300439431855464
0.6044899697215286,0.9630888365640545,0.7966127519102776,0.538367506024262,-0.6044899697215286,-3.852355346256218
0.6124283761948816,0.9682812077030863,0.7905260805509838,0.4997259361252025,-0.6124283761948816,-3.8731248308123454
0.6203054994926703,0.9730860209490257,0.7843603045151818,0.460884349196595,-0.6203054994926703,-3.892344083796103
0.6281205513837332,0.977501353158798,0.7781160407865879,0.42185829171758,-0.6281205513837332,-3.910005412635192
0.6358727498481381,0.9815254370804575,0.7717939142028571,0.38266338400226874,-0.6358727498481381,-3.92610174832183
0.6435613191554357,0.9851566620605346,0.7653945573930582,0.34331531394766196,-0.6435613191554357,-3.9406266482421386
0.6511854899422824,0.9883935746887068,0.7589186107143701,0.3038298307545183,-0.6511854899422824,-3.9535742987548272
0.6587444992894308,0.9912348793795304,0.7523667221880014,0.2642227386236687,-0.6587444992894308,-3.9649395175181215
0.6662375907980667,0.9936794388910026,0.7457395474343491,0.22450989043035127,-0.6662375907980667,-3.9747177555640105
0.6736640146655021,0.9957262747797475,0.739037749607392,0.184707181379033,-0.6736640146655021,-3.98290509911899
0.6810230277602056,0.997374567792641,0.7322619993283294,0.14483054264128858,-0.6810230277602056,-3.989498271170564
0.6883138936961618,0.9986236581947194,0.7254129746184782,0.10489593497931529,-0.6883138936961618,-3.9944946327788777
0.6955358829065599,0.999473046033241,0.7184913608314245,0.06491934235756876,-0.6955358829065599,-3.997892184132964
0.7026882727167983,0.9999223913377939,0.711497850584443,0.02491676554512955,-0.7026882727167983,-3.9996895653511757
0.7097703474167993,0.99997151425637,0.7044331436891906,-0.015095784288656239,-0.7097703474167993,-3.99988605702548
0.7167813983326292,0.9996203951273518,0.6972979470816767,-0.055102291982717,-0.7167813983326292,-3.998481580509407
0.7237207238974088,0.9988691744873816,0.6900929747515262,-0.09508674479435773,-0.7237207238974088,-3.995476697949526
0.7305876297215185,0.9977181530151118,0.6828189476705325,-0.1350331388084262,-0.7305876297215185,-3.990872612060447
0.7373814286620842,0.9961677914108565,0.6754765937205105,-0.17492548534294577,-0.7373814286620842,-3.984671165643426
0.7441014408917341,0.9942187102121952,0.668066647620464,-0.21474781734861936,-0.7441014408917341,-3.976874840848781
0.7507469939666275,0.9918716895456003,0.6605898508530633,-0.25448419579971,-0.7507469939666275,-3.9674867581824014
0.7573174228937439,0.9891276688141887,0.6530469515904489,-0.2941187160736874,-0.7573174228937439,-3.9565106752567547
0.763812070197425,0.9859877463217229,0.6454387046193649,-0.3336355143171046,-0.763812070197425,-3.9439509852868917
0.7702302859851679,0.98245317883301,0.6377658712656288,-0.37301877379517373,-0.7702302859851679,-3.92981271533204
0.7765714280126536,0.9785253810708785,0.630029219317952,-0.4122527312224481,-0.7765714280126536,-3.914101524283514
0.7828348617480161,0.9742059251499307,0.622229522951109,-0.45132168307214154,-0.7828348617480161,-3.8968237005997226
0.7890199604353381,0.9694965399472963,0.6143675626484666,-0.49020999186153,-0.7890199604353381,-3.8779861597891854
0.7951261051573654,0.9643991104106465,0.6064441251238882,-0.528902092410887,-0.7951261051573654,-3.857596441642586
0.8011526848974411,0.9589156768037347,0.5984600032430083,-0.5673824980735143,-0.8011526848974411,-3.8356627072149387
0.807099096600647,0.9530484338897751,0.5904159959438934,-0.6056358069343221,-0.807099096600647,-3.8121937355591005
0.8129647452341484,0.9467997300529815,0.5823129081570974,-0.6436467079744956,-0.8129647452341484,-3.787198920211926
0.8187490438467389,0.9401720663586157,0.574151550725112,-0.6813999871997966,-0.8187490438467389,-3.760688265434463
0.8244514136275704,0.9331680955519316,0.5659327403212338,-0.7188805337299962,-0.8244514136275704,-3.7326723822077263
0.8300712839640744,0.9257906209964027,0.5576572993678403,-0.756073345847068,-0.8300712839640744,-3.703162483985611
0.8356080924990624,0.9180425955516643,0.5493260559540921,-0.7929635369996866,-0.8356080924990624,-3.6721703822066574
0.8410612851869954,0.909927120391625,0.5409398437530736,-0.8295363417616014,-0.8410612851869954,-3.6397084815665
0.8464303163494268,0.901447443763209,0.5324995019383674,-0.8657771217415627,-0.8464303163494268,-3.605789775052836
0.8517146487296061,0.8926069596862339,0.5240058751000829,-0.9016713714423852,-0.8517146487296061,-3.5704278387449357
0.8569137535462393,0.8834092065949444,0.5154598131603424,-0.9372047240668196,-0.8569137535462393,-3.5336368263797775
0.8620271105464036,0.8738578659217375,0.5068621712882295,-0.972362957267926,-0.8620271105464036,-3.49543146368695
0.8670542080576044,0.8639567606236623,0.49821380981422086,-1.0071319988415974,-0.8670542080576044,-3.4558270424946493
0.8719945430389773,0.8537098536522651,0.48951559414409385,-1.041497932359019,-0.8719945430389773,-3.4148394146090606
0.8768476211316272,0.8431212463674024,0.48076839467232696,-1.0754470027367746,-0.8768476211316272,-3.3724849854696095
0.8816129567080937,0.8321951768956618,0.4719730866950074,-1.108965621742348,-0.8816129567080937,-3.328780707582647
0.8862900729209474,0.8209360184340349,0.46313055032224093,-1.142040373432873,-0.8862900729209474,-3.2837440737361394
0.8908785017505062,0.8093482774995298,0.4542416703900835,-1.174658019524907,-0.8908785017505062,-3.237393109998119
0.8953777840516673,0.7974365921254241,0.4453073363720003,-1.2068055046930968,-0.8953777840516673,-3.1897463685016962
0.8997874695998536,0.7852057300048715,0.43632844228985657,-1.2384699617956292,-0.8997874695998536,-3.140822920019486
0.9041071171360632,0.7726605865826224,0.42730588662446134,-1.269638717024332,-0.9041071171360632,-3.0906423463304895
0.9083362944110261,0.7598061830956021,0.4182405722256577,-1.3002992949774175,-0.9083362944110261,-3.0392247323824084
0.9124745782284587,0.7466476645631406,0.4091334062219761,-1.3304394236528139,-0.9124745782284587,-2.9865906582525623
0.916521554487408,0.7331902977276665,0.39998529992986637,-1.3600470393600594,-0.916521554487408,-2.932761190910666
0.920476818223692,0.7194394689466719,0.390797168762503,-1.3891102915488471,-0.920476818223692,-2.8777578757866875
0.9243399736504213,0.7054006820368044,0.3815699321381842,-1.4176175475522461,-0.9243399736504213,-2.8216027281472176
0.9281106341976039,0.6910795560709474,0.3723045133883305,-1.4455573972427138,-0.9281106341976039,-2.7643182242837896
0.931788422550829,0.6764818231291613,0.36300183966508726,-1.4729186575990492,-0.931788422550829,-2.705927292516645
0.9353729706890214,0.6616133260044065,0.3536628418485537,-1.4996903771824197,-0.9353729706890214,-2.646453304017626
0.9388639199212686,0.6464800158639415,0.3442884544536306,-1.5258618405197213,-0.9388639199212686,-2.585920063455766
0.9422609209227147,0.6310879498673442,0.3348796155365053,-1.5514225723924897,-0.9422609209227147,-2.5243517994693767
0.9455636337695138,0.6154432887421197,0.3254372666007888,-1.5763623420296284,-0.9455636337695138,-2.461773154968479
0.948771727972846,0.5995522943178437,0.3159623525033004,-1.6006711672023204,-0.948771727972846,-2.398209177271375
0.9518848825119882,0.5834213270198442,0.3064558213595206,-1.6243393182194463,-0.9518848825119882,-2.3336853080793767
0.9549027858664365,0.5670568433234213,0.2969186244487176,-1.6473573218219255,-0.9549027858664365,-2.2682273732936853
0.9578251360470799,0.5504653931696144,0.28735171611875376,-1.6697159649744286,-0.9578251360470799,-2.2018615726784576
0.960651640626418,0.533653617343575,0.27775605369059286,-1.691406298552914,-0.960651640626418,-2.1346144693743
0.9633820167678231,0.5166282448165644,0.2681325973625024,-1.7124196409265529,-0.9633820167678231,-2.0665129792662578
0.9660159912538439,0.4993960900526561,0.2584823101139678,-1.7327475814325863,-0.9660159912538439,-1.9975843602106245
0.9685533005135433,0.4819640502812314,0.24880615760933653,-1.752381983742712,-0.9685533005135433,-1.9278562011249256
0.9709936906488739,0.46433910273633394,0.23910510810118438,-1.7713149891196838,-0.9709936906488739,-1.8573564109453358
0.9733369174600845,0.4465283018640089,0.22938013233342736,-1.7895390195627974,-0.9733369174600845,-1.7861132074560355
0.9755827464701559,0.4285387764987385,0.2196322034441842,-1.80704678084101,-0.9755827464701559,-1.714155105994954
0.9777309529482646,0.41037772701009484,0.20986229686839497,-1.8238312654124866,-0.9777309529482646,-1.6415109080403794
0.9797813219322699,0.39205242242077687,0.20007139024021864,-1.8398857552293846,-0.9797813219322699,-1.5682096896831075
0.9817336482502241,0.3735701974971541,0.19026046329520255,-1.8552038244267797,-0.9817336482502241,-1.4942807899886164
0.9835877365409051,0.3549384498134962,0.18043049777224177,-1.8697793418946442,-0.9835877365409051,-1.4197537992539848
0.985343401273363,0.33616463679107816,0.1705824773153458,-1.883606473731838,-0.985343401273363,-1.3446585471643127
0.9870004667654864,0.3172562727133152,0.1607173873752058,-1.896679685581152,-0.9870004667654864,-1.2690250908532608
0.9885587672015828,0.29822092571814646,0.1508362151105856,-1.9089937448444527,-0.9885587672015828,-1.1928837028725858
0.99001814664897,0.2790662147688635,0.14093994928954157,-1.9205437227770459,-0.99001814664897,-1.116264859075454
0.9913784590735807,0.2597998066045872,0.13102958019047733,-1.931324996460429,-0.9913784590735807,-1.0391992264183487
0.9926395683545745,0.2404294126716388,0.12110609950305574,-1.9413332506526237,-0.9926395683545745,-0.9617176506865552
0.9938013482979595,0.2209627860370025,0.1111705002289622,-1.9505644795153692,-0.9938013482979595,-0.88385114414801
0.9948636826492204,0.2014077182851279,0.10122377658253626,-1.9590149882174752,-0.9948636826492204,-0.8056308731405116
0.9958264651049507,0.18177203639933198,0.0912669238912901,-1.9666813944136858,-0.9958264651049507,-0.7270881455973279
0.9966895993234903,0.1620635996290152,0.08130093849630665,-1.973560629598479,-0.9966895993234903,-0.6482543985160608
0.997452998934567,0.1422902963439715,0.07132681765254072,-1.979649940334245,-0.997452998934567,-0.569161185375886
0.9981165875479374,0.12246004087704279,0.061345559429028765,-1.984946889353358,-0.9981165875479374,-0.48984016350817117
0.998680298761033,0.10258077035637293,0.05135816260901265,-1.9894493565337048,-0.998680298761033,-0.41032308142549173
0.9991440761656032,0.08266044152855544,0.04136562659000086,-1.9931555397472664,-0.9991440761656032,-0.33064176611422175
0.9995078733533603,0.06270702757391283,0.03136895128376029,-1.9960639555814284,-0.9995078733533603,-0.25082811029565133
0.9997716539206243,0.04272851491519846,0.021369137016256538,-1.9981734399327218,-0.9997716539206243,-0.17091405966079384
0.999935391471964,0.02273290002101387,0.011367184427560715,-1.9994831484727593,-0.999935391471964,-0.09093160008405549
0.9999990696228397,0.0027281862051875667,0.0013640943717160312,-1.9999925569861803,-0.9999990696228397,-0.010912744820750267
0.9999626820012423,-0.017277619576577186,-0.008639132183412682,-1.99970146158047,-0.9999626820012423,0.06911047830630875
0.9998262322483303,-0.0372765099315122,-0.018641494256300777,-1.9986099787675693,-0.9998262322483303,0.1491060397260488
0.9995897340180667,-0.05726048023477806,-0.02864199095193145,-1.9967185454172378,-0.9995897340180667,0.22904192093911224
0.9992532109758515,-0.07722153183333218,-0.0386396215619458,-1.9940279185821985,-0.9992532109758515,0.3088861273333287
0.9988166967961541,-0.09715167524742256,-0.048633385664782286,-1.9905391751951222,-0.9988166967961541,0.38860670098969025
0.9982802351591439,-0.11704293336840997,-0.05862228322578741,-1.9862537116375822,-0.9982802351591439,0.4681717334736399
0.9976438797463187,-0.13688734465162256,-0.0686053146972797,-1.9811732431811488,-0.9976438797463187,0.5475493786064902
0.9969076942351339,-0.1566769663029986,-0.07858148111857398,-1.9752998033008449,-0.9969076942351339,0.6267078652119944
0.9960717522926298,-0.17640387745821554,-0.08854978421594217,-1.9686357428612402,-0.9960717522926298,0.7056155098328621
0.9951361375680606,-0.19606018235304146,-0.09850922650250568,-1.961183729175512,-0.9951361375680606,0.7842407294121658
0.9941009436845234,-0.2156380134836489,-0.10845881137805324,-1.9529467449378395,-0.9941009436845234,0.8625520539345956
0.9929662742295902,-0.23512953475559994,-0.11839754322876132,-1.9439280870295743,-0.9929662742295902,0.9405181390223998
0.9917322427449422,-0.25452694462027536,-0.12832442752682371,-1.934131365199652,-0.9917322427449422,1.0181077784811015
0.990398972715008,-0.27382247919747643,-0.13823847092997246,-1.9235605006197727,-0.990398972715008,1.0952899167899057
0.9889665975546073,-0.29300841538293443,-0.1481386813808722,-1.9122197243149457,-0.9889665975546073,1.1720336615317377
0.9874352605956003,-0.31207707393951506,-0.15802406820639398,-1.9001135754700038,-0.9874352605956003,1.2483082957580602
0.985805115072545,-0.3310208225708661,-0.16789364221675115,-1.8872468996127743,-0.985805115072545,1.3240832902834645
0.9840763241073647,-0.3498320789762521,-0.17774641580447412,-1.873624846674652,-0.9840763241073647,1.3993283159050085
0.9822490606930231,-0.3685033138854214,-0.18758140304324897,-1.8592528689293046,-0.9822490606930231,1.4740132555416856
0.9803235076762161,-0.3870270540721957,-0.1973976197865613,-1.8441367188104008,-0.9803235076762161,1.5481082162887827
0.9782998577390727,-0.4053958853456781,-0.2071940837661878,-1.8282824466091598,-0.9782998577390727,1.6215835413827124
0.9761783133798752,-0.4236024555177986,-0.21696981469048254,-1.8116963980527105,-0.9761783133798752,1.6944098220711945
0.9739590868927966,-0.4416394773460428,-0.22672383434246549,-1.794385211764201,-0.9739590868927966,1.7665579093841712
0.9716424003466564,-0.45949973145021544,-0.2364551666777191,-1.7763558166056483,-0.9716424003466564,1.8379989258008618
0.9692284855626982,-0.4771760692020125,-0.24616283792205182,-1.7576154289046466,-0.9692284855626982,1.90870427680805
0.9667175840913955,-0.4946614155862748,-0.25584587666893444,-1.7381715495660177,-0.9667175840913955,1.9786456623450992
0.9641099471882768,-0.5119487720328064,-0.26550331397671506,-1.7180319610695274,-0.9641099471882768,2.0477950881312257
0.9614058357887854,-0.5290312192175666,-0.275134183465572,-1.6972047243549317,-0.9614058357887854,2.1161248768702663
0.9586055204821701,-0.5459019198321442,-0.28473752141421027,-1.6756981755955684,-0.9586055204821701,2.183607679328577
0.9557092814844048,-0.5625541213204354,-0.29431236685630907,-1.6535209228617493,-0.9557092814844048,2.2502164852817415
0.952717408610153,-0.5789811585813532,-0.303857761676668,-1.6306818426753809,-0.952717408610153,2.315924634325413
0.9496302012437629,-0.5951764566365784,-0.31337275070709397,-1.6071900764570781,-0.9496302012437629,2.3807058265463135
0.9464479683093111,-0.6111335332622077,-0.3228563818219754,-1.5830550268672914,-0.9464479683093111,2.4445341330488306
0.9431710282396921,-0.6268460015832782,-0.33230770603355253,-1.558286354042872,-0.9431710282396921,2.5073840063331128
0.939799708944749,-0.642307572630156,-0.3417257775868908,-1.5328939717305392,-0.939799708944749,2.569230290520624
0.9363343477784664,-0.6575120578556956,-0.3511096540545049,-1.5068880433189036,-0.9363343477784664,2.630048231422782
0.9327752915052082,-0.6724533716122458,-0.3604583964306752,-1.4802789777705048,-0.9327752915052082,2.6898134864489833
0.9291228962650206,-0.6871255335874444,-0.36977106922540554,-1.4530774254556014,-0.9291228962650206,2.7485021343497777
0.925377527537996,-0.7015226711978495,-0.3790467405580286,-1.4252942738893382,-0.925377527537996,2.806090684791398
0.9215395601076972,-0.7156390219394777,-0.3882844822504654,-1.396940643373952,-0.9215395601076972,2.862556087757911
0.9176093780236564,-0.7294689356942583,-0.3974833699200992,-1.3680278825478462,-0.9176093780236564,2.917875742777033
0.9135873745629473,-0.7430068769915052,-0.40664248307226974,-1.3385675638432752,-0.9135873745629473,2.972027507966021
0.9094739521908265,-0.7562474272235228,-0.4157609051923932,-1.3085714788544074,-0.9094739521908265,3.024989708894091
0.9052695225204638,-0.7691852868144147,-0.4248377238376691,-1.2780516336177135,-0.9052695225204638,3.0767411472576587
0.9009745062717545,-0.7818152773412511,-0.4338720307283799,-1.2470202438065272,-0.9009745062717545,3.1272611093650045
0.8965893332292159,-0.7941323436067658,-0.4428629218387898,-1.2154897298416398,-0.8965893332292159,3.176529374427063
0.8921144421989857,-0.8061315556626988,-0.45180949748759447,-1.1834727119200295,-0.8921144421989857,3.224526222650795
0.8875502809649073,-0.8178081107830402,-0.46071086242795933,-1.1509820049635437,-0.8875502809649073,3.2712324431321607
0.8828973062437245,-0.8291573353863313,-0.46956612593709834,-1.1180306134897005,-0.8828973062437245,3.316629341545325
0.8781559836393819,-0.840174686906276,-0.47837440190540054,-1.0846317264066012,-0.8781559836393819,3.360698747625104
0.8733267875964281,-0.8508557556099322,-0.48713480892510996,-1.0507987117339863,-0.8733267875964281,3.403423022439729
0.8684102013525469,-0.8611962663627073,-0.4958464703785124,-1.016545111252684,-0.8684102013525469,3.444785065450829
0.8634067168901955,-0.8711920803395089,-0.5045085145256655,-0.9818846350844254,-0.8634067168901955,3.4847683213580356
0.8583168348873769,-0.8808391966813176,-0.5131200745916256,-0.9468311562043383,-0.8583168348873769,3.5233567867252704
0.8531410646675409,-0.8901337540965404,-0.5216802888531776,-0.9113987048882607,-0.8531410646675409,3.5605350163861615
0.8478799241486137,-0.8990720324065156,-0.5301883007250736,-0.8756014630970358,-0.8478799241486137,3.5962881296260623
0.8425339397911743,-0.9076504540345219,-0.5386432588457427,-0.8394537588001528,-0.8425339397911743,3.6306018161380877
0.8371036465457767,-0.9158655854377118,-0.5470443171624794,-0.8029700602409469,-0.8371036465457767,3.663462341750847
0.8315895877994138,-0.9237141384814078,-0.5553906350161127,-0.7661649701455964,-0.8315895877994138,3.6948565539256313
0.825992315321146,-0.9311929717551849,-0.5636813772251239,-0.72905321987835,-0.825992315321146,3.7247718870207396
0.8203123892068905,-0.9382990918302273,-0.5719157141692147,-0.6916496635452682,-0.8203123892068905,3.753196367320909
0.8145503778233684,-0.9450296544574677,-0.5800928218723342,-0.653969272048769,-0.8145503778233684,3.7801186178298707
0.8087068577512382,-0.9513819657059978,-0.5882118820851195,-0.6160271270955259,-0.8087068577512382,3.805527862823991
0.802782413727393,-0.9573534830413315,-0.596272082366784,-0.5778384151599166,-0.802782413727393,3.829413932165326
0.7967776385864509,-0.9629418163430601,-0.6042726161664114,-0.5394184214056038,-0.7967776385864509,3.8517672653722403
0.7906931332014361,-0.9681447288615027,-0.6122126829036589,-0.5007825235676159,-0.7906931332014361,3.872578915446011
0.7845295064236444,-0.9729601381129803,-0.6200914880488789,-0.46194618579730834,-0.7845295064236444,3.8918405524519213
0.7782873750217265,-0.9773861167133293,-0.6279082432026118,-0.42292495247283846,-0.7782873750217265,3.9095444668533172
0.7719673636199632,-0.9814208931493502,-0.6356621661744889,-0.38373444197742607,-0.7719673636199632,3.925683572597401
0.7655701046357646,-0.9850628524878587,-0.6433524810614974,-0.3443903404480623,-0.7655701046357646,3.940251409951435
0.7590962382163905,-0.9883105370220667,-0.6509784183256192,-0.3049083954971006,-0.7590962382163905,3.953242148088267
0.7525464121748867,-0.9911626468550385,-0.6585392148708423,-0.2653044099091781,-0.7525464121748867,3.964650587420154
0.7459212819252642,-0.9936180404199765,-0.6660341141195175,-0.2255942353161179,-0.7459212819252642,3.974472161679906
0.7392215104169182,-0.9956757349371366,-0.6734623660880614,-0.18579376585227986,-0.7392215104169182,3.9827029397485463
0.7324477680682828,-0.9973349068071915,-0.6808232274620123,-0.145918931792836,-0.7324477680682828,3.989339627228766
0.7256007326997479,-0.9985948919408779,-0.6881159616704069,-0.10598569317764434,-0.7256007326997479,3.9943795677635117
0.7186810894658369,-0.9994551860247995,-0.6953398389594816,-0.06601003342320894,-0.7186810894658369,3.997820744099198
0.7116895307866368,-0.9999154447232825,-0.7024941364657051,-0.026007952925212824,-0.7116895307866368,3.99966177889313
0.704626756278521,-0.9999754838161952,-0.7095781382881027,0.014004537345638826,-0.704626756278521,3.9999019352647807
0.697493472684133,-0.9996352792726835,-0.7165911355599012,0.05401142225211467,-0.697493472684133,3.998541117090734
0.6902903938016685,-0.9988949672607893,-0.7235324265194598,0.0939966889005498,-0.6902903938016685,3.995579869043157
0.6830182404134533,-0.997754844092949,-0.7304013165804879,0.13394433305004033,-0.6830182404134533,3.991019376371796
0.6756777402138082,-0.9962153661073926,-0.7371971184015584,0.17383836551824572,-0.6756777402138082,3.9848614644295703
0.6682696277362421,-0.9942771494854941,-0.7439191519548777,0.21366281858105743,-0.6682696277362421,3.9771085979419762
0.660794644279941,-0.9919409700051414,-0.7505667445943407,0.25340175236378526,-0.660794644279941,3.9677638800205655
0.653253537835593,-0.9892077627302286,-0.7571392311228374,0.29303926122112556,-0.653253537835593,3.9568310509209144
0.6456470630105449,-0.9860786216363957,-0.7636359538588119,0.33255948010343006,-0.6456470630105449,3.944314486545583
0.6379759809532823,-0.9825547991731578,-0.7700562627020815,0.3719465909067884,-0.6379759809532823,3.930219196692631
0.6302410592772701,-0.9786377057626092,-0.7763995151988855,0.41118482880425805,-0.6302410592772701,3.914550823050437
0.6224430719841435,-0.9743289092348992,-0.7826650766061702,0.4502584885557695,-0.6224430719841435,3.897315636939597
0.6145827993862494,-0.969630134200699,-0.7888523199551113,0.48915193079424485,-0.6145827993862494,3.878520536802796
0.6066610280285674,-0.9645432613609216,-0.7949606261138483,0.527849588285287,-0.6066610280285674,3.8581730454436864
0.5986785506100082,-0.9590703267539683,-0.8009893838494364,0.5663359721579992,-0.5986785506100082,3.836281307015873
0.5906361659040813,-0.9532135209407901,-0.8069379898890165,0.6045956781045061,-0.5906361659040813,3.8128540837631606
0.5825346786789765,-0.9469751881281168,-0.8128058489801742,0.6426133925455269,-0.5825346786789765,3.787900752512467
0.5743748996170236,-0.9403578252301722,-0.8185923739505114,0.6803738987597361,-0.5743748996170236,3.761431300920689
0.5661576452335763,-0.933364080869279,-0.8242969857663996,0.717862082974288,-0.5661576452335763,3.733456323477116
0.5578837377953098,-0.9259967543157425,-0.8299191135909174,0.7550629404141365,-0.5578837377953098,3.70398701726297
0.5495540052379305,-0.9182587943674236,-0.8354581948409798,0.7919615813077945,-0.5495540052379305,3.6730351774696945
0.54116928108334,-0.9101532981694836,-0.840913675243625,0.8285432368469637,-0.54116928108334,3.6406131926779346
0.5327304043562168,-0.9016835099747312,-0.8462850088914855,0.864793265097847,-0.5327304043562168,3.606734039898925
0.5242382195000636,-0.8928528198451029,-0.8515716582974114,0.9006971568616129,-0.5242382195000636,3.5714112793804116
0.5156935762927114,-0.8836647622947842,-0.856773094448252,0.9362405414817337,-0.5156935762927114,3.5346590491791368
0.5070973297612775,-0.8741230148754988,-0.8618887968577977,0.9714091925959285,-0.5070973297612775,3.4964920595019953
0.49845034009661027,-0.8642313967045601,-0.8669182536188598,1.0061890338302943,-0.49845034009661027,3.4569255868182402
0.4897534725672179,-0.8539938669362617,-0.8718609614544921,1.0405661444334053,-0.4897534725672179,3.4159754677450467
0.4810075974326762,-0.843414523177202,-0.8767164257683578,1.0745267648481782,-0.4810075974326762,3.373658092708808
0.47221358985654893,-0.8324975998462081,-0.8814841606942186,1.108057302219164,-0.47221358985654893,3.3299903993848323
0.46337232981881926,-0.8212474664795005,-0.8861636891445505,1.1411443358331175,-0.46337232981881926,3.284989865918002
0.45448470202782254,-0.8096686259817585,-0.8907545428582901,1.1737746224907255,-0.45448470202782254,3.238674503927034
0.4455515958317296,-0.797765712823832,-0.8952562624476855,1.2059351018071962,-0.4455515958317296,3.191062851295328
0.4365739051295427,-0.7855434911877649,-0.8996683974442701,1.2376129014397643,-0.4365739051295427,3.1421739647510596
0.42755252828165113,-0.7730068530599207,-0.9039905063439372,1.2687953422398717,-0.42755252828165113,3.0920274122396827
0.41848836801994105,-0.7601608162729545,-0.9082221566511172,1.2994699433280255,-0.41848836801994105,3.040643265091818
0.40938233135745156,-0.7470105224973935,-0.9123629249220607,1.329624427089351,-0.40938233135745156,2.988042089989574
0.4002353294976264,-0.7335612351836827,-0.9164123968072051,1.3592467240877055,-0.4002353294976264,2.9342449407347306
0.3910482777431225,-0.7198183374554551,-0.920370167092642,1.3883249778965507,-0.3910482777431225,2.8792733498218204
0.38182209540422407,-0.7057873299549249,-0.9242358397406625,1.4168475498445103,-0.38182209540422407,2.8231493198196995
0.3725577057068561,-0.6914738286412434,-0.9280090279293859,1.4448030236737746,-0.3725577057068561,2.7658953145649736
0.3632560357001909,-0.676883562542678,-0.9316893540914706,1.4721802101095265,-0.3632560357001909,2.707534250170712
0.35391801616388735,-0.6620223714635555,-0.9352764499518944,1.4989681513384734,-0.35391801616388735,2.648089485854222
0.3445445815149565,-0.6468962036468683,-0.9387699565648038,1.525156125394734,-0.3445445815149565,2.587584814587473
0.33513666971424805,-0.6315111133934544,-0.9421695243494362,1.550733650451372,-0.33513666971424805,2.526044453573818
0.325695222172598,-0.6158732586387499,-0.9454748131250996,1.5756904890157681,-0.325695222172598,2.4634930345549995
0.3162211836566302,-0.5999888984880623,-0.9486854921452103,1.600016652027199,-0.3162211836566302,2.399955593952249
0.30671550219420585,-0.5838643907113235,-0.9518012401303941,1.6237024028550244,-0.30671550219420585,2.335457562845294
0.29717912897957166,-0.5675061891983919,-0.954821745300631,1.6467382611957724,-0.29717912897957166,2.2700247567935676
0.28761301827816615,-0.5509208413758416,-0.9577467054064572,1.669115006867693,-0.28761301827816615,2.2036833655033665
0.2780181273311351,-0.5341149855863403,-0.9605758277592086,1.690823683501155,-0.2780181273311351,2.136459942345361
0.2683954162595496,-0.517095348431639,-0.9633088292603069,1.7118556021234523,-0.2683954162595496,2.068381393726556
0.25874584796831873,-0.49986874208020526,-0.9659454364295924,1.7322023446366228,-0.25874584796831873,1.999474968320821
0.24907038804984943,-0.482442061540654,-0.9684853854326855,1.7518557671867896,-0.24907038804984943,1.929768246162616
0.23937000468741151,-0.46482228190197467,-0.9709284221073913,1.7708080034237943,-0.23937000468741151,1.8592891276078987
0.2296456685582608,-0.447016455541737,-0.9732743019891307,1.7890514676497178,-0.2296456685582608,1.788065822166948
0.2198983527365126,-0.42903170930336243,-0.9755227903354018,1.8065788578550732,-0.2198983527365126,1.7161268372134497
0.2101290325957599,-0.41087524164356093,-0.9776736621492726,1.8233831586414804,-0.2101290325957599,1.6435009665742437
0.20033868571147695,-0.39255431975113386,-0.9797267022018937,1.8394576440295922,-0.20033868571147695,1.5702172790045354
0.19052829176320238,-0.3740762766382661,-0.9816817050540343,1.8547958801511841,-0.19052829176320238,1.4963051065530644
0.18069883243649656,-0.35544850820544305,-0.9835384750766423,1.8693917278243477,-0.18069883243649656,1.4217940328217722
0.17085129132471333,-0.33667847028122594,-0.9852968264704185,1.8832393450107117,-0.17085129132471333,1.3467138811249038
0.1609866538305813,-0.31777367563804054,-0.986956583284408,1.8963331891537303,-0.1609866538305813,1.2710947025521622
0.1511059070675864,-0.2987416909851408,-0.9885175794336092,1.9086680193971277,-0.1511059070675864,1.1949667639405632
0.14121003976120944,-0.27959013394003424,-0.9899796587155908,1.9202388986825507,-0.14121003976120944,1.118360535760137
0.1313000421499763,-0.2603266699794807,-0.9913426748261241,1.9310411957256577,-0.1313000421499763,1.0413066799179227
0.12137690588637397,-0.24095900937136866,-0.9926064913738225,1.9410705868698013,-0.12137690588637397,0.9638360374854746
0.11144162393762543,-0.2214949040886647,-0.9937709818937887,1.9503230578165796,-0.11144162393762543,0.8859796163546588
0.10149519048631502,-0.2019421447066352,-0.9948360298602713,1.9587949052325866,-0.10149519048631502,0.8077685788265409
0.09153860083091893,-0.18230855728466935,-0.9958015286983234,1.9664827382316707,-0.09153860083091893,0.7292342291386774
0.08157285128619744,-0.1626020002338478,-0.996667381794468,1.9733834797321597,-0.08157285128619744,0.6504080009353912
0.07159893908350302,-0.14283036117159673,-0.997433502506366,1.9794943676884673,-0.07159893908350302,0.5713214446863869
0.06161786227099694,-0.12300155376465238,-0.9980998141714847,1.98481295619661,-0.06161786227099694,0.49200621505860953
0.051630619613768,-0.10312351456156767,-0.9986662501147711,1.9893371164731937,-0.051630619613768,0.41249405824627067
0.0416382104938956,-0.08320419981609166,-0.9991327536553218,1.9930650377074641,-0.0416382104938956,0.33281679926436664
0.03164163481045103,-0.06325158230266224,-0.9994992781120565,1.9959952277860882,-0.03164163481045103,0.253006329210649
0.021641892879431024,-0.043273648125254416,-0.999765786808388,1.998126513890381,-0.021641892879431024,0.17309459250101766
0.011639985333665644,-0.02327839352092528,-0.9999322530758932,1.9994580429657283,-0.011639985333665644,0.09311357408370112
0.0016369130226943792,-0.0032738216593031673,-0.9999986602569806,1.9999892820630245,-0.0016369130226943792,0.01309528663721267
-0.008366323087397145,0.01673206056073341,-0.9999650017065583,1.9997200185519892,0.008366323087397145,-0.06692824224293364
-0.018368722014125496,0.036731245715816256,-0.9998312807926985,1.998650360206271,0.018368722014125496,-0.14692498286326502
-0.02836928285878605,0.056715729063111196,-0.9995975108962998,1.9967807351603128,0.02836928285878605,-0.22686291625244479
-0.03836700490660345,0.07667751174423329,-0.9992637154097495,1.9941118917379868,0.03836700490660345,-0.30671004697693316
-0.04836088772686368,0.09660860398680693,-0.9988299277345817,1.9906448981530787,0.04836088772686368,-0.3864344159472277
-0.05834993127303545,0.11650102830242454,-0.9982961912781356,1.9863811420817281,0.05834993127303545,-0.46600411320969815
-0.06833313598282653,0.13634682267963555,-0.997662559449212,1.9813223301070102,0.06833313598282653,-0.5453872907185422
-0.07830950287821824,0.15613804377079363,-0.9969290956527281,1.9754704870358653,0.07830950287821824,-0.6245521750831745
-0.08827803366542367,0.17586677007139845,-0.9960958732833735,1.9688279550886654,0.08827803366542367,-0.7034670802855938
-0.09823773083477758,0.1955251050906946,-0.9951629757182658,1.9613973929617352,0.09823773083477758,-0.7821004203627784
-0.10818759776056365,0.2151051805122903,-0.9941304963086076,1.9531817747631939,0.10818759776056365,-0.8604207220491612
-0.11812663880073741,0.2345991593434677,-0.9929985383703442,1.9441843888225605,0.11812663880073741,-0.9383966373738708
-0.12805385939655067,0.25399923905195576,-0.9917672151738272,1.9344088363745937,0.12805385939655067,-1.015996956207823
-0.13796826617208355,0.27329765468894157,-0.9904366499324776,1.9238590301178764,0.13796826617208355,-1.0931906187557663
-0.14786886703364216,0.2924866819970075,-0.9890069757904577,1.9125391926487483,0.14786886703364216,-1.16994672798803
-0.15775467126902812,0.31155864050178156,-0.9874783358093487,1.9004538547712035,0.15775467126902812,-1.2462345620071262
-0.16762468964668725,0.33050589658609764,-0.9858508829538328,1.887607853683407,0.16762468964668725,-1.3220235863443905
-0.17747793451468383,0.3493208665453501,-0.9841247800763893,1.8740063310416064,0.17747793451468383,-1.3972834661814004
-0.18731341989954325,0.3679960196229212,-0.9823001999009964,1.8596547309021496,0.18731341989954325,-1.4719840784916849
-0.19713016160490887,0.38652388102438223,-0.9803773250058482,1.84455879754249,0.19713016160490887,-1.546095524097529
-0.20692717731002133,0.404897034909296,-0.9783563478050863,1.8287245731620279,0.20692717731002133,-1.619588139637184
-0.2167034866680276,0.4231081273594556,-0.9762374705295428,1.81215839546368,0.2167034866680276,-1.6924325094378223
-0.2264581114040662,0.44114986932228917,-0.9740209052065071,1.7948668951172142,0.2264581114040662,-1.7645994772891567
-0.23619007541317127,0.4590150395283515,-0.9717068736385065,1.7768569931052818,0.23619007541317127,-1.836060158113406
-0.2458984048579423,0.47669648738165166,-0.9692956073811123,1.758135897953278,0.2458984048579423,-1.9067859495266066
-0.25558212826598664,0.4941871358216949,-0.9667873477197707,1.7387111028441151,0.25558212826598664,-1.9767485432867795
-0.2652402766271413,0.511479984156119,-0.9641823456456551,1.7185903826190303,0.2652402766271413,-2.045919936624476
-0.2748718834904323,0.5285681108627361,-0.9614808618305526,1.697781790665689,0.2748718834904323,-2.1142724434509446
-0.28447598506077865,0.5454446763598871,-0.9586831666007803,1.6762936556947985,0.28447598506077865,-2.1817787054395485
-0.2940516202954454,0.5621029257440256,-0.9557895399101327,1.654134578406493,0.2940516202954454,-2.2484117029761026
-0.3035978310002061,0.5785361914933823,-0.9528002713118685,1.6313134280478812,0.3035978310002061,-2.3141447659735292
-0.31311366192522017,0.5947378961366551,-0.9497156599297386,1.6078393388631158,0.31311366192522017,-2.3789515845466203
-0.3225981608606329,0.6107015548856847,-0.9465360144280498,1.5837217064373488,0.3225981608606329,-2.4428062195427387
-0.33205037873184545,0.6264207782309907,-0.9432616529807825,1.558970183936152,0.33205037873184545,-2.505683112923963
-0.34146936969449654,0.6418892744992147,-0.9398929032397485,1.5335946782417729,0.34146936969449654,-2.567557097996859
-0.3508541912291045,0.6571008523713755,-0.936430102301806,1.507605345987884,0.3508541912291045,-2.628403409485502
-0.36020390423537574,0.6720494233609577,-0.9328735966751296,1.481012589494369,0.36020390423537574,-2.688197693443831
-0.3695175731261889,0.6867290042508691,-0.9292237422445316,1.4538270526037267,0.3695175731261889,-2.7469160170034765
-0.3787942659212013,0.7011337194882216,-0.9254809042358563,1.426059616420873,0.3787942659212013,-2.8045348779528863
-0.38803305434012053,0.7152578035360606,-0.9216454571794281,1.3977213949579081,0.38803305434012053,-2.8610312141442424
-0.39723301389558824,0.7290956031810327,-0.9177177848725758,1.3688237306857096,0.39723301389558824,-2.916382412724131
-0.406393223985685,0.7426415797960974,-0.91369828034123,1.3393781899940835,0.406393223985685,-2.9705663191843894
-0.4155127679860609,0.755890311557395,-0.9095873458005899,1.3093965585622476,0.4155127679860609,-3.02356124622958
-0.4245907333416536,0.7688364956143441,-0.905385392614878,1.2788908366415872,0.4245907333416536,-3.0753459824573763
-0.4336262116579989,0.7814749502121184,-0.9010928412561784,1.2478732342525294,0.4336262116579989,-3.1258998008484737
-0.4426182987921398,0.7938006167656763,-0.8967101212623576,1.216356166297408,0.4426182987921398,-3.175202467062705
-0.45156609494309563,0.8058085618844689,-0.8922376711940845,1.1843522475913726,0.45156609494309563,-3.2232342475378757
-0.4604687047418963,0.8174939793470417,-0.887675938590948,1.1518742878132815,0.4604687047418963,-3.269975917388167
-0.4693252373411896,0.828852192024755,-0.8830253799266679,1.1189352863785442,0.4693252373411896,-3.31540876809902
-0.47813480650437185,0.8398786537538047,-0.878286460563424,1.0855484272361076,0.47813480650437185,-3.3595146150152186
-0.48689653069428107,0.8505689511548544,-0.8734596547052834,1.0517270735914919,0.48689653069428107,-3.4022758046194177
-0.4956095331614038,0.8609188053994992,-0.8685454453507515,1.0174847625581416,0.4956095331614038,-3.4436752215979967
-0.5042729420316033,0.8709240739228759,-0.8635443242444427,0.9828351997391648,0.5042729420316033,-3.4836962956915034
-0.5128858903933754,0.8805807520817526,-0.8584567918278674,0.9477922537415782,0.5128858903933754,-3.5223230083270103
-0.5214475163845839,0.8898849747573856,-0.8532833571893624,0.9123699506253965,0.5214475163845839,-3.5595398990295424
-0.5299569632787149,0.8988330179025597,-0.8480245380131419,0.8765824682896114,0.5299569632787149,-3.5953320716102386
-0.5384133795706009,0.9074213000321444,-0.8426808605274977,0.8404441307974564,0.5384133795706009,-3.6296852001285775
-0.5468159190616229,0.9156463836565926,-0.8372528594521447,0.8039694026431706,0.5468159190616229,-3.6625855346263703
-0.5551637409443955,0.9235049766578157,-0.8317410779447076,0.7671728829624969,0.5551637409443955,-3.694019906631263
-0.5634560098868975,0.9309939336068613,-0.8261460675463731,0.730069299689346,0.5634560098868975,-3.7239757344274453
-0.5716918961160569,0.9381102570228776,-0.8204683881267015,0.6926735036609106,0.5716918961160569,-3.7524410280915106
-0.5798705755007908,0.9448510985728737,-0.8147086078275974,0.6550004626735269,0.5798705755007908,-3.779404394291495
-0.5879912296344687,0.9512137602117704,-0.8088673030064607,0.6170652554917817,0.5879912296344687,-3.8048550408470816
-0.5960530459168031,0.957195695262299,-0.8029450581785167,0.5788830658132059,0.5960530459168031,-3.828782781049196
-0.6040552176351721,0.9627945094343251,-0.796942465958318,0.5404691761908993,0.6040552176351721,-3.8511780377373004
-0.6119969440453337,0.9680079617831635,-0.790860127000453,0.5018389619166906,0.6119969440453337,-3.872031847132654
-0.6198774304515619,0.9728339656065309,-0.7846986499394332,0.4630078848670764,0.6198774304515619,-3.8913358624261236
-0.6276958882861645,0.9772705892797524,-0.7784586513287927,0.4239914873145713,0.6276958882861645,-3.9090823571190096
-0.6354515351883884,0.9813160570288986,-0.7721407555793959,0.3848053857068816,0.6354515351883884,-3.9252642281155943
-0.6431435950827158,0.9849687496415511,-0.7657455948969474,0.3454652644163191,0.6431435950827158,-3.9398749985662045
-0.6507712982565126,0.988227205114892,-0.7592738092187384,0.3059868694621327,0.6507712982565126,-3.952908820459568
-0.6583338814370597,0.99109011924088,-0.7527260461496037,0.26638600220806136,0.6583338814370597,-3.96436047696352
-0.6658305878679268,0.9935563461282618,-0.7461029608971211,0.2266785130378041,0.6658305878679268,-3.9742253845130473
-0.673260667384693,0.995624898661219,-0.7394052162060515,0.18688029501087108,0.673260667384693,-3.982499594644876
-0.6806233764900216,0.9972949488944656,-0.7326334822920136,0.14700727750128897,0.6806233764900216,-3.9891797955778623
-0.6879179784280544,0.998565828384636,-0.7257884367744217,0.10707541982183542,0.6879179784280544,-3.994263313538544
-0.6951437432581318,0.9994370284578304,-0.718870764608683,0.06710070483629021,0.6951437432581318,-3.997748113831322
-0.7022999479278429,0.999908200413215,-0.7118811580176492,0.027099132562196468,0.7022999479278429,-3.99963280165286
-0.7093858763453746,0.9999791556625893,-0.7048203164223523,-0.01291328623318033,0.7093858763453746,-3.9999166226503573
-0.7164008194511637,0.99964986580587,-0.6976889463720212,-0.052920536441195834,0.7164008194511637,-3.99859946322348
-0.7233440752888591,0.998920462642458,-0.6904877614733698,-0.09290660502197902,0.7233440752888591,-3.995681850569832
-0.730214949075553,0.9977912381184856,-0.6832174823192009,-0.1328554874136498,0.730214949075553,-3.9911649524739423
-0.7370127532713138,0.996262644209963,-0.6758788364162895,-0.17275119393824992,0.7370127532713138,-3.985050576839852
-0.743736807647982,0.9943352927418742,-0.668472558112589,-0.21257775620164518,0.743736807647982,-3.9773411709674966
-0.7503864393572337,0.9920099551432924,-0.660999388523751,-0.2523192334849093,0.7503864393572337,-3.9680398205731695
-0.7569609829979186,0.9892875621386111,-0.6534600754589562,-0.291959719124701,0.7569609829979186,-3.9571502485544445
-0.7634597806826343,0.9861692033750213,-0.6458553733460951,-0.33148334687990433,0.7634597806826343,-3.9446768135000854
-0.7698821821035664,0.9826561269863733,-0.6381860431562657,-0.37087429728219595,0.7698821821035664,-3.930624507945493
-0.7762275445975588,0.9787497390936076,-0.6304528523276304,-0.41011680396782063,0.7762275445975588,-3.9149989563744305
-0.7824952332104189,0.9744516032419536,-0.6226565746886257,-0.4491951599881116,0.7824952332104189,-3.8978064129678143
-0.7886846207604618,0.9697634397751097,-0.6147979903805206,-0.4880937240962932,0.7886846207604618,-3.879053759100439
-0.7947950879012656,0.9646871251466729,-0.6068778857793546,-0.5267969270079225,0.7947950879012656,-3.8587485005866915
-0.8008260231836452,0.9592246911690835,-0.5988970534172529,-0.5652892776325286,0.8008260231836452,-3.836898764676334
-0.806776823116842,0.9533783242003808,-0.5908562919031123,-0.6035553692740165,0.806776823116842,-3.8135132968015233
-0.8126468922289111,0.9471503642691077,-0.5827564058426922,-0.6415798857972297,0.8126468922289111,-3.788601457076431
-0.8184356431263037,0.9405433041377098,-0.5745982057581052,-0.6793476077582652,0.8184356431263037,-3.7621732165508392
-0.8241424965526527,0.9335597883047909,-0.5663825080067012,-0.7168434184961564,0.8241424965526527,-3.7342391532191637
-0.8297668814467283,0.9262026119466525,-0.55811013469939,-0.7540523101833151,0.8297668814467283,-3.70481044778661
-0.8353082349995887,0.9184747197985065,-0.5497819136183655,-0.7909593898325125,0.8353082349995887,-3.673898879194026
-0.8407660027108953,0.9103792049758379,-0.5413986781342773,-0.8275498852578287,0.8407660027108953,-3.6415168199033516
-0.8461396384443959,0.9019193077363798,-0.5329612671228435,-0.8638091509872523,0.8461396384443959,-3.6076772309455194
-0.8514286044825816,0.8930984141831785,-0.5244705248808971,-0.8997226741246255,0.8514286044825816,-3.572393656732714
-0.8566323715804859,0.8839200549093059,-0.5159273010419128,-0.9352760801584302,0.8566323715804859,-3.5356802196372237
-0.8617504190186507,0.8743879035847172,-0.5073324504909773,-0.97045513871528,0.8617504190186507,-3.4975516143388687
-0.8667822346552301,0.8645057754858555,-0.4986868332792492,-1.0052457692556573,0.8667822346552301,-3.458023101943422
-0.8717273149772352,0.8542776259685806,-0.48999131453790096,-1.0396340467096792,0.8717273149772352,-3.4171105038743224
-0.8765851651509241,0.8437075488850131,-0.4812467643915407,-1.0736062070506918,0.8765851651509241,-3.3748301955400524
-0.8813552990713154,0.832799774944961,-0.47245405787114614,-1.1071486528043508,0.8813552990713154,-3.331199099779844
-0.8860372394108275,0.8215586700225699,-0.4636140748265091,-1.1402479584910399,0.8860372394108275,-3.2862346800902795
-0.8906305176670487,0.8099887334088549,-0.4547276998381832,-1.1728908759995007,0.8906305176670487,-3.2399549336354196
-0.8951346742096153,0.7980945960108494,-0.4457958221289717,-1.205064339889417,0.8951346742096153,-3.1923783840433977
-0.8995492583262027,0.7858810184980755,-0.43681933547495194,-1.2367554726208856,0.8995492583262027,-3.143524073992302
-0.9038738282676316,0.7733528893970543,-0.4277991381160276,-1.267951589708736,0.9038738282676316,-3.093411557588217
-0.908107951292066,0.7605152231346738,-0.41873613266605825,-1.2986402047994932,0.908107951292066,-3.042060892538695
-0.9122512037083214,0.7473731580311319,-0.4096312260225273,-1.3288090346691248,0.9122512037083214,-2.9894926321245276
-0.916303170918259,0.7339319542433124,-0.40048532927579733,-1.3584460041394248,0.916303170918259,-2.9357278169732495
-0.9202634474582715,0.7201969916593961,-0.39129935761794604,-1.387539250911131,0.9202634474582715,-2.8807879666375844
-0.9241316370398602,0.7061737677455261,-0.3820742302511752,-1.4160771303118878,0.9241316370398602,-2.8246950709821044
-0.9279073525892851,0.6918678953454463,-0.37281087029584314,-1.4440482199570241,0.9279073525892851,-2.7674715813817854
-0.9315902162863026,0.6772851004339251,-0.36351020469808015,-1.4714413243214395,0.9315902162863026,-2.7091404017357004
-0.9351798596019691,0.6624312198249208,-0.35417316413703803,-1.4982454792206348,0.9351798596019691,-2.6497248792996833
-0.9386759233355183,0.647312198835385,-0.34480068293176575,-1.5244499561991518,0.9386759233355183,-2.58924879534154
-0.9420780576503072,0.6319340889056135,-0.33539369894770604,-1.550044266824702,0.9420780576503072,-2.527736355622454
-0.9453859221088212,0.6163030451771437,-0.325953153502852,-1.575018166886185,0.9453859221088212,-2.465212180708575
-0.9485991857067391,0.6004253240291466,-0.3164799912735583,-1.5993616604939538,0.9485991857067391,-2.4017012961165864
-0.951717526906058,0.584307280574273,-0.30697516020000154,-1.6230650040807335,0.951717526906058,-2.337229122297092
-0.9547406336672675,0.5679553661150056,-0.2974396113913285,-1.6461187103015018,0.9547406336672675,-2.2718214644600225
-0.9576682034805715,0.5513761255615123,-0.2878742990304879,-1.668513551830821,0.9576682034805715,-2.205504502246049
-0.9604999433961636,0.5345761948120022,-0.278280180278737,-1.6902405650561345,0.9604999433961636,-2.138304779248009
-0.9632355700535373,0.5175622980967088,-0.26865821517987665,-1.7112910536654524,0.9632355700535373,-2.0702491923868354
-0.9658748097098437,0.5003412452864722,-0.2590093665641713,-1.731656592128107,0.9658748097098437,-2.0013649811458887
-0.9684173982672825,0.48291992916707377,-0.24933459995200757,-1.7513290290670893,0.9684173982672825,-1.931679716668295
-0.9708630812995279,0.46530532268038466,-0.23963488345728431,-1.770300490521655,0.9708630812995279,-1.8612212907215386
-0.9732116140771915,0.44750447613339966,-0.22991118769052488,-1.788563383098929,0.9732116140771915,-1.7900179045335987
-0.975462761592307,0.42952451437635264,-0.22016448566176616,-1.8061103970131598,0.975462761592307,-1.7180980575054106
-0.9776162985818503,0.41137263395094853,-0.21039575268318145,-1.82293450901151,0.9776162985818503,-1.6454905358037941
-0.9796720095502789,0.39305610020993226,-0.20060596627149005,-1.8390289851851271,0.9796720095502789,-1.572224400839729
-0.9816296887910946,0.3745822444091159,-0.19079610605014646,-1.8543873836644051,0.9816296887910946,-1.4983289776364637
-0.9834891404074301,0.35595846077299886,-0.18096715365130314,-1.8690035571973826,0.9834891404074301,-1.4238338430919955
-0.9852501783316501,0.33719220353521373,-0.17112009261758784,-1.8828716556101925,0.9852501783316501,-1.348768814140855
-0.9869126263439697,0.3182909839549535,-0.1612559083036897,-1.8959861281486081,0.9869126263439697,-1.273163935819814
-0.9884763180900902,0.2992623673105442,-0.1513755877777485,-1.9083417256997646,0.9884763180900902,-1.1970494692421767
-0.9899410970978436,0.28011396987142617,-0.14148011972258806,-1.9199335028931286,0.9899410970978436,-1.1204558794857047
-0.99130681679285,0.2608534558497262,-0.13157049433678808,-1.9307568200798928,0.99130681679285,-1.0434138233989048
-0.9925733405131868,0.24148853433260634,-0.12164770323558677,-1.9408073451900265,0.9925733405131868,-0.9659541373304253
-0.9937405415230609,0.22202695619670237,-0.11171273935166808,-1.9500810554661852,0.9937405415230609,-0.8881078247868095
-0.9948083030254933,0.20247651100578498,-0.10176659683579072,-1.9585742390738465,0.9948083030254933,-0.8099060440231399
-0.9957765181740051,0.18284502389296997,-0.09181027095731287,-1.966283496586979,0.9957765181740051,-0.7313800955718799
-0.9966450900833093,0.16314035242869243,-0.08184475800460503,-1.9732057423486706,0.9966450900833093,-0.6525614097147697
-0.9974139318390061,0.14337038347566256,-0.07187105518534313,-1.9793382057061815,0.9974139318390061,-0.5734815339026502
-0.9980829665062794,0.12354303003214959,-0.06189016052673629,-1.9846784321198991,0.9980829665062794,-0.49417212012859835
-0.9986521271375964,0.10366622806475259,-0.05190307277564595,-1.989224284145784,0.9986521271375964,-0.41466491225901037
-0.999121356779406,0.08374793333201278,-0.041910791298650676,-1.9929739422908839,0.999121356779406,-0.3349917333280511
-0.9994906084778375,0.06379611820010439,-0.031914315982049066,-1.9959259057415917,0.9994906084778375,-0.25518447280041756
-0.9997598452834006,0.043818768451846485,-0.021914647131794557,-1.9980789929643556,0.9997598452834006,-0.17527507380738594
-0.9999290402546809,0.02382388009037637,-0.011912785373404325,-1.999432342178589,0.9999290402546809,-0.09529552036150549
-0.9999981764610373,0.003819456138732417,-0.0019097315518361016,-1.9999854117015996,0.9999981764610373,-0.015277824554929669
-0.9999672469842955,-0.016186496563404797,0.008093513368672867,-1.9997379801654045,0.9999672469842955,0.06474598625361919
-0.9998362549194404,-0.03618597056446703,0.018095948404762856,-1.9986901466053286,0.9998362549194404,0.1447438822578681
-0.9996052133743062,-0.05617096100599783,0.028096572654110592,-1.996842330420369,0.9996052133743062,0.22468384402399133
-0.9992741454682652,-0.07613346882664963,0.03809438539559786,-1.9941952712053266,0.9992741454682652,0.30453387530659853
-0.998843084329914,-0.0960655039638072,0.0480883861894353,-1.990750028454783,0.998843084329914,0.3842620158552288
-0.9983120730937586,-0.11595908855166262,0.058077574977284725,-1.9865079811390314,0.9983120730937586,0.4638363542066505
-0.9976811648958976,-0.13580626011437294,0.06806095218232548,-1.9814708271521408,0.9976811648958976,0.5432250404574918
-0.9969504228687064,-0.15559907475305804,0.07803751880927266,-1.9756405826323697,0.9969504228687064,0.6223962990122321
-0.996119920134518,-0.17532961032539815,0.08800627654435488,-1.969019581155194,0.996119920134518,0.7013184413015926
-0.9951897397983078,-0.19498996961647067,0.0979662278551971,-1.9616104727992945,0.9951897397983078,0.7799598784658827
-0.9941599749393761,-0.21457228349966206,0.10791637609065216,-1.9534162230858436,0.9941599749393761,0.8582891339986483
-0.9930307286020347,-0.23406871408630245,0.11785572558052605,-1.9444401117915509,0.9930307286020347,0.9362748563452098
-0.9918021137852959,-0.2534714578627973,0.1277832817352053,-1.9346857316359245,0.9918021137852959,1.0138858314511892
-0.990474253431565,-0.2727727488140312,0.1376980511451921,-1.9241569868432642,0.990474253431565,1.0910909952561247
-0.9890472804143372,-0.29196486153173207,0.14759904168050517,-1.912858091579986,0.9890472804143372,1.1678594461269283
-0.987521337524903,-0.3110401143065821,0.1574852625899531,-1.900793568267894,0.987521337524903,1.2441604572263285
-0.9858965774580585,-0.329990872202869,0.1673557246002851,-1.887968245774054,0.9858965774580585,1.319963488811476
-0.9841731627968255,-0.34880955011438464,0.17720944001517827,-1.8743872574780278,0.9841731627968255,1.3952382004575385
-0.9823512659961847,-0.36748861580038067,0.18704542281406697,-1.8600560392172276,0.9823512659961847,1.4699544632015227
-0.9804310693658157,-0.38602059290039675,0.19686268875082222,-1.8449803271111875,0.9804310693658157,1.544082371601587
-0.9784127650518569,-0.40439806392667305,0.206660255452227,-1.829166155265681,0.9784127650518569,1.6175922557066922
-0.9762965550176764,-0.4226136732330487,0.21643714251629056,-1.8126198533575317,0.9762965550176764,1.6904546929321949
-0.9740826510236625,-0.4406601299590744,0.226192371610348,-1.795348044101145,0.9740826510236625,1.7626405198362975
-0.9717712746060353,-0.45853021094819485,0.23592496656895268,-1.7773576405977543,0.9717712746060353,1.8341208437927794
-0.9693626570546761,-0.4762167636388646,0.24563395349156925,-1.7586558435684063,0.9693626570546761,1.9048670545554585
-0.9668570393899857,-0.4937127089273601,0.255318360840014,-1.7392501384718735,0.9668570393899857,1.9748508357094403
-0.9642546723387642,-0.5110110440012372,0.26497721953568487,-1.7191482925085497,0.9642546723387642,2.044044176004949
-0.9615558163091225,-0.5281048451422219,0.27460956305652773,-1.6983583515116119,0.9615558163091225,2.1124193805688876
-0.9587607413644263,-0.5449872704974429,0.28421442753374715,-1.6768886367266576,0.9587607413644263,2.1799490819897716
-0.9558697271962688,-0.5616515628179254,0.2937908518482673,-1.6547477414810778,0.9558697271962688,2.2466062512717015
-0.9528830630964846,-0.5780910521631941,0.30333787772690174,-1.6319445277445568,0.9528830630964846,2.3123642086527765
-0.9498010479282032,-0.5942991585709312,0.3128545498382389,-1.6084881225820515,0.9498010479282032,2.3771966342837247
-0.9466239900959393,-0.6102693946906461,0.3223399158882483,-1.584387914500628,0.9466239900959393,2.4410775787625845
-0.9433522075147345,-0.6259953683802518,0.33179302671556754,-1.5596535496916908,0.9433522075147345,2.5039814735210073
-0.9399860275783458,-0.6414707852645327,0.341212936386476,-1.5342949281700748,0.9399860275783458,2.565883141058131
-0.936525787126481,-0.65668945125451,0.35059870228956214,-1.5083221998115,0.936525787126481,2.62675780501804
-0.9329718324110975,-0.6716452750266247,0.3599493852300335,-1.4817457602900836,0.9329718324110975,2.686581100106499
-0.9293245190617491,-0.6863322704608308,0.36926404952370967,-1.4545762469174053,0.9293245190617491,2.745329081843323
-0.9255842120500027,-0.7007445590365509,0.37854176309064713,-1.4268245343848973,0.9255842120500027,2.8029782361462035
-0.9217512856529182,-0.714876372185568,0.3877815975484041,-1.3985017304112302,0.9217512856529182,2.859505488742272
-0.9178261234155918,-0.7287220536009319,0.396982628304951,-1.3696191712963723,0.9178261234155918,2.9148882144037276
-0.9138091181127816,-0.7422760615008961,0.4061439346511778,-1.340188417384239,0.9138091181127816,2.9691042460035844
-0.9097006717095999,-0.7555329708470516,0.4152645998530369,-1.3102212484355886,0.9097006717095999,3.0221318833882065
-0.905501195321291,-0.7684874755157106,0.4243437112432717,-1.2797296589131473,0.905501195321291,3.0739499020628425
-0.9012111091720965,-0.7811343904216931,0.43338036031273924,-1.2487258531808012,0.9012111091720965,3.1245375616867723
-0.8968308425531992,-0.7934686535936898,0.4423736428013301,-1.2172222406187247,0.8968308425531992,3.173874614374759
-0.8923608337797693,-0.8054853282003258,0.4513226587884493,-1.1852314306565,0.8923608337797693,3.2219413128013032
-0.8878015301471052,-0.8171796045261389,0.46022651278306287,-1.1527662277261652,0.8878015301471052,3.2687184181045557
-0.8831533878858706,-0.8285468018966969,0.4690843138133155,-1.1198396261371637,0.8831533878858706,3.3141872075867878
-0.8784168721164433,-0.8395823705520474,0.4778951755156816,-1.0864648048753434,0.8784168721164433,3.3583294822081897
-0.8735924568023752,-0.8502818934677694,0.4866582162236554,-1.0526551223280394,0.8735924568023752,3.4011275738710776
-0.868680624702959,-0.8606410881229156,0.4953725590559865,-1.0184241109372927,0.868680624702959,3.4425643524916625
-0.8636818673249269,-0.8706558082140918,0.5040373320044134,-0.9837854717834911,0.8636818673249269,3.4826232328563673
-0.858596684873262,-0.8803220453150414,0.5126516680209325,-0.9487530691014224,0.858596684873262,3.5212881812601657
-0.8534255862011468,-0.8896359304810265,0.5212147051045556,-0.9133409247310845,0.8534255862011468,3.558543721924106
-0.848169088759048,-0.8985937357973814,0.529725586387562,-0.8775632125054147,0.848169088759048,3.5943749431895258
-0.8428277185429297,-0.907191875871635,0.5381834602212521,-0.8414342525771198,0.8428277185429297,3.62876750348654
-0.8374020100416282,-0.9154269092685635,0.5465874802611571,-0.8049685056870368,0.8374020100416282,3.661707637074254
-0.83189250618336,-0.9232955398876478,0.5549368055517387,-0.7681805673761265,0.83189250618336,3.693182159550591
-0.8262997582813965,-0.9307946182823442,0.5632306006105365,-0.731085162143577,0.8262997582813965,3.723178473129377
-0.8206243259788994,-0.9379211429206574,0.571468035511766,-0.6936971375532918,0.8206243259788994,3.7516845716826297
-0.8148667771929137,-0.9446722613865222,0.5796482859693751,-0.6560314582910622,0.8148667771929137,3.7786890455460886
-0.809027688057541,-0.9510452715214881,0.5877705334195227,-0.6181032001749193,0.809027688057541,3.8041810860859524
-0.803107642866292,-0.9570376225062652,0.5958339651024843,-0.5799275441210061,0.803107642866292,3.828150490025061
-0.7971072340136118,-0.9626469158817048,0.6038377741439906,-0.541519770067324,0.7971072340136118,3.8505876635268192
-0.7910270619356052,-0.9678709065087873,0.6117811596359635,-0.5028952508579033,0.7910270619356052,3.871483626035149
-0.784867735049956,-0.972707503467244,0.619663326716655,-0.464069446089792,0.784867735049956,3.890830013868976
-0.7786298696950382,-0.977154770892462,0.6274834866501968,-0.42505789592524906,0.7786298696950382,3.908619083569848
-0.7723140900682501,-0.981210928750314,0.6352408569055132,-0.38587621487179685,0.7723140900682501,3.924843715001256
-0.7659210281635458,-0.9848743535496277,0.6429346612346366,-0.34654008553241217,0.7659210281635458,3.939497414198511
-0.759451323708197,-0.9881435789919925,0.6505641297503785,-0.3070652523285307,0.759451323708197,3.95257431596797
-0.7529056240987826,-0.9910172965586476,0.6581284990033653,-0.2674675151983095,0.7529056240987826,3.9640691862345903
-0.7462845843363974,-0.9934943560342265,0.6656270120584429,-0.22776272327259792,0.7462845843363974,3.973977424136906
-0.7395888669611186,-0.9955737659671295,0.6730589185704093,-0.18796676853132444,0.7395888669611186,3.982295063868518
-0.7328191419856996,-0.9972546940663594,0.6804234748591078,-0.148095579442628,0.7328191419856996,3.9890187762654374
-0.7259760868285288,-0.9985364675346468,0.6877199439838403,-0.10816511458745437,0.7259760868285288,3.994145870138587
-0.719060386245846,-0.9994185733377396,0.6949475958171053,-0.06819135627210067,0.719060386245846,3.9976742933509586
-0.7120727322632148,-0.9999006584097481,0.7021057071176676,-0.028190304131199478,0.7120727322632148,3.9996026336389923
-0.7050138241062779,-0.9999825297944591,0.7091935616029253,0.01182203127616883,0.7050138241062779,3.9999301191778365
-0.6978843681307928,-0.9996641547225688,0.7162104500205816,0.05182963487473624,0.6978843681307928,3.998656618890275
-0.6906850777519413,-0.9989456606247976,0.7231556702196248,0.09181649348317886,0.6906850777519413,3.9957826424991905
-0.6834166733729455,-0.9978273350808863,0.7300285272205852,0.1317666022234266,0.6834166733729455,3.991309340323545
-0.6760798823129834,-0.9963096257044913,0.7368283332850756,0.17166397092664962,0.6760798823129834,3.9852385028179653
-0.6686754387344005,-0.9943931399640249,0.7435544079846189,0.21149263053342818,0.6686754387344005,3.9775725598560996
-0.661204083569255,-0.9920786449395154,0.7502060782687259,0.25123663948536695,0.661204083569255,3.9683145797580615
-0.6536665644451671,-0.989367067015579,0.7567826785322534,0.2908800901058086,0.6536665644451671,3.957468268062316
-0.6460636356105112,-0.9862594915106319,0.7632835506820048,0.33040711496691455,0.6460636356105112,3.9450379660425274
-0.6383960578589445,-0.9827571622424891,0.769708044202579,0.369801893240637,0.6383960578589445,3.9310286489699564
-0.6306645984532688,-0.9788614810305193,0.7760555162214732,0.4090486570311089,0.6306645984532688,3.915445924122077
-0.6228700310486646,-0.9745740071345652,0.7823253315734034,0.4481316976857427,0.6228700310486646,3.898296028538261
-0.6150131356152644,-0.9698964566308412,0.7885168628638708,0.48703537208272163,0.6150131356152644,3.879585826523365
-0.6070946983601092,-0.9648307017250688,0.7946294905319384,0.525744108892192,0.6070946983601092,3.859322806900275
-0.5991155116484798,-0.9593787700031232,0.8006626029122257,0.5642424148087215,0.5991155116484798,3.837515080012493
-0.5910763739245993,-0.9535428436194796,0.8066155962961212,0.6025148807525887,0.5910763739245993,3.8141713744779184
-0.5829780896317416,-0.9473252584238007,0.8124878749921903,0.6405461880373006,0.5829780896317416,3.7893010336952027
-0.5748214691317365,-0.9407285030260083,0.8182788513857804,0.6783211145009285,0.5748214691317365,3.762914012104033
-0.5666073286238733,-0.9337552178002023,0.8239879459978271,0.7158245405988722,0.5666073286238733,3.7350208712008093
-0.5583364900632303,-0.9264081938278448,0.8296145875428375,0.7530414554554894,0.5583364900632303,3.705632775311379
-0.55000978107843,-0.9186903717806237,0.835158212986053,0.7899569628722299,0.55000978107843,3.674761487122495
-0.5416280348888115,-0.9106048407434305,0.8406182675997973,0.8265562872899377,0.5416280348888115,3.642419362973722
-0.5331920902210651,-0.9021548369779536,0.8459942050189775,0.8628247797027664,0.5331920902210651,3.6086193479118145
-0.5247027912252944,-0.8933437426273438,0.8512854872957633,0.8987479235215403,0.5247027912252944,3.5733749705093754
-0.5161609873905502,-0.8841750843625036,0.8564915849534147,0.9343113403840493,0.5161609873905502,3.5367003374500143
-0.5075675334598295,-0.8746525319705305,0.8616119770392614,0.9695007959100193,0.5075675334598295,3.498610127882122
-0.4989232893445354,-0.8647798968858603,0.8666461511768393,1.004302205398516,0.4989232893445354,3.4591195875434413
-0.4902291200384404,-0.8545611306647412,0.871593603617154,1.0387016394653457,0.4902291200384404,3.4182445226589646
-0.48148589553112,-0.8440003234035968,0.8764538392890954,1.0726853296183818,0.48148589553112,3.376001293614387
-0.47269449072090086,-0.833101702101957,0.8812263718489751,1.1062396737684326,0.47269449072090086,3.332406808407828
-0.46385578532731814,-0.8218696289705922,0.8859107237291899,1.1393512416735079,0.46385578532731814,3.287478515882369
-0.45497066380307594,-0.8103085996855122,0.8905064261860149,1.1720067803143537,0.45497066380307594,3.2412343987420487
-0.4460400152455487,-0.798423241588561,0.8950130193465069,1.2041932191990026,0.4460400152455487,3.193692966354244
-0.4370647333078177,-0.7862183118353155,0.8994300522545187,1.2358976755942648,0.4370647333078177,3.144873247341262
-0.42804571610923714,-0.7736986954910033,0.90375708291583,1.2671074596821215,0.42804571610923714,3.0947947819640134
-0.41898386614556804,-0.7608694035752456,0.907993678342373,1.297810079638851,0.41898386614556804,3.0434776143009823
-0.4098800901986739,-0.7477355710563857,0.9121394145955578,1.3279932466349078,0.4098800901986739,2.9909422842255426
-0.4007352992457715,-0.7343024547961847,0.9161938768286993,1.3576448797536078,0.4007352992457715,2.937209819184739
-0.3915504083682864,-0.7205754314457631,0.9201566593285233,1.3867531108265125,0.3915504083682864,2.8823017257830523
-0.38232633666027277,-0.7065599952935602,0.9240273655557696,1.415306289183743,0.38232633666027277,2.8262399811742407
-0.37306400713644855,-0.6922617560662344,0.9278056081848697,1.4432929863171835,0.37306400713644855,2.7690470242649377
-0.363764346639838,-0.6776864366833577,0.9314910091427033,1.470702000454767,0.363764346639838,2.710745746733431
-0.35442828574901497,-0.6628398709667798,0.9350831996464349,1.4975223610440584,0.35442828574901497,2.651359483867119
-0.3450567586849968,-0.6477280013056413,0.9385818202404114,1.5237433331432155,0.3450567586849968,2.5909120052225654
-0.3356507032177493,-0.6323568762778944,0.9419865208321351,1.5493544217177215,0.3356507032177493,2.5294275051115775
-0.3262110605723527,-0.616732648229345,0.9452969607272949,1.5743453758410433,0.3262110605723527,2.46693059291738
-0.3167387753348224,-0.6008615708111651,0.9485128086638561,1.5987061927975876,0.3167387753348224,2.4034462832446604
-0.30723479535757797,-0.5847499964768293,0.9516337428452121,1.6224271220863489,0.30723479535757797,2.3389999859073174
-0.2977000716646004,-0.568404373939533,0.954659450972383,1.6454986693235671,0.2977000716646004,2.273617495758132
-0.2881355583562725,-0.5518312455910802,0.9575896302752652,1.6679116000428762,0.2881355583562725,2.207324982364321
-0.2785422125138956,-0.5350372448832521,0.9604239875429309,1.6896569433914552,0.2785422125138956,2.1401489795330084
-0.26892099410392334,-0.5180290936727534,0.9631622391529672,1.7107259957206304,0.26892099410392334,2.0721163746910136
-0.2592728658819073,-0.5008135995307752,0.9658041110998558,1.73111032406953,0.2592728658819073,2.003254398123101
-0.2495987932961456,-0.48339765301821963,0.9683493390223943,1.7508017695404319,0.2495987932961456,1.9335906120728785
-0.2398997443910887,-0.4657882249277543,0.9707976682301469,1.7697924505643612,0.2398997443910887,1.8631528997110172
-0.2301766897104587,-0.44799236349370614,0.9731488537289325,1.7880747660557408,0.2301766897104587,1.7919694539748245
-0.2204306022001366,-0.43001719157099083,0.9754026602453395,1.8056413984547406,0.2204306022001366,1.7200687662839633
-0.21066245711080844,-0.4118699037841752,0.9775588622502671,1.8224853166561472,0.21066245711080844,1.6474796151367008
-0.20087323190036419,-0.3935577636477815,0.9796172439814963,1.8385997788236101,0.20087323190036419,1.574231054591126
-0.19106390613610125,-0.3750881006590664,0.9815775994652767,1.8539783350880603,0.19106390613610125,1.5003524026362656
-0.1812354613966912,-0.3564683073643419,0.9834397325369402,1.8686148301293137,0.1812354613966912,1.4258732294573675
-0.17138888117396237,-0.33770583640009255,0.9852034568605296,1.8825034056397496,0.17138888117396237,1.3508233456003702
-0.16152515077449117,-0.3188081975100423,0.9868685959474433,1.8956385026691116,0.16152515077449117,1.2752327900401692
-0.151645257220996,-0.2997829545393337,0.9884349831740973,1.9080148638495118,0.151645257220996,1.1991318181573347
-0.14175018915357537,-0.28063772240708246,0.9899024617985984,1.9196275354997023,0.14175018915357537,1.1225508896283298
-0.1318409367307838,-0.26138016405849046,0.9912708849764273,1.9304718696077978,0.1318409367307838,1.0455206562339618
-0.12191849153054041,-0.2420179873977047,0.9925401157751346,1.94054352569167,0.12191849153054041,0.9680719495908188
-0.111983846450911,-0.22255894220271252,0.9937100271880418,1.9498384725362352,0.111983846450911,0.8902357688108501
-0.10203799561075813,-0.2030108170234766,0.9947805021469505,1.9583529898069556,0.10203799561075813,0.8120432680939064
-0.09208193425025145,-0.1833814360645166,0.9957514335338575,1.9660836695389294,0.09208193425025145,0.7335257442580664
-0.08211665863129222,-0.16367865605327225,0.9966227241916732,1.9730274175009272,0.08211665863129222,0.654714624213089
-0.07214316593780914,-0.14391036309539665,0.9973942869339436,1.9791814544338788,0.07214316593780914,0.5756414523815866
-0.06216245417597962,-0.1240844695183257,0.9980660445535753,1.984543317163277,0.06216245417597962,0.4963378780733028
-0.05217552207436865,-0.10420891070435241,0.9986379298305603,1.9891108595850682,0.05217552207436865,0.41683564281740965
-0.04218336898397785,-0.08429164191443803,0.9991098855387037,1.9928822535246462,0.04218336898397785,0.3371665676577521
-0.03218699477825869,-0.06434063510411965,0.9994818644513488,1.9958559894685775,0.03218699477825869,0.2573625404164786
-0.022187399753046875,-0.04436387573268282,0.9997538293461038,1.998030877168794,0.022187399753046875,0.17745550293073128
-0.012185584526472198,-0.024369359566964493,0.9999257530085662,1.9994060461189929,0.012185584526472198,0.09747743826785797
-0.0021825499388361536,-0.004365089481030397,0.9999976182350458,1.999980945903058,0.0021825499388361536,0.017460357924121588
0.007820703047548677,0.01564092774702416,0.9999694178342866,1.9997553464153683,-0.007820703047548677,-0.06256371098809664
0.017823173448515445,0.03564068463980422,0.999841154628186,1.9987293379528965,-0.017823173448515445,-0.1425627385592169
0.027823860358202068,0.055626176225624956,0.9996128414515129,1.9969033311790692,-0.027823860358202068,-0.22250470490249982
0.03782176304921839,0.0755894032425505,0.9992845011506226,1.9942780569593952,-0.03782176304921839,-0.302357612970202
0.047815881072779495,0.09552237534011548,0.9988561665811719,1.9908545660689352,-0.047815881072779495,-0.38208950136046194
0.05780521435881118,0.11541711427747972,0.9983278806048301,1.9866342287717276,-0.05780521435881118,-0.4616684571099189
0.06778876331603524,0.13526565711677144,0.9976996960849905,1.9816187342723302,-0.06778876331603524,-0.5410626284670857
0.07776552893198023,0.1550600594102523,0.9969716758814813,1.9758100900397173,-0.07776552893198023,-0.6202402376410092
0.08773451287296097,0.17479239838013477,0.9961438928442738,1.969210621003777,-0.08773451287296097,-0.6991695935205391
0.09769471758397227,0.19445477608969067,0.9952164298061944,1.9618229686247517,-0.09769471758397227,-0.7778191043587627
0.10764514638850493,0.21403932260441694,0.9941893795746348,1.9536500898359894,-0.10764514638850493,-0.8561572904176677
0.11758480358829136,0.23353819914202878,0.9930628449222652,1.9446952558604118,-0.11758480358829136,-0.9341527965681151
0.1275126945629268,0.2529436012099313,0.991836938576751,1.9349620509012069,-0.1275126945629268,-1.0117744048397252
0.13742782586940938,0.2722477617290189,0.9905117832094716,1.9244543707072292,-0.13742782586940938,-1.0889910469160755
0.14732920534154437,0.2914429541424649,0.9890875114232456,1.9131764210137163,-0.14732920534154437,-1.1657718165698596
0.15721584218922102,0.31052149550829283,0.9875642657390626,1.9011327158589357,-0.15721584218922102,-1.2420859820331713
0.16708674709756735,0.32947574957452025,0.9859421985818203,1.8883280757774143,-0.16708674709756735,-1.317902998298081
0.17694093232594146,0.3482981298355853,0.9842214722650724,1.8747676258705064,-0.17694093232594146,-1.3931925193423411
0.1867774118067655,0.3669811025688612,0.9824022589747877,1.8604567937550638,-0.1867774118067655,-1.4679244102754447
0.1965952012442077,0.3855171898500752,0.9804847407521188,1.8454013073909978,-0.1965952012442077,-1.5420687594003009
0.20639331821267184,0.40389897254636326,0.9784691094751856,1.8296071927886512,-0.20639331821267184,-1.615595890185453
0.21617078225509895,0.4221190932857937,0.9763555668398776,1.8130807715968744,-0.21617078225509895,-1.688476373143175
0.22592661498108998,0.440170259402204,0.974144324339667,1.7958286585727452,-0.22592661498108998,-1.760681037608816
0.23565984016479544,0.458045245854089,0.9718356032444495,1.7778577589340123,-0.23565984016479544,-1.832180983416356
0.24536948384261417,0.4757368981164719,0.9694296345783995,1.7591752655952364,-0.24536948384261417,-1.9029475924658876
0.2550545744106489,0.49323813504451713,0.9669266590968535,1.739788656288811,-0.2550545744106489,-1.9729525401780685
0.26471414272192534,0.5105419517077744,0.9643269272622206,1.7197056905719845,-0.26471414272192534,-2.0421678068310976
0.27434722218338287,0.5276414221939476,0.9616306992189161,1.6989344067210463,-0.27434722218338287,-2.1105656887757904
0.2839528488525835,0.5445297023809905,0.9588382447673339,1.6774831185140076,-0.2839528488525835,-2.178118809523962
0.29353006153418204,0.5612000326765119,0.9559498433368454,1.6553604119029572,-0.29353006153418204,-2.2448001307060474
0.3030779018761034,0.5776457407233159,0.9529657839578392,1.6325751415775163,-0.3030779018761034,-2.3105829628932635
0.312595414465436,0.5938602440700278,0.949886365232801,1.6091364274207292,-0.312595414465436,-2.375440976280111
0.32208164692404617,0.6098370528057607,0.9467118953064306,1.5850536508587763,-0.32208164692404617,-2.439348211223043
0.33153565000387364,0.6255697721577148,0.9434426918348082,1.560336451106036,-0.33153565000387364,-2.5022790886308592
0.3409564776819138,0.6410521050507002,0.9400790819536102,1.5349947213069706,-0.3409564776819138,-2.564208420202801
0.3503431872548922,0.6562778546275789,0.9366214022453702,1.509038604576334,-0.3503431872548922,-2.6251114185103157
0.3596948394335923,0.6712409267295701,0.9330699987058003,1.482478489939369,-0.3596948394335923,-2.6849637069182806
0.369010498436841,0.6859353323354503,0.9294252267091712,1.4553250081735767,-0.369010498436841,-2.7437413293418014
0.37828923208515997,0.7003551899586984,0.925687450972746,1.42758902755368,-0.37828923208515997,-2.8014207598347936
0.387530111894032,0.71449472800156,0.9218570455202906,1.399281649501596,-0.387530111894032,-2.85797891200624
0.3967322131668221,0.7283482870651669,0.9179343936446412,1.3704142041430207,-0.3967322131668221,-2.9133931482606674
0.40589461508730296,0.741910322214724,0.9139198878693526,1.3409982457725207,-0.40589461508730296,-2.967641288858896
0.4150164008117923,0.7551754051988807,0.9098139299094216,1.3110455482289032,-0.4150164008117923,-3.020701620795523
0.42409665756090936,0.7681382266224249,0.9056169306310835,1.2805681001826592,-0.42409665756090936,-3.0725529064896997
0.4331344767108997,0.7807935980713667,0.9013293100107058,1.2495781003375004,-0.4331344767108997,-3.123174392285467
0.4421289538845688,0.7931364541896364,0.8969514970927563,1.2180879525477475,-0.4421289538845688,-3.1725458167585456
0.45107918904177446,0.8051618547065027,0.8924839299468731,1.1861102608536604,-0.45107918904177446,-3.220647418826011
0.4599842865694854,0.8168649864139277,0.8879270556240313,1.153657824436646,-0.4599842865694854,-3.2674599456557107
0.46884335537141125,0.8282411650930821,0.8832813301118034,1.1207436324963063,-0.46884335537141125,-3.3129646603723284
0.4776555089571656,0.8392858373892138,0.8785472182887333,1.0873808590514844,-0.4776555089571656,-3.3571433495568552
0.4864198655309692,0.8499945826341383,0.8737251938778198,1.0535828576673352,-0.4864198655309692,-3.399978330536553
0.49513554807989696,0.8603631146156373,0.8688157393991087,1.0193631561104801,-0.49513554807989696,-3.441452458462549
0.5038016844616321,0.870387283293025,0.863819346121411,0.9847354509344884,-0.5038016844616321,-3.4815491331721
0.5124174074917333,0.88006307645821,0.8587365140131465,0.9497136019978041,-0.5124174074917333,-3.52025230583284
0.5209818550304209,0.8893866213416086,0.8535677516923079,0.9143116269162457,-0.5209818550304209,-3.5575464853664345
0.5294941700688361,0.8983541861622201,0.8483135763755726,0.8785436954524577,-0.5294941700688361,-3.5934167446488803
0.537953500814808,0.9069621816212965,0.8429745138265405,0.8424241238443697,-0.537953500814808,-3.627848726485186
0.5463590007780845,0.9152071623389667,0.8375510983031262,0.8059673690750918,-0.5463590007780845,-3.660828649355867
0.5547098288550337,0.9230858282332577,0.8320438725041002,0.7691880230864769,-0.5547098288550337,-3.6923433129330308
0.5630051494128184,0.9305950258409739,0.8264533875147768,0.7321008069385997,-0.5630051494128184,-3.7223801033638955
0.5712441323730042,0.9377317495798698,0.8207802027518778,0.6947205649176548,-0.5712441323730042,-3.7509269983194793
0.5794259532946309,0.9444931429516551,0.8150248859075458,0.6570622585944328,-0.5794259532946309,-3.7779725718066204
0.5875497934567077,0.9508764996853131,0.8091880128925417,0.6191409608359207,-0.5875497934567077,-3.8035059987412523
0.5956148399401339,0.9568792648202918,0.8032701677786177,0.5809718497723546,-0.5956148399401339,-3.8275170592811674
0.6036202857090539,0.962499035729143,0.7972719427400666,0.5425702027220805,-0.6036202857090539,-3.849996142916572
0.6115653296916089,0.9677335630791781,0.7911939379944678,0.5039513900767748,-0.6115653296916089,-3.8709342523167125
0.6194491768600929,0.9725807517327689,0.785036761742629,0.4651308691494134,-0.6194491768600929,-3.8903230069310757
0.6272710383105164,0.9770386615859392,0.7788010301077205,0.4261241779873866,-0.6272710383105164,-3.908154646343757
0.6350301313415444,0.9811055083448953,0.7724873670736246,0.38694692915336365,-0.6350301313415444,-3.924422033379581
0.6427256795328138,0.9847796642401934,0.7660964044225,0.34761480347633095,-0.6427256795328138,-3.9391186569607735
0.6503569128226366,0.9880596586782651,0.759628781671554,0.3081435437752376,-0.6503569128226366,-3.9522386347130603
0.6579230675850456,0.9909441788300222,0.7530851460090575,0.2685489485579339,-0.6579230675850456,-3.9637767153200887
0.6654233867062168,0.9934320701563258,0.7464661522295761,0.2288468656977145,-0.6654233867062168,-3.9737282806253034
0.6728571196602265,0.9955223368700917,0.7397724626684502,0.18905318609017424,-0.6728571196602265,-3.982089347480367
0.6802235225841498,0.9972141423348576,0.7330047471355221,0.14918383729284296,-0.6802235225841498,-3.9888565693394304
0.6875218583525042,0.9985068093996514,0.7261636828481022,0.10925477715007642,-0.6875218583525042,-3.9940272375986057
0.6947513966510016,0.9993998206700215,0.7192499543632122,0.06928198740593075,-0.6947513966510016,-3.997599282680086
0.7019114140496355,0.999892818715127,0.712264253509076,0.029281467307364563,-0.7019114140496355,-3.999571274860508
0.7090011940750688,0.9999856062108001,0.7052072793158949,-0.010730772799493546,-0.7090011940750688,-3.9999424248432005
0.716020027282324,0.9996781460185254,0.6980797379459026,-0.05073871787751992,-0.716020027282324,-3.998712584074102
0.7229672113257821,0.9989705612003056,0.6908823426226942,-0.09072635460871233,-0.7229672113257821,-3.9958822448012223
0.7298420510294598,0.9978631349694043,0.6836158135598616,-0.13067767780355438,-0.7298420510294598,-3.991452539877617
0.736643858456569,0.9963563105769905,0.6762808778889274,-0.1705766968071266,-0.736643858456569,-3.985425242307962
0.7433719529783632,0.9944506911347244,0.6688782695865774,-0.2104074418994637,-0.7433719529783632,-3.9778027645388976
0.7500256613422418,0.9921470393733598,0.6614087294012173,-0.2501539706874689,-0.7500256613422418,-3.968588157493439
0.7566043177391156,0.9894462773374608,0.6538730047788541,-0.28980037448589047,-0.7566043177391156,-3.9577851093498433
0.7631072638700402,0.9863494860163464,0.646271849788292,-0.32933078468487725,-0.7631072638700402,-3.9453979440653857
0.7695338490120802,0.9828579049114252,0.6386060250456872,-0.36872937910138837,-0.7695338490120802,-3.931431619645701
0.7758834300834316,0.9789729315400768,0.6308762976384267,-0.40798038831212535,-0.7758834300834316,-3.9158917261603072
0.7821553717077697,0.9746961208762919,0.6230834410483724,-0.4470681019652776,-0.7821553717077697,-3.8987844835051675
0.7883490462778248,0.9700291847282915,0.6152282350744674,-0.4859768750686235,-0.7883490462778248,-3.880116738913166
0.7944638340181921,0.9649739910533639,0.6073114657546937,-0.5246911342515418,-0.7944638340181921,-3.8598959642134556
0.8004991230473414,0.9595325632102153,0.5993339252874288,-0.5631953839982506,-0.8004991230473414,-3.838130252840861
0.8064543094388532,0.953707079149107,0.5912964119521632,-0.6014742128499907,-0.8064543094388532,-3.814828316596428
0.8123287972818477,0.9474998705401262,0.5831997300296244,-0.6395122995734926,-0.8123287972818477,-3.7899994821605048
0.8181219987406118,0.9409134218399301,0.5750446897213002,-0.6772944192933343,-0.8181219987406118,-3.7636536873597204
0.8238333341134283,0.9339503692973273,0.5668321070683563,-0.71480544958579,-0.8238333341134283,-3.7358014771893093
0.8294622318905804,0.9266134998981131,0.5585628038699829,-0.7520303765316119,-0.8294622318905804,-3.7064539995924526
0.835008128811538,0.9189057502495728,0.5502376076011654,-0.7889543007253836,-0.835008128811538,-3.675623000998291
0.8404704699213261,0.9108302054050866,0.5418573513298729,-0.8255624432390989,-0.8404704699213261,-3.6433208216203465
0.8458487086260547,0.9023900976293308,0.5334228736337013,-0.8618401515374573,-0.8458487086260547,-3.609560390517323
0.8511423067476105,0.8935888051045563,0.5249350185159651,-0.8977729053425736,-0.8511423067476105,-3.574355220418225
0.8563507345775173,0.8844298505784496,0.5163946353212303,-0.933346322445814,-0.8563507345775173,-3.5377194023137983
0.8614734709299343,0.8749168999541533,0.5078025786503368,-0.9685461644642737,-0.8614734709299343,-3.4996675998166134
0.8665100031938152,0.8650537608229647,0.49915970827487094,-1.003358342539783,-0.8665100031938152,-3.460215043291859
0.8714598273842005,0.8548443809403379,0.49046688905113617,-1.0377689229780018,-0.8714598273842005,-3.4193775237613515
0.8763224481926462,0.844292846645788,0.48172499083361553,-1.0717641328254122,-0.8763224481926462,-3.377171386583152
0.881097379036794,0.8334033812273061,0.47293488838791775,-1.105330365382031,-0.881097379036794,-3.3336135249092242
0.8857841421090542,0.8221803432309887,0.46409746130325574,-1.1384541856474921,-0.8857841421090542,-3.2887213729239546
0.890382268424424,0.8106282247165015,0.4552135939044185,-1.1711223356984926,-0.890382268424424,-3.242512898866006
0.8948912978674147,0.7987516494591222,0.44628417516328545,-1.2033217399953038,-0.8948912978674147,-3.195006597836489
0.8993107792380904,0.7865553710990657,0.437310098609875,-1.2350395106152856,-0.8993107792380904,-3.146221484396263
0.9036402702972233,0.7740442712388096,0.4282922622429237,-1.2662629524113547,-0.9036402702972233,-3.0961770849552384
0.9078793378105435,0.761223357489223,0.4192315684400316,-1.2969795680932443,-0.9078793378105435,-3.044893429956892
0.91202755759209,0.7480977614652593,0.41012892386736993,-1.3271770632295723,-0.91202755759209,-2.992391045861037
0.9160845145466603,0.7346727367319966,0.4009852393889453,-1.3568433511687608,-0.9160845145466603,-2.9386909469279865
0.9200498027113458,0.7209536567018864,0.39180142997545786,-1.3859665578767455,-0.9200498027113458,-2.8838146268075455
0.9239230252961528,0.7069460124840341,0.38257841461274916,-1.4145350266895815,-0.9239230252961528,-2.8277840499361364
0.9277037947237121,0.692655410686347,0.3733171162098313,-1.4425373229791012,-0.9277037947237121,-2.770621642745388
0.931391732668057,0.6780875711714895,0.36401846150654865,-1.4699622387296214,-0.931391732668057,-2.712350284685958
0.9349864700924857,0.663248324767471,0.3546833809808311,-1.4967987970240266,-0.9349864700924857,-2.652993299069884
0.9384876472864869,0.6481436109338442,0.3453128087555899,-1.5230362564373017,-0.9384876472864869,-2.592574443735377
0.9418949139017329,0.6327794753844244,0.33590768250524905,-1.5486641153358112,-0.9418949139017329,-2.5311179015376974
0.9452079289871418,0.6171620676674521,0.3264689433619043,-1.5736721160806468,-0.9452079289871418,-2.4686482706698083
0.9484263610229903,0.601297638704238,0.31699753582116125,-1.5980502491332462,-0.9484263610229903,-2.405190554816952
0.9515498879540916,0.58519253828719,0.30749440764761204,-1.6217887570617768,-0.9515498879540916,-2.34077015314876
0.9545781972220201,0.5688532125382952,0.2979605097800012,-1.6448781384465672,-0.9545781972220201,-2.275412850153181
0.9575109857963866,0.5522862013290468,0.2883967962360746,-1.6673091516830723,-0.9575109857963866,-2.2091448053161873
0.9603479602051646,0.5354981356628199,0.2788042240171044,-1.689072818680881,-0.9603479602051646,-2.1419925426512796
0.9630888365640545,0.5184957350207982,0.269183753012131,-1.7101604284572163,-0.9630888365640545,-2.0739829400831926
0.9657333406048902,0.5012858046724876,0.2595363459019162,-1.7305635406235236,-0.9657333406048902,-2.0051432186899505
0.9682812077030863,0.48387523295186646,0.24986296806260125,-1.75027398876379,-0.9682812077030863,-1.9355009318074659
0.9707321829041169,0.46627098850031357,0.24016458746911096,-1.769283883703167,-0.9707321829041169,-1.8650839540012543
0.9730860209490257,0.4484801174773959,0.2304421745982975,-1.7875856166656312,-0.9730860209490257,-1.7939204699095836
0.9753424862989726,0.43050974074059684,0.22069670233181676,-1.805171862319446,-0.9753424862989726,-1.7220389629623873
0.977501353158798,0.41236705099519344,0.21092914585879,-1.8220355817091252,-0.977501353158798,-1.6494682039807738
0.9795624054996218,0.3940593099153293,0.20114048257820846,-1.8381700250728217,-0.9795624054996218,-1.5762372396613171
0.9815254370804575,0.37559384523751377,0.19133169200113437,-1.8535687345439322,-0.9815254370804575,-1.502375380950055
0.9833902514688502,0.35697804782768017,0.18150375565269056,-1.8682255467358737,-0.9833902514688502,-1.4279121913107207
0.9851566620605346,0.33821936872294317,0.17165765697383098,-1.8821345952090183,-0.9851566620605346,-1.3528774748917727
0.9868244920981055,0.3193253161493218,0.16179438122294595,-1.8952903128187362,-0.9868244920981055,-1.2773012645972872
0.9883935746887068,0.30030345251652313,0.15191491537725915,-1.9076874339436807,-0.9883935746887068,-1.2012138100660925
0.989863752820731,0.2811613913910712,0.14202024803407,-1.9193209965933649,-0.989863752820731,-1.1246455655642849
0.9912348793795304,0.2619067944489614,0.13211136931183434,-1.9301863443942084,-0.9912348793795304,-1.0476271777958457
0.9925068171621393,0.2425473684090277,0.12218927075107655,-1.9402791284532805,-0.9925068171621393,-0.9701894736361109
0.9936794388910026,0.22309086194831193,0.11225494521517564,-1.9495953090989517,-0.9936794388910026,-0.8923634477932477
0.994752627226712,0.20354506260063956,0.10230938679101877,-1.9581311574977829,-0.994752627226712,-0.8141802504025583
0.9957262747797475,0.18391779363961167,0.0923535906895165,-1.965883257147013,-0.9957262747797475,-0.7356711745584467
0.9966002841212244,0.16421691094732307,0.0823885531460214,-1.9728485052420208,-0.9966002841212244,-0.6568676437892923
0.997374567792641,0.14445029987002886,0.07241527132064429,-1.9790241139182299,-0.997374567792641,-0.5778011994801154
0.9980490483146318,0.12462587206198297,0.06243474319846005,-1.9844076113669693,-0.9980490483146318,-0.4985034882479319
0.9986236581947194,0.10475156231879927,0.052447967489657646,-1.9889968428248153,-0.9986236581947194,-0.4190062492751971
0.9990983399340688,0.08483532540149764,0.04245594352959089,-1.9927899714360489,-0.9990983399340688,-0.3393413016059906
0.999473046033241,0.06488513285259405,0.03245967117878438,-1.9957854789878609,-0.999473046033241,-0.2595405314103762
0.9997477389969458,0.04490896980547369,0.02246015072288695,-1.9979821665180209,-0.9997477389969458,-0.17963587922189475
0.9999223913377939,0.024914831788289092,0.012458382772564775,-1.999379154794769,-0.9999223913377939,-0.09965932715315637
0.9999969855790477,0.004910721523750749,0.002455368163388612,-1.9999758846687288,-0.9999969855790477,-0.019642886095002997
0.99997151425637,-0.015095354274015099,-0.007547892144328119,-1.9997721172967104,-0.99997151425637,0.060381417096060395
0.9998459799185706,-0.03509538810417077,-0.01755039716568596,-1.9987679342373068,-0.9998459799185706,0.14038155241668307
0.9996203951273518,-0.05508137488418628,-0.0275511459913585,-1.9969637374182514,-0.9996203951273518,0.22032549953674513
0.9992947824560509,-0.0750453151539226,-0.03754913788775991,-1.9943602489755439,-0.9992947824560509,0.3001812606156904
0.9988691744873816,-0.09497921827743244,-0.04754337239717887,-1.9909585109644128,-0.9988691744873816,0.37991687310972977
0.9983436138101739,-0.1148751056412293,-0.057532849437884906,-1.9867598849422308,-0.9983436138101739,0.4595004225649172
0.9977181530151118,-0.13472501384777621,-0.0675165694042131,-1.9817660514235442,-0.9977181530151118,0.5389000553911049
0.996992854689471,-0.15452099790285248,-0.07749353326658517,-1.9759790092074427,-0.996992854689471,0.6180839916114099
0.9961677914108565,-0.17425513439555446,-0.08746274267147289,-1.9694010745775348,-0.9961677914108565,0.6970205375822178
0.9952430457399392,-0.19391952466969273,-0.09742320004131165,-1.9620348803748422,-0.9952430457399392,0.7756780986787709
0.9942187102121952,-0.2135062979852284,-0.10737390867430968,-1.953883374944004,-0.9942187102121952,0.8540251919409136
0.9930948873286458,-0.2330076146685885,-0.11731387284419635,-1.944949820953183,-0.9930948873286458,0.932030458674354
0.9918716895456003,-0.2524156692505117,-0.127242097899855,-1.9352377940881749,-0.9918716895456003,1.0096626770020467
0.990549239263404,-0.2717226935902041,-0.1371575903648483,-1.924751181621234,-0.990549239263404,1.0868907743608165
0.9891276688141887,-0.29092095998458867,-0.1470593580368437,-1.9134941808551658,-0.9891276688141887,1.1636838399383547
0.9876071204486323,-0.31000278426131717,-0.1569464100868849,-1.9014712974433574,-0.9876071204486323,1.2400111370452687
0.9859877463217229,-0.32896052885441085,-0.1668177571585523,-1.8886873435863611,-0.9859877463217229,1.3158421154176434
0.9842697084775339,-0.3477866058612124,-0.17667241146695856,-1.8751474361057987,-0.9842697084775339,1.3911464234448496
0.98245317883301,-0.36647348007945996,-0.18650938689758687,-1.8608569943963449,-0.98245317883301,1.4658939203178398
0.9805383391607618,-0.3850136720232978,-0.19632769910497797,-1.845821738256581,-0.9805383391607618,1.5400546880931911
0.9785253810708785,-0.40339976091695645,-0.20612636561122405,-1.830047685599632,-0.9785253810708785,1.6135990436678258
0.9764145059917543,-0.42162438766493415,-0.21590440590427623,-1.813541150044486,-0.9764145059917543,1.6864975506597366
0.9742059251499307,-0.43968025779751946,-0.22566084153607077,-1.7963087383889293,-0.9742059251499307,1.7587210311900778
0.971899859548961,-0.45756014439041826,-0.23539469622043294,-1.7783573479651604,-0.971899859548961,1.830240577561673
0.9694965399472963,-0.4752568909573457,-0.245104995930765,-1.7596941638791186,-0.9694965399472963,1.9010275638293828
0.9669962068351923,-0.4927634143144565,-0.2547907689975249,-1.7403266561345996,-0.9669962068351923,1.971053657257826
0.9643991104106465,-0.510072707415389,-0.2644510462054435,-1.7202625766433854,-0.9643991104106465,2.040290829661556
0.9617055105543605,-0.5271778421558808,-0.2740848608905221,-1.6995099561224927,-0.9617055105543605,2.1087113686235233
0.9589156768037347,-0.5440719721467576,-0.28369124903675713,-1.6780771008798585,-0.9589156768037347,2.1762878885870305
0.9560298883258993,-0.5607483354542148,-0.2932692493726003,-1.6559725894897264,-0.9560298883258993,2.242993341816859
0.9530484338897751,-0.5772002573063258,-0.30281790346716103,-1.6332052693590127,-0.9530484338897751,2.3088010292253034
0.949971611837182,-0.5934211527646192,-0.3123362558260988,-1.609784253186135,-0.949971611837182,2.3736846110584766
0.9467997300529815,-0.6094045293597427,-0.3218233539872478,-1.5857189153135942,-0.9467997300529815,2.4376181174389706
0.943533105934269,-0.6251439896900886,-0.33127824861592037,-1.5610188879758737,-0.943533105934269,2.500575958760354
0.9401720663586157,-0.640633233982367,-0.3406999935998983,-1.5356940574441171,-0.9401720663586157,2.562532935929468
0.9367169476513554,-0.6558660626131285,-0.35008764614411614,-1.5097545600690885,-0.9367169476513554,2.623464250452514
0.9331680955519316,-0.6708363785901766,-0.3594402668649981,-1.4832107782240758,-0.9331680955519316,2.6833455143607066
0.9295258651793026,-0.685538189992902,-0.368756919884453,-1.4560733361493243,-0.9295258651793026,2.742152759971608
0.9257906209964027,-0.6999656123705851,-0.378036672923534,-1.42835309569962,-0.9257906209964027,2.7998624494823403
0.9219627367736735,-0.7141128710976599,-0.38727859739572246,-1.4000611519968076,-0.9219627367736735,2.8564514843906395
0.9180425955516643,-0.7279743036850205,-0.3964817684998433,-1.3712088289889466,-0.9180425955516643,2.911897214740082
0.9140305896026983,-0.741544362046469,-0.4056452653126172,-1.3418076749178256,-0.9140305896026983,2.966177448185876
0.909927120391625,-0.7548176147193368,-0.4147681708808007,-1.3118694576967798,-0.909927120391625,3.0192704588773474
0.9057325985356421,-0.7677887490384633,-0.42384957231295317,-1.2814061602005067,-0.9057325985356421,3.071154996153853
0.901447443763209,-0.7804525732626003,-0.43288856087078137,-1.2504299754688952,-0.901447443763209,3.1218102930504013
0.8970720848720486,-0.7928040186524188,-0.4418842320600681,-1.2189533018267356,-0.8970720848720486,3.171216074609675
0.8926069596862339,-0.8048381414993044,-0.4508356857211926,-1.186988737921208,-0.8926069596862339,3.2193525659972178
0.8880525150123832,-0.8165501251040763,-0.459742026119193,-1.154549077679277,-0.8880525150123832,3.2662005004163053
0.8834092065949444,-0.8279352817049029,-0.4686023620334098,-1.1216473051868363,-0.8834092065949444,3.3117411268196117
0.8786774990705922,-0.8389890543535881,-0.4774158068466622,-1.0882965894918022,-0.8786774990705922,3.3559562174143522
0.8738578659217375,-0.8497070187394995,-0.486181478633963,-1.0545102793331735,-0.8738578659217375,3.398828074957998
0.8689507894291423,-0.8600848849604261,-0.4948985002507791,-1.0203018977981184,-0.8689507894291423,3.4403395398417045
0.8639567606236623,-0.8701184992396206,-0.5035659994207987,-0.9856851369093285,-0.8639567606236623,3.4804739969584824
0.8588762792371144,-0.8798038455883569,-0.512183108823212,-0.9506738521447587,-0.8588762792371144,3.5192153823534276
0.8537098536522651,-0.889137047413355,-0.5207489661795095,-0.915282056891888,-0.8537098536522651,3.55654818965342
0.8484580008519618,-0.8981143690683947,-0.5292627143397619,-0.8795239168388302,-0.8484580008519618,3.592457476273579
0.8431212463674024,-0.9067322173495166,-0.5377235013683873,-0.843413744304488,-0.8431212463674024,3.6269288693980664
0.8377001242255419,-0.9149871429332254,-0.5461304806294112,-0.8069659925099534,-0.8377001242255419,3.6599485717329014
0.8321951768956618,-0.9228758417570809,-0.554482810871174,-0.7701952497936074,-0.8321951768956618,3.6915033670283237
0.8266069552350807,-0.9303951563421716,-0.5627796563105221,-0.7331162337720424,-0.8266069552350807,3.7215806253686865
0.8209360184340349,-0.9375420770569011,-0.5710201867164365,-0.6957437854493039,-0.8209360184340349,3.7501683082276043
0.815182933959726,-0.9443137433216001,-0.5792035774931065,-0.658092863276748,-0.815182933959726,3.7772549732864005
0.8093482774995298,-0.9507074447534924,-0.5873290097624535,-0.6201785371658233,-0.8093482774995298,3.80282977901397
0.8034326329033972,-0.9567206222515251,-0.5953956704460615,-0.5820159824563398,-0.8034326329033972,3.8268824890061004
0.7974365921254241,-0.9623508690206656,-0.6034027523465484,-0.54362047384244,-0.7974365921254241,3.8494034760826623
0.79136075516462,-0.967595931535226,-0.6113494542283344,-0.5050073792588705,-0.79136075516462,3.870383726140904
0.7852057300048715,-0.9724537104408424,-0.6192349808978146,-0.4661921537299327,-0.7852057300048715,3.8898148417633696
0.7789721325540978,-0.9769222613947536,-0.6270585432829386,-0.42719033318351585,-0.7789721325540978,3.9076890455790143
0.7726605865826224,-0.9809997958440284,-0.634819358512166,-0.3880175282328082,-0.7726605865826224,3.9239991833761136
0.766271723660758,-0.9846846817414384,-0.6425166499928004,-0.3486894179281167,-0.766271723660758,3.9387387269657537
0.7598061830956021,-0.9879754441986941,-0.6501496474887087,-0.3092217434812307,-0.7598061830956021,3.9519017767947764
0.7532646118670665,-0.9908707660767725,-0.657717587197391,-0.2696303019649691,-0.7532646118670665,3.96348306430709
0.7466476645631406,-0.9933694885131042,-0.6652197118264069,-0.22993093999036815,-0.7466476645631406,3.973477954052417
0.7399560033143814,-0.995470611385417,-0.6726552706691646,-0.19013954736397148,-0.7399560033143814,3.981882445541668
0.7331902977276665,-0.9971732937120333,-0.6800235196800297,-0.15027205072793695,-0.7331902977276665,3.9886931748481333
0.7263512248191802,-0.9984768539884795,-0.6873237215487885,-0.11034440718529355,-0.7263512248191802,3.993907415953918
0.7194394689466719,-0.9993807704602591,-0.6945551457744236,-0.07037259791307696,-0.7194394689466719,3.9975230818410363
0.7124557217409777,-0.9998846813316861,-0.7017170687382077,-0.030372621765829822,-0.7124557217409777,3.9995387253267443
0.7054006820368044,-0.9999883849106964,-0.7088087737761231,0.00963951112804475,-0.7054006820368044,3.9999535396427857
0.698275055802809,-0.9996918396895748,-0.715829551250564,0.04964778577433547,-0.698275055802809,3.998767358758299
0.6910795560709474,-0.9989951643615688,-0.7227786986213569,0.08963618872312927,-0.6910795560709474,3.995980657446275
0.6838149028651268,-0.9978986377733813,-0.7296555205160563,0.1295887144782285,-0.6838149028651268,3.991594551093525
0.6764818231291613,-0.9964026988135616,-0.7364593287995246,0.16948937190338484,-0.6764818231291613,3.9856107952542463
0.6690810506540203,-0.9945079462368377,-0.7431894426427977,0.2093221906228491,-0.6690810506540203,3.9780317849473508
0.6616133260044065,-0.9922151384244634,-0.7498451885912099,0.24907122741354806,-0.6616133260044065,3.9688605536978536
0.6540793964446531,-0.9895251930806745,-0.7564259006317792,0.2887205725863933,-0.6540793964446531,3.958100772322698
0.6464800158639415,-0.9864391868653726,-0.7629309202598606,0.32825435635423134,-0.6464800158639415,3.9457567474614903
0.6388159447008661,-0.9829583549631883,-0.7693595965450356,0.3676567551837598,-0.6388159447008661,3.931833419852753
0.6310879498673442,-0.9790840905890977,-0.7757112861962449,0.40691199812892975,-0.6310879498673442,3.916336362356391
0.6232968046718652,-0.974817944430778,-0.7819853536261678,0.44600437314337077,-0.6232968046718652,3.899271777723112
0.6154432887421197,-0.9701616240279447,-0.7881811710148142,0.4849182333691354,-0.6154432887421197,3.880646496111779
0.6075281879469756,-0.9651169930888989,-0.7942981183723553,0.523638003399457,-0.6075281879469756,3.8604679723555955
0.5995522943178437,-0.959686070744572,-0.8003355836011602,0.562148185512839,-0.5995522943178437,3.838744282978288
0.5915164059694265,-0.9538710307403664,-0.8062929625570427,0.6004333658760509,-0.5915164059694265,3.8154841229614656
0.5834213270198442,-0.9476742005660984,-0.8121696591097232,0.638478220713616,-0.5834213270198442,3.7906968022643937
0.5752678675101819,-0.941098060524421,-0.8179650852024724,0.6762675224411512,-0.5752678675101819,3.764392242097684
0.5670568433234213,-0.9341452427380665,-0.8236786609109628,0.7137861457603073,-0.5670568433234213,3.736580970952266
0.5587890761028034,-0.9268185300963339,-0.8293098145012968,0.7510190737127015,-0.5587890761028034,3.7072741203853354
0.5504653931696144,-0.919120855141231,-0.8348579824872143,0.7879514036904871,-0.5504653931696144,3.676483420564924
0.5420866274403905,-0.9110552988937076,-0.8403226096864842,0.8245683534012133,-0.5420866274403905,3.6442211955748305
0.533653617343575,-0.9026250896204693,-0.845703149276457,0.860855266784469,-0.533653617343575,3.610500358481877
0.5251672067356258,-0.8938336015418573,-0.8509990628487792,0.896797619878002,-0.5251672067356258,3.5753344061674293
0.5166282448165644,-0.8846843534812965,-0.8562098204632764,0.932381026631024,-0.5166282448165644,3.538737413925186
0.5080375860450049,-0.8751810074568781,-0.8613349007009783,0.9675912446622569,-0.5080375860450049,3.5007240298275124
0.4993960900526561,-0.86532736721563,-0.8663737907162932,1.0024141809604776,-0.4993960900526561,3.46130946886252
0.49070462155829125,-0.8551273767110414,-0.8713259862883318,1.0368358975253367,-0.49070462155829125,3.4205095068441658
0.4819640502812314,-0.8445851185244966,-0.876190991871356,1.0708426169460425,-0.4819640502812314,3.3783404740979863
0.4731752508543055,-0.833704812231194,-0.880968320644372,1.1044207279158602,-0.4731752508543055,3.334819248924776
0.46433910273633394,-0.822490812711253,-0.8856574945598419,1.1375567906800652,-0.46433910273633394,3.289963250845012
0.4554564901241296,-0.810947608406664,-0.8902580443915172,1.1702375424152345,-0.4554564901241296,3.243790433626656
0.4465283018640089,-0.7990798195247593,-0.8947695097813987,1.2024499025377782,-0.4465283018640089,3.196319278099037
0.43755543136286124,-0.7868921961889767,-0.8991914392857955,1.2341809779394417,-0.43755543136286124,3.1475687847559066
0.4285387764987385,-0.7743896165375904,-0.903523390420505,1.265418068147857,-0.4285387764987385,3.0975584661503617
0.41947923953101246,-0.7615770847712267,-0.907764929705088,1.2961486704099339,-0.41947923953101246,3.0463083390849066
0.41037772701009484,-0.7484597291499213,-0.9119156327062433,1.3263604846961123,-0.41037772701009484,2.9938389165996853
0.40123514968671237,-0.7350427999405026,-0.915975084080283,1.3560414186235261,-0.40123514968671237,2.9401711997620104
0.39205242242077687,-0.7213316673151607,-0.9199428776146923,1.3851795922960028,-0.39205242242077687,2.885326669260643
0.3828304640898438,-0.7073318192020251,-0.9238186162687754,1.4137633430590193,-0.3828304640898438,2.8293272768081006
0.3735701974971541,-0.6930488590885876,-0.9276019122133898,1.441781230167749,-0.3735701974971541,2.7721954363543504
0.36427254927929825,-0.6784885037788946,-0.9312923868697528,1.469222039366245,-0.36427254927929825,2.7139540151155783
0.3549384498134962,-0.6636565811053842,-0.9348896709473221,1.496074787375969,-0.3549384498134962,2.6546263244215367
0.34556883312448705,-0.648559027596258,-0.9383934044807543,1.5223287262919216,-0.34556883312448705,2.594236110385032
0.33616463679107816,-0.6332018860993869,-0.941803236865919,1.54797334788449,-0.33616463679107816,2.5328075443975475
0.326726801852314,-0.6175913033636207,-0.9451188268949883,1.5729983878054348,-0.326726801852314,2.4703652134544827
0.3172562727133152,-0.6017335275785389,-0.948339842790576,1.5973938296962182,-0.3172562727133152,2.4069341103141557
0.30775399705078077,-0.5856349058736008,-0.9514659622389379,1.621149909197072,-0.30775399705078077,2.342539623494403
0.29822092571814646,-0.5693018817776637,-0.9544968724222264,1.644257117855247,-0.29822092571814646,2.277207527110655
0.2886580126504501,-0.5527409926399625,-0.9574322700497893,1.6667062069307703,-0.2886580126504501,2.21096397055985
0.2790662147688635,-0.5359588670134917,-0.9602718613885229,1.688488191098314,-0.2790662147688635,2.143835468053967
0.2694464918849424,-0.518962222001914,-0.9630153622922625,1.7095943520435906,-0.2694464918849424,2.075848888007656
0.2597998066045872,-0.5017578605710244,-0.9656624982302145,1.7300162419528764,-0.2597998066045872,2.007031442284098
0.2501271242317085,-0.48435266882582256,-0.9682130043144305,1.7497456868943018,-0.2501271242317085,1.9374106753032903
0.2404294126716388,-0.46675361325433373,-0.9706666253263119,1.7687747900894832,-0.2404294126716388,1.867014453017335
0.23070764233428281,-0.4489677379392577,-0.9730231157421475,1.7870959350742266,-0.23070764233428281,1.7958709517570308
0.2209627860370025,-0.43100216173853173,-0.9752822397576846,1.8047017887470633,-0.2209627860370025,1.724008646954127
0.21119581890727643,-0.4128640754359922,-0.9774437713117236,1.8215853043043395,-0.21119581890727643,1.6514563017439687
0.2014077182851279,-0.3945607388632484,-0.9795074941087376,1.8377397240607143,-0.2014077182851279,1.5782429554529935
0.1915994636253145,-0.3760994779938873,-0.9814732016405194,1.8531585821539671,-0.1915994636253145,1.5043979119755493
0.18177203639933198,-0.35748768201125347,-0.9833406972068429,1.8678357071329597,-0.18177203639933198,1.4299507280450139
0.17192641999719036,-0.33873280035087977,-0.985109793935148,1.881765224427799,-0.17192641999719036,1.354931201403519
0.1620635996290152,-0.3198423397188351,-0.9867803147992396,1.8949415587011451,-0.1620635996290152,1.2793693588753403
0.1521845622264672,-0.3008238610871494,-0.9883520926370007,1.9073594360797541,-0.1521845622264672,1.2032954443485977
0.1422902963439715,-0.2816849766674852,-0.9898249701671225,1.9190138862653792,-0.1422902963439715,1.1267399066699408
0.13238179205981138,-0.2624333468643503,-0.9911988000048391,1.9299002445241313,-0.13238179205981138,1.0497333874574013
0.12246004087704279,-0.24307667720897114,-0.992473444676679,1.940014153553572,-0.12246004087704279,0.9723067088358845
0.11252603562428405,-0.22362271527513705,-0.9936487766342201,1.9493515652267295,-0.11252603562428405,0.8944908611005482
0.10258077035637293,-0.20407924757821788,-0.9947246782668524,1.9579087422123722,-0.10258077035637293,0.8163169903128715
0.09262524025488504,-0.18445409645856348,-0.9957010419135479,1.9656822594708994,-0.09262524025488504,0.7378163858342539
0.08266044152855544,-0.16475511695059528,-0.9965777698736332,1.972669005625217,-0.08266044152855544,0.6590204678023811
0.07268737131359747,-0.14499019363881235,-0.997354774416566,1.9788661842060769,-0.07268737131359747,0.5799607745552494
0.06270702757391283,-0.12516723750193814,-0.9980319777907142,1.9842713147713782,-0.06270702757391283,0.5006689500077526
0.05272040900123477,-0.1052941827465345,-0.998609312231136,1.98888223389897,-0.05272040900123477,0.421176730986138
0.04272851491519846,-0.08537898363131873,-0.9990867199663609,1.9926970960525667,-0.04272851491519846,0.3415159345252749
0.03273234516333077,-0.06542961128341933,-0.9994641532241707,1.9957143743204344,-0.03273234516333077,0.2617184451336773
0.02273290002101387,-0.045454050507933275,-0.9997415742363797,1.9979328610265383,-0.02273290002101387,0.1818162020317331
0.012731180091379407,-0.025460296591955332,-0.9999189552426141,1.9993516682139234,-0.012731180091379407,0.10184118636782133
0.0027281862051875667,-0.005456352104447505,-0.9999962784930901,1.9999702280001193,-0.0027281862051875667,0.02182540841779002
-0.007275080679316563,0.014549776306806142,-0.9999735362503896,1.9997882928044377,0.007275080679316563,-0.058199105227224567
-0.017277619576577186,0.034550081119912736,-0.999850730790235,1.9988059354470684,0.017277619576577186,-0.13820032447965094
-0.027278429573878073,0.05453655714388046,-0.9996278744012609,1.997023549119932,0.027278429573878073,-0.21814622857552185
-0.0372765099315122,0.07450120472274868,-0.9993049893837846,1.9944418472293035,0.0372765099315122,-0.2980048188909947
-0.04727086018291629,0.0944360329374672,-0.9988821080475749,1.9910618631102688,0.04727086018291629,-0.3777441317498688
-0.05726048023477806,0.11433306280427856,-0.9983592727086189,1.9868849496131304,0.05726048023477806,-0.45733225121711424
-0.06724437046712206,0.134184330468355,-0.9977365356848873,1.9819127785619217,0.06724437046712206,-0.53673732187342
-0.07722153183333218,0.15398189039134835,-0.9970139592910993,1.9761473400852547,0.07722153183333218,-0.6159275615653934
-0.0871909659601168,0.1737178185316083,-0.9961916158324872,1.969590941819767,0.0871909659601168,-0.6948712741264332
-0.09715167524742256,0.19338421551582888,-0.9952695875975611,1.9622462079864773,0.09715167524742256,-0.7735368620633155
-0.10710266296825464,0.212973209800789,-0.9942479668498742,1.9541160783404339,0.10710266296825464,-0.851892839203156
-0.11704293336840997,0.23247696082395453,-0.9931268558187911,1.9452038069940718,0.11704293336840997,-0.9299078432958181
-0.12697149176613043,0.25188766214171476,-0.9919063666892574,1.935512961114734,0.12697149176613043,-1.007550648566859
-0.13688734465162256,0.2711975445539107,-0.9905866215905744,1.9250474194969116,0.13688734465162256,-1.0847901782156428
-0.14678949978648623,0.29039887921350843,-0.9891677525841778,1.9138113710097326,0.14678949978648623,-1.1615955168540337
-0.1566769663029986,0.3094839807200862,-0.9876499016504224,1.9018093129203562,0.1566769663029986,-1.2379359228803448
-0.16654875480326087,0.32844521019593265,-0.9860332206743763,1.8890460490939331,0.16654875480326087,-1.3137808407837306
-0.17640387745821554,0.34727497834355736,-0.9843178714306201,1.8755266880708275,0.17640387745821554,-1.3890999133742294
-0.1862413481064803,0.3659657484833066,-0.9825040255670614,1.8612566410219233,0.1862413481064803,-1.4638629939332264
-0.19606018235304146,0.38451003956996876,-0.980591864587756,1.8462416195827684,0.19606018235304146,-1.538040158279875
-0.20585939766775294,0.40290042918707836,-0.9785815798347474,1.8304876335674798,0.20585939766775294,-1.6116017167483134
-0.2156380134836489,0.421129556517754,-0.9764733724689197,1.8140009885633026,0.2156380134836489,-1.684518226071016
-0.2253950512950753,0.4391901252909107,-0.9742674534498679,1.7967882834067614,0.2253950512950753,-1.756760501163643
-0.23512953475559994,0.4570749067016072,-0.9719640435147872,1.7788564075424604,0.23512953475559994,-1.8282996268064289
-0.2448404897757059,0.4747767423043909,-0.9695633731563875,1.7602125382655698,0.2448404897757059,-1.8991069692175635
-0.25452694462027536,0.49228854687850937,-0.967065682599826,1.7408641378490692,0.25452694462027536,-1.9691541875140375
-0.26418793000582164,0.5096033112637847,-0.9644712217786693,1.7208189505569564,0.26418793000582164,-2.0384132450551387
-0.27382247919747643,0.526714105166045,-0.9617802503098863,1.7000849995445904,0.27382247919747643,-2.10685642066418
-0.2834296281057389,0.54361407993102,-0.9589930374678654,1.67867058364737,0.2834296281057389,-2.17445631972408
-0.29300841538293443,0.560296471285514,-0.9561098621574728,1.656584274059127,0.29300841538293443,-2.241185885142056
-0.3025578825194247,0.576754602044851,-0.9531310128861414,1.6338349109014478,0.3025578825194247,-2.307018408179404
-0.31207707393951506,0.5929818847854287,-0.9500567877350019,1.6104315996854017,0.31207707393951506,-2.3719275391417147
-0.32156503709707973,0.608971824481366,-0.9468874943290537,1.5863837076670149,0.32156503709707973,-2.435887297925464
-0.3310208225708661,0.6247180211041373,-0.9436234498063871,1.5617008600980287,0.3310208225708661,-2.4988720844165493
-0.3404434841595196,0.6402141721842396,-0.9402649807864414,1.5363929363733078,0.3404434841595196,-2.5608566887369584
-0.3498320789762521,0.6554540753337552,-0.936812423337326,1.5104700660766133,0.3498320789762521,-2.621816301335021
-0.35918566754319703,0.6704316307288842,-0.9332661229421906,1.4839426249261918,0.35918566754319703,-2.681726522915537
-0.3685033138854214,0.6851408435514258,-0.9296264344646523,1.4568212306218504,0.3685033138854214,-2.740563374205703
-0.3777840856245722,0.6995758263882036,-0.9258937221132919,1.4291167385952235,0.3777840856245722,-2.7983033055528144
-0.3870270540721957,0.7137308015875544,-0.9220683594052004,1.4008402376647908,0.3870270540721957,-2.8549232063502177
-0.39623129432265347,0.7276001035718329,-0.9181507291286082,1.372003045597579,0.39623129432265347,-2.9104004142873316
-0.4053958853456781,0.7411781811050828,-0.9141412233045799,1.3426167045791753,0.4053958853456781,-2.9647127244203313
-0.4145199100785362,0.7544595995149393,-0.9100402431477864,1.312692976593929,0.4145199100785362,-3.0178383980597574
-0.4236024555177986,0.7674390428678793,-0.9058481990263553,1.2822438387171657,0.4236024555177986,-3.0697561714715174
-0.4326426128106879,0.780111316096924,-0.9015655104208131,1.2512814783213648,0.4326426128106879,-3.120445264387696
-0.4416394773460428,0.7924713470810101,-0.8971926058821005,1.2198182881980566,0.4416394773460428,-3.1698853883240403
-0.45059214884482623,0.8045141886751049,-0.8927299229886954,1.187866861597608,0.45059214884482623,-3.2180567547004197
-0.45949973145021544,0.8162350206903235,-0.8881779083028242,1.1554399871887195,0.45949973145021544,-3.264940082761294
-0.46836133381725004,0.8276291518232293,-0.8835370173257748,1.122550643939706,0.46836133381725004,-3.310516607292917
-0.4771760692020125,0.8386920215335285,-0.8788077144523233,1.0892119959236648,0.4771760692020125,-3.354768086134114
-0.48594305555037987,0.8494192018694666,-0.8739904729242536,1.0554373870494416,0.48594305555037987,-3.3976768074778665
-0.4946614155862748,0.8598063992401151,-0.8690857747830089,1.021240335720731,0.4946614155862748,-3.4392255969604606
-0.503330276899454,0.8698494561338996,-0.8640941108214538,0.9866345294252761,0.503330276899454,-3.4793978245355985
-0.5119487720328064,0.8795443527826589,-0.8590159805347637,0.9516338192564063,0.5119487720328064,-3.5181774111306354
-0.5205160385691598,0.8888872087705736,-0.8538518920704392,0.9162522143690757,0.5205160385691598,-3.5555488350822944
-0.5290312192175666,0.8978742845873036,-0.8486023621774659,0.8805038763727001,0.5290312192175666,-3.5914971383492142
-0.5374934618991075,0.9065019831247589,-0.8432679161545947,0.8444031136628505,0.5374934618991075,-3.6260079324990357
-0.5459019198321442,0.9147668511168423,-0.8378490877977842,0.8079643756943169,0.5459019198321442,-3.6590674044673692
-0.5542557516170553,0.9226655805216334,-0.8323464193467844,0.7712022471976525,0.5542557516170553,-3.6906623220865336
-0.5625541213204354,0.9301950098454469,-0.8267604614308747,0.7341314423415716,0.5625541213204354,-3.7207800393817876
-0.5707961985587313,0.9373521254082207,-0.821091773013773,0.6967667988436053,0.5707961985587313,-3.7494085016328826
-0.5789811585813532,0.944134062549768,-0.8153409213376904,0.6591232720311756,0.5789811585813532,-3.776536250199072
-0.5871081823531916,0.9505381067763562,-0.8095084818665778,0.6212159288557257,0.5871081823531916,-3.802152427105425
-0.5951764566365784,0.9565616948471952,-0.8035950382285391,0.5830599418621085,0.5951764566365784,-3.826246779388781
-0.6031851740726664,0.9622024158003858,-0.7976011821574283,0.5446705831157086,0.6031851740726664,-3.848809663201543
-0.6111335332622077,0.9674580119179068,-0.7915275134336457,0.5060632180898006,0.6111335332622077,-3.8698320476716273
-0.6190207388457628,0.9723263796292873,-0.785374639824107,0.4672532995153838,0.6190207388457628,-3.889305518517149
-0.6268460015832782,0.976805570353559,-0.779143177021436,0.42825636119622723,0.6268460015832782,-3.907222281414236
-0.6346085384330646,0.9808937912791854,-0.7728337485823517,0.38908801179139796,0.6346085384330646,-3.9235751651167416
-0.642307572630156,0.9845894060816417,-0.7664469858652696,0.34976392856782734,0.642307572630156,-3.9383576243265668
-0.6499423337640259,0.9878909355783538,-0.7599835279671341,0.3102998511254866,0.6499423337640259,-3.9515637423134153
-0.6575120578556956,0.9907970583207548,-0.7534440216594518,0.27071157509747407,0.6575120578556956,-3.9631882332830193
-0.6650159874341717,0.9933066111231934,-0.746829121323582,0.23101494582781443,0.6650159874341717,-3.9732264444927736
-0.6724533716122458,0.9954185895285048,-0.7401394888852524,0.19122585202929093,0.6724533716122458,-3.9816743581140193
-0.6798234661616327,0.9971321482100478,-0.7333757937483234,0.1513602194239334,0.6798234661616327,-3.9885285928401912
-0.6871255335874444,0.9984466013100501,-0.7265387127278007,0.11143400436867902,0.6871255335874444,-3.9937864052402006
-0.6943588432019783,0.9993614227141241,-0.7196289299821197,0.07146318746884193,0.6943588432019783,-3.9974456908564964
-0.7015226711978495,0.9998762462618478,-0.7126471369446691,0.031463767181735956,0.7015226711978495,-3.999504985047391
-0.7086163007204086,0.9999908658933206,-0.7055940322546126,-0.008548246586706559,0.7086163007204086,-3.9999634635732826
-0.7156390219394777,0.9997052357316397,-0.698470321686976,-0.04855683888996889,0.7156390219394777,-3.998820942926559
-0.7225901321203816,0.9990194701012622,-0.6912767180820207,-0.08854599615100175,0.7225901321203816,-3.996077880405049
-0.7294689356942583,0.9979338434822473,-0.6840139412739231,-0.12849971257165596,0.7294689356942583,-3.9917353739289894
-0.7362747443276768,0.9964487904003936,-0.6766827180187286,-0.16840199653914356,0.7362747443276768,-3.9857951616015743
-0.7430068769915052,0.9945649052533193,-0.6692837819216376,-0.2082368770266791,0.7430068769915052,-3.9782596210132772
-0.7496646600290614,0.9922829420725521,-0.6618178733635953,-0.2479884099859525,0.7496646600290614,-3.9691317682902083
-0.7562474272235228,0.9896038142217259,-0.6542857394272037,-0.2876406847287894,0.7562474272235228,-3.9584152568869038
-0.7627545198645945,0.9865285940310026,-0.646688133821962,-0.3271778302954728,0.7627545198645945,-3.9461143761240103
-0.7691852868144147,0.9830585123678722,-0.6390258168088567,-0.36658402180709365,0.7691852868144147,-3.932234049471489
-0.7755390845727244,0.9791949581444883,-0.6312995551242696,-0.40584348679959703,0.7755390845727244,-3.9167798325779533
-0.7818152773412511,0.9749394777617546,-0.6235101219032636,-0.44494051153670944,0.7818152773412511,-3.8997579110470184
-0.7880132370873332,0.9702937744903718,-0.6156582966022163,-0.4838594472994299,0.7880132370873332,-3.881175097961487
-0.7941323436067658,0.9652597077890961,-0.6077448649208199,-0.5225847166494973,0.7941323436067658,-3.8610388311563844
-0.8001719845858544,0.9598392925604912,-0.599770618723471,-0.5611008196642592,0.8001719845858544,-3.8393571702419647
-0.8061315556626988,0.9540346983444462,-0.5917363559600147,-0.599392340140651,0.8061315556626988,-3.816138793377785
-0.8120104604876607,0.947848248449817,-0.5836428805859087,-0.6374439517655307,0.8120104604876607,-3.791392993799268
-0.8178081107830402,0.9412824190245115,-0.5754910024817719,-0.6752404242501009,0.8178081107830402,-3.765129676098046
-0.8235239264019442,0.9343398380644009,-0.5672815373723397,-0.712766629425899,0.8235239264019442,-3.7373593522576036
-0.8291573353863313,0.9270232843614652,-0.5590153067448502,-0.7500075472998443,0.8291573353863313,-3.7080931374458608
-0.8347077740242574,0.9193356863915573,-0.550693137766823,-0.7869482720661233,0.8347077740242574,-3.677342745566229
-0.840174686906276,0.9112801211422799,-0.5423158632033006,-0.8235740180722355,0.840174686906276,-3.6451204845691194
-0.8455575269810174,0.9028598128814086,-0.5338843213335133,-0.8598701257370158,0.8455575269810174,-3.6114392515256344
-0.8508557556099322,0.8940781318663643,-0.5253993558669932,-0.8958220674181947,0.8508557556099322,-3.5763125274654572
-0.8560688426211829,0.8849385929952684,-0.5168618158591601,-0.9314154532270864,0.8560688426211829,-3.539754371981074
-0.8611962663627073,0.8754448544000744,-0.508272555626342,-0.9666360367882684,0.8611962663627073,-3.5017794176002974
-0.8662375137544106,0.8656007159823998,-0.49963243466029844,-1.0014697209416905,0.8662375137544106,-3.4624028639295994
-0.8711920803395089,0.8554101178926,-0.4909423175422127,-1.0359025633851249,0.8711920803395089,-3.4216404715704
-0.8760594703350083,0.8448771389527089,-0.482203073856176,-1.069920782254621,0.8760594703350083,-3.3795085558108355
-0.8808391966813176,0.8340059950238725,-0.47341557810216917,-1.1035107616407558,0.8808391966813176,-3.33602398009549
-0.8855307810909794,0.8228010373189522,-0.46458070960856734,-1.1366590570384,0.8855307810909794,-3.2912041492758086
-0.8901337540965404,0.8112667506609125,-0.45569935244413035,-1.1693524007280012,0.8901337540965404,-3.24506700264365
-0.8946476550975228,0.7994077516877712,-0.4467723953295503,-1.201577707085984,0.8946476550975228,-3.197631006751085
-0.8990720324065156,0.7872287870047706,-0.4378007315485179,-1.2333220778223304,0.8990720324065156,-3.1489151480190825
-0.9034064432943754,0.774734731284527,-0.4287852588583317,-1.264572807143174,0.9034064432943754,-3.098938925138108
-0.9076504540345219,0.7619305853159447,-0.4197268794000764,-1.2953173868362948,0.9076504540345219,-3.047722341263779
-0.9118036399463484,0.7488214740026062,-0.41062649960833003,-1.3255435112776406,0.9118036399463484,-2.995285896010425
-0.9158655854377118,0.7354126443115295,-0.40148503012047343,-1.35523908235665,0.9158655854377118,-2.941650577246118
-0.9198358840465205,0.721709463173047,-0.39230338568556355,-1.3843922143185758,0.9198358840465205,-2.886837852692188
-0.9237141384814078,0.7077174153326731,-0.3830824850727982,-1.4129912385217975,0.9237141384814078,-2.8308696613306923
-0.9274999606614879,0.6934421011558108,-0.3738232509795751,-1.4410247081082463,0.9274999606614879,-2.7737684046232434
-0.9311929717551849,0.678889234386207,-0.364526609939175,-1.4684814025850101,0.9311929717551849,-2.715556937544828
-0.9347928022181484,0.6640646398589755,-0.35519349222802726,-1.4953503323154334,0.9347928022181484,-2.656258559435902
-0.9382990918302273,0.6489742511692075,-0.3458248317726341,-1.5216207429177173,0.9382990918302273,-2.59589700467683
-0.9417114897315165,0.6336241082970244,-0.33642156605611323,-1.5472821195694089,0.9417114897315165,-2.5344964331880977
-0.9450296544574677,0.6180203551900498,-0.3269846360243845,-1.5723241912160033,0.9450296544574677,-2.4720814207601993
-0.9482532539730529,0.6021692373042948,-0.31751498599202643,-1.5967369346819331,0.9482532539730529,-2.4086769492171793
-0.9513819657059978,0.5860770991043599,-0.30801356354776294,-1.6205105786824328,0.9513819657059978,-2.3443083964174396
-0.9544154765790543,0.5697503815240633,-0.29848131945965506,-1.6436356077344934,0.9544154765790543,-2.2790015260962533
-0.9573534830413315,0.5531956193884291,-0.2889192075799583,-1.6661027659654757,0.9573534830413315,-2.2127824775537164
-0.9601956910986705,0.5364194387980954,-0.27932818474967125,-1.687903060817814,0.9601956910986705,-2.1456777551923816
-0.9629418163430601,0.5194285544772183,-0.2697092107028019,-1.7090277666482865,0.9629418163430601,-2.077714217908873
-0.9655915839811016,0.5022297670858447,-0.2600632479703107,-1.7294684282205306,0.9655915839811016,-2.0089190683433786
-0.9681447288615027,0.4848299604979485,-0.25039126178380794,-1.7492168640892503,0.9681447288615027,-1.939319841991794
-0.9706009955016112,0.4672360990461305,-0.24069421997896298,-1.7682651698748744,0.9706009955016112,-1.868944396184522
-0.9729601381129803,0.4494552247341136,-0.23097309289865417,-1.7866057214273188,0.9729601381129803,-1.7978208989364544
-0.975221920625961,0.4314944544181819,-0.221228853295884,-1.8042311778775528,0.975221920625961,-1.7259778176727276
-0.9773861167133293,0.41336097695859697,-0.21146247623641923,-1.8211344845758473,0.9773861167133293,-1.6534439078343879
-0.9794525098129304,0.3950620503422562,-0.20167493900123382,-1.8373088759153944,0.9794525098129304,-1.5802482013690249
-0.9814208931493502,0.37660499877765297,-0.19186722098871303,-1.8527478780402735,0.9814208931493502,-1.5064199951106119
-0.9832910697546065,0.3579972097633364,-0.18204030361664905,-1.867445311436633,0.9832910697546065,-1.4319888390533455
-0.9850628524878587,0.3392461311310331,-0.17219517022403116,-1.8813952934060678,0.9850628524878587,-1.3569845245241323
-0.9867360640541332,0.3203592680646535,-0.16233280597266095,-1.8945922404201696,0.9867360640541332,-1.281437072258614
-0.9883105370220667,0.30134418009627617,-0.1524541977485503,-1.9070308703553838,0.9883105370220667,-1.2053767203851047
-0.9897861138406591,0.2822084780804457,-0.1425603340631818,-1.9187062046071761,0.9897861138406591,-1.1288339123217828
-0.9911626468550385,0.26295982114789507,-0.13265220495458904,-1.9296135700827428,0.9911626468550385,-1.0518392845915803
-0.992439998321238,0.24360591363994533,-0.12273080188828389,-1.9397486010714353,0.992439998321238,-0.9744236545597813
-0.9936180404199765,0.22415450202484413,-0.11279711765805896,-1.949107240992136,0.9936180404199765,-0.8966180080993765
-0.9946966552694522,0.20461337179717362,-0.10285214628662151,-1.9576857440169417,0.9946966552694522,-0.8184534871886945
-0.9956757349371366,0.184990344361707,-0.09289688292613993,-1.9654806765704282,0.9956757349371366,-0.739961377446828
-0.9965551814505752,0.16529327390285728,-0.08293232375865937,-1.9724889187039556,0.9965551814505752,-0.6611730956114291
-0.9973349068071915,0.14553004424101304,-0.072959465896418,-1.9787076653444378,0.9973349068071915,-0.5821201769640522
-0.998014832983093,0.12570856567700492,-0.06297930728206648,-1.9841344274170842,0.998014832983093,-0.5028342627080197
-0.9985948919408779,0.10583677182600879,-0.05299284658882217,-1.9887670328416542,0.9985948919408779,-0.42334708730403514
-0.9990750256364447,0.08592261644204645,-0.043001083120514816,-1.9926036274018504,0.9990750256364447,-0.3436904657681858
-0.9994551860247995,0.06597407023449652,-0.03300501671160447,-1.9956426754874668,0.9994551860247995,-0.26389628093798606
-0.9997353350648642,0.04599911767778331,-0.023005647627128645,-1.9978829607090256,0.9997353350648642,-0.18399647071113323
-0.9999154447232825,0.02600575381555638,-0.013003976462606412,-1.99932358638464,0.9999154447232825,-0.10402301526222552
-0.9999954969772256,0.006001981060675128,-0.00300100404392712,-1.9999639758989134,0.9999954969772256,-0.024007924242700512
-0.9999754838161952,-0.014004194007827158,0.007002268672819413,-1.9998038729337346,0.9999754838161952,0.056016776031308634
-0.9998554072428257,-0.034004763849375785,0.01700484070149023,-1.9988433415708677,0.9998554072428257,0.13601905539750314
-0.9996352792726835,-0.053991723166907486,0.027005711126057336,-1.9970827662663038,0.9996352792726835,0.21596689266762994
-0.9993151219330642,-0.07395707211102524,0.03700387920076877,-1.9945228516963796,0.9993151219330642,0.295828288444101
-0.9988949672607893,-0.09389281948193728,0.0469983444502749,-1.9911646224757333,0.9988949672607893,0.37557127792774914
-0.9983748572989998,-0.11379098592800489,0.056988106769763146,-1.9870094227471924,0.9983748572989998,0.45516394371201957
-0.997754844092949,-0.133643607139477,0.06697216652502017,-1.9820589156437798,0.997754844092949,0.534574428557908
-0.9970349896847952,-0.15344273703623987,0.0769495246524646,-1.976315082623039,0.9970349896847952,0.6137709481449595
-0.9962153661073926,-0.17318045094826987,0.08691918275912286,-1.9697802226739447,0.9962153661073926,0.6927218037930795
-0.9952960553770843,-0.19284884878748215,0.09688014322251995,-1.962456951396736,0.9952960553770843,0.7713953951499286
-0.9942771494854941,-0.21244005820981005,0.10683140929052871,-1.9543481999559982,0.9942771494854941,0.8497602328392402
-0.993158750390322,-0.23194623776611006,0.11677198518109654,-1.945457213907463,0.993158750390322,0.9277849510644403
-0.9919409700051414,-0.2513595800407357,0.12670087618189263,-1.935787551898963,0.9919409700051414,1.0054383201629429
-0.9906239301882006,-0.27067231477648296,0.1366170887498448,-1.9253430842460681,0.9906239301882006,1.0826892591059318
-0.9892077627302286,-0.2898767119846687,0.14651963061056278,-1.914127991382977,0.9892077627302286,1.1595068479386748
-0.9876926093412487,-0.3089650850390586,0.1564075108576169,-1.9021467621892978,0.9876926093412487,1.2358603401562345
-0.9860786216363957,-0.3279297937525067,0.16627974005171503,-1.8894041921933362,0.9860786216363957,1.3117191750100268
-0.9843659611207465,-0.34676324743493886,0.17613533031969775,-1.8759053816526838,0.9843659611207465,1.3870529897397554
-0.9825547991731578,-0.3654579079315602,0.1859732954533942,-1.861655733512818,0.9825547991731578,1.4618316317262408
-0.9806453170291172,-0.3840062926400334,0.19579265100831128,-1.8466609512445504,0.9806453170291172,1.5360251705601335
-0.9786377057626092,-0.40240097750539033,0.20559241440212903,-1.830927036561213,0.9786377057626092,1.6096039100215613
-0.9765321662669926,-0.42063459999157493,0.21537160501304456,-1.8144602870164206,0.9765321662669926,1.6825383999662997
-0.9743289092348992,-0.43869986202829725,0.22512924427788475,-1.797267293483474,0.9743289092348992,1.754799448113189
-0.9720281551371514,-0.4565895329321181,0.23486435579003068,-1.7793549375173354,0.9720281551371514,1.8263581317284725
-0.969630134200699,-0.47429645230055467,0.24457596539712242,-1.7607303886002623,0.969630134200699,1.8971858092022187
-0.9671350863855821,-0.4918135328780628,0.25426310129854196,-1.7414011012721895,0.9671350863855821,1.9672541315122511
-0.9645432613609216,-0.5091337633927105,0.2639247941426435,-1.721374812147053,0.9645432613609216,2.036535053570842
-0.9618549184799312,-0.5262502113625013,0.2735600771237733,-1.7006595368161408,0.9618549184799312,2.105000845450005
-0.9590703267539683,-0.5431560258700986,0.2831679860789996,-1.6792635666398539,0.9590703267539683,2.1726241034803944
-0.956189764825614,-0.5598444403049357,0.29274755958459664,-1.6571954654290522,0.956189764825614,2.239377761219743
-0.9532135209407901,-0.5763087750715807,0.30229783905225305,-1.6344640660173526,0.9532135209407901,2.305235100286323
-0.9501418929199191,-0.5925424402632443,0.31181786882498064,-1.6110784667257887,0.9501418929199191,2.3701697610529773
-0.9469751881281168,-0.6085389382994476,0.3213066962727634,-1.5870480277211285,0.9469751881281168,2.4341557531977904
-0.9437137234444389,-0.624291866526678,0.33076337188786953,-1.5623823672694677,0.9437137234444389,2.497167466106712
-0.9403578252301722,-0.6397949197810788,0.34018694937986804,-1.5370913578864764,0.9403578252301722,2.5591796791243153
-0.936907829296175,-0.6550418929121187,0.34957648577032385,-1.5111851223858823,0.936907829296175,2.6201675716484747
-0.933364080869279,-0.6700266832662025,0.358931041487144,-1.4846740298278165,0.933364080869279,2.68010673306481
-0.9297269345577369,-0.6847432931293123,0.368249680458617,-1.4575686913685058,0.9297269345577369,2.738973172517249
-0.9259967543157425,-0.6991858321275912,0.37753147020706823,-1.4298799560131583,0.9259967543157425,2.796743328510365
-0.9221739134070104,-0.7133485195849912,0.3867754819421724,-1.401618906273601,0.9221739134070104,2.853394078339965
-0.9182587943674236,-0.7272256868370137,0.39598079065389724,-1.3727968537324575,0.9182587943674236,2.908902747348055
-0.9142517889667606,-0.7408117794995923,0.40514647520505204,-1.3434253345156888,0.9142517889667606,2.9632471179983693
-0.9101532981694836,-0.7541013596922836,0.41427161842348187,-1.3135161046751562,0.9101532981694836,3.0164054387691346
-0.905963732094622,-0.7670891082147787,0.4233553071938322,-1.283081135483264,0.905963732094622,3.068356432859115
-0.9016835099747312,-0.779769826675935,0.4323966325489235,-1.2521326086414049,0.9016835099747312,3.11907930670374
-0.8973130601139426,-0.7921384395744511,0.44139468976070834,-1.2206829114041922,0.8973130601139426,3.1685537582978043
-0.8928528198451029,-0.804189996330358,0.45034857843080645,-1.188744631621407,0.8928528198451029,3.216759985321432
-0.8883032354860183,-0.8159196732664885,0.4592574025805915,-1.156330552699714,0.8883032354860183,3.263678693065954
-0.8836647622947842,-0.8273227755391963,0.4681202707408669,-1.12345364848599,0.8836647622947842,3.3092911021567852
-0.8789378644242355,-0.838394739017466,0.47693629604105864,-1.0901270780745427,0.8789378644242355,3.353578956069864
-0.8741230148754988,-0.8491311321097271,0.48570459629796425,-1.0563641805401263,0.8741230148754988,3.3965245284389085
-0.8692206954506604,-0.8595276575376171,0.494424294104032,-1.0221784695989187,0.8692206954506604,3.4381106301504682
-0.8642313967045601,-0.8695801540559671,0.5030945169151472,-0.9875836281996588,0.8642313967045601,3.4783206162238685
-0.8591556178956938,-0.8792845981183774,0.5117143971379625,-0.952593503046926,0.8591556178956938,3.51713839247351
-0.8539938669362617,-0.8886371054876403,0.5202830722167027,-0.9172220990589977,0.8539938669362617,3.554548421950561
-0.8487466603413412,-0.8976339327904234,0.5287996847194787,-0.8814835737623196,0.8487466603413412,3.5905357311616934
-0.843414523177202,-0.9062714790155676,0.5372633824240891,-0.8453922316249081,0.843414523177202,3.6250859160622704
-0.837997989008763,-0.9145462869554075,0.5456733184032999,-0.8089625183309237,0.837997989008763,3.65818514782163
-0.8324975998462081,-0.9224550445895183,0.554028651109582,-0.7722090149987884,0.8324975998462081,3.6898201783580733
-0.8269139060907377,-0.929994586410382,0.562328544459339,-0.7351464323449649,0.8269139060907377,3.719978345641528
-0.8212474664795005,-0.93716189469038,0.5705721679165587,-0.6977896047959933,0.8212474664795005,3.74864757876152
-0.8154988480296812,-0.9439541006896524,0.5787586965759245,-0.6601534845509481,0.8154988480296812,3.7758164027586094
-0.8096686259817585,-0.950368485804323,0.5868873112453628,-0.6222531355967549,0.8096686259817585,3.801473943217292
-0.8037573837419524,-0.9564024826546212,0.594957198528005,-0.5841037276788321,0.8037573837419524,3.825609930618485
-0.797765712823832,-0.9620536761124984,0.6029675509035981,-0.545720530229267,0.797765712823832,3.8482147044499935
-0.7916942127891341,-0.9673198042682811,0.6109175668092982,-0.5071189062552268,0.7916942127891341,3.8692792170731245
-0.7855434911877649,-0.9721987593360116,0.6188064507198822,-0.46831430618984826,0.7855434911877649,3.8887950373440465
-0.7793141634970031,-0.9766885884970976,0.6266334132273559,-0.42932226170813514,0.7793141634970031,3.9067543539883904
-0.7730068530599207,-0.9807874946819282,0.6343976711199358,-0.3901583795104069,0.7730068530599207,3.9231499787277127
-0.7666221910229933,-0.984493837289167,0.6420984474604381,-0.3508383350755798,0.7666221910229933,3.937975349156668
-0.7601608162729545,-0.9878061328424018,0.6497349716640127,-0.3113778663870582,0.7601608162729545,3.9512245313696073
-0.7536233753728613,-0.990723055583913,0.6573064795752552,-0.27179276763353827,0.7536233753728613,3.962892222335652
-0.7470105224973935,-0.9932434380053136,0.6648122135446755,-0.23209888288731537,0.7470105224973935,3.9729737520212542
-0.7403229193674028,-0.995366271314844,0.6722514225045017,-0.19231209976269595,0.7403229193674028,3.981465085259376
-0.7335612351836827,-0.9970907058411517,0.6796233620438528,-0.15244834305684066,0.7335612351836827,3.9883628233646067
-0.7267261465600137,-0.9984160513733693,0.6869272944832179,-0.11252356837586555,0.7267261465600137,3.9936642054934772
-0.7198183374554551,-0.9993417774373766,0.6941624889482754,-0.07255375574854167,0.7198183374554551,3.9973671097495065
-0.7128384991059044,-0.9998675135081235,0.7013282214430285,-0.03255490323023345,0.7128384991059044,3.999470054032494
-0.7057873299549249,-0.9999930491579342,0.7084237749222552,0.007456979500392364,0.7057873299549249,3.9999721966317368
-0.6986655355838659,-0.999718334140732,0.7154484393632499,0.047465877549238984,0.6986655355838659,3.998873336562928
-0.6914738286412434,-0.9990434784121499,0.7224015118368873,0.08745577721688143,0.6914738286412434,3.9961739136485996
-0.6842129287714374,-0.997968752085521,0.7292822965779521,0.1274106724080481,0.6842129287714374,3.991875008342084
-0.676883562542678,-0.9964945853237647,0.7360901050547632,0.16731457103812983,0.676883562542678,3.9859783412950587
-0.6694864633743387,-0.9946215681672108,0.7428242560380754,0.2071515014340811,0.6694864633743387,3.9784862726688432
-0.6620223714635555,-0.992350450297438,0.7494840756692367,0.24690551872708058,0.6620223714635555,3.969401801189752
-0.6544920337111436,-0.9896821407372063,0.7560688975276335,0.2865607112346049,0.6544920337111436,3.958728562948825
-0.6468962036468683,-0.9866177074866206,0.762578062697367,0.3261012068290778,0.6468962036468683,3.9464708299464824
-0.6392356413540398,-0.9831583770956589,0.7690109198331904,0.3655111792907579,0.6392356413540398,3.9326335083826356
-0.6315111133934544,-0.979305534173242,0.775366825225686,0.4047748546422381,0.6315111133934544,3.917222136692968
-0.6237233927266862,-0.9750607208330366,0.7816451428656818,0.44387651746204804,0.6237233927266862,3.9002428833321465
-0.6158732586387499,-0.9704256360762263,0.7878452445078841,0.4828005171747503,0.6158732586387499,3.8817025443049054
-0.607961496660105,-0.9654021351114703,0.7939665097337577,0.5215312743152206,0.607961496660105,3.8616085404458813
-0.5999888984880623,-0.9599922286123563,0.8000083260135995,0.5600532867643268,0.5999888984880623,3.8399689144494253
-0.5919562619075587,-0.9541980819126202,0.8059700887678337,0.5983511359537192,0.5919562619075587,3.816792327650481
-0.5838643907113235,-0.9480220141394607,0.8118512014275122,0.6364094930371801,0.5838643907113235,3.792088056557843
-0.5757140946194578,-0.9414664972853105,0.817651075494002,0.674213125025992,0.5757140946194578,3.765865989141242
-0.5675061891983919,-0.934534155218399,0.8233691305978862,0.711746900886076,0.5675061891983919,3.738136620873596
-0.5592414957792863,-0.9272277626325488,0.8290047945570318,0.7489957975941859,0.5592414957792863,3.708911050530195
-0.5509208413758416,-0.9195502439365931,0.8345575034338465,0.7859449061509388,0.5509208413758416,3.6782009757463725
-0.5425450586015399,-0.9115046720838677,0.8400267015917122,0.8225794375482063,0.5425450586015399,3.6460186883354706
-0.5341149855863403,-0.9030942673422623,0.8454118417505775,0.8588847286884138,0.5341149855863403,3.612377069369049
-0.525631465892793,-0.8943223960052803,0.850712385041733,0.8948462482535747,0.525631465892793,3.577289584021121
-0.517095348431639,-0.8851925690446797,0.8559278010617262,0.9304496025214477,0.517095348431639,3.5407702761787188
-0.5085074873768608,-0.8757084407051912,0.8610575679254389,0.9656805411266871,0.5085074873768608,3.5028337628207646
-0.49986874208020526,-0.8658738070418908,0.8661011723183114,1.0005249627646131,0.49986874208020526,3.463495228167563
-0.491179976985204,-0.8556926044008301,0.8710581095477009,1.034968920835258,0.491179976985204,3.4227704176033202
-0.482442061540654,-0.8451689078434788,0.8759278835933948,1.0689986290256153,0.482442061540654,3.380675631373915
-0.4736558701136275,-0.8343069295156814,0.8807100071572381,1.10260046682761,0.4736558701136275,3.3372277180627257
-0.46482228190197467,-0.8231110169617278,0.8854040017118971,1.1357609849897647,0.46482228190197467,3.2924440678469113
-0.4559421808463461,-0.8115856513842337,0.8900093975487438,1.1684669109003114,0.4559421808463461,3.2463426055369347
-0.447016455541737,-0.7997354458505194,0.8945257338248589,1.200705153899609,0.447016455541737,3.1989417834020775
-0.43804599914858233,-0.787565143446231,0.8989525586091405,1.2324628105196809,0.43804599914858233,3.150260573784924
-0.42903170930336243,-0.7750796153768782,0.9032894289275366,1.2637271696489405,0.42903170930336243,3.100318461507513
-0.4199744880287931,-0.7622838590181349,0.9075359108073647,1.2944857176198126,0.4199744880287931,3.0491354360725396
-0.41087524164356093,-0.7491829959156177,0.9116915793207402,1.3247261432173816,0.41087524164356093,2.9967319836624706
-0.40173488067162827,-0.7357822697349646,0.9157560186270973,1.3544363426070103,0.40173488067162827,2.9431290789398585
-0.39255431975113386,-0.72208704416306,0.9197288220147961,1.383604424178898,0.39255431975113386,2.88834817665224
-0.3833344775428495,-0.7081028007611704,0.9236095919418283,1.4122187133078026,0.3833344775428495,2.8324112030446815
-0.3740762766382661,-0.6938351367709505,0.9273979400755921,1.4402677570258058,0.3740762766382661,2.775340547083802
-0.36478064346727085,-0.6792897628741236,0.9310934873317522,1.4677403286064152,0.36478064346727085,2.7171590514964943
-0.35544850820544305,-0.66447250090676,0.9346958639121739,1.4946254320581003,0.35544850820544305,2.65789000362704
-0.346080804680972,-0.6493892815290635,0.9382047093419277,1.5209123065254837,0.346080804680972,2.597557126116254
-0.33667847028122594,-0.6340461418516243,0.9416196725053558,1.5465904305963747,0.33667847028122594,2.5361845674064973
-0.3272424458589317,-0.6184492230190133,0.944940411681215,1.5716495265130568,0.3272424458589317,2.473796892076053
-0.31777367563804054,-0.6026047677517885,0.9481665945768651,1.5960795642859575,0.31777367563804054,2.410419071007154
-0.3082731071192406,-0.5865191178478201,0.9512978983615223,1.6198707657081968,0.3082731071192406,2.3460764713912803
-0.2987416909851408,-0.5701987116439575,0.9543340096985639,1.6430136082693545,0.2987416909851408,2.28079484657583
-0.2891803810051534,-0.5536500814390862,0.9572746247768789,1.6654988289668573,0.2891803810051534,2.214600325756345
-0.27959013394003424,-0.5368798508795182,0.9601194493412754,1.6873174280135748,0.27959013394003424,2.1475194035180727
-0.2699719094461569,-0.5198947323078772,0.9628681987219206,1.7084606724399842,0.2699719094461569,2.0795789292315088
-0.2603266699794807,-0.5027015240764551,0.9655205978628288,1.7289200995895782,0.2603266699794807,2.0108060963058203
-0.25065538069923793,-0.48530710782614156,0.9680763813493851,1.7486875205060803,0.25065538069923793,1.9412284313045662
-0.24095900937136866,-0.4677184457320485,0.9705352934349006,1.7677550232110746,0.24095900937136866,1.870873782928194
-0.2312385262716592,-0.44994257771683815,0.9728970880662102,1.7861149758708448,0.2312385262716592,1.7997703108673526
-0.2214949040886647,-0.4319866186329946,0.9751615289082898,1.8037600298510128,0.2214949040886647,1.7279464745319784
-0.21172911782637277,-0.41385775541507314,0.9773283893679063,1.820683122657864,0.21172911782637277,1.6554310216602925
-0.2019421447066352,-0.3955632442030988,0.9793974526162933,1.8368774807651376,0.2019421447066352,1.5822529768123952
-0.19213496407139552,-0.3771104074382969,0.9813685116108442,1.8523366223251343,0.19213496407139552,1.5084416297531875
-0.18230855728466935,-0.358506630932222,0.9832413691158354,1.8670543597631297,0.18230855728466935,1.434026523728888
-0.1724639076343573,-0.3397593609105872,0.9850158377221596,1.8810248022539515,0.1724639076343573,1.359037443642349
-0.1626020002338478,-0.32087610103288006,0.9866917398660798,1.8942423580798071,0.1626020002338478,1.2835044041315202
-0.15272382192344117,-0.301864409388997,0.9882689078469974,1.906701736868388,0.15272382192344117,1.207457637555988
-0.14283036117159673,-0.2827318954740853,0.9897471838442337,1.9183979517103649,0.14283036117159673,1.1309275818963411
-0.13292260797603517,-0.263486217142843,0.9911264199328204,1.929326321155397,0.13292260797603517,1.053944868571372
-0.12300155376465238,-0.24413507754439592,0.992406478098305,1.9394824710859253,0.12300155376465238,0.9765403101775837
-0.11306819129632541,-0.22468622203911268,0.9935872302505591,1.9488623364679103,0.11306819129632541,0.8987448881564507
-0.10312351456156767,-0.20514743509849043,0.9946685582365968,1.9574621629778806,0.10312351456156767,0.8205897403939617
-0.09316851868306095,-0.18552653718938666,0.9956503538523974,1.9652785085056166,0.09316851868306095,0.7421061487575467
-0.08320419981609166,-0.16583138164387812,0.9965325188537321,1.9723082445318556,0.08320419981609166,0.6633255265755125
-0.07323155504884853,-0.1460698515158957,0.9973149649659968,1.97854855738051,0.07323155504884853,0.5842794060635828
-0.06325158230266224,-0.1262498564260328,0.9979976138930441,1.9839969493448382,0.06325158230266224,0.5049994257041313
-0.05326528023214402,-0.10637932939568562,0.9985803973250181,1.9886512396871647,0.05326528023214402,0.42551731758274247
-0.043273648125254416,-0.08646622367183363,0.9990632569451905,1.9925095655117266,0.043273648125254416,0.3458648946873345
-0.033277685803305146,-0.06651850954371827,0.9994461444357953,1.995570382510306,0.033277685803305146,0.2660740381748731
-0.02327839352092528,-0.04654417115273535,0.9997290214828641,1.9978324655803397,0.02327839352092528,0.1861766846109414
-0.01327677186594861,-0.026551203296712518,0.9999118597800606,1.9992949093152783,0.01327677186594861,0.10620481318685007
-0.0032738216593031673,-0.006547608229992122,0.9999946410315123,1.9999571283669724,0.0032738216593031673,0.026190432919968486
0.0067294561451403416,0.01345860753950576,0.9999773569536415,1.9998188576799625,-0.0067294561451403416,-0.05383443015802304
0.01673206056073341,0.03345943645492282,0.9998600092759946,1.998880152597568,-0.01673206056073341,-0.13383774581969127
0.026732990668200108,0.05344687311548637,0.9996426097410683,1.9971413888397358,-0.026732990668200108,-0.21378749246194548
0.036731245715816256,0.07341291748074122,0.9993251801031355,1.9946032623526573,-0.036731245715816256,-0.2936516699229649
0.04672582521953631,0.09334957807256507,0.9989077521260676,1.9912667890302134,-0.04672582521953631,-0.37339831229026027
0.056715729063111196,0.11324887517379228,0.9983903675801564,1.9871333043073591,-0.056715729063111196,-0.45299550069516914
0.06669995759816937,0.13310284402213024,0.997773078237934,1.9822044626256097,-0.06669995759816937,-0.532411376088521
0.07667751174423329,0.15290353799805473,0.9970559458689934,1.9764822367708519,-0.07667751174423329,-0.6116141519922189
0.08664739308871461,0.17264303180551416,0.9962390422338053,1.9699689170837191,-0.08664739308871461,-0.6905721272220566
0.09660860398680693,0.1923134246440284,0.9953224490765393,1.9626671105428812,-0.09660860398680693,-0.7692536985761136
0.10656014766131959,0.21190684337101842,0.9943062581168831,1.9545797397215912,-0.10656014766131959,-0.8476273734840737
0.11650102830242454,0.2314154456530658,0.9931905710408641,1.9457100416179107,-0.11650102830242454,-0.9256617826122632
0.12643025116728882,0.25083142310480594,0.9919754994906761,1.936061566359105,-0.12643025116728882,-1.0033256924192238
0.13634682267963555,0.27014700441430284,0.9906611650535051,1.9256381757806722,-0.13634682267963555,-1.0805880176572114
0.1462497505291528,0.28935445845351576,0.9892476992493642,1.9144440418806423,-0.1462497505291528,-1.157417833814063
0.15613804377079363,0.30844609737271694,0.9877352435179326,1.902483645149719,-0.15613804377079363,-1.2337843894908678
0.1660107129239358,0.32741427967757974,0.9861239492044023,1.8897617727779463,-0.1660107129239358,-1.309657118710319
0.17586677007139845,0.34625141328771986,0.9844139775443327,1.8762835167386156,-0.17586677007139845,-1.3850056531508794
0.185705228958285,0.3649499585754252,0.9826054996475192,1.8620542717502038,-0.185705228958285,-1.459799834301701
0.1955251050906946,0.38350243138345763,0.9806986964808676,1.8470797331170914,-0.1955251050906946,-1.5340097255338305
0.20532541583422215,0.40190140602058627,0.978693758850287,1.831365894450015,-0.20532541583422215,-1.607605624082345
0.2151051805122903,0.4201395182337524,0.9765908873815969,1.8149190452671,-0.2151051805122903,-1.6805580729350096
0.22486342050428487,0.4382094681556438,0.9743902925004503,1.7977457684764526,-0.22486342050428487,-1.7528378726225753
0.2345991593434677,0.4561040232264662,0.9720921944112803,1.779852937741353,-0.2345991593434677,-1.8244160929058648
0.2443114228147083,0.47381602108883863,0.9696968230752604,1.7612477147290113,-0.2443114228147083,-1.8952640843553545
0.25399923905195576,0.491338372454526,0.9672044181872969,1.7419375462441098,-0.25399923905195576,-1.965353489818104
0.2636616386354928,0.5086640639419576,0.9646152291520421,1.7219301612481872,-0.2636616386354928,-2.0346562557678305
0.27329765468894157,0.5257861608833575,0.9619295150589382,1.7012335677660961,-0.27329765468894157,-2.10314464353343
0.2829063229760185,0.5426978101003747,0.9591475446562894,1.6798560496807549,-0.2829063229760185,-2.1707912404014986
0.2924866819970075,0.5593922426470679,0.9562695963243741,1.6578061634175256,-0.2924866819970075,-2.2375689705882715
0.30203777308499413,0.5758627765192355,0.9532959580475822,1.6350927345194304,-0.30203777308499413,-2.303451106076942
0.31155864050178156,0.5921028193288863,0.9502269273856018,1.6117248541147267,-0.31155864050178156,-2.3684112773155452
0.32104833153353063,0.6081058709428723,0.9470628114436425,1.5877118752781447,-0.32104833153353063,-2.432423483771489
0.33050589658609764,0.6238655260845939,0.9438039268417036,1.563063409287279,-0.33050589658609764,-2.4954621043383756
0.33993038928004266,0.6393754768977128,0.940450599682896,1.5377893217756746,-0.33993038928004266,-2.557501907590851
0.3493208665453501,0.6546295154709262,0.9370031655208032,1.5118997287840228,-0.3493208665453501,-2.6185180618837047
0.3586763887157842,0.6696215363226822,0.9334619693259086,1.4854049927112145,-0.3586763887157842,-2.6784861452907287
0.3679960196229212,0.6843455388449257,0.9298273654510748,1.4583157181667463,-0.3679960196229212,-2.7373821553797026
0.37727882668983076,0.6987956297048676,0.926099717596083,1.4306427477261785,-0.37727882668983076,-2.7951825188194706
0.38652388102438223,0.712966025203791,0.922279398771245,1.402397157591397,-0.38652388102438223,-2.851864100815164
0.39573025751221463,0.7268510535920273,0.9183667912600696,1.373590253157265,-0.39573025751221463,-2.907404214368109
0.404897034909296,0.740445157339073,0.9143622865810139,1.3442335644866414,-0.404897034909296,-2.961780629356292
0.4140232959341115,0.7537428953580161,0.910266285448305,1.3143388416954205,-0.4140232959341115,-3.0149715814320643
0.4231081273594556,0.7667389451833533,0.90607919773184,1.283918050249499,-0.4231081273594556,-3.066955780733413
0.4321506201038015,0.7794281051013082,0.9018014424161783,1.2529833661755994,-0.4321506201038015,-3.117712420405233
0.44114986932228917,0.7918052962318619,0.8974334475586071,1.2215471711877088,-0.44114986932228917,-3.1672211849274476
0.45010497449725606,0.8038655645615741,0.8929756502463124,1.189622047731298,-0.45010497449725606,-3.2154622582462964
0.4590150395283515,0.8156040829264487,0.8884284965526409,1.1572207739471438,-0.4590150395283515,-3.262416331705795
0.4678791728222058,0.8270161529440225,0.8837924414924629,1.1243563185568337,-0.4678791728222058,-3.30806461177609
0.47669648738165166,0.8380972068939136,0.879067948976639,1.0910418356719793,-0.47669648738165166,-3.3523888275756546
0.4854661008944693,0.8488428095460507,0.8742554917656057,1.057290659529284,-0.4854661008944693,-3.395371238184203
0.4941871358216949,0.8592486599359136,0.8693555514220576,1.0231162991533986,-0.4941871358216949,-3.4369946397436544
0.5028587194854198,0.8693105930859927,0.8643686182627663,0.9885324329499353,-0.5028587194854198,-3.4772423723439707
0.511479984156119,0.8790245816728401,0.8592951913095151,0.9535529032306251,-0.511479984156119,-3.5160983266913606
0.5200500671394837,0.8883867376390224,0.8541357782391618,0.918191710672874,-0.5200500671394837,-3.5535469505560897
0.5285681108627361,0.8973933137493165,0.8488908953328445,0.882463008715993,-0.5285681108627361,-3.589573254997266
0.5370332629604613,0.906040705090573,0.8435610674243093,0.8463810978961603,-0.5370332629604613,-3.624162820362292
0.5454446763598871,0.9143254505145815,0.8381468278473992,0.8099604201226319,-0.5454446763598871,-3.657301802058326
0.5538015093656513,0.9222442340234113,0.8326487183826842,0.7732155528973057,-0.5538015093656513,-3.688976936093645
0.5621029257440256,0.9297938860966499,0.8270672892032465,0.7361612034800257,-0.5621029257440256,-3.7191755443865997
0.5703480948065975,0.9369713849600183,0.821403098819626,0.6988122030019375,-0.5703480948065975,-3.747885539840073
0.5785361914933823,0.943773857794835,0.8156567140239406,0.6611835005293298,-0.5785361914933823,-3.77509543117934
0.5866663964554004,0.9501985818878882,0.8098287098331566,0.6232901570801397,-0.5866663964554004,-3.8007943275515528
0.5947378961366551,0.9562429857211999,0.8039196694315579,0.585147339595781,-0.5947378961366551,-3.8249719428847997
0.6027498828555442,0.9619046500012881,0.7979301841123869,0.5467703148705109,-0.6027498828555442,-3.8476186000051524
0.6107015548856847,0.9671813086274988,0.7918608532186744,0.5081744434408282,-0.6107015548856847,-3.8687252345099954
0.6185921165361263,0.9720708495990134,0.785712284083274,0.4693751734374218,-0.6185921165361263,-3.8882833983960534
0.6264207782309907,0.9765713158601951,0.779485091968076,0.4303880344019198,-0.6264207782309907,-3.9062852634407803
0.6341867565884689,0.9806809060839006,0.7731799000024496,0.3912286310711921,-0.6341867565884689,-3.9227236243356023
0.6418892744992147,0.9843979753924683,0.7667973391208864,0.351912637131487,-0.6418892744992147,-3.9375919015698733
0.6495275612041089,0.987721036016088,0.7603380479998634,0.31245578894497017,-0.6495275612041089,-3.950884144064352
0.6571008523713755,0.990648757888281,0.753802672993942,0.2728738792512472,-0.6571008523713755,-3.962595031553124
0.6646083901730813,0.9931799691782713,0.7471918680710767,0.23318275084618154,-0.6646083901730813,-3.9727198767130854
0.6720494233609577,0.9953136567600096,0.7405062947471845,0.19339829024081637,-0.6720494233609577,-3.9812546270400384
0.6794232073415785,0.997048966617682,0.7337466220199467,0.15353642130273007,-0.6794232073415785,-3.988195866470728
0.6867290042508691,0.9983852041875332,0.7269135263018633,0.11361309888243896,-0.6867290042508691,-3.9935408167501327
0.6939660830279334,0.9993218346358659,0.7200076913525768,0.07364430242747008,-0.6939660830279334,-3.9972873385434635
0.7011337194882216,0.9998584830731132,0.7130298082104365,0.03364602958644719,-0.7011337194882216,-3.999433932292453
0.7082311963959874,0.9999949347038872,0.7059805751233588,-0.006365710193966576,-0.7082311963959874,-3.999979738815549
0.7152578035360606,0.999731134912952,0.6988606974789541,-0.04637490207691916,-0.7152578035360606,-3.998924539651808
0.7222128377849156,0.9990671892870838,0.6916708877339418,-0.08636553224536327,-0.7222128377849156,-3.9962687571483353
0.7290956031810327,0.9980033635728089,0.6844118653428548,-0.126321594311656,-0.7290956031810327,-3.9920134542912358
0.7359054109945303,0.9965400835700396,0.6770843566860569,-0.166227095724114,-0.7359054109945303,-3.9861603342801586
0.7426415797960974,0.9946779349616436,0.6696890949970418,-0.20606606416817272,-0.7426415797960974,-3.9787117398465743
0.7493034355251721,0.9924176630790241,0.6622268202890715,-0.24582255395930327,-0.7493034355251721,-3.9696706523160965
0.755890311557395,0.9897601726037981,0.6546982792811238,-0.2854806524253422,-0.755890311557395,-3.9590406904151925
0.7624015487713164,0.9867065272056932,0.6471042253231686,-0.32502448627560737,-0.7624015487713164,-3.9468261088227727
0.7688364956143441,0.9832579491168144,0.6394454183207936,-0.364438227954181,-0.7688364956143441,-3.9330317964672576
0.7751945081679545,0.9794158186424355,0.6317226246591482,-0.40370610197502793,-0.7751945081679545,-3.917663274569742
0.7814749502121184,0.9751816736085306,0.6239366171262647,-0.442812391236132,-0.7814749502121184,-3.9007266944341223
0.7876771932889663,0.9705572087462536,0.6160881748357262,-0.48174144331033447,-0.7876771932889663,-3.8822288349850145
0.7938006167656763,0.9655442750136161,0.608178083148704,-0.5204776767102721,-0.7938006167656763,-3.8621771000544642
0.79984460789658,0.9601448788546324,0.6002071335953667,-0.5590055871249346,-0.79984460789658,-3.8405795154185296
0.8058085618844689,0.9543611813962425,0.5921761237956863,-0.5973097536252641,-0.8058085618844689,-3.81744472558497
0.8116918819411275,0.9481954975833006,0.584085857379607,-0.6353748448365172,-0.8116918819411275,-3.7927819903332023
0.8174939793470417,0.941650295252019,0.5759371439066407,-0.6731856250746457,-0.8174939793470417,-3.766601181008076
0.8232142735103124,0.9347281941422061,0.5677307987848541,-0.710726960444446,-0.8232142735103124,-3.7389127765688244
0.828852192024755,0.9274319648487034,0.5594676431892721,-0.747983824896965,-0.828852192024755,-3.7097278593948135
0.8344071707271691,0.9197645277124563,0.5511485039797177,-0.7849413062436763,-0.8344071707271691,-3.6790581108498253
0.8398786537538047,0.9117289516516219,0.5427742136180538,-0.8215846121252134,-0.8398786537538047,-3.6469158066064877
0.8452660935959768,0.9033284529332344,0.5343456100848938,-0.8578990759320105,-0.8452660935959768,-3.6133138117329375
0.8505689511548544,0.8945663938858797,0.5258635367957459,-0.8938701626746764,-0.8505689511548544,-3.5782655755435187
0.8557866957954077,0.8854462815539098,0.5173288425166128,-0.9294834748016865,-0.8557866957954077,-3.5417851262156392
0.8609188053994992,0.8759717662937482,0.5087423812790708,-0.9647247579620024,-0.8609188053994992,-3.5038870651749927
0.8659647664181409,0.8661466403128032,0.5001050122947928,-0.9995799067105009,-0.8659647664181409,-3.464586561251213
0.8709240739228759,0.8559748361516368,0.4914175998695824,-1.034034970153676,-0.8709240739228759,-3.4238993446065473
0.8757962316563062,0.8454604251099482,0.48268101331688373,-1.0680761575335453,-0.8757962316563062,-3.381841700439793
0.8805807520817526,0.8346076156170181,0.4738961268707891,-1.10168984374746,-0.8805807520817526,-3.3384304624680725
0.885277156432034,0.8234207515472866,0.4650638195985709,-1.1348625748015517,-0.885277156432034,-3.2936830061891462
0.8898849747573856,0.8119043104816782,0.45618497531269825,-1.1675810731958116,-0.8898849747573856,-3.247617241926713
0.8944037459724785,0.800062901915451,0.4472604824824099,-1.1998322432384076,-0.8944037459724785,-3.200251607661804
0.8988330179025597,0.7879012654132262,0.4382912341448057,-1.2316031762872923,-0.8988330179025597,-3.151605061652905
0.9031723473286994,0.7754242687119605,0.42927812781548413,-1.2628811559169315,-0.9031723473286994,-3.101697074847842
0.9074213000321444,0.7626369057726134,0.4202220653987282,-1.293653663008108,-0.9074213000321444,-3.050547623090454
0.9115794508377614,0.7495442947813158,0.41112395309726885,-1.3239083807586989,-0.9115794508377614,-2.998177179125263
0.9156463836565926,0.7361516761007701,0.4019847013215853,-1.3536331996135833,-0.9156463836565926,-2.9446067044030806
0.919621691527485,0.722464410172796,0.3928052245988172,-1.382816222111491,-0.919621691527485,-2.889857640691184
0.9235049766578157,0.7084879753727898,0.38358644148124843,-1.4114457676470111,-0.9235049766578157,-2.8339519014911594
0.9272958504632983,0.6942279658169817,0.3743292744543877,-1.4395103771458067,-0.9272958504632983,-2.7769118632679266
0.9309939336068613,0.6796900891233907,0.365034649844673,-1.466998817651108,-0.9309939336068613,-2.7187603564935627
0.9345988560366155,0.6648801641273012,0.3557034977267577,-1.493900086819802,-0.9345988560366155,-2.659520656509205
0.9381102570228776,0.649804118552274,0.3463367518304553,-1.5202034173261185,-0.9381102570228776,-2.599216474209096
0.9415277851942686,0.6344679866375496,0.3369353494473015,-1.5458982811712991,-0.9415277851942686,-2.537871946550198
0.9448510985728737,0.6188779067228225,0.3275002313367634,-1.5709743938974656,-0.9448510985728737,-2.47551162689129
0.9480798646084645,0.6030401187913451,0.31803234163209815,-1.5954217187040176,-0.9480798646084645,-2.4121604751653805
0.9512137602117704,0.5869609619723746,0.30853262774589085,-1.6192304704648621,-0.9512137602117704,-2.3478438478894983
0.9542524717868166,0.5706468720038808,0.2990020402752309,-1.6423911196449967,-0.9542524717868166,-2.282587488015523
0.957195695262299,0.5541043786566427,0.28944153290660296,-1.6648943961147036,-0.957195695262299,-2.216417514626571
0.9600431361220129,0.5373401031206797,0.2798520623204521,-1.6867312928599592,-0.9600431361220129,-2.149360412482719
0.9627945094343251,0.5203607553550906,0.27023458809544965,-1.7078930695875307,-0.9627945094343251,-2.0814430214203625
0.9654495398806815,0.5031731314023945,0.26059007261248524,-1.7283712562232787,-0.9654495398806815,-2.012692525609578
0.9680079617831635,0.48578411066835436,0.2509194809583453,-1.7481576563023782,-0.9680079617831635,-1.9431364426734175
0.9704695191310689,0.46820065316849563,0.2412237808291544,-1.7672443502499524,-0.9704695191310689,-1.8728026126739825
0.9728339656065309,0.45042979674233,0.2315039424335382,-1.7856236985509162,-0.9728339656065309,-1.80171918696932
0.9751010646091673,0.43247865423642934,0.22176093839553554,-1.803288344807726,-0.9751010646091673,-1.7299146169457174
0.9772705892797524,0.4143544106575098,0.21199574365728566,-1.8202312186847778,-0.9772705892797524,-1.657417642630039
0.9793423225229229,0.39606432029657,0.2022093353814491,-1.8364455387383705,-0.9793423225229229,-1.58425728118628
0.9813160570288986,0.3776157038253616,0.1924026928534408,-1.851924815130978,-0.9813160570288986,-1.5104628153014463
0.9831915952942277,0.3590159453662584,0.18257679738343371,-1.8666628522288344,-0.9831915952942277,-1.4360637814650337
0.9849687496415511,0.34027248953672967,0.17273263220815954,-1.8806537510817627,-0.9849687496415511,-1.3610899581469187
0.9866473422383795,0.3213928384696328,0.1628711823925344,-1.8938919117842312,-0.9866473422383795,-1.2855713538785312
0.988227205114892,0.30238454881041876,0.15299343473106636,-1.9063720357167637,-0.988227205114892,-1.209538195241675
0.9897081801807429,0.2832552286925853,0.14310037764912512,-1.9180891276667111,-0.9897081801807429,-1.1330209147703412
0.99109011924088,0.2640125346924888,0.13319300110403068,-1.9290384978276067,-0.99109011924088,-1.0560501387699552
0.9923728840103752,0.24466416876477304,0.1232722964859926,-1.9392157636762781,-0.9923728840103752,-0.9786566750590922
0.9935563461282618,0.2252178751596282,0.11333925651890205,-1.94861685172697,-0.9935563461282618,-0.9008715006385128
0.9946403871703781,0.2056814373231561,0.10339487516100815,-1.9572379991617581,-0.9946403871703781,-0.8227257492926244
0.995624898661219,0.18606267478197722,0.09344014750543554,-1.9650757553366498,-0.995624898661219,-0.7442506991279089
0.99650978208479,0.16636944001346593,0.0834760696806236,-1.9721269831627026,-0.99650978208479,-0.6654777600538637
0.9972949488944656,0.14660961530276254,0.07350363875064449,-1.978388860361659,-0.9972949488944656,-0.5864384612110501
0.9979803205218495,0.12679110958785422,0.06352385261542756,-1.9838588805955737,-0.9979803205218495,-0.5071644383514169
0.998565828384636,0.10692185529402377,0.05353770991091771,-1.9885348544699777,-0.998565828384636,-0.4276874211760951
0.9990514138934745,0.08700980515882649,0.04354620990912488,-1.9924149104102018,-0.9990514138934745,-0.34803922063530596
0.9994370284578304,0.06706292904900787,0.03355035241814511,-1.9954974954104732,-0.9994370284578304,-0.2682517161960315
0.9997226334908489,0.04708921077052987,0.023551137682110358,-1.9977813756555132,-0.9997226334908489,-0.18835684308211947
0.999908200413215,0.027096644873025027,0.013549566281098234,-1.9992656370143764,-0.999908200413215,-0.10838657949210011
0.999993710656014,0.007093233449943307,0.0035466390310045135,-1.999949685406335,-0.999993710656014,-0.028372933799773226
0.9999791556625893,-0.012913017064285005,-0.006456643116590165,-1.99983324703866,-0.9999791556625893,0.05165206825714002
0.999864536889399,-0.0329140990988949,-0.01645927917460269,-1.99891636851621,-0.999864536889399,0.1316563963955796
0.99964986580587,-0.05290200715181607,-0.026460268220597917,-1.997199416822776,-0.99964986580587,0.21160802860726427
0.9993351638932501,-0.0728687409939098,-0.03645860949695037,-1.9946830791741956,-0.9993351638932501,0.2914749639756392
0.998920462642458,-0.0928063088710954,-0.04645330251098951,-1.9913683627432899,-0.998920462642458,0.3712252354843816
0.9984058035509341,-0.11270673070304894,-0.056443347135100644,-1.9872565942567462,-0.9984058035509341,0.4508269228121958
0.9977912381184856,-0.13256204127730054,-0.0664277437068249,-1.9823494194640816,-0.9977912381184856,0.5302481651092021
0.9970768278421343,-0.15236429343730962,-0.07640549312887714,-1.9766488024789324,-0.9970768278421343,0.6094571737492385
0.996262644209963,-0.172105561263349,-0.08637559696912496,-1.9701570249929092,-0.996262644209963,0.688422245053396
0.9953487686939612,-0.19177794324488842,-0.09633705756050129,-1.9628766853623387,-0.9953487686939612,0.7671117729795537
0.9943352927418742,-0.21137356544317362,-0.10628887810082259,-1.954810697568274,-0.9943352927418742,0.8454942617726945
0.9932223177680498,-0.23088458464283917,-0.11623006275255605,-1.9459622900501474,-0.9932223177680498,0.9235383385713567
0.9920099551432924,-0.2503031914911548,-0.12615961674245466,-1.9363350044135879,-0.9920099551432924,1.0012127659646193
0.9906983261837173,-0.2696216136237525,-0.13607654646110368,-1.9259326940128765,-0.9906983261837173,1.07848645449501
0.9892875621386111,-0.28883211877554904,-0.1459798595623505,-1.9147595224086258,-0.9892875621386111,1.1553284751021962
0.9877778041773003,-0.30792701787558474,-0.15586856506259056,-1.902819961701316,-0.9877778041773003,1.231708071502339
0.9861692033750213,-0.3268986681246411,-0.16574167343995216,-1.890118790741297,-0.9861692033750213,1.3075946724985643
0.984461920697806,-0.34573947605427063,-0.1755981967332996,-1.8766610932160537,-0.984461920697806,1.3829579042170825
0.9826561269863733,-0.36444190056611553,-0.18543714864109798,-1.8624522556154373,-0.9826561269863733,1.4577676022644621
0.9807520029390338,-0.38299845595025805,-0.19525754462010836,-1.8474979650757055,-0.9807520029390338,1.5319938238010322
0.9787497390936076,-0.40140171488140863,-0.20505840198391032,-1.8318042071032201,-0.9787497390936076,1.6056068595256345
0.9766495358083613,-0.41964431139169217,-0.21483874000122138,-1.8153772631787504,-0.9766495358083613,1.6785772455667687
0.9744516032419536,-0.43771894381894116,-0.2245975799940558,-1.7982237082432548,-0.9744516032419536,1.7508757752757647
0.9721561613324092,-0.45561837772918523,-0.23433394543564268,-1.7803504080662609,-0.9721561613324092,1.822473510916741
0.9697634397751097,-0.47333544881226464,-0.2440468620481466,-1.7617645164978115,-0.9697634397751097,1.8933417952490585
0.967273677999808,-0.49086306574937644,-0.2537353579001629,-1.742473472605105,-0.967273677999808,1.9634522629975057
0.9646871251466729,-0.5081942130513744,-0.26339846350396123,-1.7224849976950096,-0.9646871251466729,2.0327768522054974
0.9620040400413535,-0.5253219538667799,-0.2730352119125186,-1.7018070922235442,-0.9620040400413535,2.1012878154671197
0.9592246911690835,-0.5422394327582565,-0.2826446388162643,-1.680448032593694,-0.9592246911690835,2.168957731033026
0.9563493566478133,-0.5589398784465273,-0.2922257826395775,-1.6584163678427457,-0.9563493566478133,2.235759513786109
0.9533783242003808,-0.5754166065206039,-0.30177768463700827,-1.6357209162205055,-0.9533783242003808,2.3016664260824156
0.9503118911257182,-0.5916630221132504,-0.31129938898921894,-1.6123707616597558,-0.9503118911257182,2.3666520884530016
0.9471503642691077,-0.6076726225405786,-0.32078994289861484,-1.5883752501404138,-0.9471503642691077,2.4306904901623145
0.9438940599914696,-0.6234389999048043,-0.33024839668470773,-1.5637439859487197,-0.9438940599914696,2.4937559996192173
0.9405433041377098,-0.6389558436590076,-0.3396738038791326,-1.5384868278331223,-0.9405433041377098,2.5558233746360304
0.9370984320041135,-0.6542169431329564,-0.34906522132036005,-1.5126138850582722,-0.9370984320041135,2.6168677725318257
0.9335597883047909,-0.6692161900189544,-0.3584217092480782,-1.4861355133587444,-0.9335597883047909,2.6768647600758175
0.9299277271371895,-0.6839475808166908,-0.3677423313972173,-1.459062310794157,-0.9299277271371895,2.7357903232667633
0.9262026119466525,-0.6984052192361938,-0.37702615509165754,-1.4314051135072057,-0.9262026119466525,2.7936208769447752
0.9223848154900558,-0.7125833185578202,-0.38627225133754517,-1.4031749913864973,-0.9223848154900558,2.850333274231281
0.9184747197985065,-0.7264762039484145,-0.39547969491625623,-1.3743832436357797,-0.9184747197985065,2.905904815793658
0.9144727161391127,-0.7400783147326858,-0.40464756447698247,-1.3450413942513852,-0.9144727161391127,2.9603132589307433
0.9103792049758379,-0.753384206618868,-0.41377494262891434,-1.3151611874097546,-0.9103792049758379,3.013536826475472
0.9061945959294181,-0.7663885538778448,-0.42286091603306,-1.2847545827667255,-0.9061945959294181,3.065554215511379
0.9019193077363798,-0.7790861514747726,-0.43190457549362615,-1.2538337506706825,-0.9019193077363798,3.1163446058990902
0.8975537682071366,-0.7914719171524176,-0.4409050160490009,-1.222411067291321,-0.8975537682071366,3.1658876686096704
0.8930984141831785,-0.8035408934653517,-0.44986133706231274,-1.190499109666033,-0.8930984141831785,3.214163573861407
0.8885536914933656,-0.8152882497641699,-0.4587726423115408,-1.1581106506659482,-0.8885536914933656,3.2611529990566797
0.8839200549093059,-0.826709284129,-0.4676380400792151,-1.1252586538834817,-0.8839200549093059,3.306837136516
0.8791979680998552,-0.837799425251445,-0.47645664324163434,-1.091956268443656,-0.8791979680998552,3.35119770100578
0.8743879035847172,-0.8485542342642696,-0.48522756935764,-1.0582168237411065,-0.8743879035847172,3.3942169370570783
0.8694903426871611,-0.8589694065180719,-0.4939499407569184,-1.0240538241049473,-0.8694903426871611,3.4358776260722874
0.8645057754858555,-0.8690407733042375,-0.5026228846278287,-0.9894809433936017,-0.8645057754858555,3.47616309321695
0.8594347007658355,-0.8787643035234659,-0.5112455331047292,-0.9545120195218451,-0.8594347007658355,3.5150572140938636
0.8542776259685806,-0.8881361052992532,-0.5198170233548396,-0.9191610489220566,-0.8542776259685806,3.552544421197013
0.8490350671412442,-0.8971524275356141,-0.5283364976645688,-0.8834421809421481,-0.8490350671412442,3.5886097101424563
0.8437075488850131,-0.9058096614184751,-0.5368031035253459,-0.847369712182227,-0.8437075488850131,3.6232386456739003
0.8382956043026111,-0.9141043418601178,-0.5452159937189298,-0.8109580807723195,-0.8382956043026111,3.656417367440471
0.832799774944961,-0.9220331488860802,-0.5535743264021754,-0.774221860593511,-0.832799774944961,3.688132595544321
0.8272206107569827,-0.9295929089640059,-0.5618772651912911,-0.7371757554446223,-0.8272206107569827,3.7183716358560237
0.8215586700225699,-0.9367805962738492,-0.5701239792455199,-0.6998345931570157,-0.8215586700225699,3.747122385095397
0.815814519308723,-0.9435933339189734,-0.5783136433502822,-0.6622133196596904,-0.815814519308723,3.7743733356758935
0.8099887334088549,-0.9500283950776378,-0.5864454379997504,-0.6243269929971239,-0.8099887334088549,3.8001135803105512
0.8040818952852724,-0.9560832040944207,-0.5945185494788571,-0.5861907773022232,-0.8040818952852724,3.824332816377683
0.7980945960108494,-0.9617553375111252,-0.6025321699447085,-0.5478199367268837,-0.7980945960108494,3.8470213500445007
0.792027434709868,-0.9670425250367894,-0.6104854975074393,-0.5092298293323771,-0.792027434709868,3.868170100147158
0.7858810184980755,-0.9719426504563703,-0.6183777363104428,-0.4704359009422898,-0.7858810184980755,3.887770601825481
0.7796559624219301,-0.9764537524777674,-0.6262080966100118,-0.4314536789602646,-0.7796559624219301,3.90581500991107
0.7733528893970543,-0.980574025516839,-0.633975794854368,-0.39229876615508974,-0.7733528893970543,3.922296102067356
0.7669724301459103,-0.984301820420087,-0.6416800537620573,-0.352986834415693,-0.7669724301459103,3.937207281680348
0.7605152231346738,-0.987635645124745,-0.6493201023997466,-0.3135336184783305,-0.7605152231346738,3.95054258049898
0.7539819145093534,-0.9905741652559764,-0.6568951762593558,-0.2739549096287596,-0.7539819145093534,3.9622966610239057
0.7473731580311319,-0.9931162046609635,-0.6644045173345624,-0.23426654938170888,-0.7473731580311319,3.972464818643854
0.7406896150109441,-0.9952607458796674,-0.6718473741966544,-0.1944844231402425,-0.7406896150109441,3.9810429835186696
0.7339319542433124,-0.9970069305520668,-0.6792230020697124,-0.1546244538376299,-0.7339319542433124,3.988027722208267
0.727100851939408,-0.9983540597617248,-0.6865306629051517,-0.11470259556405182,-0.727100851939408,3.993416239046899
0.7201969916593961,-0.9993015943155287,-0.6937696254555655,-0.0747348271809772,-0.7201969916593961,3.9972063772621147
0.7132210642440313,-0.9998491549595052,-0.7009391653479005,-0.034737145925554644,-0.7132210642440313,3.999396619838021
0.7061737677455261,-0.9999965225306181,-0.7080385651559439,0.005274438992351114,-0.7061737677455261,3.9999860901224724
0.6990558073577094,-0.9997436380444885,-0.7150671144721039,0.04528391279784384,-0.6990558073577094,3.998974552177954
0.6918678953454463,-0.9990906027190045,-0.7220241099785121,0.08527526156104998,-0.6918678953454463,3.996362410876018
0.6846107509733739,-0.9980376779338073,-0.7289088555173913,0.12523247860669243,-0.6846107509733739,3.992150711735229
0.6772851004339251,-0.996585285125674,-0.7357206621607197,0.16513957092083176,-0.6772851004339251,3.986341140502696
0.6698916767746623,-0.9947340056198354,-0.7424588482791699,0.20498056555212527,-0.6698916767746623,3.9789360224793415
0.6624312198249208,-0.9924845803972981,-0.7491227396103174,0.24473951600506982,-0.6624312198249208,3.9699383215891926
0.654904476121788,-0.9898379097982678,-0.7557116693261037,0.2844005086225853,-0.654904476121788,3.959351639193071
0.647312198835385,-0.9867950531617794,-0.7622249780995759,0.3239476689555956,-0.647312198835385,3.9471802126471176
0.6396551476935102,-0.9833572284016968,-0.7686620141708537,0.36336516811677483,-0.6396551476935102,3.9334289136067873
0.6319340889056135,-0.9795258115192379,-0.775022133412351,0.40263722911612837,-0.6319340889056135,3.9181032460769516
0.6241497950861232,-0.9753023360522232,-0.7813046993932331,0.4417481331758013,-0.6241497950861232,3.9012093442088926
0.6163030451771437,-0.9706884924612785,-0.7875090834430925,0.4806822260215182,-0.6163030451771437,3.882753969845114
0.6083946243704937,-0.9656861274532135,-0.7936346647148711,0.5194239241483435,-0.6083946243704937,3.862744509812854
0.6004253240291466,-0.9602972432418762,-0.7996808302469769,0.5579577210579774,-0.6004253240291466,3.8411889729675046
0.592395941608039,-0.9545239967467591,-0.8056469750246226,0.5962681934652994,-0.592395941608039,3.8180959869870366
0.584307280574273,-0.9483686987296847,-0.8115325020403668,0.6343400074715916,-0.584307280574273,3.7934747949187386
0.5761601503267132,-0.9418338128699119,-0.8173368223538563,0.6721579247019972,-0.5761601503267132,3.7673352514796474
0.5679553661150056,-0.9349219547780503,-0.8230593551507509,0.7097068084046798,-0.5679553661150056,3.739687819112201
0.5596937489579813,-0.9276358909491389,-0.8286995278008551,0.7469716295094406,-0.5596937489579813,3.7105435637965556
0.5513761255615123,-0.9199785376553555,-0.8342567759154105,0.7839374726431019,-0.5513761255615123,3.679914150621422
0.543003328235783,-0.9119529597787672,-0.8397305434035744,0.82058954209945,-0.543003328235783,3.647811839115069
0.5345761948120022,-0.9035623695845969,-0.8451202825280673,0.8569131677612809,-0.5345761948120022,3.6142494783383876
0.5260955685585763,-0.8948101254355161,-0.8504254539599743,0.8928938109721134,-0.5260955685585763,3.5792405017420643
0.5175622980967088,-0.8856997304474298,-0.8556455268327262,0.9285170703554141,-0.5175622980967088,3.542798921789719
0.5089772373154947,-0.8762348310873549,-0.8607799787952125,0.9637686875787461,-0.5089772373154947,3.5049393243494196
0.5003412452864722,-0.8664192157139057,-0.8658282960640535,0.9986345530607292,-0.5003412452864722,3.4656768628556227
0.49165518617765536,-0.8562568130609869,-0.8707899734750136,1.03310071161846,-0.49165518617765536,3.4250272522439476
0.48291992916707377,-0.8457516906653189,-0.8756645145335447,1.0671533680530738,-0.48291992916707377,3.3830067626612754
0.47413634835577795,-0.8349080532383701,-0.880451431464478,1.1007788926713935,-0.47413634835577795,3.3396322129534806
0.46530532268038466,-0.823730240983422,-0.8851502452608275,1.1339638267412124,-0.46530532268038466,3.294920963933688
0.456427735825122,-0.8122227278583827,-0.8897604857317235,1.1666948878782106,-0.456427735825122,3.2488909114335307
0.44750447613339966,-0.8003901197850672,-0.8942816915494645,1.1989589753622862,-0.44750447613339966,3.201560479140269
0.43853643651892876,-0.7882371528056772,-0.8987134102956735,1.2307431753811182,-0.43853643651892876,3.1529486112227088
0.42952451437635264,-0.7757686911871589,-0.9030551985065799,1.2620347661990339,-0.42952451437635264,3.1030747647486354
0.42046961149146095,-0.7629897254742803,-0.9073066217173883,1.2928212232488796,-0.42046961149146095,3.0519589018971214
0.41137263395094853,-0.749905370492144,-0.911467254505755,1.3230902241450355,-0.41137263395094853,2.999621481968576
0.4022344920517471,-0.7365208632989612,-0.915536680534359,1.352829653615492,-0.4022344920517471,2.9460834531958446
0.39305610020993226,-0.7228415610898954,-0.9195144925925636,1.3820276083510388,-0.39305610020993226,2.8913662443595816
0.3838383768692347,-0.7088729390528471,-0.9234002926371593,1.4106724017695655,-0.3838383768692347,2.8354917562113884
0.3745822444091159,-0.6946205881769612,-0.9271936918322026,1.4387525686937175,-0.3745822444091159,2.7784823527078446
0.3652886290524823,-0.6800902130148335,-0.9308943105879195,1.466256869939832,-0.3652886290524823,2.720360852059334
0.35595846077299886,-0.6652876293992399,-0.9345017785986913,1.4931742968164696,-0.35595846077299886,2.6611505175969596
0.34659267320202714,-0.6502187621153226,-0.93801573488011,1.5194940755306914,-0.34659267320202714,2.6008750484612904
0.33719220353521373,-0.634889642529197,-0.9414358278050963,1.545205671500268,-0.33719220353521373,2.539558570116788
0.3277579924386894,-0.6193064061738439,-0.9447617151390926,1.57029879357024,-0.3277579924386894,2.4772256246953757
0.3182909839549535,-0.603475290293363,-0.9479930640743041,1.5947633981319502,-0.3182909839549535,2.413901161173452
0.3087921254084043,-0.5874026313464886,-0.9511295512630024,1.6185896931430412,-0.3087921254084043,2.3496105253859545
0.2992623673105442,-0.5710948624704008,-0.9541708628498823,1.6417681420467558,-0.2992623673105442,2.284379449881603
0.28970266326486255,-0.5545585109058333,-0.9571166945034684,1.6642894675889826,-0.28970266326486255,2.218234043623333
0.28011396987142617,-0.5378001953845475,-0.9599667514465643,1.686144655531479,-0.28011396987142617,2.15120078153819
0.2704972466311357,-0.5208266234801263,-0.9627207484857562,1.7073249582598982,-0.2704972466311357,2.0833064939205053
0.2608534558497262,-0.5036445889232681,-0.9653784100399464,1.7278218982850198,-0.2608534558497262,2.0145783556930725
0.2511835625414696,-0.4862609688825671,-0.9679394701679314,1.7476272716359025,-0.2511835625414696,1.9450438755302684
0.24148853433260634,-0.46868272121189625,-0.9704036725950133,1.7667331511435584,-0.24148853433260634,1.874730884847585
0.23176934136453273,-0.4509168816655276,-0.9727707707386415,1.7851318896138029,-0.23176934136453273,1.8036675266621105
0.22202695619670237,-0.4329705610820098,-0.9750405277330926,1.8028161228881103,-0.22202695619670237,1.7318822443280393
0.21226235370931984,-0.4148509425380552,-0.977212716453168,1.8197787727911183,-0.21226235370931984,1.6594037701522208
0.20247651100578498,-0.3965652784734826,-0.9792871195369233,1.8360130499636969,-0.20247651100578498,1.5862611138939304
0.1926704073149148,-0.37812088778839664,-0.9812635294074191,1.8515124565804193,-0.1926704073149148,1.5124835511535866
0.18284502389296997,-0.3595251529137988,-0.9831417482934895,1.866270788950317,-0.18284502389296997,1.438100611655195
0.17300134392544375,-0.34078551685670483,-0.9849215882495369,1.8802821399999614,-0.17300134392544375,1.3631420674268193
0.16314035242869243,-0.3219094802210818,-0.9866028711743353,1.893540901637768,-0.16314035242869243,1.2876379208843272
0.1532630361513656,-0.3029045982056986,-0.9881854288288535,1.906041766998661,-0.1532630361513656,1.2116183928227944
0.14337038347566256,-0.2837784775801251,-0.9896691028530907,1.9177797325681658,-0.14337038347566256,1.1351139103205004
0.13346338431844307,-0.26453877364012324,-0.9910537447819203,1.9287501001850702,-0.13346338431844307,1.058155094560493
0.12354303003214959,-0.2451931871435483,-0.9923392160599496,1.9389484789219016,-0.12354303003214959,0.9807727485741932
0.11361031330562052,-0.22574946122812048,-0.9935253880553827,1.948370786842395,-0.11361031330562052,0.9029978449124819
0.10366622806475259,-0.20621537831220108,-0.994612142072892,1.9570132526353068,-0.10366622806475259,0.8248615132488043
0.09371176937304276,-0.18659875697985237,-0.9955993693654962,1.9648724171238945,-0.09371176937304276,0.7463950279194095
0.08374793333201278,-0.1669074488514156,-0.9964869711454419,1.971945134650467,-0.08374793333201278,0.6676297954056624
0.07377571698154756,-0.14714933544090064,-0.9972748585940882,1.9782285743354344,-0.07377571698154756,0.5885973417636026
0.06379611820010439,-0.12733232500134098,-0.9979629528707958,1.9837202212103933,-0.06379611820010439,0.5093293000053639
0.05381013560487337,-0.10746434935951618,-0.9985511851208155,1.9884178772247405,-0.05381013560487337,0.4298573974380647
0.043818768451846485,-0.0875533607412037,-0.9990394964821778,1.9923196621254537,-0.043818768451846485,0.3502134429648148
0.03382301653582262,-0.0676073285882662,-0.999427838091584,1.99542401420967,-0.03382301653582262,0.2704293143530648
0.02382388009037637,-0.04763423636888308,-0.9997161710892944,1.9977296909497575,-0.02382388009037637,0.19053694547553232
0.013822359687747598,-0.02764207838209754,-0.9999044666230182,1.9992357694906502,-0.013822359687747598,0.11056831352839017
0.003819456138732417,-0.007638856558098955,-0.9999927058507998,1.9999416470192173,-0.003819456138732417,0.03055542623239582
-0.0061838296074673005,0.012367422744584276,-0.9999808799429046,1.9998470410055433,0.0061838296074673005,-0.0494696909783371
-0.016186496563404797,0.03236875194365737,-0.9998689900827022,1.9989519893160115,0.016186496563404797,-0.12947500777462947
-0.026187543803556645,0.05235712543812868,-0.9996570474665483,1.9972568501981471,0.026187543803556645,-0.2094285017525147
-0.03618597056446703,0.07232454281255071,-0.9993450733026643,1.99476230213723,0.03618597056446703,-0.28929817125020285
-0.04618077634491131,0.09226301203925662,-0.9989330988090149,1.991469343584725,0.04618077634491131,-0.36905204815702647
-0.05617096100599783,0.11216455267716839,-0.9984211652101845,1.9873792925586506,0.05617096100599783,-0.44865821070867357
-0.06615552487125127,0.1320211990660031,-0.9978093237332518,1.982493786116037,0.06615552487125127,-0.5280847962640124
-0.07613346882664963,0.15182500351456282,-0.9970976356026633,1.9768147796976863,0.07613346882664963,-0.6073000140582513
-0.08610379442058728,0.17156803948179747,-0.9962861720341085,1.970344546345509,0.08610379442058728,-0.6862721579271899
-0.0960655039638072,0.19124240474947224,-0.9953750142273915,1.963085675792719,0.0960655039638072,-0.764969618997889
-0.10601760062922133,0.21084022458502966,-0.9943642533583068,1.9550410734272916,0.10601760062922133,-0.8433608983401186
-0.11595908855166262,0.23035365489348547,-0.9932539905695157,1.9462139591290706,0.11595908855166262,-0.9214146195739419
-0.12588897292754053,0.24977488535706166,-0.9920443369604248,1.9366078659809958,0.12588897292754053,-0.9990995414282466
-0.13580626011437294,0.26909614256126535,-0.9907354135760704,1.9262266388549891,0.13580626011437294,-1.0763845702450614
-0.14570995773023687,0.2883096931062663,-0.9893273513950034,1.9150744328730103,0.14570995773023687,-1.1532387724250652
-0.15559907475305804,0.3074078467021892,-0.9878202913161849,1.903155711743969,0.15559907475305804,-1.2296313868087567
-0.1654726216197818,0.32638295924718563,-0.9862143841448858,1.8904752459771061,0.1654726216197818,-1.3055318369887425
-0.17532961032539815,0.3452274358870189,-0.984509790577597,1.8770381109725762,0.17532961032539815,-1.3809097435480755
-0.18516905452179339,0.3639337340549037,-0.9827066811859504,1.8628496849900205,0.18516905452179339,-1.4557349362196148
-0.19498996961647067,0.38249436649048507,-0.9808052363996472,1.8479156469958713,0.19498996961647067,-1.5299774659619403
-0.20479137287106042,0.400901904236613,-0.978805646488406,1.8322419743903453,0.20479137287106042,-1.603607616946452
-0.21457228349966206,0.4191489796128148,-0.9767081115429218,1.8158349406149625,0.21457228349966206,-1.676595918451259
-0.22433172276698754,0.437228289164235,-0.9745128414548447,1.7987011126415817,0.22433172276698754,-1.74891315665694
-0.23406871408630245,0.45513259658487454,-0.9722200558957754,1.780847348343939,0.23406871408630245,-1.8205303863394982
-0.2437822831171355,0.4728547356139215,-0.9698299842952871,1.7622807937527871,0.2437822831171355,-1.891418942455686
-0.2534714578627973,0.49038761290411037,-0.9673428658179622,1.7430088801956327,0.2534714578627973,-1.9615504516164415
-0.2631352687676301,0.5077242108608327,-0.9647589493394643,1.7230393213223483,0.2631352687676301,-2.030896843443331
-0.2727727488140312,0.5248575904509608,-0.9620784934216321,1.7023801100177498,0.2727727488140312,-2.0994303618038432
-0.28238293361922107,0.5417808939802246,-0.9593017662866062,1.6810395152024105,0.28238293361922107,-2.167123575920898
-0.29196486153173207,0.5584873478380039,-0.956429045789993,1.659026078523026,0.29196486153173207,-2.2339493913520156
-0.30151757372765725,0.574970265208526,-0.9534606193930543,1.636348610933547,0.30151757372765725,-2.299881060834104
-0.3110401143065821,0.591223048747262,-0.950396784133947,1.6130161891685932,0.3110401143065821,-2.364892194989048
-0.32053153038724125,0.6072391932215425,-0.9472378465979984,1.5890381521104522,0.32053153038724125,-2.42895677288617
-0.329990872202869,0.6230122881143006,-0.943984122887027,1.5644240970511591,0.329990872202869,-2.4920491524572026
-0.33941719319624214,0.6385360201899076,-0.9406359385877114,1.5391838758511394,0.33941719319624214,-2.5541440807596305
-0.34880955011438464,0.6538041760210461,-0.9371936287390139,1.5133275909960022,0.34880955011438464,-2.6152167040841845
-0.3581670031029751,0.6688106444756888,-0.9336575377986478,1.4868655915529336,0.3581670031029751,-2.6752425779027553
-0.36748861580038067,0.6835494191630775,-0.9300280196086138,1.4598084690284807,0.36748861580038067,-2.73419767665231
-0.37677345543135826,0.6980146008378083,-0.9263054373597913,1.4321670531292572,0.37677345543135826,-2.7920584033512332
-0.38602059290039675,0.7122003997610286,-0.9224901635555938,1.4039524074273046,0.38602059290039675,-2.8488015990441142
-0.3952291028846746,0.7261011380177808,-0.9185825799746995,1.375175824931901,0.3952291028846746,-2.904404552071123
-0.40439806392667305,0.7397112517896376,-0.9145830776328405,1.345848823569434,0.40439806392667305,-2.9588450071585504
-0.4135265585263689,0.7530252935816192,-0.9104920567436805,1.3159831415733505,0.4135265585263689,-3.0121011743264767
-0.4226136732330487,0.7660379344025765,-0.9063099266787659,1.2855907327858798,0.4226136732330487,-3.064151737610306
-0.431658498736717,0.7787439658981435,-0.9020371059265598,1.2546837618734548,0.431658498736717,-3.114975863592574
-0.4406601299590744,0.7911383024353805,-0.8976740220505725,1.2232745994578067,0.4406601299590744,-3.164553209741522
-0.44961766614410426,0.8032159831383436,-0.8932211116465669,1.1913758171645152,0.44961766614410426,-3.2128639325533745
-0.45853021094819485,0.8149721738736742,-0.8886788202988771,1.1590001825912157,0.45853021094819485,-3.2598886954946966
-0.46739687252983586,0.8264021691854818,-0.8840476025358184,1.1261606541973135,0.46739687252983586,-3.3056086767419273
-0.4762167636388646,0.8375013941787238,-0.8793279217842032,1.092870376117303,0.4762167636388646,-3.3500055767148953
-0.4849890017052367,0.8482654063503061,-0.8745202503229745,1.0591426728998317,0.4849890017052367,-3.3930616254012245
-0.4937127089273601,0.8586898973672348,-0.8696250692359367,1.0249910441744312,0.4937127089273601,-3.434759589468939
-0.5023870123599207,0.8687706947910251,-0.8646428683636227,0.9904291592482916,0.5023870123599207,-3.4750827791641004
-0.5110110440012372,0.8785037637477384,-0.8595741462542749,0.9554708516350623,0.5110110440012372,-3.5140150549909537
-0.5195839408801188,0.8878852085429543,-0.8544194101139587,0.9201301135179406,0.5195839408801188,-3.551540834171817
-0.5281048451422219,0.896911274221039,-0.8491791757558059,0.8844210901492393,0.5281048451422219,-3.587645096884156
-0.5365729041358799,0.9055783480680665,-0.843853967548407,0.8483580741887515,0.5365729041358799,-3.622313392272266
-0.5449872704974429,0.9138829610578392,-0.8384443183633288,0.8119554999829882,0.5449872704974429,-3.6555318442313567
-0.5533471022360577,0.9218217892403642,-0.8329507695217995,0.7752279377878317,0.5533471022360577,-3.6872871569614567
-0.5616515628179254,0.9293916550722797,-0.8273738707405389,0.738190087936728,0.5616515628179254,-3.717566620289119
-0.5698998212500126,0.9365895286886797,-0.8217141800767488,0.7008567749568145,0.5698998212500126,-3.746358114754719
-0.5780910521631941,0.9434125291158179,-0.8159722638722784,0.6632429416354046,0.5780910521631941,-3.7736501164632714
-0.5862244358948613,0.9498579254242423,-0.8101486966969407,0.6253636430390064,0.5862244358948613,-3.799431701696969
-0.5942991585709312,0.95592313782185,-0.8042440612910258,0.5872340404875329,0.5942991585709312,-3.8236925512874
-0.6023144121872898,0.961605738686459,-0.7982589485069864,0.5488693954859186,0.6023144121872898,-3.846422954745836
-0.6102693946906461,0.9669034535374735,-0.792193957250314,0.5102850636156494,0.6102693946906461,-3.867613814149894
-0.6181633100587934,0.9718141619462535,-0.786049694419606,0.4714964883886242,0.6181633100587934,-3.887256647785014
-0.6259953683802518,0.9763358983848174,-0.7798267748458454,0.4325191950658912,0.6259953683802518,-3.9053435935392695
-0.6337647859333291,0.9804668530125614,-0.7735258212308633,0.39336878444352624,0.6337647859333291,-3.9218674120502457
-0.6414707852645327,0.9842053724006478,-0.7671474640850374,0.3540609266084149,0.6414707852645327,-3.936821489602591
-0.6491125952663696,0.9875499601937967,-0.7606923416641962,0.3146113546662331,0.6491125952663696,-3.950199840775187
-0.65668945125451,0.9904992777092092,-0.75416109990575,0.2750358584442023,0.65668945125451,-3.961997110836837
-0.6642005950442957,0.9930521444723751,-0.7475543923640631,0.23535027817121398,0.6642005950442957,-3.9722085778895004
-0.6716452750266247,0.9952075386895685,-0.7408728801450418,0.1955704981376383,0.6716452750266247,-3.980830154758274
-0.6790227462431507,0.9969645976568197,-0.73411723183999,0.1557124403376386,0.6790227462431507,-3.9878583906272786
-0.6863322704608308,0.9983226181052167,-0.7272881234587026,0.11579205809632419,0.6863322704608308,-3.993290472420867
-0.6935731162457994,0.9992810564823914,-0.7203862383618185,0.07582532968436281,0.6935731162457994,-3.9971242259295656
-0.7007445590365509,0.999839529170077,-0.7134122671924487,0.03582825192267944,0.7007445590365509,-3.999358116680308
-0.7078458812164572,0.9999978126376543,-0.7063669078070526,-0.004183166220411614,0.7078458812164572,-3.999991250550617
-0.714876372185568,0.9997558435316194,-0.6992508652056151,-0.04419291003679474,0.714876372185568,-3.9990233741264776
-0.7218353284317188,0.9991137187009418,-0.6920648514610988,-0.08418496548850937,0.7218353284317188,-3.996454874803767
-0.7287220536009319,0.9980716951582991,-0.6848095856481862,-0.12414332561743809,0.7287220536009319,-3.9922867806331963
-0.7355358585670875,0.9966301899772091,-0.6774857937713362,-0.16405199695209005,0.7355358585670875,-3.9865207599088364
-0.7422760615008961,0.9947897801250921,-0.6700942086921196,-0.20389500590912832,0.7422760615008961,-3.9791591205003685
-0.7489419879381171,0.9925512022323393,-0.6626355700558952,-0.24365640518679488,0.7489419879381171,-3.970204808929357
-0.7555329708470516,0.9899153522974733,-0.6551106242177943,-0.28332028014788735,0.7555329708470516,-3.959661409189893
-0.7620483506952901,0.9868832853285219,-0.6475201241680355,-0.32287075518964736,0.7620483506952901,-3.9475331413140875
-0.7684874755157106,0.983456214920746,-0.6398648294565736,-0.3622920000980395,0.7684874755157106,-3.933824859682984
-0.7748497009717099,0.9796355127708992,-0.6321455061171057,-0.4015682363837929,0.7748497009717099,-3.918542051083597
-0.7811343904216931,0.9754227081281938,-0.6243629265904006,-0.4406837435978801,0.7811343904216931,-3.901690832512775
-0.7873409149827705,0.9708194871822184,-0.6165178696470149,-0.47962286562362494,0.7873409149827705,-3.8832779487288738
-0.7934686535936898,0.9658276923880338,-0.6086111203093624,-0.5183700169431312,0.7934686535936898,-3.863310769552135
-0.7995169930769849,0.9604493217287216,-0.6006434697731563,-0.5569096888754537,0.7995169930769849,-3.841797286914886
-0.8054853282003258,0.9546865279156925,-0.59261571532825,-0.5952264557839464,0.8054853282003258,-3.81874611166277
-0.8113730617370947,0.948541617527045,-0.5845286602788375,-0.6333049812505093,0.8113730617370947,-3.79416647010818
-0.8171796045261389,0.9420170500843567,-0.5763831138630826,-0.6711300242139872,0.8171796045261389,-3.7680682003374266
-0.8229043755307283,0.9351154370682502,-0.5681798911721376,-0.7086864450704712,0.8229043755307283,-3.7404617482730007
-0.8285468018966969,0.9278395408731398,-0.5599198130685819,-0.7459592117329773,0.8285468018966969,-3.711358163492559
-0.8341063190097686,0.9201922737015702,-0.5516037061042774,-0.7829334056481038,0.8341063190097686,-3.680769094806281
-0.8395823705520474,0.9121766963986084,-0.5432324024376717,-0.8195942277671819,0.8395823705520474,-3.6487067855944337
-0.8449744085576978,0.9037960172267142,-0.5348067397505092,-0.8559270044697245,0.8449744085576978,-3.615184068906857
-0.8502818934677694,0.8950535905816317,-0.5263275611640197,-0.8919171934365404,0.8502818934677694,-3.580214362326527
-0.8555042941841907,0.8859529156497794,-0.5177957151545478,-0.9275503894703616,0.8555042941841907,-3.5438116625991176
-0.8606410881229156,0.8764976350076845,-0.5092120554686463,-0.9628123302615851,0.8606410881229156,-3.505990540030738
-0.8656917612662087,0.866691533164043,-0.5005774410376576,-0.9976889020967616,0.8656917612662087,-3.466766132656172
-0.8706558082140918,0.856538535044937,-0.49189273589174554,-1.032166145507734,0.8706558082140918,-3.426154140179748
-0.8755327322349106,0.8460427044228824,-0.48315880907344777,-1.0662302608589107,0.8755327322349106,-3.3841708176915297
-0.8803220453150414,0.835208242290287,-0.4743765345507112,-1.0998676138706316,0.8803220453150414,-3.340832969161148
-0.8850232682077273,0.8240394851779846,-0.46554679112943453,-1.1330647410763466,0.8850232682077273,-3.2961579407119386
-0.8896359304810265,0.8125409034195397,-0.45667046236554226,-1.1658083552113674,0.8896359304810265,-3.2501636136781586
-0.894159570564898,0.8007170993619568,-0.44774843647655216,-1.198085350531212,0.894159570564898,-3.202868397447827
-0.8985937357973814,0.7885728055235919,-0.43878160625270735,-1.2298828080571764,0.8985937357973814,-3.1542912220943675
-0.9029379824698944,0.7761128826999407,-0.4297708689676357,-1.2611880007472132,0.9029379824698944,-3.104451530799763
-0.907191875871635,0.7633423180180844,-0.4207171262885599,-1.2919883985899838,0.907191875871635,-3.0533692720723375
-0.9113549903330749,0.7502662229405932,-0.4116212841860842,-1.3222716736199958,0.9113549903330749,-3.001064891762373
-0.9154269092685635,0.7368898312196182,-0.4024842528435184,-1.3520257048519788,0.9154269092685635,-2.9475593248784726
-0.919407225218008,0.7232184968020824,-0.39330694656581267,-1.381238583132308,0.919407225218008,-2.8928739872083296
-0.9232955398876478,0.7092576916867404,-0.38409028368806325,-1.4098986159056923,0.9232955398876478,-2.8370307667469614
-0.9270914641899097,0.6950130037339919,-0.37483518648361874,-1.4379943318951631,0.9270914641899097,-2.7800520149359675
-0.9307946182823442,0.6804901344293165,-0.3655425810717885,-1.4655144856934998,0.9307946182823442,-2.721960537717266
-0.934404631605629,0.6656948966012545,-0.3562133973251831,-1.4924480622642051,0.934404631605629,-2.662779586405018
-0.9379211429206574,0.650633212094772,-0.3468485687766459,-1.5187842813503694,0.9379211429206574,-2.602532848379088
-0.941343800344681,0.6353111094010421,-0.3374490325258516,-1.544512601789467,0.941343800344681,-2.5412444376041683
-0.9446722613865222,0.6197347212445156,-0.3280157291455311,-1.5696227257325024,0.9446722613865222,-2.4789388849780623
-0.9479061929808467,0.6039102821282712,-0.318549602587349,-1.5941046027657682,0.9479061929808467,-2.415641128513085
-0.9510452715214881,0.5878441258386568,-0.30905160008745963,-1.6179484339335237,0.9510452715214881,-2.351376503354627
-0.9540891828938364,0.5715426829101354,-0.299522672071701,-1.641144675660113,0.9540891828938364,-2.2861707316405417
-0.9570376225062652,0.5550124780514649,-0.28996377206050306,-1.6636840435697784,0.9570376225062652,-2.2200499122058597
-0.9598902953206129,0.5382601275341545,-0.2803758565734693,-1.6855575162027734,0.9598902953206129,-2.153040510136618
-0.9626469158817048,0.5212923365442793,-0.270759885033662,-1.7067563386262325,0.9626469158817048,-2.0851693461771172
-0.9653072083459197,0.5041158964987008,-0.26111681967159306,-1.727272025938371,0.9653072083459197,-2.0164635859948032
-0.9678709065087873,0.4867376823268029,-0.25144762542895166,-1.7470963666645665,0.9678709065087873,-1.9469507293072117
-0.9703377538316329,0.46916464971874117,-0.24175326986202567,-1.7662214260440743,0.9703377538316329,-1.8766585988749647
-0.972707503467244,0.45140383234142833,-0.232034723044896,-1.7846395492059137,0.972707503467244,-1.8056153293657133
-0.974979918284572,0.43346233902327874,-0.22229295747236205,-1.8023433642327626,0.974979918284572,-1.733849356093115
-0.977154770892462,0.4153473509088687,-0.21252894796262453,-1.8193257851116,0.977154770892462,-1.6613894036354748
-0.979231843662404,0.3970661185846845,-0.20274367155975342,-1.8355800145698833,0.979231843662404,-1.588264474338738
-0.981210928750314,0.37862595917701153,-0.19293810743589843,-1.8510995467962148,0.981210928750314,-1.5145038367080461
-0.9830918281173296,0.3600342534232548,-0.18311323679332098,-1.8658781700442926,0.9830918281173296,-1.4401370136930192
-0.9848743535496277,0.3412984427177671,-0.17327004276620608,-1.8799099691191885,0.9848743535496277,-1.3651937708710684
-0.9865583266772586,0.3224260261333986,-0.16340951032228054,-1.8931893277449299,0.9865583266772586,-1.2897041045335944
-0.9881435789919925,0.3034245574199936,-0.15353262616426536,-1.9057109308124158,0.9881435789919925,-1.2136982296799743
-0.9896299518641848,0.2843016419809361,-0.1436403786311195,-1.9174697665068345,0.9896299518641848,-1.1372065679237444
-0.9910172965586476,0.26506493382908775,-0.13373375759915476,-1.9284611283136421,0.9910172965586476,-1.060259735316351
-0.9923054742495333,0.24572213252323574,-0.12381375438297967,-1.9386806169023647,0.9923054742495333,-0.982888530092943
-0.9934943560342265,0.2262809800863114,-0.11388136163629896,-1.94812414188745,0.9934943560342265,-0.9051239203452456
-0.9945838229462417,0.20674925790664608,-0.10393757325259709,-1.9567879234654442,0.9945838229462417,-0.8269970316265843
-0.9955737659671295,0.1871347836234024,-0.09398338426566222,-1.9646684939278916,0.9955737659671295,-0.7485391344936096
-0.996464086037385,0.16744540799756474,-0.08401979075003141,-1.9717626990492838,0.996464086037385,-0.669781631990259
-0.9972546940663594,0.1476890117696382,-0.074047789721314,-1.9780676993495523,0.9972546940663594,-0.5907560470785528
-0.9979455109411761,0.12787350250535498,-0.0640683790364244,-1.9835809712305803,0.9979455109411761,-0.5114940100214199
-0.9985364675346468,0.10800681143063698,-0.054082557293727185,-1.9883003079862829,0.9985364675346468,-0.4320272457225479
-0.9990275047121879,0.08809689025712338,-0.04409132373312555,-1.992223820685843,0.9990275047121879,-0.3523875610284935
-0.9994185733377396,0.06815170799942838,-0.034095678136050335,-1.9953499389297715,0.9994185733377396,-0.2726068319977135
-0.9997096342786813,0.04817924778554376,-0.024096620725430166,-1.997677411478459,0.9997096342786813,-0.19271699114217505
-0.9999006584097481,0.0281875036615574,-0.014095152065599739,-1.9992053067529905,0.9999006584097481,-0.1127500146462296
-0.9999916266159448,0.008184477392001548,-0.004092272962173945,-1.9999330132080122,0.9999916266159448,-0.03273790956800619
-0.9999825297944591,-0.011821824742852524,0.005911015638084415,-1.9998602395765053,0.9999825297944591,0.0472872989714101
-0.9998733688555725,-0.031823395151578476,0.01591371274744654,-1.998987014986367,0.9998733688555725,0.1272935806063139
-0.9996641547225688,-0.051812228136632575,0.02591481743736812,-1.9973136889487515,0.9996641547225688,0.2072489125465303
-0.9993549083306411,-0.07178032309866884,0.035913328938651685,-1.9948409312181767,0.9993549083306411,0.2871212923946754
-0.9989456606247976,-0.09171968773880652,0.04590824674158943,-1.9915697315244534,0.9989456606247976,0.3668787509552261
-0.9984364525567638,-0.1116223412575824,0.055898570696083616,-1.9875013991765398,0.9984364525567638,0.4464893650303296
-0.9978273350808863,-0.13148031754926495,0.0658833011117133,-1.9826375625384933,0.9978273350808863,0.5259212701970598
-0.9971183691490322,-0.15128566839035815,0.07586143885779048,-1.9769801683777029,0.9971183691490322,0.6051426735614326
-0.9963096257044913,-0.17103046662087698,0.08583198546332481,-1.9705314810856944,0.9963096257044913,0.6841218664835079
-0.9954011856748763,-0.19070680931722767,0.09579394321693997,-1.9632940817717988,0.9954011856748763,0.7628272372689107
-0.9943931399640249,-0.21030682095538702,0.10574631526671409,-1.955270867230051,0.9943931399640249,0.8412272838215481
-0.9932855894429041,-0.22982265656308037,0.11568810571991642,-1.9464650487797497,0.9932855894429041,0.9192906262523215
-0.9920786449395154,-0.2492465048598004,0.12561831974268348,-1.9368801509800997,0.9920786449395154,0.9969860194392016
-0.990772427227805,-0.26857059138327133,0.13553596365955378,-1.9265200102195046,0.990772427227805,1.0742823655330853
-0.989367067015579,-0.2877871816012112,0.1454400450529043,-1.9153887731800368,0.989367067015579,1.1511487264048448
-0.9878627049314229,-0.3068885840071119,0.15532957286226126,-1.9034908951777099,0.9878627049314229,1.2275543360284475
-0.9862594915106319,-0.32586715319876397,0.16520355748345728,-1.8908311383792402,0.9862594915106319,1.3034686127950559
-0.984557587180144,-0.3447152929383962,0.17506101086767809,-1.8774145698959468,0.984557587180144,1.3788611717535848
-0.9827571622424891,-0.36342545919306835,0.1849009466203185,-1.8632465597556405,0.9827571622424891,1.4537018367722734
-0.9808583968587473,-0.38199016315420353,0.1947223800996902,-1.848332778753247,0.9808583968587473,1.5279606526168141
-0.9788614810305193,-0.40040197423501617,0.20452432851555444,-1.8326791961810462,0.9788614810305193,1.6016078969400647
-0.9767666145809173,-0.4186535230446036,0.2143058110274517,-1.8162920774394646,0.9767666145809173,1.6746140921784145
-0.9745740071345652,-0.4367375043376098,0.22406584884287134,-1.799177981529294,0.9745740071345652,1.7469500173504393
-0.972283878096625,-0.45464667993814856,0.23380346531518134,-1.781343758426451,0.972283878096625,1.8185867197525942
-0.9698964566308412,-0.472373881636915,0.24351768604136081,-1.7627965463402449,0.9698964566308412,1.88949552654766
-0.9674119816366091,-0.48991201406028617,0.25320753895950443,-1.7435437688562843,0.9674119816366091,1.9596480562411447
-0.9648307017250688,-0.5072540575102746,0.262872054446096,-1.723593131965155,0.9648307017250688,2.0290162300410985
-0.9621528751942307,-0.5243930707741626,0.2725102654130213,-1.7029526209780987,0.9621528751942307,2.0975722830966506
-0.9593787700031232,-0.5413221939027832,0.28212120740436075,-1.6816304973308227,0.9593787700031232,2.165288775611133
-0.956508663744984,-0.5580346509562136,0.291703918692885,-1.6596352952768592,0.956508663744984,2.2321386038248545
-0.9535428436194796,-0.5745237527158752,0.30125744037629437,-1.6369758184716938,0.9535428436194796,2.2980950108635008
-0.9504816064039673,-0.5907828993619214,0.31078081647317585,-1.613661136449065,0.9504816064039673,2.3631315974476856
-0.9473252584238007,-0.6068055831148161,0.3202730940186503,-1.5897005809908833,0.9473252584238007,2.4272223324592646
-0.9440741155216715,-0.6225853908401292,0.32973332315975223,-1.5651037423921055,0.9440741155216715,2.490341563360517
-0.9407285030260083,-0.638116006615392,0.33916055725046423,-1.5398804656222183,0.9407285030260083,2.552464026461568
-0.9372887557184214,-0.6533912142580739,0.348553852946447,-1.5140408463847463,0.9372887557184214,2.6135648570322956
-0.9337552178002023,-0.6684048998136298,0.3579122702994361,-1.4875952270764135,0.9337552178002023,2.6736195992545193
-0.9301282428578803,-0.6831510540026375,0.3672348728513022,-1.4605541926475518,0.9301282428578803,2.73260421601055
-0.9264081938278448,-0.6976237746260113,0.3765207277277447,-1.4329285663654783,0.9264081938278448,2.7904950985040453
-0.9225954429600206,-0.7118172689274089,0.3857689057316613,-1.4047294054823865,0.9225954429600206,2.8472690757096357
-0.9186903717806237,-0.7257258559117812,0.39497848143611497,-1.3759679968096823,0.9186903717806237,2.9029034236471247
-0.9146933710539817,-0.7393439686192156,0.40414853327694134,-1.3466558522003882,0.9146933710539817,2.9573758744768623
-0.9106048407434305,-0.7526661563531349,0.41327814364496884,-1.3168047039414739,0.9106048407434305,3.0106646254125398
-0.9064251899712976,-0.7656870868619398,0.4223663989778272,-1.2864265000580115,0.9064251899712976,3.062748347447759
-0.9021548369779536,-0.778401548473288,0.4314123898513832,-1.2555333995308726,0.9021548369779536,3.113606193893152
-0.8977942090799674,-0.7908044521800661,0.4404152110707302,-1.2241377674300968,0.8977942090799674,3.1632178087202645
-0.8933437426273438,-0.8028908336772866,0.44937396176077016,-1.1922521699657196,0.8933437426273438,3.2115633347091466
-0.888803882959859,-0.8146558553490718,0.4582877454563641,-1.1598893694580914,0.888803882959859,3.2586234213962872
-0.8841750843625036,-0.8260948082049105,0.46715567019202464,-1.1270623192297613,0.8841750843625036,3.304379232819642
-0.879457810020014,-0.8372031137644722,0.47597684859119044,-1.093784158420796,0.879457810020014,3.348812455057889
-0.8746525319705305,-0.8479763258901428,0.4847503979550096,-1.0600682067298393,0.8746525319705305,3.3919053035605713
-0.8697597310583604,-0.858410132566611,0.4934754403506709,-1.0259279590828456,0.8697597310583604,3.433640530266444
-0.8647798968858603,-0.8685003576267708,0.502151102699258,-0.9913770802316768,0.8647798968858603,3.474001430507083
-0.8597135277644506,-0.8782429624232324,0.5107765168631024,-0.9564293992847875,0.8597135277644506,3.5129718496929296
-0.8545611306647412,-0.8876340474448261,0.5193508197326728,-0.9210989041720029,0.8545611306647412,3.5505361897793044
-0.8493232211658073,-0.8966698538773814,0.5278731533129312,-0.8853997360458506,0.8493232211658073,3.5866794155095256
-0.8440003234035968,-0.905346765108208,0.5363426648091909,-0.8493461836215038,0.8440003234035968,3.621387060432832
-0.8385929700184818,-0.9136613081736581,0.5447585067124531,-0.8129526774576727,0.8385929700184818,3.6546452326946324
-0.833101702101957,-0.9216101551491949,0.5531198368842163,-0.7762337841807118,0.833101702101957,3.6864406205967795
-0.8275270691425037,-0.9291901244813942,0.5614258186407335,-0.7392042006543287,0.8275270691425037,3.7167604979255766
-0.8218696289705922,-0.9363981822613895,0.5696756208367539,-0.701878748097036,0.8218696289705922,3.745592729045558
-0.8161299477028703,-0.943231443439193,0.5778684179486798,-0.6642723661499595,0.8161299477028703,3.772925773756772
-0.8103085996855122,-0.9496871729784496,0.5860033901571768,-0.6264001068971821,0.8103085996855122,3.7987486919137985
-0.8044061674367436,-0.9557627869511468,0.5940797234292124,-0.5882771288410817,0.8044061674367436,3.823051147804587
-0.798423241588561,-0.9614558535718323,0.6020966095995013,-0.5499186908351428,0.798423241588561,3.845823414287329
-0.7923604208276159,-0.9667640941709572,0.6100532464513925,-0.5113401459764664,0.7923604208276159,3.867056376683829
-0.7862183118353155,-0.9716853841069132,0.6179488377971324,-0.4725569354606936,0.7862183118353155,3.8867415364276527
-0.7799975292271125,-0.9762177536164292,0.6257825935575387,-0.4335845824016012,0.7799975292271125,3.9048710144657166
-0.7736986954910033,-0.9803593886029764,0.6335537298410607,-0.39443868561792106,0.7736986954910033,3.921437554411906
-0.7673224409252354,-0.9841086313628677,0.6412614690222224,-0.3551349133898453,0.7673224409252354,3.936434525451471
-0.7608694035752456,-0.9874639812487545,0.6489050398194255,-0.3156889971877994,0.7608694035752456,3.949855924995018
-0.7543402291697995,-0.990424095270273,0.6564836773721449,-0.27611672537578247,0.7543402291697995,3.961696381081092
-0.7477355710563857,-0.9929877886315764,0.6639966233174539,-0.2364339368920766,0.7477355710563857,3.9719511545263058
-0.7410560901358348,-0.9951540352055547,0.6714431258659138,-0.19665651490964264,0.7410560901358348,3.9806161408222187
-0.7343024547961847,-0.9969219679445452,0.6788224398768039,-0.1568003804788117,0.7343024547961847,3.987687871778181
-0.7274753408458059,-0.9982908792273705,0.6861338269326753,-0.11688148615488629,0.7274753408458059,3.993163516909482
-0.7205754314457631,-0.9992602211425683,0.6933765554132563,-0.0769158096129901,0.7205754314457631,3.997040884570273
-0.7136034170414624,-0.9998296057076941,0.7005499005686524,-0.03691934725300513,0.7136034170414624,3.9993184228307763
-0.7065599952935602,-0.9999988050246116,0.7076531445918715,0.0030918922030568115,0.7065599952935602,3.9999952200984463
-0.6994458710081477,-0.9997677513707106,0.7146855766906547,0.043101894118614405,0.6994458710081477,3.9990710054828424
-0.6922617560662344,-0.999136537226013,0.7216464931585918,0.08309464435237357,0.6922617560662344,3.996546148904052
-0.6850083693524978,-0.9981054152361576,0.7285351974455537,0.12305413566812802,0.6850083693524978,3.9924216609446304
-0.6776864366833577,-0.996674798111277,0.7353510002273835,0.16296437414165388,0.6776864366833577,3.986699192445108
-0.6702966907343443,-0.99484525846081,0.7420932194748762,0.20280938556234723,0.6702966907343443,3.97938103384324
-0.6628398709667798,-0.992617528564311,0.7487611805220292,0.24257322182697122,0.6628398709667798,3.970470114257244
-0.6553167235537938,-0.9899925000783564,0.755354216133544,0.28223996732288276,0.6553167235537938,3.9599700003134255
-0.6477280013056413,-0.9869712236796511,0.7618716665716078,0.32179374529839616,0.6477280013056413,3.9478848947186043
-0.640074463594383,-0.9835549086444941,0.7683128796619011,0.36121872421745144,0.640074463594383,3.9342196345779765
-0.6323568762778944,-0.9797449223647618,0.7746772108588608,0.40049912409625504,0.6323568762778944,3.9189796894590474
-0.6245760116232305,-0.9755427898006036,0.7809640233101768,0.439619222819273,0.6245760116232305,3.9021711592024144
-0.616732648229345,-0.9709501928700701,0.7871726879205216,0.4785633624320757,0.616732648229345,3.8838007714802805
-0.6088275709491907,-0.9659689697759266,0.7933025834144927,0.5173159554084328,0.6088275709491907,3.8638758791037064
-0.6008615708111651,-0.9606011142698957,0.7993530963987938,0.5558614908893571,0.6008615708111651,3.842404457079583
-0.5928354449399671,-0.954848774854658,0.8053236214236058,0.5941845408913249,0.5928354449399671,3.819395099418632
-0.5847499964768293,-0.9487142539239048,0.8112135610431744,0.6322697664813922,0.5847499964768293,3.7948570156956194
-0.5766060344991479,-0.9422000068407952,0.8170223258755953,0.6701019239166698,0.5766060344991479,3.7688000273631808
-0.568404373939533,-0.9353086409551968,0.8227493346617836,0.70766587074563,0.568404373939533,3.7412345638207873
-0.5601458355042448,-0.9280429145600725,0.8283940143236499,0.744946571869006,0.5601458355042448,3.71217165824029
-0.5518312455910802,-0.920405735787472,0.8339558000214381,0.7819291055575875,0.5518312455910802,3.681622943149888
-0.5434614362066758,-0.9124001614445407,0.8394341352102482,0.8185986694247092,0.5434614362066758,3.649600645778163
-0.5350372448832521,-0.9040293957900214,0.8448284716957276,0.8549405863509555,0.5350372448832521,3.6161175831600856
-0.5265595145948029,-0.8952967892517358,0.8501382696889286,0.8909403103587422,0.5265595145948029,3.5811871570069433
-0.5180290936727534,-0.8862058370855769,0.8553629978603152,0.9265834324343425,0.5180290936727534,3.5448233483423075
-0.509446835721054,-0.8767601779765017,0.8605021333929425,0.9618556862952216,0.509446835721054,3.507040711906007
-0.5008135995307752,-0.8669635925821481,0.865555162034765,0.9967429541001135,0.5008135995307752,3.4678543703285922
-0.4921302489941689,-0.8568200020196093,0.8705215781500981,1.0312312720997494,0.4921302489941689,3.427280008078437
-0.48339765301821963,-0.8463334662959907,0.8754008847702159,1.0653068362259077,0.48339765301821963,3.385333865183963
-0.47461668543770863,-0.8355081826833923,0.8801925936430749,1.0989560076164926,0.47461668543770863,3.3420327307335693
-0.4657882249277543,-0.8243484840389141,0.8848962252821806,1.132165318074607,0.4657882249277543,3.2973939361556566
-0.45691315491589923,-0.8128588370704297,0.8895113090145619,1.1649214754591979,0.45691315491589923,3.251435348281719
-0.44799236349370614,-0.801043840548767,0.8940373830278704,1.1972113690052923,0.44799236349370614,3.204175362195068
-0.4390267433278871,-0.7889082234670308,0.8984739944165938,1.229022074571638,0.4390267433278871,3.1556328938681233
-0.43001719157099083,-0.7764568431478239,0.9028206992273703,1.260340859813591,0.43001719157099083,3.1058273725912957
-0.42096460977160904,-0.763694683299061,0.907077062503422,1.2911551892793476,0.42096460977160904,3.054778733196244
-0.4118699037841752,-0.7506268520192394,0.9112426583280736,1.3214527294272571,0.4118699037841752,3.0025074080769576
-0.40273398367831603,-0.7372585797529015,0.9153170698673733,1.3512213535623754,0.40273398367831603,2.949034319011606
-0.3935577636477815,-0.7235952171971257,0.9192998894118051,1.3804491466902278,0.3935577636477815,2.894380868788503
-0.38434216191897813,-0.7096422331599109,0.9231907184170809,1.409124410285784,0.38434216191897813,2.8385689326396437
-0.3750881006590664,-0.6954052123712388,0.9269891675440302,1.4372356669758963,0.3750881006590664,2.781620849484955
-0.36579650588369644,-0.680889853247785,0.930694856697553,1.4647716651331153,0.36579650588369644,2.72355941299114
-0.3564683073643419,-0.6661019656121038,0.9343074150646569,1.4917213833792042,0.3564683073643419,2.664407862448415
-0.3471044385352619,-0.6510474683672264,0.9378264811515618,1.5180740349964823,0.3471044385352619,2.6041898734689055
-0.33770583640009255,-0.6357323871275944,0.9412517028198748,1.5438190722452558,0.33770583640009255,2.5429295485103776
-0.3282734414380984,-0.620162851807308,0.9445827373218226,1.5689461905855495,0.3282734414380984,2.480651407229232
-0.3188081975100423,-0.604345094166575,0.9478192513345558,1.5934453328015914,0.3188081975100423,2.4173803766663
-0.3093110517637509,-0.5882854453174483,0.9509609209934982,1.6173066930272089,0.3093110517637509,2.3531417812697932
-0.2997829545393337,-0.5719903331897712,0.9540074319247559,1.6405207206706711,0.2997829545393337,2.287961332759085
-0.2902248592740833,-0.5554662799583706,0.9569584792765768,1.6630781242373542,0.2902248592740833,2.2218651198334824
-0.28063772240708246,-0.5387198994325574,0.9598137677498512,1.6849698750486612,0.28063772240708246,2.1548795977302295
-0.27102250328347677,-0.5217578944088913,0.9625730116276675,1.7061872108558314,0.27102250328347677,2.0870315776355652
-0.26138016405849046,-0.504587053988387,0.9652359348038989,1.7267216393470264,0.26138016405849046,2.018348215953548
-0.2517116696011442,-0.4872142508591468,0.9678022708108327,1.7465649415464177,0.2517116696011442,1.9488570034365873
-0.2420179873977047,-0.46964643854554405,0.970271762845835,1.7657091751038578,0.2420179873977047,1.8785857541821762
-0.23230008745486874,-0.4518906486250442,0.9726441637970489,1.7841466774738415,0.23230008745486874,1.8075625945001768
-0.22255894220271252,-0.43395398791381723,0.9749192362681176,1.8018700689824387,0.22255894220271252,1.735815951655269
-0.212795526397364,-0.41584363562217214,0.9770967526019462,1.818872255781075,0.212795526397364,1.6633745424886885
-0.2030108170234766,-0.3975668404810782,0.9791764949034778,1.835146432685842,0.2030108170234766,1.5902673619243128
-0.19320579319646322,-0.3791309178408294,0.981158255061499,1.850686085901302,0.19320579319646322,1.5165236713633177
-0.1833814360645166,-0.3605432467430434,0.9830418347694647,1.8654849956276625,0.1833814360645166,1.4421729869721736
-0.1735387287104438,-0.3418112669672012,0.98482704554534,1.879537238550252,0.1735387287104438,1.3672450678688048
-0.16367865605327225,-0.32294247605281023,0.9865137087504636,1.8928371902103784,0.16367865605327225,1.291769904211241
-0.15380220474970704,-0.3039444262985146,0.9881016556074224,1.9053795272565168,0.15380220474970704,1.2157777051940584
-0.14391036309539665,-0.28482472173925477,0.9895907272169394,1.9171592295750044,0.14391036309539665,1.139298886957019
-0.13400412092603478,-0.2655910151027197,0.9909807745737758,1.9281715822993626,0.13400412092603478,1.0623640604108788
-0.1240844695183257,-0.24625100474634362,0.9922716585816385,1.9384121776974228,0.1240844695183257,0.9850040189853745
-0.11415240149077023,-0.22681243157597067,0.9934632500671023,1.94787691693556,0.11415240149077023,0.9072497263038827
-0.10420891070435241,-0.20728307594755807,0.9945554297925341,1.9565620117192493,0.10420891070435241,0.8291323037902323
-0.09425499216308464,-0.187670754553055,0.9955480884680241,1.9644639858093473,0.09425499216308464,0.75068301821222
-0.08429164191443803,-0.1679833172917378,0.9964411267623231,1.9715796764134725,0.08429164191443803,0.6719332691669512
-0.07431985694968628,-0.14822864412828832,0.9972344553127805,1.9779062354519126,0.07431985694968628,0.5929145765131533
-0.06434063510411965,-0.1284146419387694,0.9979279947342887,1.983441130697594,0.06434063510411965,0.5136585677550776
-0.05435497495720986,-0.10854924134589808,0.9985216756272249,1.9881821467896044,0.05435497495720986,0.4341969653835923
-0.04436387573268282,-0.08864039354477964,0.999015438584397,1.9921273861199003,0.04436387573268282,0.35456157417911854
-0.03436833719853046,-0.0686960671204143,0.999409234196987,1.9952752695928324,0.03436833719853046,0.2747842684816572
-0.024369359566964493,-0.04872424485823653,0.9997030230594964,1.997624537257184,0.024369359566964493,0.19489697943294612
-0.01436794339434357,-0.028732920549005985,0.9998967757736881,1.9991742488104678,0.01436794339434357,0.11493168219602394
-0.004365089481030397,-0.008730095789222661,0.999990472951529,1.9999237839752904,0.004365089481030397,0.034920383156890646
0.005638201228739995,0.011276223221511374,0.9999841052171301,1.999872842747617,-0.005638201228739995,-0.045104892886045495
0.01564092774702416,0.031278028885008045,0.9998776732076842,1.9990214455168496,-0.01564092774702416,-0.12511211554003218
0.025642089142338523,0.051267315409569185,0.9996711875734022,1.9973699330576655,-0.025642089142338523,-0.20506926163827674
0.03564068463980422,0.07123608201430386,0.9993646689764483,1.9949189663936242,-0.03564068463980422,-0.2849443280572154
0.04563571372131185,0.09117633613151112,0.9989581480888708,1.9916695265325859,-0.04563571372131185,-0.3647053445260445
0.055626176225624956,0.1110800966057044,0.9984516655895346,1.9876229140740629,-0.055626176225624956,-0.4443203864228176
0.06561107244846556,0.13093939688810363,0.9978452721600489,1.9827807486886488,-0.06561107244846556,-0.5237575875524145
0.0755894032425505,0.1507462882252738,0.9971390284796976,1.9771449684697404,-0.0755894032425505,-0.6029851529010952
0.08556017011757543,0.17049284284064808,0.9963330052193652,1.9707178291578062,-0.08556017011757543,-0.6819713713625923
0.09552237534011548,0.19017115710761956,0.9954272830344676,1.9635019032375285,-0.09552237534011548,-0.7606846284304782
0.10547502203348562,0.2097733547130372,0.994421952556879,1.955500078908143,-0.10547502203348562,-0.8390934188521488
0.11541711427747972,0.22929158980969927,0.9933171143858638,1.9467155589274368,-0.11541711427747972,-0.9171663592387971
0.1253476572080318,0.24871805015668774,0.9921128790780098,1.937151859329831,-0.1253476572080318,-0.994872200626751
0.13526565711677144,0.26804496024625163,0.9908093671361651,1.926812808019072,-0.13526565711677144,-1.0721798409850065
0.14517012155044595,0.2872645844159531,0.9894067089973813,1.915702543236115,-0.14517012155044595,-1.1490583376638124
0.1550600594102523,0.3063692299449345,0.9879050450198587,1.903825511902756,-0.1550600594102523,-1.225476919779738
0.1649344810509981,0.32535125013292887,0.986304525468903,1.8911864678417518,-0.1649344810509981,-1.3014050005317155
0.17479239838013477,0.3442030473608848,0.9846053105018885,1.877790469874081,-0.17479239838013477,-1.3768121894435392
0.18463282495663563,0.3629170761319465,0.982807570152231,1.8636428797941293,-0.18463282495663563,-1.451668304527786
0.19445477608969067,0.3814858460915383,0.9809114843123758,1.8487493602236331,-0.19445477608969067,-1.5259433843661532
0.20425726893726162,0.39990192502544475,0.9789172427157932,1.8331158723451648,-0.20425726893726162,-1.599607700101779
0.21403932260441694,0.41815794183455346,0.9768250449179947,1.8167486735161693,-0.21403932260441694,-1.6726317673382138
0.22379995824148935,0.4362465894851696,0.9746351002765639,1.7996543147644304,-0.22379995824148935,-1.7449863579406784
0.23353819914202878,0.45416062793368744,0.9723476279302059,1.7818396381659924,-0.23353819914202878,-1.8166425117347498
0.24325307084052342,0.4718928870244179,0.9699628567768228,1.763311774106621,-0.24325307084052342,-1.8875715480976716
0.2529436012099313,0.4894362693595057,0.9674810254506034,1.744078138427805,-0.2529436012099313,-1.9577450774380227
0.26260882055894313,0.5067837531396621,0.9649023822981477,1.7241464294585631,-0.26260882055894313,-2.0271350125586483
0.2722477617290189,0.5239283949746707,0.9622271853536146,1.7035246249341576,-0.2722477617290189,-2.095713579898683
0.28185946019116703,0.5408633326625032,0.9594557023129019,1.6822209788029756,-0.28185946019116703,-2.1634533306500128
0.2914429541424649,0.5575817879359456,0.9565882105068582,1.6602440179228524,-0.2914429541424649,-2.2303271517437824
0.3009972846022882,0.574077069175599,0.9536249968735347,1.6376025386481965,-0.3009972846022882,-2.296308276702396
0.31052149550829283,0.5903425740882591,0.9505663579294679,1.6143056033091732,-0.31052149550829283,-2.3613702963530363
0.3200146338120706,0.6063717923494829,0.947412599740011,1.5903625365845053,-0.3200146338120706,-2.4254871693979316
0.32947574957452025,0.6221583082093751,0.9441640378887072,1.565782921769232,-0.32947574957452025,-2.4886332328375005
0.33890389606090704,0.6376958030605185,0.9408209974457086,1.5405765969389518,-0.33890389606090704,-2.550783212242074
0.3482981298355853,0.6529780579669976,0.9373838129352532,1.514753651012135,-0.3482981298355853,-2.6119122318679904
0.3576575108564244,0.6679989561535813,0.9338528283021831,1.4883244197119467,-0.3576575108564244,-2.671995824614325
0.3669811025688612,0.6827524854539617,0.9302283968775319,1.4612994814293718,-0.3669811025688612,-2.731009941815847
0.3762679719996208,0.6972327407171497,0.9265108813431673,1.4336896529891703,-0.3762679719996208,-2.7889309628685988
0.3855171898500752,0.7114339261710323,0.9227006536954989,1.4055059853204042,-0.3855171898500752,-2.845735704684129
0.39472783058923755,0.725350357742155,0.9187980952082532,1.3767597590332568,-0.39472783058923755,-2.90140143096862
0.40389897254636326,0.7389764653307721,0.9148035963943256,1.3474624799039685,-0.40389897254636326,-2.9559058613230884
0.41302969800319733,0.7523067950403284,0.9107175569666962,1.3176258742695504,-0.41302969800319733,-3.0092271801613135
0.4221190932857937,0.7653360113603799,0.9065403857984372,1.2872618843343175,-0.4221190932857937,-3.0613440454415195
0.4311662488559459,0.7780588993021552,0.9022725008817971,1.25638266338997,-0.4311662488559459,-3.112235597208621
0.440170259402204,0.7904703664858773,0.8979143292863726,1.2250005709511858,-0.440170259402204,-3.1618814659435093
0.44913022393045265,0.8025654451789886,0.89346630711638,1.1931281678087258,-0.44913022393045265,-3.2102617807159546
0.458045245854089,0.8143392942845294,0.8889288794670062,1.1607782110018685,-0.458045245854089,-3.257357177138118
0.4669144330837278,0.8257872012787858,0.8843025003798762,1.1279636487124043,-0.4669144330837278,-3.303148805115143
0.4757368981164719,0.8369045840974983,0.8795876327976182,1.0946976150820706,-0.4757368981164719,-3.3476183363899934
0.4845117581247244,0.8476869929698525,0.874784748517536,1.0609934249555542,-0.4845117581247244,-3.39074797187941
0.49323813504451713,0.8581301121994996,0.8698943281444055,1.0268645685512268,-0.49323813504451713,-3.4325204487979986
0.5019151556633934,0.8682297618919526,0.864916861042373,0.9923247060615663,-0.5019151556633934,-3.4729190475678102
0.5105419517077744,0.877981899627587,0.8598528452859923,0.9573876621856662,-0.5105419517077744,-3.511927598510348
0.5191176599298468,0.887382622079638,0.8547027876103832,0.9220674205958396,-0.5191176599298468,-3.549530488318552
0.5276414221939476,0.8964281665765235,0.8494672033605232,0.8863781183405934,-0.5276414221939476,-3.585712666306094
0.5361123855624217,0.9051149126078526,0.8441466164396854,0.8503340401862772,-0.5361123855624217,-3.6204596504314104
0.5445297023809905,0.9134393832735683,0.8387415592570038,0.8139496128994796,-0.5445297023809905,-3.6537575330942733
0.5528925303635608,0.9213982466755746,0.8332525726742036,0.777239399472716,-0.5528925303635608,-3.6855929867022983
0.5612000326765119,0.9289883172513437,0.8276802059514786,0.7402180932955282,-0.5612000326765119,-3.7159532690053747
0.569451378022434,0.9362065570489487,0.822025016692528,0.7029005122734042,-0.569451378022434,-3.744826228195795
0.5776457407233159,0.9430500769430166,0.8162875707887581,0.6653015928968472,-0.5776457407233159,-3.7722003077720663
0.5857823008031552,0.9495161377911007,0.8104684423626634,0.6274363842630472,-0.5857823008031552,-3.7980645511644027
0.5938602440700278,0.9556021515300469,0.8045682137103646,0.5893200420523478,-0.5938602440700278,-3.8224086061201876
0.6018787621975487,0.961305682211865,0.798587475243349,0.5509678224621866,-0.6018787621975487,-3.84522272884746
0.6098370528057607,0.9666244469787273,0.7925268254293881,0.5123950761007354,-0.6098370528057607,-3.866497787914909
0.6177343195414284,0.9715563169766926,0.7863868707326492,0.4736172418427534,-0.6177343195414284,-3.8862252679067706
0.6255697721577148,0.9760993182077803,0.780168225553018,0.4346498406501789,-0.6255697721577148,-3.904397272831121
0.6333426265932744,0.98025163232008,0.7738715121646048,0.39550846935972844,-0.6333426265932744,-3.92100652928032
0.6410521050507002,0.9840115973355463,0.7674973606534853,0.35620879444026404,-0.6410521050507002,-3.9360463893421853
0.6486974360743571,0.9873777083152135,0.7610464088546475,0.316766545722221,-0.6486974360743571,-3.949510833260854
0.6562778546275789,0.9903486179615519,0.754519302288167,0.2771975101016896,-0.6562778546275789,-3.9613944718462077
0.6637926021692241,0.9929231371577293,0.7479166940946098,0.23751752522164077,-0.6637926021692241,-3.971692548630917
0.6712409267295701,0.9951002354435556,0.7412392449696845,0.19774247313291166,-0.6712409267295701,-3.9804009417742225
0.6786220829855754,0.9968790414279343,0.7344876230981151,0.15788827393727525,-0.6786220829855754,-3.987516165711737
0.6859353323354503,0.9982588431376344,0.7276625040867883,0.1179708794154212,-0.6859353323354503,-3.9930353725505374
0.6931799429725686,0.9992390883022626,0.7207645708971457,0.07800626664218642,-0.6931799429725686,-3.9969563532090504
0.7003551899586984,0.9998193845753112,0.71379451377684,0.038010431591661585,-0.7003551899586984,-3.9992775383012447
0.7074603552965346,0.9999994996911946,0.7067530301906749,-0.002000617265195817,-0.7074603552965346,-3.9999979987647785
0.71449472800156,0.999779361558217,0.699640824750798,-0.042010865368092475,-0.71449472800156,-3.999117446232868
0.721457604173181,0.9991590582874252,0.6924586091462028,-0.0820042984772254,-0.721457604173181,-3.996636233149701
0.7283482870651669,0.9981388381573432,0.6852071020715104,-0.12196490908305084,-0.7283482870651669,-3.9925553526293727
0.7351660871553719,0.9967191095145959,0.6778870291550504,-0.16187670281335942,-0.7351660871553719,-3.9868764380583834
0.741910322214724,0.9949004406104704,0.6704991228862603,-0.20172370483502194,-0.741910322214724,-3.979601762441882
0.7485803173755066,0.9926835593734683,0.6630441225423733,-0.24148996624805674,-0.7485803173755066,-3.970734237493873
0.7551754051988807,0.9900693531179506,0.6555227741144516,-0.28115957046917495,-0.7551754051988807,-3.9602774124718025
0.7616949257416749,0.987058868188988,0.6479358302327357,-0.32071663960246216,-0.7616949257416749,-3.948235472755952
0.7681382266224249,0.9836533095435556,0.6402840500913296,-0.36014534079457505,-0.7681382266224249,-3.9346132381742223
0.7745046630866466,0.9798540402682494,0.6325681993722417,-0.39942989257183953,-0.7745046630866466,-3.9194161610729976
0.7807935980713667,0.9756625810337002,0.6247890501687502,-0.43855457115692387,-0.7807935980713667,-3.9026503241348007
0.7870044022688626,0.9710806094859233,0.6169473809081535,-0.47750371676227904,-0.7870044022688626,-3.8843224379436934
0.7931364541896364,0.9661099595748345,0.6090439762738737,-0.5162617398580366,-0.7931364541896364,-3.864439838299338
0.7991891402246047,0.9607526208202049,0.6010796271269365,-0.5548131274117718,-0.7991891402246047,-3.8430104832808194
0.8051618547065027,0.9550107375153469,0.5930551304268302,-0.5931424490976616,-0.8051618547065027,-3.8200429500613877
0.8110539999704817,0.9488866078688621,0.5849712891517685,-0.6312343634724721,-0.8110539999704817,-3.7955464314754486
0.8168649864139277,0.9423826830847621,0.576828912218323,-0.6690736241161049,-0.8168649864139277,-3.7695307323390486
0.8225942325554526,0.9355015663813746,0.5686288144004892,-0.706645085733976,-0.8225942325554526,-3.7420062655254984
0.8282411650930821,0.9282460119493937,0.5603718162481531,-0.7439337102189842,-0.8282411650930821,-3.712984047797575
0.833805218961626,0.9206189238495035,0.552058744004979,-0.7809245726705802,-0.833805218961626,-3.682475695398014
0.8392858373892138,0.9126233548500279,0.5436904295257422,-0.8176028673684558,-0.8392858373892138,-3.6504934194001115
0.8446824719530209,0.9042625052050338,0.5352677101930716,-0.8539539136986637,-0.8446824719530209,-3.6170500208201353
0.8499945826341383,0.8955397213734293,0.5267914288336676,-0.8899631620295315,-0.8499945826341383,-3.582158885493717
0.8552216378716126,0.8864584946795289,0.5182624336339614,-0.9256161995352149,-0.8552216378716126,-3.5458339787181155
0.8603631146156373,0.8770224599156388,0.5096815780552401,-0.9608987559644809,-0.8603631146156373,-3.508089839662555
0.8654184983798933,0.8672353938872157,0.5010497207482413,-0.9957967093524376,-0.8654184983798933,-3.468941575548863
0.870387283293025,0.8571012139012012,0.4923677254672442,-1.0302960916728496,-0.870387283293025,-3.428404855604805
0.8752689721492708,0.8466239761980852,0.48363646098361845,-1.0643830944289636,-0.8752689721492708,-3.3864959047923406
0.88006307645821,0.8358078743283954,0.47485680099890204,-1.0980440741803565,-0.88006307645821,-3.3432314973135817
0.8847691164936453,0.8246572374742113,0.4660296240573708,-1.1312655580037825,-0.8847691164936453,-3.298628949896845
0.8893866213416086,0.8131765287163891,0.45715581345812284,-1.164034248885768,-0.8893866213416086,-3.2527061148655565
0.8939151289474775,0.8013703432482159,0.44823625716670296,-1.1963370310447412,-0.8939151289474775,-3.2054813729928635
0.8983541861622201,0.789243406536142,0.43927184772622885,-1.2281609751807394,-0.8983541861622201,-3.156973626144568
0.902703348787734,0.7768005724284135,0.43026348216809046,-1.2594933436503573,-0.902703348787734,-3.107202289713654
0.9069621816212965,0.7640468212122987,0.42121206192218485,-1.290321595565046,-0.9069621816212965,-3.056187284849195
0.9111302584991152,0.7509872576207065,0.4121184927267103,-1.3206333918106576,-0.9111302584991152,-3.003949030482826
0.9152071623389667,0.7376271087890174,0.4029836845375459,-1.3504165999861746,-0.9152071623389667,-2.9505084351560695
0.9191924851819407,0.7239717221628775,0.39380855143717686,-1.3796592992598098,-0.9191924851819407,-2.89588688865151
0.9230858282332577,0.7100265633578826,0.38459401154323847,-1.4083497851403175,-0.9230858282332577,-2.8401062534315304
0.926886801902175,0.6957972139719432,0.3753409869166411,-1.4364765741617675,-0.926886801902175,-2.7831888558877727
0.9305950258409739,0.6812893693512241,0.36605040346929985,-1.4640284084798512,-0.9305950258409739,-2.7251574774048963
0.9342101289830134,0.6665088363105842,0.35672319087149573,-1.4909942603778337,-0.9342101289830134,-2.666035345242337
0.9377317495798698,0.6514615308093479,0.3473602824588274,-1.5173633366804948,-0.9377317495798698,-2.6058461232373915
0.94115953523753,0.6361534755834417,0.33796261513882936,-1.5431250830740941,-0.94115953523753,-2.544613902333767
0.9444931429516551,0.620590797734769,0.3285311292972164,-1.5682691883307827,-0.9444931429516551,-2.482363190939076
0.9477322391419037,0.6047797262788162,0.3190667687037829,-1.5927855884357067,-0.9477322391419037,-2.4191189051152646
0.9508764996853131,0.5887265896514617,0.30957048041796037,-1.616664470615173,-0.9508764996853131,-2.354906358605847
0.953925609948728,0.5724378131760215,0.30004321469406253,-1.6398962772642107,-0.953925609948728,-2.289751252704086
0.9568792648202918,0.5559199164914557,0.2904859248861773,-1.6624717097720887,-0.9568792648202918,-2.2236796659658227
0.9597371687399733,0.5391795109428844,0.28089956735278176,-1.6843817322440802,-0.9597371687399733,-2.1567180437715376
0.962499035729143,0.5222232969353681,0.2712851013610402,-1.7056175751181204,-0.962499035729143,-2.0888931877414723
0.965164589419191,0.5050580612520409,0.2616434889908107,-1.726170738674862,-0.965164589419191,-2.0202322450081636
0.9677335630791781,0.4876906743377021,0.2519756950383874,-1.7460329964396863,-0.9677335630791781,-1.9507626973508083
0.9702056996425324,0.47012808754886015,0.24228268691993696,-1.7651963984754233,-0.9702056996425324,-1.8805123501954406
0.9725807517327689,0.4523773303714526,0.2325654345747067,-1.7836532745643112,-0.9725807517327689,-1.8095093214858105
0.9748584816882443,0.4344455076072641,0.2228249103679635,-1.801396237278036,-0.9748584816882443,-1.7377820304290563
0.9770386615859392,0.41633979653020475,0.2130620889936933,-1.818418184934574,-0.9770386615859392,-1.665359186120819
0.9791210732642658,0.39806744401357536,0.20327794737706384,-1.8347123044406706,-0.9791210732642658,-1.5922697760543014
0.9811055083448953,0.3796357636295071,0.19347346457668183,-1.8502720740187817,-0.9811055083448953,-1.5185430545180283
0.9829917682536147,0.36105213272163994,0.1836496216866017,-1.8650912658174723,-0.9829917682536147,-1.4442085308865598
0.9847796642401934,0.342323989452342,0.17380740173816547,-1.8791639484041118,-0.9847796642401934,-1.369295957809368
0.9864690173972719,0.32345882982555213,0.16394778960163148,-1.8924844891389567,-0.9864690173972719,-1.2938353193022085
0.9880596586782651,0.3044642046864723,0.1540717718876188,-1.9050475564296383,-0.9880596586782651,-1.2178568187458891
0.9895514289142748,0.28534771669934245,0.14418033684839549,-1.9168481218651328,-0.9895514289142748,-1.1413908667973698
0.9909441788300222,0.2661170173044076,0.13427447427896694,-1.9278814622284282,-0.9909441788300222,-1.0644680692176305
0.9922377690587811,0.24677980365542948,0.12435517541804539,-1.9381431613869886,-0.9922377690587811,-0.9871192146217179
0.9934320701563258,0.2273438155388672,0.11442343284885725,-1.9476291120603322,-0.9934320701563258,-0.9093752621554688
0.9945269626138834,0.20781683227599437,0.10448024039981582,-1.9563355174639867,-0.9945269626138834,-0.8312673291039775
0.9955223368700917,0.1882066696092266,0.09452659304508712,-1.964258892829154,-0.9955223368700917,-0.7528266784369064
0.9964180933219647,0.16852117657380195,0.08456348680500578,-1.9713960667975186,-0.9964180933219647,-0.6740847062952078
0.9972141423348576,0.14876823235620532,0.07459191864642148,-1.9777441826905826,-0.9972141423348576,-0.5950729294248213
0.9979104042514368,0.1289557431404899,0.06461288638293312,-1.9833006996530647,-0.9979104042514368,-0.5158229725619596
0.9985068093996514,0.10909163894379274,0.05462738857503821,-1.988063393669887,-0.9985068093996514,-0.436366555775171
0.9990032980997033,0.08918387044234613,0.04463642443022512,-1.9920303584563392,-0.9990032980997033,-0.3567354817693845
0.9993998206700215,0.06924040578914988,0.034640993702965375,-1.9952000062210844,-0.9993998206700215,-0.2769616231565995
0.9996963374322315,0.049269227424718634,0.02464209659468646,-1.9975710683016725,-0.9996963374322315,-0.19707690969887454
0.999892818715127,0.029278328882075592,0.014640733653682281,-1.9991425956723277,-0.999892818715127,-0.11711331552830237
0.9999892448576384,0.009275711587313282,0.0046379056749924355,-1.9999139593237996,-0.9999892448576384,-0.03710284634925313
0.9999856062108001,-0.010730618343011918,-0.005365386399746773,-1.9998848505151257,-0.9999856062108001,0.04292247337204767
0.9998819031387166,-0.030732653306327126,-0.015368141582448208,-1.9990552808972073,-0.9998819031387166,0.1229306132253085
0.9996781460185254,-0.05072238741915613,-0.02536935893875996,-1.9974255825081455,-0.9996781460185254,0.2028895496766245
0.9993743552393594,-0.07069181972147345,-0.035368037688210494,-1.9949964076403413,-0.9993743552393594,0.2827672788858938
0.9989705612003056,-0.09063295737912329,-0.04536317730435616,-1.9917687285794141,-0.9989705612003056,0.36253182951649315
0.998466804307364,-0.11053781888298603,-0.055353777614903316,-1.9877438372150393,-0.998466804307364,0.4421512755319441
0.9978631349694043,-0.1303984372435765,-0.06533883890177719,-1.9829233445238705,-0.9978631349694043,0.521593748974306
0.9971596135931213,-0.15020686317990153,-0.07531736200118087,-1.9773091799247322,-0.9971596135931213,0.6008274527196061
0.9963563105769905,-0.16995516830115856,-0.0852883484035633,-1.9709035905063697,-0.9963563105769905,0.6798206732046342
0.9954533063042235,-0.18963544828010875,-0.09525080035353949,-1.9637091401280407,-0.9954533063042235,0.758541793120435
0.9944506911347244,-0.20923982601681104,-0.10520372094973185,-1.955728708393324,-0.9944506911347244,0.8369593040672442
0.9933485653960475,-0.22876045479146556,-0.1151461142445295,-1.946965489497543,-0.9933485653960475,0.9150418191658622
0.9921470393733598,-0.2481895214050625,-0.12507698534373446,-1.937422990949293,-0.9921470393733598,0.99275808562025
0.9908462332984023,-0.2675192493066838,-0.13499534050613782,-1.9271050321665275,-0.9908462332984023,1.0700769972267352
0.9894462773374608,-0.2867419017060664,-0.14490018724294523,-1.9160157429478377,-0.9894462773374608,1.1469676068242656
0.9879473115783404,-0.30584978467028634,-0.1547905344170946,-1.904159561819481,-0.9879473115783404,1.2233991386811454
0.9863494860163464,-0.32483525020328874,-0.16466539234243863,-1.891541234258843,-0.9863494860163464,1.299341000813155
0.9846529605392781,-0.3436906993069975,-0.17452377288276463,-1.8781658107950607,-0.9846529605392781,1.37476279722799
0.9828579049114252,-0.3624085850228812,-0.18436468955069418,-1.8640386449875046,-0.9828579049114252,1.4496343400915248
0.9809644987565829,-0.3809814154526219,-0.1941871576063829,-1.8491653912830153,-0.9809644987565829,1.5239256618104875
0.9789729315400768,-0.39940175675678025,-0.20399019415606268,-1.8335520027526875,-0.9789729315400768,1.597607027027121
0.9768834025498037,-0.417662236130222,-0.2137728182503995,-1.8172047287091266,-0.9768834025498037,1.670648944520888
0.9746961208762919,-0.4357555447530826,-0.2235340509826388,-1.800130112205164,-0.9746961208762919,1.7430221790123304
0.9724113053917748,-0.4536744407161863,-0.23327291558658164,-1.7823349874149421,-0.9724113053917748,1.8146977628647452
0.9700291847282915,-0.47141175191961965,-0.24298843753431176,-1.7638264768985354,-0.9700291847282915,1.8856470076784786
0.9675499972548081,-0.4889603789433955,-0.252679644633716,-1.744611988751116,-0.9675499972548081,1.955841515773582
0.9649739910533639,-0.5063132978890266,-0.2623455671257709,-1.7246992136378305,-0.9649739910533639,2.0252531915561063
0.9623014238942512,-0.5234635631908404,-0.27198523778156886,-1.7040961217156139,-0.9623014238942512,2.0938542527633617
0.9595325632102153,-0.5404043103960029,-0.2815976919991253,-1.682810959443063,-0.9595325632102153,2.1616172415840116
0.9566676860696969,-0.5571287589120147,-0.2911819678998888,-1.6608522462797926,-0.9566676860696969,2.228515035648059
0.953707079149107,-0.5736302147206729,-0.30073710642499535,-1.638228771276484,-0.953707079149107,2.2945208588826915
0.9506510387041397,-0.5899020730573745,-0.31026215143123775,-1.6149495895570387,-0.9506510387041397,2.359608292229498
0.9474998705401262,-0.6059378210547026,-0.3197561497867463,-1.5910240186942235,-0.9474998705401262,2.4237512842188105
0.9442538899814386,-0.6217310403492008,-0.32921815146635103,-1.566461634980315,-0.9442538899814386,2.486924161396803
0.9409134218399301,-0.6372754096503795,-0.33864720964666717,-1.541272269594105,-0.9409134218399301,2.549101638601518
0.9374788003824367,-0.6525647072708118,-0.3480423808008264,-1.5154660046659703,-0.9374788003824367,2.6102588290832474
0.9339503692973273,-0.6675928136163907,-0.357402724792895,-1.4890531692424567,-0.9339503692973273,2.6703712544655627
0.9303284816601115,-0.6823537136357226,-0.3667273049719526,-1.4620443351520338,-0.9303284816601115,2.7294148545428905
0.9266134998981131,-0.6968414992276527,-0.37601518826580593,-1.4344503127737223,-0.9266134998981131,2.787365996910611
0.9228057957541965,-0.7110503716060329,-0.3852654452743771,-1.4062821467101438,-0.9228057957541965,2.8442014864241316
0.9189057502495728,-0.7249746436206858,-0.3944771503626918,-1.3775511113669208,-0.9189057502495728,2.899898574482743
0.914913753645671,-0.7386087420337112,-0.40364938175350706,-1.348268706440046,-0.914913753645671,2.9544349681348447
0.9108302054050866,-0.7519472097501937,-0.41278122161954944,-1.3184466523130896,-0.9108302054050866,3.0077888390007748
0.9066555141516077,-0.7649847080024286,-0.42187175617536177,-1.2880968853660646,-0.9066555141516077,3.0599388320097143
0.9023900976293308,-0.7777160184867633,-0.43092007576872865,-1.2572315531978926,-0.9023900976293308,3.110864073947053
0.8980343826608508,-0.7901360454522696,-0.4399252749717213,-1.2258630097642218,-0.8980343826608508,3.1605441818090783
0.8935888051045563,-0.8022398177403162,-0.4488864526712868,-1.1940038104327544,-0.8935888051045563,3.2089592709612647
0.8890538098110132,-0.8140224907742978,-0.4578027121594221,-1.1616667069579094,-0.8890538098110132,3.256089963097191
0.8844298505784496,-0.8254793484986966,-0.466673161222907,-1.1288646423768747,-0.8844298505784496,3.3019173939947866
0.8797173901073515,-0.8366058052666846,-0.4754969122325716,-1.0956107458291602,-0.8797173901073515,3.3464232210667384
0.8749168999541533,-0.8473974076755679,-0.48427308223213683,-1.0619183273015442,-0.8749168999541533,3.3895896307022717
0.8700288604840576,-0.8578498363492609,-0.49300079302655514,-1.027800872300751,-0.8700288604840576,3.4313993453970437
0.8650537608229647,-0.8679589076671356,-0.5016791712698915,-0.9932720364558197,-0.8650537608229647,3.4718356306685423
0.8599920988085267,-0.8777205754385328,-0.5103073485527181,-0.9583456400523787,-0.8599920988085267,3.510882301754131
0.8548443809403379,-0.8871309325222512,-0.5188844614890009,-0.923035662501078,-0.8548443809403379,3.5485237300890047
0.8496111223292407,-0.8961862123904141,-0.5274096518025129,-0.8873562367422084,-0.8496111223292407,3.5847448495616563
0.844292846645788,-0.9048827906360216,-0.5358820664127061,-0.8513216435889923,-0.844292846645788,3.6195311625440865
0.8388900860678392,-0.9132171864236356,-0.5443008575200791,-0.8149463060116264,-0.8388900860678392,3.6528687456945423
0.8334033812273061,-0.9211860638825983,-0.5526651826910155,-0.7782447833644258,-0.8334033812273061,3.684744255530393
0.8278332811560616,-0.9287862334422158,-0.5609742049420714,-0.7412317655584435,-0.8278332811560616,3.715144933768863
0.8221803432309887,-0.9360146531084108,-0.5692270928237461,-0.7039220671817055,-0.8221803432309887,3.7440586124336432
0.816445133118214,-0.9428684296812804,-0.5774230205036702,-0.6663306215696723,-0.816445133118214,3.7714737187251215
0.8106282247165015,-0.9493448199131117,-0.5855611678492463,-0.6284724748281073,-0.8106282247165015,3.797379279652447
0.8047302000998255,-0.9554412316063767,-0.5936407205097161,-0.5903627798108207,-0.8047302000998255,3.821764926425507
0.7987516494591222,-0.96115522465127,-0.6016608699976519,-0.5520167900546743,-0.7987516494591222,3.84462089860508
0.7926931710432408,-0.9664845120023631,-0.6096208137698478,-0.5134498536743546,-0.7926931710432408,3.8659380480094523
0.7865553710990657,-0.9714269605940145,-0.6175197553076428,-0.47467740721915597,-0.7865553710990657,3.885707842376058
0.7803388638108611,-0.9759805921941282,-0.625356904196615,-0.4357149694945026,-0.7803388638108611,3.903922368776513
0.7740442712388096,-0.9801435841959504,-0.6331314762056773,-0.3965781353504796,-0.7740442712388096,3.9205743367838015
0.7676722232567631,-0.9839142703475751,-0.6408426933655548,-0.35728256943992637,-0.7676722232567631,3.9356570813903002
0.761223357489223,-0.9872911414188618,-0.6484897840466222,-0.31784399994866136,-0.761223357489223,3.949164565675447
0.7546983192475218,-0.9902728458055183,-0.6560719830361342,-0.27827821230013755,-0.7546983192475218,3.9610913832220733
0.7480977614652593,-0.9928581900700799,-0.6635885316147861,-0.23860104283732805,-0.7480977614652593,3.9714327602803197
0.7414223446329631,-0.9950461394195874,-0.6710386776326381,-0.19882837248416133,-0.7414223446329631,3.9801845576783497
0.7346727367319966,-0.9968358181197672,-0.6784216755843804,-0.1589761203891266,-0.7346727367319966,3.9873432724790687
0.7278496131677143,-0.9982265098455471,-0.685736786683935,-0.11906023755356557,-0.7278496131677143,3.9929060393821882
0.7209536567018864,-0.9992176579677663,-0.6929832789383727,-0.07909670044728587,-0.7209536567018864,3.996870631871065
0.7139855573843631,-0.999808865775971,-0.7001604272211764,-0.039101504613838815,-0.7139855573843631,3.999235463103884
0.7069460124840341,-0.9999998966371966,-0.7072675133447908,0.0009093417316953779,-0.7069460124840341,3.9999995865487863
0.6998357264190531,-0.999790674090682,-0.7143038261324912,0.040919824110065034,-0.6998357264190531,3.999162696362728
0.692655410686347,-0.999181281878473,-0.7212686614895506,0.0809139281877118,-0.692655410686347,3.996725127513892
0.6854057837904298,-0.9981719639119047,-0.7281613224736855,0.12087564618650608,-0.6854057837904298,3.9926878556476186
0.6780875711714895,-0.9967631241739743,-0.7349811193648107,0.16078898329100064,-0.6780875711714895,3.987052496695897
0.6707015051328061,-0.9949553265576461,-0.7417273697340475,0.20063796405035386,-0.6707015051328061,3.9798213062305843
0.663248324767471,-0.9927492946401515,-0.7483993985120133,0.2404066387725732,-0.663248324767471,3.970997178560606
0.655728775884426,-0.9901459113933733,-0.7549965380563756,0.28007908990844865,-0.655728775884426,3.960583645573493
0.6481436109338442,-0.9871462188304371,-0.7615181282186508,0.3196394384225501,-0.6481436109338442,3.9485848753217483
0.6404935889318193,-0.9837514175886367,-0.7679635164102769,0.35907185014895093,-0.6404935889318193,3.935005670354547
0.6327794753844244,-0.9799628664488783,-0.7743320576679056,0.3983605421288508,-0.6327794753844244,3.9198514657955132
0.6250020422111088,-0.9757820817918225,-0.7806231147179434,0.4374897889277737,-0.6250020422111088,3.90312832716729
0.6171620676674521,-0.9712107369909467,-0.7868360580403234,0.476443928929741,-0.6171620676674521,3.884842947963787
0.6092603362672988,-0.9662506617427778,-0.79297026593149,0.5152073706058321,-0.6092603362672988,3.8650026469711114
0.601297638704238,-0.9609038413345403,-0.7990251245666231,0.5537645987548306,-0.601297638704238,3.8436153653381613
0.5932747717724938,-0.955172415849544,-0.8050000280610525,0.5921001807131818,-0.5932747717724938,3.820689663398176
0.58519253828719,-0.949058679310608,-0.8108943785308884,0.6301987725319829,-0.58519253828719,3.796234717242432
0.5770517470040161,-0.9425650787618688,-0.8167075861528489,0.6680451251184524,-0.5770517470040161,3.770260315047475
0.5688532125382952,-0.9356942132893405,-0.8224390692232836,0.7056240903394443,-0.5688532125382952,3.742776853157362
0.5605977552834812,-0.9284488329806321,-0.828088254216374,0.7429206270844885,-0.5605977552834812,3.7137953319225283
0.5522862013290468,-0.9208318378241996,-0.8336545758415361,0.779919807286126,-0.5522862013290468,3.6833273512967986
0.543919382377833,-0.9128462765486264,-0.8391374770999784,0.8166068218948669,-0.543919382377833,3.6513851061945055
0.5354981356628199,-0.9044953454023561,-0.8445364093404405,0.8529669868065766,-0.5354981356628199,3.6179813816094244
0.5270233038633464,-0.89578238687438,-0.8498508323140966,0.8889857487398514,-0.5270233038633464,3.58312954749752
0.5184957350207982,-0.8867108883564073,-0.8550802142286081,0.9246486910609693,-0.5184957350207982,3.5468435534256293
0.5099162824537294,-0.8772844807470053,-0.8602240318013491,0.9599415395542736,-0.5099162824537294,3.509137922988021
0.5012858046724876,-0.8675069369983324,-0.8652817703117618,0.9948501681354261,-0.5012858046724876,3.4700277479933295
0.4926051652933023,-0.8573821706059978,-0.8702529236528644,1.0293606045054333,-0.4926051652933023,3.429528682423991
0.48387523295186646,-0.8469142340426714,-0.875136994381895,1.0634590357431077,-0.48387523295186646,3.3876569361706856
0.47509688121641325,-0.8361073171360641,-0.8799334937700901,1.0971318138337494,-0.47509688121641325,3.3444292685442565
0.46627098850031357,-0.8249657453919494,-0.8846419418515835,1.1303654611317617,-0.46627098850031357,3.299862981567798
0.45739843797415836,-0.813493978262843,-0.889261867471444,1.1631466757552,-0.45739843797415836,3.253975913051372
0.4484801174773959,-0.8016966073631054,-0.8937928083328156,1.1954623369098447,-0.4484801174773959,3.2067864294524218
0.4395169194294861,-0.7895783546311299,-0.8982343110431791,1.2272995101408584,-0.4395169194294861,3.1583134185245196
0.43050974074059684,-0.777144070439365,-0.902585931159723,1.2586454525098565,-0.43050974074059684,3.10857628175746
0.42145948272186623,-0.7643987316529546,-0.9068472332338104,1.2894876176952679,-0.42145948272186623,3.0575949266118183
0.41236705099519344,-0.7513474396377038,-0.9110177908545626,1.3198136610141102,-0.41236705099519344,3.005389758550815
0.40323335540262933,-0.7379954182182569,-0.9150971866915212,1.3496114443629472,-0.40323335540262933,2.9519816728730275
0.3940593099153293,-0.7243480115872396,-0.9190850125364108,1.3788690410762179,-0.3940593099153293,2.8973920463489584
0.3848458325420925,-0.7104106821662227,-0.9229808693439879,1.4075747406999348,-0.3848458325420925,2.841642728664891
0.37559384523751377,-0.6961890084193879,-0.9267843672719661,1.4357170536787942,-0.37559384523751377,2.7847560336775516
0.36630427380970776,-0.6816886826206998,-0.9304951257200345,1.4632847159549707,-0.36630427380970776,2.7267547304827993
0.35697804782768017,-0.6669155085755727,-0.9341127733679369,1.4902666934765538,-0.35697804782768017,2.6676620343022908
0.34761610052830644,-0.6518753992978722,-0.9376369482126301,1.5166521866139773,-0.34761610052830644,2.6075015971914888
0.33821936872294317,-0.6365743746432063,-0.9410672976045091,1.5424306344826153,-0.33821936872294317,2.5462974985728253
0.32878879270369865,-0.621018558899479,-0.9444034782826904,1.567591719169777,-0.32878879270369865,2.484074235597916
0.3193253161493218,-0.60521417833559,-0.9476451564093681,1.5921253698645426,-0.3193253161493218,2.42085671334236
0.3098298860307854,-0.589167558709371,-0.9507920076032143,1.616021766888602,-0.3098298860307854,2.356670234837484
0.30030345251652313,-0.5728851227356739,-0.9538437169718403,1.6392713456266255,-0.30030345251652313,2.2915404909426957
0.29074696887735046,-0.5563733875156573,-0.9567999791433072,1.661864800354532,-0.29074696887735046,2.2254935500626294
0.2811613913910712,-0.5396389619282879,-0.9596604982966824,1.6837930879641476,-0.2811613913910712,2.1585558477131515
0.2715476792468003,-0.5226885439851375,-0.9624249881916392,1.7050474315827076,-0.2715476792468003,2.09075417594055
0.2619067944489614,-0.5055289181494462,-0.9650931721971042,1.725619324085878,-0.2619067944489614,2.022115672597785
0.25223970172103677,-0.4881669526206399,-0.9676647833189355,1.7455005315027297,-0.25223970172103677,1.9526678104825597
0.2425473684090277,-0.47060959658530505,-0.9701395642266403,1.7646830963114215,-0.2425473684090277,1.8824383863412202
0.2328307643846531,-0.4528638774357456,-0.9725172672791256,1.7831593406242325,-0.2328307643846531,1.8114555097429823
0.22309086194831193,-0.4349368979572708,-0.9747976545494759,1.8009218692606368,-0.22309086194831193,1.7397475918290832
0.21332863573176866,-0.4168358334852428,-0.9769804978487658,1.8179635727072894,-0.21332863573176866,1.6673433339409711
0.20354506260063956,-0.398567929033149,-0.9790655787488914,1.8342776299636068,-0.20354506260063956,1.594271716132596
0.19374112155663836,-0.3801404963927546,-0.9810526886044275,1.8498575112719036,-0.19374112155663836,1.5205619855710184
0.18391779363961167,-0.361560911207532,-0.9829416285735065,1.8646969807309488,-0.18391779363961167,1.446243644830128
0.1740760618293668,-0.34283661002052807,-0.9847322096377159,1.878790098791914,-0.1740760618293668,1.3713464400821123
0.16421691094732307,-0.3239750872978884,-0.9864242526210104,1.8921312246356758,-0.16421691094732307,1.2959003491915535
0.1543413275579438,-0.3049838924291315,-0.988017588207645,1.904715018430606,-0.1543413275579438,1.219935569716526
0.14445029987002886,-0.28587062670550645,-0.9895120569591149,1.9165364434698349,-0.14445029987002886,1.1434825068220258
0.13454481763782528,-0.2666429402775429,-0.9909075093301112,1.9275907681872173,-0.13454481763782528,1.0665717611101715
0.12462587206198297,-0.24730852909304515,-0.9922038056834847,1.937873568051161,-0.12462587206198297,0.9892341163721806
0.11469445569038361,-0.2278751318167901,-0.993400816304218,1.9473807273355466,-0.11469445569038361,0.9115005272671604
0.10475156231879927,-0.20835052673305862,-0.9944984214124076,1.9561084407670828,-0.10475156231879927,0.8334021069322345
0.09479818689146144,-0.1887425286323781,-0.9954965111752484,1.9640532150483663,-0.09479818689146144,0.7549701145295123
0.08483532540149764,-0.1690589856836184,-0.9963949857180244,1.9712118702560881,-0.08483532540149764,0.6762359427344736
0.07486397479126292,-0.14930777629272857,-0.9971937551341029,1.9775815411138127,-0.07486397479126292,0.5972311051709143
0.06488513285259405,-0.1294968059494054,-0.9978927394939304,1.9831596781388048,-0.06488513285259405,0.5179872237976216
0.054899798126943525,-0.10963400406285208,-0.9984918688530322,1.9879440486624833,-0.054899798126943525,0.4385360162514083
0.04490896980547369,-0.0897273207880327,-0.9989910832590104,1.9919327377240441,-0.04490896980547369,0.3589092831521308
0.03491364762906831,-0.06978472384358839,-0.9993903327575434,1.9951241488369331,-0.03491364762906831,0.27913889537435355
0.024914831788289092,-0.049814195322723284,-0.9996895773973845,1.997517004627845,-0.024914831788289092,0.19925678129089314
0.014913522823304944,-0.02982372849837265,-0.9998887872343598,1.999110347347995,-0.014913522823304944,0.1192949139934906
0.004910721523750749,-0.009821324623825173,-0.9999879423343644,1.9999035392564646,-0.004910721523750749,0.03928529849530069
-0.005092571171403302,0.01018501026977783,-0.9999870327753576,1.9998962628754569,0.005092571171403302,-0.04074004107911132
-0.015095354274015099,0.03018726857789112,-0.9998860586483552,1.999088521117368,0.015095354274015099,-0.12074907431156448
-0.02509662684693535,0.05017744432763686,-0.9996850300574205,1.9974806372836227,0.02509662684693535,-0.20070977731054743
-0.03509538810417077,0.07014753638222995,-0.9993839671186534,1.9950732549352705,0.03509538810417077,-0.2805901455289198
-0.04509063751101439,0.09008955164343228,-0.9989828999581776,1.9918673376354012,0.04509063751101439,-0.36035820657372913
-0.05508137488418628,0.10999550825086044,-0.9984818687091257,1.987864168563471,0.05508137488418628,-0.43998203300344174
-0.06506660049190346,0.12985743877672443,-0.9978809235076233,1.9830653500017081,0.06506660049190346,-0.5194297551068977
-0.0750453151539226,0.14966739341482524,-0.9971801244877719,1.9774728026937938,0.0750453151539226,-0.598669573659301
-0.08501652034152725,0.16941744316249926,-0.9963795417756321,1.9710887650760747,0.08501652034152725,-0.6776697726499971
-0.09497921827743244,0.18909968299420082,-0.9954792554822064,1.9639157923816313,0.09497921827743244,-0.7563987319768033
-0.10493241203564933,0.20870623502555807,-0.9944793556954216,1.9559567556175228,0.10493241203564933,-0.8348249401022323
-0.1148751056412293,0.2282292516664953,-0.9933799424711154,1.9472148404156657,0.1148751056412293,-0.9129170066659812
-0.12480630416993056,0.2476609187622649,-0.9921811258230236,1.937693545757771,0.12480630416993056,-0.9906436750490596
-0.13472501384777621,0.26699345872108976,-0.9908830257117721,1.927396682574866,0.13472501384777621,-1.067973834884359
-0.14463024215050047,0.28621913362717816,-0.9894857720328715,1.9163283722219504,0.14463024215050047,-1.1448765345087126
-0.15452099790285248,0.30533024833782374,-0.9879895046037214,1.9044930448284267,0.15452099790285248,-1.221320993351295
-0.16439629137780026,0.32431915356345403,-0.9863943731496168,1.8918954375249015,0.16439629137780026,-1.2972766142538161
-0.17425513439555446,0.3431782489292577,-0.9847005372887674,1.878540592547149,0.17425513439555446,-1.3727129957170308
-0.18409654042245496,0.3618999860172674,-0.9829081665163248,1.8644338552179336,0.18409654042245496,-1.4475999440690697
-0.19391952466969273,0.38047687138764685,-0.9810174401874211,1.8495808718075217,0.19391952466969273,-1.5219074855505874
-0.2037231041918396,0.3989014695779397,-0.9790285474992243,1.8339875872737634,0.2037231041918396,-1.5956058783117588
-0.2135062979852284,0.4171664060791783,-0.976941687472002,1.8176602428825714,0.2135062979852284,-1.6686656243167133
-0.22326812708610425,0.43526437028753034,-0.9747570689292092,1.8006053737098529,0.22326812708610425,-1.7410574811501214
-0.2330076146685885,0.45318811843039947,-0.9724749104765915,1.7828298060258183,0.2330076146685885,-1.8127524737215979
-0.24272378614242948,0.47093047646577674,-0.9700954404803087,1.7643406545627367,0.24272378614242948,-1.883721905863107
-0.2524156692505117,0.4884843429536506,-0.9676188970440874,1.745145319667265,0.2524156692505117,-1.9539373718146025
-0.26208229416616635,0.5058426918984203,-0.9650455279853895,1.7252514843383961,0.26208229416616635,-2.0233707675936814
-0.2717226935902041,0.5229985755610499,-0.962375590810617,1.7046671111523362,0.2717226935902041,-2.0919943022441996
-0.2813359028477122,0.5399451272399308,-0.9596093526893444,1.6834004390754504,0.2813359028477122,-2.1597805089597233
-0.29092095998458867,0.556675564019309,-0.9567470904275829,1.6614599801665815,0.29092095998458867,-2.226702256077236
-0.3004769058637878,0.5731831894841463,-0.9537890904400849,1.6388545161700976,0.3004769058637878,-2.292732757936585
-0.31000278426131717,0.58946139640042,-0.9507356487216787,1.615593095000925,0.31000278426131717,-2.35784558560168
-0.3194976419619096,0.6055036693596663,-0.9475870708176528,1.5916850271231178,0.3194976419619096,-2.422014677438665
-0.32896052885441085,0.6213035873868018,-0.9443436717931806,1.5671398818233053,0.32896052885441085,-2.485214349547207
-0.3383904980268532,0.6368548265101404,-0.9410057762017926,1.541967483380553,0.3383904980268532,-2.5474193060405614
-0.3477866058612124,0.6521511622925904,-0.9375737180528994,1.5161779071341506,0.3477866058612124,-2.6086046491703616
-0.3571479121278184,0.6671864723229854,-0.9340478407783727,1.4897814754509604,0.3571479121278184,-2.668745889291942
-0.36647348007945996,0.6819547386666326,-0.9304284971981724,1.4627887535937987,0.36647348007945996,-2.7278189546665303
-0.3757623765451081,0.6964500502739907,-0.9267160494850472,1.4352105454926896,0.3757623765451081,-2.7858002010959626
-0.3850136720232978,0.7106666053465927,-0.9229108691282905,1.407057889420546,0.3850136720232978,-2.8426664213863706
-0.3942264407751426,0.7245987136592412,-0.9190133368965671,1.378342053575052,0.3942264407751426,-2.898394854636965
-0.40339976091695645,0.738240798837521,-0.915023842799816,1.3490745315685695,0.40339976091695645,-2.952963195350084
-0.4125327145125226,0.7515874005897913,-0.910942786050216,1.3192670378277183,0.4125327145125226,-3.0063496023591654
-0.42162438766493415,0.7646331768926669,-0.906770575022243,1.2889315029046773,0.42162438766493415,-3.0585327075706674
-0.4306738706080477,0.7773729061291862,-0.9025076272118051,1.2580800687019305,0.4306738706080477,-3.1094916245167448
-0.43968025779751946,0.7898014891787815,-0.8981543691944647,1.2267250836124273,0.43968025779751946,-3.159205956715126
-0.4486426480014229,0.8019139514582238,-0.8937112365827518,1.1948790975770855,0.4486426480014229,-3.207655805832895
-0.45756014439041826,0.8137054449127,-0.8891786739825802,1.1625548570616784,0.45756014439041826,-3.2548217796508
-0.46643185462751385,0.8251712499562892,-0.8845571349487481,1.1297652999549512,0.46643185462751385,-3.300684999825157
-0.4752568909573457,0.8363067773609759,-0.8798470819395593,1.0965235503902306,0.4752568909573457,-3.3452271094439037
-0.48403437029501467,0.8471075700935085,-0.8750489862705451,1.0628429134924344,0.48403437029501467,-3.388430280374034
-0.4927634143144565,0.8575693050993465,-0.8701633280672998,1.0287368700526371,0.4927634143144565,-3.430277220397386
-0.5014431495363195,0.8676877950329625,-0.865190596217444,0.9942190711323851,0.5014431495363195,-3.47075118013185
-0.510072707415389,0.8774589899338647,-0.8601312883216927,0.95930333259974,0.510072707415389,-3.509835959735459
-0.5186512244274861,0.8868789788475921,-0.8549859106440699,0.9240036295994777,0.5186512244274861,-3.5475159153903686
-0.5271778421558808,0.8959439913910914,-0.8497549780612463,0.8883340909594768,0.5271778421558808,-3.5837759655643655
-0.5356517073771927,0.9046503992618287,-0.8444390140110168,0.8523089935355933,0.5356517073771927,-3.6186015970473147
-0.5440719721467576,0.9129947176900182,-0.8390385504399293,0.8159427564973512,0.5440719721467576,-3.6519788707600727
-0.5524377938834961,0.9209736068334319,-0.8335541277500436,0.7792499355565435,0.5524377938834961,-3.6838944273337275
-0.5607483354542148,0.9285838731141698,-0.8279862947448632,0.7422452171413095,0.5607483354542148,-3.714335492456679
-0.5690027652573781,0.9358224704969046,-0.8223356085744171,0.7049434125178282,0.5690027652573781,-3.7432898819876184
-0.5772002573063258,0.9426865017080693,-0.8166026346795063,0.6673594518620448,0.5772002573063258,-3.7707460068322773
-0.5853399913119148,0.9491732193954922,-0.8107879467351297,0.6295083782838699,0.5853399913119148,-3.7966928775819686
-0.5934211527646192,0.9552800272280477,-0.8048921265930675,0.5914053418060423,0.5934211527646192,-3.821120108912191
-0.6014429330160231,0.961004480934838,-0.7989157642236655,0.5530655933003339,0.6014429330160231,-3.844017923739352
-0.6094045293597427,0.9663442892835226,-0.7928594576567971,0.5145044783833223,0.6094045293597427,-3.8653771571340902
-0.6173051451117482,0.9712973149973924,-0.7867238129220213,0.4757374312742543,0.6173051451117482,-3.8851892599895694
-0.6251439896900886,0.9758615756108232,-0.7805094439879369,0.4367799686174336,0.6251439896900886,-3.903446302443293
-0.6329202786939907,0.9800352442627589,-0.7742169727007547,0.39764768327168476,0.6329202786939907,-3.9201409770510356
-0.640633233982367,0.9838166504279277,-0.7678470287220586,0.3583562380691753,0.640633233982367,-3.9352666017117106
-0.6482820837516705,0.9872042805854694,-0.7614002494658063,0.3189213595463681,0.6482820837516705,-3.9488171223418775
-0.6558660626131285,0.9901967788247291,-0.7548772800345442,0.27935883164940706,0.6558660626131285,-3.9607871152989165
-0.6633844116693344,0.9927929473879662,-0.7482787731548525,0.23968448941652457,0.6633844116693344,-3.971171789551865
-0.6708363785901766,0.9949917471497567,-0.7416053891120379,0.19991421264006864,0.6708363785901766,-3.9799669885990268
-0.678221217688138,0.9967922980329131,-0.7348577956840489,0.16006391951047713,0.678221217688138,-3.9871691921316526
-0.685538189992902,0.9981938793607341,-0.7280366680746622,0.12014956024502327,0.685538189992902,-3.9927755174429365
-0.6927865633253014,0.9991959301454592,-0.7211426888459163,0.08018711070367211,0.6927865633253014,-3.9967837205818366
-0.6999656123705851,0.9997980493128054,-0.71417654784981,0.04019256599468754,0.6999656123705851,-3.9991921972512214
-0.7070746187509984,0.9999999958624991,-0.7071389421592691,0.0001819340725207341,0.7070746187509984,-3.9999999834499964
-0.7141128710976599,0.9998016889647374,-0.7000305759984038,-0.0398287706693719,0.7141128710976599,-3.9992067558589497
-0.7210796651217586,0.9992032079925403,-0.6928521606720242,-0.07982353380843024,0.7210796651217586,-3.996812831970161
-0.7279743036850205,0.9982047924899807,-0.6856044144944733,-0.11978634730276151,0.7279743036850205,-3.992819169959923
-0.7347960968694697,0.9968068420763077,-0.678288062717746,-0.15970121589842837,0.7347960968694697,-3.9872273683052306
-0.741544362046469,0.9950099162859949,-0.6709038374589128,-0.19955216353161875,0.741544362046469,-3.9800396651439796
-0.7482184239450175,0.9928147343447892,-0.6634524776268712,-0.2393232397230638,0.7482184239450175,-3.9712589373791567
-0.7548176147193368,0.9902221748818333,-0.6559347288483899,-0.27899852596235714,0.7548176147193368,-3.960888699527333
-0.7613412740156902,0.9872332755779943,-0.6483513433935074,-0.3185621420793371,0.7613412740156902,-3.9489331023119774
-0.7677887490384633,0.9838492327505277,-0.6407030801002533,-0.3579982526001934,0.7677887490384633,-3.935396931002111
-0.7741593946154894,0.9800714008742456,-0.6329907042987115,-0.39729107308568457,0.7741593946154894,-3.9202856034969824
-0.7804525732626003,0.9759012920393895,-0.6252149877344476,-0.4364248764488581,0.7804525732626003,-3.903605168157558
-0.7866676552474295,0.9713405753464023,-0.6173767084912674,-0.47538399924995484,0.7866676552474295,-3.885362301385609
-0.7928040186524188,0.9663910762378707,-0.6094766509133678,-0.5141528479656995,0.7928040186524188,-3.8655643049514827
-0.7988610494370525,0.9610547757678846,-0.6015156055268485,-0.5527159052306753,0.7988610494370525,-3.8442191030715382
-0.8048381414993044,0.9553338098091101,-0.593494368960604,-0.5910577360482174,0.8048381414993044,-3.8213352392364404
-0.8107346967362795,0.9492304681979088,-0.5854137438666203,-0.6291629939682686,0.8107346967362795,-3.796921872791635
-0.8165501251040763,0.9427471938178096,-0.5772745388396385,-0.6670164272299307,0.8165501251040763,-3.7709887752712383
-0.8222838446768215,0.9358865816217447,-0.569077568336255,-0.7046028848659801,0.8222838446768215,-3.7435463264869786
-0.8279352817049029,0.9286513775934087,-0.5608236525934182,-0.7419073227671079,0.8279352817049029,-3.7146055103736346
-0.8335038706723829,0.9210444776481687,-0.5525136175463512,-0.7789148097033772,0.8335038706723829,-3.6841779105926746
-0.8389890543535881,0.9130689264739621,-0.5441482947459011,-0.8156105333005118,0.8389890543535881,-3.6522757058958484
-0.8443902838688618,0.9047279163126607,-0.5357285212753405,-0.8519798059685482,0.8443902838688618,-3.618911665250643
-0.8497070187394995,0.8960247856823477,-0.5272551396665868,-0.8880080707806722,0.8497070187394995,-3.5840991427293907
-0.8549387269418242,0.886963018041076,-0.5187289978159049,-0.9236809072996276,0.8549387269418242,-3.547852072164304
-0.8600848849604261,0.8775462403925991,-0.5101509488990592,-0.958984037349558,0.8600848849604261,-3.5101849615703964
-0.8651449778405508,0.8677782218346468,-0.5015218512859363,-0.9939033307309086,0.8651449778405508,-3.4711128873385872
-0.8701184992396206,0.8576628720503449,-0.49284256845466423,-1.0284248108760385,0.8701184992396206,-3.4306514882013794
-0.8750049514779136,0.8472042397433298,-0.4841139689051888,-1.0625346604434633,0.8750049514779136,-3.3888169589733192
-0.8798038455883569,0.8364065110172557,-0.4753369260723794,-1.0962192268482454,0.8798038455883569,-3.345626044069023
-0.8845147013654576,0.8252740077002878,-0.46651231823862405,-1.129465027726499,0.8845147013654576,-3.301096030801151
-0.889137047413355,0.8138111856152758,-0.457641028445944,-1.1622587563317546,0.889137047413355,-3.255244742461103
-0.8936704211929921,0.8020226327962915,-0.4487239444076281,-1.1945872868610397,0.8936704211929921,-3.208090531185166
-0.8981143690683947,0.7899130676522692,-0.4397619584194151,-1.2264376797084824,0.8981143690683947,-3.159652270609077
-0.9024684463520736,0.777487337078421,-0.43075596727018717,-1.2577971866445017,0.9024684463520736,-3.109949348313684
-0.9067322173495166,0.7647504145162666,-0.421706872152244,-1.2886532559182837,0.9067322173495166,-3.0590016580650663
-0.9109052554027883,0.7517073979629927,-0.41261557857112113,-1.318993537281676,0.9109052554027883,-3.0068295918519707
-0.9149871429332254,0.7383635079309567,-0.4034829962549767,-1.348805886932426,0.9149871429332254,-2.953454031723827
-0.9189774714832157,0.7247240853581781,-0.39431003906357154,-1.3780783723747387,0.9189774714832157,-2.8988963414327125
-0.9228758417570809,0.7107945894705807,-0.3850976248968037,-1.4067992771953626,0.9228758417570809,-2.843178357882323
-0.9266818636610249,0.696580595596938,-0.3758466756028708,-1.4349571057530817,0.9266818636610249,-2.786322382387752
-0.9303951563421716,0.6820877929373235,-0.3665581168860212,-1.462540587779896,0.9303951563421716,-2.728351171749294
-0.9340153482266761,0.6673219822859837,-0.3572328782139196,-1.4895386828919956,0.9340153482266761,-2.669287929143935
-0.9375420770569011,0.6522890737095713,-0.34787189272465197,-1.5159405850086731,0.9375420770569011,-2.6091562948382854
-0.940974989927675,0.636995084181589,-0.33847609713333054,-1.5417357266775527,0.940974989927675,-2.547980336726356
-0.9443137433216001,0.6214461351740959,-0.329046431638374,-1.5669137833042115,0.9443137433216001,-2.4857845406963834
-0.947558003143428,0.6056484502075624,-0.3195838398274221,-1.5914646772846424,0.947558003143428,-2.4225938008302497
-0.9507074447534924,0.5896083523598787,-0.31008926858291164,-1.6153785820388595,0.9507074447534924,-2.358433409439515
-0.9537617530001906,0.5733322617355436,-0.30056366798733913,-1.6386459259439863,0.9537617530001906,-2.2933290469421745
-0.9567206222515251,0.5568266928959621,-0.2910079912281699,-1.6612573961653816,0.9567206222515251,-2.2273067715838484
-0.9595837564256833,0.5400982522519916,-0.28142319450246994,-1.6832039423840999,0.9595837564256833,-2.1603930090079664
-0.9623508690206656,0.5231536354196982,-0.27181023692122,-1.7044767804193208,0.9623508690206656,-2.0926145416787927
-0.9650216831429552,0.5059996245404129,-0.2621700804133412,-1.7250673957442488,0.9650216831429552,-2.0239984981616517
-0.967595931535226,0.48864308556615005,-0.25250368962943526,-1.7449675468940873,0.967595931535226,-1.9545723422646002
-0.9700733566030827,0.471090965511511,-0.2428120318452698,-1.7641692687646868,0.9700733566030827,-1.884363862046044
-0.9724537104408424,0.45335028967308066,-0.23309607686496636,-1.7826648758006467,0.9724537104408424,-1.8134011586923227
-0.9747367548563378,0.4354281588175531,-0.22335679692396998,-1.8004469650714578,0.9747367548563378,-1.7417126352702124
-0.9769222613947536,0.41733174633961856,-0.21359516659175792,-1.8175084192345567,0.9769222613947536,-1.6693269853584742
-0.9790100113614868,0.3990682953907813,-0.20381216267431537,-1.8338424093840737,0.9790100113614868,-1.5962731815631253
-0.9809997958440284,0.38064511598028944,-0.1940087641164041,-1.849442397784102,0.9809997958440284,-1.5225804639211578
-0.9828914157328729,0.36206958204923895,-0.18418595190358297,-1.864302140485484,0.9828914157328729,-1.4482783281969558
-0.9846846817414384,0.34334912851915494,-0.17434470896405835,-1.878415689824951,0.9846846817414384,-1.3733965140766198
-0.9863794144250098,0.3244912483161318,-0.16448602007032329,-1.8917773968057008,0.9863794144250098,-1.2979649932645272
-0.9879754441986941,0.3055034893717636,-0.15461087174061536,-1.9043819133584279,0.9879754441986941,-1.2220139574870543
-0.9894726113543911,0.286393451602052,-0.14472025214019632,-1.916224194481912,0.9894726113543911,-1.145573806408208
-0.9908707660767725,0.26716878386554044,-0.13481515098248456,-1.9272995002622795,0.9908707660767725,-1.0686751354621618
-0.9921697684582761,0.24783718090179185,-0.1248965594299975,-1.9376033977701963,0.9921697684582761,-0.9913487236071674
-0.9933694885131042,0.22840638025156929,-0.11496546999518407,-1.9471317628351457,0.9933694885131042,-0.9136255210062771
-0.9944698061902314,0.20888415915985192,-0.10502287644110465,-1.9558807816961459,0.9944698061902314,-0.8355366366394077
-0.995470611385417,0.18927833146295914,-0.09506977368198574,-1.963846952528224,0.995470611385417,-0.7571133258518365
-0.9963718039522224,0.1695967444610632,-0.08510715768367712,-1.971027086844023,0.9963718039522224,-0.6783869778442528
-0.9971732937120333,0.14984727577723866,-0.07513602536396848,-1.9774183107700203,0.9971732937120333,-0.5993891031089547
-0.9978750004630835,0.13003783020444432,-0.06515737449284614,-1.983018066196796,0.9978750004630835,-0.5201513208177773
-0.9984768539884795,0.11017633654159568,-0.055172203592646775,-1.987824111802926,0.9984768539884795,-0.44070534616638274
-0.9989787940632275,0.09027074442002873,-0.045181511838135825,-1.9918345239520816,0.9989787940632275,-0.36108297768011494
-0.9993807704602591,0.07032902112166087,-0.03518629895653848,-1.9950476974629643,0.9993807704602591,-0.28131608448664347
-0.9996827429554583,0.050359148390016435,-0.025187565127479765,-1.9974623462517958,0.9996827429554583,-0.20143659356006574
-0.9998846813316861,0.030369119235534585,-0.015186310882914911,-1.9990775038470698,0.9998846813316861,-0.12147647694213834
-0.999986565381804,0.010366934736332233,-0.00518353700700671,-1.999892523776388,0.999986565381804,-0.04146773894532893
-0.9999883849106964,-0.009639399164262154,0.004819755564022375,-1.9999070798252123,0.9999883849106964,0.038557596657048616
-0.9998901397362905,-0.029641874862086578,0.014822565842035547,-1.9991211661674342,0.9998901397362905,0.11856749944834631
-0.9996918396895748,-0.049632486297259325,0.024823892887167735,-1.9975350973677057,0.9996918396895748,0.1985299451890373
-0.999393504613615,-0.06960323215860362,0.034822735907971296,-1.9951495082555348,0.999393504613615,0.27841292863441447
-0.9989951643615688,-0.08954611908620712,0.044818094361564635,-1.9919653536711917,0.9989951643615688,0.3581844763448285
-0.9984968587936983,-0.10945316487079183,0.054808968053752384,-1.987983908083531,0.9984968587936983,0.43781265948316733
-0.9978986377733813,-0.1293164016486279,0.06479435723911425,-1.9832067650798801,0.9978986377733813,0.5172656065945116
-0.9972005611621223,-0.14912787909067035,0.07477326272103126,-1.9776358367282065,0.9972005611621223,0.5965115163626814
-0.9964026988135616,-0.1688796675847481,0.08474468595169242,-1.971273352811796,0.9964026988135616,0.6755186703389924
-0.9955051305664855,-0.18856386140939024,0.09470762913200118,-1.9641218599367813,0.9955051305664855,0.754255445637561
-0.9945079462368377,-0.2081725818981255,0.10466109531142455,-1.9561842205128517,0.9945079462368377,0.832690327592502
-0.993411245608731,-0.22769798059295254,0.11460408848775738,-1.9474636116075612,0.993411245608731,0.9107919223718102
-0.9922151384244634,-0.2471322423856846,0.12453561370677403,-1.9379635236747086,0.9922151384244634,0.9885289695427384
-0.9909197443735357,-0.26646758864601516,0.13445467716181056,-1.9276877591572532,0.9909197443735357,1.0658703545840607
-0.9895251930806745,-0.28569628033491373,0.14436028629319664,-1.9166404309653853,0.9895251930806745,1.142785121339655
-0.9880316240928618,-0.3048106211022167,0.15425144988758405,-1.9048259608303126,0.9880316240928618,1.2192424844088667
