t1,t2,t3,t4,t5
172.625,178.48000000000002,194.145,219.62,254.905
82.62939305586843,126.59852164952807,172.63117385736422,217.05194329689547,257.77969720917787
-6.063622935498387,75.16907528831727,150.94913148792332,213.93394483399226,259.8734453726751
-91.82000950593935,25.037554175099572,129.40793550596516,210.2982169408145,261.1462189083062
-173.11696570931144,-22.999589644666784,108.30476702828177,206.18112824557616,261.5647382393758
-248.59381372762002,-68.21978907169026,87.91676744951008,201.6222289021195,261.1031982167406
-317.0942262287455,-109.99510182393043,68.49381386182256,196.66318366644006,259.7437640580935
-377.69784939655267,-147.8083502702535,50.252512555508986,191.34665442803714,257.4768261498908
-429.74011933012326,-181.26406894264375,33.371621630090814,185.71517633006715,254.30101709051843
-472.8198655144104,-210.09399764832204,17.989030616174745,179.81007159853925,250.22300543136924
-506.79507538560483,-234.15718791148333,4.200338321617409,173.67044266313732,245.25709003609623
-531.7678961670779,-253.43509473447625,-7.941014004982009,167.33228130548318,239.42462633876036
-548.0605230755036,-268.0222831012742,-18.422173099623592,160.8277238032279,232.75332074796563
-556.1840313439257,-278.11357358809107,-27.268049931992294,154.18447387348004,225.27643192917236
-556.802435840628,-283.98857486201274,-34.53747143942161,147.4254062642731,217.03191780430024
-550.694306875008,-285.99460056523935,-40.31856717665494,140.56835473385414,208.06156510027498
-538.7141505685511,-284.5289482888659,-44.723662158188745,133.62607950318784,198.41013454001046
-521.755505973184,-280.02143848960554,-47.8839421805107,126.60640159954283,188.12454975742676
-500.7173561535567,-272.9179845107769,-49.94413829051808,119.51248524594374,177.25315221591873
-476.4750374221337,-263.6658066214301,-51.057445818490166,112.34324487089003,165.8450382846961
-449.85639964194553,-252.70072887500555,-51.380853977973004,105.09385054404436,153.9494885966649
-421.6235562761667,-240.43682224139013,-51.0710180229495,97.75630467070019,141.61549421725948
-392.4601938280267,-227.25849331869586,-50.28076072843996,90.32006345640553,128.89137924963953
-362.96410609189155,-213.514974487802,-49.15624648046817,82.7726787358402,115.8245154497246
-333.644389986858,-199.51705487996537,-47.834831890744226,75.10043892757571,102.46112129955765
-304.9225892221416,-185.53580501775258,-46.443563281470816,67.28899177008066,88.84613578902078
-277.136995341799,-171.8029916211146,-45.0982646223888,59.323935747782016,75.02315582374698
-250.5493034030168,-158.51285067480813,-43.903139917371604,51.191371382311,61.03442560848976
-225.35285903547015,-145.82488258764397,-42.95080146532828,42.878407537940014,46.92086642216792
-201.68181087761084,-133.86734829392543,-42.32262927897868,34.3736213234259,32.722135765077205
-179.620583486175,-122.7411742286993,-42.08936637368238,25.66747288295379,18.47670578455453
-159.21319816821457,-112.52401216686232,-42.31185862470102,16.752678243987816,4.221952048497277
-140.4720822719877,-103.27424239882936,-43.04185538671223,7.624544384755993,-10.005754970090434
-123.38611325442807,-95.03475185639047,-44.322797081603525,-1.7187291834456317,-24.17096199616195
-107.92773683152309,-87.83635975046089,-46.190527618216805,-11.275778681426559,-38.23905362479119
-94.05907560567405,-81.70080012144457,-48.673882098717584,-21.04183186630926,-52.17618529405561
-81.73700468359976,-76.643202388089,-51.7951132504962,-31.008490913322788,-65.94923113747078
-70.91721449749562,-72.67403721790083,-55.570133022678945,-41.163544098363744,-79.5257482559457
-61.557310036209245,-69.8005161341256,-60.008558561729465,-51.490810330200375,-92.8739580318016
-53.61901244169822,-68.0274499533171,-65.11356418894486,-61.970022844223806,-105.9627443129051
-47.06953626522145,-67.35758441028047,-70.88155295512078,-72.57676036823526,-118.76166762172946
-41.88221652243009,-67.7914422810535,-77.30167276265959,-83.28243561412292,-131.24099398942377
-38.03645680389626,-69.3267110419787,-84.35521280541073,-94.0543518667287,-143.37173657618632
-35.517065545534344,-71.95722454604757,-92.01492599274255,-104.85583859120219,-155.1257079146463
-34.31304418230736,-75.67159706531478,-100.24433181287034,-115.64647625926,-166.47558040145094
-34.415889853938765,-80.451578744556,-108.99706136338654,-126.38241894602736,-177.39495256270015
-35.817477634430574,-86.27021308844816,-118.21631155051492,-137.01682066921714,-187.8584186291336
-38.50759340688964,-93.089889239102,-127.83447817993607,-147.50036798700066,-197.84163907274657
-42.471198445293744,-100.86039379850396,-137.77303725380048,-157.78191715740175,-207.32140997020213
-47.68551990725273,-109.51707778049321,-147.94273970994897,-167.8092293686347,-216.27572935830966
-54.11707669848257,-118.97926263881277,-158.24417665895444,-177.52979241069727,-224.68385911669438
-61.718766009090295,-129.14901374181122,-168.56875964899987,-186.89171195444126,-232.52638133182955
-70.42715035582768,-139.91040864370393,-178.800143638859,-195.84465064859444,-239.78524854027708
-80.16009607092421,-151.12941965158274,-188.81609953546152,-204.34078886566726,-246.4438276900945
-90.81491965944834,-162.65451441779854,-198.4908190766669,-212.33577744549706,-252.48693806981203
-102.26719622298015,-174.31805398402844,-207.69760861735688,-219.7896504916443,-257.90088380712854
-114.37037247063294,-185.93853488668287,-216.3119014696598,-226.66766540917564,-262.67348181070724
-126.9563045193419,-197.32368138359243,-224.21449260454642,-232.94103809622567,-266.794086199624
-139.83680730148748,-208.27434718633768,-231.29487666534183,-238.58754358783347,-270.25361032453355
-152.8062584651199,-218.58913570616397,-237.45455232306517,-243.59195646689403,-273.0445474290688
-165.64524672866418,-228.0695968893334,-242.61014482037763,-247.94631086361346,-275.16099083465986
-178.12519535294038,-236.52581090484392,-246.6961955758388,-251.6499666173753,-276.59865427061925
-190.0138292961642,-243.78212818218503,-249.6674739201406,-254.7094758374709,-277.3548926352958
-201.08129405299488,-249.68280541812834,-251.50068173276895,-257.1382522643394,-277.4287230905482
-211.10667991197482,-254.09726154900818,-252.1954465265813,-258.9560540488607,-276.82084599168957
-219.88466218993426,-256.92467884108436,-251.77453121316972,-260.1882983686864,-275.53366477068596
-227.23194027789287,-258.0976935306622,-250.28322748592564,-260.86523324229455,-273.57130355278514
-232.99314952270072,-257.5849577721789,-247.78794200593236,-261.02099759019313,-270.9396210233317
-237.0459322156642,-255.3924084165019,-244.37402749824878,-260.69260471557334,-267.6462188940196
-239.3048877690329,-251.56314523559976,-240.14295143810034,-259.91888672309034,-263.70044326078624
-239.72417622708326,-246.1758972245551,-235.20893031424828,-258.73943786968186,-259.1133772053639
-238.29862046680728,-239.34213518150176,-229.69518496022545,-257.19359347112857,-253.89782316721795
-235.06323606703603,-231.2019660291366,-223.7299902074656,-255.31947791332993,-248.06827389225185
-230.09120789768528,-221.91901347378956,-217.44269897972532,-253.1531507802052,-241.6408711323205
-223.4904223153248,-211.6745453579986,-210.95991663267006,-250.7278744329493,-234.63335170274314
-215.39874664992408,-200.661146288164,-204.40198644893525,-248.073519933951,-227.06498097737034
-205.97831715918923,-189.0762521201236,-197.8799231408222,-245.21612140360088,-218.95647438425746
-195.4091476569087,-177.11585968678366,-191.49290006289357,-242.17758212568557,-210.32990793170336
-183.88240003080938,-164.9687015585841,-185.3263601191188,-238.9755293423824,-201.2086192184454
-171.59366320196844,-152.8111341109714,-179.45078279802212,-235.6233090151721,-191.61710074093858
-158.73656911212734,-140.8029315913112,-173.9211030818765,-232.1301071159349,-181.58088758753263
-145.49703535679947,-129.08411406768835,-168.7767445861659,-228.50118041651922,-171.12644179236116
-132.04836805620835,-117.77286843272643,-164.042201178633,-224.73817734635728,-160.281035705314
-118.54739062847894,-106.96455433884903,-159.72807991237073,-220.83952828833873,-149.07263671891968
-105.13169013286532,-96.73172587725804,-155.83250415480293,-216.80088461451697,-137.5297955840686
-91.91799872689992,-87.12504891646644,-152.34276943720536,-212.61558669820488,-125.68154035447252
-79.00165904095115,-78.17495606238448,-149.23714534310167,-208.27514290669708,-113.55727773809346
-66.45706353964363,-69.89385766626329,-146.48672378040092,-203.7697039801464,-101.18670331797968
-54.338912614067624,-62.27871836399305,-144.05722598313838,-199.0885200250677,-88.59972175122793
-42.68410622765467,-55.31381327664185,-141.91069611087352,-194.2203703847004,-75.82637767881
-31.514069978326308,-48.973494275225136,-140.00702685095922,-189.15395969511115,-62.896797694932474
-20.837317662176247,-43.224821974339406,-138.3052805474197,-183.8782763198192,-49.841143344485644
-10.6520669354529,-38.02995036546562,-136.76478681893596,-178.38291193015635,-36.68957475048987
-0.9487497565661442,-33.348185163747935,-135.34601336798806,-172.6583431498613,-23.47222412733266
8.287708255915017,-29.137671156030596,-134.0112199830953,-166.69617783182775,-10.219178114982359
17.075928950171324,-25.356695647307212,-132.72491614273991,-160.4893696386816,3.0395324223083326
25.436495398208564,-21.964622602096185,-131.4541499593284,-154.03240514670182,16.273936749330026
33.390755208722915,-18.92249398044404,-130.16866050546597,-147.32146770533498,29.454124607398462
40.95999940520768,-16.193350411961852,-128.84092708164044,-140.35458181087992,42.55024458570111
48.16497787486838,-13.742332644262962,-127.44614808854291,-133.13174086574645,55.532502690801905
55.02569422695704,-11.536628534494,-125.96217931718932,-125.65501998710407,68.37116338347143
61.561411845926706,-9.545328481024995,-124.36945716148533,-117.92867410958267,81.03655538888114
67.79079869837093,-7.739246116165532,-122.65092698469113,-109.95922011586185,93.49908455552253
73.73214031785506,-6.090751921965847,-120.79199109507817,-101.75550025218968,105.72925593006669
79.40355729591938,-4.573656327952477,-118.7804849157744,-93.32872276896312,117.69770702060369
84.82317431291843,-3.1631668702539812,-116.60668431325323,-84.69247468928768,129.37525393227511
90.0092009474448,-1.8359320714234215,-114.26334195239835,-75.86270095813168,140.73295167389298
94.9798989457283,-0.5701736029005104,-111.74574617923152,-66.85764404912896,151.7421694535567
99.75342516941343,0.6541014081197716,-109.05179243740864,-57.69773846716543,162.37468121382975
104.34755310212769,1.8548239824085044,-106.18205468756432,-48.40545551256906,172.60277101830027
108.77928781729074,3.0475447781823135,-103.13984275795957,-39.005095160219895,182.39935221470145
113.06439914085428,4.245099300610647,-99.9312310096637,-29.522523907688605,191.73809859579106
117.21690503907641,5.457284518409814,-96.56504411647182,-19.984859873622465,200.59358509474242
121.24854186624559,6.690574564478958,-93.05278707929685,-10.420109155722322,208.9414349279685
125.16826002388243,7.947901527972604,-89.40850873492984,-0.8567603284467928,216.75846957777892
128.98178294466652,9.228524255108482,-85.64859087804513,8.676653209023968,224.0228576310884
132.69126435440816,10.528003820747188,-81.79145857263265,18.152010730572393,230.7142582944429
136.29507378994072,11.83829917105318,-77.85721114570279,27.542067062627737,236.8139554169333
139.78773371639778,13.147990624053946,-73.86717757456485,36.82090483625225,242.30497808616192
143.16002368340654,14.442632697741814,-69.84340432337919,45.964359324414914,247.1722043187329
146.399258195965,15.705231356973627,-65.80808796220803,54.95039917342149,251.4024450300944
149.4897357730101,16.91683447035261,-61.782968905796395,63.75944736152435,254.98450630699446
152.41334745003144,18.057218285975793,-57.78870612475612,72.37462865993314,257.9092289723979
155.1503241742994,19.10564731087716,-53.84425549345504,80.7819326569846,260.1695054682289
157.68009455497966,20.041680352886246,-49.96627634209386,88.97028489771907,261.76027511843665
159.98221765756122,20.8459918884718,-46.168591594511696,96.93152269658789,262.6784998033029
162.03735033023995,21.50117557229997,-42.46172645633409,104.66027646690787,262.92312290803255
163.82820522544412,21.99249578946241,-38.85254888243344,112.1537617187606,262.49501504542104
165.340454468287,22.30855380829172,-35.344031978845905,119.41149094384683,261.3969104485329
166.56353497069153,22.441837394525592,-31.93515414232951,126.43491818279813,259.63333805758384
167.49131473206683,22.389126689933292,-28.62094725666026,133.22703194307383,257.2105511790197
168.12258501916716,22.151734641203433,-25.392696880718034,139.79191413949914,254.13645918904584
168.46135086421793,21.7355670897889,-22.238291390589694,146.13428376235697,250.4205641238189
168.51690151928375,21.15099550516466,-19.14270985144765,152.25904400582016,246.0739041967531
168.3036528987302,20.41254388064185,-16.08863141174548,158.1708506474352,241.10900537512828
167.84076508059823,19.53840006359104,-13.057142662709651,163.87371765607617,235.5398412055938
167.15154901162327,18.54977027233896,-10.028514102184218,169.37067347344407,229.3818001739956
166.26268703860245,17.470103265774256,-6.983012944352339,174.66347835419148,222.6516590864078
165.2033011627759,16.324217114753665,-3.9017173048024603,179.7524097761302,215.36756032137842
164.00391044249506,15.137366378790162,-0.7672964361551635,184.63611946409839,207.54899036894108
162.69532431789528,13.934290417032571,2.4352767580719075,189.31156221716907,199.21675686250552
161.30752150356892,12.738284381232077,5.718111325720798,193.77399367190066,190.3929613290644
159.86856435537877,11.570333108940929,9.089907382001101,198.01703152103127,181.10096511684202
158.4035962979788,10.448344756185406,12.555607838365432,202.03277264111094,171.36534637758558
156.9339651958511,9.386515810256327,16.1162046454294,205.81195712190132,161.21184654117957
155.47650880310087,8.394852447165249,19.76870380975472,209.34416934809877,150.6673053736918
154.04303009185338,7.478865470981717,23.506245833358278,212.6180660329213,139.75958440395337
152.63998087026042,6.639447770291596,27.318371099737234,215.6216213828231,128.51747918769541
151.2683622300897,5.872934840870428,31.191413494716286,218.34238029762832,116.97062150691221
149.9238405767381,5.171340922089854,35.10900052895917,220.76771157938833,105.14937313879844
148.59706881343902,4.522756092864142,39.05263464698289,222.88505442781198,93.08471324686974
147.27419412219868,3.9118836076617924,43.00232838113605,224.6821529324667,80.80812173136505
145.9375270519352,3.3206920648233478,46.93726554407515,226.14727473151495,68.35146102192572
144.56634152021232,2.7291538243910907,50.836461653215856,227.26941140487145,55.74685880758685
143.13777197085756,2.116039463082899,54.67939906155874,228.03845943275638,43.026594089539195
141.62777230385748,1.4597379062288667,58.44661558059505,228.44538162177216,30.22298872858497
140.01210120362717,0.7390730652103201,62.120229428926336,228.48234973998157,17.368306362449385
138.26729995220794,-0.06590987384156222,65.68438781240864,228.14286968664192,4.494660209910688
136.37163148054464,-0.9732121683034762,69.12563103026585,227.4218908432186,-8.366069120023337
134.30595300302227,-1.9982230975074486,72.43316842392593,226.31590131591375,-21.18230511597789
132.0544988043867,-3.1531511103991647,75.59906649985243,224.82301060442506,-33.92283587703602
129.60555431863264,-4.446556019971922,78.61835297588263,222.94302084612931,-46.556863796784974
126.95200729662942,-5.882989623476291,81.48904319362921,220.67748722804794,-59.05404496553051
124.09176638228286,-7.462748339950437,84.21209724009479,218.0297674777213,-71.38451921273216
121.02804163256913,-9.181738110715713,86.79131722185767,215.00505959230145,-83.5189320549697
117.76948530324233,-11.031448984885657,89.23319448075716,211.61042620188488,-95.42845012037564
114.33019450959219,-12.999034543369405,91.54671622192807,207.85480325086695,-107.08477188275569
110.72958013856542,-15.0674895907147,93.74314016931531,203.7489900834052,-118.46013575103014
106.99210865481152,-17.215918317405226,95.83574462012237,199.30561759750745,-129.52732771475874
103.14692526156081,-19.419884331177357,97.83955979971692,194.53909094297643,-140.2596908358229
99.22736832347977,-21.65183348156485,99.77108488461897,189.4655033283562,-150.6311388909734
95.27038612079924,-23.881580155921768,101.64799361557326,184.10251790475047,-160.61617640094875
91.31586797194923,-26.07684760745076,103.48883019815841,178.46921542633388,-170.1899271216997
87.40590261758139,-28.20385279601689,105.31269629052625,172.58590644436157,-179.32817281662503
83.583977567939,-30.227926107660352,107.13892937924633,166.47390814629577,-188.00740377405907
79.89413392101174,-32.114156118484054,108.98677278078313,160.1552875529669,-196.2048820847661
76.38009197683128,-33.82804925911204,110.87503787581423,153.65257455962353,-203.89871815889927
73.08436379100748,-35.336193821042734,112.82175994761567,146.9884501555229,-211.06796035604552
70.04736958781402,-36.60691725655896,114.84385008205217,140.1854169692561,-217.692696947344
67.30657562515132,-37.61092521357089,116.956746895796,133.26546094130794,-223.75416895280955
64.89567158740175,-38.32191028837848,119.17407327181856,126.24971429773454,-229.23489173235512
62.843805783553854,-38.71711815696542,121.50730466660734,119.1581309729687,-234.11878259105967
61.174896251177614,-38.777858646897336,123.96545678041898,112.00918610617869,-238.39129112455376
59.90703522375656,-38.489949520418115,126.5548013273077,104.81961114072287,-242.03952861386756
59.05200323852678,-37.844081325438424,129.27861920060909,97.6041753499859,-245.05239251156019
58.614907398797115,-36.83609268542924,132.13700042265128,90.37552329414439,-247.4206819664216
58.59395594538141,-35.4671468668133,135.12669984688833,83.14407582177202,-249.1372004275703
58.98037835931853,-33.74380237910036,138.24105663368076,75.9179998492452,-250.19684165470753
59.75849677358468,-31.677972693866224,141.46998407075833,68.70324939823159,-250.59665593231256
60.905950612649164,-29.286772849278925,144.80003441325192,61.50367739546786,-250.33589392258702
62.39407223544094,-26.592253646463647,148.214541163136,54.32121470763012,-249.4160263649256
64.18840708488901,-23.621027230899735,151.69383870447297,47.15610997324446,-247.8407386993056
66.24936761753614,-20.403790960474744,155.21555658508765,40.00722117420853,-245.61590061114606
68.53300627783537,-16.97475945981467,158.7549831202693,32.87234771489837,-242.7495114160886
70.99188916720746,-13.371017517905386,162.2854905210678,25.748590171482395,-239.25162307463643
73.57604899620696,-9.631808882462188,165.77901153999238,18.632723924624962,-235.13424340164207
76.23399353323822,-5.797777936246405,169.2065557847187,11.521572638306562,-230.41122267354046
78.91374417688418,-1.9101826262042323,172.5387524575593,4.41236799316296,-225.0981273053183
81.5638785450102,1.9899021991166705,175.74640539060468,-2.696916822688314,-219.21210454881714
84.13455111539797,5.862371731291944,178.80104589140302,-9.807270705840452,-212.7717422455713
86.57846695151851,9.668849577955115,181.67546909186404,-16.91839405352853,-205.79692755472325
88.85178534554636,13.373399789765557,184.3442401777945,-24.028500341724648,-198.3087082850559
90.91493271634326,16.94317635532844,186.78415801932272,-31.1341736507647,-190.32916001513047
92.73330719141532,20.348996042189583,188.97466525588538,-38.23028337161832,-181.88126162027885
94.27786083609708,23.565822890716227,190.89819573205824,-45.30995491554637,-172.98878117806507
95.52554931465819,26.573155358879774,192.54045224206948,-52.36459310309317,-163.67617353579462
96.45964271669246,29.355309959273747,193.89060972758216,-59.38395312086989,-153.96849013501026
97.06989520210304,31.901598114650064,194.9414412927535,-66.35625257196624,-143.8913010362112
97.3525748651687,34.20639577966417,195.6893665659269,-73.26831724184001,-133.47062850465616
97.31035866693126,36.26910803921262,196.13442397140875,-80.10575275907593,-122.73289103075926
96.9521003334502,38.094033316492094,196.28017031305134,-86.8531343243113,-111.70485628435948
96.2924816904206,39.69013394244078,196.13351266403959,-93.49420706221994,-100.41360125104534
95.35155995626099,41.0707216072485,195.70447887070793,-100.01209025417754,-88.88647767295116
94.15422502893155,42.25306760862166,195.0059339951842,-106.38947965472141,-77.15108091095082
92.72958178660416,43.25794882447251,194.05325074090854,-112.60884319903927,-65.23522044880542
91.11027291310037,44.10914098179312,192.86394233986627,-118.65260658737459,-53.166890456500546
89.33175780976107,44.83287109659432,191.45726655640752,-124.5033264061768,-40.97423910004426
87.43156283464965,45.45724096242015,189.85380941518955,-130.14384954466578,-28.685535606862977
85.4485174950897,46.01163331645861,188.0750570320177,-135.55745863070015,-16.3291344469652
83.42199039079914,46.52611186672039,186.142963561279,-140.72800399659593,-3.933436348231477
81.39113773998578,47.030825775820915,184.07952281715248,-145.64002326366187,8.473153791243325
79.39417628963304,47.555428517842266,181.90635061928032,-150.27884998835054,20.862271718551842
77.46769137191745,48.12852029900724,179.64428439230625,-154.6307129419497,33.20564072983527
75.64598986430468,48.777122495213575,177.31300603934847,-158.68282751169676,45.47511982029669
73.9605068675845,49.526191833060196,174.93069362876653,-162.42348043786728,57.642752105566046
72.43927404263638,50.39818133648402,172.513706987393,-165.84210867250198,69.68081248366998
71.1064567350731,51.41265437672886,170.07631187696012,-168.92937260268366,81.56185352984558
69.98196624420368,52.58595748592311,167.63044702917622,-171.6772232722601,93.25874871716276
69.08115282428389,53.93095690158177,165.18553790615695,-174.0789626117448,104.74473222975905
68.41458419906726,55.45684307190368,162.74836060834966,-176.12929509906306,115.99343487404902
67.98791347907328,57.16900653786426,160.32295884059306,-177.8243687746555,126.978915885183
67.80183934995802,59.06898768667577,157.91061623788016,-179.16180316991364,137.67569075654347
67.85216021155702,61.15450181596654,155.50988561909207,-180.14070151790372,148.05875557182924
68.12992256324395,63.419539741444716,153.11667586001948,-180.76164463038572,158.10360867272718
68.62166234018935,65.85454281744194,150.7243960473559,-181.02666406400365,167.7862708291874
69.30973611337569,68.44664972890675,148.32415539677638,-180.93919266623826,177.08330537220814
70.1727371009564,71.1800107809937,145.90501610895637,-180.50399127816414,185.97183997954681
71.18598884816755,74.0361637011539,143.4542949308036,-179.72705125045067,194.42959195336863
72.32210728642488,76.99446323744996,140.95790773335037,-178.61547346028166,202.43489887894688
73.55161976623845,80.03255515831522,138.4007499736265,-177.17732564505732,209.9667564928807
74.84362767364739,83.12688371583131,135.76710454636918,-175.42148102782068,217.0048654112547
76.16649749451393,86.25322031457533,133.04106732940795,-173.35744232585037,223.52968807239245
77.48856379486378,89.3872001181771,130.20697976167108,-170.995156231534,229.52251684245496
78.7788266416648,92.50485270565716,127.24985713788546,-168.34482425976273,234.96555372939312
80.00762558575312,95.58311272530756,124.15580102161633,-165.4167164030652,239.84200157316695
81.14727253388276,98.60029683137884,120.91238431465797,-162.22099427238226,244.13616595544443
82.17262668853184,101.53653404925225,117.50899810160865,-158.76755029382235,247.83356643276605
83.06159623719287,104.37413809066777,113.93715041515512,-155.06586906775024,250.92105507902136
83.79555359636323,107.09791199442931,110.19070851553883,-151.12491618773345,253.3869397623836
84.3596536918457,109.69537773276055,106.26607809623047,-146.95305869879112,255.2211091132703
84.7430478846909,112.15692600541126,102.16231494245613,-142.5580200049236,256.41515579395036
84.93898960056285,114.47588422746139,97.88116688538297,-137.9468704915206,256.96249448119556
84.94483133704674,116.64850357253167,93.42704630373098,-133.12605349882423,256.8584709366578
84.76191634343496,118.67386872436703,88.80693581027218,-128.101444664933,256.1004586715601
84.3953717233704,120.55373658249492,84.03023200735143,-122.87844114738508,254.68794000872148
83.85381284318899,122.29231243916618,79.10853419546136,-117.46207592024399,252.6225687916378
83.1489715969302,123.89597399164711,74.05538657945309,-111.85715130392137,249.9082125638884
82.29526316881167,125.37295489865153,68.88598376656553,-106.0683851733956,246.5509727114878
81.30930736529945,126.73300038526332,63.616850142898656,-100.1005629395974,242.55918178950296
80.20942131944153,127.98700763275303,58.26550403157789,-93.95868841626744,237.9433780029727
79.0151003969759,129.14666337638172,52.850117385765834,-87.64812705368809,232.7162575414058
77.74650349192268,130.22409032357086,47.38918118779779,-81.17473570221706,226.89260613887404
76.42395765799623,131.2315127698312,41.901185769191876,-74.54497400510581,220.48921181579098
75.06749527818548,132.1809502226794,36.40432400925851,-67.76599364110777,213.52476122847037
73.69643484538733,133.08394604820302,30.91622389777846,-60.84570286522175,206.01972239109156
72.3290140408916,133.95133623896896,25.453715349794003,-53.79280505187081,197.9962167332195
70.98208128653744,134.7930614704863,20.032634526620576,-46.61681115487693,189.4778835145414
69.67084943705161,135.61802376189928,14.66766732859632,-39.32802709831781,180.48973954520687
68.40871288556666,136.43398736579238,9.372232252465356,-31.93751805066183,171.058036970197
67.2071271737838,137.2475220445753,4.158401505776453,-24.457052275946467,161.21012158997604
66.0755483029705,138.06398568933352,-0.9631418178008104,-16.899027781226074,150.97429383146684
65.02142738337162,138.88754232326016,-5.983113551560329,-9.276385286179778,140.3796740790617
64.05025506391902,139.7212109084482,-10.893608917348217,-1.6025111401370395,129.4560736509416
63.16564935479827,140.56694002746153,-15.68805767121789,6.108866272705852,118.23387228587355
62.36947997574665,141.4257034113356,-20.361158127840824,13.843783335117083,106.74390261156356
61.66202219960136,142.29761139484492,-24.90879422932595,21.588148250713527,95.01734171550363
61.04213326783589,143.18203365294596,-29.327939641080583,29.327845818402906,83.08560964651124
60.5074447788929,144.07772896151732,-33.61655255782327,37.04883785387923,70.98027444895438
60.054564933599146,144.98297818384367,-37.77346452477323,44.73725764129838,58.73296317620727
59.679285107790506,145.89571716832694,-41.79826615868763,52.37949722299406,46.37527824542076
59.37678585726839,146.81366671519407,-45.691192223429454,59.962286704050626,33.938718478530085
59.141838097881816,147.73445720065473,-49.45300810287815,67.47276504537105,21.45460421765305
58.968995806288156,148.6557458148692,-53.08489934210846,74.89854203486085,8.95400599724182
58.852777127494775,149.5753246631559,-56.58836561128804,82.22775126019592,-3.532323610824416
58.78783123732496,150.49121819512015,-59.965120194642815,89.4490939639418,-15.974015202173378
58.76908868619263,151.40176856936733,-63.21699592162383,96.55187365402048,-28.341144843324603
58.791893250098056,152.30570764532416,-66.34585833560578,103.52602128596214,-40.60429334709709
58.852113549843544,153.20221433790397,-69.35352682830893,110.36211074795179,-52.73460223148621
58.946232891870046,154.09095609952817,-72.2417044423357,117.05136428753109,-64.70382593639694
59.071415960984744,154.97211333450224,-75.01191704306243,123.58564744293031,-76.4843797714041
59.225551186612236,155.84638563094342,-77.66546256561142,129.95745300484793,-88.04938301180249
59.4072678403678,156.71497884213994,-80.20337103292397,136.15987355649932,-99.37269655667257
59.61592723141199,157.57957228560056,-82.62637599776437,142.18656223788238,-110.42895461621302
59.851587769593166,158.44226567167615,-84.93489796771172,148.03168156667707,-121.19359000799406
60.11494417928418,159.3055058342958,-87.12904021440404,153.68984042913917,-131.6428528116199
60.40724177342532,160.1719939143863,-89.20859713816728,159.1560197288088,-141.75382235371754
60.73016743023143,161.0445743315625,-91.17307505475463,164.42548764009183,-151.5044127617693
61.08571973431033,161.92610764995095,-93.02172489751274,169.49370594088407,-160.8733726242287
61.476061616971755,162.81933026660727,-94.75358589879595,174.35622946850583,-169.8402796104851
61.90335971317893,163.7267046828282,-96.36753884930502,179.0086013242705,-178.38553121979606
62.36961549131969,164.65026490844235,-97.86236706030783,183.44624700619502,-186.49033312369625
62.876493946990415,165.59146224034168,-99.23682270371613,187.66437113511978,-194.13668682089815
63.42515622125808,166.55101719091414,-100.48969581409749,191.65786081423985,-201.30737851723612
64.01610284799071,167.52878366426893,-101.61988294069428,195.42119988513727,-207.98597125714463
64.64903440201508,168.52363154016797,-102.62645226957848,198.9483983795427,-214.15680235210863
65.32273607095652,169.53335359132274,-103.50870202367656,202.23294128861525,-219.8049880645863
66.03499208675387,170.5546021092489,-104.26620911032478,205.26776036552894,-224.9164373078233
66.78253502682162,171.58285974653796,-104.89886532986212,208.0452320416517,-229.47787581412624
67.56103375146239,172.6124479199521,-105.40689897920863,210.55720368623946,-233.47688181494726
68.36512222855268,173.63657470159953,-105.79088036241467,212.79504940487146,-236.90193378105542
69.18846977585088,174.64742251744087,-106.05171052354845,214.74975539832562,-239.74247021210874
70.02389141123169,175.63627425360423,-106.19059340215694,216.41203364949368,-241.98896086951555
70.86349514084678,176.59367463398377,-106.20899252519325,217.77246143876715,-243.63298824586843
71.69886124075627,177.50962207633432,-106.10857423397296,218.82164298040516,-244.6673374915147
72.52124700437693,178.37378475687308,-105.89114024194343,219.5503883957269,-245.08609250681604
73.3218091333123,179.17573340582666,-105.55855297435191,219.9499043599044,-244.88473548741882
74.09183502408871,179.90518249423025,-105.11265760828559,220.01199013325643,-244.06024690471628
74.82297370730302,180.55223101082802,-104.55520497741975,219.72923235573327,-242.6112027332396
75.50745716118932,181.10759399739464,-103.8877795117946,219.09519196682245,-240.5378657115097
76.13830315168126,181.56281641399602,-103.11173614760591,218.10457691431185,-237.84226754459775
76.70949161913846,181.91046171782415,-102.2281496809004,216.75339491576602,-234.5282792180003
77.21610788383578,182.14426870969783,-101.23777938354621,215.03908139886542,-230.60166697775267
77.65444750058147,182.25927165881365,-100.14105089428591,212.9605988176251,-226.07013201807928
78.02207936268078,182.2518803704327,-98.9380564958266,210.51850475591095,-220.94333247696207
78.31786553195244,182.11991861501218,-97.62857394948963,207.7149875157517,-215.2328869399579
78.54193814754288,181.86262109086914,-96.21210314083177,204.553869172486,-208.95235926050506
78.69563553989929,181.48059075064373,-94.68791894756455,201.0405772923122,-202.11722508897884
78.78140125786848,180.97571980089194,-93.05513802141186,197.18208758938357,-194.7448210341184
78.802651034397,180.35107891667676,-91.31279661346326,192.98684070045306,-186.85427783540496
78.76361371929043,179.61078015172924,-89.45993619004327,188.46463694123509,-178.4664392856919
78.66915286885244,178.75981964400574,-87.49569339121207,183.62651336211198,-169.60376889900385
78.52457599827466,177.80390651244792,-85.41939087146548,178.48460763951135,-160.29024646499062
78.33543849129015,176.74928432973147,-83.23062571486011,173.05201333576917,-150.55125667183472
78.10734885901627,175.60255127115045,-80.92935240807074,167.34263085955754,-140.4134719220705
77.84578149617647,174.37048452799024,-78.51595775170873,161.371018095453,-129.90473132441244
77.55590235708944,173.05987388986244,-75.991325556051,155.152244185568,-119.05391763620958
77.24241212869744,171.67736860334375,-73.3568894654738,148.7017493817259,-107.89083367480151
76.90941057523094,170.22934076218942,-70.61467275207242,142.03521328642034,-96.44607943181097
76.56028482506915,168.72176763104994,-67.76731438388113,135.1684332044531,-84.75093083170069
76.19762351241357,167.16013449607547,-64.81808108387656,128.1172137689701,-72.8372207927479
75.82315791065417,165.54935890815415,-61.7708654372531,120.89726851284641,-60.737222990517225
75.43773052433454,163.8937365627334,-58.63017036878304,113.52413364820522,-48.48353850359301
75.04129105307639,162.19690855758282,-55.401080499452206,106.01309400419692,-36.10898534811726
74.63291920216949,160.46184938873992,-52.08922100887581,98.37912085881806,-23.646490787511127
74.21087347849945,158.69087477750787,-48.700704689656874,90.63682127983802,-11.128986239209125
73.77266485613856,156.88566825166225,-45.24206789852957,82.80039855167793,1.410695409294119
73.31515399620793,155.0473253095481,-41.720196106170434,74.88362329299963,13.939920220796353
72.83467053008917,153.17641394989138,-38.1422397433186,66.899814943512,26.426351423356074
72.32715273271843,151.2730503243767,-34.51552105533826,58.86183339536616,38.838045353375385
71.78830569476672,149.33698823615572,-30.847432728606293,50.78208064083403,51.143544908286884
71.21377582495208,147.36772113960382,-27.14532915512455,42.672512380501466,63.31197012243156
70.5993391595206,145.36459517333924,-23.41641136717145,34.544659563684945,75.31310530840288
69.94110051687835,143.32693156423468,-19.66760690717787,26.409659797231335,87.11748204414019
69.23570001345011,141.25415646672656,-15.905446198933774,18.27829844686262,98.69645714656133
68.48052286507948,139.14593594943543,-12.135937347885793,10.161059059139802,110.02228466799843
67.67390776082743,137.00231341930046,-8.36444170729441,2.0681824510587656,121.06818089376051
66.81534844771662,134.82384630074884,-4.59555298329456,-5.990266545232222,131.80838131771608
65.90568255009663,132.61173829148026,-0.8329830892594003,-14.00432611874583,142.21818863566364
64.94726111767883,130.36796303298445,2.9205416332761587,-21.964060198814646,152.27401092807162
63.94409200850466,128.0953746052105,6.663369869271065,-29.859479237450213,161.95338940595798
62.90195002523373,125.79779992759703,10.394996266253926,-37.68046189161106,171.23501536336448
61.82844679078732,123.4801079713551,14.116109564068275,-45.41668083710654,180.09873630987852
60.73305372137879,121.14825070717615,17.828613715526732,-53.05753623883665,188.52555163530863
59.627072168969114,118.80927096981759,21.535618089561442,-60.59210055355584,196.4975985697612
58.52354588333302,116.47127294847017,25.24139337453876,-68.00907831647217,203.9981296259876
57.43711238905032,114.14335182860091,28.951290568487508,-75.29678433489201,211.0114831238412
56.383791665463725,111.83548021995873,32.67162145259127,-82.44314326508318,217.52304877393684
55.380712614560814,109.55835039053724,36.409500176147596,-89.4357128807295,223.5192306136051
54.4457801352814,107.32317295104693,40.17264700044377,-96.26173246683119,228.9874098186671
53.597288102668884,105.14143444188537,43.969156804101985,-102.90819672231592,233.91591003810885
52.85348606700444,103.02461818873081,47.807236576688425,-109.36195437473582,238.29396789889128
52.23210991793551,100.98389472191093,51.69491774178117,-115.60982946223541,242.11171119473886
51.749888970551346,99.02978989566736,55.63975066787688,-121.63876199331592,245.36014700331134
51.42204379395449,97.17184048846133,59.648490055259245,-127.43596353181324,248.03116157655174
51.26179049690736,95.4182484087144,63.7267809418545,-132.98908225169652,250.1175333337381
51.27986800627961,93.77554557564865,67.87885577320955,-138.2863712370991,251.61295967851464
51.48410504492093,92.24828201304524,72.10725326846664,-143.31685332922828,252.51209768958333
51.879042991302995,90.83874962915894,76.41256964388441,-148.0704756883887,252.81061803482515
52.46562957605779,89.54675353188858,80.79325211139187,-152.53824746985566,252.50527076844847
53.24099647180337,88.3694415497115,85.2454434624797,-156.71235460619803,251.59396102894968
54.19833133242499,87.30120093383255,89.76288501601914,-160.58624662038508,250.0758320987229
55.326851841329045,86.33362907473014,94.3368833169482,-164.15469161433012,247.95135284586163
56.611885969249016,85.45558257345783,98.95634380819958,-167.41379701654535,245.22240626992232
58.03505907574142,84.65330628250014,103.60787236466516,-170.36099524487653,241.89237573234473
59.57458488042901,83.91064110415246,108.27594318926751,-172.99499505108116,237.96622547525251
61.20565384653801,83.20930654253536,112.94312924370948,-175.31570086632968,233.45057221582593
62.900909316647635,82.52925138065648,117.59038923119729,-177.32410386856293,228.3537449339803
64.63099895565443,81.84906351600983,122.19740326403488,-179.02214966373867,222.68583042683724
66.36518679825339,81.14642803679169,126.74294781549071,-180.4125883503635,216.45870275575496
68.07200954439693,80.39862113023744,131.20529942988645,-181.49881327878632,209.68603532720005
69.71995973676913,79.58302643020866,135.5626559789373,-182.28469500560664,202.38329499196598
71.27817809355616,78.67765994826202,139.79356401134504,-182.77441678528817,194.5677181828512
72.71713752764413,77.66168977718695,143.87734092703016,-182.97231746411342,186.25826970607156
74.00930219997306,76.51593726858272,147.79448127598758,-182.8827468936293,177.47558532796194
75.12974624655884,75.22334730534392,151.5270373760374,-182.5099380241495,168.2418997334021
76.05671848567104,73.76941653935403,155.058965593174,-181.85789874565228,158.58096176020342
76.77214134534339,72.14256995872891,158.3764309560205,-180.9303253894873,148.51793902602932
77.2620343424305,70.33447779957444,161.46806420471125,-179.7305386642177,138.0793141599515
77.5168545898128,68.34030654006149,164.32516683156274,-178.2614417409371,127.29277483489484
77.53174891735327,66.1588994340963,166.94186109236117,-176.52549928556255,116.18709968080967
77.30671419102691,63.79288369528427,169.31518330138692,-174.52473550276002,104.79204195693497
76.84666424935654,61.248702982123646,171.44511993307825,-172.26074873822355,93.1382125936215
76.16140351416496,58.536575232062745,173.3345871162837,-169.73473989724943,81.25696390027001
75.2655087619106,55.67037713158817,174.9893550158032,-166.94755187688185,69.1802748972991
74.1781217698088,52.667457593480464,176.4179193561269,-163.8997173611809,56.940638887227536
72.92265660107206,49.54838355528407,177.63132297069183,-160.59151266689054,44.570953552383884
71.52642620163058,46.33662223900663,178.64293078143464,-157.02301581248554,32.10441357169324
70.02019378992794,43.058164751031896,179.46816205762002,-153.19416757224636,19.574405500995724
68.43765527793323,39.74109658514121,180.12418420093655,-149.10483491884756,7.014404472120634
66.81485970919717,36.41512125026835,180.62957268486414,-144.75487690097162,-5.542127855955369
65.18957547570658,33.11104390250378,181.00394216459668,-140.1442135950245,-18.061844710222026
63.60061090570828,29.860222533739176,181.2675541861997,-135.2728992633824,-30.511615572873747
62.0870987117662,26.693994962191326,181.44090736776582,-130.14120120210856,-42.85862800161549
60.68775474811025,23.643090575782274,181.5443163983041,-124.74968593236684,-55.0704902317718
59.44012252753288,20.737036478410793,181.59748668847234,-119.09931435483242,-67.11533466758299
58.379815952552676,18.00356835030484,181.61909198743933,-113.19154722932608,-78.96192209923719
57.53977366959862,15.46805691549001,181.626362719773,-107.02846185937517,-90.5797461781865
56.94953929236233,13.152961363173993,181.63469315618985,-100.61288016404198,-101.9391373631708
56.63458238623831,11.07732134253181,181.6572757691397,-93.94850743232227,-113.01136523221054
56.615675480983754,9.256299188568256,181.70477119440363,-87.04008001849313,-123.76873776209366
56.908342406096125,7.700783790864094,181.78502208140867,-79.89351910384036,-134.18469592768747
57.522392852794226,6.417066945182469,181.90281873169758,-72.51608648747688,-144.23390178910975
58.46155720094182,5.406602099926303,182.0597237697449,-64.91653725246009,-153.89231813433517
59.72323427007801,4.665854109953415,182.2539621474608,-57.10526316538315,-163.13727774385964
61.29836274509695,4.18624694129781,182.4803815515171,-49.09441989180661,-171.94754045391034
63.17142459958089,3.9542142529622737,182.73048677469407,-40.8980306260856,-180.30333642134386
65.32058593200793,3.9513554565730615,182.99254985838724,-32.532058612368246,-188.18639433580006
67.7179773095067,4.15469728073888,183.25179585881693,-24.01444132778428,-195.5799537747837
70.33011207520282,4.537058120893519,183.4906619946334,-15.365079841346697,-202.46876143936962
73.1184372374778,5.067509628139973,183.68912577166893,-6.605778058644532,-208.83905161893784
76.04000766108277,5.7119271836996575,183.82509553470777,2.2398718111889657,-214.6785118830451
79.04827047271294,6.433618226701668,183.8748548558461,11.14665922913395,-219.97623565240613
82.09394303498219,7.194014961080953,183.81355032609784,20.08798011468717,-224.72266392087934
85.12596468788638,7.95341586667638,183.61571076049503,29.0361133593303,-228.90951894736128
88.0924998503053,8.671758774896347,183.25578463875695,37.962543470971696,-232.52973317359388
90.94196814089854,9.309407119861433,182.70868185266698,46.83832135745422,-235.57737691837252
93.62407601617029,9.827930401102094,181.9503055692667,55.63445311634368,-238.04758852512768
96.0908240984412,10.190859928960577,180.95806027589438,64.32230495679846,-239.93651058221351
98.2974649047482,10.364401577043424,179.7113228539699,72.87401116085076,-241.24123558826983
100.2033870756794,10.318088517261742,178.19186481143313,81.26287139045148,-241.95976400543344
101.77290438633514,10.025358713504076,176.3842155393986,89.46372372036478,-242.09097704942093
102.97593070731935,9.464044224687825,174.27595857135645,97.45328053961357,-241.63462583696847
103.7885255459044,8.616762018734931,171.8579552145394,105.21041588462315,-240.59133768628823
104.19329868408907,7.47119891004607,169.1244924762056,112.7163947704865,-238.9626394901714
104.17966657206435,6.0202862774872585,166.07335479466053,119.95503755873452,-236.75099720273585
103.74395735647877,4.262263267286471,162.7058215742593,126.91281519555456,-233.95986964839122
102.88936555073897,2.2006301097385688,159.0265947889931,133.5788741082923,-230.59377412098266
101.62576123140224,-0.1560041332622859,155.04366284778277,139.94499248687225,-226.65836063163164
99.96936213597246,-2.7941727151489175,150.76810841520154,146.00547243186028,-222.16049121612443
97.94228003937985,-5.695892612992566,146.21386889133325,151.75697487058451,-217.10832044667987
95.57195523095258,-8.839086045171925,141.39745874420436,157.1983061025453,-211.51137321698516
92.89049477046773,-12.198070876383113,136.33766286372568,162.33016624614413,-205.38061598023586
89.93393147732947,-15.744108047045998,131.05520960843455,167.15487067147927,-198.72851790346763
86.74142134072322,-19.445993905910726,125.57243131917315,171.6760557109378,-191.56909883445462
83.3543972973739,-23.270685381629647,119.91291887774159,175.8983795725295,-183.91796152952935
79.81569719283138,-27.183946219582964,114.10117551357182,179.82722850708788,-175.7923062269067
76.1686833173727,-31.151002946314918,108.16227363846808,183.46843699381407,-167.21092633368133
72.45637028405,-35.13719971965556,102.12151715005612,186.82802912221803,-158.19418468954677
68.7205772805091,-39.10864170212459,96.00411051159143,189.91198658479718,-148.76397054305428
65.00111994722084,-43.032816999852045,89.83483509386161,192.72604687631085,-138.9436379984664
61.335056358599076,-46.879187503104916,83.63773283265675,195.27553353656356,-128.75792724023574
57.756000828565895,-50.61973913816389,77.43579725897115,197.56521867333896,-118.23287030164684
54.293518517959626,-54.22948211229655,71.25067240860163,199.599216639381,-107.39568350475399
50.97261304942979,-57.68689174963598,65.1023609850252,201.38090666770748,-96.27464895680322
47.813318473478574,-60.974280545811624,59.00894436862934,202.91288152434808,-84.89898764564305
44.8304058963169,-64.07809220197335,52.98631853669778,204.19691882447896,-73.29872673895134
42.03321378509592,-66.98910873519667,47.047951553122935,205.2339715631365,-61.50456366800453
39.42560931690723,-69.70256240651162,41.204669853999484,206.0241746033384,-49.547729476334624
37.0060860524584,-72.21814525834029,35.46448193211382,206.56686429628746,-37.45985374740834
34.76800063150385,-74.53991059262819,29.832449044558444,206.86060902396778,-25.27283320372172
32.699948073590456,-76.67606280652112,24.3106130773062,206.9032491912503,-13.018705801464785
30.786271632923658,-78.63863465662159,18.897991563506654,206.69194598741058,-0.729531838316487
29.007699055611848,-80.44305422617538,13.590648965928,206.22323902113482,11.56271674576921
27.342092628197026,-82.10760755501046,8.381851638971728,205.4931136472584,23.82625805733255
25.765295747764604,-83.65280694268716,3.2623113747498653,204.49707939153149,36.02959249031638
24.252054095229365,-85.1006791849189,-1.7794808375440319,203.23026129256917,48.141585471699926
22.776985105849835,-86.47399224135872,-6.756833135948668,201.68750617718516,60.13154105495984
21.315565586008542,-87.79544281327571,-11.684349893087361,199.86350583573446,71.9692670836586
19.845104317757954,-89.08683076409632,-16.577358954000808,197.752938748281,83.62513300103892
18.345664610962242,-90.36824897032334,-21.451284969904904,195.3506314233356,95.07012169281602
16.800901266099594,-91.65731878519257,-26.320989075047496,192.65173955564924,106.27587700083956
15.198777504678024,-92.96850160842602,-31.20009878263061,189.65194811066272,117.2147487156056
13.532130238230867,-94.31251591553064,-36.10035464689678,186.3476881398983,127.85983692760534
11.799056614177797,-95.69588641900891,-41.03100168386713,182.7363666802871,138.18503757541046
10.00310101964545,-97.12064781396263,-45.998253555539165,178.8166045646022,148.16509086167997
8.153229446370299,-98.58421990700029,-51.004855976825965,174.58847545873607,157.77563391334195
6.263587007961932,-100.07946405052616,-56.04977267585954,170.0537380460919,166.9932586440421
4.353044036484006,-101.59492301431268,-61.12801261067681,165.21605210943812,175.7955752508708
2.444546065823409,-103.11523811729046,-66.23061121426751,160.08116842756021,184.16128116887901
0.5642925781589305,-104.62172907075676,-71.34477150419903,154.65708201349165,192.0702346514601
-1.2592219260013184,-106.0931140370588,-76.45416333748261,148.95413836397452,199.50353148595337
-2.996263722337158,-107.50634036910675,-81.53937136152854,142.9850831333069,206.44358274090698
-4.616966372447621,-108.83749080970524,-86.57847478176838,136.76504702375027,212.87419092528094
-6.092438751418047,-110.06272596462253,-91.54773540231282,130.31145969428812,218.78062156875603
-7.395824875482635,-111.1592218838598,-96.42236492061863,123.64388907995456,224.14966704762134
-8.503267898778251,-112.10606172942452,-101.17733851631559,116.7838055887795,228.96969951217272
-9.394735253750214,-112.88504277459654,-105.78821960980062,109.75427406143434,233.2307100337078
-10.05466878291885,-113.48136423058986,-110.2319603974842,102.57957995994501,236.92433157898202
-10.47243245390194,-113.88416736620073,-114.48764438733002,95.28479978801235,240.04384411528287
-10.64254035258624,-114.08690670418466,-118.53714052394356,87.89532901322569,242.584161009996
-10.564658521096117,-114.08753929929331,-122.36564335817471,80.43638353883739,244.54179685885907
-10.243385222933414,-113.88852774151809,-125.96207974384708,72.93249285674945,245.91481788954295
-9.68782476166344,-113.49666109465726,-129.31936933557805,65.40700423684615,246.70277706813118
-8.910979485925386,-112.92270601580478,-132.43453329077536,57.88161755469174,246.90663691178474
-7.92899260058644,-112.18090740635417,-135.30865262438397,50.37596957641907,246.52868371395556
-6.760280498999318,-111.28836380154343,-137.94668423942093,42.90728472213341,245.57243736382733
-5.4245972863296394,-110.26430708975028,-140.35714843033708,35.49010660315931,244.0425611511943
-3.9420758592493854,-109.12931893926628,-142.55170637515084,28.136121125181504,241.94477587419692
-2.3322893473956654,-107.90451746783256,-144.54464962566087,20.85407787451731,239.28578221468226
-0.6133740230404143,-106.6107472707771,-146.35232578823076,13.649812103418872,236.0731947403036
1.1987498419104945,-105.26780404720239,-147.99252545692278,6.52636516832205,232.3154900788009
3.0910289623851135,-103.89372190133412,-149.4838550832921,-0.5158029813907303,228.02197084809
5.053777232109171,-102.50414715291788,-150.84511896752736,-7.478519470357447,223.2027458855244
7.081010976254232,-101.11181739107859,-152.09473110076848,-14.365535667755285,217.86872627445345
9.170614132085085,-99.72615878354212,-153.2501743726977,-21.18211153038283,212.0316356873543
11.324337340631944,-98.35300854256707,-154.32752088999152,-27.934564191040813,205.7040327161164
13.547643731987577,-96.99446318458362,-155.3410230404197,-34.62979831932166,198.8993421930305
15.84942225297902,-95.64884703645441,-156.3027806885012,-41.274835319109584,191.63189205694394
18.241596310050454,-94.31078957420536,-157.22248569373272,-47.87635713730704,183.9169521068047
20.738660890470605,-92.97139487257469,-158.10724097795722,-54.44027847936473,175.7707710110118
23.357184817891596,-91.61848194601691,-158.9614477938656,-60.97135873171028,167.21060819096346
26.11531607436823,-90.23687133052842,-159.7867518041263,-67.47286207198033,158.25475764197745
29.03232692586272,-88.80869114813746,-160.58203619552066,-73.94627130320222,148.92256135478976
32.12823175834068,-87.31367535881532,-161.34344843331752,-80.39105806771737,139.23441070892562
35.42350402335252,-85.72942815652688,-162.06444649915613,-86.80450945067855,129.2117349746146
38.93890961232586,-84.03163167467676,-162.73585062272258,-93.18160871228761,118.8769768317591
42.695462613337874,-82.19417941987885,-163.3458876621835,-99.51496609834422,108.25355554490397
46.71449623951234,-80.18922513078596,-163.88021743068782,-105.7947944377187,97.36581907981083
51.01782745302225,-77.9871458998021,-164.32193339029254,-112.00892357185313,86.23898697521975
55.62797934970975,-75.55642907221485,-164.65153417980721,-118.1428475673687,74.8990861665472
60.568411806825196,-72.86350413674165,-164.84686729484622,-124.17979909720655,63.3728821793937
65.86369945699504,-69.87255283933516,-164.88305171968818,-130.10084626874522,51.687808162397914
71.53958802590118,-66.54534220377627,-164.73239217464686,-135.8850084362638,39.87189411250178
77.62285671783569,-62.84113499532924,-164.36430356980034,-141.50938904967168,27.95369837091704
84.14091676242369,-58.71673929204907,-163.7452698551814,-146.94932523915315,15.9622430528005
91.12108527947109,-54.12676209364092,-162.83886627599998,-152.17855548713354,3.926954542111181
98.58948969993521,-49.02413024899441,-161.6058775818225,-157.16940826392317,-8.12239043431089
106.5695809917934,-43.36093457456026,-160.0045464866863,-161.89301577397,-20.155713307829068
115.08026314839972,-37.08963934955113,-157.99098613898053,-166.31955785669456,-32.142677579638
124.13368039746744,-30.164679341573247,-155.51978710769,-170.4185415039097,-44.05272963137938
133.73274030651098,-22.544440617257905,-152.5448431159051,-174.1591213085479,-55.85513850755689
143.86848772994026,-14.193590718598342,-149.0204103165889,-177.51046538561764,-67.51903721865126
154.51747825839672,-5.085690055747692,-144.90240239700177,-180.44216987580091,-79.01346844596944
165.6393271705013,4.794018122034318,-140.1499085705883,-182.92472306126638,-90.30743768728772
177.1746275977863,15.445774307416379,-134.7269042135024,-184.9300174399182,-101.36997684412327
189.04343683451,26.852588465284327,-128.60410546577646,-186.4319049110677,-112.17022100531919
201.14452032088204,38.97782690391764,-121.76090074912356,-187.40678666081163,-122.67750072730769
213.35551769913062,51.763290824700555,-114.18727526642205,-187.83422558174914,-132.86145146208028
225.53415465858285,65.12797259346638,-105.88563066914527,-187.69756534023875,-142.69214096604358
237.52056963131633,78.9676569262008,-96.87239273054438,-186.9845367657143,-152.14021457580492
249.14075877398798,93.15550077890607,-87.1792964205288,-185.68782934737973,-161.1770572110119
260.21107034843,107.54367885123507,-76.854241323957,-183.80560354998173,-169.77496991866823
270.5436058496588,121.96612363959538,-65.96162152115446,-181.34191864833213,-177.9073577715868
279.9523158399754,136.2423235017043,-54.58205294563266,-178.30705103487958,-185.5489250399536
288.2595192877805,150.18207378920525,-42.81144730337206,-174.71767961938235,-192.67587282949967
295.3025316146579,163.59100994989362,-30.759413678315077,-170.59691807816702,-199.26609387338073
300.94006289537487,176.27669293881098,-18.54700514244294,-165.97417829209346,-205.2993589156521
305.0580464769466,188.05497130900477,-6.303865711211287,-160.8848552045905,-210.75748915397907
307.5745805769879,198.75631514109742,5.83512982583737,-155.3698302990047,-215.6245095213833
308.4437100848538,208.23180740812364,17.733617095190596,-149.4747986086732,-219.8867781664345
307.657839780912,216.35848976096514,29.25771094149107,-143.24943222662006,-223.53308830569063
305.2486487927547,223.04379161011832,40.28002967688555,-136.74640121468067,-226.5547396239059
301.2864633636538,228.22882158336805,50.68359408430968,-130.02028014220176,-228.94557752792812
295.8781342794199,231.89036522292986,60.365423085501384,-123.12637474295454,-230.7019997541281
289.1635498915736,234.04150722248184,69.23966174939714,-116.11950794482932,-231.82293101990257
281.3109894562006,234.73087494176448,77.24010137608745,-109.05280746163899,-232.30976753363913
272.51157945329584,234.04057653020675,84.32198405527983,-101.97653801150537,-232.1662941783326
262.97315415081005,232.08297624315105,90.46302300275315,-94.93701994382702,-231.3985780161184
252.91383917642062,228.99650677479758,95.6636123031907,-87.97567265893635,-230.0148423913729
242.5556733113046,224.94076019684076,99.94624241217039,-81.12821587227745,-228.02532631926934
232.1185608551383,220.09112335937988,103.35417794138759,-74.42405481585163,-225.44213402854078
221.81480785624075,214.63322988271898,105.94948923747602,-67.8858672949917,-222.2790794874904
211.84444438055476,208.75749009578652,107.81055696462995,-61.529401612427534,-218.5515304968714
202.39147647783724,202.65393465136506,109.02918789117531,-55.36348525538921,-214.27625650585065
193.62115034541634,196.5075701964158,109.7074896890343,-49.3902354354175,-209.4712837270908
185.67825180444754,190.49440009238745,109.95465286165525,-43.605454557191194,-204.15576042648166
178.6864103294064,184.7782136498206,109.88377967815605,-37.99918688477026,-198.34983447613743
172.74833133515284,179.50819738485097,109.60888451856563,-32.55640738864529,-192.07454441986945
167.94684502048824,174.81737468669542,109.24216902327773,-27.25781020035268,-185.3517244411303
164.34663554162915,170.82183860027564,108.89165079105034,-22.080662359684098,-178.20392277552435
161.9965004311843,167.62070798164854,108.6591980135603,-16.99968858236921,-170.65433230223155
160.9319859701999,165.29671105857568,108.63899617072832,-11.987954467208219,-162.726731307575
161.17824804040026,163.91728263266154,108.91644828680128,-7.017718676423101,-154.44543176369905
162.75299782473104,163.53605133654705,109.56748847350501,-2.061228871076132,-145.83523192748254
165.66940541481387,164.19459054055832,110.65827039898451,2.9085587663319075,-136.92136965870338
169.93884978358898,165.92430937916288,112.24517837960919,7.917351083915285,-127.72947259887901
175.57341874782463,168.74836746550335,114.3750991144251,12.98898962513157,-118.28550125752518
182.58807586427955,172.6835067074,117.08588650458498,18.145026011985966,-108.6156811327967
191.00242148388864,177.74170489267425,120.40695014827311,23.40439967653826,-98.74642025800016
200.84198172578468,183.93156728317112,124.35989947060912,28.783212259956436,-88.70420902132557
212.1389617470672,191.25938357451372,128.95917947730996,34.294589501170385,-78.51549975721282
224.93239873760766,199.72978783622136,134.21264025992735,39.94861883919673,-68.20656445472547
239.26764647027156,209.34596841619248,140.12199013923797,45.75234928141691,-57.80332996770855
255.19511842738612,220.10938361000444,146.6830913153952,51.70983931929965,-47.33119133417001
272.76821244825624,232.01894781834775,153.88606681107666,57.82223873451405,-36.81480520250768
292.04033888914836,245.06966286526895,161.7151981652171,64.08789093020528,-26.277866894806934
313.0609791962185,259.2506812210642,170.14860466584594,70.50244381994084,-15.742876276190781
335.8707155078515,274.54280322842925,179.1577068628012,77.05895917366942,-5.230899294347146
360.49519736675296,290.91543016693424,188.70648965123803,83.74801251621832,5.238666260554799
386.938051490849,308.3230199930823,198.75059330932922,90.55777806470277,15.64831063081082
415.1727968446281,326.7011233648283,209.2362743719079,97.47409565321965,25.982606052858685
445.1339009347218,345.96211405142384,220.0992918636872,104.48051901845395,36.22836216052073
476.7072037850525,365.9907692739434,231.26378777595426,111.55834711868671,46.374729521634094
509.72004093561145,386.6399002913645,242.64124313810345,118.68664225995312,56.41323790398357
543.9315112322315,407.72627906321054,254.12960180860887,125.8422406531435,66.33775646816038
579.023451744377,429.0271495373693,265.6126622167307,132.99976258576675,76.14436450026065
614.5927908998451,450.27764760448116,276.9598416290855,140.1316306336324,85.83112361381605
650.1460396178264,471.1694769322006,288.02641694668927,147.20810523877415,95.39774561287307
685.0967350056762,491.35119332691806,298.6543394625295,154.19734751961005,104.84515440313682
718.7666576739487,510.43043271577756,308.6737075074568,161.0655193336373,114.1749453807991
750.3915884533161,527.978372816187,317.9049598786763,167.77693035194517,123.38875145312645
779.1322424809351,543.5366430298672,326.1618242316663,174.29424119181695,132.4875309998892
804.0908120698963,556.626790166712,333.2550186568657,180.57873044721958,141.47079933747347
824.3332647320606,566.7622711234746,338.9966625691559,186.59063171598527,150.33583119542322
838.9171873979175,573.4627826587083,343.2053066470953,192.28954441491277,159.07686690820543
846.9245593249766,576.2705613264817,345.71144340916896,197.63491928767107,167.6843589960859
847.4984003234749,574.7681050462198,346.3633132501963,202.5866160659609,176.14429811249357
839.8818114372544,568.5965958742178,345.03277895099006,207.10552680827348,184.43765759024055
823.4575412793945,557.4741570667625,341.621008553342,211.15425413544102,192.5399937522197
797.7859141391357,541.212972456328,336.06368564253944,214.69782909360595,200.4212346383996
762.6387849313961,519.7342470425706,328.33546057486114,217.7044489515737,208.04568289261817
718.0271734339481,493.08000590865606,318.45336823810806,220.1462111834777,215.37224949681502
664.2203970632461,461.42082070404086,306.4789685698127,221.99981653912064,222.3549242774886
601.7548735027117,425.0587194998822,292.5190148965818,223.2472118141691,228.9434772529921
531.431289994445,384.4247704996885,276.7245202844686,223.87614202941708,235.08437268773213
454.29950496608996,340.07111966031374,259.2881700872975,223.88058248257877,240.7218659941894
371.6313131167873,292.65758736490227,240.44011501208692,223.26102372172016,245.7992432084558
284.8820073619112,242.93326583477526,220.44226756979222,222.02458695315892,250.2601544269323
195.64244293316375,191.71388038121245,199.58130950245436,220.18495363543678,254.04998696253895
105.58398263716474,139.85595731898565,178.1606924473612,217.762100763663,257.1172214935772
16.39921665035886,88.22905555766692,156.4919730704512,214.78184220386837,259.4147153334993
-70.25834239981567,37.687448953293696,134.88586264294108,211.27518585845354,260.9008610826951
-152.83231672271754,-10.957318928904215,113.64338656244709,207.2775258101032,261.5405760174971
-229.91617141956826,-56.961649826562564,93.047540483933,202.82769724892836,261.3060870867481
-300.2978683873108,-99.67167412972707,73.35579732185592,197.96692930865703,260.1774876098782
-362.99434634203266,-138.54063607003025,54.79376606787859,192.73773637988464,258.14305388436077
-417.2744267795042,-173.14120719581737,37.5502333873123,187.18279162589027,255.1993220656665
-462.6695348664118,-203.17238060235945,21.77373773833584,181.34382706919936,251.3509370737708
-498.97241486476423,-228.46093079547813,7.570739386945149,175.26060271189453,246.61029521061792
-526.2247472355838,-248.95773707419661,-4.99463564582544,168.96998286573216,240.99701010698874
-544.6951845801868,-264.7295394625381,-15.899378223106595,162.50515154659325,234.53723721209394
-554.8497763965302,-275.946908275479,-25.159072769150953,155.8949909248286,227.26289515612487
-557.31702614887,-282.86935058598885,-32.8242871549395,149.16363800986727,219.2108230116712
-552.8499143933428,-285.8285452614153,-38.97612933122596,142.33022561803725,210.4219109805868
-542.2871413509672,-285.2106955039946,-43.72124062381212,135.4088048474636,200.94023869588028
-526.5156175974676,-281.43892219976334,-47.1864947508185,128.40843831918997,190.81225059621516
-506.4358980142017,-274.9565052634674,-49.51365548202381,121.3334467891732,180.0859921847972
-482.93185206831214,-266.2116284837043,-50.85421726828365,114.18378670688608,168.8104248996852
-456.84543328975155,-255.64411185969425,-51.36461550053217,106.95553306026528,157.03483123187428
-428.95698922298834,-243.67443910262284,-51.201949886888585,99.64144042367288,144.80831599386644
-399.97117031738304,-230.69521993311355,-50.52031922030211,92.23155540176934,132.17940454183199
-370.50817405305503,-217.065077343006,-49.467821632346045,84.71385541394523,119.19573447429325
-341.0998120745935,-203.10482619299495,-48.184233818830165,77.07489168726184,105.9038339655166
-312.1897177706857,-189.0957152197652,-46.79934754718762,69.30041806895267,92.34897746007574
-284.13691688520777,-175.2794405751256,-45.43191319259698,61.375991465213524,78.57510790973642
-257.22195608891843,-161.85960378228492,-44.1891186258153,53.28753400709925,64.62481398145447
-231.65481200062305,-149.00427699117876,-43.166517451210325,45.02185111906958,50.53935058270541
-207.58387209267693,-136.84934899527303,-42.44831288093066,36.56710325724366,36.35869150068066
-185.10537518478156,-125.5023514553456,-42.107901628018695,27.913231993224443,22.121603797658867
-164.27280979919595,-115.04650099856973,-42.20858512224747,19.052343214931355,7.865734718201918
-145.1058824172385,-105.54473460551644,-42.80436204858543,9.979051436560844,-6.372296866761092
-127.59877594883814,-97.04355897915828,-43.940725665483484,0.6907895579326322,-20.556811120035036
-111.7275153721974,-89.57657631776765,-45.655400671617485,-8.811912051639403,-34.65298531582286
-97.45633883011371,-83.16758693568583,-47.97896680027148,-18.52517444068519,-48.62678337791808
-84.74303693217207,-77.8332022343516,-50.93532924631934,-28.441545960732675,-62.44489974161226
-73.54327078540888,-73.58492914829284,-54.542009054582834,-38.549806292406444,-76.0747193335369
-63.813911818861534,-70.43070954284296,-58.81023944795451,-48.83480206448908,-89.48429451491559
-55.51546608650472,-68.37591576066981,-63.74486658562259,-59.27731981642939,-102.64233900770162
-48.6136551994507,-67.42381754699186,-69.3440653180201,-69.85400413975191,-115.51823811923428
-43.08022827117051,-67.57554702147029,-75.5988920666296,-80.53733051079381,-128.0820739962118
-38.89307708149995,-68.82959830872328,-82.49270789885743,-91.29564341944499,-140.30466417050206
-36.035722625441586,-71.1809078770657,-90.000515023133,-102.093270756343,-152.15761130575535
-34.496237466391456,-74.61957134254745,-98.08825903901106,-112.89072493017835,-163.6133618133542
-34.26566654440682,-79.12926296023775,-106.71215698006117,-123.64499977782341,-174.64527087824638
-35.33601046635907,-84.68543539228301,-115.8181170226181,-134.30996998531916,-185.22767141767912
-37.69784045466293,-91.25338938591557,-125.3413191623292,-144.83689649751867,-195.33594458522487
-41.337623137375495,-98.78631511288785,-135.20602660651295,-155.17503735990164,-204.94658962207393
-46.23484577045095,-107.2234181649457,-145.32569453701308,-165.27235877078056,-214.0372911367968
-52.359047328304406,-116.48825232814659,-155.60343579871721,-175.07633604633918,-222.58698224854902
-59.666876756532574,-126.48738683425432,-165.93289166409346,-184.53482898464267,-230.575902437359
-68.0993147435506,-137.10953629860398,-176.19954006081477,-193.59701106456876,-237.98564938502855
-77.57920756002747,-148.22527556810164,-186.28245378850448,-202.21432735751262,-244.79922453461563
-88.00926864090856,-159.68744803865968,-196.05649791621354,-210.34145228873754,-251.00107251740192
-99.27070351436481,-171.3323539060413,-205.39492975290878,-217.9372157626271,-256.57711496618407
-111.22260456154945,-182.98177413198533,-214.1723378944181,-224.96546491567315,-261.514779527807
-123.70224256726983,-194.44584721557416,-222.2678305563383,-231.39582906743692,-265.8030250860221
-136.52635145780448,-205.52677055146947,-229.568359594681,-237.20435739958285,-269.4323642944812
-149.49346128091327,-216.02324845332868,-235.9720472527542,-242.37400250160502,-272.39488449339393
-162.38728365107596,-225.73555779792113,-241.39136961061178,-246.89492806658836,-274.68426794513783
-174.9810959093843,-234.47105326574012,-245.75604552467524,-250.76462548290868,-276.2958120855583
-187.04300847901445,-242.04989121126238,-249.0154836407043,-253.98783153395652,-277.2264501683882
-198.34193849805263,-248.31071818754995,-251.14065334085416,-256.5762474963824,-277.47477230594995
-208.65405647168865,-253.11605060205167,-252.12526802412953,-258.5480681746146,-277.0410465103884
-217.7694262336473,-256.3570686663853,-251.9861999361274,-259.927337360546,-275.92723894824223
-225.4985264585828,-257.9575623955001,-250.76308314402354,-260.7431534088554,-274.1370322688024
-231.67832805766977,-257.8768002149087,-248.5171028559283,-261.0287546609551,-271.6758405819955
-236.17760853463452,-256.1111405338898,-245.32901231994515,-260.820518998249,-268.5508194677997
-238.90121272633888,-252.6942707006838,-241.2964599976509,-260.1569146197942,-264.7708693129836
-239.7930184645686,-247.69603196916478,-236.53074662141728,-259.0774400954608,-260.34663030072454
-238.83743291141246,-241.21986831408262,-231.15316145583733,-257.6215908383705,-255.29046752465246
-236.0593262961858,-233.39901535008278,-225.29106748086735,-255.82788648216604,-249.61644495303432
-231.52239882347368,-224.39161735229987,-219.07391492891387,-253.7329894576267,-243.34028731592088
-225.32606707089872,-214.375020002442,-212.62936112878822,-251.37093964335833,-236.479329406864
-217.60104142149478,-203.53952951355075,-206.07966231636394,-248.7725236816411,-229.05245275578827
-208.50383951414776,-192.08195212294544,-199.53848118277534,-245.9647908000549,-221.08001011294633
-198.21053685527193,-180.19923015865427,-193.1082243682054,-242.9707201622275,-212.58373865745955
-186.91009061145692,-168.0824723337114,-186.87798930351317,-239.8090382624929,-203.58666328118065
-174.7975840377142,-155.9116386708947,-180.92216245727923,-236.49417900691944,-194.1129916762044
-162.06772684307228,-143.85108804585107,-175.29967389185026,-233.0363741487164,-184.18800325361465
-148.90891288079933,-132.04613338987937,-170.05387858948154,-229.44185785368276,-173.83793412882983
-135.4980844351183,-120.62068136649862,-165.21300539327473,-225.71316646326449,-163.08986051812295
-121.99658695400595,-109.67596519213971,-160.79109118239398,-221.8495130206502,-151.9715829002683
-108.54712506204932,-99.29031619801493,-156.7893020029381,-217.8472157775874,-140.51151321151482
-95.2718560456085,-89.51986592010074,-153.1975345972912,-213.70016059274155,-128.73856717009795
-82.27158640343828,-80.40002904768254,-149.99619081064876,-209.40027870527615,-116.68206358116535
-69.62597538652605,-71.94759027131994,-147.15802289488434,-204.93802362652656,-104.37163216963246
-57.39460044910304,-64.16320544862569,-144.6499585920337,-200.30283362809988,-91.83713114280505
-45.6187055633777,-57.034128831008665,-142.4348296450647,-195.48356930411254,-79.10857531293986
-34.32343533303812,-50.536991624136704,-140.47294454680784,-190.46891874637723,-66.21607522673203
-23.52035532137578,-44.64048039486367,-138.723464436131,-185.24776581206692,-53.189787366474604
-13.21007035475592,-39.307793847667625,-137.1455587705317,-179.80951962911988,-40.05987511686946
-3.384775234847808,-34.49879019569785,-135.6993336602999,-174.14440575304647,-26.856479839515057
5.969396817934239,-30.171771805471923,-134.34653972757204,-168.24372117207832,-13.609701069600886
14.870326912739925,-26.28488642344705,-133.05107752777218,-162.1000566031516,-0.3495845499908814
23.338226010064748,-22.797153041738653,-131.77932669121196,-155.70749021042832,12.893883450487252
31.394338818102028,-19.669143881799005,-130.50033000411332,-149.06175702402328,26.090777322438193
39.0600294679312,-16.863371249234657,-129.18586584664587,-142.16039798125408,39.21123079059446
46.35621574103101,-14.344438910028803,-127.81044208550256,-135.00289172319265,52.22543521956293
53.30309865652224,-12.079022435303681,-126.35124212170096,-127.59077114380223,65.10363980069636
59.92012136002613,-10.03574233319133,-124.78804981104014,-119.92772531283222,77.81615592273454
66.2260853382395,-8.184988681462535,-123.10317490249366,-112.01968589445848,90.33336801639732
72.23935238080011,-6.498747494580421,-121.2813949509578,-103.87489568605723,102.62575307570395
77.97806643929255,-4.950468347144131,-119.30992377911716,-95.50395553196286,114.66391088694674
83.46033938994123,-3.5150009251569188,-117.17841084989604,-86.91984474752581,126.41860673225493
88.704357395734,-2.1686161612744073,-114.8789706581978,-78.13790943027897,137.86082797412578
93.72837880454442,-0.8891162401656914,-112.40623668128251,-69.17581273104203,148.96185547054029
98.55060913261661,0.3439723414239353,-109.75743069892476,-60.053441377454355,159.69335022386153
103.1889526497544,1.5491368748876724,-106.93243550711827,-50.79276352432567,170.0274550442628
107.66065258488807,2.742568357514152,-103.93385725234106,-41.41763435235823,179.9369103314717
111.98184240281405,3.9378282701640757,-100.76706281564728,-31.95354771303972,189.39518237569197
116.16703856942345,5.145519612404158,-97.44017785149143,-22.42733444604532,198.3766018853918
120.22861052133212,6.3729900414447656,-93.96403218190548,-12.866810660518912,206.85650980630555
124.17626615174629,7.6240936942811715,-90.35204118590914,-3.30038212254966,214.81140694491626
128.01659112071326,8.899035521666463,-86.62001450992418,6.243386249758384,222.21910349303053
131.7526779049345,10.194317980539907,-82.78588674178584,15.736224109222917,229.05886430497725
135.38387600999556,11.502804977130225,-78.86936850438866,25.150618657096132,235.3115457352914
138.9056885216365,12.81391228223029,-74.89152058232037,34.460271193553254,240.9597200209043
142.3098325550183,14.113927502936946,-70.87425802473007,43.64053057295289,245.98778359200298
145.58447257729685,15.386456335127377,-66.83979548149921,52.66878676096795,250.38204630856052
148.71462644790645,16.61298547808842,-62.81004912398332,61.52480847588802,254.1307994171104
151.68273476743354,17.773546506327392,-58.8060141625743,70.1910106083512,257.22436096136335
154.46937517377285,18.847459403873614,-54.847139985076254,78.6526396943033,259.65509840431633
157.0540949895964,19.814129613663752,-50.95072709372431,86.89786904327786,261.4174292628993
159.41632850637436,20.653868574376546,-47.13137112653132,94.91779901897466,262.5078015488358
161.53635955514895,21.348705031124084,-43.40047915728603,102.70636220718714,262.9246566824235
163.39628618422057,21.88315310984669,-39.7658820748198,110.2601375337886,262.6683782375919
164.98094249441,22.244903390389354,-36.231564108151275,117.57808154856941,261.74123033762953
166.27873314395393,22.42540509238377,-32.79752652855885,124.66118881501752,260.14728971920124
167.28233879345535,22.42031101678191,-29.45979734627467,131.51209641678068,257.89237540570315
167.98925576329026,22.229761989564125,-26.2105926389455,138.13464982994608,254.98397958902103
168.40214023993698,21.85849406020651,-23.03862829320984,144.53344869744134,251.43120274171173
168.52893618330114,21.315759344727226,-19.929573770468934,150.71339132608279,247.2446952179702
168.38277622456195,20.615059810266587,-16.866632431773596,156.67923602573316,242.43660671399869
167.98165577439872,19.77370204108422,-13.831226404653606,162.43519580692583,237.02054401760608
167.34789168636445,18.812189623300114,-10.803758366498982,167.98458058791417,231.01153655611697
166.50738751007583,17.75347774151514,-7.764418331658462,173.32949811726368,224.42600842026036
165.48873700563877,16.62212141930432,-4.694000865373354,178.47062150370525,217.2817548589868
164.32220561184891,15.443354139345772,-1.5746973086032767,183.40702778067168,209.59792075098218
163.0386355007965,14.242137019840897,1.6091713347393863,188.13610853126636,201.39497829061818
161.66832337649004,13.042220090799347,4.8705122705991215,192.65355045094012,192.69470108756195
160.23992110681516,11.865256429718372,8.218936361118168,196.95338098675128,183.52013206043705
158.77940760587737,10.730007044352433,11.660371956972618,201.02807197887168,173.895542879443
157.30917626259293,9.651669628419441,15.196830918334228,204.8686926115791,163.84638324140343
155.84727594705222,8.641357980029284,18.826333054103046,208.46510198168895,153.39921889531414
154.40683564834913,7.705751370113802,22.542987545644436,211.80617119472345,142.5816580250524
152.99569362447298,6.846924946341147,26.337222630922,214.88002505043463,131.42226628697978
151.61624214233692,6.062363847314074,30.196148327554766,217.67429399962995,119.95047144682276
150.2654890253635,5.34515555979246,34.10403161576709,220.176368045476,108.19645912335199
148.93532784406597,4.684347609920195,38.0428595366302,222.37364551718818,96.19106159683555
147.61300014968074,4.0654512966356435,41.992963231997095,224.25377105363722,83.96564195978844
146.2817260349173,3.4710671178854398,45.93367509362443,225.8048585959804,71.55197606878352
144.9214737701686,2.8816039711655606,49.843991828727184,227.01569660990893,58.982134801453284
143.5098354503103,2.2760621876119984,53.703218224175785,227.87593406181097,46.28836904282747
142.02297352290995,1.6328499430434817,57.491569466010795,228.3762467978477,33.50299963630447
140.4366026748188,0.9306034539711874,61.19071375997046,228.50848487642781,20.658314257019804
138.7269726649346,0.14898341773671575,64.784241392249,228.26580205534185,7.7864728208217695
136.87182007479942,-0.7305768475024905,68.25805095678979,227.64276902305704,-5.080577348196309
134.85126033189744,-1.7241924319465767,71.60064796512802,226.63547209182553,-17.91117578510563
132.64859545069982,-2.8449338190596762,74.80335519377513,225.24159895352003,-30.67401220577691
130.2510174443694,-4.102332381208171,77.86043770956775,223.46051276396648,-43.33817892336795
127.65019201779776,-5.50199278972768,80.76914840071038,221.29331530434985,-55.87321280626186
124.84271172847997,-7.045316861724942,83.52970194753001,218.74289931397402,-68.24912760646299
121.8304121095549,-8.729339897459553,86.1451864694626,215.8139893494482,-80.436437839288
118.62054815418611,-10.546677600032183,88.62142261630824,212.51316975916257,-92.40617571103051
115.22583197948903,-12.485579258008158,90.96677971262406,208.84889763057305,-104.12990286527864
111.66433538790344,-14.530081011419995,93.1919578323635,204.83149793484205,-115.5797189442691
107.95926343429802,-16.66025167384801,95.3097435213003,200.47313762115084,-126.72826913232815
104.13860703348993,-18.85252267943811,97.33474545706832,195.78777515941158,-137.5487529553949
100.23468417617475,-21.080093174539428,99.28311480405912,190.79108204484103,-148.0149366451563
96.28358054740205,-23.31340097901328,101.1722535386505,185.5003330982817,-158.10117132960443
92.32450135104447,-25.520650000888097,103.0205127279257,179.93426304344285,-167.78241917549818
88.3990470210635,-27.66838460631365,104.84688175533631,174.11288781776867,-177.03428937659774
84.55042631625221,-29.7221013466651,106.67066888114178,168.0572903561958,-185.83308555186713
80.8226210988989,-31.64688826959489,108.51117334942796,161.7893721315717,-194.1558656919247
77.25951791260125,-33.40808176002493,110.38734951469749,155.331573472884,-201.98051527754578
73.90402229502779,-34.971930467262666,112.31746412983392,148.70656752197706,-209.2858336043508
70.79717255425989,-36.306255399597575,114.3187489496369,141.9369345225804,-216.05163270326065
67.97727044357131,-37.381094756439225,116.40705206696143,135.04482484210985,-222.2588475729773
65.47904670998645,-38.1693215887342,118.59649279663716,128.05162058267194,-227.88965576992794
63.3328797747452,-38.64722201288339,120.89912632728863,120.97760672400464,-232.92760376774845
61.56408573254143,-38.7950215393672,123.32462564079435,113.84166335290368,-237.35773693899972
60.19229734015472,-38.59734719994154,125.87998922735918,106.66099059017183,-241.16672956190794
59.230948627605166,-38.04361364109233,128.56928379064246,99.450877277915,-244.34301094671997
58.686880153455704,-37.12832225278013,131.39343135546773,92.22452332570757,-246.87688363565238
58.5600777182796,-35.85126375238224,134.35004990407396,84.99292386354553,-248.7606296750197
58.84355456012129,-34.21761644765125,137.4333558536838,77.76482108406206,-249.98860119506696
59.52338373431063,-32.23793463246332,140.63413536252017,70.546726985716,-250.5572919581004
60.57888361594601,-29.928024167951293,143.9397896620828,63.34301729434759,-250.46538713252698
61.982955378873754,-27.30870518490194,147.33445744051252,56.15609380657182,-249.7137892920298
63.702567049748964,-24.405464904061326,150.79921485041385,48.98660944013087,-248.30561948817623
65.69937447828707,-21.248006686369152,154.31235110749162,41.83374756689186,-246.24619315663844
67.93046548258394,-17.869704463986757,157.84971501584934,34.69554490272092,-243.5429715427395
70.34920969717277,-14.30697453385455,161.38512523441221,27.569245467637884,-240.20549022081013
72.9061934345167,-10.598579194909668,164.89083481113173,20.451672006621962,-236.24526708573575
75.55021630903349,-6.7848787693725825,168.33803856669672,13.339600830677632,-231.67569287145858
78.22932457708157,-2.9070500801571058,171.69741039533784,6.230126308250062,-226.51190776589223
80.89185519061017,0.993709601594901,174.9396565295745,-0.8789978275050583,-220.770668021071
83.48746448001494,4.876973806386928,178.03607032337766,-7.989051667019481,-214.47020658970936
85.96811616536512,8.70385429092292,180.9590741512715,-15.10008612050206,-207.63009175534924
88.28900499670503,12.43772652882646,183.68273457980285,-22.21071069517755,-200.27108747543872
90.40939465946673,16.044896628014385,186.1832379992704,-29.317936497610585,-192.41501874801037
92.2933515354331,19.495194986862487,188.43931534443522,-36.41707633867561,-184.08464477463212
93.91035934513414,22.76248434567011,190.43260630481888,-43.501701359617435,-175.30354206222876
95.23580346075062,25.825072524370725,192.14795543961608,-50.56365137318068,-166.09599892494555
96.25131760989598,28.66602295249161,193.57363477594154,-57.59309422697902,-156.48692215496166
96.94498963223283,31.27335898195738,194.7014896887407,-64.57862802050042,-146.50175596671966
97.3114267550278,33.64016082052197,195.5270070476551,-71.50741898443135,-136.16641271621506
97.35168438954423,35.764556635245285,196.0493066904893,-78.36536727184594,-125.50721438326893
97.07306560910217,37.64961186634981,196.27105917661333,-85.13729279694627,-114.55084340029373
96.48880116970018,39.30312299321053,196.1983344329753,-91.80713354518036,-103.32430112799516
95.61762212174953,40.73732385584087,195.8403872925136,-98.35814940633053,-91.8548721207862
94.48323871239937,41.968514126464534,195.20938701827612,-104.77312547342198,-80.17009228935511
93.11374039550634,43.01662063570851,194.32009870121516,-111.034569821974,-68.29771914485013
91.5409323789886,43.904702994285635,193.18952492515933,-117.12490195151767,-56.265702483831234
89.7996242965311,44.658415337933064,191.8365163316254,-123.02662925357349,-44.102154126384114
87.92688635773571,45.30543609841972,190.28135972313163,-128.72250999437682,-31.835315630569074
85.96128778348444,45.8748775141312,188.54535215706758,-134.19570230490012,-19.493523252072755
83.9421315516453,46.3966861933299,186.6503691476238,-139.4298995065464,-7.105169776317026
81.90869854111418,46.90104548657639,184.61843465601032,-144.40945273441505,5.301336799776051
79.89951314193345,47.41778976448697,182.47130005183635,-149.11948223210032,17.69761743696489
77.95164135728197,47.975839979465576,180.23003870811021,-153.5459788779363,30.055368496798224
76.10003140663592,48.6026691527166,177.91466237792315,-157.67589747119013,42.34640966173896
74.37690587895754,49.32380569703807,175.54376501185067,-161.49724307896204,54.54273238437604
72.81121359357134,50.1623817754592,173.13419922013304,-164.9991513517285,66.61654784176304
71.42814850055957,51.13873320707615,170.7007901606662,-168.17196319750636,78.54033337372
70.24874217274416,52.270056754029355,168.25609123055563,-171.0072936077725,90.28687646514555
69.2895356755807,53.570129937126964,165.81018553465697,-173.49809380302196,101.82931548812125
68.56233580852262,55.04909780453087,163.37053667203816,-175.6387052643396,113.14117664256884
68.074059845851,56.713330286660785,160.9418918898908,-177.4249036910965,124.19640681381797
67.82667192102984,58.56535287930419,158.5262400730633,-178.8539305217899,134.96940238756355
67.81721305584696,60.60385237799075,156.12282633803758,-179.92450941708896,145.4350344108845
68.03792550338932,62.82375821986569,153.72822416128585,-180.63684506446543,155.56867084290414
68.47647053595949,65.21639866574739,151.33646498151376,-180.99260184438145,165.34619697977809
69.11623706690715,67.76972958015178,148.9392240737085,-180.99486030753542,174.74403544410944
69.93673657067379,70.46863196233444,146.52606021445723,-180.64805004502932,183.73916737732966
70.91407770120017,73.29527268532227,144.0847052723229,-179.95785836669143,192.30915664485443
72.02151186903167,76.22952116740977,141.60139840849249,-178.93111519991288,200.4321789404322
73.23003890452588,79.24941300107027,139.0612581193768,-177.57565573065406,208.0870576446849
74.50905990601692,82.33164997824332,136.44868396307965,-175.90016346622363,215.253308145109
75.82706255464397,85.45212456544968,133.7477785614327,-173.91399753405835,221.911192058724
77.15232268190147,88.58645578500246,130.94277943651662,-171.62700906599548,228.04178241944
78.45360480735272,91.71052273189314,128.01848950001008,-169.0493523785541,233.62704041227371
79.70084381554094,94.80098166980885,124.9606946308908,-166.19129727831486,238.64990367570965
80.86578998605994,97.83575285585081,121.75655680295901,-163.06304914154347,243.09438557790338
81.92260027525629,100.79446396977173,118.39497168968927,-159.67458339972643,246.9456842336042
82.84836008602439,103.65883826996757,114.86688058788333,-156.03550068972527,250.1902994016741
83.62352173202845,106.41301733536984,111.1655278456371,-152.1549082041302,252.81615482428273
84.23224834605685,109.0438104199711,107.28665671011998,-148.0413317337407,254.81272307361
84.66265500592101,111.5408649577694,103.22863855785846,-143.70266158229066,256.1711495920031
84.90694223153739,113.8967555000521,98.99253274475436,-139.14613402575952,256.8843723729299
84.9614205959034,116.10699121719081,94.582076709158,-134.37834837187026,256.9472336508248
84.82642882788329,118.16994491786673,90.00360836415331,-129.40531804538563,256.3565800566823
84.50615129820159,120.08670919443418,85.26592510810602,-124.23255257876771,255.1113479515874
84.0083440094937,121.86088766749589,80.38008585506722,-118.86516601740513,253.2126310605326
83.3439810101844,123.49833126672293,75.35916424168276,-113.30800613310224,250.6637280726708
82.52683539871914,125.00683096380092,70.2179625274043,-107.56579803999362,247.47016852230132
81.57301068997793,126.39577931206236,64.97269661700665,-101.6432953621757,243.63971598208155
80.50043922726942,127.67581352303097,59.640663072971776,-95.54543202636049,239.1823483473667
79.32836452820177,128.85845263281033,54.239898952145246,-89.27746803491523,234.11021572844592
78.07682397660105,129.95574062166588,48.78884482501254,-82.84512318113153,228.4375771579463
76.76614717632714,130.9799062155121,43.3060204687124,-76.25469354619374,222.18071793011086
75.41648365689286,131.9430486062561,37.80972153694441,-69.51314669838865,215.35784988984037
74.04737157794551,132.8568565805501,32.317744084205884,-62.628192723157504,207.9889973626917
72.67735674662495,133.73236665108158,26.847142247804413,-55.60832946872159,200.09587165169776
71.32366877039976,134.57976384747997,21.414022758316303,-48.462861620345734,191.70173712070977
70.00195864676027,135.40822694356754,16.03337834176287,-41.20189434972558,182.83127184318525
68.72609965809546,136.22581815907353,10.718960568531916,-33.83630326957599,173.51042563347195
67.50805119635004,137.03941584453406,5.483191355089346,-26.3776832176987,163.76627801390836
66.35778316780622,137.85468738563762,0.33711117894848996,-18.83827897635572,153.62689832873968
65.28325698022047,138.676098574938,-4.7096388472857384,-11.230901394860808,143.12120982097542
64.29045782482214,139.506955001988,-9.64880456964491,-3.5688325338263773,132.27885906643556
63.3834720435421,140.34947059723663,-14.47348001536767,4.1342765907191215,121.13009173593291
62.56460280532167,141.2048583052864,-19.17804641747854,11.864512285844434,109.7056352539169
61.83451707504355,142.07343792296163,-23.758093230534804,19.607805429805673,98.03658855900485
61.1924169015369,142.954756373309,-28.21032517959575,27.350037045141733,86.154318863421
60.63622832512034,143.8477160507212,-32.53245911106558,35.07714000491636,74.09036506455115
60.162801653370515,144.75070731734934,-36.7231140525458,42.7751951404244,61.876347288054255
59.76811741874826,145.6617417122689,-40.781697475985034,50.43052045408905,49.54388193964202
59.44749295886768,146.57858291331826,-44.70829032804271,58.02975252637337,37.12450160872403
59.19578520114725,147.49887293522465,-48.5035329727478,65.5599195219223,24.649579195790196
59.00758584829171,148.42025143310835,-52.1685138077092,73.00850543723371,12.150255717520038
58.87740571950337,149.34046629329254,-55.7046619833488,80.36350538669296,-0.3426286314732682
58.79984548537445,150.25747392830354,-59.113645385615044,87.61347179985349,-12.798600426204057
58.76975043399315,151.16952785343315,-62.397274840387645,94.74755141029743,-25.187616061818524
58.782347224431405,152.07525421958854,-65.55741536041664,101.75551287056976,-37.48012182459008
58.833360833541,152.97371302935767,-68.5959051756183,108.62776474758266,-49.647110734411946
58.91911010289473,153.86444379344758,-71.51448325266603,115.35536356029775,-61.66017576522784
59.03658047075733,154.74749441946778,-74.3147260040782,121.93001143922568,-73.49155893843266
59.18347265871239,155.62343219245082,-76.99799389195077,128.34404293822016,-85.11419571612292
59.35822630448438,156.49333583378547,-79.5653886272737,134.59040053410757,-96.50175410349301
59.560017820238386,157.35876783675633,-82.01772163289132,140.66259842699768,-107.62866790837485
59.78873213319038,158.22172659180993,-84.35549435877681,146.55467441714725,-118.47016370324965
60.044908449439276,159.0845782449619,-86.57889089788839,152.2611298908434,-129.00228119053588
60.32966077968995,159.9499687813278,-88.68778313968969,157.77685829880232,-139.20188688159286
60.64457467267196,160.82071748502722,-90.68174841280948,163.09706294945948,-149.04668125618562
60.991582401884,161.6996936778859,-92.56009921161966,168.2171654513146,-158.5151998611232
61.372819714358094,162.5896794523062,-94.32192418470707,173.13270670039674,-167.586809120111
61.79046813509953,163.4932219477418,-95.96613910484879,177.83924289056182,-176.24169794435204
62.24658767634112,164.41247952599167,-97.49154606568261,182.33223958925134,-184.46086653596484
62.742945568163854,165.3490669224501,-98.89689869091546,186.60696742863237,-192.22611404313932
63.28084724453897,166.3039050304052,-100.18097073248273,190.65840336919467,-199.5200269369983
63.860976225867546,167.27708135690762,-101.34262511047453,194.48114175835417,-206.32597011600674
64.48324968137803,168.26772732126295,-102.38088024406824,198.069319493493,-212.6280827882448
65.14669628951118,169.27391841132112,-103.2949704683497,201.41655947797756,-218.41128112276445
65.84936251496009,170.29260274399726,-104.08439744806076,204.5159362118273,-223.66126949171735
66.58825258058735,171.3195627890368,-104.74896979660289,207.35996678111044,-228.36456184462955
67.35930624686421,172.3494139241371,-105.28882858517937,209.9406297124693,-232.50851437173762
68.15741705991982,173.37564213203206,-105.70445706725819,212.24941316783006,-236.0813701382948
68.97649205358623,174.39068158395213,-105.99667371861656,214.27739281124838,-239.07231582674132
69.80955207228465,175.3860311550037,-106.1666085619849,216.01533844021426,-241.47155013465934
70.64887001654402,176.3524071754021,-106.21566365697234,217.45384720314348,-243.2703627740482
71.4861425063348,177.27992803507067,-106.14545953364885,218.5834999947462,-244.4612224344258
72.31268881559055,178.15832472708064,-105.95777017317336,219.39503650411342,-245.03787154172375
73.11966955427391,178.97717013097866,-105.6544498352266,219.87954345496087,-244.99542519786564
73.89831654814378,179.72611888041945,-105.2373555512019,220.02864988233583,-244.33047134902313
74.64016475643824,180.39514909168116,-104.70826940700411,219.8347228799126,-243.0411690243212
75.33727691369985,180.97479708754582,-104.06882480745018,219.29105715380854,-241.12734142389388
75.98245189459786,181.45637654458724,-103.32044073982813,218.39205193978088,-238.5905607196914
76.5694085608262,181.83217420332218,-102.46426764840425,217.13336936742584,-235.43422165925296
77.09293800946304,182.0956153656005,-101.50114792210698,215.5120691548285,-231.66360141820468
77.54901863057165,182.24139379485166,-100.4315932256016,213.52671554045423,-227.28590361029896
77.934890107278,182.2655622474376,-99.25578002126946,211.17745354342924,-222.31028490721545
78.24908435103143,182.16558160124407,-97.97356369410001,208.46605291811184,-216.74786331298034
78.49141325093278,181.94032831064519,-96.58451076250277,205.39591946064803,-210.61170774686278
78.66291492496,181.59006160807883,-95.08794779170414,201.97207456309232,-203.91680918158886
78.76576179924726,181.1163534044635,-93.48302487158229,198.20110503117587,-196.6800341310732
78.80313523233386,180.52198514161822,-91.76879091576753,194.09108613272826,-188.92006175826785
78.77907248821323,179.81081686698943,-89.94427760907456,189.6514815871759,-180.6573062599016
78.69829261200968,178.98763450315008,-88.00858858742554,184.8930247203168,-171.91382646798655
78.56600816554689,178.05798166237844,-85.96099037646431,179.82758528666835,-162.71322478245156
78.38772984966768,177.0279824215532,-83.8010017276523,174.46802651304378,-153.08053761611328
78.16907080773322,175.9041612539417,-81.52847824943741,168.82805676376273,-143.042119499712
77.9155569173117,174.69326585577465,-79.14368960430343,162.92207990233544,-132.62552287337087
77.63244869189799,173.40209796008816,-76.64738699423326,156.76504796596632,-121.85937539774852
77.32457959390985,172.03735645650193,-74.04085915038253,150.37231922075722,-110.77325637213721
76.99621466660493,170.60549629222578,-71.32597554249331,143.75952407048143,-99.39757356782853
76.650932483964,169.11260577183327,-68.50521599893509,136.94244069091044,-87.76344149264195
76.29153254393567,167.56430404948387,-65.58168635466672,129.93688169087469,-75.90256181539316
75.91996943092533,165.96565985611494,-62.559120104497566,122.75859258957522,-63.84710641321715
75.53731437487528,164.32113185353938,-59.441866323315494,115.42316246850761,-51.629603273674974
75.14374425063642,162.63453047365803,-56.2348643216159,107.9459468186731,-39.282825297610884
74.73855759408536,160.9090006891982,-52.94360563890339,100.34200236447434,-26.83968191461718
74.32021685084347,159.14702486714523,-49.57408405049465,92.62603350181118,-14.333113344129089
73.8864158006032,157.35044466328048,-46.13273429065321,84.81234992998263,-1.795987311797754
73.43417088919466,155.520500804927,-42.62636019562365,76.91483506978967,10.739001939924979
72.9599350217808,153.65788955339252,-39.06205296429664,68.94692492435819,23.23943243145697
72.45973219284433,151.76283460942307,-35.44710024209155,60.92159713237668,35.67325098447706
71.92931112231749,149.83517319576657,-31.78888677395816,52.85137006219999,48.008867341310065
71.36431580682665,147.8744549940179,-28.09478746094601,44.74831187596533,60.21524552271689
70.76047056157655,145.88005250554713,-24.3720538035191,36.62405953376855,72.26199190977442
70.11377671127138,143.85128123126225,-20.627694930578578,28.48984768997783,84.11943936991348
69.42071758695951,141.78752781209766,-16.86835469719155,20.35654734229663,95.75872660075568
68.67846790993207,139.6883839394679,-13.100186681143626,12.234713919948652,107.15187175074516
67.88510301512565,137.55378343949522,-9.32872930701653,4.134644237751793,118.27183930466835
67.03980271707991,135.3841394728547,-5.55878375800993,-3.933558597714729,129.09259920551327
66.14304399340658,133.1804782989955,-1.7942977756496887,-11.959913652656176,139.58917722987428
65.19677610405256,130.94456556304465,1.961741134573323,-19.934485781569435,149.73769574811945
64.20457133505724,128.67902061668713,5.70739921247209,-27.84730665232731,159.51540418475022
63.1717443110481,126.38741402655901,9.441872521547545,-35.688295905103544,168.90069874736554
62.10543281803497,124.07434320348015,13.165541317015347,-43.44718558392006,177.87313130811424
61.014633368136295,121.74548105063576,16.879998460185256,-51.113451302573324,186.41340768911365
59.91018536162337,119.40759272175023,20.58804787417047,-58.67625379788641,194.50337600792295
58.80469868561198,117.06851603625762,24.293669501183476,-66.12439454640071,202.12600616165994
57.71242094095021,114.73710184031432,28.001947928279296,-73.44628894646709,209.26536194636245
56.64904219582846,112.42311163749525,31.718962797564817,-80.62996017743384,215.90656769710083
55.631437189289215,110.13707113019815,35.45164029458871,-87.66305623554692,222.0357716682715
54.67734718854743,107.89007988084458,39.207566384198444,-94.53289182232187,227.64010862812495
53.80500615627367,105.69357906922693,42.99476398929799,-101.22651575170761,232.70766429417273
53.03271840261584,103.5590812173781,46.82143792160677,-107.7308033902634,237.22744426909622
52.37839736110604,101.49786768800001,50.69569299846955,-114.03257240736824,241.18935003810776
51.85907740786654,99.5206616361658,54.625232330421575,-120.11871885966164,244.584164353833
51.490412608244405,97.63728579942568,58.61704415038327,-125.97636944235455,247.4035479674066
51.286177799785946,95.85631594151188,62.67708668847146,-131.59304468899316,249.640049176964
51.25778839663415,94.18474182022389,66.80998139539314,-136.95682706585114,251.28712707763572
51.413855643244396,92.62764814654258,71.018725215209,-142.05652735280532,252.3391887386233
51.75979370108357,91.18792807744614,75.30443255744993,-146.88184247894213,252.79163983670497
52.297493903071896,89.86604130465065,79.66611709575132,-151.42349811767147,252.6409475791705
53.02507977833433,88.65982776237595,84.1005225288002,-155.67336984848322,251.88471409139242
53.93675409472256,87.5643864088389,88.60201001111818,-159.62457754163813,250.5217578623464
55.02274628510797,86.57202650006212,93.16250815407317,-163.27154877449573,248.5522003685884
56.26936534308878,85.67229636091106,97.77152939343141,-166.61004847889794,245.9775546603296
57.659159744840295,84.85209198010776,102.41625421881758,-169.63717356600898,242.80081251084238
59.17118234042419,84.09584494210286,107.08168237473922,-172.3513128852356,239.0265267114368
60.78135462705939,83.38578639500038,111.75084778873557,-174.75207445017762,234.66088523761528
62.46292152846317,82.7022810742558,116.40509177293725,-176.84018331312348,229.71177430668493
64.18698490102199,82.02422298023413,121.02438708318925,-178.61735470645627,224.18882777336208
65.92310158636565,81.32948224930391,125.58770379027143,-180.0861480266789,218.10346084051366
67.63993001633906,80.59539114422265,130.0734066839119,-181.24980786724214,211.4688866648641
69.30590820035533,79.79925597311676,134.45967313045134,-182.1120985859162,204.30011507704666
70.88994540001516,78.91888115030322,138.72491995111034,-182.67713882108612,196.6139332761911
72.36210990018624,77.93309152998478,142.8482279665673,-182.94924197204747,188.42886896765523
73.69429596657363,76.82223954186773,146.80975332886422,-182.9327679742574,179.76513695880152
74.86085425908487,75.56868447983078,150.5911155790016,-182.6319907906865,170.64457068773544
75.83917155146501,74.15723246769784,154.1757534599256,-182.0509849749623,161.09054051623446
76.61018748366362,72.57552706603497,157.5492408042585,-181.19353351635556,151.12786086027393
77.15883813436544,70.81438210276403,160.6995562262725,-180.06305802620986,140.78268835680433
77.47441834182989,68.86805002237273,163.61730180395023,-178.6625712404468,130.08241327714086
77.55085682724078,66.7344207753698,166.29586737296665,-176.99465085426962,119.0555463053416
77.38690020773083,64.41514794509486,168.73153841515256,-175.06143292158285,107.73160261860335
76.98620386687269,61.91570038171596,170.92354676835038,-172.86462247676883,96.14098495379065
76.3573293405826,59.2453390486208,172.87406448640877,-170.4055186886036,84.31486704018981
75.51364935899745,56.41702006652574,174.58814212623236,-167.68505173799892,72.28507844414752
74.47316296264552,53.44722606346477,176.07359353578346,-164.7038287112509,60.08399152763292
73.25822420384661,50.355728915830944,177.34082987694768,-161.46218609399244,47.74441088958438
71.89518888473168,47.16528781882029,178.4026461632916,-157.96024690294186,35.29946535395431
70.41398461340208,43.901287382806665,179.2739640537381,-154.19798105946336,22.782502307128556
68.8476102254372,40.59132114720117,179.97153505009175,-150.17526824212638,10.226983982261096
67.23157136401454,37.26472656588871,180.51360862916133,-145.8919631031189,-2.3336148517787207
65.60325977763968,33.95207817457591,180.91957022470734,-141.34796334364464,-14.865908407488853
64.00128470919002,30.684646318482265,181.2095543795551,-136.54328166655455,-27.336701207013633
62.46476562973234,27.4938295067292,181.40403882403942,-131.47812301527705,-39.71308974799332
61.03259651565672,24.410569163578813,181.52342570339275,-126.15296872819206,-51.96256488573359
59.742692861273696,21.464756249998906,181.58761666298176,-120.56866925741426,-64.05311510120436
58.631233627161265,18.684639903418095,181.61558898533656,-114.72654690148242,-75.95333056444554
57.731911297349015,16.096248850078375,181.62498042639012,-108.62850957615903,-87.63250760593515
57.07520409250856,13.722836835844895,181.63169078265486,-102.27717600330826,-99.0607528906968
56.687685088521036,11.58436364544184,181.64950849381142,-95.67601185606983,-110.20908627007022
56.59138344172888,9.697023383193525,181.68977070221092,-88.82947539534423,-121.04954098448029
56.80321304552406,8.072831519465794,181.76106510938092,-81.74317001841055,-131.5552596277401
57.33448366524983,6.719281721924318,181.86898165195845,-74.42399997843677,-141.70058408087846
58.190508858773796,5.639082655912702,182.0159214357588,-66.88032439770393,-151.46113749981666
59.37032374472835,4.829983734287879,182.20096949812412,-59.12210366848247,-160.81389641354963
60.866523907283366,4.284697221354122,182.41983680982548,-51.16103149756653,-169.73725107028307
62.6652344289079,3.9909221641469728,182.66487548816724,-43.01064528482208,-178.2110523655237
64.74621525231696,3.9314733727988056,182.92516949811582,-34.68640730592593,-186.21664399940445
67.08310584983126,4.084516154679491,183.1867012097729,-26.205749353248315,-193.73687893435874
69.64380861064566,4.423904796817098,183.4325921150276,-17.58807411507844,-200.75611974463027
72.39100655720694,4.9196199753054515,183.64341385387866,-8.854707654908061,-207.2602230448898
75.28280710498825,5.538297448186029,183.7975635425824,-0.028798873016931736,-213.23650882806507
78.27349973444915,6.243837666286197,183.87169531977167,8.864836255473461,-218.67371619886723
81.31441180668904,6.998083423744674,183.84119812462984,17.79992564698129,-223.5619476217607
84.35484348188508,7.761550472511914,183.68070808336861,26.74900483013686,-227.89260437147288
87.34305994005466,8.494194240684081,183.36464259078113,35.683728462877525,-231.6583163426546
90.22731698775799,9.156194506781347,182.8677423052069,44.57522224865697,-234.85286970899287
92.95689476789101,9.708739155956607,182.16560688442777,53.39446563382796,-237.47113609347159
95.48311374663626,10.114788021329545,181.23521041270214,62.11269381202247,-239.50900690186634
97.76030746883274,10.339798309564841,180.0553831170472,70.7018061987957,-240.96333627282948
99.7467277473442,10.352394211615646,178.60724712909482,79.13476777395209,-241.83189571375834
101.40535993920163,10.124964965734662,176.87459567495193,87.38598958700292,-242.11334293745333
102.70462867815701,9.634177801814715,174.84420710037728,95.4316753088314,-241.80720671717245
103.61897776168713,8.861394761171198,172.50608746914386,103.2501219703284,-240.9138887734045
104.12931168414244,7.792985242115066,169.85363799603587,110.8219648924471,-239.43468283820235
104.22329040095931,6.4205291444270784,166.88374616689242,118.13035917693583,-237.37181016025878
103.89547312620732,4.740908544739284,163.5968019248304,125.16109285500801,-234.72846986514196
103.14731113316317,2.756288802197105,159.9966426358874,131.90262972098233,-231.50890181697244
101.9869934824861,0.47399275216761794,156.09043257163123,138.34608283704242,-227.71845898154857
100.42915320360969,-2.093725904420694,151.88848426348216,144.48512251264228,-223.36368579955294
98.49444459001535,-4.930001843042405,147.4040302231365,150.3158250806423,-218.4523987647198
96.2090048605135,-8.013760182331467,142.65295414711647,155.83647087961663,-212.99376527718982
93.60381544652739,-11.320190385104553,137.65349082788583,161.04730140932767,-206.99837690625904
90.71397958694412,-14.821280255909798,132.42590361154805,165.95024659434557,-200.47831343801548
87.5779337790012,-18.48639794695258,126.99214743851243,170.54863345113583,-193.44719448080238
84.2366110063879,-22.28290986794208,121.3755243730881,174.84688722879852,-185.92021592622686
80.7325736257566,-26.176822634488445,115.60033718648393,178.8502353414641,-177.9141691816267
77.10913343400095,-30.13343759690379,109.69154513435818,182.56442321906334,-169.4474417649263
73.40947585715483,-34.1180069795086,103.67442469703063,185.99544968201076,-160.5399985480557
69.67580448720057,-38.09638115057095,97.57423685387658,189.14932771512508,-151.21334361652714
65.94852141972584,-42.03563697119308,91.4159015533518,192.03187470029832,-141.49046335027558
62.26545806558073,-45.904677495642105,85.22367950239686,194.64853438311877,-131.3957519004163
58.66117034916836,-49.67479349937659,79.02086128872855,197.00423119943372,-120.95492072009525
55.16631146171051,-53.320177405677256,72.82946418626227,199.10325615808785,-110.1948941940886
51.80709457816701,-56.8183802064355,66.6699377590121,200.94918232758465,-99.14369369609473
48.60485711469587,-60.15070199128262,60.560880516304614,202.54480714461732,-87.8303125853047
45.57573712267945,-63.30250679652093,54.51877129018992,203.89211826488977,-76.28458473975182
42.73047119613867,-66.26345275967867,48.55772058257611,204.99227950284117,-64.53704922104949
40.07432171914015,-69.02762912125128,42.68924871905352,205.84563352919633,-52.618813583103815
37.60713931275927,-71.59359255318786,36.92209908765109,206.4517183707103,-40.56141818725176
35.32356388914433,-73.96429670153904,31.262095868399854,206.8092953309118,-28.3967036775805
33.21336474307001,-76.1469107729511,25.712056313856525,206.91638666262375,-16.156683513152082
31.261916606586695,-78.15252550355069,20.271767680269207,206.77032210773024,-3.8734231563631782
29.45080460286315,-79.99574791606818,14.938038221907544,206.36779421205193,8.421072813796828
27.758546654581934,-81.69418984238233,9.704830175678094,205.70492306083392,20.69496475148706
26.161417276592932,-83.26785915981145,4.563480358456074,204.77733170563138,32.916672620851244
24.63435200886888,-84.73846690661524,-0.4969890886337254,203.58023401526077,45.05496115240292
23.151907265665407,-86.12866770534987,-5.489471048747582,202.1085369390545,57.07901572272876
21.68924636520624,-87.46125499392537,-10.428290410856562,200.35695918648375,68.95850958469816
20.223119254438675,-88.75833617933597,-15.328647834456167,198.3201680806737,80.6636634369443
18.73280124762265,-90.04051571375459,-20.206005101531513,195.9929358240465,92.16529864527504
17.200955224527128,-91.32611598161152,-25.07543125763453,193.370315625638,103.43488569644721
15.61438240541463,-92.63046654410282,-29.95093256963018,190.44783709997765,114.44458965742797
13.964629186887468,-93.96529153061118,-34.844792271009226,187.2217190917054,125.16731451202646
12.248421644458853,-95.33822268320878,-39.76694784707402,183.68909666031882,135.57674823507233
10.467905136008273,-96.75246172819642,-44.72443400653219,179.84825744479247,145.6474103301727
8.630673809332123,-98.20661044579481,-49.720918345481266,175.69888110346068,155.3547032948192
6.749583442915354,-99.6946802193312,-54.75635398232265,171.24227408925975,164.67496908887546
4.842350538519394,-101.20628525413002,-59.82676918361631,166.4815907821491,173.58555118206488
2.9309504535189292,-102.72701543856833,-64.9242083785901,161.42203107096952,182.06486216556894
1.0408370640181053,-104.23897641837299,-70.03683224756561,156.07100396391078,190.09245626558942
-0.7999845859678558,-105.7214763527092,-75.14917713200379,150.43824680573033,197.64910543431841
-2.5619935270506513,-107.15183150515662,-80.24256628406786,144.53589026503087,204.71687706430026
-4.215251009100379,-108.50625675185111,-85.29565792136545,138.3784604702254,211.27921082646643
-5.730512896298155,-109.76080265409264,-90.28510814991502,131.98281152404633,217.32099171965342
-7.080306480112663,-110.89229823711386,-95.1863210024735,125.36798407570947,222.82861618368185
-8.239923299499857,-111.87925821206557,-99.97425347862065,118.55498859253646,227.79004810221045
-9.188283536748514,-112.7027151099464,-104.62424083780205,111.56651531884283,232.19486172430928
-9.908633883117892,-113.34694056027807,-109.11280663884706,104.42657646832463,236.03426896663612
-10.38904907889633,-113.8000255090374,-113.4184231622236,97.16008976485925,239.3011292039224
-10.622717141847536,-114.05429618369322,-117.52219078930733,89.79241580443382,241.98994047868888
-10.607999032033389,-114.10655064871854,-121.40840942414135,82.34886463409082,244.09681200941924
-10.348264539598027,-113.95810937386568,-125.06502080975723,74.85418922268849,245.61941888495892
-9.851516903232096,-113.61468186795472,-128.48390722720862,67.33208495507802,246.556940829034
-9.129828488435185,-113.08605964300932,-131.66103914905352,59.80471478563412,246.90998782816527
-8.198618270394805,-112.38565315031066,-134.59647152455167,52.29227916864111,246.6805161693039
-7.075808473923512,-111.52989653080738,-137.29419510279098,44.81264833941071,245.87173897144692
-5.780902241608985,-110.53754879878608,-139.76185520604713,37.38107201954912,244.48803557550352
-4.3340264788300935,-109.42892327934184,-142.01035537403558,30.009978297602544,242.53486415579764
-2.754984034164128,-108.22507869238956,-144.0533671178835,22.70886948559218,240.01868163360726
-1.0623572050961485,-106.94700525074856,-145.9067695442889,15.48431840926937,236.94687442860445
0.7272995998321932,-105.6148376214461,-147.5880438117809,8.340064117809646,233.3277028183857
2.600146091823323,-104.24712374741452,-149.11564731252366,1.2772016650924702,229.17026074601878
4.5455965482852,-102.86017453910824,-150.5083912459338,-5.705543326510517,224.4844518883616
6.556698092725613,-101.46751454302972,-151.78484302213025,-12.611467937126902,219.2809817469776
8.630339344483634,-100.07944810857872,-152.96277189258535,-19.445488215192015,213.57136452121452
10.767291103785647,-98.70274954098691,-154.05865255807132,-26.213695242122157,207.36794263549749
12.972089657973363,-97.3404794808227,-155.08723746091388,-32.922888496358865,200.68391607543361
15.252781587755452,-95.99192352358698,-156.06120423615636,-39.580103782674726,193.53337817987824
17.620556206579437,-94.65264312199066,-156.99088057009044,-46.192151902820356,185.93135426254167
20.0892975846526,-93.31462333942363,-157.88404467537373,-52.76518242559084,177.89383940274075
22.67509211965699,-91.9664972941367,-158.74579590347713,-59.30428453319874,169.43783193982463
25.39572948638494,-90.5938234050711,-159.57848682406922,-65.81313416553056,160.58135960422297
28.270234253930255,-89.17938908013818,-160.38170553672654,-72.29369375255281,151.34349578266273
31.318462312366087,-87.70351352680926,-161.1522951559698,-78.74596791120959,141.74436410025274
34.560790423806814,-86.14432314095112,-161.8843964218187,-85.1678157625283,131.80513025782204
38.01791877095046,-84.47797562601527,-162.56949931190655,-91.55481814649227,121.5479808377543
41.71079555725902,-82.67881372249087,-163.1964904227201,-97.90019609165054,110.99608953691711
45.66065995036386,-80.71943619700944,-163.75168477472542,-104.19477551094532,100.17357195694942
49.88918559825413,-78.57068242928338,-164.21883357299532,-110.42699228337221,89.10543064342686
54.41869244138769,-76.20153726028812,-164.5791032731489,-116.58293164416412,77.81749248755531
59.27238063970141,-73.5789742625251,-164.8110259621773,-122.64639611099167,66.33634086770034
64.47452832952865,-70.6677676069825,-164.89042640467392,-128.59899695741032,54.68924500331701
70.05058590394333,-67.43031439103757,-164.79033689872472,-134.4202654200512,42.90408891970136
76.02709484834389,-63.8265196577126,-164.48091703119263,-140.08778128651178,31.009302186303536
82.43136002104126,-59.81380427109331,-163.92940114608922,-145.57731813664975,19.033794209987093
89.29081156219338,-55.347300171227715,-163.1001014038083,-150.86300617323312,7.006893360034214
96.6320068832625,-50.38029723036679,-161.95449822496732,-155.9175151475941,-5.041708396835681
104.47924447146231,-44.86500006083116,-160.45145216751234,-160.7122612333263,-17.08200533214351
112.85278897425825,-38.75364107000806,-158.54757137637537,-165.21764270429662,-29.083722924290967
121.76673997587055,-31.99997762596331,-156.19776622181683,-169.40330982283888,-41.01635928655809
131.22661313268193,-24.56117671948912,-153.35601726086486,-173.23847434816918,-52.84922498660001
141.22673937209166,-16.400060916445113,-149.97637402978302,-176.69226346569815,-64.55148369697831
151.74762266755818,-7.4876562487808265,-146.01419043017583,-179.73412167625563,-76.09219648833252
162.75342619019972,2.1940518491019763,-141.4275878894416,-182.33426226686208,-87.4403727817832
174.18977710373534,12.649281735707339,-136.1791206271349,-184.46416744840505,-98.56503099068286
185.98208892179733,23.865694112601826,-130.2375991071919,-186.0971331713739,-109.43527168940504
198.03459483359111,35.811883891310195,-123.58000924283456,-187.20885114539175,-120.02036574495537
210.23026433367207,48.43531489608712,-116.19344751267776,-187.77801686333166,-130.28985924583836
222.43173869228016,61.66088592638653,-108.07697735125535,-187.78694867825214,-140.21369628455136
234.48336949021632,75.39030159000804,-99.24330153094868,-187.2221994454027,-149.76235973158145
246.21438126172836,89.50239158600048,-89.72014018295448,-186.07513918619213,-158.90702912773497
257.4431082108527,103.8544785070857,-79.55120578292076,-184.3424849242664,-167.61975377501167
267.9821810315572,118.28483879716207,-68.7966756205303,-182.02675253887082,-175.87363808702813
277.6444687885403,132.61623754228754,-57.533079220475926,-179.13660539495834,-183.6430353327946
286.2495185013746,146.66044964176976,-45.85254250594935,-175.68707580417365,-190.90374513379362
293.63018704201806,160.22361266502628,-33.86136115913752,-171.6996381314284,-197.63320950774744
299.6391307958404,173.1121956977801,-21.67791096839403,-167.20211658286507,-203.81070193469273
304.1548114213252,185.1393188547395,-9.429940749890761,-162.22841628647492,-209.4175038783408
307.08669236069335,196.13112430706576,2.7486689021511523,-156.8180729973089,-214.43706343632954
308.3793399123415,205.93288489466804,14.721563022038353,-151.0156243185381,-218.8551313066473
308.0152021140091,214.41454239675747,26.353838677503376,-144.86981333850892,-222.65987001585808
306.01591407936775,221.47539432325442,37.516072085366034,-138.43264359324746,-225.84193331377134
302.44206408986224,227.0476939094148,48.08826688738551,-131.75831179407595,-228.3945137427177
297.39144414532484,231.09898948071083,57.9635437546133,-124.90205133511265,-230.31335757368615
290.9958950810046,233.63310184144424,67.05140244690952,-117.91892477910463,-231.5967474992917
283.4169334350274,234.6897163130763,75.28040901159866,-110.8626069495057,-232.24545462025714
274.8404096449045,234.34264365930883,82.60019147029409,-103.78420167331709,-232.26266229912682
265.47049093714713,232.69687574922423,88.98266490612922,-96.73113449007218,-231.65386533383003
255.5232852343578,229.88462250471326,94.42244859810454,-89.74616077351747,-230.4267485880631
245.22042413542934,226.06056265279557,98.93648075982375,-82.86652385033514,-228.59104968234388
234.78290485061117,221.39656965309305,102.56287753124165,-76.12329112169847,-226.15841058949852
224.42545569724598,216.0761850087602,105.35911940839449,-69.54088828577513,-223.14222299413302
214.35164129594105,210.28910459079708,107.39967802338185,-63.13684299147147,-219.55747208084418
204.74986652582535,204.2259215116151,108.77321749829925,-56.92174014100179,-215.42058303244292
195.79037737502657,198.07333439463628,109.57951662602322,-50.89938212546328,-210.74927397536402
187.62329659613206,192.0099861883973,109.92626076901492,-45.067139018962266,-205.5624184364769
180.37767648474676,186.20304983727425,109.92584620901917,-39.4164666063735,-199.87991960748144
174.1615032180041,180.80562693994708,109.69232590859538,-33.93356442114028,-193.72259788388448
169.06254908195214,175.9549774060609,109.3386058739346,-28.60014195797026,-187.11209228837407
165.14994159339756,171.7715548427805,108.9739774041945,-23.394259017841286,-180.0707755347965
162.47630200422674,168.35878597957915,108.70204441395843,-18.291205738268083,-172.62168166828766
161.0802991348296,165.80350406294914,108.6190785689245,-13.264389149631256,-164.7884444565562
160.98946642967618,164.17692622079235,108.81280980181394,-8.286195874593886,-156.5952440317105
162.22313863308224,163.536053009304,109.36163717816564,-3.328804576220307,-148.06675871343228
164.79537739751595,163.92536385933522,110.33422599321813,1.635073361629118,-139.2281185028727
168.71777029467106,165.37868369554025,111.78944195528686,6.631541015665206,-130.10485643958077
174.00200309418085,167.92110216288242,113.77656254896127,11.684961435745002,-120.72285387621375
180.66211909784866,171.5708361726465,116.3356990742929,16.81750644970737,-111.1082757602646
188.71639046200752,176.34093748946637,119.49836009784926,22.048808606604606,-101.28749222869405
198.18873397374963,182.24075865852873,123.2880876493309,27.395711607205037,-91.28698322777338
209.10960735128256,189.2771018594351,127.72110090025402,32.87211085483529,-81.13322347138758
221.516322037737,197.45498576841726,132.80688771055745,38.488872926900186,-70.85254584808506
235.45270542071734,206.77797508916223,138.54869181544714,44.253820859263726,-60.470982377974195
250.96804074417204,217.2480263196045,144.94385212583137,50.17177113949765,-50.01408299752025
268.11520850457407,228.86481213916227,151.98396031538795,56.244608162166735,-39.5067137997285
286.9479511228259,241.62449638888842,159.65481335796227,62.4713825155695,-28.97283785624547
307.51718581814936,255.51794303558788,167.93614884646234,68.84842072483153,-18.4352833637284
329.8663017900332,270.5283569166173,176.80116271984457,75.36943583645774,-7.915505543168175
354.02540000449267,286.6283725827027,186.2158214251872,82.02563035458081,2.566649583669136
380.0044698420874,303.7766311458565,196.1379935046392,88.80578539250862,12.993169789725885
407.78554881642566,321.913914315395,206.5164390107501,95.69633235788284,23.348078396411633
437.31398079116644,340.95893987619877,217.28970879238756,102.68140593375554,33.6176007849855
468.48897449868434,360.8039631600014,228.38501917620306,109.74287945652416,43.79028247822889
501.15376574170205,381.3103731863034,239.71718033315895,116.86038594924146,53.85704535154305
535.0857992432161,402.30451777421575,251.1876679124067,124.01132998731453,63.81116894404742
569.9874629790141,423.57403574848365,262.68393641386496,131.17089721076889,73.6481850378182
605.4780196604121,444.86501216617324,274.07907818477065,138.31206962243095,83.36567575320055
641.087475126132,465.8802993231013,285.2319327212307,145.40565580149598,92.96296842745626
676.2531882263776,486.27935678474125,295.9877460130279,152.4203457961146,102.44072450564119
710.3200469669499,505.6799524784125,306.1794680113993,159.3228007140433,111.8004245109534
742.5449973680544,523.662029240704,315.6297572264133,166.07778687881347,121.04375673239421
772.1066030319023,539.7739736660412,324.1537346947772,172.6483638253044,130.1719233412036
798.1201272550734,553.5414251422596,331.5624953745837,178.99613433226597,139.18488391089932
819.6583641057787,564.478633687023,337.6673443530144,185.08156308869687,148.08056238323204
835.7781062679406,572.1022198143706,342.2846797461349,190.86436843039294,156.85404895269227
845.5517403885697,575.9470157143147,345.2413961923344,196.30398884420262,165.49683266973034
848.1030288596232,575.5834853351146,346.3806353959625,201.36012263152898,173.99610333241435
842.6457022853316,570.6360451143179,345.56766674700077,205.99333530294751,182.33416204600573
828.5230873860525,560.801452586707,342.6956453468378,210.16572504989927,190.48797837527883
805.2466719052439,545.8663129703442,337.6909704635766,213.84163217658391,198.42892812887303
772.531301378456,525.7226891674409,330.5179577611393,216.98837390802348,206.1227395032276
730.3246469626596,500.3808007658813,321.18254605823415,219.57698180898566,213.52966677255236
678.8287032348493,469.97787054709033,309.7347852345624,221.58291548551855,220.60490033282738
618.511379957237,434.7823248606189,296.26989620661504,222.98672364723956,227.29921026462316
550.1067351010599,395.1927724758484,280.9277551244978,223.77462232214225,233.55980838904892
474.60303245699424,351.7314636755283,263.8907290499775,223.93896032520476,239.33140186383244
393.21855316785945,305.032249497266,245.3798749401524,223.47854418942865,244.5574005394616
307.3658895892825,255.82339711589407,225.64960227437712,222.3987987550233,249.18123135945316
218.60623610343146,204.90594521836337,204.9809859663164,220.71174541589585,253.14770671677786
128.595896533376,153.12857602726427,183.67399401315984,218.43578742164993,256.40439036057677
39.02778810282984,101.36021359691752,162.03895780379986,215.59530025335948,258.90290444381594
-48.42891424515988,50.46171098162618,140.38765727405223,212.2200344246375,260.6001246176446
-132.18771593063218,1.2580484895239437,119.02441474613079,208.3443475018316,261.4592164583313
-210.79915541661654,-45.48757365181214,98.23758868507332,204.00629103762358,261.45047547075944
-282.997745375814,-89.09649863354674,78.29183204532401,199.24658583105693,260.55194377412545
-347.7392178039615,-128.99319940249876,59.42143156403007,194.10752489447657,258.74978854262986
-404.22647958804356,-164.7189353449835,41.824978159696016,188.6318472790011,256.0384394982702
-451.92346288893606,-195.94004674754999,25.661539686629624,182.86162720701367,252.42049441084313
-490.55685134441256,-222.45078777557833,11.048421647507212,176.8372216984414,247.90641192217842
-520.1064124476856,-244.17091898694122,-1.939484707804013,170.5963161733556,242.51401949679305
-540.7853109501103,-261.13856412145105,-13.268848262054064,164.17310167026537,236.2678705154938
-553.012273979635,-273.4990643672845,-22.94568955464291,157.5976097973615,229.19848828101104
-557.3777990236388,-281.4907239995898,-31.012025488269046,150.89522290417383,221.34153600421308
-554.6067324467466,-285.4284285505759,-37.541613681357006,144.08636785195748,212.7369508718048
-545.5195074612714,-285.68613154289983,-42.6350638863305,137.18639280196263,203.42807738974676
-530.994139569439,-282.67915522789474,-46.414587302091235,130.20561820837406,193.46083077633153
-511.9307680668497,-276.84714621297564,-49.01864213761749,123.1495461774808,182.88291572048465
-489.22014373524416,-268.6383827802075,-50.59670806992271,116.01920688811288,171.7431198049647
-463.71703614230455,-258.495962773399,-51.30438655388849,108.81161706637005,160.09069476731807
-436.21910700308473,-246.84622450130007,-51.29898183886063,101.52032362681207,147.97483291643428
-407.4514008986998,-234.08958184504178,-50.735672541615685,94.13600545140588,135.44424073963611
-378.05626538350197,-220.59379973803271,-49.7643389175541,86.64710767830054,122.54680723288091
-348.5882444036103,-206.68960533517316,-48.527069244990344,79.04048552835172,109.32936088332337
-319.5132986172372,-192.66842815520508,-47.156332032753554,71.30203826564366,95.83750656529674
-291.2115926527538,-178.78199083625776,-45.77377043253972,63.41731800295354,82.11553184621593
-263.98304552772964,-165.24342983438373,-44.48955197117117,55.37210236397893,68.20637125454209
-238.0548551661444,-152.22960934689357,-43.40219060884684,47.15292417251924,54.15161682087151
-213.59026766857238,-139.8842975418887,-42.59874879246067,38.74755507552748,39.9915635305802
-190.69795257174005,-128.32189672043984,-42.1553238731598,30.145443105510992,25.765279083705163
-169.4414533910596,-117.63145311523434,-42.1377250439014,21.338106499833998,11.510688414069287
-149.84829661706542,-107.88071277410886,-42.60225278302687,12.31948754111189,-2.7353353412417434
-131.91845269876725,-99.12003319654804,-43.596501632610725,3.0862707505770715,-16.936880406118142
-115.63194260943342,-91.38600275837494,-45.160118056156904,-6.361830499325862,-31.05891211246519
-100.95546906218138,-84.70465908329496,-47.325457312192256,-16.021815889787128,-45.067199190324864
-87.848020262583,-79.09423192151746,-50.11809612038681,-25.887167117895203,-58.92825375593033
-76.26544603061396,-74.56736511477568,-53.5571709267693,-35.94764449204092,-72.60928705413666
-66.1640423688262,-71.1327958819365,-57.65552448789725,-46.189114014891985,-86.07818203151142
-57.503203225883404,-68.79648848345894,-62.419656103274264,-56.59341012904858,-99.30348295913937
-50.247209990386125,-67.56223419801705,-67.84948302048318,-67.13824145901859,-112.25440158931227
-44.36623305639668,-67.43174153949835,-73.93793223881907,-77.79714868212261,-124.90083871519417
-39.836618495930686,-68.40425086819982,-80.67039305059478,-88.53952491820348,-137.2134195047912
-36.64052908759843,-70.47571703338194,-88.02407103611691,-99.33070958604478,-149.16354059780613
-34.765004949196104,-73.63761326379758,-95.96729363539313,-110.13216640904528,-160.72342668455158
-34.20050661514219,-77.87541976585968,-104.45882552252172,-120.90175508248312,-171.86619412970214
-34.93900389017018,-83.16687163234926,-113.44725837023367,-131.59410400778415,-182.56591915795448
-36.9716779660358,-89.48005257786355,-122.87054369050126,-142.16108848079892,-192.79770818129012
-40.286312330227446,-96.77143319367951,-132.65573870075642,-152.5524148767489,-202.53776801231226
-44.86445960591414,-104.98396398939033,-142.71903302631594,-162.71630685178275,-211.7634739656859
-50.67848580288775,-114.04534328847711,-152.96611801092916,-172.60028458628514,-220.45343418611066
-57.6886092165193,-123.86658667222498,-163.29295011961966,-182.15202288681024,-228.5875489379963
-65.84006666702939,-134.3410266148019,-173.58694525788636,-191.32026884021616,-236.1470640263585
-75.06055290466841,-145.343866753391,-183.72862197374312,-200.05579499830586,-243.11461796437263
-85.25808763652569,-156.73240362807752,-193.59368898217716,-208.31236009135196,-249.47428293264494
-96.31946659161922,-168.34700882794962,-203.05554716563643,-216.0476463338772,-255.21159996074206
-108.10944638709702,-180.01293596955594,-211.98814944439002,-223.22414076402532,-260.31360907713105
-120.47079618744105,-191.54298019088395,-220.26913529079138,-229.80992795327825,-264.7688753979466
-133.22532142113593,-202.74097404846674,-227.78313203150313,-235.77936295654877,-268.56751224257806
-146.17592615361377,-213.40605487043499,-234.42509439820464,-241.11359656602218,-271.7012023672526
-159.10973212858937,-223.3375875390982,-240.103538949823,-245.80092970072076,-274.1632182974027
-171.80221606146813,-232.34057678639613,-244.7435226603643,-249.83697991570114,-275.94844252514736
-184.02226560235232,-240.2313582222034,-248.28921639065436,-253.22465025888363,-277.05338803730496
-195.5379924612457,-246.84332140987686,-250.70593480648193,-255.97389866603692,-277.4762192764119
-206.1230830931444,-252.03239501331512,-251.9815045392503,-258.1013143324416,-277.2167732415763
-215.56341790994944,-255.6820163663444,-252.126881220459,-259.62951557081163,-276.2765800395665
-223.6636538603333,-257.7073177420324,-251.17596192341986,-260.5863910995623,-274.6588818313121
-230.25344637629706,-258.0582898001803,-249.1845803201689,-261.0042130797391,-272.3686488145113
-235.1929879912122,-256.721728345901,-246.22871481340457,-260.9186551757765,-269.41259066419565
-238.3775637638313,-253.72183128459125,-242.4019820545896,-260.3677521894587,-265.7991617382336
-239.74086762716038,-249.11938473107517,-237.81252660600637,-259.3908392529394,-261.53855835452475
-239.25688671855815,-243.0095556954365,-232.57944928381983,-258.02750812965485,-256.6427065633616
-236.9402387000017,-235.51838795355545,-226.82893966045717,-256.31661594459985,-251.12523906610653
-232.84493465595975,-226.7981717047947,-220.69029073489554,-254.29537784043026,-245.0014602564872
-227.06163096997005,-217.02192081647985,-214.29197516148423,-251.99856991749255,-238.28829876359478
-219.71352080912598,-206.3772390837485,-207.7579528156305,-249.45786271608188,-231.00424733136484
-210.95109286958044,-195.05988551088944,-201.2043598815279,-246.70129882971887,-223.16929035073852
-200.94604606188784,-183.26735627401203,-194.73670183154428,-243.75292140086162,-214.80481983931782
-189.8846894171612,-171.19278765274987,-188.44763895103367,-240.63255362955186,-205.9335411123102
-177.9611740187921,-159.01945146495083,-182.41541610378312,-237.3557233627031,-196.57936978329576
-165.37089754520048,-146.91606559606208,-176.70295097866028,-233.93372160695515,-186.76732205420157
-152.30439338336564,-135.0330814774671,-171.3575597017758,-230.3737796259749,-176.52340048593118
-138.94196839057187,-123.50004297631642,-166.41126767536144,-226.67934626698207,-165.87447757579235
-125.44929084143918,-112.42404249676326,-161.88162853026844,-222.85044535294776,-154.8481795026703
-111.97405845561383,-101.88923528578015,-157.77295625422988,-218.88409234255323,-143.47277233869664
-98.64380161507637,-91.95731641586123,-154.0778653377115,-214.77474990066827,-131.77705287506566
-85.56480474376369,-82.66882007659409,-150.77901100368103,-210.5148033874439,-119.79024598192068
-72.82206446280895,-74.04506979572898,-147.85092556582268,-206.0950393773756,-107.54191013189688
-60.48015061172071,-66.09059186018115,-145.26185658952218,-201.50511295372718,-95.06185238074008
-48.58479826778105,-58.79580209523566,-142.97552643945042,-196.73399247545103,-82.38005373184866
-37.1650367905071,-52.13978678161918,-140.95274949064046,-191.7703735773278,-69.52660543003216
-26.235655548681414,-46.09301951460682,-139.15286127156043,-186.60305715143926,-56.53165634628807
-15.79981399827945,-40.61988438114439,-137.53493173793322,-181.22128880716932,-43.42537124083209
-5.851623834713411,-35.680908878576325,-136.05875159511862,-175.61505968661962,-30.237899334259346
3.621439953912226,-31.234644523304187,-134.68559520902116,-169.7753704260879,-16.999352282556977
12.636407475545663,-27.23916641183883,-133.37877557100776,-163.6944614403863,-3.7397903448481777
21.21303287481055,-23.653192900715958,-132.10401569300336,-157.36601353821823,9.510784743784988
29.37239835282307,-20.436851458224606,-130.82966664104825,-150.78532315877843,22.72243192564794
37.135904432637254,-17.552135631400297,-129.52680531828364,-143.9494562871822,35.86526993874931
44.52461945097559,-14.963110591515193,-128.1692453931311,-136.85738442012416,48.90947550618775
51.55893951968556,-12.635931027538359,-126.73349285713388,-129.5101048967435,61.82528282394707
58.258495511965165,-10.538735834224017,-125.19867407162822,-121.91074658430807,74.58298664210179
64.64223597735334,-8.641479980350368,-123.54645932226458,-114.06466042892987,87.15295123953699
70.72861375415481,-6.915756216755945,-121.7609993266438,-105.9794928714351,99.50562752498607
76.53580852105574,-5.334649035441501,-119.82888627098018,-97.66523871440228,111.61158034775723
82.0819264525406,-3.8726516331876226,-117.73914516471145,-89.13426883172502,123.4415278616754
87.38513023170259,-2.5056645758823564,-115.48325590756427,-80.40132725157113,134.96639445007597
92.46366663570137,-1.2110832577703974,-113.05520170197363,-71.48349171574081,146.15737828717252
97.33577353093534,0.032029224763725495,-110.45153548880174,-62.40009189919594,156.98603408661526
102.01946233334658,1.242696031078097,-107.6714530497847,-53.172580109871205,167.4243709833514
106.53218493230054,2.437726570026875,-104.71685936778128,-43.82435049340054,177.44496482936756
110.89040508376769,3.6313866468609888,-101.59241378389343,-34.3805045139714,187.02108348452893
115.10910290203098,4.835065746310434,-98.30553942135236,-24.867562704972357,196.12682298437798
119.20124706943741,6.056969355208757,-94.86638321291721,-15.31312527512683,204.737251806625
123.17727266580597,7.301863378937426,-91.28771460057354,-5.745486975217773,212.82855987938999
127.04460316393265,8.570895311121419,-87.58475348153604,3.8067854944928,220.37820851937352
130.80725333068608,9.861513124232957,-83.77492114212927,13.315302516458488,227.3650771959929
134.4655457866636,11.167498118422614,-79.87751162135565,22.752313602348185,233.76960292013004
138.01596814443045,12.479122454304601,-75.91328503090898,32.09116714777171,239.57390817503247
141.45119034047008,13.783436054072766,-71.90398866148291,41.306751402186634,244.7619136502554
144.760253399897,15.064681229361184,-67.87181604196914,50.37589979969632,249.31943259994242
147.92893184174537,16.304827024279845,-63.83881828851085,59.27774434325892,253.23424440069505
150.94026266992373,17.484209087237247,-59.82628587281572,67.99400221266256,256.49614579193275
153.77522482571248,18.582255145577548,-55.854122137147954,76.50918313429258,259.0969792900048
156.41354452066633,19.578271093130454,-51.9402322756533,84.81070820193452,261.0306393123077
158.83459442821623,20.45225855004861,-48.09995289319231,92.88893460742639,262.2930575599804
161.0183486651174,21.185731743102906,-44.34554748017348,100.737084913589,262.8821701176399
162.94635117498194,21.762499886240946,-40.6857920877041,108.35108383167086,262.7978694719007
164.6026528098712,22.169381080708874,-37.12567309553427,115.72930968818463,262.04194517424213
165.97467228609327,22.396815210521126,-33.66621525428336,122.87227162287256,260.6180171412029
167.05393836151157,22.439346419330732,-30.304453254596666,129.78222681640335,258.5314655785299
167.83667502204827,22.295950468164335,-27.033554117923458,136.4627545114855,255.7893612397154
168.32419802633805,21.970188442898873,-23.843090988632014,142.9183051291581,252.40039920846434
168.52309956165274,21.47017565938569,-20.71946177985305,149.15374332378093,248.37483867319722
168.44520761049677,20.808362863192954,-17.64643898470024,155.1739033656386,243.7244502991879
168.10731740965,20.00113552243694,-14.605830237463891,160.9831738564243,238.4624718696974
167.5307035179635,19.06824569403838,-11.57822332166674,166.58512659640724,232.60357193473422
166.74043187040758,18.032099110323827,-8.543784664464908,171.9822016062226,226.16382034572246
165.76450115839776,16.91692730002238,-5.4830772540912704,177.17545706550845,219.1606638286671
164.63285135947808,15.747880289312207,-2.3778625985580817,182.16438948387233,211.61290420637607
163.37628374920055,14.550079370931826,0.788148076843612,186.94682598270754,203.5406765542383
162.02534089400365,13.347671339439174,4.028625733177336,191.51888733676498,194.96542447695813
160.60919672648998,12.162925356247158,7.354066660473734,195.8750175683881,185.90986982065127
159.15460578973486,11.015411256399005,10.77136931885525,200.0080735313581,176.3979744630216
157.68495721879097,9.921293804737118,14.283560545296481,203.90946614670912,166.4548923178275
156.21947327470602,8.89277143991984,17.889679319637963,207.56934379537154,156.10691030220693
154.7725846602065,7.937680797788772,21.584818598062718,210.9768078247306,145.3813776952138
153.35350592605428,7.059280236224282,25.360318294263237,214.12015014383428,134.30662401106449
151.96602458062478,6.25621717979196,29.204095752048154,216.98710339114072,122.9118661726805
150.6085076163669,5.522675848310641,33.10109437605664,219.56509506509872,111.22710635880244
149.27411961462727,4.848694275204863,37.03382674757719,221.8414982056164,99.28302237939299
147.9512378732583,4.220632838654808,40.982985723004134,223.80387259462503,87.110852788191
146.62404251860073,3.621771112399813,44.928095754839546,225.4401919014922,74.74227915802138
145.2732536053473,3.0330058836749743,48.848176943939826,226.7390536387991,62.20930802385935
143.8769829471488,2.43362076803551,52.72239598513677,227.68987013431115,49.544154949343174
142.41166591286415,1.802096958648832,56.530680987295625,228.28303990033262,36.77913300960698
140.85303761503,1.1169351753730155,60.254280858534514,228.5100997434652,23.946547726409634
139.17711866301224,0.35746064812167333,63.87625424178459,228.36385867439935,11.078600162047696
137.36117773645356,-0.4954142514263111,67.38187755229968,227.838515133049,-1.7927005019801454
135.38464138976954,-1.4584915880052165,70.75896620919053,226.9297592380281,-14.635613987063177
133.22992543586457,-2.5456715053491763,73.99810740320711,225.63486171325545,-27.418735050659453
130.88316668491527,-3.7674315710802375,77.09280648614728,223.95275086208198,-40.11104866454596
128.3348384572128,-5.13041127017253,80.03955214340962,221.88407848473773,-52.6819745828379
125.58023790548393,-6.637107127317108,82.83780782175133,219.43127501095077,-65.10140203373784
122.61983757339767,-8.285680353587367,85.48993839126763,216.59859339678806,-77.33971562900477
119.4594976347898,-10.069875815066013,88.00108174339583,213.39214056969234,-89.36781391089505
116.11053880646104,-11.979048567427498,90.37897503425967,209.8198944594126,-101.15712224145858
112.58967896054956,-13.998292201678538,92.6337446843894,205.8917039883627,-112.6796019778233
108.91883898003208,-16.108661772961554,94.77766818088693,201.61926887586404,-123.90775806260443
105.12482544002201,-18.287483074829822,96.82491435337343,197.01609579609993,-134.8146472826068
101.23889932362087,-20.508739390784612,98.79126727396229,192.09742737163478,-145.3738895028989
97.29624127712886,-22.743526504924688,100.69383742275372,186.88014072386096,-155.55968415826615
93.33532496574747,-24.96056658233185,102.55076240763316,181.3826128644922,-165.34683417122008
89.39721099456823,-27.12677144102065,104.38089845099884,175.62455110488665,-174.7107792590197
85.52477468560419,-29.207845648201115,106.20350314640095,169.6267878673811,-183.6276402874337
81.76188180517714,-31.168919721715895,108.0379096999178,163.4110407659563,-192.07427592735277
78.15252714728628,-32.97520346518116,109.9031930219098,156.9996405194746,-200.02835237734226
74.7399516997705,-34.59264910218354,111.81782860411633,150.4152310838163,-207.46842634319663
71.5657549246709,-35.98861341809516,113.7993460494463,143.68044823513355,-214.37404083280745
68.66901941939075,-37.13250761028517,115.86398033083259,136.81758458720648,-220.72583265581477
66.08546581652419,-37.99642305261004,118.02632523089649,129.8482505576807,-226.5056498428792
63.84665613802413,-38.555720777217644,120.29899483001617,122.79304198943657,-231.69667655306446
61.9792638477102,-38.78957225279791,122.69230023442236,115.67122587534473,-236.28356245594762
60.50442845165614,-38.681439080112035,125.21394983976867,108.50045583918457,-240.2525530940619
59.43721159785907,-38.21947961091982,127.86878219390526,101.296528634599,-243.59161738398547
58.786170165318595,-37.39687128688311,130.65854086197038,94.07319191602383,-246.29056822893486
58.55305977765585,-36.21203872944397,133.58170054289013,86.84201192970187,-248.34117221182314
58.732679531791895,-34.668779301093394,136.63335300795484,79.61230763003319,-249.7372445254547
59.31286553963901,-32.77627998371029,139.80516023419995,72.39115514712704,-250.47472567454577
60.27463721944717,-30.549021931200123,143.0853804281276,65.18346364951758,-250.55173703949183
61.59249625766232,-28.006571873564575,146.45897055127747,57.99212062115679,-249.9686130996238
63.23487393509576,-25.173262576120102,149.90776656778874,50.818201577305466,-248.727908939285
65.16471823759564,-22.07776767128233,153.4107400544782,43.66123645497643,-246.8343825604356
67.34020802738644,-18.752579251372467,156.9443271767381,36.51952249388668,-244.2949524523417
69.71557771405863,-15.233399507173637,160.48282347193762,29.390471514079948,-241.1186317718084
72.24203250127516,-11.5584602921435,163.99883552337417,22.27097820324333,-237.31644131734282
74.86873154420667,-7.76778667327936,167.46377856591093,15.157795416305373,-232.90130419325519
77.54381435261806,-3.902422203163951,170.84840743312398,8.047902582755793,-227.88792561844323
80.21544459918243,-0.0036347448297959772,174.12336710443182,0.9388540883785197,-222.2926617129595
82.8328451861455,3.8878778394228846,177.2597484814388,-6.170904119770402,-216.13338127862036
85.34729898874946,7.732762974395101,180.22963492969626,-13.281759566689908,-209.42932457538402
87.71309109283288,11.49375123606346,183.00662555232938,-20.39270751656169,-202.20096289259885
89.88837050155996,15.136339729078337,185.56632207790176,-27.501179573971427,-194.4698623439794
91.83591209468763,18.62940574958563,187.88676758799,-34.60292914834993,-186.25855480685138
93.52376295031897,21.945737758547132,189.9488270052624,-41.69197381121859,-177.5904183159357
94.92576083360647,25.06247326129202,191.73650122406008,-48.76059228053253,-168.4895685496865
96.02191656038823,27.96143596846869,193.23716889994725,-55.799371784983464,-158.98076235393424
96.79865589729063,30.62936749082565,194.4417521287102,-62.79729997503898,-149.08931357259235
97.24892051236947,33.058051686776196,195.34480444861143,-69.7418944066739,-138.8410208336876
97.37213110604068,35.24433253665836,195.94452170984118,-76.61936194675738,-128.26210640027273
97.17401911630851,37.1900289722336,196.24267830072512,-83.41478022450487,-117.37916476193823
96.66633621589239,38.90175237093628,196.2444929437435,-90.11229344410259,-106.21911932782116
95.86645314104175,40.39063437660202,195.95842973384583,-96.69531542126137,-94.80918539233765
94.7968611807257,41.67197429614828,195.3959412612603,-103.14673353812978,-83.17683747890574
93.48459090705016,42.76481652907851,194.571161531707,-109.44910834460603,-71.34977921649507
91.9605634656286,43.6914693168936,193.50055697472098,-115.58486468494351,-59.35591405515234
90.25889001261132,44.47697657260663,192.2025441352557,-121.53647141432138,-47.22331536189152
88.41613474506302,45.148554701171015,190.69708270572752,-127.28660791543577,-34.98019473629622
86.47055649693898,45.73500619501048,189.0052524141812,-132.8183166651764,-22.654867724336125
84.46134314348593,46.26612143715684,187.14882198315854,-138.11514198422734,-10.275716465955526
82.42785215234605,46.77207962270504,185.14981795866828,-143.1612557900546,2.128850833934189
80.40886961425936,47.28285907075845,183.03010072284533,-147.94157164346112,14.53044339041908
78.44189904474857,47.82766649215132,180.81095448624194,-152.44184862231953,26.90073376842269
76.56249022162274,48.434394043044705,178.51269753754855,-156.64878657874436,39.211505510644294
74.80361734633058,49.12911226011194,176.15431853170412,-160.55011415580486,51.434701547230475
73.19511490807442,49.935606256839435,173.75314413351296,-164.1346705857874,63.542472375322156
71.76317878827228,50.874961866708276,171.32454290343156,-167.39248180186513,75.50722297900776
70.52993935400657,51.96520774030518,168.88166990552273,-170.31483081369316,87.30165752171503
69.51311252342968,53.221018721693426,166.43525611592986,-172.89432167449576,98.89882098017387
68.7257340044363,54.653485118540495,163.993446287711,-175.12493575470052,110.27213709591868
68.17598106543613,56.26995170976426,161.56168845458288,-177.0020784868802,121.39544228646125
67.8670852475184,58.07392947171363,159.1426777005944,-178.52261430792575,132.24301547108797
67.79733832849061,60.0650820199109,156.7363561559245,-179.684887240635,142.7896041094991
67.96019256771366,62.239287635749704,154.3399703773943,-180.48872446393938,153.01044710657013
68.34445477591044,64.58877646413704,151.94818632108397,-180.93542034387445,162.8812955832037
68.93457206297758,67.10234103050315,149.5532610107099,-181.02769874836932,172.37843282993055
69.7110052356114,69.76561665108208,147.1452687598042,-180.76965204574367,181.47869502475612
70.65068378276482,72.5614266330326,144.71237844376924,-180.16665597173574,190.15949448971872
71.72753425936659,75.47018543173749,142.2411768804395,-179.22526050949037,198.3988473627683
72.91307173524677,78.47035121734832,139.7170319193032,-177.9530580131828,206.1754075588653
74.17704191107718,81.53891767951549,137.12448742649514,-176.35853095804066,213.46850877661615
75.48809962145793,84.6519334540601,134.44768105932616,-174.4508828472688,220.25821607079382
76.81450785704465,87.78503637624225,131.67077462840956,-172.23985687432992,226.52538815994163
78.12484025033592,90.91398893662958,128.77838602345798,-169.73554785145146,232.25175118252935
79.38866928040443,94.01520091101499,125.75601119897479,-166.94821360171932,237.4199840727209
80.57722233951013,97.06622521241921,122.59042463367159,-163.8880924129622,242.01381512239854
81.66398832280024,100.04621360527437,119.27004702921268,-160.5652332230823,246.018128659979
82.62525857381313,102.93632003694839,115.78526981393594,-156.98934492484128,249.41908014308663
83.44058783089739,105.72004095774773,112.12872725449972,-153.16967054269512,252.2042173675742
84.09316322391786,108.38348406528485,108.29550861524442,-149.11489106843584,254.36260497556486
84.57007228217512,110.91555934200271,104.28330477897705,-144.83306249301393,255.88494903306062
84.8624642167612,113.30808895073234,100.09248596881055,-140.33158810645133,256.7637181708768
84.96560229129602,115.5558353889773,95.72610958639387,-135.61722654001824,256.9932576614408
84.87880873436598,117.65645014399422,91.18985959415039,-130.69613438888686,256.5698928495313
84.60530720741166,119.61034780120599,86.4919212010332,-125.57394067694653,255.49201856848208
84.15197115866158,121.42051300860773,81.64279675008315,-120.25584900199532,253.76017154560887
83.5289893154012,123.09224977527646,76.65507055056858,-114.74676201224864,251.37708331274
82.74946196471018,124.63288419148586,71.54313186465906,-109.0514219801363,248.34771176235338
81.82894344864458,126.05143273821223,66.32286628897448,-103.17456070147237,244.67925019298875
80.78494739156434,127.35824887376674,61.01132633181048,-97.12105177778933,240.38111343102676
79.63643156201114,128.56466054670025,55.62639207270501,-90.89605853251435,235.46490136002436
78.40327896503932,129.68261072008565,50.18643242404572,-84.50517133952602,229.94434089475973
77.10579081563922,130.72431196379725,44.70997674116981,-77.95452895690366,223.83520807021202
75.76420554338893,131.7019247617226,39.21540541398578,-71.25091949474833,217.1552324467574
74.39825603055252,132.62726748865572,33.72066669982441,-64.4018578290994,209.92398644022813
73.02677501453256,133.51156414378448,28.24302551251835,-57.41563752518296,202.16276245614915
71.66735612215359,134.36523399146768,22.798848256705604,-50.30135657555379,193.89444083707434
70.33607547788925,135.19772535645956,17.403426174890132,-43.06891742210202,185.1433516245218
69.04727636216907,136.01739403871161,12.070838134948971,-35.72900275723047,175.9351330045407
67.81341709521774,136.8314252246227,6.8138523911566296,-28.293029444998435,166.296589066042
66.64498027241169,137.64579643007096,1.643865650957835,-20.773083540260345,156.255549176593
65.55043974153605,138.4652779480798,-3.429123195676432,-13.181839801783841,145.84073089623635
64.5362803292596,139.29346650292547,-8.396508062238347,-5.532469298497862,135.08160793264938
63.607064308317675,140.13284732673236,-13.251043239021953,2.161461286032022,124.00828421568984
62.76553794163008,140.98487965249444,-17.98678769259326,9.88609520875438,112.65137475944931
62.01277111949417,141.850100625111,-22.599030293397355,17.62739293630698,101.0418936054112
61.348323081141885,142.72824282715226,-27.08420006466814,25.37123837340385,89.21114881678085
60.77042743217653,143.61836095190023,-31.439765301141144,33.103541740752064,77.19064423292222
60.27619007859964,144.51896358489208,-35.66412506342063,40.8103372542882,65.01198750109866
59.861794238589205,145.4281465311858,-39.75649615081196,48.47787420203862,52.70680378196192
59.52270730934986,146.3437246081072,-43.716798226550374,56.09270041489026,40.306654474511234
59.25388500794248,147.26335927839796,-47.54553934509625,63.64173746285259,27.842960319527098
59.04996882970732,148.1846799007867,-51.243703736503335,71.11234716631803,15.346928309967634
58.905473442990576,149.10539670728218,-54.8126433565295,78.49238918742311,2.849481951887433
58.81496114241771,150.0234038713541,-58.25397442540467,85.77026956193072,-9.618805431906125
58.773200904058065,150.9368712099306,-61.56947995885098,92.93498005584219,-22.0277744940232
58.7753099243569,151.844323174154,-64.76101914146416,99.97612819701996,-34.347740712688775
58.81687579046741,152.7447038455656,-67.83044429889134,106.88395775878737,-46.549552091954986
58.89405764074014,153.63742668781066,-70.77952618019975,113.649359380926,-58.6046433525681
59.00366485530211,154.52240783494722,-73.60988825031062,120.26387092637117,-70.485086133308
59.14321199678517,155.40008175387348,-76.32295069646972,126.71966711227972,-82.16363464251256
59.31094893081365,156.27139822788035,-78.91988485272446,133.00953794348848,-93.61376616841677
59.50586532426533,157.13779979625605,-81.40157872264413,139.12685553373507,-104.80971588087365
59.72766907197179,158.0011790718848,-83.76861421454933,145.06552904012344,-115.72650543928447
59.97673865827874,158.8638157589221,-86.02125657986373,150.81994766861396,-126.33996506241608
60.25405002849793,159.72829371123242,-88.15945635272203,156.38491203550814,-136.62674891213894
60.561079225528985,160.597399004568,-90.18286382236609,161.75555458741482,-146.56434388840378
60.89968282536775,161.47400072557446,-92.09085573060659,166.9272502771811,-156.13107221685763
61.27195905558047,162.36091698132157,-93.8825734837232,171.89551924496735,-165.30608851988984
61.68009336472402,163.26076946611738,-95.55697171826873,176.65592383349957,-174.0693723801152
62.126193079070525,164.17583074048352,-97.11287558717078,181.2039628394852,-182.40171771353184
62.61211657873349,165.10786912600958,-98.54904466609872,185.53496642922096,-190.28472054758905
63.139303087054735,166.0579967416043,-99.86424095446267,189.6439955832486,-197.70076702657803
63.70860963343606,167.02652664395941,-101.05729809648017,193.52575024035275,-204.63302362355154
64.32016196439602,168.01284523549108,-102.12718871045328,197.17449044689448,-211.06543160718473
64.97322609430863,169.01530602390028,-103.07308661949324,200.58397475193073,-216.98270778023917
65.66610677473298,170.0311504300679,-103.8944208480137,203.74741980050428,-222.37035336530903
66.3960784074559,171.05646063451798,-104.59091849893461,206.6574845585149,-227.2146726612127
67.15935284109565,172.08614843671003,-105.1626340581918,209.3062818592976,-231.5028027345179
67.95108710767587,173.1139828073877,-105.60996327380326,211.68541901680862,-235.22275495716707
68.765432530183,174.1326572948151,-105.93364050082138,213.78606814125902,-238.3634686717544
69.59562484139184,175.13389677266525,-106.13471925281104,215.5990655721837,-240.91487668553393
70.43411309136474,176.1086012775615,-106.2145366064183,217.1150385746159,-242.86798169220359
71.27272328925164,177.04702297420857,-106.17466301245412,218.32455619666376,-244.21494212935926
72.10285103116914,177.9389707053039,-106.01683991603572,219.21830003423463,-244.94916543248218
72.91567591236861,178.77403522742685,-105.74290832257486,219.78724966079756,-245.0654061751444
73.70238939880804,179.54182718696495,-105.3547320149603,220.02287671861123,-244.55986621783222
74.45442711201596,180.23221921835815,-104.85411948973778,219.91734118148105,-243.430293746607
75.16369620836943,180.8355832939447,-104.24274880999644,219.4636831196503,-241.67607798255938
75.82278872780887,181.3430146374172,-103.52209945989219,218.6560034372043,-239.29833638995285
76.42517243628751,181.74653412072036,-102.69339493708887,217.48962750331617,-236.29999140234298
76.96535175015646,182.03926205915423,-101.7575592585388,215.96124633276122,-232.6858340103222
77.43899274323593,182.2155576398651,-100.71518981995678,214.06903094282956,-228.46257199249828
77.84300791164759,182.27111978376993,-99.5665481895835,211.81271666344827,-223.63886109699746
78.17559820678389,182.2030469562597,-98.3115694892035,209.19365543590865,-218.22531806393843
78.43625173639839,182.00985520815271,-96.94989007911929,206.21483542999226,-212.2345149872894
78.625700371824,181.69145544659114,-95.48089237646045,202.8808685673509,-205.68095511453478
78.7458371893928,181.24909251581875,-93.9037648487431,199.19794769500325,-198.5810307442501
78.79959913443543,180.6852500336346,-92.21757457830067,195.17377615130818,-190.9529643782721
78.79082046489907,180.00352602284005,-90.42134931699589,190.81747326599586,-182.81673469593974
78.72406336965373,179.20848516148118,-88.51416565956882,186.1394599095448,-174.1939892281013
78.60443264822106,178.30549393614262,-86.49523985964902,181.15132854527485,-165.10794581104906
78.43738149129132,177.30054512535702,-84.36401788340214,175.86570234522495,-155.58328499443545
78.22851524226058,176.20007789041097,-82.12026151996378,170.29608782724875,-145.64603556837176
77.98339959263805,175.01079934872826,-79.76412771510911,164.4567251857145,-135.32345527465196
77.7073790237816,173.73951290193475,-77.29623872976227,158.36244005969968,-124.6439085905545
77.40541051542306,172.39295784406684,-74.71774121105791,152.02849995293352,-113.63674323928362
77.08191666073203,170.977663944329,-72.0303527649042,145.47047793261746,-102.33216680880636
76.74066141780182,169.4998238398236,-69.23639510316315,138.7041256312112,-90.76112456988857
76.38465084062884,167.96518523703105,-66.3388132794856,131.74525699372094,-78.95517929414441
76.0160603111504,166.37896414798018,-63.34118090606146,124.60964368388774,-66.94639360014206
75.63618906769406,164.74577970872144,-60.24769154771434,117.31292260935888,-54.767215114623795
75.24544221155668,163.0696105631968,-57.06313671603539,109.87051566355319,-42.450364537635956
74.84333987692801,161.35377235274498,-53.79287103816991,102.2975615174879,-30.02872655253527
74.4285528629737,159.60091552744808,-50.44276526216341,94.60885912719515,-17.535243428725167
73.99896373383889,157.81304247833873,-47.01914779812053,86.81882254374042,-5.002811127598001
73.55175216833152,155.99154285963644,-43.52873550000563,78.94144660921863,7.535822261691967
73.0835031570461,154.13724590297363,-39.97855438682872,70.99028317521287,20.048155864680645
72.59033646963385,152.25048849310164,-36.37585100435691,62.978427568050705,32.50203314377393
72.06805561854335,150.3311977482818,-32.727995158988236,54.91851512491411,44.865736661954145
71.51231430111397,148.37898680105894,-29.042374830208928,46.82272771221855,57.108080188833895
70.91879798851053,146.39326238254432,-25.32628420060476,38.70281019078425,69.19849767852817
70.28341793473949,144.37334265685854,-21.58680594068504,30.57009679099654,81.10712848042522
69.60251439853428,142.3185835199348,-17.83068915249595,22.43554728949176,92.80489799151341
68.8730653125369,140.2285112643631,-14.064224708000893,14.309792726537424,104.26359283471477
68.09289601641392,138.10295912391973,-10.293120104942147,6.20319016515916,115.45592956486152
67.26088502281908,135.94220476189957,-6.52237638823096,-1.8741143274538175,126.3556158721553
66.37716014706575,133.74710527929722,-2.756170125316146,-9.912115689022905,136.93740328249905
65.44327875134229,131.51922582416452,1.0022561493728972,-17.900874521776068,147.17713044996515
64.46238538670573,129.26095742113296,4.750691226559979,-25.83043853862138,157.05175630307517
63.439339818788916,126.97561925495148,8.488036162146116,-33.690763404424814,166.539382542427
62.3808083535154,124.66754038193656,12.214364605058112,-41.47163601219991,175.61926528728685
61.29531158991907,122.3421157563167,15.930958242314667,-49.16260358442456,184.271816024593
60.193222262477484,120.00583158938366,19.640313274644633,-56.75291221815151,192.47859241035823
59.086707725607624,117.66625544532619,23.346114241269888,-64.23145856184641,200.22227989352265
57.989612891404015,115.33198714497428,27.053172156811872,-71.58675819054518,207.48666555383977
56.91728105057617,113.01256750906128,30.76732481102471,-78.80693391184853,214.25660594388708
55.88631195477924,110.71834321969527,34.49529820359131,-85.87972667982226,220.51799107603708
54.91425876103398,108.46028758685426,38.24452941504934,-92.79253102211962,226.2577069720568
54.019267856516485,106.24977872901854,42.02295270795219,-99.53245592038492,231.4635993738137
53.21966809461822,104.09833854722291,45.83875225043135,-106.08641096335279,236.1244412784434
52.53351846356844,102.01733780552676,49.70008648427117,-112.44121637041124,240.22990689702374
51.97812554878424,100.01767453017156,53.61479073771689,-118.58373422754076,243.7705544358619
51.56954420784426,98.10943469852643,57.59006612010124,-124.50101706265524,246.7378197650328
51.32207652533102,96.30154569923386,61.63216394129955,-130.18046879308042,249.1240225804806
51.24778524039232,94.60143420492149,65.7460757904719,-135.61001218056637,250.9223861019301
51.356038351119544,93.01470081958487,69.93523991435512,-140.77825629758823,252.127070705564
51.65310143442029,91.54482407581389,74.20127460251742,-145.6746571969317,252.73322120042477
52.14179335092165,90.19290602053877,78.543748885617,-150.2896650193401,252.737026757431
52.821219442736016,88.95747073019365,82.95999997930845,-154.61485118378238,252.13579182865024
53.686594128245346,87.8343256585305,87.44500558526413,-158.643010068457,250.92801578976284
54.72916204022437,86.81649379628249,91.99131744375345,-162.36823067099675,249.1134785351331
55.93622366166166,85.89422229475672,96.58906049501351,-165.7859350732983,246.69332888113448
57.291267933066365,85.05507058315573,101.22599974583224,-168.89288205195237,243.6701724102487
58.77421069728148,84.28407821744099,105.88767456265839,-171.6871357785463,240.04815532736168
60.3617342801811,83.56400987183655,110.55759773929094,-174.16800114824147,235.8330410021963
62.0277201408785,82.87567215796689,115.21751443071852,-176.33592876480213,231.03227612938346
63.743763510947026,82.19829445817442,119.84771401032467,-178.19239390839417,225.65504383255978
65.47975640308805,81.5099637994996,124.42738618614806,-179.7397548466746,219.71230154579035
67.20452339968213,80.78810206101468,128.93501137217484,-180.98109656701146,213.21680209306209
68.88649328984164,80.009972560156,133.34877439756679,-181.92006637788185,206.18309702019496
70.49438893281416,79.15320233405748,137.64699016923078,-182.560707844591,198.62752187729814
71.997917672783,78.19630622047775,141.80852987368667,-182.90729920561193,190.56816376962038
73.36844517009665,77.1191991226552,145.81323668278043,-182.96420179950235,182.0248120593658
74.57963657435366,75.90368356248004,149.64232066362032,-182.73572317391483,173.01889358507105
75.60805045308999,74.53390071725983,153.27872362140675,-182.2259985155042,163.57339414921555
76.433672700882,72.99673451526421,156.70744585023954,-181.4388929071323,153.71276829671427
77.04037967768681,71.28215994673113,159.91582815352814,-180.37792576257505,143.46283956194915
77.41632195505315,69.38352844298612,162.89378394696865,-179.046217680987,132.85069340206414
77.55422218682654,67.29778490626781,165.6339777039207,-177.4464589673804,121.90456496757852
77.45158268418633,65.02561266697619,168.1319473874933,-175.5808982332241,110.65372370125645
77.1108001988932,62.57150424799691,170.38616979088465,-173.45134886064682,99.12835651976121
76.53918715997405,59.943757288663676,172.39806884737771,-171.05921070696493,87.35945103962115
75.74890014520567,57.15439630146729,174.17196795920438,-168.40550424994743,75.37867998037223
74.75677769766415,54.21902209713201,175.71498822913685,-165.4909144203561,63.2182875346207
73.58409073489995,51.15659172621447,177.03689517185285,-162.3158416152503,50.91097815692649
72.25620977388604,47.9891326676674,178.1498970547725,-158.88045780082018,38.489807909932395
70.80219404902704,44.741395774367334,179.0683984978929,-155.18476615549923,25.988078232261234
69.25430837820429,41.440452193651126,179.80871337996467,-151.22866332514243,13.439231772242916
67.64747437892389,38.11524014910857,180.38874148462298,-147.01200401106973,0.8767497744062318
66.01866339407744,34.79606812558522,180.82761370205068,-142.53466823639482,-11.66594958156785
64.406239286859,31.514081663213744,181.14531100023436,-137.79663218603895,-24.155612502910863
62.849260126889504,28.30070164907832,181.36226280743426,-132.79804394442502,-36.55925112024471
61.38674871881693,25.18704269584652,181.49893090671424,-127.53930572174498,-48.84424566116082
60.05694290845756,22.203320902452162,181.57538542619054,-122.02116423305306,-60.97844748916184
58.89653761011056,19.378260976980116,181.61087999658153,-116.24481075208477,-72.93028298828335
57.93993148604169,16.738513330033392,181.62343361249424,-110.21199199417082,-84.6688579843555
57.21849211512397,14.308092272555776,181.62942713978268,-103.92513239279724,-96.16406208010133
56.759854241108535,12.107846824119441,181.64322271677233,-97.38746754033053,-107.38667195979069
56.58726621446289,10.154975802327947,181.67681445816052,-90.60318759729083,-118.3084524109679
56.71899995634537,8.462598769195694,181.73951884360318,-83.57758838309071,-128.90225353627145
57.16783960445252,7.039394009817578,181.83771291892415,-76.31722670483647,-139.1421024081165
57.94066338396297,5.889313975722345,181.974627924493,-68.8300753305311,-149.0032872738428
59.03813213377265,5.011387516686995,182.15020517066225,-61.12567194889684,-158.46243236506277
60.45449628075608,4.399616743370814,182.36101989522294,-53.21525556333812,-167.49756141716614
62.177530889638945,4.042974520107954,182.6002774682367,-45.111883124817865,-176.0881481716185
64.18860574716739,3.925506413044417,182.85788467666995,-36.83051889377907,-184.2151524172047
66.46289431972653,4.026538463481948,183.12059696261602,-28.388089097010994,-191.86104052322096
68.96972193409509,4.320989487697744,183.3722404573484,-19.803494956321167,-199.00978991477527
71.67304977893735,4.7797838066472735,183.59400551598173,-11.097578131160944,-205.64687751948534
74.53208743903652,5.370357478506506,183.76480629258418,-2.293034028973107,-211.75925284860406
77.50202280078011,6.057248348932433,183.86169878979953,6.5857297448175665,-217.33529703189942
80.534854461952,6.8027576574272075,183.86034786182526,15.512790371409917,-222.36476976791172
83.58030839849344,7.567668650355387,183.7355319358281,24.46096042197953,-226.83874674013808
86.58681773697927,8.312005752517223,183.46167283085316,33.402087762662774,-230.74955054758075
89.50254218988793,8.995816427466963,183.01337707113458,42.30739797277757,-234.09067856911406
92.27640214414544,9.579956982002031,182.36597457338627,51.14787019704721,-236.8567313961615
94.85910163486315,10.02686329070832,181.49604057697846,59.89463539014707,-239.04334550614442
97.20411453198105,10.301287754189033,180.38188719980695,68.51938441193049,-240.64713369882966
99.26860922532518,10.370984754318684,179.0040120333132,76.99477250548281,-241.66563648002955
101.01428887932519,10.20732839723567,177.34549270218264,85.2948064140668,-242.09728706421885
102.40812686889713,9.785848377894268,175.39231824507263,93.39520080452606,-241.94139200378592
103.42298019293514,9.08667227195727,173.13365043517808,101.27369175532507,-241.19812867173349
104.03806735173212,8.094865354091766,170.56201064526593,108.9102967845814,-239.86855996889494
104.239301207738,6.800662034181968,167.67339044787389,116.28751314220906,-237.95466574325326
104.01947155150609,5.199586065081192,164.4672866971382,123.39044873987268,-235.45938954693275
103.37827629096078,3.2924596779705695,160.94666423371507,130.20688298697993,-232.3866985634694
102.3222042057851,1.085304623538562,157.11785146801344,136.72725776900947,-228.7416538570322
100.86427591222454,-1.410859365813863,152.99037582616717,142.94460167381743,-224.5304875616925
99.02365294659474,-4.180311008118906,148.57674730983138,148.85439318034258,-219.76068326808584
96.8251276116117,-7.203009366857131,143.89219917834248,154.45437073249636,-214.44105569143176
94.29850838842299,-10.455050478527312,138.95439499714152,159.7442993214679,-208.58182572119344
91.47791728701382,-13.909187126275626,133.78311103353983,164.7257043216659,-202.19468715040784
88.40101651166438,-17.535399726418447,128.39990227699846,169.4015838408057,-195.29286174252897
85.10818231011126,-21.301506199940675,122.82775930386721,173.77611076492155,-187.89113978907145
81.64164393207682,-25.17379888288194,117.09076190724093,177.8543350543472,-180.0059039090261
78.04460533620255,-29.117696902287648,111.21373399737016,181.64189575806265,-171.65513450492824
74.36036675099405,-33.09840291982746,105.22190287991108,185.1447507656781,-162.85839598413475
70.63146250698074,-37.08155364161615,99.14056476625498,188.3689306278497,-153.6368035415959
66.89883079303,-41.033853941704635,92.9947573775396,191.32032097040326,-144.0129709519301
63.20103020808172,-44.923684800100986,86.80893986458253,194.00447622458654,-134.0109404073955
59.57351721319716,-48.72167549082957,80.60668004295934,196.42646570326363,-123.65609594512361
56.04799784233732,-52.40123057538323,74.41034916523958,198.59075156012568,-112.97506241921973
52.65186627897486,-55.939002294371065,68.24082511176604,200.5010969441043,-101.99559228357309
49.4077420989788,-59.31529896293883,62.11720593104053,202.16050174760136,-90.74644265990865
46.333117045567654,-62.51442004381503,56.056537017562135,203.57116276469284,-79.25724527531874
43.44012105276235,-65.52490879103019,50.07355676416549,204.73445482077892,-67.5583718725145
40.735415776799854,-68.33971383125697,44.180467126911466,205.65092948529204,-55.68079763346809
38.22022204187208,-70.95625188095565,38.386737035516134,206.32032829460056,-43.65596502297189
35.89048528368476,-73.37636507795732,32.698947805766075,206.7416079413884,-31.51565026444613
33.73718023330547,-75.60616820727668,27.120690500044873,206.91297556972063,-19.291834414471094
31.746752711777834,-77.65578346393826,21.6525253908891,206.83193308731998,-7.016580714735994
29.90169253356693,-79.53896332338772,16.292013189691353,206.49533020308976,5.278080422434533
28.181227224392323,-81.27260554041344,11.033826425570673,205.8994266552766,17.56025778972962
26.562121679182415,-82.87616817910192,5.869947263180963,205.03996475481847,29.798296487935623
25.01956420312017,-84.37099674790423,0.7899551535431986,203.91225387651698,41.96086550904767
23.52811482409518,-85.77957978656667,-4.218595899282816,202.5112688425911,54.01703594334559
22.062687605941978,-87.12475339636603,-9.169714857336844,200.83176422288636,65.93635034103754
20.599535219112784,-88.42887896279287,-14.07843490954815,198.86840639807428,77.68888412778517
19.117201533204256,-89.71302141729477,-18.96021210026363,196.6159247828898,89.24530030839041
17.597406761139837,-90.99615755222196,-23.830279444674503,194.06928288549167,100.57689897712063
16.02582994376614,-92.29444489561152,-28.70297865233307,191.2238689009426,111.65566336667861
14.392755487316425,-93.62058127109314,-33.59109477733077,188.0757043320325,122.45430429233984
12.693554139365089,-94.98328328109508,-38.505221216076826,184.62166774695729,132.94630486577185
10.928974191850806,-96.38690851207754,-43.453183240146785,180.85972928547415,143.1059672508645
9.105225697201625,-97.83124132045299,-48.43954751256514,176.7891899943384,152.90846300469082
7.233848821457752,-99.3114557738744,-53.46524271327792,172.41091860481376,162.32988819015466
5.331366769796407,-100.81826195507608,-58.52731252116239,167.72757706573626,171.34732397354904
3.418733542113646,-102.33823373805069,-63.61881690419287,162.74382512663476,179.9389028500278
1.5205965760378426,-103.85430774702192,-68.72889120438539,157.466493636023,188.08388000357985
-0.3355964576266697,-105.34643498286908,-73.84296521293793,151.9047160799919,195.7627086451841
-2.1206093926384124,-106.79235903956857,-78.94313673206638,146.07000831598717,202.95711753014547
-3.804504153166306,-108.16848840366208,-84.00868647703501,139.9762875085903,209.6501882836559
-5.35775424482236,-109.45082544422159,-89.01671405940301,133.63982296463823,215.82642971262456
-6.752335374632494,-110.61591168029301,-93.94286866050084,127.07911386743893,221.47184599726148
-7.962744177602758,-111.64174796202147,-98.76214324118718,120.314691751929,226.5739955739495
-8.966899366392765,-112.50864939149653,-103.44969803808733,113.36884882536555,231.12203766435925
-9.746885375042012,-113.1999980710909,-107.98167785139799,106.26529676041011,235.10676378069851
-10.289506412607924,-113.70286189809669,-112.33598829110456,99.02876417412669,238.52061213107308
-10.58662832041979,-114.00845430467665,-116.4929986442772,91.68454443952312,241.3576636311449
-10.63529618219996,-114.1124176605333,-120.43614316183289,84.25800853152474,243.61361915032126
-10.43762665692157,-114.01492154260784,-124.15239804336076,76.77410007123969,245.28575862060072
-10.000484864184171,-113.72057573951858,-127.63261785160844,69.25683141406418,246.37288364256008
-9.334965755182381,-113.23816621984088,-130.87172209828685,61.72880038428238,246.87524616148693
-8.455708720205243,-112.5802299193926,-133.86872988231292,54.210747004846645,246.7944665858035
-7.380081285360255,-111.76249073174858,-136.6266473221954,46.721168285992135,246.13344531764707
-6.127272823707905,-110.80318424513797,-139.15221874450916,39.27600687005403,244.89627201445953
-4.71734206391692,-109.72230238206723,-141.45555787556222,31.888426201642933,243.08813697238782
-3.1702627651929696,-108.54079108708454,-143.54967941940097,24.56868108119338,240.71524881032036
-1.50501030131025,-107.27973458398625,-145.44995426390895,17.324088193132962,237.78476215262938
0.2612717759844472,-105.95955857392312,-147.1735130937063,10.159096735364027,234.30471829476042
2.1139915934298052,-104.59928221728353,-148.73862343642935,3.075454882541891,230.28400094147457
4.041688582923175,-103.21584502464549,-150.16406422462853,-3.9275362483379723,225.7323080984197
6.036454299608618,-101.82353009168376,-151.46851996629974,-10.852692965224849,220.66014014570615
8.094184650638127,-100.43349967968358,-152.67001376499786,-17.704558293118925,215.07880310090064
10.214662868943677,-99.05345320186167,-153.78539491827667,-24.488966663992223,209.0004251562604
12.401481580022994,-97.68741146079283,-154.8298928613789,-31.212581417395448,202.4379838094822
14.661820802731434,-96.33562472778348,-155.81674501995292,-37.88242252290026,195.40534034337986
17.006106283433766,-94.99459619596266,-156.75690189000275,-44.505401054314255,187.91727807504864
19.447578785033333,-93.65720671445266,-157.65880855996818,-51.08787529927973,179.989540700374
22.00180945874696,-92.3129217673985,-158.52825809702583,-57.63524113339234,171.63886719798376
24.68619887267463,-90.94805765269302,-159.36830888841058,-64.15156660966116,162.88302010616516
27.51949736669233,-89.54608099892624,-160.1792552926097,-70.63927780887781,153.74080451264697
30.52138193443743,-88.08791438932033,-160.95863893192686,-77.09890006060783,144.23207575586719
33.712119691399714,-86.55222117373103,-161.7012867473132,-83.52885585891866,134.37773457915316
37.1123401997597,-84.91564474097183,-162.39936162066218,-89.92531831895172,124.19970925379533
40.74292867626226,-83.15298172656907,-163.04241201001935,-96.28211697388923,113.72092494435981
44.62503979115037,-81.23727488427247,-163.61740867482087,-102.59069118429862,102.9652612840633
48.780217963278616,-79.13981956777471,-164.1087591948587,-108.84008547185627,91.95749972029543
53.23059557116768,-76.83008771259844,-164.49829457143085,-115.01698070721835,80.7232626506267
57.99912633283549,-74.27558446047391,-164.76522665640618,-121.10575525310063,69.28894667490331
63.10979842274011,-71.44166452329621,-164.8860803406447,-127.0885708322717,57.681652427851844
68.58776196111509,-68.29134724560787,-164.83461013684246,-132.9454789747648,45.929113425512774
74.4592996172352,-64.78518013139393,-164.58171673130195,-138.65454529719074,34.059626162975945
80.75156841553374,-60.88120926612979,-164.09538489902266,-144.19199046234792,22.101983355197593
87.49204641300798,-56.535120445206104,-163.34066945413608,-149.53234833352803,10.085411736790824
94.70763037578786,-51.700615805718336,-162.2797601656389,-154.6486434438453,-1.9604847406064607
102.42335010018017,-46.330086383531395,-160.87215929695742,-159.51259131721991,-14.005776122007084
110.66069119522514,-40.37563058101381,-159.07500611766733,-164.09482627981438,-26.020252561769244
119.43554991191371,-33.790451720518234,-156.8435809188311,-168.36516207584452,-37.97346649576304
128.75587923094903,-26.530644862890142,-154.13201636309986,-172.29289075292354,-49.834772658184875
138.61912252841185,-18.557354662771733,-150.89423618530515,-175.8471248344721,-61.57336826415488
149.00956682351608,-9.839253612734769,-147.08513029536687,-178.9971867037806,-73.15833608943416
159.89577863067572,-0.35525560844824433,-142.66196143637902,-181.71304737271183,-84.55869342877381
171.22830846291623,9.902654112478016,-137.58598221073623,-183.96581442412645,-95.74344997874017
182.9378619619992,20.92662202821234,-131.82422329587283,-185.7282659702482,-106.68167755199417
194.9341339151796,32.69033565088598,-125.35139510280655,-186.9754240742836,-117.34259418107915
207.1054843952247,45.14682678110433,-118.15182730012614,-187.6851574002784,-127.69566461801739
219.3196034240344,58.22685877474902,-110.22135501543787,-187.8387990885161,-137.71071849987564
231.42526276356284,71.83807648913312,-101.56904867638113,-187.42176223786876,-147.35808656411737
243.255192963448,85.86507156280528,-92.21867783367534,-186.42413217255844,-156.60875430476236
254.63005429321993,100.17047547916397,-82.20979917000679,-184.84121214762865,-165.4345314171467
265.3633964574944,114.59714018689347,-71.59836612449743,-182.67399756378697,-173.8082343468103
275.26742962354564,128.97140389511927,-60.45677253843077,-179.9295533468994,-181.7038783009939
284.1593641867726,143.107372136865,-48.873265237826075,-176.6212700776488,-189.0968742629651
291.8680245316552,156.81207621951214,-36.95068964540207,-172.7689768393009,-195.96422592506005
298.2404076944204,169.8913080775135,-24.80456684603439,-168.39889260515844,-202.28472107190296
303.1478448739042,182.1558775498683,-12.560537932765342,-163.54340323222368,-208.0391118307872
306.4914340383445,193.4279998731132,-0.35124942149212757,-158.24065758098556,-213.2102783744831
308.20644536157147,203.54750130125615,11.687210709400887,-152.5339836601027,-217.78337110781337
308.26545582117535,212.37753138211045,23.419185972988075,-146.4711336296096,-221.7459270685207
306.68004110078186,219.8094919921724,34.71346955992436,-140.10337455036543,-225.08795718575522
303.50093657064787,225.76693444611587,45.44729007130167,-133.4844494662696,-227.80200211187218
298.81666820919435,230.20823387494872,55.51008396348738,-126.66944026887666,-229.88315551300576
292.7507421281103,233.12792024001772,64.80688198013064,-119.7135693713793,-231.32905490456363
285.4575613822626,234.55662247218604,73.26115580315373,-112.67098112633491,-232.1398412833009
277.11730533133886,234.55966048313053,80.81699967561195,-105.59354587061176,-232.31808987787247
267.93005564620717,233.23439344807807,87.44055779149429,-98.52972930570355,-231.86871526302764
258.10948144876636,230.70649665856865,93.12064919436114,-91.52356759145738,-230.79885481944552
247.876403173258,227.12538927008674,97.86858482632644,-84.6137841572268,-229.11773504512996
237.45254143944967,222.65906864316696,101.71721320023401,-77.83307806201015,-226.83652552242594
227.05472598957024,217.48862242053184,104.71926910608786,-71.20760612522906,-223.96818541690885
216.88979423065857,211.80268722474392,106.94513141195853,-64.7566724542215,-220.52730724166204
207.1503535912407,205.79210449096126,108.48011959588473,-58.492629919701656,-216.52996228276766
198.01152151293473,199.64499215963295,109.4214730879518,-52.420989102321755,-211.99355157585632
189.6286960891278,193.54240919570918,109.8751625111757,-46.540721758090996,-206.93666568045637
182.13635325544035,187.65474200832432,109.95267790920104,-40.84473837979385,-201.37895575183586
175.64781634589988,182.13889166361656,109.76792708421117,-35.32051333484581,-195.3410175933298
170.2559030838912,177.13629184300353,109.4343587603464,-29.950826601044128,-188.8442895190499
166.0343249564973,172.77174275862745,109.06240225570943,-24.71458844846555,-181.91096399940318
163.0396946883587,169.15300791519988,108.75728962664763,-19.587712556688672,-174.56391223018807
161.31398855789038,166.3710901049788,108.61729972518454,-14.544003927612295,-166.8266199875599
160.88731024475018,164.5010809343403,108.73243797390325,-9.556030373683107,-158.72313243166957
161.7808099249185,163.6034643727759,109.18354230272094,-4.59595006914973,-150.27800492384088
164.00962432528343,163.7257485606204,110.04178563861706,0.3637276650055128,-141.51625644642627
167.5857182338898,164.90430025306046,111.36852924241317,5.349465855646443,-132.46332187899887
172.52052347262935,167.16626140450705,113.2154693329397,10.386119560236619,-123.14499920489145
178.82728578018848,170.53143601627497,115.62501180018587,15.496458080040934,-113.58738771151496
186.52304200747358,175.01404605839048,118.63080610869042,20.700790806980216,-103.81681341716167
195.6301585354039,180.6242668035681,122.25836928239511,26.01669313398666,-93.85973831428818
206.17736643472722,187.3694633356188,126.52573360188188,31.458824931037743,-83.74265057021883
218.2002296824755,195.25506071920347,131.44405677099255,37.0388310241874,-73.49193357315247
231.74098036008405,204.2849901217758,137.01814029624376,42.76531096953085,-63.13371265306941
246.84765035572286,214.4616622147136,143.24681022192414,48.64384418861112,-52.69367943761419
263.572424369709,225.78542794859368,150.12312383189527,54.67705617841478,-42.196895110030084
281.9691361489819,238.25349609412262,157.63437623186758,60.864711941910585,-31.667575299748556
302.0898314282253,251.85828778233054,165.76189172683655,67.20382388938823,-21.12886092608951
323.98032989425997,266.5852218088432,174.48059654577062,73.68876310539014,-10.602580988831846
347.67473758903594,282.4099418349888,183.7583817137867,80.31136492099978,-0.10901499956552385
373.18889336701034,299.2950188368545,193.55527769794793,87.06102203885298,10.33333559975067
400.5127807192214,317.186189942038,203.8224757676079,93.92476089841858,20.707956169854874
429.60200102700753,336.00822840715625,214.5012446206813,100.88729942543229,31.000495628720202
460.3684864020712,355.660578547647,225.52180439596702,107.93108668305301,41.19889819614377
492.67072826404785,376.01293276116746,236.80223320389558,115.036327152247,51.29347669407034
526.303908112274,396.90097330298573,248.2474930591889,122.18099435319586,61.276914197831644
560.9904335066375,418.12254612166157,259.74867170005774,129.34084023194353,71.14418181950225
596.3714964187013,439.4345738515015,271.18254318829025,136.48940814377443,80.89236225150968
632.0003717152612,460.5510451978882,282.4115522707938,143.5980583427444,90.5203714752183
667.3382474538672,481.1424331357838,293.2843241084621,150.63601561379872,100.02857476285757
701.7534116359315,500.8368891675851,303.63679111719307,157.57044903878665,109.41829772616518
734.5245979357131,519.2235303956548,313.2940115341702,164.36659384310948,118.69123856662968
764.8492033149187,535.8580764969939,322.07272952178306,170.9879247928663,127.84879365379496
791.8569245605867,550.2710027690715,329.7846942732267,177.39638966363265,136.89131480723975
814.6291153846588,561.9782536245009,336.24071644371946,183.55270983902759,145.81732281525288
832.2238447781891,570.4944116214755,341.2553957639356,189.41675308262109,154.62270736074768
843.7062532877492,575.3480470122228,344.6524060837547,194.94798093603873,163.29994817865523
848.1833782273039,576.0987918839758,346.27017619751246,200.10597003200076,171.8373954781707
844.8421814736546,572.3555042102976,345.9677599953671,204.85100291485608,180.21864900780636
832.9891011420573,563.7947256286737,343.63065145560245,209.14471982548446,188.422074287346
812.0891018026234,550.178508569296,339.17627244284995,212.95081848563794,196.4204912739418
781.8019578123914,531.370608967016,332.55884758642514,216.235784425129,204.18106502710367
742.0134072543111,507.35002340521623,323.7733833761576,218.96963011068388,211.66541993682506
692.8588872590669,478.2209033958392,312.8584896994457,221.1266173810173,218.82998912263514
634.7378191369643,444.21800834886676,299.89782171532465,222.68593481794915,225.62659922816667
568.3168511683472,405.7070598535261,285.01997709293823,223.6323000326924,232.0032787110208
494.52106730123046,363.17962345246195,268.39675557188315,223.95645672454722,237.90526565304515
414.5128928189654,317.2424537686708,250.2397704355588,223.6555380038268,243.27617992951957
329.6592195625585,268.60157274970476,230.7954895607847,222.73327097716214,248.05931508631363
241.48806932794554,218.04168332922666,210.33887117887204,221.20000294703993,252.19899819153062
151.6368462064252,166.40182505993948,189.16584004879215,219.07253659818565,255.64196179486552
61.79483144609785,114.54842868492906,167.5849173908992,216.37376989482928,258.3386712659708
-26.35700746760306,63.34710161694736,145.90836749534438,213.1321456181685,260.2445532638773
-111.20562737407482,13.634560616776085,124.44325158278109,209.38092494886018,261.32107672351725
-191.2617209358494,-33.8078857367438,103.48278314119896,205.1573086006834,261.53664610208585
-265.208794931173,-78.27801250566765,83.29835839282896,200.50143709046168,260.86727707509567
-331.9430758257275,-119.17241646357336,64.13259248423361,195.45530819277985,259.29703663653345
-390.60246152643737,-156.00148763891104,46.193629918245364,190.06165399438268,256.81824179669053
-440.5835002600947,-188.39909758462605,29.65092154301273,184.3628219088087,253.43142294833234
-481.5461758504349,-216.12682011172916,14.63257589682496,178.39970340107539,249.145068727164
-513.4070460304188,-239.07282622056937,1.2243060844899105,172.21075107078394,243.97517820300197
-536.3219565211087,-257.24589003568025,-10.530089333662062,165.831119407544,237.94465305941702
-550.6600907221156,-270.76518659577573,-20.626846369485946,159.29195738891283,231.0825668084639
-556.9714816974652,-279.8467411865873,-29.099151341398596,152.61987268610255,223.42335000275537
-555.9502965213079,-284.7874961035797,-36.01309052085165,145.8365781951726,215.00592999277077
-548.396207425837,-285.9479936697782,-41.462897462384944,138.95872255622547,205.87286132919476
-535.1760093405223,-283.7346395440036,-45.565769571029165,131.99789785458015,196.06947883252883
-517.1873606839563,-278.5824183101822,-48.456516831812735,124.96081032504998,185.6431001131743
-495.32615211041,-270.93879789052403,-50.28228300634109,117.84959398987787,174.64229840739463
-470.45858719315487,-261.24939599848483,-51.19754613273696,110.66224299629945,163.11626045655353
-443.39862879705856,-249.9458062054547,-51.3595643620543,103.39313607587424,151.11423820073247
-414.8910589675942,-237.43580744376322,-50.92438858001722,96.03362597648561,138.6850976047482
-385.6000447988947,-224.0960207114756,-50.04351820050185,88.57266774881808,125.876963218151
-356.10281547862417,-210.26693914118033,-48.86123380667192,80.99746213504622,112.73695323097627
-326.8878453031403,-196.25014792710556,-47.51260217054859,73.29409367682416,99.31099688017521
-298.3568047305451,-182.30747119643985,-46.122117131794894,65.44814716975245,85.64372407249903
-270.82948082704183,-168.66173332310956,-44.80291471334897,57.445290377574516,71.77841594523649
-244.5508694376656,-155.49879979774437,-43.656482932256566,49.271815143071905,57.757004678096855
-219.69969096971366,-142.9705634493775,-42.77277575365112,40.915132900311995,43.62011106442638
-196.39766569140698,-131.1985605785127,-42.23063587643394,32.36422387159572,29.407109010380807
-174.71898922836962,-120.27793317332144,-42.098431622794905,23.610041755878072,15.156207122391466
-154.69956231666714,-110.28149285037163,-42.434818100033795,14.645877387074734,0.9045387452821756
-136.34564088069922,-101.26368510157025,-43.28954096993516,5.467685631108722,-13.311746875148977
-119.64167570429248,-93.26429527896907,-44.704211628700165,-3.9256202694134643,-27.457398293213636
-104.55720044519421,-86.31177787793312,-46.71299453284513,-13.531903519888324,-41.49798511112338
-91.05269990771326,-80.42612638132968,-49.3431601310501,-23.345565849478177,-55.39983422701487
-79.08444668421802,-75.6212313453205,-52.61546987800685,-33.35733686223453,-69.12998140971298
-68.60833436364308,-71.90669940076187,-56.54437277138926,-43.55409292316544,-82.6561395153431
-59.582761407895816,-69.28912583049531,-61.138005552948314,-53.918710168393005,-95.9466837725023
-51.97063409381193,-67.77282917081833,-66.39800102377275,-64.42995844754154,-108.97065379641413
-45.74056248650903,-67.3600689102688,-72.31912075910301,-75.06244491572463,-121.69777134721916
-40.86732314880502,-68.05077793391925,-78.88873978302342,-85.78661740425632,-134.0984723200603
-37.331658907279774,-69.84185094554167,-86.08622134700542,-96.56883844933313,-146.14395104239395
-35.11948185774941,-72.72603958891118,-93.8822296389887,-107.37154081287063,-157.8062146560277
-34.22054283359816,-76.69051502636356,-102.23803672357397,-118.15347439572889,-169.05814517586788
-34.626630215246095,-81.71516964315666,-111.1048868676337,-128.87005257635343,-179.87356674373035
-36.329364134561374,-87.77074129594251,-120.42348613578434,-139.47380321667106,-190.2273156309241
-39.31765918527727,-94.8168557014229,-130.12368718400631,-149.91492593236825,-200.09531068256646
-43.57493950808839,-102.80009439045462,-140.1244379622018,-160.1419528581267,-209.45462213176933
-49.07620386848777,-111.65220603224171,-150.3340580353483,-170.1025052414534,-218.28353702948493
-55.78505388934333,-121.28858651313531,-160.6508970539222,-179.7441330181967,-226.56161991921246
-63.65081431509619,-131.60715644328423,-170.96441635826815,-189.0152193475152,-234.26976781282673
-72.60588811539898,-142.4877622688364,-181.15671688208405,-197.8659272333208,-241.3902589693763
-82.56349922771102,-153.79221755498986,-191.10451486020338,-206.24916116056977,-247.90679541516658
-93.41597960224726,-165.36508328207893,-200.68154215744892,-214.12151344499858,-253.80453954278093
-105.03375292628678,-177.03525968286232,-209.7613215109408,-221.44416301492657,-259.0701454624244
-117.26515333065451,-188.6184274318167,-218.22024015371397,-228.1836938358402,-263.6917860283227
-129.9371924908458,-199.920333846618,-225.94081996445047,-234.31280129690794,-267.6591766088303
-142.85735261121584,-210.74087197903904,-232.81506040925441,-239.810857651066,-270.9635967015996
-155.81643657538308,-220.87884966249766,-238.74771403822945,-244.6643119802099,-273.5979104132571
-168.5924518665532,-230.1372950353637,-243.65934491277972,-248.86690597928748,-275.5565866338112
-180.9554445590519,-238.32909853383765,-247.48901943646803,-252.4196938504442,-276.8357194551291
-192.67313753366776,-245.28275278672106,-250.19648747154946,-255.33086241662386,-277.43304903310946
-203.51716753752723,-250.8479250099761,-251.76372950030003,-257.6153557822987,-277.34798270290423
-213.26966360585675,-254.90058459744662,-252.1957723433151,-259.2943170298214,-276.581615757251
-221.72986942192117,-257.34741391002245,-251.52071022686258,-260.39436707942474,-275.1367509217965
-228.72048860528133,-258.1292538101226,-249.78890775984559,-260.9467475233643,-273.01791523871736
-234.0934278771343,-257.2233768439404,-247.07140405253045,-260.98635959328857,-270.23137282714254
-237.73463034005448,-254.6444381720806,-243.4575798546259,-260.5507351437065,-266.7851318461217
-239.56772982146663,-250.4440239564515,-239.05218918687103,-259.6789774490746,-262.68894395574796
-239.55631563044778,-244.70879425974437,-233.9718906386162,-258.4107096507646,-257.95429465914134
-237.70467165226316,-237.55729707734102,-228.341438885351,-256.7850669063758,-252.59438310828705
-234.05693939975413,-229.1356059985217,-222.2897122776639,-254.83976485359617,-246.6240902586163
-228.6947452696893,-219.61200044779264,-215.94575660670984,-252.61027216700217,-240.05993464235644
-221.73342104613297,-209.17095945635302,-209.4350182865444,-250.12910909603175,-232.9200154752999
-213.31702692060043,-198.00677360930595,-202.87592301243154,-247.42528731020303,-225.2239432892984
-203.61245189896047,-186.31709289921454,-196.37693003875293,-244.52389954543514,-216.9927587646316
-192.8029126180926,-174.2967201318536,-190.03415976933547,-241.4458608344988,-208.24884089552165
-181.08119516459476,-162.13193148493377,-183.92965596148446,-238.2077968697346,-199.01580603276747
-168.64298429020363,-149.9955606400943,-178.13030626019454,-234.8220695844562,-189.31839968869224
-155.68060128983495,-138.04302471925257,-172.68740865619662,-231.29692557580591,-179.1823832456663
-142.3774284618482,-126.40940405442251,-167.63683914412712,-227.63674967039444,-168.63441786930886
-128.90323877800458,-115.2076189762534,-162.99974920594215,-223.84240381728424,-157.7019479879255
-115.41057951517715,-104.52768055768404,-158.78370202286828,-219.91163056536408,-146.4130866616872
-102.03228405119823,-94.43693324052451,-154.98414414616698,-215.83950056044836,-134.79650503562078
-88.88011269109344,-84.98115918944507,-151.58610472439025,-211.61888464296865,-122.88132786121099
-76.04445660726934,-76.18637953876318,-148.56601672686253,-207.24093306080735,-110.69703679534324
-63.59498311219797,-68.06116759110338,-145.89356291025092,-202.6955468305022,-98.2733828596221
-51.58205861913606,-60.599283377932814,-143.53346223009157,-197.9718291705446,-85.64030908253957
-40.03875944487298,-53.78244655152339,-141.44712852445247,-193.05850798432135,-72.82788396801817
-28.983270298931714,-47.58308319846449,-139.59415109256608,-187.9443233936844,-59.86624604985059
-18.421474825826756,-41.96690909577006,-137.93356485616107,-182.61837714786975,-46.78555941350106
-8.34955980727555,-36.8952441267712,-136.42489491544634,-177.07044321732786,-33.61597970471342
1.2435182704920749,-32.32698699255552,-135.02897553855064,-171.2912409220717,-20.38762980350156
10.3738218915536,-28.220213209764868,-133.70855627950422,-165.27267346921167,-7.130584028084916
19.0605571104065,-24.533390339022723,-132.42871761692257,-159.00803574832685,6.125140551076209
27.324577744691542,-21.226230676012634,-131.15712511836975,-152.49219565355753,19.349587359597294
35.187278431006305,-18.2602221196411,-129.86415476299294,-145.72175309554694,32.51286001899631
42.669856156791695,-15.598892085008835,-128.5229229725516,-138.6951802889247,45.585120565657554
49.79289641162797,-13.207867183488911,-127.10925350696634,-131.41294593041556,58.53658838988231
56.57622358901777,-11.054793433846648,-125.60161014593399,-123.87762461543744,71.3375421784318
63.03894585046705,-9.109178821888527,-123.98101950163863,-116.09399138962786,83.95832716579675
69.19962193549924,-7.342213129551318,-122.23100287768497,-108.06909981751517,96.36936995159216
75.07648054305002,-5.726610242273665,-120.33753025698299,-99.81234049976088,108.54120301409871
80.68763081371924,-4.236506744934459,-118.28900366105512,-91.33547570845408,120.44450083362916
86.05121384648996,-2.8474385732171754,-116.0762716027484,-82.65264485369084,132.05012922878245
91.18545878619666,-1.5364056974072113,-113.69267141185443,-73.78033494804387,143.32920910050504
96.10862157908785,-0.28202399940825984,-111.13409203885615,-64.73731018051535,154.25319527707538
100.83879890660762,0.9352458089338569,-108.39904666428819,-55.54449520309355,164.79397056755352
105.39362314785514,2.1328098428997464,-105.4887421344697,-46.22480779332342,174.92395447873983
109.78985577457887,3.32561633518295,-102.40713093685994,-36.80293816878137,184.61622535728858
114.04290584674868,4.525821000345729,-99.16093111125281,-27.305074338867705,193.84465401539978
118.16630695398871,5.742470317860139,-95.75960012637732,-17.75857538888963,202.58404622472673
122.17118992134277,6.981230161763797,-92.21525027018683,-8.191597368060865,210.81029085930732
126.06578990324195,8.244185182259017,-88.54249541956037,1.3673206684879347,218.50050997798348
129.85502528677992,9.529730960097126,-84.7582220648089,10.88970012074413,225.63320679971525
133.54018236639598,10.8325764651061,-80.88128104185915,20.34758295497936,232.18840737527904
137.11873435699954,12.143869014190969,-76.93210042665285,29.713993580124658,238.14779182131866
140.58431634679775,13.451447994731083,-72.93222431042442,38.963386225714004,243.49481126853112
143.92686964967095,14.74022734301819,-68.90378652123327,48.07206097533398,248.2147871823804
147.1329601132065,15.992700385944289,-64.86893258970235,57.01853191957723,252.29499042234642
150.18626569439655,17.189554406605367,-60.849207166605424,65.78383213344155,255.72469827857017
153.0682194561074,18.310376420719663,-56.86492747044437,74.351742330979,258.49522871320846
155.75878548465386,19.334426391257438,-52.93456596085528,82.70893301422875,260.59995207578237
158.23733749113762,20.241449702276284,-49.07416709815823,90.84501356373818,262.0342815893117
160.4836034219101,21.012497389863242,-45.29682358766553,98.75248581072621,262.7956448464692
162.47863461387945,21.630720598865352,-41.61223678883833,106.42660394560511,262.88343934645985
164.2057551800085,22.0821051750694,-38.02638392104923,113.86514689285374,262.29897568750965
165.65144661566194,22.356113338895014,-34.541311317739755,121.06811325609067,261.0454123652772
166.806124198997,22.44620207515605,-31.155068348872874,128.0373523678205,259.1276861916553
167.66476562768034,22.350192186990668,-27.861790914086512,134.77614766110804,256.55244213964926
168.22735837453436,22.070467778726467,-24.6519368573192,141.28877036489973,253.327965958229
168.49914021107827,21.61399303093009,-21.51266859566593,147.58002232402856,249.46412222571112
168.4906168698712,20.992141194515057,-18.428371077830647,153.65478654121722,244.97229967755712
168.2173514125774,20.220339359790657,-15.381286313611156,159.51760288254474,239.86536472156868
167.6995309737181,19.317541290048254,-12.35223957442399,165.1722843916574,234.1576231134708
166.9613275414901,18.30554895481768,-9.321427358687885,170.62158698470967,227.8647888806295
166.03007968705614,17.20821086458575,-6.2692336897131895,175.8669421452638,221.00395881620017
164.93533106632694,16.050531445011558,-3.177039523154093,180.90825882340928,213.59359027338132
163.70776857321795,14.857730116422232,-0.02799013136946371,185.74379728418444,205.65347960593382
162.37810781594635,13.654291190275345,3.1923126782949254,190.370114350379,197.20473844543054
160.9759758578693,12.463046011185043,6.495222876586297,194.78207651965727,188.2697650768266
159.52884081454923,11.304326952416162,9.888591090080567,198.97293494244173,178.87220845370067
158.06103500078294,10.195229044973416,13.376451530542091,202.93445431860516,169.03692285000025
156.59291310630712,9.149009443493526,16.958865119618196,206.65708645480748,158.78991173168012
155.14017971728614,8.174647970737027,20.63192127603761,210.13017852344737,148.15826009931556
153.71341187016327,7.276584077628755,24.387893295511432,213.34220594335358,137.17005524874142
152.317792771787,6.454637190628205,28.215535301937344,216.28102019404122,125.85429657159276
150.95306291870008,5.7041090812606825,32.100502770334,218.93410269003914,114.24079562777376
149.6136851581737,5.016059042782061,36.025873919392595,221.2888169753849,102.36006823293641
148.2892112610369,4.377735695168113,39.97274604557715,223.3326528421621,90.24322069213575
146.9648297457014,3.77314347730362,43.92087921150196,225.053457424284,77.92183256307952
145.62206832365015,3.1837175411290843,47.84935958954555,226.4396497703398,65.42783844639395
144.23961963212227,2.5890779482257216,51.73725607932725,227.4804167720154,52.79341128270441
142.79425596458253,1.9678327938136704,55.564246362856665,228.16588954741357,40.050849500814955
141.26179747713834,1.298400062220125,59.31119207135234,228.48730039871367,27.232470126430275
139.61809871571117,0.5598194898719839,62.960646912643305,228.4371212450386,14.370509647855746
137.84002007375238,-0.2674717428178326,66.49728613411897,228.00918495444643,1.497034065655543
135.9063536982831,-1.200922307065909,69.90825027019571,227.19879125899652,-11.35614085212994
133.7986771275308,-2.2552279175048255,73.183400470284,226.0027989427066,-24.157518510428403
131.50211227286417,-3.441785142752707,76.31548659364975,224.4197057648114,-36.87597944981179
129.00597197034463,-4.76824833862095,79.30023251617004,222.44971715152744,-49.480828572759435
126.30428097128575,-6.238196167446148,82.13634560616276,220.09480409927266,-61.941832270416846
123.39616270617952,-7.850910472631043,84.82545903936348,217.35875002955447,-74.22924645492267
120.28608728095328,-9.6012670477825,87.37201654160006,214.2471855758552,-86.31383683727815
116.98397983913948,-11.479735144291752,89.78310932915866,210.76760952574347,-98.16689308700599
113.50519159014398,-13.472480421854058,92.0682745612494,206.92939345023802,-109.7602387608807
109.87033845103505,-15.561564443463368,94.23926365883219,202.74376699044063,-121.06623908797873
106.10501440538793,-17.72523269569399,96.30978753312888,198.22378039917834,-132.05780883880547
102.23938840710052,-19.938282396532657,98.2952442679615,193.38424080745062,-142.70842257893798
98.30769502900253,-22.17250094105688,100.21243327371016,188.24161884573866,-152.99212960369383
94.34763016513463,-24.397165627873704,102.0792585256012,182.81392272891654,-162.8835757605132
90.39966403054535,-26.579595207869033,103.91442234220796,177.1205377223636,-172.35803418361894
86.50628454205474,-28.685743714707257,105.73711035006812,171.1820300364599,-181.3914466859833
82.71118496886142,-30.68082690528228,107.56666788118241,165.01991561445277,-189.9604771763369
79.05841054977606,-32.5299714138015,109.42226808917943,158.6563959273426,-198.0425779986215
75.59147959398436,-34.19887638777115,111.32257253621597,152.11406468940947,-205.61606953770706
72.35249539506958,-35.65447693821405,113.28538584930835,145.41559125874392,-212.66023281609748
69.38126604732379,-36.865598236364505,115.32730719274753,138.58338827399442,-219.15541414389344
66.71444988949685,-37.803588583864794,117.46338264762248,131.6392726781355,-225.0831402080867
64.38474472765901,-38.44291934899395,119.7067640074609,124.60413056953048,-230.42624133030057
62.42013911059905,-38.76173938340852,122.06838085905989,117.49759718696228,-235.1689800201442
60.843243653161466,-38.742371499748764,124.55663398936429,110.33776368400613,-239.2971814413524
59.67071964025675,-38.37173888125157,127.17711902321307,103.14092211313127,-242.79836202337603
58.91282083115776,-37.641709976689555,129.93238965322635,95.92135918960871,-245.66185222206764
58.573062481588366,-36.54935155260496,132.82176979959982,88.69120794812157,-247.87890938142618
58.64802910480583,-35.09708114852307,135.8412234941808,81.4603643915288,-249.44281678665956
59.127329434368924,-33.29271219812664,138.9832902157038,74.23647375174045,-250.34896532905475
59.993703500276695,-31.14938749852793,142.23709184264862,67.02498816395028,-250.5949147148736
61.223282792386335,-28.685399459654995,145.5884154017672,59.82929455085981,-250.18043182230048
62.78600029708505,-25.92389855024829,149.01987346679422,52.650908494569165,-249.1075046097075
64.64614291488948,-22.892494460553515,152.51114151826323,45.489727015990844,-247.38033086422817
66.76303457259189,-19.622757596260442,156.03926894017192,38.344330652993904,-245.00528200445092
69.09183441133584,-16.149631471673104,159.5790577357197,31.21232317673138,-241.99084306488786
71.58443093284498,-12.510769253627089,163.10350062239064,24.09069582666678,-238.34753084289457
74.19041007341292,-8.745810004386641,166.58426803389125,16.97620215611179,-234.08779293516298
76.85807297612337,-4.895611982759135,169.99223181250224,9.865729493655833,-229.22589099200954
79.53547783983471,-1.0014616121010391,173.298012096269,2.7566536284067977,-223.77777194394935
82.17147969281496,2.895722636254831,176.47253314016,-4.352835438404554,-217.76093118897438
84.71674228336816,6.756172185404324,179.4875735804705,-11.46344706170427,-211.19427176440058
87.12469747136082,10.542017472026387,182.31629695075574,-18.57455104341965,-204.0979633711956
89.35242947720587,14.217986786237091,184.9337490541953,-25.683991997589885,-196.4933047887123
91.3614639986242,17.752039091120956,187.31731003767317,-32.787960175160805,-188.40259274159362
93.11844541333295,21.115917236597518,189.44709062598406,-39.88091940265573,-179.8489996927315
94.5956889011444,24.285610481787288,191.30626387646643,-46.955590430017324,-170.85646237573553
95.77159818432533,27.24171797660872,192.88132591345425,-54.002985912158394,-161.4495821887918
96.63094354063912,29.969707716130927,194.16228130444955,-61.0124915556824,-151.6535378884054
97.16499863549834,32.46006836043398,195.14275095417253,-67.97198670447321,-141.4940103834063
97.3715384077666,34.708354105229446,195.82000253391618,-74.86799684219973,-130.99711886733314
97.25470360737333,36.715125401982284,196.1949054573671,-81.685870152241,-120.18936706484631
96.82474052618731,38.48579068322748,196.2718141989992,-88.40997036467645,-109.0975980218833
96.09762691811615,40.0303562892467,196.05838528118147,-95.02387858303481,-97.74895564718193
95.09459703110359,41.36309347546154,195.56533450145275,-101.51059754991111,-86.17085111605442
93.84158006199033,42.50213268507079,194.80614191862992,-107.85275280072156,-74.39093226807965
92.3685672110567,43.46899619672864,193.79671276768002,-114.0327862836983,-62.4370542575518
90.7089228960235,44.2880808188092,192.55500284517984,-120.03313920856492,-50.3372499310182
88.89865564287459,44.98610253087979,191.10061702768022,-125.83642204877167,-38.11969869024014
86.97566377454064,45.591514912505005,189.45438949182028,-131.42557069451428,-25.812692929857377
84.97897034660863,46.13391290023714,187.63795394044888,-136.78398868100246,-13.444601493317387
82.94796091199171,46.643432930048846,185.67331174866464,-141.8956761566966,-1.0438299477464206
80.92163671038509,47.15015990899648,183.58240547208675,-146.74534678300424,11.361222183072151
78.93789484052523,47.68355076626734,181.38670464678327,-151.31853405831285,23.742206786192778
77.03284593892909,48.27188360254419,179.1068102898081,-155.60168863698686,36.070874434851206
75.24017889690523,48.94174071997267,176.7620840055027,-159.5822680834234,48.3191226921322
73.5905812204445,49.717533093157996,174.3703071299161,-163.24882018826662,60.459044447951655
72.11122277985501,50.62107314245205,171.94737490726115,-166.59106051456854,72.46297525701303
70.82530989594628,51.671201989533515,169.50703028103555,-169.5999442790372,84.30353868660423
69.75171594131174,52.88347669652266,167.06064148169762,-172.26773205632583,95.95368880129907
68.90469386186044,54.26992228934556,164.61702717838807,-174.5880481741632,107.38674910168004
68.29367520119837,55.83885261364176,162.18233250483263,-176.55593009606187,118.57644748598963
67.92315929259993,57.594763235321054,159.759958738002,-178.1678666166144,129.49694710622376
67.79269522627482,59.538298647329505,157.35054877226145,-179.4218223672027,140.12287332716286
67.89695796731425,61.66629495488431,154.95202976637896,-180.31724598536934,150.4293373507137
68.22591856800778,63.97189796836439,152.55971342864058,-180.85505936708245,160.39195741905223
68.76510677905573,66.44475523382553,150.16645334012657,-181.03762571337492,169.98687883609767
69.49596252891396,69.07127898912333,147.76285750503015,-180.8686946029797,179.19079432736368
70.39627074095779,71.83497537833351,145.33755298145724,-180.3533230568471,187.9809664711344
71.44067184781292,74.71683353550154,142.8774980232174,-179.49777247941154,196.3352540609733
72.60123821446334,77.69576642292222,140.36833570425568,-178.30938242063678,204.23214428483743
73.84810458682009,80.7490936544575,137.79478156577,-176.7964232445202,211.65079251832952
75.15013874352793,83.85305503538879,135.1410364948079,-174.96793094561355,218.57107132407344
76.4756368550173,86.98334229481205,132.39121488950292,-172.8335284507803,224.97362992665236
77.79302675421619,90.11563556080465,129.52977726712052,-170.40323870259078,230.83996500219985
79.07156149835133,93.22613060940473,126.5419558980028,-167.68729557121782,236.15250309942175
80.28198533509924,96.29204286770265,123.41416186005321,-164.69595912048186,240.89469441748747
81.39715453995677,99.29207460982744,120.13436214689179,-161.43934191243827,245.05111703520998
82.3925965958608,102.20683276674691,116.69241614830554,-157.92725284462645,248.60759004827185
83.24699283784769,105.01918626256445,113.08036194951192,-154.1690644677966,251.5512934633193
83.94257194510908,107.71455374649662,109.29264443558475,-150.1736088471147,253.87089215549992
84.46540445457387,110.28111493766693,105.32627908225538,-145.94910584722402,255.55666075348105
84.8055916851545,112.70994143972567,101.18094748499695,-141.50312630395797,256.60060600233714
84.95734596366924,114.9950456948855,96.85902302618237,-136.84259097293133,256.9965829922483
84.91896267598861,117.13334959999833,92.36552749404886,-131.97380450972776,256.74040164333167
84.69268826351633,119.12457706393964,87.70802183083592,-126.9025221355565,255.82992000790077
84.28449167938851,120.97107731393547,82.89643638566176,-121.63404517111894,254.26512128450736
83.70374985480129,122.67758793940497,77.94284797628029,-116.17334036675264,252.0481719167696
82.96286026834335,124.2509483976653,72.86121263421052,-110.52517698948023,249.18345874885813
82.0767956535265,125.69977592573127,67.66706405386998,-104.69427499792997,245.6776038960938
81.06261715010767,127.03411646674816,62.37718844880912,-98.68545737137714,241.53945672603345
79.93896277031453,128.26508332194535,57.0092867240337,-92.50379976079253,236.78006309307446
78.72552791770907,129.40449580447307,51.58163461893356,-86.15477107603321,231.41261268888377
77.442553907665,130.46452925465206,46.11275080025845,-79.64435936982272,225.45236602563295
76.11033907050948,131.4573864550458,40.6210818509566,-72.97917836540103,218.91656312860692
74.74878517351326,132.39499885380906,35.124711785725275,-66.16655112772926,211.82431645529627
73.3769896969884,133.28876417158142,29.64110221446913,-59.21456861936339,204.19649086448788
72.0128920728364,134.14932503842994,24.186867661351744,-52.13212213385186,196.05557362449156
70.67297947233956,134.986391386454,18.777588916661482,-44.92890978905587,187.425537476349
69.37205523807766,135.80860750297603,13.427665731350764,-37.615418329023186,178.33169966599425
68.12307070281122,136.62346300555964,8.150208727199601,-30.20288237806956,168.80057964484482
66.93701901758664,137.43724559161979,2.9569691413200587,-22.70322398278502,158.85975783314942
65.82288779081689,138.25503227955988,-2.1416960112559167,-15.12897575204607,148.53773746917352
64.78766586451886,139.08071501271218,-7.1368265701512925,-7.493191161809527,137.86381115582716
63.836398444052676,139.91705594015207,-12.02083342539477,0.19065435429785538,126.86793329108728
62.97228405191785,140.76576740172067,-16.787448367397303,7.908768030630716,115.58059915239207
62.19680637371195,141.6276115972617,-21.43165379472937,15.647146879395436,104.03273102014728
61.50989396843661,142.50251507159254,-25.949596415099187,23.391684423236285,92.25557138755796
60.91010097806652,143.3896934511597,-30.33848886145011,31.128274624079353,80.2805830260317
60.39480233770155,144.28778227774387,-34.59650282384394,38.84291104234622,68.13935546571274
59.96039749990257,145.19497025257778,-38.72265690677433,46.5217797124934,55.86351731157888
59.602517288693555,146.10913168864624,-42.716701996197344,54.151344634347964,43.48465374750323
59.31622913815711,147.02795543387396,-46.579006492487174,61.718425133048875,31.034228578183573
59.096236603091235,147.94906794554836,-50.310443361303875,69.21026461898991,18.54351021474922
58.937069619528415,148.87014854753198,-53.912280594179144,76.61459047570912,6.043501114682904
58.83326251619443,149.78903517670582,-57.386076368631386,83.91966491913031,-6.435129672445649
58.779517220620214,150.7038191227154,-60.73357996106118,91.11432671231918,-18.862111036284762
58.77084946269186,151.61292739287612,-63.95663929579293,98.18802359931438,-31.207631421402596
58.802716061363505,152.5151914067686,-67.05711590547183,105.13083525634218,-43.44239736159402
58.87112160324162,153.40990076338426,-70.03680802188298,111.93348646970212,-55.53768860954473
58.9727030079361,154.29684085268508,-72.89738249778895,118.58735015926767,-67.46540940926046
59.104790652601885,155.17631313068472,-75.64031626227518,125.08443979760179,-79.19813536689244
59.26544492722766,156.04913697055557,-78.26684801508989,131.41739074971787,-90.70915533161941
59.45346734294196,156.91663216791756,-80.77794084957823,137.57943009679337,-101.97250770756064
59.668385644648986,157.780581438531,-83.17425644029908,143.56433462497708,-112.96301068477783
59.91041280733271,158.6431726169265,-85.45614132374858,149.3663768686645,-123.65628600374447
60.18038033479986,159.5069207528559,-87.62362562648674,154.9802594005841,-134.02877604994381
60.47964693210251,160.37457090673533,-89.67643434748739,160.40103795645624,-144.0577543091925
60.809984378197335,161.24898315247677,-91.61401098026019,165.62403445871198,-153.72132948932313
61.1734432605607,162.13300208191356,-93.43555287242424,170.64474154349256,-162.99844391846617
61.5722021130931,163.02931393396233,-95.14005728050631,175.45872077083882,-171.8688671476916
62.008404376150345,163.94029529853375,-96.72637660795456,180.06149727633252,-180.3131859984528
62.4839884176082,164.8678581172096,-98.19328084314992,184.4484541645527,-188.31279258309743
63.00051655579811,165.8132963625166,-99.53952477472485,188.61473040830762,-195.84987206861692
63.55900954710558,166.7771402673846,-100.76391718958219,192.55512636059862,-202.9073921305395
64.15979328488083,167.75902424191594,-101.86538899000146,196.26402116864168,-209.46909613679713
64.80236445279931,168.7575746103084,-102.84305703232695,199.73530636767856,-215.5195020964839
65.48528154943901,169.77032299399505,-103.69628051664554,202.96233970253425,-221.04390929593006
66.20608703426447,170.7936505420769,-104.42470696091203,205.93792276487875,-226.02841432034663
66.9612653424696,171.82276727118318,-105.0283051789525,208.65430534679496,-230.45993782698102
67.74624020450818,172.85172954978307,-105.5073832411008,211.10321851458565,-234.3262630047053
68.55541313599637,173.87349729403954,-105.8625901068115,213.275937335197,-237.616086142987
69.3822432070189,174.88003080082802,-106.09490044523861,215.1633729897065,-240.3190791629841
70.21936634581927,175.86242541187528,-106.20558305630573,216.75619274489463,-242.42596336404895
71.05875058199749,176.81108047586747,-106.19615421696619,218.04496499403842,-243.92859304183594
71.89188189520173,177.71589745220177,-106.06831814679376,219.02032539437167,-244.8200470727059
72.70997381101517,178.56650057797503,-105.82389755585282,219.67315909242686,-245.09472606577802
73.50419267058724,179.35247238661591,-105.46475785302857,219.99479320388483,-244.74845228768186
74.26588967100724,180.0635955936438,-104.99272901128293,219.9771931540982,-243.7785692899509
74.9868303830684,180.69009250224696,-104.40952927732836,219.61315622553707,-242.18403803173456
75.65941252761098,181.22285315263633,-103.71669486248243,218.8964957165158,-239.96552629971472
76.27686332711582,181.65364394076,-102.91551946156041,217.8222094888231,-237.12548838230433
76.83340871253247,181.97528933295257,-102.00700693694854,216.38662734728285,-233.668232247156
77.32440799624732,182.18182054731454,-100.99183981015516,214.5875326103976,-229.59997188210934
77.74644923858563,182.26858658347663,-99.87036537010883,212.42425434167055,-224.92886296571282
78.09740233956063,182.2323246687078,-98.64260029151082,209.89772794887145,-219.6650206050237
78.37642877340787,182.07118895091432,-97.30825371693007,207.0105231506833,-213.8205184830337
78.58394874442789,181.7847380086463,-95.86676785127432,203.7668395841767,-207.40936936330465
78.72156827898405,181.37388337163281,-94.31737429990717,200.17247151436234,-200.44748747344315
78.79197029425934,180.84080267232164,-92.65916369605614,196.23474415042196,-192.9526338045854
78.79877493236152,180.18882221649497,-90.89116564139093,191.96242492655858,-184.94434579847746
78.74637537325627,179.42227462675334,-89.01243564463563,187.36561373831793,-176.44385323052637
78.63975592050173,178.54633775624006,-87.02214559157107,182.45561652373095,-167.47398232773378
78.48429939119379,177.56686129228603,-84.91967430761201,177.2448067438492,-158.05905028156116
78.28559075850922,176.49018739137892,-82.70469496182079,171.74647926526396,-148.2247523325052
78.04922363164948,175.32297134479734,-80.37725638010765,165.97470090512036,-137.99804352486547
77.78061556628231,174.07200771720363,-77.9378557516876,159.9441615034367,-127.40701707148915
77.48483743940186,172.74406668496988,-75.38750068937452,153.67002887965026,-116.48078104705654
77.16646125860203,171.34574448595566,-72.72775910489196,147.1678104536918,-105.2493348636504
76.8294298680048,169.88333103553913,-69.96079585177412,140.4532237092865,-93.74344669458674
76.47695111597423,168.36269691702725,-67.08939554238952,133.5420770867952,-81.99453272041896
76.11141820811577,166.7892011620146,-64.11697134143553,126.45016234788233,-70.0345387923416
75.73435721637473,165.1676205315049,-61.04755986192065,119.19315897983402,-57.895824858103666
75.34640207167688,163.50210041376613,-57.88580253578755,111.78655082066547,-45.611052285253464
74.94729684132656,161.79612698080618,-54.63691400164806,104.24555479657383,-33.213074055457696
74.53592467910059,160.05251989174127,-51.306638154522446,96.58506147127332,-20.734827696217238
74.11036252106777,158.2734445884132,-47.90119255118604,88.81958700660479,-8.209230764764419
73.66796036116462,156.46044307861337,-44.4272018763822,80.96323611249616,4.330921298200865
73.20544374923585,154.61448202160295,-40.89162117018844,73.02967560493704,16.853055074061324
72.7190379798638,152.7360168920153,-37.30164951522149,65.03211827185918,29.32491686328197
72.20461225213299,150.82507097302334,-33.664634903755214,56.983316845589606,41.71466807398325
71.6578418505537,148.8813278900455,-29.987971067157368,48.89556797348399,53.990978045447385
71.07438610320885,146.90423631721612,-26.278987166600075,40.78072614205494,66.12311388010455
70.4500794995779,144.89312535015696,-22.544831425098728,32.650227524260394,78.08102668720421
69.78113289156818,142.84732882630288,-18.79235003029926,24.51512366726122,89.83543348350275
69.06434116154949,140.7663165818821,-15.02796295320119,16.38612480673255,101.35789386383892
68.29729313619823,138.64983026500886,-11.257538702373438,8.273652377906487,112.62088045980356
67.47857888150824,136.498020888662,-7.486270450345295,0.18789999314463302,123.5978421591437
66.60798886952571,134.31158482646896,-3.7185564081456377,-7.861098220013028,134.2632590714104
65.68669890748411,132.09189445768118,0.042112242891782614,-15.863393462205526,144.59268830413887
64.7174342182835,129.84111919307747,3.793252158227716,-23.809044300306,154.5627997618933
63.70460571483073,127.56233220415739,7.5334733523847675,-31.68803739016399,164.15140139897235
62.65441137764022,125.2595978813797,11.262545206421258,-39.490209819770726,173.33745364104698
61.57489577958039,122.93803491164238,14.981438675374612,-47.205176383339946,182.10107303350634
60.47596125043533,120.60384993645718,18.692340541818457,-54.82226536037678,190.42352556223696
59.369324971477155,118.2643370700657,22.398635908371855,-62.33046648698358,198.2872105083446
58.26841745433385,115.92783915038001,26.104855703996506,-69.71839473650932,205.67563612177372
57.18821938716962,113.60366748089972,29.81658680501208,-76.97427324856167,212.57338880565604
56.14503569950847,111.30197799723723,33.540343435136435,-84.08593824641203,218.96609786843246
55.156207855962,109.03360323678594,37.28339978823315,-91.0408680651885,224.84039819908105
54.23976776564102,106.80984116326061,41.05358527349423,-97.82623749420368,230.18389342789013
53.414039192850936,104.64220373747953,44.859045360413475,-104.42899755147111,234.98512223150084
52.69719506267287,102.54213005212668,48.70797263038766,-110.83597960665819,239.23353041047798
52.10678144592178,100.52067076620375,52.608314241431756,-117.03402151464093,242.91945120258572
51.65922115024657,98.58815237988244,56.56746349416719,-123.01011218914095,246.03409599437302
51.36931160871193,96.75383147448565,60.5919444605083,-128.75154991309014,248.56955716541802
51.24973302614342,95.02555030089117,64.6870996156744,-134.24610872787954,250.51882426047928
51.31058341910062,93.40940594017646,68.85679102449943,-139.48220653817694,251.8758140588133
51.55895719698899,91.90944560834339,73.10312581606559,-144.44906817123658,252.6354144285062
51.99858324311231,90.52740048331322,77.42621640062245,-149.13687657977673,252.79354115255782
52.629537066606545,89.2624696774858,81.82398512879999,-153.53690569348308,252.34720623110232
53.448039549731185,88.11116467563681,86.29202188263469,-157.64162910006445,251.29459553900838
54.44635218859945,87.06722275149238,90.8235014657061,-161.44479974083976,249.6351531856814
55.61277563151004,86.12159564284771,95.40916569600874,-164.94149708408912,247.36966951464484
56.93175489736545,85.26251720691639,100.03737289142192,-168.12813971749603,244.5003694173147
58.384091065532765,84.4756510164018,104.69421508089658,-171.00246289093306,241.03099753236296
59.94725563478563,83.74431602590445,109.36370088965663,-173.56346214665737,236.96689696309474
61.59580031746813,83.04978567390293,114.02799974974106,-175.81130569908146,232.31507836459275
63.30185191836559,82.3716532175532,118.66774098686261,-177.7472195810753,227.0842766142569
65.03567927698396,81.68825384161062,123.26235952543959,-179.3733506812937,221.2849927603828
66.76631712931345,80.97713223307562,127.79047851107315,-180.6926135991757,214.92951951359333
68.462230239159,80.21554293753319,132.23031812478737,-181.708527704809,208.03194917097318
70.0920002916565,79.3809699499784,136.56011928149175,-182.42505089744603,200.6081635074784
71.6250178288233,78.45165165049637,140.75857076583196,-182.84641632069486,192.6758057980063
73.0321619012644,77.40709735332089,144.80522863678377,-182.9769777474226,184.2542357151368
74.28645104565666,76.22858235122075,148.6809173826356,-182.82106854484616,175.3644683541704
75.36365058613973,74.89960934063014,152.36810326828842,-182.38287813519457,166.02909904826356
76.24282299669305,73.40632542718251,155.8512315147538,-181.6663487531608,156.27221593787044
76.9068100415706,71.73788544962339,159.1170203089223,-180.67509414414465,146.1193024435539
77.34263752337833,69.88675403483681,162.15470608322684,-179.41234072055408,135.5971318603324
77.54183561286285,67.84894052508457,164.9562359589487,-177.8808906633355,124.73365625106928
77.50066982369944,65.62416262772219,167.516404652141,-176.08310557767646,113.5578916788187
77.22027966021582,63.21593626832467,169.83293444922901,-174.02090862694425,102.09980159935942
76.70672375700329,60.63159063702327,171.9064980364161,-171.69580260363068,90.39017995448593
75.9709319189644,57.882208778617525,173.74068499424132,-169.1089011610998,78.46053518532824
75.02856585141834,54.98249527961974,175.34191364188305,-166.2609704206561,66.34297604322288
73.89979155376298,51.95057365483183,176.71929064342774,-163.15247836683784,54.070099735094324
72.60896736373599,48.80771694929014,177.88442138940127,-159.78364981963858,41.67488261847726
71.1842525202112,45.578015874281164,178.85117466755605,-156.15452528632153,29.190573376283606
69.65714190538722,42.28798951949179,179.63540556758372,-152.26502260111553,16.650588366092425
68.06193337792388,38.96614435882431,180.254640956023,-148.11500090782582,4.0884086644367175
66.4351348598712,35.64248792407498,180.72773223838595,-143.70432717628034,-8.462521778571043
64.81481912701521,32.34800418099896,181.07448051824838,-139.03294601711974,-20.96889749170434
63.23993509763105,29.114098319778073,181.3152396825057,-134.10095402324413,-33.39765291768434
61.74958532737345,25.972019368890805,181.4705033934597,-128.90868017792275,-45.716064393312266
60.38228038996586,22.952269747710695,181.56048244655094,-123.45677399481986,-57.891852958395404
59.17518182932923,20.084011566632235,181.60467944146603,-117.74630296960302,-69.89328804135481
58.163346366835114,17.394480130186807,181.62146818827017,-111.77886061289072,-81.68929178984388
57.37898498052271,14.90841565523025,181.62768569494006,-105.5566858003998,-93.2495435049469
56.85075127281327,12.647524632648924,181.63824491796157,-99.08279343171058,-104.5445833166341
56.6030741331258,10.629982483844472,181.66577665983212,-92.36111546308723,-115.54591392445094
56.655550002676904,8.869989139462433,181.7203090224641,-85.39665031523255,-126.2260989420834
57.022409984698406,7.377388849438702,181.808992632974,-78.19561751054998,-136.55885614883186
57.712076546527484,6.157364880849265,181.93587941375242,-70.76561323557515,-146.51914378435652
58.72682357755906,5.210218746296178,182.10176194740666,-63.11576143005168,-156.08323794476667
60.06255206507889,4.531242219204223,182.30407947655067,-55.25685405816644,-165.22879916202706
61.708691618497156,4.110688639645595,182.53689528015775,-47.201473502796645,-173.93492638538177
63.64823552868537,3.9338479209244,182.7909485997353,-38.964089618267316,-182.1821968376447
65.85791403805317,3.9812272778762434,183.05378248314346,-30.561123948281,-189.952690587454
68.3085070930158,4.22883707639663,183.30994692073295,-22.01097401215309,-197.22999915204406
70.96529415407412,4.6485784302025195,183.5412745310778,-13.333991411472873,-203.99921800525703
73.7886347738472,5.208726338843022,183.7272238875803,-4.5524088091390595,-210.24692348824894
76.73466976244032,5.874499374245957,183.84528344787464,4.309787447539074,-215.96113527431893
79.75612899586429,6.608704289650106,183.87142704536785,13.227040211454156,-221.131266188616
82.80322844507734,7.3724415532782785,183.780610118327,22.1724587393858,-225.7480617899972
85.82463596374693,8.125855802017242,183.54729437440244,31.118106540085982,-229.8035326468301
88.76848291273274,8.828913659136077,183.14598749643167,40.035333699197146,-233.2908826451304
91.58339693828556,9.44219034009096,182.55178385454428,48.8951451620686,-236.20443692476863
94.21953024962208,9.927646035381969,181.74089204650915,57.668594395470905,-238.53957312408792
96.6295576167201,10.249373238806413,180.6911354677649,66.32719021956888,-240.29265951163876
98.76961904808466,10.374296984807401,179.3824130134239,74.8433035195092,-241.46100329314783
100.60018368768996,10.272811343019981,177.79710840823952,83.19056009872108,-242.04281191197214
102.08681382680963,9.9193374368092,175.92043849185575,91.34420617041224,-242.03716953313537
103.20081095868758,9.292790624293673,173.74073297368682,99.28143390414924,-241.44403014636362
103.91972937949629,8.376947202683112,171.2496406118089,106.9816560087628,-240.26422788257128
104.22774680060564,7.160703950467081,168.44225934300133,114.42672045672974,-238.4995042572075
104.115885613067,5.638226878644659,165.31719046696685,121.60105901647829,-236.15255118171507
103.58208265957369,3.8089885919829243,161.8765194361334,128.4917661066619,-233.22706776940902
102.63110945181009,1.6776965401540593,158.12572799854678,135.08860745244647,-229.72782824879783
101.27434856918224,-0.7458829426065705,154.0735442775371,141.38396093442697,-225.66075772324342
99.52943536024823,-3.4471976408466674,149.73173876262967,147.37269471048447,-221.03301210911587
97.41977694493421,-6.40727047736047,145.11487507619634,153.05199001345653,-215.85305836255523
94.9739628247125,-9.603138107628624,140.24002474870358,158.42111786589118,-210.13075107320608
92.2250831272946,-13.00835568099184,135.12645509551282,163.48118022764035,-203.8774016559791
89.2099716571651,-16.593555813406468,129.79529869005646,168.23482676273738,-197.10583669267677
85.96839153959489,-20.327049638542903,124.269211951472,172.6859584812332,-189.83044243887446
82.54218140568176,-24.17545792299083,118.57202911572836,176.83942901962445,-182.06719308646424
78.97437985814933,-28.104360563625164,112.72841646137321,180.70075334428557,-173.83366102274468
75.30834547807578,-32.078953242674714,106.76353024567956,184.27583229529594,-165.14900801634863
71.58688897590054,-36.064700514127026,100.70268050541645,187.57069974918141,-156.03395695288486
67.85143333862523,-40.02797506174794,94.57100180728048,190.59129739191746,-146.51074440641435
64.14121704368294,-43.936673250078364,88.39313129594913,193.34328027912227,-136.60305494000283
60.49255463817829,-47.76079735542559,82.19289405426734,195.83185463021738,-126.33593855778565
56.93816823169934,-51.47299501124166,75.99299589787853,198.06164775217638,-115.7357131681419
53.506602704817944,-55.04904645611184,69.81472427756927,200.0366086898849,-104.82985425443495
50.221736648897604,-58.4682901849613,63.677658918782825,201.75993720423892,-93.64687418386974
47.10240015883332,-61.71397764947603,57.599395115874756,203.23403801134032,-82.2161937198635
44.16210951459131,-64.77354782471184,51.595284111128166,204.46049687917315,-70.56800834433932
41.40892741788684,-67.63881285764843,45.678196590753636,205.4400751534759,-58.73315195382824
38.845455706360696,-70.30604674392713,39.85831686788592,206.17271953669305,-46.74296037650206
36.46896527058894,-72.77597013688056,34.14297663111348,206.6575844238823,-34.629136977137726
34.271665193584845,-75.05362605562772,28.53653805256389,206.89306474903225,-22.423622383934177
32.24110989513313,-77.14814347645384,23.040336419607627,206.87683805096222,-10.158470092897565
30.360739313260794,-79.07238857718158,17.652692150359638,206.60591526442653,2.1342706086226855
28.61054295956035,-80.84250672763667,12.3690009820895,206.07670051525028,14.422663301864443
26.967834163135905,-82.47736210215866,7.181909235099273,205.2850608878888,26.67498394988938
25.408116141283077,-83.99788590363323,2.0815783588967225,204.22640768515407,38.85981091677827
23.906016923338758,-85.426348455744,-2.9439604718508363,202.89579106573123,50.94610553690226
22.436265867041172,-86.78557462119261,-7.90836499894233,201.28801008708652,62.903283666972655
20.974680830295117,-88.09812588606457,-12.82646152932813,199.3977400710886,74.70127902850045
19.499132290874087,-89.38547574293186,-17.71365802737194,197.21967883035347,86.31059949350039
17.99044912588446,-90.66720743527853,-22.585307655034278,194.74871264108455,97.7023777649848
16.433230620580797,-91.96026443994464,-27.456043922190915,191.98010193354338,108.84841813761156
14.816530762321314,-93.2782840497487,-32.33911204131609,188.90968552069626,119.72124117250213
13.134384098719178,-94.63104292449543,-37.24572348855958,185.5341008420849,130.29412816717985
11.386147407841896,-96.02404043522083,-42.18446190060972,181.85101622418165,140.54116723109658
9.5766380375576,-97.45824105945461,-47.16076809402203,177.85936962755582,150.43730258057204
7.71605779682325,-98.9299911242193,-52.176530077770806,173.5596068572583,159.9583883427682
5.819700384904715,-100.43111807280215,-57.22980044033266,168.95391086000134,169.08124771298418
3.90745008460632,-101.94921248243392,-62.31465854006472,164.04641263029325,177.78373776190656
2.003089304518797,-103.46808469396885,-67.42122873229327,158.84337350878621,186.04481956626674
0.13344196900928296,-104.96837959785276,-72.53585874943093,153.35332838228678,193.84463267621226
-1.6726118476574623,-106.42832534273381,-77.64145471286162,147.5871795727323,201.1645722799909
-3.3852078013399556,-107.82458497188877,-82.71796155260893,141.55823209221646,207.98736683165586
-4.974608597277522,-109.13317467763304,-87.7429703183758,135.28216246897787,214.29715342107934
-6.412305198599817,-110.3304088419964,-92.69242744267653,128.77691550041718,220.07954783439385
-7.672058459992144,-111.39383053970566,-97.54141587143593,122.06252600266521,225.3217061166129
-8.730834409810896,-112.30308682294569,-102.26497443292101,115.16086579522613,230.01237453258312
-9.569591565806794,-113.04071085350442,-106.83892008692466,108.09531963258334,234.14192513859345
-10.173886018764287,-113.59277762712193,-111.2406378722791,100.89039738476454,237.70237471730917
-10.534269128281835,-113.94940635496447,-115.44980541137599,93.57129326282626,240.68738556664394
-10.646463011698987,-114.10509013749784,-119.44902257140608,86.16340605800136,243.0922475250254
-10.511309968584925,-114.0588419285067,-123.22432205116947,78.69183699642392,244.91384160187624
-10.134502942931512,-113.81415445203287,-126.76554290503601,71.1808837080062,246.15058659402408
-9.526114475416309,-113.37878021707115,-130.06655592400935,63.65354981242564,246.80237103156696
-8.699950790065392,-112.76434562665747,-133.12533694031828,56.13108963443825,246.87047363791874
-7.672765234904844,-111.98582001725453,-135.94389109061194,48.63260653721461,246.3574761431539
-6.463370910333168,-111.06086599425555,-138.52803748771385,41.174721338604385,245.26717270586485
-5.091695753684807,-110.0091014491511,-140.88706929895272,33.771324352320065,243.60448034305657
-3.5778245137493556,-108.85130605053064,-143.03330867458408,26.43342093967656,241.37535462766732
-1.9410709768143768,-107.60860578397381,-144.98157916250352,19.169076283638688,238.5867144986611
-0.19912063578623318,-106.30166834421425,-146.7486201201864,11.983460657309687,235.24637936987094
1.6327210438045725,-104.9499399902939,-148.3524682053195,4.878992021665535,231.36302086985592
3.542146212256359,-103.57095104108515,-149.81183037487995,-2.144431384770508,226.94613055839446
5.520307350866304,-102.17971272539197,-151.14547108411807,-9.089119468025796,222.00600391733883
7.562113036726908,-100.78822283527009,-152.3716337267973,-15.959213678937893,216.55373987751645
9.666353753666789,-99.40509179734984,-153.50751299469735,-22.760261471703817,210.60125418953214
11.835663825465335,-98.03529460967951,-154.56879096747647,-29.49875908386914,204.16130413592984
14.076334213280191,-96.6800478249936,-155.5692455831599,-36.18168013664891,197.2475214631379
16.397998755421497,-95.33680462976056,-156.52043588658293,-42.816006888913556,189.87445001681849
18.813223028658776,-93.99935530966697,-157.43146429675767,-49.408279514195264,182.05758440787685
21.337029989723938,-92.65801525068814,-158.30881224687136,-55.964176654349586,173.81340611663032
23.986399558862747,-91.29987835245382,-159.15624208789848,-62.48813791496788,165.15941374108482
26.77978002762153,-89.90911058484596,-159.97475524684356,-68.98303610167972,156.11414457990153
29.736647375019068,-88.46725665567143,-160.76259441481554,-75.44990405017417,146.69718537048357
32.87714412145359,-86.95353261874786,-161.51527611316672,-81.88771806292351,136.92917072839774
36.221822226776226,-85.3450789469143,-162.2256394346813,-88.2932373955177,126.83176860586904
39.79150489451487,-83.61715227484683,-162.88389714811103,-94.66089706892674,116.42765285335743
43.607270308387875,-81.74323974828346,-163.47767673081503,-100.98274961755102,105.74046368258558
47.69054683617142,-79.69508764807935,-163.9920412681446,-107.24845027523335,94.79475745141305
52.063294837399795,-77.44264549208896,-164.40948350403667,-113.44527957262429,83.61594768700876
56.74823585770922,-74.9539377857265,-164.70989057269395,-119.5581973530243,72.23023961049839
61.76907681157489,-72.19488743537637,-164.87048195788304,-125.5699227622481,60.66456060825986
67.15066599476799,-69.12912681012332,-164.86572882160547,-131.46103575527303,48.94648910698639
72.91901072163175,-65.7178436131737,-164.66726875387985,-137.2100969912633,37.104184155300345
79.10108428457129,-61.91971804504648,-164.24383588357347,-142.79378454547225,25.16631770515685
85.72435384122778,-57.69101406962302,-163.5612317501121,-148.18704752676916,13.162011141656166
92.81597149775209,-52.98588980304693,-162.58236690214844,-153.36327832351628,1.120777055384023
100.40158858241007,-47.75698912096249,-161.2674063581858,-158.29450667729773,-10.927533381171543
108.50377764814381,-41.956367739937136,-159.57405332211312,-162.95161997788986,-22.95277774645436
117.14007721807684,-35.53679185226542,-157.45800441115387,-167.30461496710706,-34.92456540340634
126.32070913005934,-28.45342593008746,-154.8736057195457,-171.32288633240907,-46.81229786594644
136.0460553236432,-20.665899182653057,-151.7747320341727,-174.97555738241266,-58.5852086930922
146.30401726003902,-12.140708589230677,-148.115901350019,-178.2318570710986,-70.2124055510797
157.06741369563755,-2.853882298585919,-143.85362364923736,-181.0615460535522,-81.66291737782305
168.2915979080367,7.206207097474831,-138.94796712854034,-183.43539222899867,-92.9057496979973
179.91249050946442,18.036021506177136,-133.3643073992789,-185.3256934148523,-103.90995105106181
191.8452259550097,29.614196435621025,-127.0752066469056,-186.70684150170865,-114.64469319940444
203.98359784187394,41.89922529946218,-120.06235158165777,-187.5559188126493,-125.07936728240435
216.20045927874952,54.82767964490092,-112.31846268729643,-187.85331362308662,-135.1836973908108
228.34919047246117,68.31314826580136,-103.84907431833167,-187.5833381185574,-144.92787218380832
240.26628815122297,82.2460558959365,-94.67407710868495,-186.7348287330974,-154.28269420095862
251.77506383433598,96.49448549099644,-84.82891225762381,-185.3017060881853,-163.21974548498497
262.6903648018178,110.9060783839822,-74.36531254331805,-183.2834699050901,-171.71156709025007
272.8241583424616,125.31102651660082,-63.35149790351736,-180.6856035300212,-179.7318490694707
281.9917523381053,139.52610435521723,-51.87175406289427,-177.5198632844098,-187.25562667157882
290.0183692612051,153.35961974226177,-40.02535027754826,-173.80442985817822,-194.25947780513843
296.7457513552701,166.61709807410742,-27.92478545810379,-169.5639024448289,-200.72171637224733
302.0384560868293,179.10745814361655,-15.693388775742378,-164.82912121972538,-206.62257589244257
305.78950523846504,190.64939558828888,-3.4623389295997242,-159.63680993030988,-211.94437793195914
307.92507868858377,201.077665045272,8.63279715066065,-154.02903754137336,-216.67168023015108
308.40799342738603,210.24894737835,20.455873052254717,-148.0525057103329,-220.79140005276957
307.239776228391,218.04700461101257,31.874160462979646,-141.75767693543213,-224.29290916439484
304.4612195809164,224.38686161226707,42.762360479784554,-135.1977660554016,-227.16809784971733
300.1513988196817,229.2178075652356,53.00644754526069,-128.4276249006042,-229.4114065643945
294.4252171559664,232.52507775592505,62.50717014918396,-121.50255584164901,-231.01982499536481
287.42962790374446,234.33015210899293,71.18304870431857,-114.47709434742836,-231.99285949110617
279.3387536862681,234.68968542295346,78.97273724769111,-107.40380313560513,-232.3324709221476
270.3481760999408,233.69315960927892,85.83664996775384,-100.33212087475965,-232.04298599734253
260.66870308708883,231.4594150723501,91.75779352257155,-93.3073066133742,-231.1309858489195
250.5199337964549,228.1322722627747,96.74178880379944,-86.36951724129094,-229.60517627947976
240.1239324510677,223.8754922510097,100.81610818689413,-79.55304954633287,-227.4762444204544
229.69929578454074,218.86734523369716,104.02859349023633,-72.88577114675881,-224.75670668090245
219.45585634528936,213.2950580525923,106.445353319902,-66.38875618978065,-221.46075277611726
209.5902106982685,207.34939733820025,108.14816424820175,-60.07613270437878,-217.60409033540535
200.2822020043509,201.21961622722182,109.23151711107535,-53.95513940684964,-213.2037941226067
191.69242533800866,195.0889530373788,109.79945711805482,-48.02638109512098,-208.27816329173902
183.9607656986513,189.13082358753718,109.96236469483047,-42.28426400156051,-202.84658937653336
177.2059265228588,183.5057989012948,109.83381392148385,-36.717585996236224,-196.9294369103789
171.52586320677344,178.3594104667683,109.52762850454357,-31.31025163621363,-190.54793772642773
166.99900324667524,173.82077916808356,109.15523318848034,-26.04207891909312,-183.72409912823767
163.6861126163477,170.0020238741178,108.82337329579042,-20.8896632797915,-176.48062528030755
161.6326565060953,166.99837308022902,108.6322485968896,-15.827264812053095,-168.84085037342825
160.87150037245576,164.88887874450847,108.67408170212579,-10.827686741656976,-160.82868139758514
161.42580265845248,163.73761558348866,109.03211711323108,-5.863116584988816,-152.4685477294302
163.31196147756594,163.5952410023603,109.78002609575579,-0.9059058919746903,-143.7853542323419
166.54249182958608,164.50078946786087,110.9816753842569,4.070730340081781,-134.8044341943524
171.1287254251297,166.48357912535738,112.69120478445005,9.092107932395137,-125.55149820820235
177.08324006175897,169.56511632819914,114.95335003778676,14.181569215503071,-116.05257504297113
184.4219381953733,173.7608940327612,117.8039426436467,19.360082542445447,-106.33394067912887
193.1657038035713,179.08199142771122,121.27051728099795,24.645943184349985,-96.42203198730782
203.34157225760603,185.5363936877547,125.37295951057288,30.0545690363069,-86.34334203234494
214.9833496519531,193.12996168191864,130.12413100696085,35.59838126831653,-76.12429468073114
228.13161637507883,201.86699150588885,135.53041612703686,41.28675767339318,-65.79109708202225
242.83304567619166,211.75031290581148,141.59214169631187,47.126045006978046,-55.369569677852276
259.13896315303475,222.78088443264994,148.30383111644284,53.119616042444264,-44.88495465548216
277.1030695086157,234.95685223777033,155.65426400282234,59.267957309029626,-34.36170518898112
296.7782490820484,248.27204976198203,163.62632339203816,65.568774423357,-23.823259371882074
318.21239335181,262.71392830224283,172.19662403665964,72.01710344499507,-13.29180440239416
341.4431848046801,278.2609247228951,181.3349273988745,78.60541864262973,-2.788038281368272
366.49181516221716,294.8792934733101,191.0033616381025,85.32372931054032,7.669062043730362
393.355655501527,312.51945639212846,201.1554780907607,92.1596606930277,18.06245559617818
421.99995611165406,331.1119559106159,211.73518930117933,99.0985165369528,28.377223513244374
452.3487316459122,350.5631350109534,222.67564728335086,106.12332319555304,38.60071357198639
484.27508130899565,370.7507096937124,233.8981339073311,113.2148574653779,48.72262971165942
517.5913014494088,391.519444918214,245.31104745526616,120.35166238501057,58.7350532217781
552.0392636072446,412.6771901950814,256.8090796365906,127.51005700977227,68.63238304664759
587.2816467976329,433.9915724698175,268.27268468342896,134.664147664659,78.41118427591665
622.8947180558525,455.18767703274335,279.56794544842955,141.78584934170388,88.06993642518144
658.3634373431333,475.947066718524,290.5469395535054,148.84492672697323,97.60867659434241
693.0797077248092,495.9084901894274,301.04870052178455,155.8090647944419,107.02853699392412
726.3445849729111,514.6706065025982,310.90085360848707,162.64397896466485,116.33118154926262
757.3751894042015,531.7970012346544,319.9219832179096,169.31357446330207,125.51815214264917
785.3169169554587,546.8236865813831,327.9247583302005,175.78016369037658,134.59014126374703
809.2613213705943,559.2691637596533,334.7198048480261,182.00474908379937,143.54621405872987
828.2697369119554,568.6469832774912,340.1202704881055,187.94737708991974,152.38300858178928
841.402341429351,574.4805730326451,343.94698079085515,193.56756641171663,161.0939480029426
847.751942080918,576.319924928377,346.0340366943192,198.8248106855176,169.66850214682825
846.4813283652659,573.7595500189937,346.2346581787363,203.67915217034465,178.09153759426135
836.8626146028765,566.4569447696891,344.42703836816804,208.09181899878834,186.34279531234466
818.3166266098208,554.1506727813728,340.51994190535015,212.02591417139433,194.39653214706317
790.4501162508597,536.6770730823428,334.45776389148534,215.44713997884426,202.22135742936817
753.08845086425,513.9845717846098,326.22476410783054,218.32453716929757,209.78028850777858
706.301452340731,486.14460894438434,315.8482075721073,220.63121425585192,217.0310395209627
650.4202706920918,453.3583021305853,303.40017744819835,222.34503922584085,223.92654664585277
586.0435711323208,415.95815145618866,288.9978791877588,223.4492639187762,230.41572104928807
514.0318759212737,374.4043397132489,272.8023232640125,223.93305080159746,236.44440860489456
435.48959830935274,329.2754810292466,255.0153542154422,223.79187303928776,241.95652394358325
351.73508566268237,281.254001497597,235.87508095038245,223.02776178308454,246.89531640995997
264.2597901922003,231.10667067476427,215.64985148771694,221.64937949057784,251.20471773973264
174.67844066831464,179.66111685592693,194.63099823444816,219.67190471249864,254.8307163454381
84.67273017000217,127.77942547504853,173.12465138554316,217.11672183233665,257.7227013824889
-4.0684952783847095,76.33011600054006,151.4429726459855,214.01091828392734,259.8347214011695
-89.90930808187288,26.159901239701668,129.89519501230131,210.38660123834308,261.12660724991946
-171.32377646856247,-21.933355448573153,108.77886423580956,206.2800550110238,261.56491660875315
-246.94701956432527,-67.22515576326347,88.3716631224753,201.73076884007963,261.12366751340574
-315.6176564394522,-109.08520181777862,68.92416224850179,196.7803716143744,259.7848397372138
-376.4096872347047,-146.99364865392164,50.6537830422394,191.47151507041943,257.53863509671004
-428.65258626750364,-180.5521743078471,33.740186066383,185.84674956237387,254.3834997930667
-471.9391825962228,-209.4895977256433,18.322214359185963,179.94743655430966,250.32592300931637
-506.1216849296797,-233.66210493529786,4.496435018157371,173.81273950201737,245.3800354898017
-531.2969123238659,-253.04844897914364,-7.68276203407234,167.47872999381778,239.5670392407374
-547.7823684369386,-267.74074780975144,-18.201625401529157,160.9776392908154,232.914504513456
-556.0852094766877,-277.93170084594743,-27.084244643311905,154.33727726736035,225.45557277306736
-556.8663865153172,-283.89916998135584,-34.388722551352856,147.58063180875303,217.22810451404362
-550.9022916688696,-285.9891222110246,-40.20257623128657,140.725652610668,208.2738088210125
-539.0461209032384,-284.59791274420775,-44.637638187019064,133.78521465389076,198.63738786953357
-522.1909127406813,-280.15480885410375,-47.82472398320098,126.76724893265997,188.36572457326236
-501.23586897771037,-273.10552892536197,-49.90831374119915,119.67502171620883,177.50713579454458
-477.0571513667213,-263.8974134558108,-51.04146370374855,112.50753900240449,166.11070741287347
-450.4839169395991,-252.96667084871441,-51.3811248338549,105.26005001189068,154.22572150859642
-422.2799396834136,-240.72796536394162,-51.08400146723126,97.92462255865532,141.90118031198944
-393.1307959596882,-227.56645007560303,-50.303037806108975,90.49076377613605,129.18542664574616
-363.63628520598127,-213.8322036864579,-49.18457649354474,82.94606173208837,116.12585651661955
-334.3075270288161,-199.83691289673197,-47.86619402146637,75.27682661222025,102.76871636546517
-305.5680235186422,-185.85255481961605,-46.47518400995317,67.46871403370926,89.1589752658189
-277.75789732254947,-172.11177689687176,-45.1276324702668,59.507317299163205,75.34026101036301
-251.14050238022995,-158.8096427721618,-43.92800941575415,51.378719671011595,61.35484843975152
-225.9106426961203,-146.106407815639,-42.969188457582874,43.07000173001006,47.2436884226162
-202.2037110656926,-134.1310026310892,-42.33279974309046,34.569702329260174,33.046466449664656
-180.10516037793195,-122.98493169586256,-42.08982090727966,25.868234383658013,18.80168072408369
-159.65983233861309,-112.74633219086738,-42.30131460190974,16.958258629636227,4.546730789325715
-140.8807816283398,-103.47398050485883,-43.01922859351626,7.835019504957842,-9.681990972963034
-123.75733952824845,-95.2110770587212,-44.28718438685068,-1.50335255003327,-23.849011303782277
-108.26225436927898,-87.98868111812364,-46.14119195882398,-11.055568709060424,-37.91969649749654
-94.35782363018467,-81.82870421050043,-48.61024076456623,-20.816936949302658,-51.86018506142556
-82.00099301495544,-76.74640257078235,-51.71673015715301,-30.779144305440454,-65.63733520818127
-71.14744189810548,-72.75233540019833,-55.47671536554907,-40.930067859486186,-79.21868874320207
-61.75470383045343,-69.85377692495476,-59.899957957729676,-51.253618462088674,-92.57245198936005
-53.78438779469965,-68.05558701072299,-64.9897821336975,-61.72962344791542,-105.66749359366744
-47.20357342130404,-67.36055841739113,-70.74275015684992,-72.33375661432336,-118.47335838471027
-41.98545433603373,-67.76926977260102,-77.14818166052373,-83.03752528844674,-130.96029589236576
-38.10930098425833,-69.27948308678518,-84.18755234320452,-93.80832524112176,-143.09930169981237
-35.559810129339596,-71.88513407302688,-91.83381750416474,-104.60957437488825,-154.86216947056414
-34.325904804628244,-75.57497338731048,-100.05071468944064,-115.40093541321596,-166.22155127947568
-34.3990473773411,-80.3309275801632,-108.79210703054085,-126.13863619057616,-177.15102377421084
-35.77113060158254,-86.12626010993509,-118.00143418349276,-136.77589358409614,-187.6251577017724
-38.432017598428736,-92.92362489616639,-127.61134056167266,-147.26344369088037,-197.61958844798824
-42.36681155918119,-100.67311690257134,-137.5435502253236,-157.55017665709545,-207.1110854493415
-47.55294904776714,-109.31043510962323,-147.70905380113408,-167.58386978243084,-216.07761863490254
-53.95722600207913,-118.75528167064905,-158.00866472180047,-177.31200738914748,-224.49842042419937
-61.53288138019868,-128.91012557629946,-168.33398965003985,-186.68267073913262,-232.35404222551128
-70.21687798413473,-139.6594582717244,-178.56884119758533,-195.64547631718045,-239.62640482204242
-79.92753120288506,-150.86966098943387,-188.59110031007083,-204.15253640244055,-246.29884247521977
-90.5626420502501,-162.38958798079554,-198.2750116760707,-212.15941234401282,-252.35614098569653
-101.99828884530169,-174.05194572262207,-207.49386932988716,-219.6260286329885,-257.784570306921
-114.08842043819055,-185.6755155473513,-216.12302270757982,-226.51751496206185,-262.57191257967173
-126.66537181507556,-197.06822675683702,-224.0431075266891,-232.80494415009144,-266.7074866292365
-139.5413897827805,-208.03104072014662,-231.1433829135991,-238.46593615729427,-270.1821700294048
-152.51121272788362,-218.362556130889,-237.32503814823775,-243.48510239700317,-272.9884197841999
-165.35569570136485,-227.86419464085378,-242.50432104115825,-247.8543100248499,-275.12029251546807
-177.8464128898952,-236.34577815943334,-246.61533678290743,-251.57275261382006,-276.5734647851045
-189.75110745526536,-243.6312681383914,-249.61237209010795,-254.64682126968546,-277.3452538459384
-200.83979807209857,-249.56440699484816,-251.47161495471823,-257.089778400009,-277.43463873265165
-210.8912970293748,-254.01398584574073,-252.19216488519447,-258.9212445698468,-276.8422812038995
-219.69985128166206,-256.87846348073003,-251.79626105192682,-260.16651669324784,-275.5705456617978
-227.08158971692683,-258.08968036159916,-250.32869434176393,-260.85574277558385,-273.6235168359
-232.8804506366675,-257.6154483634242,-247.8554115248721,-261.0229841429132,-271.0070137534505
-236.97327519888574,-255.46085039119137,-244.46136267763382,-260.7052002558574,-267.72859834775386
-239.27378590003795,-251.66815084046627,-240.2476836644592,-259.94119359392346,-263.7975769969189
-239.7352228042376,-246.31529373895313,-235.3283409390773,-258.7705526142105,-259.2249933423018
-238.35148109255172,-239.51304495874717,-229.826393631548,-257.23262945914246,-254.0236109081437
-235.15667690879525,-231.40091227094936,-223.8700458887646,-255.36558604971674,-248.20788432144934
-230.22315847667784,-222.14204639324288,-217.58866955633937,-253.20553769358486,-241.7939182968001
-223.65806937991894,-211.91738229751337,-211.1089732260038,-250.78581768217197,-234.7994139830241
-215.59865392871083,-200.91931870572373,-204.55147900703207,-248.1363799225324,-227.24360274018957
-206.20656439358822,-189.34525218231744,-198.02744451018208,-245.2833498483889,-219.14716789901024
-195.66148138517048,-177.39127951383014,-191.63633651759773,-242.24872707734676,-210.53215552231507
-184.15438819495444,-165.24635891598194,-185.46392716831855,-239.05023689371365,-201.421875613124
-171.88084579251822,-153.08717946252224,-179.5810459492731,-235.70132195259004,-191.84079557517538
-159.03459772082985,-141.07393281754958,-174.04298404577335,-232.21126086490293,-181.81442801022655
-145.8017956036225,-129.34711669528252,-168.88951411665428,-228.5853967004973,-171.36921512197142
-132.3560802877662,-118.02543079042587,-164.14546031366305,-224.82545602002205,-160.5324120821573
-118.85468592387475,-107.2047585371444,-159.8217317863298,-220.92993782020105,-149.33197170103952
-105.43566036336908,-96.95816680060086,-155.9167187869992,-216.89455168387897,-137.7964326377632
-92.21622106503207,-87.33680444102858,-152.41794396322803,-212.71268534007305,-125.95481319557007
-79.29219678566798,-78.37154242013638,-149.3038620641955,-208.3758835901603,-113.83651248681056
-66.73844632408202,-70.07517424832541,-146.54570818509796,-203.87432294543964,-101.47122043788504
-54.61009992888596,-62.44498630301922,-144.10930657693564,-199.1972691370916,-88.88883775107018
-42.94443869675581,-55.46551190355068,-141.95676750776045,-194.33350769074244,-76.11940656491012
-31.76321296758052,-49.11129906360816,-140.04801716918087,-189.27174080624127,-63.193052170360396
-21.07520161700444,-43.349546931663596,-138.34212374205825,-184.00094667268635,-50.139935759931646
-10.878828382916872,-38.142497073868675,-136.79840020188269,-178.51069993150782,-36.990217819836346
-1.1646762412290066,-33.44949988381727,-135.37728023205426,-172.79145416250478,-23.774031428571625
8.082226830489262,-29.228710645260918,-134.0409769748019,-166.83478892905683,-10.521464404112956
16.880440953915333,-25.43840166186236,-132.75394482518544,-160.63362503527776,2.7374510504612912
25.25051929708169,-22.03790448223641,-131.4831718737347,-154.18241220824703,15.972742813873316
33.21380255575845,-18.988218288951785,-130.1983349740998,-147.47729344286645,29.154499263473568
40.79158962206859,-16.252336309802978,-128.87185098878086,-140.51624978372772,42.25286766787784
48.00464594220807,-13.795351544374604,-127.47885692013352,-133.29922843949018,55.23805272693961
54.872992736520914,-11.584406560135157,-125.99714882297567,-125.82825592394965,68.08031752667354
61.41590904127359,-9.58855034868747,-124.4071051142229,-118.1075365023214,80.74998921503969
67.65207415618512,-7.778559240214527,-122.69161463845279,-110.1435347110424,93.21747167548068
73.59977981855684,-6.12676977296281,-120.8360240789043,-101.94503924059444,105.45326736881695
79.27714822788303,-4.606960343186827,-118.82811343104356,-93.52320414870125,117.42801032141273
84.70230267755579,-3.1943064908151655,-116.65810262642879,-84.89156232664985,129.11251195126368
89.89345071318803,-1.8654227451416645,-114.31868728344577,-76.0660054810765,140.47782104047425
94.8688541645316,-0.5984928317675156,-111.80509717629039,-67.06472470651488,151.49529868410303
99.6466749443976,0.6265196950317815,-109.11516749756377,-57.908106072392464,162.1367084797285
104.24469919947684,1.827596290855091,-106.2494104302881,-48.618576562706295,172.3743215847758
108.67995446398638,3.020345593714815,-103.2110729818495,-39.220397181943156,182.18103558273734
112.96824435317194,4.217668699690741,-100.00616646455745,-29.739402030487447,191.53050539547607
117.12363269008594,5.429435207912881,-96.643453403222,-20.202684571551195,200.39728379345027
121.15791362576648,6.6621977313771055,-93.13437894995155,-10.63823503458174,208.75696843000966
125.08010628994506,7.918970935878463,-89.49293600877105,-1.0745357694561157,216.58635180257514
128.8960119268405,9.199098108692013,-85.73545611670696,8.459875800513654,223.86357016360347
132.6078685606747,10.498224027171887,-81.88032157293955,17.93686437792599,230.56824720385376
136.21413330203075,11.808387753424626,-77.94759821565597,27.329159721850573,236.681628336813
139.70941580543226,13.118243179817071,-73.95859245962146,36.61080932777748,242.18670164161807
143.08457850905177,14.413408939429175,-69.93534055108312,45.75760407783449,247.06830197315068
146.3270105385073,15.67694291809022,-65.9000422780468,54.74746015773964,251.3131954068983
149.42107295939735,16.889930300217827,-61.87445538640158,63.56074153989616,254.91014202111432
152.34870384199846,18.03216808837665,-57.879270481540985,72.18050925366204,257.84993598306926
155.09016277987874,19.082923597050637,-53.93348902503918,80.59268643163988,260.12542294087103
157.62488649470168,20.021739774207276,-50.053828961947886,88.78613159808769,261.73149576021365
159.93242035474861,20.82925658301781,-46.254183355053144,96.75261666173856,262.66507061616267
161.99338539359027,21.48801529769642,-42.54515701457011,104.48671035779732,262.92504628603143
163.79043704502652,21.983211618149255,-38.93370440687087,111.9855721941979,262.512250131162
165.30917054892024,22.303364128189713,-35.42288908204375,119.24866603258161,261.4293746574292
166.53892897717216,22.440866887153604,-32.01178053599317,126.27740602500134,259.68090867882324
167.47347311932225,22.3923988504108,-28.69549896229273,133.07475051819995,257.2730669683996
168.11147797061807,22.1591682637398,-25.465411982181323,139.64476156239323,254.2137218807915
168.45682806963868,21.74697697370084,-22.30948047784254,145.99214871707395,250.51233980498597
168.51869309853026,21.166097448029902,-19.212743467880046,152.1218158971187,246.1799245075311
168.31137553137836,20.430963826413148,-16.15792497127046,158.03842908151285,241.22896851978007
167.853933147065,19.559687075065142,-13.126139437416015,163.7460209121486,235.67341278000916
167.16959030322909,18.573412810806488,-10.097666987751765,169.24764569216637,229.52861383559642
166.2849623663195,17.4955480968395,-7.05276578145552,174.54509524295918,222.81131710868075
165.22912700058174,16.350890028331364,-3.9724865648561263,179.63868271013067,215.53963408769104
164.03258359252786,15.164693821209966,-0.8394540665263008,184.52709794046916,207.7330208678255
162.7261474893614,13.961721089475958,2.361418590493585,189.20733469343838,199.41225524863052
161.3398286608666,12.765309864172309,5.642312949782465,193.67468688507608,190.59940961143806
159.90174471405192,11.596506625953154,9.012011283340087,197.92280843751365,181.31781702802795
158.4371159276339,10.473297288927412,12.475544908447375,201.94382922808268,171.59202846656962
156.9673853206915,9.409968912864983,16.033996831615077,205.72851815720813,161.44775951854191
155.50950006409323,8.416627273908176,19.684463155040184,209.2664834981124,150.91182572198716
154.0753822384868,7.49888771547046,23.42017006419818,212.5464004273679,140.0120662506221
152.67160757137432,6.6577484065470856,27.2307360742776,215.55625590389047,128.77725642238357
151.2993009194654,5.889646745143594,31.10256295341211,218.2836017798895,117.23701011184893
149.9542474673519,5.186691629272275,35.01933368867165,220.71580808966448,105.42167368989463
148.62720941334703,4.53705709392807,38.96259224419372,222.84030976255798,93.3622135348962
147.30442975590657,3.9255167182307815,42.91237779853166,224.64484143691863,81.09009944798636
145.96829802705307,3.334093485295483,46.847885648524205,226.11765651196978,68.63718645315774
144.59814767640106,2.7427965671452483,50.748127935214654,227.24772797482674,56.03559747876081
143.17115140516623,2.1304148425238765,54.59256960173103,228.02492980681896,43.31760930934971
141.66327908485297,1.4753367752351636,58.36171828397005,228.44019884928215,30.515543985666227
140.0502828694987,0.7563674409881003,62.03765086950452,228.48567785394187,17.661667535714283
138.3086755402893,-0.04648421509902789,65.60446392618982,228.1548410331679,4.788097562179563
136.4166707634997,-0.9512716292340855,69.04863979110851,227.44260375230735,-8.07327918578289
134.35505751689863,-1.9734503226757312,72.35932453954842,226.34541807564253,-20.890878549032145
132.10798515255806,-3.125306863809328,75.52851807980599,224.86135570715732,-33.63347972145058
129.66364012956737,-4.4154886618928515,78.55118005308576,222.9901794861654,-46.27027517612021
127.01480010800452,-5.848642062013241,81.42525792839086,220.73340404442695,-58.770910293117744
124.15925562372422,-7.4251624146269535,84.15164560117414,218.09434555241842,-71.10551360237997
121.10009378760586,-9.141056435997328,86.7340819227272,215.0781597315487,-83.24471889980855
117.84584225015792,-10.98791433979035,89.17899894916823,211.69186654543734,-95.15968080089793
114.41047497168813,-12.952986938856043,91.49532939462948,207.9443592692147,-106.82208555966092
110.81328411701512,-15.019361180058453,93.69428192823582,203.84639503482902,-118.20415919438639
107.07862467086639,-17.16622633769866,95.78909171778724,199.4105635241115,-129.2786751179116
103.23554019786468,-19.36922227838275,97.79475215651266,194.65123028616065,-140.0189635614936
99.31727962481601,-21.600860729414748,99.72773217505491,189.58445123879605,-150.39892509740292
95.3607160905776,-23.831010232780457,101.60568209161747,184.22785530909536,-160.39305049852678
91.40567988021701,-26.02743534719839,103.44712972237508,178.60049289248494,-169.97644901533383
87.49421831758347,-28.15638058097595,105.27116756794058,172.72264885964898,-179.12488689585598
83.66979629993516,-30.183189425025617,107.09713138346189,166.61562018896169,-187.81483762228575
79.97645196360041,-32.072948657445735,108.94427036642404,160.30145989867844,-196.02354489007604
76.45792278724763,-33.79114778417068,110.83140955632086,153.80269072301527,-203.72909882209657
73.15675825751327,-35.304343067450965,112.77660579609206,147.14199382464915,-210.91052530590872
70.11343600042328,-36.580815105484106,114.79679968520605,140.34187965074258,-217.54788768842386
67.36549895740325,-37.59120841590722,116.90746725951897,133.4243496989869,-223.62239938648958
64.94673167363644,-38.30914101541853,119.12227654457301,126.41055934030435,-229.11654530665677
62.88639397539594,-38.711771661323496,121.4527555164693,119.32049282915864,-234.0142093479876
61.20853014587462,-38.78031231619743,123.90797923635611,112.17266212125764,-238.30080472475856
59.931371077403384,-38.50047359754756,126.49428487767771,104.98384103701638,-241.96340342635773
59.06684571051304,-37.86283155117049,129.21502393404907,97.76884561708589,-244.99086086043548
58.62021632065539,-36.863105091103264,132.07036100002477,90.54037021118658,-247.3739316266999
58.58984986752875,-35.50233490622377,135.0571281084189,83.30888696303248,-249.1053724579018
58.96713470205834,-33.78695654025338,138.1687426727463,76.08261398331983,-250.18002864613715
59.73654849226657,-31.7287626739476,141.39519564413496,68.86755475681247,-250.59490073957608
60.87587937862251,-29.344752311771096,144.7231146051701,61.66760835695384,-250.34918892825115
62.356598230884565,-26.65686751028199,148.13590427517263,54.48474700914421,-249.4443133078292
64.1443756072432,-23.69162137027643,151.6139644022049,47.31925462840998,-247.88390907818192
66.19973278386959,-20.47962412421549,155.1349823926845,40.17001732934947,-245.6737966531338
68.47881220710244,-17.055017152402314,158.67429541272878,33.03485471989035,-242.82192757920978
70.93424909519106,-13.454827525642827,162.2053142176499,25.91087917112111,-239.33830803435532
73.51612284048402,-9.718258078071187,165.69999874906728,18.79486929022518,-235.23490245534518
76.17296447122638,-5.885929957088123,169.12937368748211,11.683643557145569,-230.52552048401003
78.85279482684058,-1.9990959962654529,172.4640707443561,4.574420515762271,-225.22569089563652
81.50416734682776,1.90115594427472,175.67488357796614,-2.5348470091358806,-219.35252645696127
84.07718949517084,5.774690354004292,178.73332085000075,-9.645174552682963,-212.9245837472932
86.52449782181407,9.583083302242798,181.61214310574877,-16.756294301203503,-205.96172186796022
88.80216344411426,13.290335708935594,184.28586983434826,-23.86645542925561,-198.484963677567
90.87050722177825,16.863524430895033,186.73124419866474,-30.972280326657202,-190.51636274869864
92.69480697835016,20.273376990191245,188.9276444497465,-38.06867800567926,-182.07887867874484
94.24588264814668,23.494758192806536,190.85743287734226,-45.14881356353898,-173.19626274184108
95.50054904414682,26.507059572076685,192.5062352055699,-52.20413042147314,-163.892955181339
96.44192989000211,29.29448543260179,193.8631455277785,-59.224420264950986,-154.19399475316092
97.05963068146627,31.84623215543175,194.92085409429396,-66.19793423696721,-144.1249404774799
97.34977169522551,34.15656024934762,195.67569743423877,-73.11152802165361,-133.71180497188047
97.31488591990104,36.22476130033415,196.12763233048344,-79.95083300265344,-122.98099824941258
96.96368974227937,38.05502440028504,196.2801370100971,-86.70044566523106,-111.95928048800464
96.31073680638411,39.65620876211309,196.14004451143637,-93.34412778435492,-100.6737220237373
95.37596752663953,41.0415310057052,195.71731450899327,-99.86501063744319,-89.15166869188859
94.18416826190766,42.22817700190222,195.02475090097556,-106.24579742115051,-77.42071063153571
92.76435515374547,43.23684918328404,194.07767319051987,-112.46895915317793,-65.50865277080793
91.14909813370296,44.09126088272995,192.89355013243645,-118.51692051788285,-53.443485404628035
89.37380066466073,44.81758957129082,191.4916042990296,-124.37223328930074,-41.253353545420154
87.47595046792694,45.443900875781395,189.89239617574773,-130.01773606656494,-28.966524048157076
85.49435587884182,45.99955501319791,188.11739617237657,-135.43670002538536,-16.61134986175565
83.46838164884716,46.51460683739558,186.18855257297838,-140.61296118057908,-4.216231117095573
81.43719704931601,47.019210108120944,184.12786299283556,-145.5310402376993,8.19042689297723
79.43904810223859,47.54303591507922,181.95695640497408,-150.17625147108427,20.58025847309706
77.51056472306172,48.1147144645123,179.69669227743833,-154.53480219980855,32.9249843903688
75.68611255556318,48.761308698110305,177.36678285276946,-158.59388435349436,45.196460006467674
73.99719833373632,49.507827487235005,174.985444119606,-162.3417593506922,57.36672370423662
72.47193673061511,50.37678544033861,172.56908057936656,-165.7678370866725,69.40804457842725
71.13458584118598,51.38781567680425,170.13200849402892,-168.86274928686254,81.29296838141822
70.00515767319771,52.5573412429592,167.68622189955005,-171.6184168740726,92.99436081376064
69.09910925164289,53.89831015376379,165.2412052612674,-174.0281103732388,104.48544742160502
68.427119137088,55.41999830760729,162.80379620417372,-176.0865017889621,115.73984960031163
67.9949532688381,57.12788370980212,160.37810124131883,-177.78970588938708,126.731616494366
67.8034230263867,59.023594521811006,157.96546681712567,-179.13530846190142,137.43525291354436
67.84843721786818,61.10493240121049,155.56450725210001,-180.12237891175977,147.82574373676712
68.12114832502229,63.365971394424385,153.1711903019659,-180.75146458484062,157.8785756287165
68.60819174783241,65.79723128443514,150.77898001807395,-181.02456442941605,167.56975722899702
69.29201500457239,68.38592278791366,148.37903542059615,-180.94508007436036,176.87583926767545
70.1512918813157,71.1162603662595,145.960462189473,-180.51774308290985,185.77393629324828
71.16141443665376,73.96983670488883,143.51061317319437,-179.74851801649632,194.2417518495887
72.29505362121071,76.92605118368594,141.01543206015089,-178.64448197151384,202.2576089912159
73.52277715379807,79.96258298094425,138.45983311220675,-177.21368237853767,209.80048796786872
74.81371130685254,83.05589790584267,135.82810849585226,-175.46497601272577,216.85007273426766
76.13623150186245,86.18177672853288,133.1043535398669,-173.40785328240173,223.38680764774338
77.45866521008855,89.3158517588882,130.272899277224,-171.05225286408844,229.391965312306
78.74998969876388,92.43413779527724,127.3187409662836,-168.40837256251822,234.84772602718192
79.98050674712707,95.51354338943503,124.22795099488033,-165.4864828276485,239.73726872141242
81.12247664742037,98.53234869915474,120.98806469725997,-162.29674960495987,244.04487263233037
82.15069464281979,101.47063704909876,117.58842818448554,-158.8490730957596,247.75602834637093
83.04299444263424,104.31066868436751,114.02049830559342,-155.15294854838598,250.8575562016021
83.78066556509938,107.03718704512369,110.27808629556498,-151.21735439986946,253.33772948909177
84.34877392292427,109.63765014688707,106.35753847712093,-147.0506719760635,255.18639941899238
84.73637818547249,112.10238222701138,102.25784949209238,-142.6606395936953,256.3951184683877
84.9366378942928,114.42464359853454,97.98070585093612,-138.05434236644248,256.9572585250133
84.9468129233945,116.60061950819892,93.53045999707116,-133.2382373886197,256.868120200517
84.76815749745231,118.62933158969027,88.91403747018474,-128.21821235095922,256.12502981497465
84.40571544262616,120.51247810186499,84.14078200386169,-122.99967413007735,254.72742084717473
83.86802648604744,122.25421142173744,79.22224539938232,-117.58766257566286,252.67689708868883
83.1667561002318,123.86086311958013,74.17193068679946,-111.98698367283576,249.97727531072786
82.31626349267184,125.34062830025971,69.00499834396959,-106.20235553763703,246.63460592036267
81.33312378778751,126.70322170329192,63.737946147323626,-100.2385603442662,242.65717081038065
80.23562119522637,127.95951829896714,58.38827355577956,-94.10059529198426,238.055458355917
79.0432300009715,129.12119081651335,52.97414138927181,-87.79381608096267,232.8421162408845
77.77609959067695,130.2003558402355,47.51403699093,-81.32406704143024,227.03188347188518
76.45455848582426,131.2092388832367,42.02645411309279,-74.69779299186716,220.64150352349523
75.09865063956806,132.159867287616,36.52959551623699,-67.92212901972756,213.68962103168445
73.72771511711099,133.06379800851715,31.04110480166843,-61.00496560445209,206.19666479397225
72.36001790360223,133.93188542491316,25.577832403083548,-53.954987758646915,198.18472003629998
71.01244207314716,134.77409238785648,20.155639028201893,-46.781688075259744,189.67739296867708
69.7002400416923,135.59934586253326,14.789238251131174,-39.49535467136157,180.69967058089546
68.43684922932792,136.41543682526566,9.492078480169994,-32.10703596164839,171.27777844220063
67.23377027027894,137.22896260355594,4.27626322089413,-24.62848494090844,161.43903898478442
66.10050500631786,138.04530863926306,-0.8474925393860175,-17.07208618511122,151.2117323936285
65.04454993278313,138.86866573462427,-5.869872858316313,-9.450769092460455,140.62496182225175
64.07143956218619,139.70207821093612,-10.782941925230581,-1.7779109894811853,129.70852422911514
63.184833332906926,140.54751805634552,-15.580099737390498,5.932766353251502,118.49278770933418
62.386639203107556,141.40598003419902,-20.25601655905131,13.667303484255926,107.00857580134588
61.67716689988134,142.27759282827571,-24.80655033148743,21.41161034918799,95.28705889669916
61.05530389533445,143.16174157112823,-29.22865102223996,29.15157114208236,83.35965258738209
60.518707500992086,144.0571974888279,-33.52025560454723,36.87314484579876,71.25792255680645
60.06400695246509,144.9622508526735,-37.68017698118775,44.56245983456675,59.013495463876765
59.68700994040381,145.87484391232005,-41.70798974723782,52.20590133741351,46.65797518339014
59.38290867818664,146.79270095768766,-45.60391525609215,59.790190931609274,34.222863747230896
59.14648123488482,147.7134530889308,-49.3687080405937,67.3024575338645,21.73948637316848
58.97228446590423,148.63475564324074,-53.00354526810236,74.73029957495638,9.23892006073904
58.85483541593509,149.55439652210265,-56.50992059045544,82.06183817901046,-3.248074632851521
58.78877853274688,150.47039387963105,-59.889543496210564,89.28576122776398,-15.691118863696278
58.76903641049945,151.3810817770916,-63.144245085728194,96.39135818350778,-28.060277871474728
58.790942082458365,152.28518249376916,-66.27589106662697,103.3685454889084,-40.326120326513646
58.8503511193033,153.181864229162,-69.28630269875686,110.20788227680053,-52.4597743685549
58.94373198234601,154.07078296034325,-72.17718639134807,116.90057603079129,-64.43297991434856
59.06823325784572,154.95210725823324,-74.95007265348144,123.43847776109479,-76.21813670909846
59.22172658929464,155.82652494548964,-77.60626510354192,129.81406622160324,-87.78834753973346
59.4028243594015,156.6952306236575,-80.14680023425194,136.02042071478138,-99.11745602317907
59.61087148018522,157.55989333128468,-82.57241858756365,142.05118212712108,-110.18007843501553
59.84591105082521,158.4226039357815,-84.88354790128923,147.90050202226513,-120.9516291549574
60.108624153209874,159.2858023197449,-87.08029863312946,153.5629798977463,-131.40833947416192
60.40024467915485,160.15218499786477,-89.16247203927583,159.03358908356572,-141.52726973068224
60.72245081401821,161.0245944833672,-91.12958068210354,164.30759221844067,-151.2863150050961
61.077235618992795,161.90589249152907,-92.9808808694192,169.38044776521292,-160.66420490667997
61.466760026698694,162.79881988972454,-94.71541609940645,174.24770959649283,-169.6404982964152
61.89319244766122,163.7058471355875,-96.33207012073804,178.90492226274188,-178.19557410891784
62.35854002563839,164.62901973623661,-97.82962774346831,183.34751511024746,-186.31061973142252
62.86447731788764,165.5698039556291,-99.20684108544464,187.5706989043096,-193.96761865365133
63.41217875010217,166.52893853564348,-100.46249854627209,191.56936899058732,-201.14933929752897
64.0021615457151,167.50629852420838,-101.59549350236665,195.33801925461353,-207.83932705163653
64.6341459031811,168.50077737215128,-102.60488954540182,198.8706711801626,-214.02190155656413
65.30693895346484,169.5101932332343,-103.48997907027015,202.16082213480468,-219.68216120287366
66.01834845096897,170.53122485871984,-104.25033217652285,205.20141661030772,-224.8059966078437
66.76513123258428,171.5593816174674,-104.88583318692764,207.98484351509262,-229.38011453175966
67.5429802431066,172.58901101555733,-105.396702603393,210.50296177029156,-233.39207328745658
68.34655241515009,173.6133456773856,-105.78350299522458,212.74715542993164,-236.83033020348034
69.16953797478864,174.62459014568634,-106.04712811569993,214.70841837485187,-239.68430114344253
70.00476990585146,175.61404614074925,-106.18877542646962,216.3774673769564,-241.94443148921502
70.84437044466623,176.57227318133823,-106.2099031229628,217.7448810627218,-243.60227739474954
71.67992969955353,177.48927981068505,-106.11217363994642,218.80126109483217,-244.65059554359087
72.50270990062992,178.35473918855087,-105.89738641622604,219.5374108103469,-245.0834391294014
73.30386748311525,179.15822159570257,-105.56740335659725,219.94452566958384,-244.89625735521443
74.07468427322348,179.8894355265125,-105.1240709012047,220.01438923774379,-244.08599543910591
74.80679853930674,180.53846857426595,-104.569142863699,219.73956808205676,-242.65119194031774
75.49242662588014,181.09601927335507,-103.90420821107425,219.11359894349607,-240.592070191288
76.1245663077502,181.55361145597658,-103.13062772814172,218.13116183618894,-237.9106207394653
76.69717386007736,181.9037834842129,-102.24948305336568,216.78823332159234,-234.61067196108974
77.20530808421917,182.14024588143212,-101.26154092122141,215.08221506138952,-230.6979463918893
77.64523608144566,182.2580023378236,-100.16723464353932,213.01203381984305,-226.18010080392295
78.01449733279475,182.25343071554846,-98.96666396199686,210.5782102982566,-221.06674861568007
78.31192451862677,182.1243224316823,-97.65961346466834,207.78289546948986,-215.36946382184786
78.53762138858677,181.86988035174892,-96.24558884033779,204.62987436579039,-209.10176623727574
78.69289976978072,181.4906769880535,-94.72386939987166,201.12453848914305,-202.2790884346203
78.78017938775221,180.9885762809306,-93.09357457106626,197.27382909845045,-194.91872528785092
78.8028554990711,180.3666234798219,-91.35374150738774,193.0861545333131,-187.03976749092809
78.76514034487963,179.62890858686512,-89.50341056426399,188.57128542550632,-178.66302078381145
78.6718851039908,178.78040945230896,-87.54171519741857,183.74023210804128,-169.81091287608962
78.52838934798936,177.82682091435663,-85.46797282116412,178.60510875575116,-160.50739020769018
78.34020499649732,176.7743763716569,-83.2817733137448,173.17898879255148,-150.77780672845904
78.11294147432412,175.62966789781137,-80.98306214529978,167.47575590404364,-140.64880682367462
77.8520782333718,174.39947050006373,-78.57221549878534,161.50995463380593,-130.14820437233038
77.56279007975562,173.09057544369352,-76.0501052189376,155.29664405841288,-119.30485971834756
77.24978990359092,171.7096367684912,-73.4181519220722,148.85125747312665,-108.14855607924784
76.91719250679904,170.26303427218022,-70.67836509616346,142.18947042021748,-96.7098766327382
76.56840231976544,168.75675538184976,-67.83336948654555,135.32707879516224,-85.02008322951096
76.20602693822346,167.19629752441983,-64.8864174747654,128.27988820647403,-73.11099739629628
75.83181763379622,165.5865918773587,-61.8413875011768,121.06361527047594,-61.01488403497285
75.44663731912058,163.93194875649783,-58.70276884789541,113.6938011121015,-48.764338002031515
75.05045589220165,162.23602439236913,-55.475633287876775,106.18573702781015,-36.392173578071805
74.64237244351175,160.50180846270672,-52.16559422464348,98.55440205029339,-23.93131671621699
74.22066347115542,158.73163147889102,-48.77875400796669,90.81441203172872,-11.414699891697937
73.78285599350733,156.92719095244934,-45.32164013027366,82.97997982258002,1.1248406350790514
73.325824248093,155.0895951717834,-41.80113100579303,75.06488614940186,13.65466528942303
72.8459084897527,153.21942337266512,-38.22437203005549,67.08246086815043,26.142429447882623
72.3390542192766,151.31680106013653,-34.59868263120685,59.045574366116654,38.55617943482988
71.80096995686085,149.38148920601853,-30.931455074804248,50.96663898208439,50.86444603566524
71.22730139876694,147.41298597945817,-27.230045885509867,42.857620387800495,63.03633514378044
70.61381944322406,145.41063954606886,-23.5016609129595,34.73005890241487,75.04161498762457
69.95661913451511,143.3737702786927,-19.75323530091505,26.595100677696813,86.85079922166082
69.25232605407518,141.3018004512287,-15.991309918231245,18.463538581688365,98.43522502459787
68.49830609701729,139.19438913637885,-12.221906170549872,10.345862414229025,109.76712524343873
67.69287393575661,137.05156960780846,-8.450401519799605,2.25231780877116,120.81969356201422
66.83549482385665,134.87388607536957,-4.681408474457292,-5.807027183141923,131.56714167053215
65.92697377706571,132.6625260863131,-0.9186602512156412,-13.822209250566157,141.98474747355365
64.96962563628955,130.41944444116453,2.8350932833520943,-21.783292616027293,152.04889350421553
63.96741912560134,128.14747404251443,6.578175440043481,-29.680289832094328,161.73709491320062
62.92608782532488,125.85041876492042,10.310054112950837,-37.5030834084569,171.02801666884244
61.853201041441295,123.53312325280555,14.031390476588875,-45.24135149328657,179.90147993391284
60.75818791719859,121.20151456760827,17.74406076730987,-52.88450112825237,188.3384579620168
59.652308838671765,118.86261085684353,21.45114723134742,-60.421612751834346,196.32106226725384
58.548569255756696,116.5244927387771,25.156894842503004,-67.84139960497018,203.8325202444792
57.461572477007884,114.19623390653322,28.866631155958007,-75.13218546981992,210.8571458307273
56.40730978186458,111.88778855783426,32.586647668973136,-82.2819037305582,217.380305177038
55.402888284505536,109.60983463577588,36.32404228635228,-89.27812008209636,223.38837961734504
54.46619931262485,107.37357348584479,40.08652390403201,-96.10808034271527,228.86872845384624
53.61553254215063,105.19048833846833,43.88218167682825,-102.75878377938994,233.80965420443744
52.86914364616776,103.07206593904397,47.71922315994648,-109.21708117715312,238.2003729609039
52.24478564957814,101.02948757719926,51.60568712933332,-115.46979563636431,242.03099237627782
51.75921639942574,99.07329761121483,55.54913840645178,-121.50386283615185,245.29249953339144
51.42769643376481,97.21305923422594,59.55635334802092,-127.30648633651752,247.97676054988952
51.2634929378789,95.45700858006607,63.63300572334093,-132.8653024841765,250.07653326211323
51.27740631188764,93.81171922192883,67.78336341279625,-138.16854871203583,251.58549372382208
51.47733606009941,92.28178959676565,72.01000665780462,-143.20522854108142,252.49827658520243
51.86790220426703,90.86956583631448,76.31357843294091,-147.96526645193345,252.8105287179246
52.45013721154862,89.57491187435187,80.69257687764782,-152.43964601548504,252.51897476118614
53.22126154384722,88.39503753349086,85.14319862798014,-156.62052525774087,251.62149262034163
54.17455344771197,87.3243936109205,89.65924036625022,-160.5013241585519,250.11719639046333
55.29932061719437,86.3546408494203,94.23206402194074,-164.0767803983011,248.00652373391398
56.580978009744506,85.47469719389765,98.85062889801748,-167.3429709016174,245.29132443880022
58.001232531697156,84.67086501203276,103.50159166560411,-170.29729829742863,241.97494674039558
59.538371700855556,83.92703713155159,108.16947278132264,-172.93844302568098,238.0623180069092
61.16764990559691,83.22497775251236,112.83688555144818,-175.26628337578265,233.56001657090755
62.861762669224824,82.54467166307813,117.48482190655244,-177.28178714801706,228.47633181509434
64.59139653253769,81.86473284157663,122.09298705893332,-178.98687980635685,222.82131007435086
66.32583989690383,81.1628615665268,126.64017367275143,-180.3842948756792,216.6067844663798
68.033638501872,80.41633765457199,131.1046650416645,-181.47741288641708,209.84638737775563
69.68327818712581,79.60253645009172,135.4646560726833,-182.27009536663513,202.55554497518054
71.24387721320878,78.69945371552647,139.69868062381047,-182.7665202309093,194.75145374790154
72.68587065976203,77.68622560495001,143.78603391826678,-182.97102444526786,186.4530396836659
73.9816702247678,76.543630406014,147.70717931836128,-182.88795910495998,177.6809012087181
75.10628403025618,75.25455964615716,151.44412962983546,-182.52156110924375,168.45723745950576
76.03788269958622,73.80444740185175,154.98079425186833,-181.87584452641073,158.8057637841307
76.75829990025034,72.18164813911058,158.3032848125506,-180.95451358888667,148.75161658657476
77.25345763473794,70.37775506144266,161.4001733570547,-179.7608981170548,138.32124972491647
77.51370870728857,68.38785266360834,164.26269861276,-178.29791110989152,127.54232466130804
77.53409090500693,66.2106989097379,166.8849172786118,-176.56802731892307,116.44359644721838
77.31448943387231,63.84883410995098,169.26379862266577,-174.57328088455444,105.05479742772545
76.85970598908388,61.30861511283958,171.39926188471202,-172.31527959077337,93.40652028201094
76.17943448168218,58.60017483128793,173.29415704744525,-169.79523300017578,81.53010170414231
75.28814487749689,55.73730836236895,174.954190451824,-167.0139916655276,69.4575076898793
74.20487783667224,52.737288049329095,176.38779749578583,-163.97209476173563,57.22122105231216
72.95295389593448,49.62061077967125,177.60596528657808,-160.6698238160259,44.85413146102424
71.55960184653988,46.41068164159056,178.62200864059852,-157.10726069687828,32.38942800346342
70.05551177177536,43.13343880161925,179.4513032702195,-153.28434860917687,19.86049401800884
68.47431896522394,39.816925151223884,180.11098039580494,-149.20095548422702,7.30080375758078
66.8520256983226,36.490812928982656,180.61958740224958,-144.8569397968325,-5.256179680936934
65.22636858079034,33.18588818279156,180.99671954723792,-140.2522194359683,-17.777105777479225
63.636140086439305,29.93350260890616,181.2626281401722,-135.38684475163578,-30.22883795301727
62.12047371240453,26.76500099705129,181.43781105404602,-130.2610772547366,-42.578555375166275
60.71810319845011,23.711133216512295,181.54259190498232,-124.8754756225142,-54.79385554032423
59.46660723352063,20.80146037753488,181.59669472239284,-119.23099063206386,-66.84285774541817
58.4016520817234,18.063765464906034,181.61882141341337,-113.32907039256695,-78.69430729240057
57.55624551577364,15.523479324692815,181.6262397662261,-107.17177676935037,-90.31767996522431
56.96001628678004,13.203133342420138,181.63439009908674,-100.76191320032075,-101.68328599906137
56.63853401030888,11.121850428364631,181.65651890233235,-94.10316322207389,-112.76237244406788
56.61268473087034,9.29488596974938,181.70334789510974,-87.20023798902523,-123.52722253151879
56.89811746312431,7.733230170760599,181.78278678529256,-80.05902993745019,-133.9512503996479
57.5047766277057,6.443282637257312,181.89969764371358,-72.68676858336589,-144.00908935058408
58.436534445330416,5.426609143438164,182.05571815499601,-65.09217332488494,-153.6766717071942
59.690935985696555,4.679789226753613,182.24915007107722,-57.285597127629075,-162.93129833525205
61.259067671080366,4.194361596643084,182.47491796778706,-49.27915419030743,-171.7516960036597
63.12555761852643,3.95687233288357,182.7246019029443,-41.086824196283445,-180.1180609793684
65.26871330705447,3.9490285303681034,182.98654582553434,-32.72452562615369,-188.01208759351545
67.6607987441735,4.147957478067532,183.2460416348715,-24.210150890810553,-195.4169809631044
70.26844967344219,4.526568716835129,183.48558669625635,-15.56355677640557,-202.3174535927176
73.05322153005503,5.054013494172267,183.68521045829146,-6.806504879182786,-208.69970619009857
75.97226095289648,5.696233325561266,183.82286366983175,2.0374516749423375,-214.5513936788691
78.9790878502632,6.416586688918699,183.87486165079878,10.943136938113875,-219.86157804553247
82.02447145037766,7.17654043018446,183.81637122264735,19.883975704256695,-224.62067027926446
85.05738060215855,7.9364103485205675,183.62192934042568,28.8322688963595,-228.82036421202324
88.02598597107502,8.6561337539287,183.26598027092174,37.75951523959349,-232.45356550643217
90.87868982529999,9.296055628223925,182.7234173998905,46.63677128080684,-235.51431933709324
93.56515792723445,9.817709431806833,181.97011547772735,55.435039666444936,-237.99774044134557
96.03732770096127,10.184573619685978,180.98343935787824,64.12567383896118,-239.89994916227357
98.25036736482039,10.362785569428667,179.74271605138694,72.68078608031064,-241.2180168640342
100.16356208727429,10.321795861670452,178.22965819292918,81.07364521511269,-241.94992367397592
101.74110539032499,10.034947642616075,176.42872873982466,89.27905034429348,-242.09453091576904
102.95277689555886,9.479968062774603,174.32743883065967,97.27366772687138,-241.6515698718397
103.77449095878146,8.63936142973229,171.9165731163759,105.03631933391037,-240.62164769034547
104.18870461780573,7.50069661916487,169.19033942748456,112.54821358962596,-239.00627037648874
104.18467741594597,6.056784331187515,166.14644222885164,119.79311127744596,-236.80788192888855
103.75857988483534,4.305742827893553,162.78608180658057,126.75742237891872,-234.02991784765769
102.91345160188126,2.250953716526567,159.11388340331712,133.43023256537236,-230.67687049776018
101.65901362193517,-0.09908796258015684,155.1377624556112,139.80326100347745,-226.75436319829657
100.01134358398294,-2.7310227181124276,150.86873359812654,145.8707538968062,-222.26922945683393
97.99242480773746,-5.6269660666873165,146.32067212113904,151.62932061433477,-217.22959349759876
95.62958315273049,-8.764928346151933,141.51003706940276,157.07772122835,-211.64494815194095
92.95482728271243,-12.119303680729317,136.45556515738815,162.21661570811608,-205.52622628643186
90.00410926658725,-15.661416245205174,131.1779441882916,167.04828584238913,-198.88586222346945
86.81652319258279,-19.360111709031244,125.69947377517363,171.57634118429849,-191.73784003952812
83.4334597410746,-23.182381791897313,120.04371997200045,175.80541995792237,-184.09772617563064
79.89773453860934,-27.094010148478972,114.2351690499994,179.7408950025731,-175.98268442942737
76.25270769647845,-31.06022823377937,108.29888423141615,183.38859355237275,-167.41147208139293
72.5414113171197,-35.046370295793665,102.26016784994167,186.75453806783074,-158.40441660219886
68.80570101746697,-39.01851712277947,96.14423026820205,189.84471357498293,-148.9833730624827
65.08544673973181,-42.94411857930862,89.97586605268692,192.66486514918685,-139.1716629894669
61.417777343559884,-46.7925852618477,83.77913746466484,195.2203274191443,-128.99399596585357
57.83639271813099,-50.53583978088866,77.57706531921144,197.51588636187213,-118.47637572836486
54.370956408659985,-54.14881825060413,71.39132770390782,199.5556722905083,-107.64599288564713
51.04658098127488,-57.609912583597776,65.24196790709591,201.34308186005163,-96.53110663631652
47.8834174911352,-60.90134421715836,59.14711411771416,202.8807261634314,-85.1609180268998
44.896359390601766,-64.00946002672575,53.12271492570406,204.17040156963446,-73.56543735419895
42.09486992610428,-66.92494151289289,47.18229624524435,205.2130798539115,-61.77534829425816
39.48294043230695,-69.64291898429533,41.33674685280688,206.00891435564355,-49.82187124118474
37.059184857367825,-72.16298349906171,35.594141114956884,206.55725932641514,-37.73662817466743
34.81707328111203,-74.48909085510725,29.959608511990986,206.85670024298986,-25.551511153933156
32.74530408659829,-76.62935399223176,24.43526008639839,206.9050935946267,-13.29855626899751
30.828310822201594,-78.59572281030738,19.020181824011626,206.69961544642584,-1.0098245741653318
29.04689570047677,-80.40355359914079,13.710504107411396,206.2368188654638,11.282708808545019
27.378977227262357,-82.07107395123217,8.499554704760687,205.51270101287767,23.547256589837954
25.80043479829424,-83.61875307261309,3.378100264654071,204.52278129657444,35.75231177146323
24.286028449012207,-85.06859165419657,-1.6653219713265983,203.26219239657894,47.86673060594668
22.81036754667382,-86.44334970702901,-6.643984439803798,201.72578617736826,59.85980639204185
21.348898353288483,-87.76573475401912,-11.572468105727253,199.90825645787692,71.70133481976866
19.878877357916547,-89.05757624027936,-16.466091132266587,197.80428030021525,83.36167193327725
18.38029536655477,-90.33901469993317,-21.34028323309007,195.40867889529835,94.81178609223942
16.836716806931264,-91.62773583893063,-26.209925862709923,192.7165982742084,106.0233055645224
15.235999761383182,-92.93828003581035,-31.088682047737926,189.7237089803749,116.9685635553096
13.570865015049925,-94.28145665681383,-35.98834235790103,186.42642253848928,127.6206425522069
11.839286934363692,-95.6638899361805,-40.91821499177361,182.8221211073522,137.9534198265531
10.044685197186396,-97.08771898686223,-45.88458799872849,178.90939517880994,147.9416157673718
8.195904087298592,-98.55046888405933,-50.890290149387965,174.688282672104,157.56084643232396
6.306974931816047,-100.04510291194279,-55.93437387376299,170.1605013735976,166.7876812845822
4.396666884076989,-101.56025829045781,-61.011939090986516,165.32966549559418,175.59970656065812
2.487841135542091,-103.08065939705912,-66.11411085041924,160.2014762859887,183.97559410724085
0.6066332225745086,-104.58769412256807,-71.228176786839,154.78387621884292,191.8951748702791
-1.2185031954077683,-106.06013103802839,-76.33788284641757,149.0871564257537,199.33951556035822
-2.9578504201748803,-107.47494798487998,-81.42387800896897,143.12400775721954,206.29099640390734
-4.58153260934748,-108.8082369791186,-86.4642912895849,136.90950722763998,212.73338737082216
-6.060624326027483,-110.03614631239584,-91.43541761625366,130.4610335931421,218.65191989420873
-7.3682120085015885,-111.13581870628698,-96.31248367321372,123.79810838959503,224.03335090860594
-8.480360652706555,-112.08628447081625,-101.07046082099872,116.94216182330612,228.8660160593458
-9.376942550549693,-112.86927083769612,-105.68488999719924,109.91622631900125,233.13986919259585
-10.04229175253518,-113.4698928469181,-110.13268318964792,102.7445641095133,236.84650572036142
-10.465656629975166,-113.87719709958932,-114.3928676486372,95.45223879121004,239.9791681457338
-10.641432990519293,-114.08453698211758,-118.44724233281181,88.06464404563243,242.5327328911812
-10.569171061787182,-114.08976617270905,-122.28092091847509,80.6070055186621,244.5036785412166
-10.253360677384332,-113.89524587580556,-125.88274170737591,73.1038739504613,245.8900366230662
-9.703009560848317,-113.50766980355195,-129.24553154676477,65.57862889390934,246.69132703145166
-8.93103913887654,-112.93771897570213,-132.36621800166452,58.05301262936101,246.90848108249696
-7.953530341497935,-112.19956553948256,-135.24579107116716,50.546713123909406,246.54375588944671
-6.788857988304187,-111.31025069864711,-137.88912232976134,43.07701310819602,245.60064423390085
-5.456756365534222,-110.28896626051474,-140.30465517001204,35.658519637645654,244.08378432212163
-3.9773603460126274,-109.15627213338313,-142.50398456815057,28.302985017214407,241.99887374868356
-2.370265894543074,-107.93328330110654,-144.50134831668095,21.019225904422594,239.35259164322582
-0.6536511491960297,-106.64085941705221,-146.3130538814731,13.81314300861281,236.15253237574453
1.1565053174478486,-105.29882831468271,-147.95686593958837,6.687839340726718,232.40715338632003
3.047078689071295,-103.92527159684191,-149.45137930379354,-0.3561692959139142,228.12573874598056
5.008301726094517,-102.5358962447624,-150.8154004639881,-7.320661700098135,223.31837901609532
7.03410387009046,-101.14351110529341,-152.06735854056868,-14.209349837248256,217.9959669278298
9.12228029127975,-99.75762140389838,-153.22476324409857,-21.02746420013488,212.17020742192676
11.274494656260337,-98.38414832667206,-154.3037236773808,-27.78130301704961,205.85363973697886
13.496128204573925,-97.02527445116812,-155.31853771071232,-34.477762834621,199.05966856258192
15.795995810178296,-95.67940961729764,-156.28135741319994,-41.12386755984998,191.8026008194521
18.185956658472684,-94.34126595259153,-157.2019318248371,-47.72631177346876,184.09768441096813
20.68045259892285,-93.00202544310699,-158.0874243825172,-54.291032161838096,175.9611453112509
23.296010773288767,-91.6495789222454,-158.94229872804368,-60.82281842869571,167.41021960029806
26.050748449171493,-90.2688118912906,-159.7682635701017,-67.32497223404916,158.46317749724136
28.963916852065367,-88.84191044496599,-160.56426487080066,-73.79901976351664,149.13933703985862
32.05551702027818,-87.34865999982532,-161.32651198967952,-80.24448064748049,139.45906576476216
35.346014259303786,-85.76671073238792,-162.04852363571825,-86.65869329657781,129.44376950699845
38.85616874876863,-84.07178679650416,-162.7211796230588,-93.03669443933745,119.11586821059046
42.60698853709857,-82.23782159624722,-163.33276554822612,-99.37114884647842,108.49875937277403
46.6197980284139,-80.23700862352996,-163.86899962624852,-105.6523239723491,97.61677039419313
50.916400816842895,-78.03976647117484,-164.31303402521974,-111.8681035672601,86.49510163817004
55.51930125725866,-75.61462727893866,-164.64542706409222,-118.00403420791906,75.15976238855566
60.45193556536279,-72.92806955316732,-164.84408747353535,-124.04339911597637,63.63750212125376
65.73885173784747,-69.944328320648,-164.88419738921212,-129.9673145183765,51.95573955931111
71.40576946562612,-66.62522705279338,-164.73812660543382,-135.75484505486816,40.1424918693163
77.4794477401735,-62.93008569777835,-164.37535654694915,-141.38313624807475,28.226306085339623
83.98729013962253,-58.81576636158282,-163.76243802826295,-146.82756369773904,16.236194434025606
90.9566266678328,-54.23692154434972,-162.8630117114378,-152.06190031372913,4.201574705905175
98.41362693908508,-49.146508312299716,-161.63792374867705,-157.05850443185068,-7.847783798683778
106.38182235958237,-43.49662451494304,-160.04547089045454,-161.78853293407425,-19.881808887533985
114.88024403756577,-37.239709616919995,-158.0418088590845,-166.2221844017357,-31.87016947861434
123.92121706572587,-30.33013282305715,-155.5815546012741,-170.32897776017754,-43.78231646041088
133.5078885031324,-22.72616540004267,-152.61860682863107,-174.07807173966987,-55.5875224708421
143.63160318530714,-14.392303516403528,-149.10719989129137,-177.43862971850982,-67.254923134678
154.26927531274202,-5.301874238578215,-145.0031935883381,-180.38023309859074,-78.75356263438573
165.38093129022076,4.560177180146811,-140.26558634705327,-182.87334429746892,-90.05244665219239
176.90761725333837,15.194453151497946,-134.8582219393384,-184.88981777042713,-101.12060568739594
188.769870251393,26.584384794656287,-128.75164147980863,-186.4034542930333,-111.9271715113104
200.86694300278626,38.693809829960976,-121.92501406544815,-187.390590176656,-122.44146907316785
213.07694737159184,51.465037805028686,-114.36806247920366,-187.83070933764012,-132.63312552447138
225.25804137329993,64.81758895576385,-106.08288641529144,-187.70706241604825,-142.47219721548527
237.25073015320064,78.64777448823192,-97.08557621616552,-187.00727369176113,-151.92931457244543
248.88128596201304,92.82925298939334,-87.4075065210724,-185.72391364103274,-160.9758437394767
259.9662199274177,107.21465107996428,-77.09620260355437,-183.85501288150735,-169.5840628233393
270.317664625353,121.6382786657815,-66.21568317519905,-181.4044922150237,-177.72734957533143
279.7494568994617,135.91990379378313,-54.846202156577476,-178.38248370138876,-185.38037644824774
288.0836509210371,149.86948372369497,-43.08333783324763,-174.8055193278942,-192.5193082360338
295.1571474795782,163.29268256052902,-31.036409736869913,-170.69656694414186,-199.1219969920412
300.8281012458772,175.99694699967574,-18.826239714712514,-166.08489768153947,-205.16816866648733
304.9817660387495,187.797865430183,-6.5823116604682355,-161.00577494149707,-210.6395959267575
307.5354598904977,198.52550601077678,5.560578381903298,-155.49996198296137,-215.52025193031352
308.4423758861314,208.03041930129322,17.466056342219332,-149.613052841443,-219.79644039355006
307.6940283496342,216.1890019419249,29.000135602219686,-143.3946393623475,-223.4568981095735
305.3212022835597,222.9079493136109,40.03524198163676,-136.8973350724992,-226.49286706591414
301.39336109991905,228.12757493562788,50.454117611241706,-130.17568396308843,-228.89813444136135
296.0165569809164,231.82383885918748,60.15342541832871,-123.28498854518622,-230.66903995433609
289.3299729779339,234.00900159382144,69.04688946695572,-116.28009634307273,-231.80445122671046
281.5013000461176,234.7308985148346,77.06783023602996,-109.21418697006578,-232.30570895302057
272.721210563873,234.07090639940913,84.1709864100433,-102.1376028553418,-232.17654466917935
263.1972289532891,232.14074321434762,90.33355354974131,-95.09676545693944,-231.42297475112844
253.14731800361923,229.07829983658343,95.55541229027146,-88.1332154449951,-230.05317490912847
242.7934964175795,225.04274453342714,99.85856146334059,-81.28281004812217,-228.07733985777793
232.3557806452822,220.20916570730805,103.28581180032633,-74.57510382953922,-225.5075330288781
222.0467053414826,214.7630250866638,105.89883100355404,-68.03293100748081,-222.35753115945744
212.06662588566775,208.8946831400102,107.77565885750907,-61.67219853917932,-218.6426683462973
202.5999480044431,202.79423317139847,109.0078302505932,-55.501890070471134,-214.3796837347445
193.81236838665643,196.64684343111145,109.69725380263134,-49.52427203434233,-209.58657643253161
185.84915071111362,190.62876133188897,109.9529943058662,-43.735285145322536,-204.28247054119393
178.83440747175328,184.90408438232083,109.88809913141797,-38.12509769742607,-198.48749241236226
172.87131223454503,179.62235246339975,109.61659342745887,-32.67879175074213,-192.22266139760166
168.04313131194226,174.9169688593691,109.2507480290735,-27.377149694457366,-185.50979450137558
164.4149390660765,170.9044156218906,108.89869941228281,-22.19750689080754,-178.3714244982219
162.03586695953757,167.68419422108894,108.6624746863956,-17.11463610780188,-170.83073026623768
160.94173206077824,165.3393960191804,108.63644833467117,-12.101631104329641,-162.9114773460903
161.1578943690422,163.93778911714944,108.90623273674731,-7.13075981654557,-154.6379660821614
162.70220205137196,163.53329812941925,109.54798265685876,-2.1742618203502673,-146.03498416180852
165.5878973113568,164.16775047634428,110.62807570382674,2.7949302194684833,-137.12775995943002
169.82637099256988,165.8727655465759,112.20311673001105,7.802559903327669,-127.94191283085833
175.4296692108388,168.6716700997295,114.32020436290449,12.872516419335344,-118.5033964050811
182.41266868575767,172.58133307796203,117.0173921956231,18.026407559677352,-108.83843099639584
190.79484780133686,177.61382423058416,120.32427523101867,23.283235167376617,-98.97342152035658
200.60158705275666,183.77781253017884,124.26263347600124,28.659167422364035,-88.93485774830602
211.864935237435,191.07963149248198,128.8470685573826,34.167398858794535,-78.74919438185398
224.6237768754293,199.52394879139604,134.0855753274669,39.8180863866028,-68.44270927124975
238.9233327914772,209.1139869476131,139.9799981541301,45.61834789747196,-58.04133913659878
254.8139209891618,219.85125069214325,146.52633054791042,51.57230924465827,-47.57049336956767
272.34890083014295,231.73472551722858,153.71482667745218,57.68118542966773,-37.054847879830746
291.58172247699997,244.7595218411322,161.52990397995222,63.94338260523287,-26.518122480157807
312.56200830173617,258.9149512234216,169.94982738993218,70.35460888950111,-15.982846940957813
335.33060644368607,274.1820363343631,178.94617764783186,76.90798384400982,-5.47012253958437
359.9135818653593,290.53047600766945,188.48311868685417,83.59413865824652,5.000612383173673
386.315149769812,307.91511158081903,198.51649217787383,90.40130147145967,15.411802749273452
414.5096121451054,326.2719713650303,208.99278080343635,97.31536472395543,25.74797143318658
444.43243148735655,345.5140064545353,219.84799547484135,104.3199338573835,35.99587569077038
475.97066592019337,365.52667243061865,231.00655507880353,111.39635898600379,46.14461202836836
508.9530945346163,386.16355623490756,242.38023983638078,118.52375326745512,56.18565610293579
543.1404760514758,407.24229302132835,253.86731017894778,125.67900355773293,66.1128248284544
578.2165005306894,428.54106062364247,265.3518912252184,132.83678050197884,75.92214925950452
613.7801029106174,449.795974988008,276.7037273849113,139.9695564617846,85.61164911810883
649.3398964600823,470.6997334323837,287.778411170513,147.04764058868946,95.18100307084809
684.3115399435122,490.90185849365344,298.41818387127915,154.03924090180627,104.63111303761482
718.0188600461507,510.0108781465771,308.45339240739037,160.9105633908201,113.963565838293
749.6994968769278,527.5987338198163,317.70466582393556,167.62595791447688,123.1800011950465
778.5157142947138,543.2076328190634,325.9858463437564,174.14811996245868,132.28140125648906
803.5708120688505,556.3594555418115,333.1076740939883,180.43835615368755,141.26732306479866
823.9312935724646,566.5676920184455,338.88218265014496,186.45691961584322,150.13510134657867
838.6545888264235,573.3517218081229,343.1277162226353,192.16341909630407,158.87905422374251
846.8217251171257,576.253074448284,345.67443116805373,197.517302781611,167.4897284447221
847.5739018219998,574.853126024436,346.37009767331676,202.47841437023877,175.95322308244278
840.1514960193158,568.7915151226588,345.08597549617343,207.00761501740968,184.25063095067347
823.9336400229226,557.7844141918476,341.72250428543816,211.06746047219508,192.35763497857548
798.4762124664251,541.6416861596834,336.2145278378395,214.62291824013107,200.24429232541064
763.5459102476082,520.2819056092386,328.53576576525967,217.64210517633984,207.87503216160496
719.148052121201,493.74424040273163,318.70225768012864,220.0970218459713,215.2088840312669
665.5459273155682,462.19628005389285,306.77453521822207,221.96425662018942,222.19994298109862
603.2698504502873,425.9370620622341,292.85832565738144,223.22563015783086,228.79806580146757
533.114605842642,385.3947806684296,277.1036556785629,223.86874998490867,234.94978052172675
456.12463034591525,341.11895100538703,259.7023015672719,223.88744559830786,240.59937955653507
373.56704773931125,293.76712615092447,240.88361816129913,223.28205706282125,245.69015644578093
286.89346985680527,244.08660116247552,220.90886741275497,222.05955449212632,250.16573773783975
197.69225299942917,192.89186023493735,200.0642523133351,220.23347200497744,253.9714558689469
107.63357483948352,141.03880407443205,178.65293689639535,217.82364747005303,257.05570633158874
18.410215625464993,89.3970104999029,156.98639241441444,214.85576818870882,259.3712332034405
-68.32276001155593,38.82141342631527,135.3754490334135,211.36073208012624,260.87629116907834
-151.00614722049454,-9.87517780680436,114.12144846200145,207.37384330808408,261.5356391986247
-228.22946294629858,-55.9473584225384,93.50788465119177,202.93386996944201,261.3213305147276
-298.7758095617213,-98.73900156584894,73.79288781119409,198.08199882232418,260.213274672865
-361.6566053189586,-137.70075244743754,55.202854109164946,192.86072752216165,258.19955968303236
-416.1347640022803,-172.40246257186695,37.92745375399305,187.31273804667177,255.27653426447534
-461.735694513294,-202.5402089150732,22.116169144373288,181.47979569184588,251.44866174172307
-498.2462824400575,-227.9378754742585,7.876428433872036,175.40171617300345,246.7281670605552
-525.7027452992984,-248.54358833072254,-4.726685560557485,169.11543912888968,241.1345063865674
-544.3688663360634,-264.4215676788304,-15.669249947669954,162.65424004675523,234.69369439959914
-554.7065684835734,-275.7401738224168,-24.966005932636875,156.04710479218315,227.43752757076925
-557.3410678059038,-282.7570679843077,-32.66677074936749,149.31828212882175,219.40274245764107
-553.022940085358,-285.8024788516136,-38.852010310390455,142.48702048403948,210.6301466004724
-542.589357506268,-285.26156459482917,-43.62784231311832,135.5674863778264,201.1637563023244
-526.9265305865655,-281.5567957765181,-47.12073906124215,128.56885394256565,191.04997087065618
-506.935059024248,-275.1311694397258,-49.472183439998446,121.49554827283932,180.33680726750012
-483.49949415458735,-266.432913618294,-50.83350313961411,114.34762027597989,169.0732130354043
-457.4629857257642,-255.9021702780962,-51.36107071999706,107.12122741655338,157.30846927187068
-429.60746354852773,-243.9599683338974,-51.21201402459779,99.80919328423604,145.09168967915946
-400.6394206017046,-230.99963003057303,-50.54053624590064,92.40161915426899,132.47141660056062
-371.18104044664796,-217.38060399861678,-49.49490071378335,84.88652243086672,119.49531065343241
-341.76616151982665,-203.42459385757172,-48.21509476342126,77.2504797643737,106.20992718342364
-312.8403987619169,-189.4137562508779,-46.83115172415404,69.47925636147794,92.6605703118542
-284.76464654245365,-175.59067756217723,-45.462081348589976,61.55840719716513,78.89121378302087
-257.82115777472694,-162.15980270476138,-44.21533741328885,53.47384013268455,64.94447704976069
-232.22142056625393,-149.28997884554002,-43.18673673973758,45.212335026658465,50.861644938680655
-208.1151219115165,-137.11778709323863,-42.46073602920815,36.762016531523976,36.68271967640184
-185.5995837309362,-125.75136087105537,-42.11097088006967,28.11278119354538,22.446494896656105
-164.7291669349643,-115.27442573797455,-42.20096417860229,19.256681589681016,8.190642355988645
-145.52425299310826,-105.75033708934058,-42.78491767625566,10.188271475487909,-6.048196646432503
-127.97952096224131,-97.22593545131306,-43.90850997103743,0.9049162856909732,-20.234321816836164
-112.07133488927042,-89.7350808748465,-45.609635389051874,-8.592927118400844,-34.332891725735294
-97.76413820617404,-83.30176605847069,-47.91903065487054,-18.301458716908122,-48.30985304865072
-85.01581658653772,-77.94274100875619,-50.86074915859001,-28.213310596928554,-62.131884077751266
-73.78203887426133,-73.66960979387923,-54.45245565269107,-38.31735030759113,-75.76635432143668
-64.01961856181123,-70.49038241219357,-58.705527067417826,-48.59851570339187,-89.18130105779129
-55.68895817945946,-68.41048261403672,-63.62495765436328,-59.03768697544129,-102.34542287877836
-48.75564862213858,-67.43322661989559,-69.20907875504369,-69.61160366246435,-115.22808955546954
-43.191297806299836,-67.5597991629067,-75.44911506540345,-80.29283612158125,-127.79936696725872
-38.973660941879935,-68.7887632499924,-82.32861022505234,-91.04982204631501,-140.03005536678825
-36.08614068156558,-71.1151494755705,-89.82276473535757,-101.84697899528283,-151.89173889652798
-34.51672163583338,-74.52918041641614,-97.89773834759615,-112.64490342436153,-163.3568440296532
-34.25640191305858,-79.01469608089158,-106.50997680229825,-123.40066532774678,-174.39870447749078
-35.29718563956702,-84.54735773383935,-115.60562868438134,-134.06820526949969,-184.99163008572506
-37.62970547519335,-91.09271945196517,-125.12012164899309,-144.5988373666891,-195.11097732857914
-41.24055306130539,-98.60426889050544,-134.97796779323178,-154.94185776732627,-204.73321919757092
-46.10940767746945,-107.02155001785889,-145.09286494208132,-165.0452535131429,-213.83601255878858
-52.2060681870489,-116.26848976681667,-155.36815361282174,-174.85650160810275,-222.39826140490047
-59.48750920548044,-126.2520562241696,-165.69767811702968,-184.32344289696385,-230.4001748357754
-67.89509752835667,-136.86137662373574,-175.96708459399886,-193.39521030082778,-237.823319041067
-77.35211713834937,-147.96743758460474,-186.05556899599796,-202.02318638347782,-244.650663002747
-87.76175837570497,-159.42347655741497,-195.83806478095886,-210.16196145927213,-250.86661805736793
-99.00572697283951,-171.06615154271105,-205.1878343110192,-217.77026080225883,-256.45707182921643
-110.94361975666523,-182.71754565545808,-213.97940107342478,-224.81180823195982,-261.40941734157457
-123.41319454601569,-194.1880245883619,-222.09173351261205,-231.25609362095702,-265.7125783138387
-136.23163145990804,-205.27991984720978,-229.41156737562403,-237.07901379102128,-269.35703174355683
-149.1978417467587,-215.79196099802624,-235.83673398739708,-242.26335983647712,-272.3348288487914
-162.09582960669542,-225.52432903737878,-241.27934864745987,-246.79912902513968,-274.6396153104078
-174.69905463470505,-234.2841539260207,-245.66870795704455,-250.68364586288652,-276.26665151750086
-186.77568078635252,-241.89123620157,-248.9537484682637,-253.92148435531215,-277.2128332012956
-198.09453630973508,-248.18373930983336,-251.10493210800618,-256.5241915692146,-277.47671246971873
-208.4315525777936,-253.0235794050308,-252.11544616473307,-258.5098208451681,-277.05851885594416
-217.57640302541614,-256.3012356618075,-252.0016362707077,-259.90229097552924,-275.9601796023604
-225.33903097378465,-257.93971831727066,-250.8026280665166,-260.7305948856289,-274.18533804776894
-231.55574076801986,-257.8974640572184,-248.57913477161486,-261.0278874289755,-271.7393686991302
-236.0945329114134,-256.1699777972448,-245.41149092106912,-260.8304864920557,-268.62938737310026
-238.8593917362217,-252.79010368359295,-241.39699405795764,-260.1768244601406,-264.8642547038591
-239.79328281309012,-247.82688217475376,-236.64667322034563,-259.10638809435875,-260.45457134080993
-238.8796841465761,-241.38302922144956,-231.2816329627294,-257.65868400460835,-255.41266330305285
-236.14255592551964,-233.5911520652665,-225.4291422801104,-255.8722642825971,-249.75255620958035
-231.64474252522731,-224.60888813380342,-219.21864776968474,-253.78384269996332,-243.48993744904936
-225.48489104965577,-214.6132134674171,-212.77788914049108,-251.42752648090178,-236.6421057707133
-217.79305612375072,-203.7942105602956,-206.22928312392793,-248.83418239031298,-229.22790824209366
-208.7252344194481,-192.34860930667094,-199.6867201489186,-246.03094913424115,-221.26766500238105
-198.45712900337946,-180.47341744283491,-193.25288873192437,-243.04090124924045,-212.78308271452678
-187.1774789876083,-168.35993878139345,-187.01720781628867,-239.882863137874,-203.79715805736978
-175.08130194339762,-156.18844067423495,-181.05440997780784,-236.57136601752998,-194.33407297839864
-162.36338490950777,-144.12368002333255,-175.4237812257498,-233.11673555243226,-184.4190837288008
-149.21232637463817,-132.31143439503327,-170.16902859895157,-229.52529402031638,-174.07840591261814
-135.80537986246594,-120.87611662615322,-165.31871701033896,-225.79965812952975,-163.33909789310528
-122.3042845675018,-109.91948310696844,-160.8871934095786,-221.9391120730856,-152.2289449111604
-108.85219558074259,-99.52038268674805,-156.87590026267674,-217.94003503313726,-140.77634618703308
-95.57175157415489,-89.73543908718695,-153.2749718963986,-213.79636302040103,-129.01020710619056
-82.56424706382151,-80.6005179459337,-150.06500613188126,-209.50006648797537,-116.95983834669664
-69.90981445171252,-72.13280198911677,-147.21890903691244,-205.04162740475016,-104.65486350289527
-57.6684717240589,-64.33328487896287,-144.70372138248013,-200.41050220069738,-92.12513641551443
-45.881857356295164,-57.189495305183144,-142.48235008219865,-195.59555999193597,-79.40066904711716
-34.575455593555596,-50.67827616577999,-140.5151450184996,-190.58548855528716,-66.51157035847027
-23.76111241759035,-44.768466733268426,-138.7612797517358,-185.36916346739753,-53.48799625939594
-13.439653564890246,-39.4233655923954,-137.17991235006548,-179.93597849688229,-40.360110336206816
-3.6034384087404057,-34.60288578732407,-135.73111887757696,-174.2761376166344,-27.15805470553265
5.761285743599704,-30.265348083248583,-134.3766061150555,-168.38091079841,-13.911930016334935
14.672328706222768,-26.368890943437304,-133.0802213297524,-162.2428570099764,-0.651783321637442
23.14986425043979,-22.872504678681878,-131.80828510128882,-155.85601853702266,12.592397727308587
31.215125108559544,-19.73672078047702,-130.5297783404985,-149.21609090987772,25.790686147479892
38.889480227081265,-16.924004868644122,-129.21641689832478,-142.320572370681,38.91321433268983
46.19386157872824,-14.398912724947792,-127.84264689445706,-135.16889603591162,51.93017234299983
53.14848771703326,-12.128073814233439,-126.3855915406688,-127.76254678066037,64.81180802310969
59.77281822986598,-10.080066179716063,-124.82497628103233,-120.10516349891299,77.52843125197636
66.08566717729987,-8.225241584417958,-123.14305401851709,-112.20262589653545,90.05042461477801
72.10540386270236,-6.535551354904811,-121.3245465177294,-104.06312347452918,102.34826270303587
77.8501749056064,-4.9844127100539595,-119.35661219196083,-95.69720298624657,114.3925420786413
83.33809136155584,-3.5466435217625047,-117.22884476215295,-87.11778952587082,126.15402367580337
88.58733727355718,-2.198481433116555,-114.93330200927332,-78.34017563738529,137.60368905670495
93.61617025860664,-0.9176918672704772,-112.46455925476901,-69.38197251827134,148.71281148179676
98.4427993492696,0.31624067577734394,-109.81977845501612,-60.263017599198804,159.45304221141404
103.08513930193155,1.5218520791960586,-106.99878098611134,-51.0052335498785,169.79651183429542
107.56045312643028,2.7153893592639733,-104.00411037587757,-41.63243509593769,179.71594574257918
111.88490507654213,3.910477670636837,-100.84107041946578,-32.170081896283385,189.18479217033735
116.07305436621127,5.117790932593465,-97.5177242690159,-22.644978050070698,198.17736051861903
120.13732523694627,6.344753932326313,-94.04484116327527,-13.084921461165738,206.66896704521608
124.08749165864883,7.595302531031834,-90.43577938409703,-3.5183091365694636,214.63608444362333
127.93021499958817,8.869725878780883,-86.70629669693693,6.026292643531768,222.05649141547525
131.66867065997076,10.164610587433472,-82.87428283616626,15.520601667233251,228.9094180915107
135.30229521519428,11.472901875646428,-78.95941239993833,24.937082726855184,235.1756831074509
138.82667940462764,12.78409104289858,-74.98272067055233,34.24940449936078,240.83781831233844
142.2336247108555,14.084532500124723,-70.96610920427364,43.4328737164438,245.8801774818977
145.511372708006,15.357887226896153,-66.9317923510655,52.46482981425666,250.2890260177526
148.64500723478508,16.585683179253962,-62.90169996606684,61.324984016910776,254.05260940717736
151.61702019218632,17.747977077299225,-58.89685524813255,69.99568849883096,257.16119915432574
154.40802280227604,18.824096398008038,-54.93674966948717,78.46212383314591,259.6071159168323
156.997575908779,19.79343552650336,-51.03873913627315,86.71239624515623,261.3847306252718
159.36510575181615,20.636276114117877,-47.2174866532374,94.73754007444025,262.4904453576722
161.4908659764438,21.334598976080514,-43.48447670319932,102.53142508197294,262.92265661765146
163.3569027603232,21.872853531524925,-39.847625188632094,110.09057256727682,262.68170436119277
164.94797812715714,22.23865099724071,-36.3110060790555,117.4138884205995,261.76981058377794
166.2524069218712,22.42334938797765,-32.874711901064714,124.50232497175406,260.191011484042
167.26276562966706,22.422501867701996,-29.534860019231587,131.35848658514917,257.9510871497649
167.97643617342004,22.236145065531403,-26.283750494696676,137.98619620930884,255.0574923758416
168.3959548439331,21.868910446809465,-23.11017446407935,144.39004139898043,251.5192916517008
168.52914529759883,21.32994944493919,-19.999864813770714,150.57491863506186,247.34710059554138
168.38902466893012,20.632671453808783,-16.93607384166677,156.54559408820768,242.5530352271913
167.99348276411126,19.7943025211093,-13.900256029517777,162.30629738821682,237.1506695308255
167.3647454291857,18.835281189173173,-10.872828414971707,167.8603626112255,231.15500083691558
166.52864389333308,17.778515905835036,-7.833976731110155,173.20992776291567,224.58242171859618
165.51372155495798,16.64853529704058,-4.764472777531836,178.35570072753282,217.45069641084507
164.35021774196926,15.470567935814245,-1.6464676050264018,183.2967961891348,209.77893926715694
163.06897396934255,14.269591728309294,1.5357738801438785,188.03064462627498,201.58759249485746
161.70031179976002,13.069394453298045,4.795228401116276,192.552971325074,192.8984003667173
160.2729324046903,11.891686256261153,8.14158681981489,196.85784060649826,183.73437728285654
158.81288630921262,10.75530207325653,11.58086463295593,200.93775823751935,174.11976742732213
157.3426577357286,9.67552723792474,15.11516442511472,204.78382336337125,164.07999428956293
155.8804017417532,8.663573220496701,18.742596683980132,208.38592028484481,153.64159895342817
154.43936440276246,7.726222966757376,22.45735771623486,211.73293999357145,142.83216674454403
153.0275071389945,6.865657113597322,26.24995609879886,214.81302151792184,131.6802425183389
151.64734649050834,6.079463946437187,30.10757258052096,217.6138037427624,120.21523551916859
150.29601077930676,5.360827810587182,34.01453296268414,220.12267935034856,108.46731530638615
148.96550569889595,4.698883226566451,37.95286948735589,222.32704377949264,96.46730069647577
147.6431724101454,4.079215549121201,41.90294379776476,224.2145335074618,84.24654399301943
146.31231457289377,3.4844839196919253,45.84410364064513,225.77324942052672,71.83681296066831
144.9529651689706,2.8951386580193486,49.755346087562216,226.99196246237733,59.27017304766667
143.54276011909423,2.2902031810993435,53.61596199914851,227.8603000568016,46.578872284175695
142.0578835924409,1.6480899886540499,57.4061395086466,228.3689129303218,33.795231097072545
140.4740494773101,0.9474210893691151,61.10750817496221,228.50962286744746,20.951539006142042
138.76748456019058,0.1678252687871833,64.70360984098211,228.27555258787635,8.079959823312272
136.9158813183427,-0.7093124223164153,68.18028681894424,227.6612393292302,-4.787553412855851
134.89929159462295,-1.7001699174309408,71.52598251955074,226.66273385285862,-17.61933295127269
132.70093650065752,-2.817893003899485,74.73195379098185,225.27768647884275,-30.384059900596114
130.3079123958798,-4.0720984639768005,77.7923978338287,223.50542142579084,-43.05081689082651
127.71177744703773,-5.468483983313476,80.70449946236222,221.34700021749424,-55.589130261837255
124.90900785276533,-7.008549433489179,83.46840660711388,218.80527426682085,-67.96900259938347
121.90131713338278,-8.689430656148545,86.08714327440805,215.8849260092661,-80.16093679184178
118.6958358013094,-10.503843901917051,88.56646972684949,212.59249719236408,-92.13595309759971
115.30515215809172,-12.440136653479001,90.91469950413912,208.93640219429236,-103.86560098798448
111.74721787561772,-14.482438689753991,93.14248218336044,204.9269236090691,-115.32196775763637
108.04512442074639,-16.610905889323107,95.26255962631569,200.57618685923626,-126.47768606610079
104.22675831875738,-18.802048358277418,97.28950203807204,195.89811033766756,-137.30594268297912
100.3243447924657,-21.029133911444163,99.23942862889805,190.90832758837513,-147.78049074528369
96.37389054590726,-23.262657636694456,101.12971618721855,185.62407834926518,-157.87566779083446
92.41453747485917,-25.470868128202596,102.97869757318867,180.064065919631,-167.5664216972391
88.48783996585122,-27.620340892456255,104.8053511448968,174.24827928322696,-176.82834642689394
84.63697926207406,-29.67658933178683,106.62898151412982,168.19777969387866,-185.6377291505811
80.90592917819947,-31.604703537333805,108.46889184261703,161.93445296971296,-193.97160989883326
77.33858826062014,-33.37000684509438,110.34404814107195,155.48073047601713,-201.807854377452
73.97789431036914,-34.938719721194786,112.27273669343988,148.85928361516605,-209.12523999538135
70.86493797993191,-36.27862006922094,114.27221673430587,142.09269847651058,-215.9035545098075
68.03809286425268,-37.35968854124147,116.35837176571329,135.20313901016056,-222.12370602001957
65.53218005145727,-38.15472695325484,118.5453642961295,128.21200855158818,-227.76784237057285
63.377685388538225,-38.63993753670624,120.84530019055724,121.1396206198972,-232.81947738958632
61.60004765515399,-38.79545058812965,123.26791010467699,114.00489053638294,-237.26362082645662
60.21903533345993,-38.60578819421705,125.82025651124198,106.82505947964857,-241.08690840068573
59.248228637006235,-38.06025218449682,128.50647550266035,99.61546205956006,-244.2777280615423
58.69462186367637,-37.15322535517257,131.32756278281445,92.38934734179797,-246.82633841379769
58.558358943626395,-35.884376348136485,134.28121298644754,85.15776151690633,-248.7249753049467
58.83261227582733,-34.258760362969596,137.36172066324315,77.92949815299687,-249.96794280189025
59.50361163664201,-32.286810100457174,140.5599499493982,70.71111930815336,-250.55168520602209
60.550826188616384,-29.98421392747015,143.8633781698775,63.507047848635374,-250.47483734894595
61.94729853894761,-27.371681130934704,147.25621644927833,56.31972828532803,-249.73825114981773
63.660125543909764,-24.47459718665324,150.71960796278506,49.14985047882873,-248.34499726236055
65.65107629609851,-21.322575084369518,154.23190185372238,41.99662784673221,-246.30034155061833
67.87733364322114,-17.948911792431645,157.7689982128726,34.85811939411215,-243.61169705825606
70.29234184595755,-14.389961782566253,161.30475698927296,27.73158311401758,-240.28855302643206
72.84673975213856,-10.68444204340846,164.8114614079144,20.613847166303827,-236.3423833215417
75.48935628654957,-6.87268508186402,168.26032451584405,13.50168479645549,-231.7865373138968
78.16824324156124,-2.9958579558152536,171.62202595351027,6.392179210572223,-226.6361167670442
80.83171937843224,0.9048336624388327,174.86726501564058,-0.716934456090538,-220.9078426311934
83.42939974690452,4.788937059741542,177.96731556135572,-7.826961429019089,-214.6199157711724
85.91318489505423,8.617520655997822,180.8945683642168,-14.937983205009736,-207.79187559960636
88.23818622503585,12.353900642663476,183.6230470403932,-22.048644112510164,-200.44446034226894
90.36356607012796,15.964309407134841,186.1288847145285,-29.1559930245258,-192.5994722571278
92.2532740102954,19.41849100596113,188.3907500151698,-36.255382159394784,-184.27965059315784
93.87666436953415,22.690211286263605,190.39021275690294,-43.340422441785115,-175.50855444672086
95.20898359583879,25.75767288386082,192.11204167630856,-50.402992665223124,-166.3104569923635
96.2317201538456,28.603828138713986,193.54442875014237,-57.43329780187564,-156.71025187266164
96.9328135032376,31.216585852568215,194.67913684352632,-64.41997031979739,-146.73337186609186
97.30672254486049,33.58891066284036,195.51156962456142,-71.35020733436684,-136.40571934738207
97.35435745964742,35.718816522495054,196.0407647594907,-78.2099358511675,-125.75360753892663
97.08288203403444,37.60925827247368,196.26931330101934,-84.98399823391692,-114.80371114456317
96.50539627678872,39.267927501876,196.20320984756515,-91.65635031059783,-103.58302467130183
95.64051133184043,40.706960760865016,195.85163944481866,-98.2102651519202,-92.11882658393648
94.51183035499861,41.94256969114404,195.2267083013441,-104.62853644224109,-80.4386473994424
93.14735015188434,42.99460375744826,194.3431261913509,-110.89367643167711,-68.57023990285191
91.57879899813395,43.88605700814794,193.21784892967574,-116.98810462429468,-56.54154983865881
89.84092622992108,44.642530687556935,191.8696895489603,-122.89432453991682,-44.38068568381343
87.97075896794175,45.29166360417615,190.31890681981574,-128.59508701345638,-32.115886417800716
86.00684079707287,45.862541975268364,188.58677957214147,-134.073539503055,-19.77548655056339
83.98846644664144,46.38510007192674,186.69517494401356,-139.31336171856123,-7.387878027453857
81.95492558186865,46.88952243515486,184.66611824918573,-144.29888852016586,5.018531019326013
79.94476779791026,47.4056577749947,182.52137165777322,-149.01522145436977,17.415360380450856
77.99509986592435,47.96245394802672,180.28202836448224,-153.44833048536688,29.774304168838917
76.14092526309624,48.58742267137632,177.96812840394938,-157.58514745338329,42.06717871629017
74.41453505660581,49.30614190017865,175.5983017829896,-161.4136525678997,54.26597102189131
72.84495831875462,50.14180308449444,173.1894441438248,-164.92295485416966,66.34288672912783
71.4574794232779,51.11480983255727,170.75642974865738,-168.10336695593756,78.27039660970966
70.2732287923968,52.24243382973421,168.31186617246706,-170.9464741015706,90.02128061129352
69.30885289853202,53.5385331766523,165.86589468688447,-173.44519641567925,101.56866868068856
68.57626853292734,55.0133375880301,163.4260398864439,-175.59384315568732,112.88607779546673
68.08250549007074,56.67330410438434,160.99711161886415,-177.38815692422511,123.94744491540064
67.82964083602468,58.521046080267084,158.58116170196678,-178.82534550189655,134.72715588663718
67.8148267899987,60.555337196890896,156.1774972135046,-179.90409870277875,145.20007067902662
68.03041292084399,62.77119108372081,153.7827513046214,-180.6245876105547,155.34154569232828
68.46416182695347,65.1600158136299,151.39101150073117,-180.98844372858713,165.12745420839238
69.09955573039548,67.70984106455529,148.99400431537418,-180.99871598156676,174.5342063730393
69.91618949522444,70.40561413851682,146.58133372697569,-180.65980413383457,183.53877034138026
70.8902435182855,73.22955933425082,144.1407696847919,-179.9773680186165,192.11869639335038
71.99502780190025,76.1615934373561,141.65858136258214,-178.95821296633312,200.25214590540926
73.20158638369159,79.17978839071611,139.11990842436518,-177.61015292754405,207.91792703532087
74.47934926669015,82.26087061837215,136.50916217463484,-175.94185394372448,215.09553883195676
75.79681716970752,85.38074508505214,133.81044721105877,-173.9626617550366,221.7652252187722
77.1222629137424,88.51503106876552,131.00799315917277,-171.68241837266402,227.90803992272126
78.42443218075779,91.63959588795834,128.08658532052448,-169.11127330904733,233.5059229428178
79.67322581997479,94.73107252785378,125.0319826741284,-166.25949578417246,238.5417885929405
80.84034590763461,97.76734730515066,121.83131168728337,-163.13729455337665,242.9996245392354
81.89988843578313,100.72800442445357,118.473424847622,-159.75465199270533,246.8646006133768
82.82886682887411,103.59471551465656,114.94921373213444,-156.12117871297124,250.1231855555339
83.60765244292205,106.35156395973681,111.25186776351615,-152.2459942583115,252.763269260541
84.2203207331894,108.98529599707801,107.37707152608668,-148.13763840820735,254.77428760312375
84.65489479038058,111.48549306082278,103.32313555436937,-143.80401629544318,256.14734653541734
84.90348131901723,113.84466258792878,99.09105777794389,-139.2523790483036,256.87534190774596
84.96229771774719,116.05824735393756,94.68451520076584,-134.48934004998483,256.95307138074656
84.831592557329,118.12455622840156,90.10978779709386,-129.52092527739435,256.37733488178446
84.51546527022019,120.04462190094341,85.37561890291252,-124.35265463256111,255.14702031023896
84.02159410321892,121.82199350119356,80.49301846034137,-118.98964980448369,253.26317160307224
83.36088419491634,123.46247401001659,75.47501723585691,-113.43676307724547,250.72903681315
82.54704990013377,124.97381385006699,70.3363815029419,-107.69872069292117,247.55009449893512
81.59614710414435,126.36537299505612,65.09329860260176,-101.78027392460884,243.7340574401647
80.52607219727037,127.64776432569313,59.76304424465535,-95.68635093057011,239.29085344142882
79.35604460114166,128.83249079514306,54.36364238999421,-89.42220273459114,234.23258372386516
78.10608927690795,129.93158828835737,48.91352808764564,-82.99353727736447,228.57346009738046
76.79653456251904,130.95728493418963,43.43122278138258,-76.4066363557998,222.3297227173151
75.44753907110831,131.92168614448445,37.93503041907214,-69.66845134442667,215.51954073328247
74.07865934791815,132.83649291161734,32.44276127676793,-62.78667479918531,208.16289851460223
72.70846765513221,133.7127590026454,26.971488837761044,-55.76978629964472,200.28147037415343
71.35422676488864,134.56069075104887,21.53734343457436,-48.627072115608144,191.89848680995365
70.03162611872736,135.3894912643607,16.155344752918793,-41.368619420185254,183.03859524561196
68.75458127551454,136.20724912331573,10.83927378550484,-34.00528675905964,173.72771809170288
67.53509632083657,137.02087011340487,5.60158347030222,-26.548653284325106,163.99291068826923
66.38318692975298,137.83604925098072,0.45334609739093423,-19.010949848007474,153.8622213480012
65.30686011880042,138.65727937112945,-4.595765351646271,-11.404975417287964,143.36455532561286
64.31214542504455,139.48789184104095,-9.537465446000049,-3.7440024286518074,132.5295441173467
63.40317131953456,140.33012454071735,-14.3648180832622,3.9583253379143954,121.38742107114058
62.5822800881427,141.18521208767157,-19.072175973097757,11.688098981183916,109.96890388448472
61.850174165470534,142.05349333755527,-23.65510201766508,19.431251735795726,98.30508420312017
61.206086944525076,142.93453142486248,-28.110276635751134,27.17366460969182,86.42732422404072
60.647971354204046,143.82724196951943,-32.435394806657136,34.901268199543495,74.36715996064083
60.17269994156001,144.73002551881092,-36.62905624986074,42.60013894205823,62.15621065277889
59.77627075869361,145.6409007750425,-40.69065174453607,50.25658849556211,49.826093700284375
59.454013980449744,146.55763563822296,-44.620248162579436,57.85724533252747,37.40834446318876
59.200794820204734,147.4778735378519,-48.41847436949005,65.38912794194401,24.934340299334906
59.01120892670688,148.399252914883,-52.0864097625713,72.83970927935314,12.435228290854965
58.87976700493245,149.31951802952034,-55.6254768827997,80.19697225870678,-0.058143764692518835
58.80106588881194,150.2366195072429,-59.03733926624955,87.44945615809785,-12.515293368352511
58.76994369518232,151.14880319752228,-62.32380549711574,94.58629382011517,-24.906166436604362
58.781617008703975,152.05468601832757,-65.48674028565699,101.59723948284503,-37.201197442413424
58.831798298602344,152.95331751249654,-68.5279833131504,108.47268699799918,-49.37136633525153
58.91679196985568,153.8442258724855,-71.44927655016211,115.20367809996671,-61.38825184931717
59.033567629696144,154.72744722443446,-74.2522007483305,121.78190030704368,-73.22408069724634
59.17980933453561,155.60353702882176,-76.93812181067537,128.19967398581008,-84.85177207713927
59.35393980317864,156.47356258064514,-79.50814774175585,134.44992811340254,-96.24497690196868
59.5551188681065,157.33907580138805,-81.9630968468911,140.5261643477748,-107.37811119782192
59.78321581193628,158.20206582748116,-84.30347777161585,146.4224091771772,-118.22638321352893
60.038755717660074,159.06489132752083,-86.52948183355117,152.13315417432347,-128.76581393818287
60.322840556452405,159.93019302644677,-88.64098788943747,157.65328472976623,-138.97325093178458
60.637046441622346,160.80078757179257,-90.63757969614338,162.97799807597215,-148.82637562937322
60.98329927524832,161.67954462646614,-92.51857536925111,168.10271192388024,-158.30370457040928
61.36373187611753,162.56924988451706,-94.28306812728451,173.02296559493053,-167.38458531826626
61.78052656254612,163.4724575404041,-95.92997705189723,177.73431611299745,-176.04918815213605
62.23574802048194,164.3913365493367,-97.4581061199896,182.23223228647123,-184.2784949168982
62.731172057386246,165.327515740738,-98.86620930366774,186.51199031982807,-192.0542866843009
63.26811646397375,166.28193343068287,-100.15305912293894,190.56857490384803,-199.35913209136297
63.84728061839896,167.25469756576513,-101.31751571015266,194.39659000291118,-206.17637835977087
64.46860061626191,168.24496256948441,-102.35859323848541,197.9901836489894,-212.4901470466173
65.13112655201397,169.25082891332667,-103.27552050875623,201.34299093612836,-218.28533652032925
65.83292808561993,170.26927097321592,-104.06779260097255,204.44809906757675,-223.5476329885222
66.57103359557058,171.2960979517673,-104.73521079011547,207.29803773530512,-228.26353162676818
67.341407060866,172.32595156249647,-105.27790839828981,209.88479731882776,-232.42036897505645
68.1389653688781,173.35234282008525,-105.69636089218389,212.19987640281892,-236.0063672955091
68.95763707464518,174.36772871864287,-105.9913793072055,214.23435897285992,-239.01069104130562
69.79046182079345,175.36362788306315,-106.16408694683487,215.97902041050924,-241.42351499840578
70.62972776212335,176.33077253685775,-106.21588021701805,217.42446013818636,-243.23610305925152
71.46714252983499,177.25929244111035,-106.14837535410354,218.56125753265104,-244.44089600380855
72.29403162354293,178.13892492248155,-105.96334363214316,219.38014660556502,-245.03160613116347
73.10155673527272,178.95924381725786,-105.6626383352326,219.87220400944875,-245.00331613563782
73.88094547450223,179.70989919348733,-105.2481173043004,220.02904422612835,-244.35257928168633
74.62372334342518,180.38085913610473,-104.7215651778124,219.84301537775977,-243.07751772250393
75.32193864694418,180.96264472788482,-104.08461951954912,219.30738899502137,-241.17791574102245
75.96837132399273,181.4465496427929,-103.33870485764838,218.41653729080784,-238.65530477316017
76.5567174372902,181.8248364706244,-102.48497825833448,217.16609200784018,-235.51303729684292
77.08174221045388,182.09090296884213,-101.52428945247249,215.55307970270593,-231.75634702320585
77.53939598333614,182.23941282272227,-100.45715776418268,213.57602934773487,-227.39239328718054
77.9268891775821,182.2663871035183,-99.28376720997275,211.23504931358173,-222.43028807665596
78.24272422200352,182.16925435048717,-98.00398020188328,208.5318720688914,-216.88110473126943
78.48668427417473,181.94685896619464,-96.61736935830766,205.4698662256236,-210.7578679507896
78.65978038638215,181.59942930823237,-95.1232660578588,202.05401679851178,-204.07552534693585
78.76416040726173,181.12850839700099,-93.5208236137673,198.29087567087663,-196.85090132094118
78.8029843075417,180.53685146606298,-91.80909233756412,194.18848521434643,-189.10263452761745
78.78027171260842,179.8282956056065,-89.98710332685043,189.75627875845214,-180.85110057499926
78.70072818250783,179.00760745910782,-88.05395756474508,185.00496212521227,-172.11832189411754
78.56955719124616,178.08031531844736,-86.00891685657638,179.9463807272827,-162.92786689064488
78.39226483418204,177.0525320345318,-83.85149323828132,174.59337678448838,-153.3047405590932
78.17446406628143,175.93077494785126,-81.58153374681359,168.9596410647372,-143.27526870919638
77.92168479177838,174.72178858960726,-79.1992978138509,163.05956323320163,-132.8669778344627
77.639195444465,173.43237526226474,-76.70552499441096,156.90808443770692,-122.10847246111177
77.33184087959961,172.06923783683982,-74.10149123477022,150.52055521146812,-111.02931157093201
77.00390050582189,170.63883826178113,-71.38905238394173,143.91260117971729,-99.65988541270767
76.65896967661939,169.14727442034354,-68.57067412925963,137.09999845577434,-88.03129372495759
76.29986648594318,167.60017714821436,-65.64944796432283,130.09856004012877,-76.17522610505637
75.92856531105784,166.00262847003108,-62.629093159290996,122.92403402296688,-64.12384499338576
75.54615774461473,164.3591014602556,-59.51394498959185,115.5920139572151,-51.90967150924101
75.15284097166868,162.67342159745763,-56.308929687495834,108.11786142947724,-39.5654741881387
74.74793317748315,160.9487490664489,-53.01952671680885,100.5166406145792,-27.124160534832367
74.32991520913478,159.18758116495383,-49.651719045124665,92.80306445350035,-14.618671226232664
73.89649743936116,157.39177377665044,-46.21193211631687,84.99145203484224,-2.0818767738079966
73.44471056909305,155.5625807594617,-42.70696222697191,77.09569677117493,10.45352351680664
72.9710189260243,153.70071004146425,-39.14389500454034,69.12924502498389,22.95510037571648
72.47145463913816,151.8063951882717,-35.530014692334824,61.105084931628,35.390791159612164
71.94177086375484,149.8794811768538,-31.87270498586311,53.03574526556436,47.7289940294727
71.37761197277777,147.91952305477815,-28.17934225230252,44.933304277621446,59.93865937638576
70.77469829815689,145.92589605778704,-24.457182112163295,36.80940847290012,71.98937798506641
70.12902259144553,143.8979155853213,-20.713240576417974,28.675301282653543,83.85146525877714
69.43705487265159,141.83496518253355,-16.954171214879615,20.541861493703124,95.49604068229641
68.69595176232309,139.73663034646222,-13.186140177427184,12.41965112667911,106.89510158410049
67.90376576403611,137.60283557014662,-9.414701287222378,4.318972196766595,118.02159018692636
67.05964931506097,135.43398157748695,-5.644673856110764,-3.7500685483507787,128.8494529178438
66.16404779390234,133.23107920898582,-1.8800263124357173,-11.777488226119527,139.35369099329031
65.21887511448406,130.9958759275327,1.8762308497213027,-19.753351521815986,149.51040140687047
64.2276651036246,128.73097046488908,5.6221389280365415,-27.667691744069213,159.29680763040295
63.19569160914594,126.43991076924942,9.356867535110869,-35.51043194716634,168.69127959010328
62.13005027714278,124.12727019030007,13.080769509153654,-43.27130925047913,177.67334279398816
61.039695219856696,121.7986967983289,16.795409965908817,-50.93980581061479,186.2236768531155
59.93542441137433,119.46093092119358,20.503565478936704,-58.505090096697785,194.32410404326393
58.82980862395343,117.12178643266319,24.20918983520742,-65.95597214638188,201.9575689758788
57.73706006162238,114.7900920607522,27.917343514077057,-73.28087631100252,209.10811086577195
56.672838546986185,112.47559001312266,31.634084981372336,-80.46783461282928,215.76083027250948
55.653995135099464,110.18879052756846,35.36632306311556,-87.50450323047632,221.90185252826572
54.69825530406705,107.94078251847935,39.12163103493774,-94.37820380920834,227.518290321386
53.823846321463506,105.7430022536432,42.9080245865484,-101.07599028718717,232.59820806005726
53.049075904022054,103.60696388871453,46.733707433179305,-107.58474077943856,237.13059067650798
52.39187175515484,101.54395762161002,50.60678997148274,-113.89127282513805,241.1053194363302
51.869293850733214,99.56472310527504,54.53498793073102,-119.98247905060799,244.51315708591787
51.49703331692751,97.67910746773711,58.52530936110186,-125.84547910660059,247.3457443064898
51.28891328000814,95.89571872589192,62.583739440599985,-131.4677826831952,249.5956089581493
51.25640805769176,94.22158644432409,66.7149333896559,-136.83745756472325,251.2561890124545
51.40819741967212,92.66184209828181,70.92192818995574,-141.9432961255997,252.32186941457817
51.74977231666638,91.21943168763983,75.20588376388046,-146.77497343650563,252.7880324204679
52.283107444425816,89.89487268130364,79.56586375890828,-151.32319027848226,252.65112025757855
53.0064142920058,88.68606634492689,83.99866510040002,-155.57979485660462,251.90870829867535
53.913985981711626,87.5881749478591,88.49870405736274,-159.53787784664786,250.55958635418293
54.996142337420906,86.59357131896931,93.0579647664172,-163.19183655417996,248.60384521294125
56.23928034503624,85.69186581465411,97.66601406085444,-166.53740535175177,246.04296522102197
57.62603164384527,84.87001308886079,102.31008415399722,-169.5716511042556,242.87990350217697
59.1355250741641,84.11249824267995,106.97522234094001,-172.2929339023378,239.1191764008057
60.74374877214121,83.40159911581154,111.6445045267659,-174.70083500202605,234.76693386795998
62.424003007015074,82.7177187983131,116.29930717544148,-176.7960553210745,229.83102280247277
64.14743204254265,82.03978001219603,120.91963030490231,-178.5802890851269,224.321036782687
65.88362089062909,81.34567094480131,125.48446251571954,-180.0560781810545,218.24835015295625
67.60124099753,80.61273049109055,129.9721777975323,-181.2266534131747,211.62613503042516
69.26872771212268,79.81825973383934,134.36095304727525,-182.09576914565042,204.469360436727
70.85497184598236,78.94004588278395,138.62919486935795,-182.6675377508614,196.79477340048422
72.33000772536974,77.95688480007425,142.7559642971203,-182.94626989130407,188.62086248586
73.66568080377195,76.84908862706828,146.7213885416433,-182.9363259843202,179.96780475057096
74.83627907254697,75.59896584062102,150.50704968439518,-182.64198329356526,170.85739759884316
75.81911408040065,74.19126223289021,154.09634131597267,-182.06732202837108,161.31297735362514
76.59503924292548,72.61355274343698,157.47478540927563,-181.21613268750357,151.35932661737303
77.14889518136539,70.85657568812981,160.63030312370796,-180.09184573266637,141.02257261834828
77.46987396980214,68.91450264020247,163.55343469298802,-178.6974835899184,130.33007875385746
77.55179629726106,66.78513894605935,166.23750498638915,-177.03563401518176,119.31033145188559
77.39329758707703,64.47005153574695,168.6787326960714,-175.10844307199804,107.99282429311702
76.99792100046272,61.97462226350857,170.87628235058318,-172.9176253897926,96.40794108402415
76.3741169459586,59.308026452565414,172.83225945987175,-170.4644890177717,84.58683926828297
75.5351502038922,56.483137602094494,174.55165004878822,-167.74997206635402,72.56133473014134
74.49891705716918,53.516360340602496,176.04220663645523,-164.77468842323898,60.36378869946756
73.28767591629193,50.42739469011609,177.31428338170093,-161.53898012072568,48.026997134659815
71.92769586994751,47.238935561251836,178.38062366322094,-158.04297437960324,35.58408265397493
70.44882842463976,43.97631215922186,179.25610382570108,-154.28664391977543,23.06838882318621
68.88400846353781,40.66707267699939,179.9574372309267,-150.26986976003235,10.513376401204477
67.26869120067094,37.34052031473492,180.50284313598388,-145.99250637724526,-2.0474789963054083
65.64023267159072,34.02720732076607,180.9116853048253,-141.45444970702692,-14.580788425244204
64.03722211491672,30.75839441717543,181.2040856639982,-136.65570899346247,-27.053350939357024
62.49877547743178,27.56548366039035,181.40051874839384,-131.5964838898855,-39.432255243459295
61.06380021907069,24.47943349081463,181.52139314872338,-126.27724843691152,-51.6849820565171
59.77024258698761,21.530165429151623,181.5866266584502,-120.69884356866591,-63.77950735935766
58.65432953618928,18.745972552502977,181.61522230328927,-114.86257960376281,-75.68440644312166
57.7498184484712,16.152940491893908,181.62485289097208,-108.77034975739748,-87.36895837795507
57.08726867853448,13.774392187573078,181.63146210531522,-102.42475507158156,-98.80325020407203
56.69334966312384,11.630367966890972,181.6488904444217,-95.82924032279745,-109.95827982741417
56.59020078756095,9.737152618353633,181.68853442389712,-88.98823946648983,-120.80605629954475
56.79485833573795,8.106860973272006,181.75904738953653,-81.90732806536477,-131.31969589794835
57.318764581801034,6.74709302895041,181.86608997200707,-74.59337898674454,-141.47351221835294
58.16737335325283,5.660668820842034,182.01213763866878,-67.05471651688669,-151.2430983652442
59.33986516170283,4.845452055595544,182.19635193571847,-59.30126300775204,-160.6053992967846
60.828983236440266,4.294269949616485,182.4145208615329,-51.34467132866288,-169.53877245833988
62.62099951034319,3.994934794180267,182.65907237866196,-43.19843582250034,-178.023035032931
64.69581682800688,3.930370523319496,182.91916338247904,-34.877974237275204,-186.03949644741994
67.02721043200859,4.078845049036744,183.18084454031225,-26.4006732781126,-193.5709751947213
69.58320822220884,4.414306421652938,183.42729935223286,-17.78589104037688,-200.60179955082486
72.32660548749088,4.906818058642017,183.6391536334341,-9.054910656081052,-207.11779235955757
75.21560591311393,5.523085462098194,183.79484945900762,-0.23084099651925172,-213.10624070036127
78.20457681837703,6.227064119417946,183.87107553297392,8.661537822134736,-218.55585191064108
81.24490293553686,6.980635763100551,183.84324403641324,17.5959841645755,-223.45669806759958
84.2859197585223,7.74433795980093,183.68600236470434,26.545057440217057,-227.80015160569937
87.27590471712739,8.47813020390052,183.3737668655811,35.48042860415368,-231.5788152169962
90.16310230061276,9.142178391065102,182.8812648110373,44.37323125175314,-234.78644951884408
92.89675786992798,9.697638807631478,182.18407043381848,53.194443735914255,-237.41790214860274
95.42813433563953,10.107422635034354,181.25912097013276,61.915290870212615,-239.46904193988783
97.71148617584382,10.336922450157076,180.08519928606603,70.50765240585578,-240.93670164025073
99.70496642361533,10.354683290942617,178.6433708122267,78.94446469012755,-241.81863225025154
101.37144422299953,10.133002510582998,176.9173641272493,87.20010179647907,-242.11347151328718
102.67921325382825,9.648444795118664,174.89388654746955,95.25072298820542,-241.82072839099644
103.60257464187242,8.8822612764652,172.56286840494815,103.07457462088706,-240.9407845568084
104.12228175546183,7.820704523711399,169.91763221650004,110.65223643937848,-239.47491307358396
104.22583837815557,6.455234216004996,166.95498553728322,117.9668045801392,-237.42531353847932
103.90764596354389,4.782611359875133,163.6752388221866,125.0040063111057,-234.7951621280318
103.16899984858621,2.8048818845969805,160.0821519580603,131.75224446827013,-231.58867420611426
102.01793826343732,0.5292532136164709,156.1828151624137,138.20257250873428,-227.81117650779453
100.46895158605884,-2.0321301322051113,151.9874715715621,144.34860392222183,-223.46918541708007
98.54256243666788,-4.862503768845286,147.5092899923037,150.1863622700964,-218.57048753849736
96.26478981150132,-7.9408837466059055,142.76409692676995,155.71408021938862,-213.12421863336488
93.66651247668949,-11.242538942317836,137.77007709613423,160.93195750964694,-207.14093705163785
90.78274827777526,-14.739523820951803,132.54745131688676,165.84188877240734,-200.63268802728211
87.65186689934951,-18.401259482470394,127.11813978844748,170.4471724969919,-193.61305559966507
84.31475399242562,-22.195150886677553,121.50541772664248,174.75221222413592,-186.09719944550605
80.81394455558753,-26.08722838303116,115.73356893954656,178.76222030787167,-178.10187452233774
77.19274310328609,-30.042802076752466,109.8275415192125,182.4829334036233,-169.64543209888728
73.49434757718,-34.02711804993767,103.81260844716323,185.92034732558497,-160.7478014424461
69.76099324401267,-38.00600594708451,97.71403470966249,189.08047718951457,-151.43045211589376
66.03313205081089,-41.94650786464262,91.55675160106178,191.9691469419393,-141.71633747557306
62.34866212815347,-45.81747881103692,85.36503834661349,194.59181059052082,-131.62982053244082
58.74222137126538,-49.590149210039336,79.16221105584137,196.95340579695488,-121.19658382503631
55.24455828419714,-53.23864001727869,72.97031934404393,199.05823905834544,-110.44352534082894
51.881992513670234,-56.740421045183545,66.80985171547573,200.9099005474844,-99.39864280987182
48.675976669744564,-60.076703109629015,60.699451931519675,202.51120584523068,-88.09090887911114
45.64277005403449,-63.232754705907624,54.65565000020372,203.86416129305258,-76.55013976404113
42.7932337033792,-66.19813419090553,48.69261299784024,204.9699495129016,-64.80685997317339
40.13275461528933,-68.96682899644692,42.82192252458859,205.82893175752056,-52.89216562065947
37.661305064743196,-71.53729432706506,37.05238704218807,206.44066412457127,-40.837588693617704
35.37364048152719,-73.9123851917674,31.389898478692658,206.80392523851367,-28.674964433205112
33.259636392349194,-76.09917754891815,25.837343151869995,206.91675371372222,-16.436303732598166
31.30476143884255,-78.10867683929541,20.394577117710014,206.7764944960998,-4.153672158174993
29.490679503339322,-79.95541523730965,15.058475380979086,206.37985397336303,8.140923129469462
27.795969601002973,-81.65694251122356,9.823062937939763,205.7229644837325,20.415637634090345
26.196947574837456,-83.23321934676643,4.679733335154287,204.80145948119863,32.63888441746341
24.66856895500989,-84.70592620210223,-0.38244264281028606,203.61056108166082,44.77941947151507
23.185387856363562,-86.09770502681569,-5.376319303992597,202.14518197490378,56.80641780394325
21.72254276255088,-87.43135525598167,-10.316194835704424,200.400043708984,68.68954085592499
20.25673677474125,-88.7290091189904,-15.217256590801242,198.3698131131842,80.39899623271998
18.767177679945725,-90.01131420717715,-20.094967573196765,196.04925811265178,91.90559105310145
17.236442288161058,-91.29665315871218,-24.964413229377765,193.43342340515335,103.18078049259769
15.65123012173059,-92.6004310073944,-29.8396314949944,190.5178254360811,114.19671329035407
14.002973867534802,-93.93446001880936,-34.732952012258224,187.2986648565876,124.92627609039525
12.288278084511116,-95.30646958942151,-39.65437224459121,183.77305323295153,135.34313847898656
10.509163449779706,-96.71976498679263,-44.61099864278499,179.93924926188507,145.42180044872944
8.673101163332655,-98.17305343813432,-49.60657991226802,175.79689822137573,155.13764376041635
6.792830732459177,-99.66044951119319,-54.64115673974558,171.34726694803942,164.46698828897814
4.8859638319815915,-101.17166415926081,-59.71084811227355,166.59346538806645,173.38715394159945
2.974386802966208,-102.69237359391983,-64.8077887680586,161.5406448309266,181.876528147334
1.0834840657989888,-104.20475574665774,-69.92022562679378,156.1961624113772,189.91463827116002
-0.7587862890388255,-105.68817396566459,-75.0327736218746,150.5697014515769,197.482227642919
-2.522925766747324,-107.11998025543505,-80.12682362833262,144.67333778641125,204.5613332606324
-4.178992711442461,-108.47640426296081,-85.18108761889457,138.52154341578438,211.1353626797064
-5.697714931758673,-109.73348973830097,-90.17225925799806,132.13112066464004,217.18916718334805
-7.051567874427091,-110.86803764535841,-95.07576229845516,125.52106246790997,222.709108089418
-8.215769873738086,-111.858514645215,-99.86655474824431,118.71233734974275,227.68311301806582
-9.169149927368938,-112.68588735798974,-104.5199540980604,111.72760100550853,232.10071914182217
-9.89484972480097,-113.33434652908682,-109.01244809911653,104.59083995076823,235.9531008677286
-10.380829924748394,-113.79189074987842,-113.32245668079727,97.32695627222736,239.2330800423257
-10.620160459390819,-114.05074636768595,-117.43101349684865,89.96130588092188,241.93511759002632
-10.61108536290297,-114.10760823731725,-121.32234006748038,82.51920560323111,244.05528644158474
-10.35686366047266,-113.96369453847271,-124.98429122669327,75.02542674118497,245.59122661725604
-9.865398589056444,-113.62461751798634,-128.40865720513187,67.50369421065217,246.5420843265477
-9.148677269003718,-113.10008024237484,-131.5913147568795,59.97621089309932,246.90843785858195
-8.222051398387574,-112.40341684609865,-134.53222684823433,52.46322634181729,246.69221379443786
-7.103396194265418,-111.55099999170307,-137.23529716818967,44.98266746266151,245.89659761621905
-5.812189373675025,-110.56154406903465,-139.70809174618918,37.54984630955692,244.52594307380798
-4.368554296469892,-109.4553358991937,-141.9614449963569,30.17725682954163,242.58568467589126
-2.7923114530834248,-108.25342631817685,-144.00897135419288,22.874468453221226,240.08225739514106
-1.102080359656565,-106.9768160254877,-145.866506223452,15.648120089997784,237.0230271384868
0.685530193266441,-105.64566759698141,-147.55150118223636,8.50201361509412,233.416234772178
2.55661143690104,-104.2785727376193,-149.08239835669534,1.437301595929478,229.27095556414108
4.500498609357939,-102.89189988558503,-150.47800766841632,-5.547239947511717,224.59707488030475
6.51015304989798,-101.49924239503471,-151.756908454108,-12.454866297856674,219.40527992047905
8.582374731505423,-100.11098195207975,-152.93689393183425,-19.29046142295523,213.70706627505706
10.717846689891456,-98.73397585258277,-154.03447335222504,-26.060094762879814,207.51475719320234
12.921021736811447,-97.37137052533123,-155.06444263672245,-32.770554916565224,200.84153273120793
15.199870157575438,-96.02253745408575,-156.0395300745941,-39.42887750923282,193.7014654371653
17.5655143749635,-94.68312167262397,-156.97011942207138,-46.041883450137604,186.10955894919587
20.031782417256053,-93.34518751871008,-157.86404870160482,-52.61574198721033,178.08178584486242
22.614716083670572,-91.99744158415567,-158.72647930103605,-59.15557059460363,169.6351212695481
25.332071622754473,-90.62550904387219,-159.5598267685157,-65.66508098025596,160.78756926566632
28.202850253265954,-89.21223704511723,-160.36374211917226,-72.1462775711178,151.55817928573092
31.24689277096674,-87.73799784017696,-161.13513062713216,-78.59921191719013,141.96705105558848
34.48456671875911,-86.18096507990764,-161.86819406772713,-85.02179372890546,132.0353267083622
37.936566213422225,-84.51733933641762,-162.55448227703855,-91.40965687481635,121.7851698849664
41.62383375340039,-82.72150360410365,-163.18294076498577,-97.7560767346379,111.23973224344455
45.56760060748606,-80.7660962519929,-163.7399429825872,-104.0519339043991,100.42310849309055
49.789528343084115,-78.62199754787488,-164.20929869865662,-110.28571842530792,89.36028163373211
54.31191954547302,-76.2582361670905,-164.57223373886825,-116.44356845828278,78.07706050569648
59.15795184871205,-73.64183357612086,-164.80734098220864,-122.50933761900596,66.60001202375538
64.35187723970235,-70.73761619183551,-164.89050783754448,-128.46468596215325,54.956390567326224
69.91911949075879,-67.50803692486099,-164.79483120953023,-134.28919077092772,43.17406692874765
75.88619780130168,-63.913058123936835,-164.49053690895838,-139.96047476315906,31.281458989706916
82.28040545012166,-59.9101559406935,-163.94492619636208,-145.45435094881304,19.30746591707573
89.12917939876911,-55.45451058685158,-163.1223772320552,-150.74498503740622,7.281407167819863
96.4591108939722,-50.49944677160335,-161.98443315363517,-155.80507786724195,-4.767033004374959
104.29456824314177,-44.99718287060514,-160.49001080048112,-160.60607168212897,-16.807855506036006
112.65593053196962,-38.899935467981365,-158.59576424999148,-165.1183850937151,-28.8107914711587
121.5574638995743,-32.16140762477439,-156.25663487115233,-169.3116821284868,-40.74534375054044
131.0049081923908,-24.738664879247946,-153.42661418945008,-173.15518077603286,-52.580826742472084
140.9928788697213,-16.59437349415107,-150.0597373030043,-176.61800586031822,-64.2864069941298
151.50222392888423,-7.699342379753304,-146.1113129134893,-179.6695898090808,-75.83114737854994
162.4975050688941,1.9647244165956117,-141.53938151286584,-182.28012299384383,-87.1840578611449
173.9247930139756,12.4023911081368,-136.30637646106902,-184.42105279007671,-98.31415588786565
185.70997586914805,23.601725084456632,-130.3809444583593,-186.06562744388535,-109.19053923937315
197.75777420970343,35.53178091496787,-123.7398633943745,-187.18947735383557,-119.78247379850242
209.95163589757252,48.14052282776651,-116.36997810607438,-187.77122265477203,-130.0594980812131
222.1546471690133,61.353374363670675,-108.27005970449696,-187.7930922359869,-139.99154560685787
234.2115455320253,75.07256912394716,-99.45248337300787,-187.24153578225602,-149.5490852678351
245.95185706253886,89.17744712846407,-89.94461432883277,-186.10780735694973,-158.7032788491091
257.1941097376522,103.52579799005431,-79.78979315357908,-184.38849671970408,-167.42615380160697
267.7510005121983,117.95629691387832,-69.04782071590152,-182.08598324073344,-175.6907883529707
277.4353226402824,132.29201572288213,-57.79485968253428,-179.20878715830042,-183.47150510909208
286.06639716546573,146.34492301918064,-46.122693778632474,-175.77179418780403,-190.74406852191947
293.47670408945055,159.92122027065764,-34.13731649342342,-171.7963322178001,-197.48588102717582
299.5183790975365,172.82729940879682,-21.95685617865179,-167.31008301683403,-203.67617233187286
304.069234078802,184.876057584994,-9.708882257194148,-162.34681742155223,-209.29617628239532
307.0379754609077,195.8932705024814,2.472825041056538,-156.94594917410876,-214.32928997817478
308.3683330386176,205.7237105026292,14.451924141033814,-151.15191012122477,-218.7612103036557
308.04187099296786,214.23670110743356,26.093434206994502,-145.013357490652,-222.58004380447426
306.0793278871834,221.33082604817375,37.26776193949836,-138.5822319754832,-225.77638678874857
302.540417921258,226.93755622833672,47.85465367162373,-131.91269290308955,-228.34337363542957
297.52211511874566,231.0236192438308,57.746892813050046,-125.0599633676325,-230.2766924744606
291.15552866518476,233.5920083786803,66.85357339683944,-118.07912342470411,-231.5745686018255
283.601554970675,234.68160590650535,75.10280181288427,-111.02389291949703,-232.23771714100724
275.0455548084228,234.36547321201706,82.44370929157333,-103.94544698444624,-232.26926750253486
265.691348122057,232.74793205618414,88.8476951362693,-96.89130656235412,-231.67466307627495
255.7548425410051,229.96062229963997,94.30886237514869,-89.90434349005376,-230.4615402801728
245.45761384987225,226.15776774140818,98.8436504207562,-83.02193485815843,-228.6395915611878
235.02073891131317,221.5109109856357,102.48971049030813,-76.27529481906382,-226.220417189228
224.65914661583184,216.20338949650156,105.30410620719286,-69.6890041331446,-223.21737070571888
214.5767042169631,210.4248188033278,107.3609517073396,-63.28074898903331,-219.64540269815308
204.96219947258137,204.36582704834697,108.74862108982664,-57.06127152335317,-215.5209071925882
195.9863181257557,198.21325062942793,109.56667529602677,-51.03452552195508,-210.86157441519947
187.7996559696873,192.14595715439555,109.9226553497357,-45.19802250561633,-205.68625300363166
180.53174900611344,186.33141316121404,109.9288849217876,-39.54334622326693,-200.0148239826991
174.29105712237333,180.92306386792154,109.69941156758208,-34.056807840865304,-193.86808799066657
169.16579836665872,176.05854401505798,109.34719633107908,-28.720210062411958,-187.26766638565277
165.22550332780997,171.85869544855274,108.98163757714114,-23.511686170511382,-180.2359160074991
162.52314236854747,168.4273304950559,108.7064888443037,-18.40657952917107,-172.79585654877485
161.09767170674468,165.85165161436996,108.61820405238356,-13.378330342845217,-164.97110872650757
160.97684611237423,164.20321768997945,108.80471818130354,-8.399339210713748,-156.78584076813104
162.18015436693398,163.5393353539671,109.34464886969349,-3.441780979766442,-148.2647201542628
164.7217464702439,163.90474909309904,110.30688520575089,1.5216527383577727,-139.43286711606189
168.6132367094972,165.33350531693705,111.7505148609228,6.517098607892791,-130.31580608462593
173.8662821151663,167.85087164184716,113.72502985786412,11.568964764403823,-120.93941114837865
180.49484980100289,171.47520186732717,116.27074457483499,16.699477248323582,-111.32984160487908
188.517097904768,176.21964810500515,119.4193567459743,21.928329633190195,-101.51346390600953
197.95680246727758,182.0936330961706,123.19458274411528,27.272431291782166,-91.51675669731547
208.84426628088596,189.104007054581,127.61280177793583,32.745746008317184,-81.366196248966
221.2166457158448,197.2558238875334,132.68364923946604,38.3592097914359,-71.08812036822101
235.11762855001828,206.552681246114,138.41050678976217,44.12071481332012,-60.70856986974766
250.59639118061978,216.99657777273984,144.7908454456666,50.03514538385007,-50.253107853185675
267.7057590939732,228.5872497246758,151.81638761022552,56.10445170739676,-39.746618382737644
286.4994923835697,241.3209587111862,159.47306446339186,62.327747769945475,-29.2130876598369
307.0286210932325,255.1887136464319,167.74075628264404,68.70142094674873,-18.67537239335212
329.33676612485215,270.17392434455513,176.59281504430675,75.21924267085612,-8.154961757155966
353.4544033575893,286.2495025988144,185.9953810434238,81.87247162127221,2.3282589788456924
379.3920642451704,303.3744500523344,195.90651822087096,88.64994323912802,12.756233429055369
407.1325177257918,321.4900013106944,206.27520629172415,95.53814183390851,23.11293650087554
436.62204710046876,340.5154256894191,217.04024140628297,102.52125398723452,33.384541854231166
467.7610215330755,360.34363117878667,228.1291105667729,109.58120430356334,43.55954123715988
500.39406309482376,380.8367582693286,239.45691781145683,116.6976767196043,53.62880225530971
534.3002226741385,401.8219969051688,250.92545151403618,123.84812650877457,63.58555152837573
569.183694937577,423.0879037386705,262.42249110132224,131.00778976084365,73.42527136465542
604.6657145987806,444.38153485379456,273.82145699830807,138.149698449662,83.14550014399
640.278371869538,465.4067362666538,284.9815085232116,145.2447101996955,92.74552959695663
675.4611506410115,485.8239454310791,295.7481896549965,152.26156250469546,102.22599610863688
709.5610143041717,505.25184631959877,305.9547110993693,159.16696141608017,111.5883679950827
741.8368272812438,523.2711836552259,315.42393818037255,165.9257145768224,120.83433625680615
771.4687935807677,539.4309750280341,323.97112749323844,172.50091789336344,129.96512237865787
797.5734093461992,553.2572613857709,331.4074212314616,178.85420407340231,138.9807230089728
819.2241627224121,564.2644077720304,337.5440675626727,184.94605966904936,147.87911742714658
835.477877284861,571.9688113250556,342.19729000756195,190.7362151172868,156.65546915905028
845.40619931276,575.9046999185234,345.1936808236709,196.18410954421543,165.30135745756408
848.1312978469695,575.6415231664097,346.3759459012458,201.24942880594242,173.80407717514964
842.8644114536919,570.8022613700222,345.60878511513306,205.892711430112,182.14604641389033
828.9454748594515,561.0818228015322,342.78465616300707,210.07601290379867,190.30435993765562
805.8817332395245,546.2645815643803,337.82914531564506,213.76361429360807,198.25052250163122
773.3830421637367,526.2400422592264,330.7056584612837,216.92275671386915,205.95038999668373
731.3914917817401,501.0156162476602,321.41915282847015,219.52437896730487,213.36433781190323
680.103109370476,470.72556551857866,310.0186552069981,221.5438321017026,220.44766547658193
619.9796952400924,435.6353163327217,296.59835638216623,222.96154200651927,227.1512350207792
551.7493264417848,396.14056156838177,281.2971323692043,223.76358985367318,233.42232830694329
476.39469568925705,352.7608466793773,264.2964178713571,223.94218045731523,239.2056966424297
395.1291969957984,306.12765162453144,245.81644179200953,223.49597069227667,244.4447651213383
309.3614681002137,256.9673170892179,226.110923121234,222.4302340552455,249.08294515721275
220.64988703248395,206.07949166713897,205.46041194242525,220.756843216654,253.06500223127276
130.64922778425566,154.3120705635451,184.16453837649186,218.49405977751155,256.3384224895481
41.05224427612988,102.53383095817165,162.53349613610072,215.6661290428566,258.8547217422578
-46.4706793821709,51.60612414476222,140.87913211137604,212.30268694697781,260.570643659995
-130.33053544025003,2.355046395144683,119.5060355979686,208.43799571248007,261.44920027626057
-209.0741828946329,-44.45452615200449,98.70301873160486,204.11003374549915,261.46051681200413
-281.4314854307084,-88.14178496279463,78.7353536612748,199.35947302155526,260.58245366479815
-346.3527981478874,-128.12868020332166,59.838084136113366,194.22858322965604,258.8009903564894
-403.03519260381904,-163.95369587588937,42.21066333653003,188.76010576711369,256.1103684611155
-450.93658633627797,-195.28026888023703,26.01309109735034,182.9961420325309,252.51300221432183
-489.7777399954062,-221.89974519117123,11.363638107242423,176.97709926059426,248.01917590418316
-519.5328363324526,-243.72908719508706,-1.6618415620872895,170.7407334908243,242.64655567629254
-540.4100027210993,-260.80383101335184,-13.029089219249329,164.3213234636335,236.4195496551159
-552.8236384862671,-273.2670225260014,-22.7432618205076,157.7490017470555,229.3685540928769
-557.360732934043,-281.3550231372101,-30.845600187900004,151.04926078605712,221.52912461105376
-554.7435006560657,-285.3811652746176,-37.40919095292094,144.2426424611432,212.94111068070572
-545.7906257149298,-285.7182540805986,-42.53408936783714,137.34461077347555,203.64778862049442
-531.3792185438036,-282.7808625416986,-46.342073920452776,130.36559901918804,193.69502400068288
-512.4092822393815,-277.00826382275477,-48.97129155256317,123.31121575826647,183.13048890105333
-489.77209780965643,-268.8487012175689,-50.57102683570113,116.18258837850526,172.0029534622848
-464.32351165962365,-258.7455285723479,-51.29679296037396,108.97681931163089,160.36166504184308
-436.8626812554804,-247.12557764105463,-51.30590039861892,101.68752803666243,148.25582241996608
-408.1164387237399,-234.38993732043846,-50.75361412343881,94.30545182694732,135.734147203283
-378.7290913987625,-220.90717422140278,-49.78996552196635,86.8190795657919,122.84455005148646
-349.2572084965622,-207.0088925668859,-48.55724331886401,79.21529558652739,109.63388572786374
-320.168750972984,-192.9874286884366,-47.18815098984625,71.48001404448517,96.14778828566055
-291.8457863771976,-179.09540305927186,-45.80458766072745,63.59878843455029,82.43057591698634
-264.589985222894,-165.5468098512198,-44.51698605728788,55.55738516855749,68.5252140299994
-238.6301089236681,-152.51930740110828,-43.42412480154887,47.34231429161855,54.47332486385088
-214.13075818948468,-140.15737832945987,-42.61332286584758,38.9413141656268,40.31523226717151
-191.2017408126194,-128.5760502759817,-42.16092056858656,30.343790062977988,26.090031014633162
-169.90752556866735,-117.86490208729268,-42.13295317764124,21.541208944938596,11.835671087090443
-150.27636281602258,-108.09212093453422,-42.585928937200464,12.527454165665915,-2.410951423075366
-132.3087629047873,-99.3084190422916,-43.56763211880806,3.299144430365331,-16.61390379611492
-115.98512386051036,-91.55066112717739,-45.11788257539436,-6.144078911347201,-30.7381322376645
-101.27238564294987,-84.84509286140671,-47.26919544766976,-15.79929314354812,-44.74938788899159
-88.12965748849066,-79.21009519627164,-50.047297503245744,-25.66006253140379,-58.614166475992846
-76.5128171658796,-74.65841852425996,-53.47146961843792,-35.71623426374511,-72.29966367696179
-66.37811755642267,-71.19887443134066,-57.55469783109491,-45.95376479212076,-85.77374730659231
-57.684858923214065,-68.83748171644164,-62.30362801056518,-56.354581689447386,-99.00494655328615
-50.397197235503405,-67.57807830860789,-67.71833139651932,-66.89648831611775,-111.96245776941774
-44.48516287046682,-67.42242276051842,-73.791899971765,-77.55312039044159,-124.61616569638109
-39.924962794375396,-68.36981925095073,-80.50990176241339,-88.29396483192883,-136.936678505715
-36.698635568864205,-70.41630951884615,-87.8497365545734,-99.08445182137537,-148.89537465241173
-34.79312450952528,-73.55348472139507,-95.77994194922687,-109.88613077613502,-160.46445926443982
-34.19883186422186,-77.76698043251685,-104.25950781412848,-120.65693979011607,-171.61702763358187
-34.90771729248138,-83.03472912084857,-113.23726359825575,-131.35157600221228,-182.32713332452767
-36.9110079944841,-89.32505634629386,-122.65140713066293,-141.9219713586479,-192.56985847921956
-40.1965957933961,-96.59471909307752,-132.42924486033962,-152.3178744078097,-202.32138405620722
-44.746208011068305,-104.78699625754831,-142.48721143807887,-162.4875342566133,-211.5590580001113
-50.53245326838041,-113.82995116431546,-152.73123059642978,-172.37847783103086,-220.26145967130176
-57.51585908423781,-123.63499270034342,-163.05746909506314,-181.93836637648633,-228.40845926138468
-65.64203363097769,-134.09586372859047,-173.35352093792616,-191.1159120052776,-235.9812713538455
-74.839097214118,-145.0881813990396,-183.50004030197022,-199.86183036974518,-242.96250223519473
-85.01553780182512,-156.46964254650018,-193.3728191656625,-208.12980153991344,-249.33619099233783
-96.05864706519083,-168.08098766101207,-202.845280389057,-215.87740820204178,-255.0878448185231
-107.83368695194785,-179.74778860157267,-211.79133025449747,-223.06701864019794,-260.2044692678493
-120.1839202881336,-191.28308865851508,-220.0884878339565,-229.66658182203233,-264.67459442472267
-132.93161142782813,-202.49087991570312,-227.6211838519115,-235.6503034051583,-268.48829807484674
-145.880064547674,-213.17035411568338,-234.28410091773986,-240.9991746367509,-271.63722697017135
-158.81671880295096,-223.1208121663915,-239.98541201078842,-245.70133085323127,-274.11461717226575
-171.51726328159646,-232.1470674690786,-244.64976658556748,-249.7522224102771,-275.91531424642085
-183.75067359301283,-240.06513322511265,-248.22087487934309,-253.15458809651776,-277.03579377951894
-195.28500997124968,-246.70794772683922,-250.6635516312079,-255.91822903495472,-277.4741823329148
-205.89375853660266,-251.9308680236374,-251.96510044740083,-258.0595893228787,-277.2302785463157
-215.36244767774218,-255.6166542980299,-252.13594870091964,-259.6011577412285,-276.3055737118569
-223.49523503991844,-257.6796767994915,-251.20947861675353,-260.57071231830264,-274.7032707713071
-230.12114133143825,-258.0691049709857,-249.241040886079,-261.0004359354567,-272.4283003831664
-235.09960798570006,-256.77088368042865,-246.30618008742425,-260.92593615485424,-269.4873324854049
-238.32507805252897,-253.80836191471948,-242.4981433963561,-260.38520576413083,-265.8887816621701
-239.730343212101,-249.241511159517,-237.92478253072716,-259.4175620120398,-261.6428046199417
-239.28846234792994,-243.16474906816902,-232.70499083508355,-258.0626021143248,-256.7612881926316
-237.01313478102327,-235.70346325832878,-226.96484057111073,-256.3592104208048,-251.2578265204678
-232.95749869458902,-227.00940425212363,-220.83359826009413,-254.3446488431792,-245.14768637062878
-227.21141609423705,-217.25518007623083,-214.43979756118893,-252.05375703090175,-238.447759968763
-219.89739303408336,-206.62813306662377,-207.90753979952444,-249.51828270038607,-231.1765051654943
-211.1653611643686,-195.3239084617253,-201.35317287535838,-246.76635586169937,-223.35387324292518
-201.18660810223372,-183.54003250671715,-194.88247163343902,-243.82211384906964,-215.00122514545217
-190.14718523150427,-171.46980488654435,-188.5884091613283,-240.70547743155322,-206.14123736879475
-178.24113960265154,-159.29677796334582,-182.54957157034215,-237.43207220140187,-196.7977991376509
-165.6639109183758,-147.19004667547327,-176.82923133935213,-234.01328419116584,-186.99590282496857
-152.60620644651783,-135.30051243130475,-171.47505887107542,-230.45643446304481,-176.76152979994555
-139.24861921236092,-123.7582170312708,-166.5194207673419,-226.7650543706275,-166.1215340291651
-125.75719255645981,-112.6707739585237,-161.98018820278594,-222.93924135729995,-155.10352579190538
-112.28006264435501,-102.12285943163317,-157.86196078132616,-218.9760744954425,-143.73575781091824
-98.9452357335226,-92.17666886060523,-154.15760086560945,-214.8700693881841,-132.0470159507486
-85.859484745613,-82.87319921194525,-150.84997043029298,-210.6136534016776,-120.06651640922831
-73.10828510580885,-74.2341864478476,-147.91376632528286,-206.1976442846358,-107.82381103925256
-60.756656982162006,-66.26451052014228,-145.3173593504779,-201.61171785607607,-95.34870210203073
-48.850742748200176,-58.95487797619306,-143.02455637205108,-196.84485338916045,-82.67116738738659
-37.41992602129942,-52.28460258831942,-140.99622135666658,-191.8857483821802,-69.82129625516605
-26.47929191215493,-46.22432523612875,-139.19170917789825,-186.72319739879538,-56.82923676809341
-16.032235826582497,-40.738542704833485,-137.57008399443765,-181.34643241575736,-43.72515371193078
-6.073047972806933,-35.78784804237712,-136.0911107573162,-175.745424505601,-30.539196940476202
3.4106703390572264,-31.330819640794985,-134.71602308109368,-169.91114860707447,-17.30147914859036
12.435867781390368,-27.32552957555232,-133.40808270551605,-163.83581453461585,-4.042061868798867
21.02225343955521,-23.730671738599348,-132.13295475517873,-157.51306822231257,9.209051790381569
29.190891922425546,-20.506335315058745,-130.8589289060704,-150.9381674920703,22.421919390217354
36.963185028518325,-17.614468186936417,-129.55701953437068,-144.10813641412537,35.56665832639303
44.360213522519444,-15.019087512417904,-128.2009782629997,-137.0219016515025,48.61344401512365
51.402390683749886,-12.686301172053742,-126.76725045493069,-129.68041313082702,61.53250932593923
58.109364436914525,-10.584204569657018,-125.23490361050891,-122.0867500615699,74.29414755524644
64.5000970682741,-8.682713311075027,-123.58555080802833,-114.24621184836923,86.86872124143426
70.59305025518543,-6.953384629093698,-121.80328676477681,-106.16639193048714,99.22667905673097
76.40640749461102,-5.369270219085493,-119.87464822861875,-97.85723116460541,111.33858286357561
81.95827485150738,-3.9048315126673927,-117.78860461764594,-89.33104616623504,123.17514678555092
87.26681297943551,-2.5359363582322914,-115.53657941911048,-80.60252715582114,134.7072898094459
92.3502672987112,-1.239944456677101,-113.11249808062064,-71.68869941675813,145.90620300469345
97.22687783660271,0.0041216057270077044,-110.51285415179068,-62.60884254125527,156.7434319239018
101.91466447217904,1.2153317918649762,-107.73678237814819,-53.3843622632988,167.19097414514263
106.4310963086596,2.4105495838166107,-104.78612537401203,-44.038610869617976,177.22139125224277
110.79266495330782,3.6041025167202605,-101.66547942632815,-34.59665391453708,186.80793385036978
115.01439016626365,4.807449216366628,-98.38220489026557,-25.08498317699356,195.92467751444482
119.10929239143864,6.028870843398138,-94.94638748362914,-15.531178383291959,204.54666690641182
123.0878700261758,7.27321403588121,-91.37073850037558,-5.963523035065641,212.65006471639592
126.95761998956961,8.541710079665393,-87.67042445232369,3.58941744222421,220.21230162462166
130.72263839560935,9.831891370929,-83.86281980194916,13.099244269990464,227.2122231847195
134.38333419689468,11.137621525701903,-79.96718013884139,22.538187230897805,233.63022942694278
137.93628286978665,12.449249994589323,-76.00423723037645,31.879564656480497,239.44840309362522
141.3742399361393,13.753896008879948,-71.99572167724303,41.09822501326579,244.6506227574574
144.6863257604818,15.03586036204176,-67.96382324263543,50.170953231472666,249.22265762885803
147.85838404052865,16.277157158989553,-63.930603100420186,59.07682544582967,253.15224160856025
150.87350714672792,17.458151483554175,-59.91737605099247,67.79749727514228,256.4291250463336
153.7127123881925,18.558283182405603,-55.94408396756987,76.31741311529211,259.04510367341544
156.3557448068545,19.556851881685716,-52.028684148462204,84.62392705554785,260.99402522119965
158.78197463356028,20.433834178466398,-48.18657766724242,92.70732978558055,262.2717752525387
160.97135145705357,21.170700909606865,-44.43010306802003,100.56078002786927,262.87624464504205
162.90537279512668,21.751200699593866,-40.76811972899131,108.18014335912714,262.8072819134064
164.56802239281055,22.162075792593242,-37.205702856192616,115.56374551253168,262.0666340871762
165.94663340113135,22.39367759287427,-33.743968387619006,122.71205112045604,260.6578801338269
167.03263370863465,22.44045241052511,-30.38004118510031,129.62728213017223,258.58636091701686
167.8221350877234,22.30127258751473,-27.1071739540169,136.3129926100478,255.85910940957663
168.31633433337967,21.979594317762675,-23.915017629669364,142.7736182238378,252.484784365103
168.52170293801046,21.483430829768324,-20.790036846909388,149.01401921547478,248.47360993452807
168.44995166485162,20.8251378339789,-17.716056964472784,155.03903531440272,243.8373228539775
168.1177671496643,20.021016833372897,-14.67492237422313,160.85306960769623,238.5891278968806
167.54632879384408,19.090750583525434,-11.647239914057977,166.45971625544337,232.74366134960874
166.76062508656113,18.05669317229274,-8.61317651389298,171.86144412200792,226.3169614073238
165.78859848324282,16.94304438423427,-5.55327706293923,177.0593451624253,219.32644365722317
164.66015649042333,15.774943783553724,-2.449267125609495,182.05295295867523,211.79087926980822
163.40609316636824,14.577523935653474,0.7151943308795836,186.8401333610543,203.73037318758853
162.05696946931909,13.374964145548404,3.9538446134444314,191.41704595362995,195.16633949820766
160.64200254752225,12.189585906087842,7.277257635890564,195.77817219657405,186.12147130125095
159.18801310940367,11.041028944155357,10.692417510400418,199.91640372978702,176.61970270190102
157.71847654844441,9.945542490466366,14.20244122904959,203.82318253382408,166.68616105487664
156.25271779138114,8.915420463354977,17.806458803460536,207.48868347241597,156.34710819242548
154.8052822886811,7.958602034205683,21.49965154491744,210.90202917970595,145.62987004866955
153.38550667049773,7.078450986236959,25.273441728306835,214.0515272606767,134.56275478835096
151.99730290608258,6.273718876615234,29.115820126678138,216.92492027227667,123.17496021100563
150.63915990411422,5.538688749148378,33.011792198393174,219.50963985117733,111.4964717916517
149.30435692556472,4.863488468414175,36.943919336527514,221.79305754652265,99.55795320300354
147.98137443981335,4.234556037491387,40.892928724963056,223.7627262931247,87.39063152150712
146.65448054008195,3.6352338139158604,44.83836405245356,225.4066079175201,75.02617953950957
145.304465039026,3.0464645445456853,48.7592495711149,226.71328351040378,62.49659768809704
143.90948906496294,2.4475596869801706,52.63474160977215,227.67214484232204,49.834098028889294
142.44601543146624,1.8170095590730853,56.44474444802892,228.2735661792717,37.070992612395735
140.8897842073297,1.1333053552175016,60.17047114942629,228.50905682192496,24.23958824565598
139.21679862653355,0.37574481136623206,63.79493423680728,228.3713954146542,11.37208938391948
137.40428853331068,-0.4748039398877921,67.30335565663984,227.85474753221771,-1.4994895187213895
135.43162169134433,-1.4352022691322333,70.68349002310303,226.95476825154654,-14.343401275514474
133.28113720891992,-2.5194226540019855,73.92585939229704,225.66869136532233,-27.128232350778763
130.93887975159524,-3.7380257216434956,77.02390157348107,223.99540661647356,-39.82295828558032
128.3952178549664,-5.097742269784959,79.97403707705072,221.93552586204095,-52.39698850086995
125.6453342695599,-6.601165833399065,82.77566212756115,219.49143845379004,-64.82020120348952
122.68958066818118,-8.246557768941273,85.43107669532898,216.66735540181222,-77.06296948116966
119.53369307357647,-10.027763718536704,87.94535724031748,213.4693411225267,-89.09617999931714
116.188867924079,-11.934237750070892,90.32618388461074,209.90533082514702,-100.8912459984635
112.67170173989308,-13.951168457935367,92.58363114395512,205.985130923895,-112.42011653107629
109.0039998816966,-16.059699824475686,94.72993029279301,201.72039934017047,-123.65528406338032
105.21246194269665,-18.237238622950088,96.7792100676563,197.1246022390527,-134.56979269314263
101.32825294975827,-20.4578395047033,98.74722089436025,192.2129436800501,-145.13724929027006
97.3864708519536,-22.692658557962332,100.65104631358321,187.00226489452848,-155.33183984366545
93.42552183554652,-24.91046595155244,102.50880392182628,181.51091045736973,-165.12835318713684
89.48641591077846,-27.078208187076314,104.33933706107419,175.75855950575257,-174.5022140725434
85.61199604274378,-29.161610394871843,106.16189777177841,169.76602135836978,-183.42952725609
81.84611490236253,-31.125808959083187,107.99582122566679,163.55499636600405,-191.88713386392135
78.23277412442538,-32.93600450736746,109.86019199574581,157.1478045162369,-199.85268081242486
74.81524178080734,-34.55812494004673,111.77350308120373,150.56708613635965,-207.3047034880243
71.63516458249079,-35.95948771842836,113.75330952981949,143.83548088528883,-214.22272125967802
68.73169206147166,-37.10945012480289,115.81587970440052,136.9752929794399,-220.58734472908435
66.14063057920781,-37.9800357105711,117.97584861269209,130.00815213582055,-226.38039294854264
63.89364537243871,-38.546524743050554,120.2458791365795,122.9546809160637,-231.58501818915767
62.017528884070714,-38.78799623257554,122.6363383240367,115.83417990838522,-236.18583525828112
60.53355324302958,-38.68780915620504,125.15499701740899,108.6643424021531,-240.1690518813404
59.456923871024195,-38.23401087106142,127.80676186874533,101.46100983261107,-243.52259631264695
58.79634974622486,-37.41966149102034,130.59344914285307,94.23797827955315,-246.2362381502454
58.55374381250247,-36.243064224509574,133.5136095664706,87.00686471093393,-248.30169832177947
58.72406439134035,-34.707893350353686,136.56241281556575,79.77703953080736,-249.712744391588
59.29530527275088,-32.823213624353414,139.73159904633815,72.55562942024865,-250.46526771306998
60.24863850974512,-30.603387412779462,143.00950320857834,65.34759158306628,-250.55733950178066
61.55870993167582,-28.067868662934153,146.38115580422092,58.15585748476386,-249.98924360938838
63.19408316783027,-25.240885844017917,149.82846136833572,50.981541175993975,-248.76348460200245
65.11782369806704,-22.15101910474182,153.3304533730358,43.82420449615044,-246.8847706455668
67.28821029840176,-18.83067996758713,156.86362161735676,36.68216902312816,-244.3599716278311
69.65955740331847,-15.315504781281163,160.4023056014311,29.552862712273168,-241.1980538503977
72.18312853108665,-11.64367575650136,163.9191450185968,22.433187859684903,-237.4099934564859
74.80811816179876,-7.8551856013456245,167.38557644891412,15.319896398486215,-233.0086714757068
77.4826774395661,-3.991063459286508,170.77236369588607,8.209958613694473,-228.00875392991043
80.15495787581216,-0.09258096286237105,174.05014804549745,1.1009121176047696,-222.42656082656418
82.77414690388039,3.799542289551269,177.1900040850931,-6.008820703028231,-216.27992805408522
85.29146968100537,7.645914662696029,180.16398661452638,-13.119656677410052,-209.58806618330456
87.66113291443426,11.409211397723212,182.9456546006483,-20.230624928996683,-202.37141998065775
89.84118862963186,15.054859409132206,185.51055903154165,-27.339194200218557,-194.65153207227647
91.79429859379076,18.551652690545374,187.83668286121852,-34.44115701117916,-186.45091369212176
93.48838342396178,21.87228529908468,189.904822923551,-41.530570737040904,-177.79292483939886
94.89714409715097,24.993791452772527,191.6989056504645,-48.599753387580364,-168.7016654989129
96.00044748026797,27.897885051302595,193.20623056098867,-55.63932988283339,-159.20187888474635
96.78457145182428,30.571193806635748,194.41763770090668,-62.63832302285799,-149.3188669922182
97.24230904389181,33.00538603803207,195.3275974173956,-69.5842821985092,-139.07841811936345
97.37293465510245,35.19719094446174,195.93422296603282,-76.463442202424,-128.50674547895994
97.1820386589263,37.14831572753408,196.23920839767538,-83.26090426496482,-117.63043558532515
96.68123956590478,38.865265225980465,196.24769590180864,-89.9608316216489,-106.4764047824386
95.88778523251153,40.359071682810644,195.9680782487069,-96.54665245884053,-95.07186208788772
94.82405641061507,41.64494386271108,195.41174314930046,-103.00126391067406,-83.4442764576412
93.51698719568029,42.74184595322714,194.59276722910025,-109.30723180999968,-71.62134662450181
91.99741768105591,43.67201752198267,193.52756789685932,-115.4469820453443,-59.63097181183335
90.2993944037639,44.460446283119126,192.23452169904635,-121.40298056173225,-47.501221857591105
88.45943403568705,45.13430558356565,190.73355781830017,-127.15790019018431,-35.26030558116628
86.5157653063547,45.72236839896696,189.04573523671544,-132.69477353394058,-22.93653656293039
84.50756341904558,46.254409281871055,187.1928117868572,-137.9971320260936,-10.558295864312367
82.4741903204744,46.760605186285176,185.19681290029484,-143.049131965845,1.8460084300819446
80.45445318052273,47.27094545625169,183.07960737882928,-147.83566881531246,14.24798463471656
78.48589239713424,47.81466056032046,180.8624969962541,-152.34248128752458,26.619303344773524
76.60410941413775,48.41967841881192,178.56582622007727,-156.5562467836431,38.93174503509634
74.84214366160464,49.112116436201305,176.2086178451632,-160.46466956170892,51.157248463075796
73.2299070175622,49.91581663420017,173.8082398665711,-164.05656266867575,63.26795886500857
71.7936833471825,50.851930586897325,171.3801084877749,-167.32192417991985,75.23627491590938
70.555699885671,51.93856018044886,168.93743175337133,-170.25200771070308,87.0348934825766
69.53377646528514,53.19045953837539,166.49099789391076,-172.83938654140903,98.63685133518031
68.74105780611981,54.61880274372122,164.04901204877314,-175.07801008507317,110.01556318775249
68.18583324971459,56.23102122032127,161.616984561214,-176.96325087346648,121.14485570325394
67.87144736793721,58.03071377508368,159.1976734864237,-178.49193979605514,131.99899741050152
67.79630378461052,60.017631322314095,156.79108328940444,-179.6623870385116,142.55272482319927
67.95396327022095,62.18773718685915,154.39452091116345,-180.47438606976755,152.78126540630737
68.33333569005231,64.53334260307622,152.0027094339983,-180.92919814440282,162.6603583819782
68.91896369955951,67.04331559245762,149.6079584763505,-181.02951513288642,172.16627468505848
69.69139420353471,69.70335983097759,147.2003892050841,-180.77939906399905,181.27583764432416
70.62763156478184,72.49635844181915,144.76821049332952,-180.18419754426236,189.96644616045597
71.70166442170643,75.40277592031131,142.29804131575682,-179.2504351753144,198.21610225620475
72.885055830147,78.40110968155167,139.77527301443777,-177.9856821741606,206.0034448738686
74.14758437671213,81.46838109502107,137.1844636535763,-176.39840255256067,213.30779168049935
75.45792202377524,84.58065442021376,134.50975538447435,-174.49778536051028,220.10919040777753
76.78433285019233,87.71357087128588,131.7353046409744,-172.29356356934855,226.3884809050531
78.09537565418202,90.84288420108183,128.84571415663265,-169.79582608685365,232.12736863043844
79.36059268321736,93.94498378007032,125.82645530650967,-167.01482908899743,237.30850976414666
80.55116662955014,96.99739121078818,122.66426918461869,-163.96081326099053,241.9156075249779
81.64052853349995,99.97921709857336,119.3475351695296,-160.64383361949592,245.9335186351408
82.6049003932838,102.87156570259164,115.86659652068552,-157.0736083144481,249.34836824456193
83.42375807830877,105.65787679619945,112.21403377545792,-153.25939218136307,252.14767103007688
84.0802025344822,108.3241961210287,108.38487834539056,-149.20987985627553,254.32045566290677
84.561230171233,110.85936824472284,104.37676067723709,-144.93314202189686,255.8573894229546
84.8578966148456,113.25514832372366,100.18998956550264,-140.43659689207368,256.7508994583372
84.96537155951175,115.50623210657021,95.82756157691642,-135.72701744596372,256.99528706359797
84.88288608665732,117.61020635592087,91.2951019598601,-130.81057328715696,256.5868313917673
84.61357738728519,119.56742458253647,86.60074074683317,-125.69290442394765,255.52387922509718
84.16423914614815,121.38081544175235,81.7549299024854,-120.37922283915543,253.8069177981052
83.54498877885115,123.05563322817557,76.77020922176678,-114.87443652426822,251.43862817575572
82.76886512398761,124.59916152512093,71.66093015949966,-109.18328976036075,248.4239173120456
81.85137198321809,126.02038215810589,66.4429478133029,-103.31051288206451,244.76992761599666
80.80998401002776,127.32962213462487,61.133291853247286,-97.26097458212485,240.4860235950886
79.66363184858157,128.53819122621164,55.74982728815805,-91.03982999900924,235.5837558906231
78.43218313296073,129.65802229624097,50.310915601283526,-84.65265835058497,230.07680372674858
77.135935025531,130.70132545811856,44.83508602358247,-78.10558468543321,223.98089743003092
75.79513248417611,131.68026574644966,39.340725606186666,-71.40538135512003,217.31372320997852
74.42952450915901,132.6066722969234,33.84579538530876,-64.55954599137009,210.09481280143498
73.05796835490827,133.4917851655179,28.367578391133122,-57.57635402277664,202.34542084356994
71.6980892315355,134.3460439818959,22.92246362687647,-50.464885008797694,194.08839300290134
70.36600049555108,135.17892072647777,17.525768522006533,-43.23502323491355,185.34802784359337
69.07608686062714,135.99879713502443,12.19160082090006,-35.897434042674135,176.14993531818715
67.84085085383532,136.81288564123133,6.932759469893128,-28.46351821847972,166.52089451462547
66.67082068671229,137.62719142021672,1.760672859822165,-20.945347406925787,156.4887129722062
65.57451596731495,138.4465120267472,-3.3146281994842823,-13.355583937695968,146.08208949640147
64.55846628800418,139.27447034434186,-8.284506136638022,-5.707388662761133,135.3304819855185
63.62727669953258,140.1135760693387,-13.141684771445533,1.9856795891588597,124.26398135673065
62.78373341875805,140.96531072621434,-17.880194097985175,9.709769493305917,112.913192248871
62.02894278992857,141.8302312133129,-22.495295900688838,17.45084449130526,101.30912080335942
61.362496488481504,142.7080870695034,-26.983394300699636,25.19478907075189,89.4830695001573
60.78265617151807,143.59794698543504,-31.34193508779739,32.92751174181812,77.46653876295437
60.286551184653746,144.49833051016236,-35.569297352421025,40.635042852279916,65.2911348541124
59.87038347305364,145.40734137928405,-39.664680530130596,48.303625827436974,52.98848345812278
59.5296344594489,146.32279937355412,-43.62798954233275,55.919800822868815,40.59014829940983
59.2592692934762,147.24236807301548,-47.45972029233217,63.47048011470958,28.12755415267867
59.0539345021504,148.16367627524102,-51.160847380233484,70.94301481201501,15.631913672158785
58.9081456478102,149.08443118026133,-54.73271555263245,78.32525265324335,3.1341575801163897
58.816462105202056,150.00252170139868,-58.1769361157702,85.60558674588565,-9.335132096569156
58.77364649237924,150.9161104416599,-61.49528932003143,92.77299513370147,-21.7457858845663
58.7748066304484,151.8237129887085,-64.68963356867332,99.81707104305777,-34.06810778304825
58.81551817442135,152.7242632440842,-67.76182220876377,106.72804358732662,-46.27293303915265
58.89192626955758,153.61716353613352,-70.713628616324,113.4967886168951,-58.33168242387451
59.00082476912888,154.50231829684884,-73.54668027554823,120.11482931480396,-70.21641253030153
59.13971172934084,155.38015013835943,-76.2624025559731,126.57432607766007,-81.89986153545686
59.3068201057064,156.25159727280095,-78.86197289173887,132.868055209323,-93.35548983434576
59.50112284189728,157.11809140516408,-81.34628604413295,138.9893760106052,-104.55751497763445
59.72231189263111,157.98151551330784,-83.71593106376415,144.9321859862117,-115.48094042524811
59.970751175363425,158.84414132677534,-85.97118044655227,150.69086412041148,-126.10157776771955
60.24740401159918,159.70854683197484,-88.1119917868606,156.26020249787183,-136.39606226226894
60.55373629642928,160.57751476112406,-90.13802196621126,161.63532696170552,-146.34186177486325
60.891597411317306,161.453913750477,-92.04865357835669,166.81160799422437,-155.9172795028441
61.263081744323976,162.34056465277231,-93.84303288984658,171.78456355651633,-165.1014511616916
61.670374565536186,163.2400953216311,-95.52011818620511,176.54975620266725,-173.87433763771833
62.11558687486683,164.15478800469242,-97.07873688091263,181.1026873578524,-182.21671441716046
62.60058463744004,165.0864242333351,-98.51764929749291,185.43869217720248,-190.11015938105234
63.12681848725808,166.03613272215196,-99.8356166080539,189.55283884164612,-197.53704078383507
63.69516045135216,167.00424623350338,-101.03147006053734,193.43983645578527,-204.48050739224286
64.30575446742836,167.9901735687971,-102.10417838677984,197.0939558528912,-210.92448283238852
64.95788739197532,168.99229277580946,-103.05291018498707,200.50896755135,-216.85366616362674
65.64988679094364,170.00787128114808,-103.87708813735443,203.67810082408332,-222.25354055933352
66.37905105903678,171.03301795769406,-104.57643217004556,206.59402732875162,-227.11039172493642
67.14161633575429,172.06267112773918,-105.15098909029687,209.248872008146,-231.4113373269741
67.93276330901824,173.09062521425338,-105.6011468325257,211.6342530292464,-235.14436825542165
68.74666537665433,174.10959723778882,-105.92763218644461,213.74135142350895,-238.2984020135738
69.5765778480195,175.11133268602345,-106.13149172763563,215.56100987201197,-240.86334795015443
70.4149660056533,176.086748543615,-106.21405657628102,217.08385881008604,-242.8301834464297
71.25366801328434,177.02610955827348,-106.17689251719227,218.30046677738522,-244.19103957932478
72.0840869581942,177.9192322340661,-106.02173786543281,219.20151078383722,-244.93929423315058
72.8974048559713,178.7557096809483,-105.75043219922621,219.77796146956962,-245.0696701593035
73.6848103141048,179.52514939447252,-105.36483965471415,220.02127706969353,-244.5783351133788
74.43773081987563,180.21741535871712,-104.86677084462208,219.92359970175707,-243.46300095488576
75.14806033470558,180.82286560265294,-104.25790759827682,219.47794730702475,-241.7230184911732
75.80837306038663,181.33257651295355,-103.53973461316642,218.67839470923212,-239.3594648907566
76.4121148818774,181.73854580473198,-102.71348176474754,217.5202376985776,-236.37522067942905
76.95376504643255,182.0338670383847,-101.7800802648162,216.00013477678556,-232.77503365405332
77.42896204433974,182.21286988456535,-100.74013512715037,214.1162221660069,-228.5655674846011
77.83458932596986,182.27122189960824,-99.5939155415973,211.86819883064962,-223.7554332989308
78.16881832267896,182.20598928670535,-98.34136383103703,209.25737951818826,-218.35520312712504
78.43110812864917,182.01565588421545,-96.98212272893196,206.2867151193677,-212.37740468985297
78.62216304108654,181.7001013428469,-95.51557982612556,202.960780907875,-205.8364976158376
78.74385085060547,181.2605410377647,-93.94092724533368,199.2857343785884,-198.74883173639716
78.79908623993614,180.69943163312047,-92.25723395185992,195.2692454060484,-191.13258860322912
78.79168482493967,180.02034731674792,-90.46352762877655,190.9204022489837,-183.00770778871208
78.72619421774394,179.22783251454032,-88.55888274945708,186.2495975057215,-174.3957998405029
78.60770899136145,178.32723736185713,-86.54251137184382,181.26839846872411,-165.32004796715836
78.44167658529423,177.32454235917086,-84.41385324601364,175.98940643937755,-155.80510062796466
78.23370103915197,176.22617849561635,-82.17266204756885,170.42610946490538,-145.87695719331154
77.9893510194816,175.038848727252,-79.81908489428015,164.5927326780989,-135.56284874389524
77.71397796879991,173.76935609771016,-77.35373273694216,158.5040899947923,-124.89111590183866
77.412549416551,172.42444304486747,-74.77773970078695,152.1754403962044,-113.89108535368499
77.08950161237173,171.01064560742185,-72.09280995505836,145.6223514370364,-102.59294645352952
76.74861473219671,169.53416538628355,-69.30125117320937,138.86057201697807,-91.02762900367254
76.39291301991193,168.00076127807475,-66.40599408835925,131.90591587099627,-79.2266830202386
76.02459140387874,166.4156622233364,-63.41059802843516,124.77415670307703,-67.22216101761497
75.64496939901389,164.7835015312879,-60.31924262135654,117.4809354328309,-55.046503103814175
75.25447248883125,163.1082727757808,-57.136706088686736,110.04167965994935,-42.73242497967331
74.85264068269562,161.39330681139705,-53.86833069962586,102.47153518458482,-30.312808785387613
74.43816355479944,159.64126913205757,-50.51997604591589,94.78530925217241,-17.820596643982253
74.00894077643211,157.854176575037,-47.09796083644147,86.99742511052101,-5.288686712228129
73.56216692783829,156.03343224173358,-43.608993916524966,79.12188746203799,7.250168435087683
73.09443919141191,154.1798774381636,-40.06009521065057,71.17225844572718,19.76346119780878
72.60188635303865,152.29385940525955,-36.45850728959523,63.16164387122379,32.21902612416133
72.08031734283853,150.37531358289576,-32.811598292372345,55.10268952659145,44.5851347309148
71.52538730346407,148.42385910485,-29.12675700713058,47.007587469645095,56.83058767462233
70.93277886246379,146.43890613059835,-25.41128104630252,38.888092266705996,68.92480380724417
70.29839589191982,144.41977346495133,-21.672259247856353,30.755547142608155,80.83790548110636
69.61856656001018,142.3658146859475,-17.91644969993765,22.620919936147693,92.54079931493308
68.89025192240916,140.27655069066714,-14.150155116540837,14.494848604455012,104.00525150786243
68.11125568471398,138.1518061822233,-10.379097677641163,6.387695783774388,115.20395670440898
67.28043011962484,135.99184717282293,-6.608295871913981,-1.6903884046519764,126.11059938033911
66.39787248385595,133.79751609028102,-2.841946320381709,-9.729396506741212,136.6999067473784
65.4651056977727,131.57036058039137,0.9166860131218897,-17.71938849513285,146.9476922691544
64.48523657998985,129.3127516339967,4.665365438268644,-25.65041326132145,156.8308890453808
63.46308462732285,127.02798628019002,8.40296689809945,-33.512429438381545,166.32757255571798
62.40527425501927,124.72036982370862,12.12953681457316,-41.29522858501245,175.41697255346264
61.3202836161219,122.39527251322723,15.846329147498789,-48.98836411437095,184.07947425382343
60.21844364626728,120.05915565274941,19.555812573475656,-56.581089582744745,192.296609357479
59.11188186221402,117.71956254812174,23.261645091709134,-64.06231002648819,200.05103786971358
58.014406692406055,115.38507034144263,26.968613002215175,-71.42054991884581,207.32652209728096
56.94132972877104,113.06519973981234,30.682532084160563,-78.64394098926371,214.10789460447302
55.90922523026659,110.77028088566632,34.410109918672795,-85.72023259739119,220.38102226190023
54.935628425639955,108.51127511849143,38.15876962476417,-92.63682658696077,226.13276880043173
54.03867657714221,106.29955409587437,41.93643676709518,-99.38083758350356,231.35095846577644
53.236699278583586,104.14663960947985,45.75129279060074,-105.93917858216864,236.02434343699508
52.547766953409585,102.06390936482535,49.611499967233655,-112.29867045204008,240.14257761104741
51.98920886331246,100.06227589504266,53.52490442027708,-118.44617272719265,243.69619915842281
51.577114003404525,98.1518475419314,57.49872523276933,-124.3687318382722,246.67662392367626
51.325829919104066,96.34158195487075,61.53923885881894,-130.0537418403167,249.07615128880695
51.247475618444405,94.63894372709427,65.65146895594177,-135.48911178991665,250.88798355559925
51.35148527960702,93.04957852040997,69.83889227193839,-140.66343328658178,252.10625926124118
51.644199303958246,91.57701625474951,74.10317129731405,-145.56614137343902,252.7261001521051
52.12851841173018,90.22241561510732,78.4439240037138,-150.1876620270717,252.74367084041344
52.80363493123121,88.98436124343189,82.85854012608955,-154.51953986762365,252.1562494960978
53.66485324252489,87.85872355713684,87.34205213482156,-158.55454047617621,250.96230731958704
54.70350859010996,86.8385892221366,91.88706733526794,-162.2867227801362,249.16159403505472
55.906990295537675,85.9142679892945,96.48376550132936,-165.71147829922933,246.75522626669698
57.258871925127174,85.07337898621925,101.11996419265182,-168.8255355572288,243.7457754338347
58.73914736125004,84.30101676680485,105.78125153138016,-171.6269295668405,240.13735173584854
60.324568155204446,83.57999459341552,110.45118383972269,-174.11493789063005,235.93568089677373
61.98907416863941,82.89115969677438,115.11154327923944,-176.2899862740491,231.1481705935361
63.70430648685682,82.213772753676,119.74264859228124,-178.15352814996305,225.7839638839264
65.44018903626925,81.52594165377025,124.3237103164529,-179.7079033550169,219.85397745493893
67.1655633545177,80.80509788239992,128.833220494007,-180.95618212310566,213.37092309826087
68.8488596052059,80.0285025878476,133.2493659749336,-181.9020007995212,206.34931145255086
70.45878622364944,79.17376865981146,137.55045393485506,-182.54939574437955,198.80543769605433
71.96502051304347,78.21938492289344,141.71533818967944,-182.90264158238935,190.7573494938655
73.33888303766963,77.14522881792256,145.72383525868884,-182.9660993459008,182.22479807019613
74.55397970923204,75.9330546546797,149.55711985614533,-182.7440792045326,173.22917376253105
75.58679694215759,74.5669456028596,153.19809051396953,-182.2407214451306,163.7934278004759
76.41723705858189,73.03371896245046,156.6316972802374,-181.4598982348138,153.9419823273018
77.02908314413207,71.32327583253632,159.8452248225773,-180.40513754339597,143.70063083952328
77.41038468417065,69.42888799186468,162.82852571611056,-179.0795694916644,133.09643126242736
77.55375744891222,67.34741653450241,165.57420014328758,-177.48589439283722,122.15759381554915
77.45659316158527,65.0794584994837,168.07771961945826,-175.62637091812286,110.91336566319366
77.12117641155673,62.629419338934355,170.33749363799774,-173.5028221818249,99.39391411095067
76.55470802018192,60.0055105452651,172.35487927211773,-171.1166571293987,87.63020981677211
75.76923560808186,57.2196730822353,174.13413476174975,-168.46890443036347,75.65391115709367
74.781493446034,54.28742843072905,175.68231895199241,-165.56025611921962,63.497250545877435
73.61265481303873,51.22766007583818,177.00913914580246,-162.39111847020237,51.192923165620215
72.2880010640125,48.06232914687584,178.1267505087133,-158.96166800360115,38.7739782557673
70.83651246592089,44.81612870342984,179.0495106449925,-155.2719110609539,26.27371282867785
69.29038664013774,41.51608186995074,179.79369338350332,-151.3217460062494,13.725567461418322
67.68449119608489,38.19108969011772,180.37716619823487,-147.11102775921862,1.1630236534566545
66.05575789800666,34.871435227935216,180.81903607024398,-142.63963499252688,-11.38049784924612
64.44252650556771,31.58825110609289,181.13926899569412,-137.9075408769355,-23.87173837748052
62.88384728987154,28.372958354360378,181.35828877150544,-132.91488869029598,-36.27770286501531
61.41875215433129,25.256685141286333,181.49656114867375,-127.6620738772566,-48.56576200435022
60.08550527260016,22.269674668295934,181.57416992577527,-122.1498342246023,-60.703755265019296
58.92084516422447,19.44069219118844,181.6103920432405,-116.37934967985836,-72.66009476127223
57.95923111717548,16.796441763959685,181.62327920475167,-110.35235297841412,-84.40386966682198
57.23210777500131,14.361003828444716,181.62925395979622,-104.07125165953511,-95.90495056121348
56.76720246416346,12.155305149436728,181.64272848964777,-97.53926126200214,-107.1340927707599
56.58787036670344,10.196632764839435,181.6757545038514,-90.76054852726867,-118.06303745839584
56.71250286591367,8.49820353215722,181.73771263221954,-83.74038234903605,-128.6646089410801
57.15401423337182,7.068800459439601,181.8350494488562,-76.48528905232932,-138.91280649185612
57.91942121999304,5.912486274029284,181.97106975752567,-69.00320743402145,-148.7828887364781
59.00952901244209,5.028403582333901,182.14579097959887,-61.30363792976903,-158.25144869841577
60.418735390897325,4.410669500831148,182.35586540749156,-53.397779372640755,-167.29647759583762
62.13496277083926,4.048370803520932,182.59457472321125,-45.29864615962478,-175.89741565800605
64.13972515368297,3.925663463914624,182.85189955435408,-37.021158319067176,-184.03518850955004
66.4083339009824,4.021978020062939,183.1146649858545,-28.582197038553055,-191.69222806534106
68.91024276481538,4.312329526510453,183.3667609175015,-20.000618713407114,-198.85247737383892
71.609528859514,4.767728061114752,183.58943402135122,-11.297221530849644,-205.50137942426025
74.46550237573163,5.35568292380448,183.76164588790084,-2.4946600067236595,-211.62585056577055
77.4334339624104,6.040790903425119,183.8604898417654,6.382695298859435,-217.2142398430827
80.46538499112131,6.785396406966555,183.86165694791708,15.308953513305335,-222.25627619586587
83.51112252775161,7.550308949909379,183.7399400093028,24.256952871140086,-226.7430060599878
86.51909792015297,8.295561597864406,183.46976296226296,33.198559561604874,-230.6667244089573
89.43746560334819,8.9811925162346,183.02572208405576,42.10500927068483,-234.0209026482031
92.21511713975744,9.568030896775923,182.38312489834092,50.94728238750817,-236.8001169936912
94.8027047342248,10.01846823646585,181.518512641944,59.69650187344382,-238.99998100854157
97.15362853973916,10.297196267728907,180.41015265816287,68.32434128042836,-240.61708582532447
99.22496300809158,10.371893775085141,179.03848810103545,76.80342946478257,-241.64895124819938
100.97829930727389,10.21384604810423,177.3865338366738,85.10773825128112,-242.0939904199583
102.3804833515116,9.798482752728916,175.44020934991107,93.21293969796201,-241.95149007824992
103.4042321616122,9.105822466423987,173.18860172062304,101.09672068768359,-241.22160764662783
104.02861495335445,8.12081490979837,170.62415421600173,108.73904427642343,-239.90538555148112
104.23938937883102,6.8335748967563035,167.74277863044972,116.12234946600253,-238.0047822725284
104.02918754622705,5.239505087169761,164.5438920625473,123.23168371129759,-235.52271877148198
103.39755064178868,3.33930763125187,161.03038121866186,130.05476536264797,-232.46313814848585
102.35081500716504,1.1388876223786042,157.2084994542375,136.58197621251762,-228.83107569200638
100.90185623745636,-1.3508461805024297,153.0877035025647,142.80628718908497,-224.63273595054466
99.06970113952256,-4.114275721093094,148.68043811892937,148.72312285556112,-219.87557308975047
96.87902013859679,-7.131453708024139,144.00187763714968,154.33017259309932,-214.56837062064466
94.35951489344387,-10.3785586654719,139.06963368277013,159.62715805795526,-208.72131659687994
91.54521746344791,-13.828413400370692,133.90343803522157,164.61556763928684,-202.34607057259845
88.47371838731686,-17.451054859109504,128.52480893637753,169.29836917312213,-195.45581896893242
85.18534153607182,-21.214343244507944,122.95670809283222,173.6797121013857,-188.06531598988525
81.72228366883313,-25.084598440422354,117.22319432386134,177.76462965182498,-180.19090782397606
78.12773634010186,-29.027252160666507,111.34907839311832,181.55875053545915,-171.8505385310612
74.44500727838306,-33.00750471297409,105.35958216211793,185.0680282169822,-163.0637367069002
70.71665767011048,-36.99097576556634,99.28000394570304,188.29849412919373,-153.8515827064227
66.98367101965768,-40.944338954433675,93.13539095022624,191.25603939827295,-144.2366568592823
63.2846684743792,-44.83593052546448,86.95021902668965,193.94622784259008,-134.2429697016094
59.65518473680482,-48.63632244290331,80.74807973827299,196.37414131150518,-123.895875756971
56.127017939341606,-52.31885051784377,74.55137495425497,198.54425693249684,-113.22197281371474
52.7276661060589,-55.860088149274354,68.38101983199424,200.4603546033821,-102.24898895869562
49.479862021524525,-59.24025628266256,62.25615609039224,202.12545214541052,-91.00565983824572
46.40121739582741,-62.44356025708677,56.19387882906548,203.54176494296135,-79.52159872909957
43.50398607151594,-65.45844442650196,50.2089816938774,204.71068663359438,-67.82716202326695
40.794954569170436,-68.27775590773616,44.31372679084901,205.63278745582048,-55.95331266944557
38.27546642526048,-70.89880962971263,38.5176472498293,206.30782717191028,-43.931483981575035
35.941584464347336,-73.32334812779878,32.827391570692086,206.73478000803144,-31.79344603172273
33.7843923188187,-75.5573913158334,27.2466196861212,206.91186973410137,-19.571176599854
31.79043314928395,-77.61097381838199,21.775960898611938,206.83661377675983,-7.296738366401783
29.94227965702338,-79.49777036101224,16.41304337346214,206.50587605554875,4.99783628887759
28.21922519573077,-81.23461315558292,11.152603611044091,205.91592899130114,17.28065186793051
26.598081214603198,-82.84090909075195,5.986682243972606,205.06252579775727,29.520047073103562
25.054061582034866,-84.3379687047465,0.904909627653959,203.94098467949513,41.684682607204046
23.561729778708198,-85.74826319025235,-4.105118903612466,202.54628687608948,53.74361958977147
22.095980777756896,-87.09462983166422,-9.057382416235182,200.87319057774863,65.66638911174283
20.633025937989164,-88.39945004449072,-13.966897242343755,198.9163625658197,77.42305381952178
19.151346718391807,-89.68382730228238,-18.849116850617346,196.6705289884934,88.98426275571386
17.63258175601553,-90.9667944280382,-23.7192867439407,194.13064596718587,100.3213009692541
16.062312072060344,-92.26458074876325,-28.591776421652014,191.29208975656172,111.4061356228201
14.430711055408642,-93.58996926357335,-33.47941366322587,188.15086498108127,122.21146045257453
12.733029505953581,-94.95177212382603,-38.39284852050407,184.70382809069375,132.71074045544142
10.96989138463723,-96.3544493195203,-43.339975204732255,180.9489216821254,142.8782585800889
9.147382880598242,-97.79789055899916,-48.325439351160156,176.8854138011663,152.6891659714088
7.2769257168500605,-99.2773740731123,-53.350255857541185,172.51413487075257,162.11953696439335
5.374934910002909,-100.78370872861755,-58.41155864880841,167.83770358523256,171.14642955278245
3.462271015930966,-102.30355775027473,-63.50249845444839,162.86073208461582,179.74795148923482
1.5635066997737725,-103.81993395348883,-68.61229824319443,157.59000008316056,187.90333153862062
-0.2939633038297096,-105.31284815413076,-73.72646868290565,152.0345874745781,195.59299474318317
-2.0809316925022543,-106.76008483955889,-78.82717829886877,146.20595535206013,202.79863991462452
-3.767463997966784,-108.13807272464477,-83.89376535404838,140.11796641893605,209.5033169940366
-5.324012015994015,-109.42281289187389,-88.90337134520485,133.7868374416939,215.69150146630858
-6.722505501514675,-110.59082414884904,-93.83166984970919,127.23101868627647,221.34916272683677
-7.937373060258617,-111.62006423724013,-98.65365966004372,120.47099810954701,226.4638232114898
-8.94644644944145,-112.49078666848317,-103.34448800665515,113.52903133245664,231.02460523892466
-9.731708202514533,-113.18629617784373,-107.88026838129774,106.4288019400813,235.02226288407306
-10.279850294840033,-113.69357088000056,-112.2388580917386,99.1950202410707,238.44919679098945
-10.582621013707225,-114.00372585852455,-116.4005631343494,91.852972058279,241.299450611638
-10.636947733778348,-114.112300719148,-120.34874207244692,84.42803218863988,243.56868867672463
-10.44483431599359,-114.019362113796,-124.07028606171653,76.945159648069,245.25415550353227
-10.013042718491738,-113.72942090726144,-127.5559585993598,69.42839351846602,246.3546187527959
-9.352578534738075,-113.25117203165158,-130.80058557580162,61.90036899324207,246.87029818751262
-8.47800902648675,-112.59707272094009,-133.80309334893875,54.3818729874233,246.80278398965214
-7.406649364075644,-111.782781375444,-136.566399432108,46.89145741649413,246.15494839362077
-6.157657907734425,-110.82648449846425,-139.09716662539554,39.44512600320628,244.93085495041086
-4.751084273268262,-109.74814279708534,-141.40543672902737,32.05610736119924,243.13566981475873
-3.2069145625414457,-108.56868956534055,-143.50416414163024,24.73472330631646,240.77557924206857
-1.5441565622589088,-107.30921487993416,-145.40867253464788,17.4883570873798,237.85771700690452
0.21999591382715877,-105.99016802221428,-147.1360593611883,10.32152176508541,234.3901047456741
2.0708857961086586,-104.63060804090597,-148.70457323400535,3.236024568974318,230.38160733529608
3.996975821641204,-103.24752867735478,-150.13298828863765,-3.7687810118539815,225.84190441222293
5.990273115606069,-101.85527920423868,-151.43999768042335,-10.695667167279835,220.78147808445183
8.046585305297222,-100.46509730981315,-152.64364552948635,-17.54914227239093,215.21161586638328
10.165607292719338,-99.08476422725498,-153.76081312833105,-24.335016402012492,209.14442694071548
12.350846832563725,-97.71838609740664,-154.80677127272958,-31.059939255423338,202.59286908216436
14.609405571780805,-96.3662992970579,-155.79480637670142,-37.73092791271603,195.5707830086376
16.95163979121623,-95.02509139873175,-156.73592378566102,-44.354900981816016,188.09293058548008
19.39073134670385,-93.68772379091783,-157.6386275933021,-50.93823406468667,180.1750332081808
21.94220385647234,-92.34373702579069,-158.5087724661909,-57.48634922883701,171.83380682186478
24.623421678396195,-90.97951592832092,-159.34947963663026,-64.00334849913419,163.08699038124738
27.45310937232135,-89.5785886543535,-160.16110647350672,-70.49169848290467,153.95336507707032
30.450926934124663,-88.1219324797352,-160.94125700002792,-76.95197030387004,144.4527623116449
33.637131007606186,-86.5882593741656,-161.68481949714854,-83.3826362296482,134.60605914741552
37.032344550745,-84.95425656006276,-162.38401699463813,-89.77992189106322,124.43516072676914
40.657447241178374,-83.19476141278346,-163.02845706965456,-96.13771093387332,113.96296991991969
44.533586628800805,-81.28285626555689,-163.60516898163542,-102.4474974035816,103.21334515364006
48.6822962663385,-79.189876857773,-164.09861877641455,-108.69838019070158,92.21104796896033
53.1256925684603,-76.88533807340431,-164.49069655615892,-114.87709346864071,80.98168231929975
57.88670796327882,-74.33679184494602,-164.7606745505033,-120.96806721560097,69.55162792937898
62.98930516815855,-71.50964404503142,-164.885139795356,-126.9535125699047,57.94797017830463
68.45860741123003,-68.36696906218197,-164.83791092064754,-132.8135278444791,46.19842894247331
74.32087342046522,-64.86937159964343,-164.58995448594442,-138.5262224187941,34.33128864215362
80.60324521791131,-60.97495396295871,-164.10932212997645,-144.0678573188106,22.37533139289265
87.33320218528874,-56.639452569733095,-163.36113509530213,-149.41300296155532,10.359774689657023
94.5376671660221,-51.81660851242928,-162.30764697600506,-154.53471614964593,-1.6857855235103223
102.24172972714995,-46.45883276140707,-160.90841830561774,-159.40473982316723,-13.731426191749136
110.46697773388044,-40.51821630221083,-159.12063734415727,-163.99373018688476,-25.746943367873495
119.22946004715052,-33.947918835876465,-156.89961966799683,-168.27151651691435,-37.70189445675179
128.53733871701763,-26.70394681035506,-154.19951453513437,-172.20739911491233,-49.565638257227405
138.38832614966694,-18.747303253329985,-150.9742382549796,-175.7704904446395,-61.307375111795864
148.76703847789568,-10.046459528611564,-147.17864389849507,-178.93010340774046,-72.89618988770802
159.64242752673977,-0.5800647374621999,-142.76992284802924,-181.65618897885494,-84.30110076720982
170.9654770092382,9.660225437359163,-137.7092173940084,-183.91982305015475,-95.49111689366603
182.66736079921156,20.66694918233913,-131.96340562136095,-185.69373940016413,-106.43530778592827
194.65825974650903,32.41424111319474,-125.50700125911428,-186.95290231548407,-117.10288708930644
206.8270168358902,44.85562441660021,-118.32409330347551,-187.67510871612333,-127.46331268414562
219.0417780109681,57.922382743585516,-110.41023454621222,-187.84160586689828,-137.48640444082264
231.15171850906881,71.52269094364598,-101.77417618747681,-187.4377071351591,-147.14248002649214
242.98989433165553,85.54165804870713,-92.43933895860586,-186.45338503878313,-156.4025081781143
254.37718912970828,99.84239602167759,-82.44491088214846,-184.88381828671083,-165.23827781337843
265.1272530901387,114.26817536247252,-71.84646884835895,-182.7298679065737,-173.62258031800167
275.0522579438659,128.64566668348647,-60.716035986504664,-179.9984571097328,-181.52940138842246
283.96922688149164,142.78919991220315,-49.141509154552146,-176.70283044209987,-188.93411798674146
291.7066456414331,156.50590475526687,-37.2254199105396,-172.86267011790005,-195.81369533557555
298.11102623207864,169.60153278437647,-25.083026563888886,-168.50405125409557,-202.1468784900641
303.0530812743713,181.88670822601912,-12.839772264865047,-163.65922293810203,-207.91437290349774
306.43317671548635,193.18331592411985,-0.6281820687372033,-158.36620849004527,-213.09900856488022
308.1857636369715,203.33071461696238,11.415692239621734,-152.66822564238151,-217.68588272659952
308.28254403587414,212.19146380885599,23.156139807658235,-146.61293528653587,-221.66247693431723
306.73419692943907,219.65627361980037,34.46180753635477,-140.25153549280577,-225.01874497951158
303.5905745651715,225.64792778994678,45.20968857606479,-133.6377252221228,-227.74716946460515
298.9393675567629,230.12398755796576,55.28890160901292,-126.82656903544846,-229.84278583893794
292.90332567019755,233.07815408167912,64.60408788448811,-119.87329971806801,-231.3031739644197
285.6362012476633,234.54024409746248,73.07827169361127,-112.83209968490881,-232.12841843687787
277.31764920246707,234.5748118115081,80.65505829362212,-105.75490402925669,-232.32103996200726
268.14736678587525,233.27852383414256,87.30007918967536,-98.69026795121198,-231.88590101201777
258.33878520449787,230.77645814037095,93.00163554951546,-91.68233902036208,-230.83008973047637
248.11263274821889,227.21754841874892,97.77053341507339,-84.76997039774062,-229.1627865818084
237.69067623388645,222.76942894421927,101.63914626361546,-77.98600500678683,-226.8951185452533
227.28991670342396,217.6129509660852,104.6597785266692,-71.35675306133288,-224.040005730343
217.11747008276592,211.93663973493906,106.90243548990325,-64.90167677994575,-220.61200515294422
207.36630834626663,205.93134326323744,108.45212877220567,-58.63328704616883,-216.6271560773396
198.21197640541536,199.78529239418737,109.40586123926293,-52.55724773934997,-212.10283082743516
189.81033909318901,193.67975018058078,109.86944042925018,-46.67267496733087,-207.05759432970362
182.29635538327372,187.78538077899483,109.95426576359671,-40.972610934409246,-201.51107490555782
175.78382670271657,182.25941789462843,109.77422301715767,-35.44464604652177,-195.4838480152829
170.36602522035753,177.243663807822,109.44280124148203,-30.071658357165923,-188.99733380298522
166.11707762429745,172.86330514934832,109.07052438663911,-24.83263674298484,-182.07370843445432
163.09396042469538,169.22649310389232,108.76276418731454,-19.703553297929943,-174.73582838703712
161.3389536238439,166.4246050309125,108.61797435480165,-14.658251268366563,-167.0071660708934
160.88239935706986,164.53308221087804,108.72636044279861,-9.669317238307329,-158.91175445930136
161.74561899696693,163.61272443460663,109.16897633032228,-4.708909955734924,-150.4741378051636
163.94385412023925,163.7113157383921,110.0172181276765,0.2504771444505707,-141.71932504230656
167.48911148067492,164.86545559803147,111.33267011959171,5.235337359754993,-132.67274213101393
172.39280764731032,167.10247492450452,113.16724540866096,10.2705681187877,-123.36017942437398
178.66812344942971,170.4423247595388,115.56355618934704,15.3789908259896,-113.80773011676902
186.33199039382717,174.8993362247441,118.55544479745275,20.580974369396195,-104.04171600157761
195.40663981302453,180.48376179779513,122.16860639606962,25.89415882015166,-94.08859711770876
205.92065020273486,187.20301942367092,126.42123683769981,31.333271906201777,-83.97486241102054
217.90942908405088,195.06257171355367,131.32464432021658,36.9100277571257,-73.7268992796576
231.4150633976994,204.06638230857519,136.8837704034754,42.6330952507563,-63.370840808856165
246.4854680641515,214.21690053485634,143.0975743250209,48.508122045914284,-52.93239062783793
263.17275760473564,225.51453424263244,149.95924400013223,54.5378000133957,-42.43662662412875
281.53076277617305,237.95657999592675,157.45620737690274,60.72195819334152,-31.907786210857985
301.6116155909972,251.53559057378993,165.56992880314039,67.0576704974696,-21.369037430467742
323.46133473586485,266.2371732009473,174.27548668495461,73.53936700858286,-10.842241849521729
347.11436223202344,282.0372291940641,183.54094095145604,80.15893976697396,-0.34771690025282354
372.5870340550706,298.89866780830084,193.3265116534255,86.9058362365866,10.095993021296342
399.8700147527684,316.7676547253834,203.58360332901736,93.76713608227882,20.472325871766852
428.91979045304276,335.56948910658224,214.25372337654582,100.72760934657381,30.766879586430022
459.64939636111933,355.20424207815387,225.26735624905,107.76975649103176,40.9675449990594
491.918652507892,375.54233276866745,236.54286831738128,114.87383298157961,51.06458062377931
525.5242915943807,396.42026351535617,247.9855300377289,122.01786308729214,61.05061608092013
560.1904792790767,417.63678056724325,259.4867517206536,129.17764928111168,70.92057191651794
595.5603415717852,438.94976656256205,270.9236356936616,136.3267850454206,80.6714853909834
631.1892150472142,460.07420147546605,282.1589498469443,143.4366799712551,90.30223456813584
666.540410274042,480.68154431280686,293.04162431381,150.47660677501378,99.81315673751502
700.9843129153812,500.40088318975677,303.407863334005,157.41378022023608,109.20556180869754
733.8016262329719,518.8221715476716,313.0829473882817,164.21347789683128,118.48114670205855
764.1914707731014,535.501809306454,321.88377606775657,170.83921234369458,127.6413227220222
791.2848929381869,549.9707375431815,329.62216995909284,177.25296306292893,136.68647414538228
814.164090548664,561.7450941763998,336.108910828086,183.41547552327114,145.61517242147335
831.8873441707275,570.3393294096011,341.1584550164346,189.2866322485356,154.42337603536845
843.5192601933009,575.2815099580555,344.5942074002094,194.8258985094108,163.10365076663655
848.1655066292972,576.1303602875238,346.25419533231684,199.9928419857389,171.64444832324313
845.0107851298111,572.4934101254105,345.9969370736401,204.74772208134965,180.0294827212558
833.3583693338502,564.0454554319685,343.70726099166023,209.05214044655247,188.23724298023032
812.6691910795427,550.546410890995,339.3018039769743,212.86973984584048,196.24067750313748
782.5982130568086,531.857551315128,332.7339034881872,216.16693401544973,204.0070798621297
743.0257257898973,507.9551204429887,323.9976000983788,218.91364686267525,211.4981977602036
694.0812760258447,478.94033777220255,313.13048807788107,221.08403558859516,218.67057702173594
636.1581870144282,445.04496121632013,300.2151908031457,222.65716941720822,225.47614110707843
569.917066605102,406.6317628786483,285.3792945390288,223.61763393174135,231.8629945299429
496.277296182131,364.1895375289524,268.79364577506396,223.95603085925296,237.77642647126368
416.3962140304018,318.32257222183983,250.66899974077398,223.66934473745877,243.16007966706414
331.6364973667744,269.73483912371495,231.2510957385382,222.76115136102572,247.9572401113252
243.52304396242278,219.2095064810136,210.81432248825456,221.2416482176071,252.11219597065696
153.69138864100728,167.58466785661443,189.65421747023206,219.12749410981007,255.57160990253297
63.83029636248281,115.72644166140432,168.07911225664748,216.44145348519817,258.2858480306019
-24.37840356106784,64.50076992712414,146.4012858482545,213.21185018844156,260.2102112362388
-109.31947774439266,14.745331769484395,124.92801622623517,209.4718448260847,261.30601999160587
-189.50022101252975,-32.757024455565485,103.9529245326678,205.25855905161802,261.5415122604178
-263.5997175775621,-77.30203448990626,83.74798626308404,200.61207818770458,260.8925244003601
-330.5089782891681,-118.28385635018041,64.55654127340244,195.5743701084855,259.3429367448488
-389.3601564497047,-155.21015752602744,46.58757271340512,190.18816272347465,256.88487777965577
-439.54380510141044,-187.71192700686004,30.011449054614104,184.49582440750396,253.51869272413853
-480.7139369583386,-215.5478202689544,14.957238985124519,178.53829116885663,249.2526931152413
-512.7814169345438,-238.60317178347378,1.5116223000850084,172.35408130088166,244.10271304837732
-535.8968959844152,-256.8841056277528,-10.280662931161174,165.9784329745147,238.09150460394326
-550.425035666653,-270.5074201724475,-20.41497031401127,159.44259312116822,231.24800943388735
-556.9121437815336,-279.68710324980395,-28.92368579416319,152.77327757233087,223.60654545362638
-556.0495290072537,-284.71844209498937,-35.8721964517687,145.9923133823366,215.2059472207622
-548.6348907514289,-285.9607269205688,-41.35415081380532,139.11646519884454,206.08869617597824
-535.5339088971298,-283.8195136376745,-45.486282251308836,132.157439057519,196.30007287609266
-517.6439178996673,-278.7293203531018,-48.40305874948501,125.12204957486084,185.88735813130975
-495.86117911530846,-271.13749764341895,-50.25140000503572,118.01253058540524,174.89910405097618
-471.0528451812289,-261.48984973987126,-51.18566954532898,110.82696506399708,163.38448986467162
-444.0342798512445,-250.21840823079384,-51.36310888789288,103.55980778857963,151.3927714208584
-415.55198988831336,-237.73158595181775,-50.93983622262341,96.20247358864808,138.97282779795165
-386.272068868578,-224.40677825499282,-50.06748701375807,88.74396502171832,126.17280372755329
-356.77376380421777,-210.58534065919255,-48.890531127394794,81.1715156590549,113.03984266868937
-327.5475632995324,-196.56976154243932,-47.54426282160624,73.47122851239699,99.61990244403836
-298.9970714995498,-182.6227684337023,-46.15342773503069,65.62869313307212,85.95764333934662
-271.44386983755584,-168.9680562165189,-44.83142574375549,57.62956919846183,72.09637740492627
-245.13456829636712,-155.7923025937165,-43.680010474456296,49.46012862948307,58.07806727455458
-220.2492965044454,-143.2481363720179,-42.789395099995545,41.10775216139056,43.94336299974551
-196.91096837332998,-131.45774253572284,-42.23866915135768,32.561379584443976,29.731666049037607
-175.1947584318313,-120.51681945478973,-42.096431552597934,23.811915412832327,15.481210606874342
-155.13734131375884,-110.49864291537752,-42.42154989542847,14.852593432121601,1.2291535058240433
-136.7455579885309,-101.45803456470024,-43.263964073405475,5.679304385646255,-12.988334564720972
-120.00427578941225,-93.43507524722018,-44.665462820872136,-3.7091089808999484,-27.135982591832455
-104.88329912569543,-86.45844392248178,-46.66037360908683,-13.310586107137794,-41.17934222614411
-91.34326131519187,-80.54829867029979,-49.27611906456326,-23.119610080412592,-55.08472370364505
-79.34048455204587,-75.7186468317157,-52.533606088525545,-33.12699634878412,-68.81914705274583
-68.83083546079801,-71.97917644809381,-56.44742682540699,-43.319710891535394,-82.35030992364402
-59.7726298871477,-69.33654125349051,-61.02586333583162,-53.68072238361202,-95.64657248556087
-52.12865510543055,-67.79510734806824,-66.27070014859714,-64.18889511428858,-108.67695906822327
-45.867383357471034,-67.35718236495578,-72.17686071305083,-74.8189313388006,-121.41117557637159
-40.96345047795738,-68.02275855251578,-78.73189506227043,-85.54137316662707,-133.81964117547497
-37.397470020654765,-69.78881078994466,-85.9153565988415,-96.32267485705624,-145.87353233233225
-35.155249155937625,-72.64820003698347,-93.69811562123742,-107.12535636681493,-157.54483699359554
-34.22646960581102,-76.58824273785989,-102.04166571456511,-117.90824808162148,-168.80641649702872
-34.60289646584623,-81.58901758917668,-110.89748602531887,-128.6268348177354,-179.63207273452156
-36.27618085252413,-87.6214928151297,-120.20652722447377,-139.2337044087905,-189.9966181183961
-39.23532928327427,-94.64556926884632,-129.89889107483782,-149.67910256684928,-199.87594603979107
-43.463923375730744,-102.60814652689194,-139.89377238147668,-159.91159135447506,-209.24709974092855
-48.937187145361875,-111.4413295706164,-150.0997271942906,-169.87880371728437,-218.0883378388805
-55.61901470045056,-121.06090130815687,-160.41532205102789,-179.5282813492955,-226.37919512088524
-63.45908686498968,-131.36518959426215,-170.73020560277607,-188.80837798444043,-234.1005376573248
-72.39021925526505,-142.23445505725527,-180.9266262384346,-197.66920534581152,-241.23461172408406
-82.32609444191891,-153.53091660486598,-190.88139774447467,-206.06359476700987,-247.76508646295653
-93.1595348565381,-165.0995139502888,-200.4682904055169,-213.94804424504625,-253.6770906092693
-104.76146902117273,-176.76948038202153,-209.5607984521868,-221.28361867267864,-258.95724395333457
-116.98072984244055,-188.35676446782838,-218.0352079262737,-228.03677045498438,-263.59368445388196
-129.64479907385424,-199.66729738495587,-225.77386365432253,-234.18004878545594,-267.57609207003486
-142.5615763729099,-210.50105488797885,-232.66851204142347,-239.69266859168366,-270.89571041372653
-155.52220539281578,-220.6568121506171,-238.62357975123282,-244.56091450556556,-273.54536724510837
-168.30493483411954,-229.93743912273433,-243.5592387716368,-248.7783610046907,-275.5194946465819
-180.67993216872136,-238.15553738327753,-247.4141072579131,-252.34589684600877,-276.81414943206283
-192.41490559426515,-245.1391806833571,-250.1474437375302,-255.2715497167752,-277.4270339996362
-203.2813301323585,-250.73749423339632,-251.74070992554272,-257.57011524196605,-277.3575174460881
-213.06102145771132,-254.82579551700786,-252.1984039627845,-259.26260265474366,-276.60665636232414
-221.55276077699853,-257.31002431094225,-251.5481000172813,-260.3755170928925,-275.1772143516588
-228.57865007744715,-258.13021271849396,-249.83966986005458,-260.9400051929996,-273.0736789888237
-233.98987255217008,-257.26278698924125,-247.14370466351141,-260.99089603669574,-270.30227469269425
-237.67154980373456,-254.72154976805322,-243.5491979504037,-260.5656732666092,-266.87096984049657
-239.54642566371538,-250.5572607887254,-239.16059032055887,-259.70341614679694,-262.7894764185065
-239.5771644497238,-244.8558112585026,-234.0943104440559,-258.4437474237278,-258.06924058865104
-237.76712573895225,-237.73506675825703,-228.47497240334206,-256.8258241002401,-252.72342274825962
-234.15956324385957,-229.34052950961274,-222.4314050080406,-254.8874038297652,-246.76686595997288
-228.83528596641307,-219.840037588749,-216.0926932157409,-252.66401483255973,-240.21605201226168
-221.90890871967838,-209.41777104355728,-209.5844051752518,-250.18825136545354,-233.08904481466226
-213.5238995993289,-198.26786901552893,-203.0251614475402,-247.48921022529265,-225.40542130890418
-203.84669798094808,-186.58797553580325,-196.52367722088465,-244.59207693577315,-217.1861905593108
-193.0602232572459,-174.57302405569757,-190.17637600703458,-241.51786354963286,-208.4537021457653
-181.35711863406667,-162.40954315592862,-184.06563697282263,-238.28329374881974,-199.23154539438406
-168.93307464690625,-150.27072104750565,-178.25870047400957,-234.90082544318847,-189.54444132445786
-155.9805544295544,-138.31240853097003,-172.80722017402778,-231.37879657988316,-179.41812944790556
-142.6831998389482,-126.67017400221343,-167.7474177035637,-227.7216765271278,-168.87925171993015
-129.21113855505448,-115.45745524970869,-163.10076902007032,-223.93040325182244,-157.95523600220346
-115.71734257536086,-104.76478642500169,-158.8751317370414,-220.00278555633818,-146.67418136379032
-102.33511401417661,-94.6600193497247,-155.06621034578015,-215.9339497944387,-135.0647474180832
-89.17670069027656,-85.18940995729436,-151.65925145210895,-211.71681161153805,-123.15604968583285
-76.33297700164326,-76.37940566489931,-148.63086334344152,-207.34255517246328,-110.97756270009864
-63.87406943242265,-68.23894902941782,-145.9508623865238,-202.80110484758316,-98.55903224398435
-51.85076383107304,-60.76210707235175,-143.5840616213428,-198.0815772125467,-85.93039775198999
-40.29650503222366,-53.93084293816703,-141.4919329865781,-193.17270426919941,-73.12172552748586
-29.229788730313878,-47.717764948018996,-139.63409238577734,-188.0632218213835,-60.163153044301154
-18.656749717190337,-42.088714885534145,-137.9695748764944,-182.74221976928123,-47.08484422254846
-8.573767575859595,-37.00508946190959,-136.4578844220097,-177.19945357984463,-33.91695520612025
1.0300621682972704,-32.42582330801402,-135.05981792398092,-171.42561824194428,-20.689609827787145
10.170709862743433,-28.308995736835573,-133.73807597454416,-165.4125875521987,-7.432883633553921
18.86732804645373,-24.613054561541862,-132.45768253337192,-159.15362256415392,5.823204947704524
27.140746763317896,-21.297676663358494,-131.18624241787975,-152.64355346613794,19.048697956209175
35.01235787888906,-18.324305626408137,-129.89406918798815,-145.87893905883993,32.21369765953227
42.50336862469994,-15.656421055902833,-128.5542169821138,-138.858207436191,45.28836478125616
49.63438097287816,-13.259602190092608,-127.14244851459769,-131.58178051041855,58.242917398376925
56.42523676879783,-11.101450582680304,-125.63716824674687,-124.05218376055444,71.04763278968468
62.89505897133105,-9.151433788551714,-124.01934519215517,-116.27414113515438,83.67285454049485
69.06241647761962,-7.380705166552325,-122.27244440124521,-108.25465352558228,96.08900716324145
74.94554302821169,-5.7619452527021195,-120.38238034227882,-100.00305777290777,108.2666203676768
80.56254849827658,-4.269258784661247,-118.33749955188392,-91.53106190352806,120.176364900371
85.93157221895935,-2.878149419245304,-116.1285943973979,-82.8527513244112,131.7891015647497
91.07084153989037,-1.5655823802731916,-113.74894483525185,-73.98456015187745,143.0759446268774
95.99861339622394,-0.3101344289165837,-111.19438085608442,-64.94520178065505,154.00834031268494
100.73299107031167,0.9077788025320643,-108.46335500828579,-55.75555327901401,164.5581605182232
105.29162171225187,2.1056155823295413,-105.55701206209076,-46.43848924276102,174.69781120348262
109.69129178360862,3.2983839131027253,-102.47924154622689,-37.01866234150232,184.40035424743934
113.94744690922687,4.498306814189775,-99.2366985497724,-27.522229889603217,193.63964083865326
118.07366936031475,5.714504885984226,-95.8387787941299,-17.976528275986976,202.39045380074455
122.08115042660341,6.952723612468056,-92.29753547963702,-8.409699859407226,210.6286556462862
125.97819630064278,8.215130869620651,-88.62752771142996,1.1497201862329156,218.33133865913325
129.76980494884933,9.500206750908873,-84.84559330459916,10.673246794758356,225.47697296431298
133.45734803315256,10.80274335397111,-80.97054233465747,20.13290489848987,232.04554839012124
137.03838659229484,12.113966853067723,-77.02277179297855,29.501691441721015,238.01870598446132
140.5066422573182,13.421788263089596,-73.02380596717427,38.75402327616818,243.37985532823677
143.85213765691222,14.711183030012023,-68.99577151304584,47.866154096053165,248.11427429025971
147.061510776996,15.964693200825309,-64.96082042245972,56.81654385932783,252.20918857155172
150.11849879794255,17.16303967278482,-60.94051801084893,65.58616536138081,255.65382925651787
153.00457776734288,18.285826136879678,-56.9552164331501,74.1587347555728,258.4394675749061
155.6997357971161,19.31231105414784,-53.023436874369665,82.52085576190848,260.55942712001075
158.18334971102928,20.222219575121485,-49.16128524896884,90.66207092244122,262.00907479713635
160.43512859751354,20.9965639623386,-45.38192680913991,98.57481734662848,262.78579272152564
162.43608289213063,21.61843901510386,-41.69514437300083,106.25428870258696,262.8889340805609
164.16947471663946,22.073758401494928,-38.10700286615668,113.698209489027,262.3197665644235
165.6217044560152,22.35189880167991,-34.61963951994302,120.90653160638567,261.0814073108629
166.78309008495745,22.44622141749916,-31.231194464592093,127.88106669108578,259.1787533801512
167.64849957303664,22.354444680646992,-27.935890760594347,134.6250703784781,256.61841157361846
168.21780269080702,22.078847776339373,-24.724266375290725,141.14279646641802,253.40863095271826
168.49611646530587,21.62629167180485,-21.583553561242027,147.43903977340713,249.559240744624
168.4938280247524,21.008052384649744,-18.49819391370515,153.5186863042347,245.08159549042185
168.22638914997952,20.2394698473465,-15.450470498654852,159.3862882008205,239.9885283704538
167.7138879482573,19.339424460742805,-12.42123228025929,165.04567897725522,234.29431270087454
166.98041406622337,18.329661789448025,-9.390681040400025,170.49964187813822,228.01463070819005
166.0532441324691,17.2339933439453,-6.339187419647445,175.74964105504927,221.16654791986977
164.96188306945015,16.07740756528071,-3.2481008770762116,180.7956218445667,213.76849091185915
163.73700401688504,14.885129598513728,-0.10051841272054673,185.63588297073576,205.84022576550782
162.4093344563203,13.681670934230922,3.118021156139676,190.2670201891382,197.4028344253368
161.00853845573636,12.489910363529063,6.418946834705068,194.68393791531133,188.4786862151159
159.56214466286673,11.330245919018353,9.810193176273685,198.87992287475112,179.09140204526145
158.09456683392145,10.219853689849373,13.295883740395226,202.84677186978666,169.26580929617353
156.6262585186924,9.172083858132638,16.876170600327384,206.57496442825155,159.0278859465913
155.17303640069943,8.196017369494868,20.547232542065622,210.05387038422313,148.40469318227113
153.7455981881201,7.296198761913061,24.30142705207173,213.2719823077113,137.42429641615732
152.34925141325817,6.472552316823652,28.127584221308346,216.2171630811111,126.11567532723875
150.9838595988067,5.720480353581678,32.011424688912285,218.87689972637565,114.50862413698668
149.6440025482275,5.0311346227249345,35.93607901486192,221.23855571440853,102.63364385647137
148.31933852348465,4.391844765574348,39.88268260965538,223.28961532840358,90.52182862751101
146.99514821280084,3.78668201526429,43.83101865411156,225.01791509889165,78.20474853742502
145.65303398587136,3.197131936153866,47.76018129628379,226.4118587818221,65.71433140359373
144.27174319014685,2.602847148975883,51.649232699405445,227.46061372632207,53.082746009258614
142.8280812466453,1.982449679085832,55.47783003495143,228.15428770566484,40.34228913950526
141.29787903310756,1.3143527126502477,59.22680200610699,228.4840863102113,27.525278532686514
139.65697937449775,0.5775729904035956,62.87865865033441,228.44245178818642,14.663953551955732
137.88220919660745,-0.24749240781073922,66.41802269121143,228.02318474923567,1.7903850126401215
135.95230678362677,-1.17834778783633,69.83197528570963,227.22155041167295,-11.063604803560708
133.84877732968494,-2.229758077210022,73.11031336823842,226.03437108579197,-23.866511338737077
131.55665429423632,-3.4132003916169253,76.24571969553601,224.46010636323214,-36.58720597061784
129.06514868020602,-4.736418530575847,79.23384997118356,222.49892205734736,-49.194983477917404
126.36817299969242,-6.203086954645954,82.07334395848049,220.15274835242332,-61.65959938743007
123.46473116312573,-7.812587092600239,84.76576922159855,217.42532691885114,-73.95129820003288
120.3591696614614,-9.559895585847443,87.31550707125828,214.3222459920975,-86.04083382803866
117.06128909680105,-11.435581369156864,89.729590488223,210.85096165547088,-97.89948387423436
113.58631829524751,-13.425906334850964,92.01750335563622,207.02080287327357,-109.49905963444438
109.95475589469294,-15.51302271292002,94.19094938087544,202.84295725525232,-120.81191390701846
106.19208646705727,-17.675259168559904,96.26359778277417,198.33043415607324,-131.81094883463544
102.3283799677822,-19.887486892025876,98.25081132353824,193.49800157944958,-142.469626077749
98.39778468444216,-22.12155653778585,100.16936073701545,188.3620935098604,-152.7619816175249
94.43792497032337,-24.346796659090217,102.0371281957913,182.94068476603866,-162.66264739776452
90.48921598680056,-26.53056418132404,103.87280129581161,177.25313127168164,-172.1468818357531
86.59410851948327,-28.638837375729338,105.69555821844824,171.31997476154885,-181.19061095439798
82.79627773859198,-30.636841665681025,107.52474432109801,165.16271235263787,-189.77048151320608
79.1397705818864,-32.489698375469935,109.37954043626394,158.80353305460721,-197.8639270470798
75.66812725823038,-34.1630861987666,111.27862361614271,152.2650250909654,-205.4492471702489
72.42349318339846,-35.62390472991126,113.23982189837432,145.56985975348755,-212.50569988471977
69.44573842094543,-36.840928901978934,115.27976581079714,138.74045930200603,-219.0136059708734
66.77160234068998,-37.785442669727374,117.41354067432874,131.79865802678538,-224.95446386168834
64.433881639886,-38.43183983840372,119.65434518073286,124.76536688881544,-230.31107274412278
62.46068000175776,-38.7581796568804,122.01316308501461,117.660253030294,-235.0676610277136
60.87473739827667,-38.74668475289756,124.49845602956796,110.5014458090712,-239.21001680788407
59.692856293245406,-38.38416927077906,127.11588638939078,103.30528078966631,-242.72561656375632
58.925440701647844,-37.6623857446763,129.8680794944168,96.08609228704461,-245.6037480974683
58.5761621728711,-36.5782803487239,132.75443457290754,88.85606361589045,-247.83562366599665
58.64176428230012,-35.13414772890507,135.77099322860929,81.6251421962114,-249.4144793904745
59.11201416954415,-33.33767862891926,138.91037320852672,74.40102419613203,-250.33565735386242
59.96980612070343,-31.20189593303712,142.16177366842606,67.18921058007487,-250.59666730565232
61.19141826167947,-28.744977492263985,145.51105616358444,59.99313342823204,-250.197225560753
62.746919245654325,-25.989967080463735,148.94090327516523,52.81434837275761,-249.1392694764682
64.60071753964094,-22.964377929399916,152.43105424267472,45.65278613255542,-247.42694677574266
66.71224171709827,-19.699696387770068,155.95861433832854,38.50705359075516,-245.06657990934303
69.0367362234403,-16.23079620742123,159.4984321232485,31.374772794875888,-242.066606564285
71.52615357041336,-12.595276650991565,163.02353629817492,24.25294478614388,-238.43749828076548
74.13012098785316,-8.832739921917018,166.50562172081155,17.138324360046525,-234.1916598891914
76.79695734468658,-4.984025240778664,169.91557240821342,10.027791757554258,-229.34331308366205
79.47471473997716,-1.0904181548768719,173.22400805214443,2.9187078740244017,-223.9083678788426
82.11221861425827,2.8071456780999426,176.40183979813457,-4.190759206395695,-217.90428593542234
84.66008055597058,6.66886296672304,179.42082079670303,-11.30134678244343,-211.34993977951083
87.0716591508196,10.456812853217812,182.25407732258225,-18.4124574695875,-204.26547178933694
89.3039461775125,14.135657082173395,184.87660704344876,-25.521972305480382,-196.67215649655384
91.3183580930812,17.673274485250552,187.26573225073398,-32.626120271013214,-188.59226927614264
93.08141594767733,21.041316143204313,189.40149747063145,-39.71940493758143,-180.04896391306048
94.5653004764869,24.21567007929,191.26700276964266,-46.79458658666668,-171.06616087480836
95.7482729779639,27.176827070658597,192.8486661647518,-53.84271606964228,-161.668447427435
96.61495654268441,29.910142025325506,194.13641074940435,-60.85321497315762,-151.88099004882926
97.1564760923817,32.40598825247657,195.12377436150783,-67.81399538728972,-141.72945895345933
97.37045938278712,34.65980474937892,195.8079417634546,-74.71161176761751,-131.2399639783283
97.26090449613491,36.67203924661648,196.18970130198034,-81.53143703435745,-120.43900061529743
96.83792230296132,38.44799211701309,196.27332980600445,-88.25785513186534,-109.35340462577318
96.1173648389202,39.997568301673454,196.06641101675802,-94.8744627269395,-98.0103134492777
95.12035248146671,41.33494609837595,195.57959409661396,-101.36427348473346,-86.43713251746904
93.8727142115749,42.47817297129668,194.82629971698415,-107.70991934716638,-74.66150460364102
92.40435612318629,43.44869947493633,193.82238188359196,-113.89384436521348,-62.71128046260654
90.74857373642173,44.27086295485427,192.5857540353959,-119.8984878205306,-50.6144892293997
88.94132363706949,44.97133292396282,191.1359880792386,-125.70645453553996,-38.39930732827546
87.02046957587172,45.57852995880875,189.49389493332515,-131.30067134617025,-26.094024973206235
85.02501749449121,46.12202966573054,187.68109489133923,-136.66452964258156,-13.72700969533701
82.99435308151575,46.631962786846366,185.71958573111135,-141.78201462797162,-1.326666690086853
80.96749447760897,47.1384219047267,183.6313160215029,-146.63782247747585,11.078603884458289
78.98237171158185,47.67088451223244,181.43777056878108,-151.21746688567643,23.460452222580166
77.07514341435444,48.257661483338765,179.1595744232522,-155.50737657396039,35.79062611201875
75.27956036447327,48.9253792438639,176.81612136242066,-159.49498520297794,48.04101922496892
73.62638449016995,49.69850321876078,174.425232293441,-163.16881482620624,60.18371946579919
72.14287109368586,50.59890943294671,172.00284857844753,-166.51855356419338,72.19105634319575
70.85232126238705,51.64551046105162,169.5627648745379,-169.53512761823916,84.03564637353264
69.77371066265286,52.85394124298739,167.1164056794886,-172.21076712581623,95.69043563937674
68.9214001396899,54.23630958243851,164.67264936051572,-174.5390647392581,107.12873881485532
68.30493272549782,55.80101539455208,162.2377029873241,-176.51502523659022,118.32427422062412
67.928920742083,57.55264193517633,159.8150307612363,-178.13510399878962,129.25119477261774
67.7930256335007,59.49192129629067,157.4053381989444,-179.39723185685665,139.88411502491022
67.89203193239834,61.615775366459445,155.0066134672999,-180.30082366300135,150.19813486127975
68.21601533967899,63.91743221553614,152.61422635689667,-180.8467680011599,160.16886074086108
68.75060326144674,66.38661646718622,150.22108432043902,-181.03739573911923,169.7724257305838
69.4773243163279,69.0098106837738,147.8178437939355,-180.87642563953105,178.98550983871127
70.37404132984821,71.77058313493981,145.39317368566373,-180.36888597678276,187.78536237832955
71.415460224116,74.64997560051543,142.9340664965393,-179.52101202187313,196.14982821917187
72.57370506311153,77.62694313177744,140.42619107670987,-178.34012031402793,204.0573798135417
73.81894741672028,80.678836037906,137.8542795902307,-176.83446177827096,211.48715679726416
75.12007626296106,83.78191286092813,135.20253992532736,-175.01305690453867,218.41901476365993
76.44539296676305,86.91187184038854,132.4550836290747,-172.88551730183036,224.83358448847775
77.76331456445419,90.04438743486647,129.59635853984426,-170.46185890397342,230.71234245593217
79.04306774621134,93.1556379381524,126.61157470954379,-167.75231285958992,236.03769301527666
80.25535564910325,96.22281016601266,123.487112009958,-164.7671406243944,240.79306190746428
81.37297991234182,99.22456763602716,120.21089804598012,-161.51645994042508,244.96300027090032
82.37140143556982,102.14146963323529,116.77274567367127,-158.01008820465432,248.5332975973262
83.22922491835482,104.95633003488214,113.16464053925807,-154.2574091911186,251.49110150000436
83.92859450545217,107.65450671415879,109.38097058606529,-150.26726821325155,253.82504161209528
84.455490643136,110.22411468286975,105.41869136397901,-146.04789963664948,255.52535448803377
84.7999214586936,112.65615876743695,101.2774231415906,-141.60688923947308,256.5840060638253
84.95600547220506,114.9445844227998,96.95947816594003,-136.9511723475451,256.99480806610785
84.92194608109054,117.08624814229445,92.46981882885812,-132.08706703621894,256.753524758361
84.69990185720148,119.08081168204629,87.81594986468563,-127.02034008822255,255.8579665798126
84.29576009689012,120.93056685331074,83.00774990750482,-121.75630192166719,254.3080675621036
83.718824110274,122.6401998262254,78.05724967183404,-116.29992544197346,252.10594388435024
82.98142729099398,124.21650563535276,72.97836559981103,-110.65598279667314,249.25593152371835
82.09848896462381,125.66806480946387,67.78659897464229,-104.82919337451719,245.76460164359702
81.08702830019668,127.00489472530944,62.498711193020426,-98.82437611696214,241.64075309768236
79.96565315093872,128.23808840004023,57.13238610611011,-92.64659930368582,236.89538217613702
78.75404057249064,129.3794530141568,51.70589009433143,-86.301321412557,231.54163044029724
77.47242499242229,130.44115955030503,46.237739874922674,-79.79451739470744,225.59471214898906
76.14110864895721,131.43541362021267,40.74638701523774,-73.13278568702215,219.07182334146745
74.78000708163455,132.37415592809512,35.249926815006674,-66.32343243430388,211.99203508552554
73.40824026234687,133.268798989037,29.765837714724874,-59.37453063356524,204.37617370886835
72.04377753193623,134.13000479309105,24.310755775173703,-52.29495316521454,196.2466910006388
70.70314198680336,134.96750618375654,18.90028714193631,-45.094379867524246,187.62752739989563
69.40117746597991,135.78997289549235,13.54885983939603,-37.78327988053421,178.54397108858302
68.15087893289385,136.60492154658118,8.269614797955718,-30.37287138474612,169.02251569450465
66.9632849192831,137.41866746926527,3.0743347595043033,-22.875061556993163,159.09071900642257
65.84742887077022,138.23631511676135,-2.0265913341169792,-15.302370045210896,148.77706473330917
64.81034474993038,139.0617829344991,-7.024171667526183,-7.66783952533115,138.11082892911077
63.85712113433887,139.89785801920505,-11.910786351020391,0.015063037815149727,127.12195227889337
62.99099729325992,140.74627559692624,-16.68013777878643,7.732550923095365,115.84091902587993
62.213494316664736,141.60781829867608,-21.327180749185004,15.470624739704759,104.29864293285819
61.524574267848564,142.48243035989464,-25.84803648589731,23.215179197145833,92.52636033201685
60.92282048841617,143.3693421713895,-30.239894488020965,30.952107121612855,80.55553003839628
60.4056325467093,144.26720101695145,-34.50090581802694,38.66739874247013,68.41773969019937
59.96942983042725,145.17420430002494,-38.63007104667142,46.34723472477478,56.144617938944656
59.60985838458584,146.0882320462353,-42.62712564893068,53.978071838428974,43.76775184268511
59.32199623507723,147.0069759343321,-46.492425216814,61.54672050964524,31.318608811318523
59.100553071268706,147.9280625270596,-50.22683244979743,69.04041378052649,18.828462508311077
58.940060752619104,148.84916872632175,-53.83160752228818,76.44686740124746,6.328322216292394
58.83505162935906,149.76812775370382,-57.3083031241147,83.75433089642738,-6.15113468529725
58.780222111782685,150.68302415672656,-60.65866523192081,90.95162948966876,-18.57962731735132
58.77057928363862,151.59227647046026,-63.8845404979849,98.02819675090079,-30.92733298454394
58.8015686396642,152.49470623785547,-66.98779103354306,104.97409776662319,-43.1649457828521
58.86918125136772,153.3895921309654,-69.97021730644663,111.7800425445149,-55.26373181149699
58.97003885194234,154.27670794418066,-72.8334898538974,118.4373892732257,-67.19558053908085
59.101455508554075,155.1563432770877,-75.57909051260421,124.93813698851203,-78.93305178119591
59.261474748544295,156.02930581661175,-78.20826387191346,131.27490717071552,-90.44941770171572
59.44888125535493,156.89690429186422,-80.72197964025185,137.4409138351429,-101.71869925765434
59.66318657691375,157.76091143278626,-83.12090656270549,143.42992179286531,-112.7156965737188
59.9045887148757,158.62350663139276,-85.40539842133795,149.23619296548458,-123.41601285722808
60.173905999908655,159.48719849004164,-87.57549247730024,154.85442093824946,-133.7960716453619
60.47248630817062,160.3547280429006,-89.63092046802973,160.27965432932461,-143.83312740956973
60.802093427345234,161.22895414191674,-91.57113195321283,165.50721002804397,-153.50526981602033
61.16477321424822,162.11272328293512,-93.39532941666339,170.53257789354512,-162.79142224524267
61.56270306510658,163.00872697603603,-95.10251409233719,175.3513190803629,-171.67133549138566
61.99802909779311,163.91935059168867,-96.69154101335607,179.9589607364035,-180.12557787473312
62.47269626725541,164.84651838811723,-98.16118131129448,184.35089036190882,-188.13552328951553
62.98827734080794,165.79154008839822,-99.51018935248428,188.52225358406957,-195.68333895235241
63.54580718659142,166.75496486998878,-100.73737192417154,192.46785944803656,-202.7519747950869
64.14562911840974,167.73644890060712,-101.8416564116448,196.18209751152273,-209.32515654071454
64.78726004368991,168.73464255671206,-102.82215477020043,199.65887102342546,-215.38738449870235
65.46928084247038,169.7471031611067,-103.67822011877607,202.89155024212303,-220.92394000585338
66.18925774667412,170.77023845859486,-104.40949298205203,205.87294949452638,-225.92090121733352
66.94369949353226,171.79928511655203,-105.01593458964888,208.595330894552,-230.36516962251486
67.72805372197197,172.82832531629083,-105.49784519663584,211.05043674749717,-234.24450823139054
68.53674451590885,173.850343038049,-105.85586609704855,213.2295515987632,-237.5475918668907
69.36325124486513,174.85732000391505,-106.0909648265887,215.12359368962834,-240.26406942932937
70.20022699960809,175.84036951251053,-106.20440394620363,216.72323432015224,-242.38463739998636
71.03965306923206,176.78990467083918,-106.19769471069868,218.0190423584809,-243.9011232533756
71.87302416327594,177.69583590207742,-106.07253779761932,219.0016499495985,-244.80657688506233
72.69155755229163,178.5477911804605,-105.83075404333646,219.66193443624655,-245.09536766662995
73.48641807696067,179.33535130365158,-105.4742087525622,219.99121067464134,-244.7632843406318
74.24895013702766,180.04829173133686,-105.00473357065187,219.98142736070724,-243.8076346902332
74.97090737041842,180.67682214618466,-104.42405010450452,219.62536071547612,-242.22734177774663
75.64467079679997,181.21181495462466,-103.73369943270123,218.91679892912614,-240.02303355208858
76.26344672517968,181.64501443703008,-102.93498136087001,217.85071112940736,-237.1971227771327
76.82143667910276,181.9692191491992,-102.02890677329457,216.42339529931485,-233.75387452189992
77.31397291657373,182.17843141432888,-101.0161657406062,214.6326004798862,-229.6994588621981
77.73761473271341,182.2679692503445,-99.89711321298608,212.47761970073074,-225.0419869474935
78.09020253442341,182.2345377608752,-98.67177321354356,209.95935131642278,-219.79152915711416
78.37086856151923,182.07625878015097,-97.33986150679917,207.08032771871382,-213.96011467433007
78.58000499140033,181.7926593032006,-95.90082581077905,203.8447116696456,-207.5617124122135
78.71919190464209,181.38462085982198,-94.35390180126058,200.2582616911673,-200.61219380045523
78.79108912017517,180.85429342293992,-92.6981824677513,196.32826899406749,-193.12927845941203
78.79929716366024,180.20497861603855,-90.93269785496372,192.0634692870153,-185.13246422397194
78.74819356528981,179.4409878573106,-89.05650188027685,187.47393344479917,-176.64294331928755
78.64275127156469,178.56748162907766,-87.06876276197798,182.57094141859372,-167.68350672305607
78.4883462007929,177.59029629059728,-84.9688536169179,177.36684394160588,-158.27843887297496
78.29056089586828,176.5157647805326,-82.75643997060314,171.8749165361138,-148.45340489684227
78.05499087016415,175.35053721880564,-80.43156123899351,166.10921008975723,-138.2353324664401
77.78705965527354,174.1014068648489,-77.99470365573248,160.0844018763711,-127.65229021953446
77.49184780316853,172.77514617662695,-75.44686259418944,153.81565039073791,-116.7333644739512
77.1739402332319,171.37835690144544,-72.78959273400527,147.31845679119442,-105.50853569401815
76.83729540714131,169.91733727293672,-70.02504501386885,140.608535141524,-94.0085558819823
76.48513891671287,168.39796854118254,-67.15598976729393,133.70169305247532,-82.26482777478445
76.11988322652913,166.82562226876695,-64.1858258354496,126.6137237769696,-70.30928644769573
75.7430745581192,165.2050891184403,-61.11857577660455,119.36031033664592,-58.17428367498046
75.35536725653924,163.54052926063258,-57.95886753952709,111.95694186868462,-45.89247518688833
74.956525451251,161.83544405213536,-54.71190314026124,104.41884208996183,-33.49671079974331
74.5454514074849,160.09266828099175,-51.383414985511195,96.76090958136693,-21.019927287196687
74.12023964737432,158.3143820273878,-47.979610535532174,88.99766949303206,-8.495043808134826
73.67825567965735,156.5021410384265,-44.507106011917884,81.14323624826045,4.045140291983037
73.21623798475869,154.65692443278454,-40.97284985058342,73.2112868634347,16.568045436812675
72.730421727541,152.77919851189645,-37.384036598572415,65.21504458150436,29.0414095671317
72.21668248256131,150.86899542923499,-33.74801197386594,57.167272615604645,41.43338358422789
71.67069802793586,148.92600543019162,-30.072169868546936,49.08027789242724,53.712624235937795
71.08812597140081,146.94968129717344,-26.36384219107066,40.96592474971343,65.84838402294298
70.46479460053294,144.93935349743828,-22.630182622655823,32.83565855796812,77.8105975319444
69.79690389200911,142.89435432057925,-18.87804561087608,24.700539185581583,89.56996344489374
69.0812330768451,140.8141490023616,-15.113862237727552,16.57128409753303,101.09802133941605
68.31535055475752,138.6984714635671,-11.34351497256818,8.458320663616671,112.36722230042828
67.49782130781875,136.54746185814287,-7.572213736935886,0.3718469537752256,123.35099231611196
66.62840631840456,134.3618026448729,-3.804376146941756,-7.678100076186675,134.02378744246369
65.70824789484685,132.14284940014352,-0.043515232964359996,-15.681570540016716,144.36113979848542
64.74003430370081,129.89275211383926,3.707861667925762,-23.628623719847184,154.33969359994316
63.72813675688338,127.61456229898454,7.448338829292226,-31.50924878782372,163.93723065682337
62.67871166328519,125.31232094601071,11.17765863543466,-39.313287076710836,173.132685042691
61.59976118241102,122.9911222128498,14.896764378569035,-47.030359202489365,181.9061469851125
60.50114555862512,120.6571478080099,18.60781519372815,-54.64980060860767,190.23885641392485
59.39454150401829,118.31766733569495,22.314169313856212,-62.160609218417406,198.11318701900973
58.293342053536406,115.9810004590933,26.020332403997628,-69.55140881679505,205.51262209302834
57.21249483655871,113.6564376165006,29.731868553801174,-76.8104315087207,212.42172384211614
56.1682775702988,111.35411719406446,33.455272566136884,-83.92552210866782,218.82609821372463
55.178011733227216,109.08485849793425,37.19780345396279,-90.88416660194792,224.7123575912773
54.259717749427466,106.85995153732621,40.96728051054268,-97.67354590429886,230.06808391439847
53.43171751194455,104.69090646662553,44.77184489349847,-104.28061506402913,234.88179488264183
52.71219258235376,102.58916746006534,48.619691292315075,-110.69220685116125,239.14291587314005
52.11870879882621,100.5657977118058,52.518775850446545,-116.89515742449218,242.84176004068325
51.66772017433351,98.63114406304732,56.47650799822242,-122.8764505332205,245.96951877109586
51.37406674122691,96.79449134803126,60.49943513204289,-128.62337557399627,248.51826423337224
51.25048227983069,95.06371781787519,64.59293006198982,-134.12369386475038,250.4809652391634
51.307128558680105,93.4449638521428,68.7608917694041,-139.365806784801,251.8515169938915
51.5511727414086,91.94232652794565,73.00547020950968,-144.33891902555814,252.62478464325554
51.98642394262362,90.55759243542853,77.32682562455071,-149.03319013788652,252.7966598177607
52.61304354293405,89.29002038635466,81.72293208996678,-153.4398678699752,252.36412869473205
53.427341841071545,88.1361843711195,86.18943381547496,-157.55139745737395,251.32534947039235
54.42167100674238,87.08988532380347,90.71956110941778,-161.36150202399432,249.67973659970045
55.58442121313523,86.1421380300914,95.30411095800821,-164.86523052565022,247.42804874929737
56.90012341206951,85.28123696081404,99.93149496173136,-168.05897114214406,244.57247714222433
58.34965862568087,84.49290205583846,104.58785501657896,-170.940429612385,241.11673086632126
59.91057003299488,83.76050265222466,109.25724474219373,-173.50857361352146,237.06611577554668
61.557470692795455,83.06535498318782,113.92187235878706,-175.7635458130666,232.42760382930177
63.26253661880233,82.38708610057131,118.56239860883372,-177.7065495825981,227.20989007370832
64.99607224096265,81.70405480935665,123.15828150272486,-179.33971247547777,221.42343494740288
66.72713315064556,80.99381834289022,127.6881582160984,-180.6659333806837,215.08049016291073
68.42418950697143,80.233632120539,132.1302534316061,-181.68871973337585,208.1951070388696
70.05581260919394,79.40096905442762,136.46280282584337,-182.41202127745518,200.78312680300243
71.59136691285138,78.4740445177117,140.66448025304712,-182.8400666471299,192.86215301533778
73.00169014853788,77.43233323404743,144.71481744617148,-182.9772084960316,184.45150684408816
74.25974512612041,76.25706495156584,148.59460569850557,-182.82778210507172,175.57216643536242
75.34122818660455,74.9316867601496,152.28626994285986,-182.39598140871487,166.24669203131234
76.22512099598708,73.44228121884997,155.7742068389041,-181.68575526705368,156.4991387952165
76.8941743511192,71.7779309945203,159.04507983448073,-180.70072565400008,146.35495948984513
77.33531477835498,69.93102238533976,162.08806560729735,-179.4441283036878,135.84089922674602
77.5399668504063,67.89748183084794,164.8950477479433,-177.9187753242469,124.98488446619044
77.50428623828914,65.67694122052585,167.46075495205065,-176.12703840589006,113.8159083117756
77.2293004832791,63.2728294458564,169.7828423002639,-174.07085056059063,102.36391392651896
76.72095626916271,60.69238915288315,171.86191538488583,-171.75172386020583,90.65967761817978
75.99007356948336,57.94661901656892,173.701498072883,-169.17078039960657,78.73469282045167
75.05220843010405,55.05014306440643,175.30794557161187,-166.32879369716778,66.62105585565224
73.92742733572072,52.0210096296244,176.6903051943815,-163.22623793887502,54.35135402331309
72.6399971258205,48.88042343027989,177.86012782669795,-159.86334284448037,41.95855623685976
71.21799530913772,45.65241507569023,178.8312335966499,-156.24015244546234,29.475906144501376
69.69284642004781,42.36345302642478,179.61943568484858,-152.35658666859172,16.93681743368616
68.09879081141683,39.0420037102634,180.24222660148234,-148.2125052653475,4.37477084304717
66.47229302943421,35.718046153444206,180.71843163876562,-143.8077742640986,-8.176787701405015
64.85139770144879,32.4225481464434,181.06783459932336,-139.14233569752525,-20.684548443280033
63.275041711823114,29.186911640674815,181.3107813197892,-134.21628182459185,-33.11543922324137
61.78233235202089,26.042395769050067,181.46776695966014,-129.02993538189912,-45.436727442829145
60.41180210186022,23.01952658962219,181.55901350311348,-123.58393752912588,-57.616122852920974
59.20065170462827,20.14750334574171,181.60404441043414,-117.87934507263499,-69.62188122082382
58.18399419740037,17.453611684209434,181.6212638302942,-111.91773824658219,-81.42290865099262
57.39411349336492,14.962654832201615,181.62754821041352,-105.70133980197961,-92.98886602524601
56.85975191653283,12.696414153904193,181.63785848195084,-99.23314541425391,-104.2902727075263
56.60544168463733,10.673150735547303,181.6648811986403,-92.5170644976444,-115.2986083438654
56.65089564449531,8.90715962997276,181.71870704139934,-85.5580694526129,-125.98641130256739
57.01047250907756,7.408388080670527,181.80655491195787,-78.36235022752074,-136.32737206201165
57.69273135930787,6.182128400566704,181.93254940054885,-70.93746991614906,-146.29641968549683
58.700089202725934,5.228795175593675,182.09755869791908,-63.292516016171675,-155.8697994418933
60.0285938910869,4.543795085097088,182.29909901786684,-55.43824102346744,-165.02513965211608
61.66782267964295,4.117495886624376,182.53131030476465,-47.38718531609997,-173.74150597598666
63.60091417816352,3.935299026529613,182.7850064378482,-39.153774868893805,-181.9994416049872
65.80473844269844,3.977817954666655,183.0478013435573,-30.75438630122374,-189.78099219253792
68.25020656106574,4.2211616045198355,183.3043104377274,-22.207372147174993,-197.06971482449381
70.90271739382254,4.637319728938394,183.53642470395044,-13.533040075780598,-203.8506708909083
73.72273527014005,5.194643950038397,183.72365254876067,-4.75358107873139,-210.11040334199703
76.66648854574997,5.858415592730495,183.8435224429946,4.107056646146823,-215.83689946460677
79.68677516192912,6.591488733259524,183.8720373522381,13.023349318174168,-221.01954096554235
82.73385785809926,7.354994515527565,183.78417016938658,21.968433570645868,-225.64904375596484
85.75642863935852,8.109090771368955,183.5543878767842,30.91439320381056,-229.71739035781178
88.7026196257759,8.81373941859978,183.15719106396443,39.83259058232901,-233.2177582630183
91.52103563197483,9.429493077718234,182.56765477515194,48.69403420910951,-236.14444783717678
94.16178283556867,9.918271899380969,181.7619565059694,57.46977193925085,-238.49281344813912
96.57746774854364,10.244111760039416,180.7178775363314,66.1312976568617,-240.25920140269042
98.72414142485839,10.373865764500891,179.41526467552632,74.650958141945,-241.44089798806488
100.56216539861786,10.277842365842503,177.83644087868117,83.0023463922031,-242.03609044917076
102.05697818675121,9.930365320267427,175.96655501578013,91.16066788316672,-242.04384310746016
103.17974420844894,9.31024305702789,173.7938632545149,99.10306715514557,-241.464090075202
103.90787053841143,8.40113775917628,171.30993695384515,106.80890366590037,-240.2976451794023
104.2253808654701,7.191827400605334,168.50979453604918,114.25996796049102,-238.54622882896365
104.12314020131086,5.6763570408123485,165.3919573826955,121.44063176243179,-236.21251068574858
103.59892809925924,3.8540787104602714,161.9584322523475,128.33792843339947,-233.30016618346312
102.6573622306311,1.7295821045064628,158.21462492113474,134.94156321385734,-229.81394422221845
101.30967797227353,-0.6874790745180803,154.16919159279155,141.24385557068314,-225.75974278897291
99.57337305470676,-3.382658002049652,149.8338360261571,147.23961867448244,-221.14468884327778
97.4717292096572,-6.337073856338037,145.22306123036137,152.92598336141978,-215.97721858137186
95.03322507799444,-9.527848768751355,140.35388495777357,158.30217578506216,-210.2671541556211
92.29085637198891,-12.928611208471452,135.2455280962838,163.36925925154816,-204.0257730749339
89.28138044325638,-16.510053854533865,129.91908447399942,168.12985141602888,-197.26586682893983
86.04450303530501,-20.24053382248178,124.39717962003009,172.58782810096776,-190.00178573944925
82.62202516912099,-24.086703225907726,118.70362478118766,176.74802451688362,-182.24946761544922
79.05696790959159,-28.014158381691743,112.86307109815885,180.61594369703386,-174.02644843715365
75.39269228622106,-31.988096423260735,106.9006674284746,184.19748059805647,-165.35185398352394
71.67203098781435,-35.97396858424164,100.84172399805425,187.49866868457778,-156.2463720105077
67.93644770065022,-39.93811988299303,94.71138298720916,190.52545403063678,-146.73220525162057
64.22523917849479,-43.84840532184755,88.53429641176542,193.283500155653,-136.83300612098253
60.57479436044389,-47.674772983440434,82.33431131643428,195.7780250795035,-126.5737945302144
57.01792410176964,-51.389804556313806,76.13416239535496,198.01367052509502,-115.980860669929
53.58327433714098,-54.96920387748814,69.95517269584269,199.99440189183827,-105.08165494567368
50.29483471062381,-58.39222409232165,63.81696400881248,201.72343662024875,-93.90466749479495
47.171553816298484,-61.64202407556259,57.73717983126144,203.20319789254427,-82.47929984745528
44.22707111289411,-64.70594492455162,51.73122529470249,204.43529026971328,-70.83573133836916
41.469574213874175,-67.5756977278983,45.8120300554522,205.42049383407942,-59.00478283501238
38.901788519822816,-70.24745453484661,39.98984168356455,206.15877365277828,-47.01778023259581
36.52110397409062,-72.7218355976298,34.27205840291167,206.64930185292647,-34.90641998788876
34.31984102893207,-75.00378760965309,28.66311096112698,206.890490245726,-22.702638731341434
32.285654684131586,-77.10234986682494,23.164403792054625,206.88003219073232,-10.438488720176233
30.402071721247783,-79.03030805202856,17.774325346169576,206.61495318778032,1.8539794184260787
28.649152069985256,-80.80373865460422,12.488336411409993,206.09167045848346,14.142825548783652
27.004260727032207,-82.44145081027254,7.299143379147935,205.30606247131763,26.396319753710298
25.44293197227407,-83.96433645474244,2.1969607322567253,204.25354991937127,38.58303257118613
23.939803011371513,-85.39464395026033,-2.8301363914225117,202.92919003040726,50.67191577566765
22.46958987609224,-86.75519454962367,-7.795772749529309,201.32778623632933,62.63237412803864
21.008074720123574,-88.06856495485984,-12.714754323773239,199.4440151248381,74.43432889367891
19.53307085381648,-89.35626253670658,-17.602482756828145,197.27257222299065,86.04827427382051
18.025330250563428,-90.63792223360569,-22.474319801027384,194.80833751628631,97.44532819583716
16.469358080080685,-91.9305554910447,-27.344922853249695,192.04656069803022,108.59727914318873
14.854100271405308,-93.24788161977496,-32.22757610228973,188.98306499809684,119.47663085677195
13.173473291555993,-94.59977049234284,-37.13354424925038,185.61446710048642,130.05664678892882
11.426710255567938,-95.99182248940673,-42.071476920502334,181.93840918553502,140.311396123347
9.618504057473999,-97.42510707395967,-47.04689158495694,177.9537976019428,150.21580298082597
7.758936208598739,-98.8960754400481,-52.06176090785406,173.66104117793898,159.74570010914573
5.863189152710325,-100.3966555849909,-57.11422701881369,169.06228082362927,168.87788791275852
3.9510495586543612,-101.9145302197793,-62.19846025069273,164.16160096814707,177.59019913244384
2.04621995353477,-103.43358957073407,-67.30467373557927,158.96521262690757,185.86156886307012
0.1754654897453083,-104.9345428021657,-72.4192981438945,153.48159760878983,193.6721089379699
-1.6323689338095928,-106.39566399410944,-77.52531322192505,147.72160363761697,201.0031850548943
-3.3474290897821053,-107.7936418198375,-82.60272507672812,141.69848103756692,207.83749442190344
-4.939962389808461,-109.10449671563376,-87.6291708500933,135.4278531456033,214.15914121191764
-6.381419879662673,-110.30452576943767,-92.5806259759832,128.92761475131888,219.95370677958437
-7.645499766960917,-111.37123401478448,-97.43218403727857,122.21775556630865,225.20831145294267
-8.709085615091357,-112.28421141103324,-102.15887565382859,115.32010888536595,229.9116647914988
-9.55303744512404,-113.02591749047004,-106.73649106210769,108.2580290700398,234.05410151334715
-10.162801291044802,-113.58234029086506,-111.1423711792736,101.05600507503831,237.62760082928426
-10.528811828981876,-113.9435024787456,-115.35613394408965,93.73922073645154,240.62578765582188
-10.646673016493255,-114.1037951154534,-119.36030643198316,86.33307572345738,243.04391506791447
-10.517112632128992,-114.0621278678764,-123.14083838183338,78.8626837029041,244.8788283371877
-10.145717572080644,-113.82189312930464,-126.68747899476622,71.35236618154872,246.12891191357002
-9.542467131394654,-113.39075000737843,-129.99400576311476,63.82516151681567,246.79402167300057
-8.721090720931825,-112.78024200669878,-133.05830123355412,56.302368619573045,246.87540559860827
-7.698284087782845,-112.00526909975869,-135.88228058545334,48.803143872366746,246.37561672206098
-6.492823768600918,-111.08344044221187,-138.47167933677198,41.34416778466198,245.29842257374372
-5.124622991140896,-110.0343380441153,-140.8357160606141,33.93939500261992,243.6487155411769
-3.6137734565390716,-108.87872415270633,-142.9866494681308,26.599897649052675,241.43242840156475
-1.9796164123513016,-107.63772592159313,-144.93925243580907,19.333807804417866,238.65645888576373
-0.23988330202385555,-106.33203020378792,-146.7102274600436,12.14636050320232,235.32860647725434
1.5900587218352378,-104.98111914386261,-148.31758862148897,5.040034179651835,231.4575237995638
3.497827706256281,-103.60257383715623,-149.78003451651944,-1.9852186841246695,227.0526839612579
5.474493311942648,-102.2114688818298,-151.11633489773968,-8.931661635033047,222.12436418018396
7.514876452025867,-100.81987539964064,-152.3447511340467,-15.803398958681242,216.68364497166917
9.617678943517541,-99.43648427783177,-153.48250725131697,-22.605951063966096,210.74242322889992
11.785449043661933,-98.06635522221052,-154.5453244570444,-29.345797789475622,204.3134367093314
14.024397423259433,-96.71079094457403,-155.54702789579352,-36.029907135398695,197.4102968174149
16.344085988676216,-95.36732967037256,-156.4992301293677,-42.66526627894935,190.047526173457
18.757018597947937,-94.0298433825904,-157.4110916750332,-49.25843028385435,182.24059729687818
21.27816773682048,-92.68872405951078,-158.28915503993804,-55.815101811724425,174.00596880702471
23.92447427253176,-91.33113586887922,-159.1372452158854,-62.33975256337633,165.36111583831442
26.714358178422255,-89.94130810667225,-159.95642668437372,-68.83529431606598,156.32455184768205
29.667276383736166,-88.50084187130568,-160.74500474921274,-75.30280447623005,146.91583961889796
32.803359509530566,-86.98900328603057,-161.49855756800608,-81.74130822294583,137.15558999291153
36.14315218842642,-85.3829777337283,-162.20998468176512,-88.14761673956411,127.06544762419121
39.70747207605166,-83.65806320230692,-162.86955821118235,-94.51621885398674,116.66806382992281
43.51739087106233,-81.78778652388084,-163.46496424179114,-100.83922172929833,105.98705731521935
47.59432719956777,-79.74393397883657,-163.98132427157296,-107.10633512580523,95.04696418161885
51.9602268322525,-77.49649723265838,-164.40118991877938,-113.30489321347922,83.87317912580637
56.63779133564499,-75.01354651414806,-164.70450831389013,-119.4199079352003,72.49189008556992
61.65070303766176,-72.26105477464228,-164.86856060059387,-125.43414845866252,60.93000877580394
67.02378335765567,-69.20270854579795,-164.8678815553119,-131.32824223292826,49.215099573489994
72.78301440587569,-65.79975241910007,-164.67417424117534,-137.0807944880056,37.375309059489865
78.95535153433909,-62.010923445551,-164.2562395052147,-142.6685245687657,25.439298219257445
85.56825828231013,-57.79253816413381,-163.5799456022482,-148.06641915390787,13.436178862487807
92.64890566323966,-53.09879728239374,-162.60826782109248,-153.24790404673428,1.3954552693798696
100.22299530546066,-47.88237023465835,-161.30143119513588,-158.1850377062343,-10.653028559754553
108.31319035481745,-42.09531314523469,-159.61719068661446,-162.84873088871558,-22.679136349527447
116.93716840291191,-35.69035869274583,-157.51128215766218,-167.2089975746618,-34.65248266504395
126.10534546919705,-28.622595047567383,-154.93807357475015,-171.23524266136107,-46.542473316782456
135.8183570328235,-20.85152403989423,-151.85143895769878,-174.89659162685706,-58.31834523747278
146.0644185063207,-12.343457237090494,-148.20586748750088,-178.16226646048622,-69.94920846287772
156.81672019698027,-3.074174511281246,-143.95780706847415,-181.00201058624515,-81.40409314615843
168.03103738021943,6.968264632537121,-139.06722591320107,-183.38656329228044,-92.65200465331814
179.64375141347577,17.78069838943658,-133.49935809140914,-185.28818138025372,-103.66198970677786
191.57048011444505,29.342196089773754,-127.22658045298068,-186.68120246387463,-114.40321625296178
203.70550297186205,41.611732508196305,-120.23035015606222,-187.5426407250481,-124.84506923346527
215.92213829979298,54.5263937808707,-112.5031156477734,-187.85280216968155,-134.9572637519756
228.07418564782046,68.0002982293332,-104.05010089434344,-187.5959027415747,-144.70997627998173
239.99848952523308,81.92439345677724,-94.89085444369528,-186.7606693072741,-154.0739935768348
251.51861307115203,96.1672547146355,-85.06045285249564,-185.340900785146,-163.0208779638214
262.449537214901,110.57696008550984,-74.61025312265565,-183.3359648220381,-171.52314655049403
272.6032275339695,124.98405814366615,-63.608101604235266,-180.75120465972924,-179.55446102714876
281.7948432989969,139.2055772586618,-52.137927292330076,-177.59823137480876,-187.0898237739348
289.84930689115197,153.04995733282152,-40.29867489088441,-173.8950786476778,-194.10577535432796
296.60791203984934,166.3227197635759,-28.202566099175108,-169.6662006639339,-200.5805880051254
301.9346301450327,178.8326351115616,-15.972714361771793,-164.94229862286554,-206.49444954366507
305.7217776934485,190.39810519889375,-3.7401563984886934,-159.75996746883973,-211.8296322023315
307.8947349306091,200.8534510877935,8.35959950916859,-154.16116161637285,-216.57064127040775
308.41545498879043,210.05479317902876,20.19037603038133,-148.19248626093912,-220.70433905592444
307.2845701730688,217.88522546234435,31.619321970722297,-141.9043289352851,-224.22004053787435
304.54198305567655,224.2590219270307,42.52092528304845,-135.34985381730627,-227.10957811335732
300.2659182707493,229.12466676371366,52.780862819066506,-128.58388843864037,-229.3673339933465
294.57049973480673,232.4665672415209,62.29951071428302,-121.66173842052322,-230.9902399996077
287.6020008180834,234.30538390573923,70.99495532768623,-114.6379702695589,-231.97774569698902
279.53398581718267,234.6969912721818,78.80537069063581,-107.5652047828356,-232.3317568976519
270.56161519527296,233.73015768101996,85.69066260936101,-100.4929640371272,-232.0565475425794
260.8954213066728,231.5231000531135,91.6333194333385,-93.46661320184755,-231.15864875765627
250.75487433536355,228.21912352255782,96.63845216327115,-86.5264345914043,-229.6467194667163
240.3620503745322,223.98159412469005,100.73304899794016,-79.70686566929307,-227.53140330548794
229.93568700791656,218.9885131960604,103.9645087047069,-73.03592546464029,-224.8251767148517
219.6858697960008,213.4269647093784,106.39855080714264,-66.53484549151791,-221.54219300724412
209.80953999917185,207.48769265461192,108.1166265465971,-60.21791226743831,-217.69812691424428
200.48695441019592,201.3600372038004,109.21297162359338,-54.09251943377989,-213.31002366126918
191.87916703485368,195.22741903933562,109.79144934834824,-48.159418803355415,-208.39615600707413
184.12654384948024,189.2635146487766,109.96233125768543,-42.41315186881481,-202.97589196431957
177.34826954079634,183.62921547178723,109.83915237330328,-36.84263679482553,-197.06957511664964
171.642761612355,178.4704141733658,109.53576148935785,-31.43188098208506,-190.6984186015813
167.0888740941782,173.91661515043864,109.16366494013343,-26.160786112614495,-183.88441296908243
163.74775085541594,170.08032609276296,108.82973713294517,-21.006011225401295,-176.65024728394906
161.66517679741412,167.05715464543948,108.63434465220412,-15.941859775128592,-169.01924204429417
160.87427283399802,164.9265097730383,108.66990470305389,-10.941158638145367,-161.0152917643873
161.39838582571213,163.75279136217267,109.0198745494854,-5.97610040865716,-152.6628144418672
163.25403546650767,163.58694334238692,109.75814754618898,-1.0190247729820996,-143.98670461754472
166.4537943441578,164.46824409940973,110.94881412073389,3.956880075338887,-135.01228635983227
171.00899289837412,166.42621184248864,112.64623301783826,8.976969458691315,-125.76526228142981
176.9321558996691,169.4825103822534,114.89534932325647,14.064635547916318,-116.27165463699583
184.23908983618463,173.65275102107262,117.73219102688078,19.24090451884404,-106.55773466869816
192.95055013108242,178.94809765971644,121.18447475434075,24.524135195804327,-96.64993667098543
203.09342282311707,185.3765937524779,125.27225327132422,29.929812695324355,-86.57475374230222
214.70135716074736,192.94414070102025,130.00854188186872,35.47042726983209,-76.35861288401803
227.81478396240882,201.65506733778935,135.3998673589291,41.155426147398444,-66.02772799457316
242.48025060561872,211.512239363832,141.44669109086857,46.99122468487501,-55.607930385608114
258.7489986745805,222.51666637995697,148.14366732618063,52.98126256268323,-45.12447770653999
276.67470666434826,234.6665732051021,155.47970748651562,59.12609097390269,-34.60184358628311
296.3103201814768,247.95591247618393,163.4378323335647,65.42347769028169,-24.063491859405005
317.70389859223184,262.37230818812293,171.99480523859035,71.86851839563938,-13.531640899111064
340.8934230151269,277.8944360221691,181.12055188383226,78.45374462480517,-3.02702527862668
365.90053883965527,294.4888670899956,190.77738439551064,85.16922089408004,7.431336343001821
392.72324913383227,312.10642790964613,200.91906110085776,92.00262602488901,17.826356651718434
421.3276352130872,330.6781614287809,211.48972665696036,98.9393161248676,28.143066617561118
451.63875796850976,350.11101153354747,222.42279092295155,105.96236909614674,38.36876111722325
483.5309873811875,370.28339579088333,233.63981817723433,113.05261280332074,48.49308986024431
516.8181150244341,391.0408763446718,245.04951046532074,120.18864108582757,58.508080278987805
551.2437199313156,412.1921841403267,256.5468791627399,127.34682359150149,68.40807980658467
586.4723740419104,433.5058932457397,268.01270624741466,134.50131690306108,78.18960656528506
622.0823790636066,454.70807538006886,279.3134001817955,141.62408560101923,87.85110000113607
657.5608093328254,475.48128465961713,290.3013495617653,148.68494273352985,97.39256646266735
692.3016810894478,495.46522359326616,300.8158697259773,155.65161962438182,106.81511910385039
725.6080631444454,514.2594183676857,310.6848224718586,162.48987502027072,116.12041669442925
756.6988741775826,531.4281802175619,319.726966371789,169.16365322556578,125.31001175892565
784.7209678679782,546.5080475394673,327.7550648897403,175.63530005984623,134.38462467181097
808.766883746813,559.0177900118332,334.57974213392197,181.86584415775147,143.34336656008088
827.8983408826541,568.4709138244456,340.0140329081696,187.81534927294462,152.1829396923488
841.175183281341,574.3904419459832,343.8785267311951,193.44334081891563,160.89684900863602
847.6890691573,576.3255642721875,346.0069573558585,198.70930687257186,169.4746621009033
846.6007586889297,573.8695716974745,346.25204329148465,203.57327031176916,177.90135685652578
837.1794315705323,566.6783202472793,344.4913445377529,207.9964247318745,186.15679576201518
818.8420965599881,554.4883323297986,340.6328699103775,211.94182242531642,194.2153632883552
791.190881524742,537.1335477257563,334.6201514815783,215.37509821053112,202.0457977517863
754.0458523566951,514.5597011545243,326.43650069400934,218.2652085235419,209.6112416569333
707.4710329148913,486.835336635086,316.1081766213109,220.5851612491119,216.86952507221554
651.7915039666003,454.1585768095918,303.70623139180816,222.31270861320706,223.7736855385592
587.5998491965003,416.8589470325317,289.34685026345227,223.43097343395922,230.27271601806757
515.7507750647836,375.3938015581949,273.19007200011947,223.92897845379778,236.31252021740278
437.3434248363726,330.3391979856896,255.4368553377572,223.80204960384674,241.83704310251375
353.6916855936157,282.3753957307447,236.3245444681297,223.05206703282886,246.78953438264898
266.283588644169,232.26748990636105,216.12087473941557,221.68754258318586,251.11389492583544
176.7316605135778,180.84200680066164,195.11674288897493,219.7235089809372,254.75605107077087
86.71672666009223,128.96055493126514,173.61803793342483,217.18121402893908,257.6653000089584
-2.071855675447317,77.4918235014955,151.9368838926967,214.08762211560784,259.7955709685368
-87.99629956274723,27.283330756921572,130.38267957772055,210.4747348144348,261.1065517208038
-169.52756904692023,-20.86566141959011,109.25333111099224,206.37875162129447,261.5646375845657
-245.2966023414508,-66.22873439151346,88.82705893033716,201.8391003031968,261.1436700413543
-314.1369815384348,-108.17324313904281,69.35512394977287,196.89737329962932,259.8254435552752
-375.11707119498067,-146.17668114103168,51.0557603336451,191.59621160799682,257.59997138392
-427.5603879258349,-179.8378728542305,34.1095295176503,185.97818022654644,254.46551322555484
-471.05375825053034,-208.8827164650392,18.656227291670632,180.08467933143623,250.42837868489966
-505.4436044041706,-233.1645299836603,4.793389099306978,173.9549329387578,245.5025300890561
-530.8214047528406,-252.659359674678,-7.42364565528834,167.62509205366388,239.7090156493974
-547.499955171193,-267.4568697752385,-17.980225980473364,161.1274826181981,233.07526904412342
-555.9824741070952,-277.7476304909642,-26.899618024417947,154.49002045562918,225.63431409356684
-556.9268288102116,-283.80774803573985,-34.23919803207329,147.7358064763858,217.42391341099417
-551.1072130407175,-285.98183351196195,-40.085867998788444,140.88290629513162,208.48569799297388
-539.3754933327323,-284.66529063213954,-44.550965136240706,133.9443097212282,198.86431104460436
-522.6241901261968,-280.2868249055238,-47.76493200417889,126.9280578620095,188.60659437051598
-501.7527087415822,-273.29195203327924,-49.871995146617905,119.8375192442418,177.76083988604847
-477.6380239035893,-264.12812610300017,-51.02506928037678,112.67179169797258,166.37612268312017
-451.1105902643404,-253.23193445301254,-51.3810649621679,105.4262038949573,154.5017260421786
-422.9358356905732,-241.0186304951563,-51.09673378179336,98.0928893815,142.18666316129057
-393.8012224882785,-227.87411089575008,-50.32513989203785,90.66140655324847,129.47929543366834
-364.3085542610128,-214.14929896629565,-49.21280306947648,83.11938004498796,116.42704301197305
-334.9709738892666,-200.15677830457813,-47.89751890057843,75.45314213402224,103.07618022993816
-306.2139440820201,-186.16943282632477,-46.506827826109244,67.64835662436886,89.47170621206624
-278.3794220578502,-172.42079161697347,-45.15707769048224,59.690611924008614,75.65727963250349
-251.73242493965432,-159.1067474353728,-43.95300453084039,51.56597429987715,61.67520598337152
-226.46921988090327,-146.38831243588572,-42.98774345814789,43.261496288687034,47.566465753889794
-202.7264487762053,-134.39508892867713,-42.34317506541839,34.76567870378192,33.37077246611902
-180.59059770997243,-123.22916155173002,-42.09051199420776,26.068887424814434,19.12665042552614
-160.10733338300716,-112.9691549811761,-42.29103409172923,17.163728071522918,4.871523198901729
-141.29034200535335,-103.67424367637443,-42.996887948885814,8.045382698138027,-9.358194877471288
-124.12941239635546,-95.38794333606951,-44.2518765268393,-1.2880871845090525,-23.527010519143207
-108.5975986892801,-88.14155483869243,-46.09217617927878,-10.83546757588956,-37.60027168469019
-94.65737588798005,-81.95716849528584,-48.54693093899901,-20.592146560003926,-51.54409992327787
-82.26576241446216,-76.8501683750281,-51.638686913046286,-30.549895932603807,-65.32533750785812
-71.37842820418946,-72.83120294640177,-55.383642636388544,-40.69668150032571,-78.91151093846504
-61.952836520982096,-69.90760959017689,-59.79170402325208,-51.01650599439777,-92.27081147743917
-53.950484910051486,-68.08429740032213,-64.86634498261452,-61.489290811950056,-105.3720925781999
-47.338318412254196,-67.36410608372127,-70.6042867391632,-72.0908048127087,-118.1848833903272
-42.08938924126158,-67.74766980446888,-76.99502034272987,-82.79264996711505,-130.67941696403392
-38.182834356472675,-69.23282457991051,-84.02020764256312,-93.5623146010067,-142.82667133259017
-35.603238222423286,-71.81360727419661,-91.65300596279161,-104.36330516965873,-154.59842132187205
-34.33944459147882,-75.47890407206376,-99.85737056313918,-115.15536681446088,-165.96729871942767
-34.38287995941084,-80.21081697018334,-108.5873963206991,-125.89480134940467,-176.90685833069935
-35.725453478653684,-85.98282836462243,-117.78676544509177,-136.5348887866004,-187.39164745572313
-38.357104085442565,-92.75785593435128,-127.38837088951743,-147.02641509222354,-197.39727643028544
-42.26307537327782,-100.48630204486078,-137.31418486693667,-157.31830468203327,-206.90048808530057
-47.421011761593384,-109.1042128058144,-147.4754379799549,-167.3583513939489,-215.87922427434145
-53.79798469896798,-118.53167042213215,-157.7731664864352,-177.09403654587015,-224.3126879862394
-61.34757349193259,-128.67154711473518,-168.0991728973766,-186.47341747941994,-232.18139997726374
-70.0071399887452,-139.4087481461943,-178.33742844592305,-195.44606501587305,-239.4672493001635
-79.69544765832445,-150.61006397401596,-188.36592531105438,-203.9640238377849,-246.15353754950226
-90.3107813890476,-162.12473616313866,-198.0589625305849,-211.98276627991038,-252.22501705494247
-101.72972250083427,-173.7858177801446,-207.28982338446772,-219.462107659846,-257.66792361022465
-113.80672224891507,-185.41237655205504,-215.9337751167088,-226.36705034265168,-262.47000460090237
-126.37459527951943,-196.81254884694053,-223.87129593144869,-232.66852438290056,-266.62054356990984
-139.2460216148061,-207.7874060905306,-230.99141116289084,-238.3439948977663,-270.11038232488164
-152.21610226648482,-218.13554496160515,-237.1950023320577,-243.3779102689355,-272.931941640682
-165.0659610153492,-227.65826172565255,-242.39794127812536,-247.76197071445588,-275.07924145012987
-177.56732581410387,-236.16512302609829,-246.5338981769932,-251.49520347384467,-276.5479211584818
-189.4879612119469,-243.47970428048203,-249.55667802943896,-254.58383847937625,-277.3352603840344
-200.59776246308866,-249.44523637558635,-251.44195546803172,-257.0409865383033,-277.4402000452113
-210.67526732164865,-253.92988502030565,-252.18830211686762,-258.88613027446667,-276.8633633144135
-219.51429774439754,-256.8313874672091,-251.81743309927236,-260.14444590813133,-275.60707557315806
-226.93041521008266,-258.0807897565361,-250.37363776801303,-260.84598094274077,-273.67538216264103
-232.76686363383874,-257.6450641636489,-247.9224018797644,-261.02471858074045,-271.07406245654806
-236.89968511766585,-255.52843960216194,-244.5482713926208,-260.71756389025813,-267.8106386106698
-239.24172661893385,-251.77234430836864,-240.35204880993274,-259.9632891747836,-263.8943772816211
-239.74530881590266,-246.45393585174602,-235.4474486005031,-258.8014765588896,-259.3362826613929
-238.4033989673918,-239.68327304942954,-229.95736613174165,-257.27149451470217,-254.1490793441016
-235.24921274401794,-231.59926185999228,-224.00993279155347,-255.4115420522802,-248.3471838165396
-230.3542599291761,-222.36457695510305,-217.7345373496941,-253.2577898201314,-241.94666372814223
-223.8249388828906,-212.15981713783614,-211.2579897971767,-250.84364172905794,-234.96518452681264
-215.7978679238181,-201.17719187210287,-204.70098946583693,-248.19913429726327,-227.4219435181195
-206.43421200540354,-189.6140551458576,-198.1750355490674,-245.35048411743358,-219.33759188903466
-195.91331502503465,-177.6666006543147,-191.77988726584545,-242.31978706418562,-210.73414570545847
-184.4259781691069,-165.52400958403777,-185.6016453419624,-239.1248664602378,-201.6348873192737
-172.16773111989158,-153.36330150429455,-179.71148895484905,-235.77926171666948,-192.06425898308345
-159.33242601074076,-141.3450838322781,-174.16506550600303,-232.2923442030407,-182.04775075189417
-146.1064459303334,-129.61033083532035,-169.0024969976084,-228.6695434538717,-171.61178493826344
-132.66376442365996,-118.27825448407062,-164.2489384068599,-224.91266436403208,-160.7835994757226
-119.16202492868264,-107.44526199952485,-159.91560170988834,-221.02027477262538,-149.59113253411675
-105.73973523686168,-97.18493349461873,-156.00114490667647,-216.988142717029,-138.0629106255621
-92.51459782291016,-87.54890168149134,-152.4933187006068,-212.80970353151358,-126.22794225142157
-79.5829277944302,-78.56847702939282,-149.37076397074685,-208.47653869873199,-114.11561888163494
-67.02005093755157,-70.25683755161435,-146.60485994264764,-203.9788507392851,-101.75562474427834
-54.88152834372475,-62.61159280564122,-144.16153476840458,-199.305921233058,-89.17785655080877
-43.20502345623262,-55.617535753600166,-142.00296562114355,-194.44654209445753,-76.41235390703659
-32.012612694848485,-49.24941192677582,-140.08911288662847,-189.3894132738851,-63.48924077614523
-21.313341381206545,-43.47456025354501,-138.3790511557504,-184.12350295249553,-50.43867797927436
-11.10584064691255,-38.25531095047557,-136.8320772155298,-178.63836888849724,-37.290826351985764
-1.38084567703228,-33.55105997148977,-135.40859107169857,-172.92444174595835,-24.07581982767505
7.876512167505062,-29.31997377844489,-134.070759458949,-166.9732729104122,-10.823747397006297
16.684730452293348,-25.52031016167941,-132.78298183948021,-160.7777504248059,2.435357400342496
25.064331815591785,-22.111368567752066,-131.5121863610525,-154.33228725224694,15.671521057147032
33.03664961097284,-19.054105568705015,-130.22798768357487,-147.63298610820476,28.854830585905727
40.62299034624655,-16.311467042597855,-128.90274021992045,-140.67778465205544,41.955431933763066
47.84413492003865,-13.848498212163467,-127.51151954125821,-133.46658395748565,54.94352849427253
54.720122168017696,-11.632296278319853,-126.03206192547316,-126.00136198613612,67.78938198154229
61.27024685538572,-9.631868730751954,-124.44468777447415,-118.28627237679831,80.46331797279923
67.5131997280026,-7.817954509088139,-122.732229386463,-110.32772735304373,92.93573839774074
73.46727884254905,-6.162856145176441,-120.87997780675816,-102.13446207121335,105.17714314836567
79.15060809684066,-4.640319978234309,-118.87565760671299,-93.71757640362476,117.15816279307924
84.58130944166146,-3.2254895736432942,-116.70943280181868,-85.09054909959823,128.84960409384686
89.77758837454232,-1.8949455354604297,-114.37394199478209,-76.26921859678643,140.22250964502607
94.75770672849706,-0.6268337536016233,-111.86435642555482,-67.27172455659091,151.2482324755123
99.53983132353522,0.5989256466451636,-109.1784510734785,-58.11840453305052,161.89852589251473
104.1417607693644,1.800364389409225,-106.31667637466913,-48.831641086395194,172.14564820914882
108.58054481783982,2.993148917372885,-103.28221653156511,-39.43565611507695,181.96248131278952
112.8720206038337,4.190245747973556,-100.08101980147762,-29.956251159081063,191.32266132757363
117.03029753016153,5.401596961269625,-96.72178652506895,-20.420494837491734,200.2007189378025
121.06722728036894,6.633833534536244,-93.21590193589631,-10.856361300800913,208.57222631184266
124.99189748072163,7.8900526400450985,-89.577302896768,-1.2923264466863067,216.41394703979506
128.8101870062401,9.169681991449465,-85.82227053748565,8.243068515625481,223.7039851144979
132.52441806540014,10.46845011646812,-81.9691442014535,17.721673958693664,230.42192878088787
136.1331353072802,11.778476307684599,-78.03795600750911,27.116194810188805,236.54898507984456
139.63103562758528,13.08848821383799,-74.04998954193528,36.400643651948265,242.06810113625076
143.00906449544598,14.384168830139856,-70.02727053811684,45.550767174380525,246.96406868723724
146.25468588898863,15.648628269712589,-65.99200168644046,54.54442927080435,251.22360900099795
149.3523237357604,16.862989389459116,-61.96595773814731,63.36193503777798,254.83543616812932
152.2839635289395,18.007070341733126,-57.9698606091267,71.98628184890141,257.79029770919766
155.02989395452795,19.060141668281403,-54.02275703818839,80.4033264192908,260.08099247618645
157.56956033248048,20.001730885460702,-50.14142330285762,88.60186024093518,261.7023668639881
159.8824948382886,20.812443862578647,-46.3398223630449,96.57358975607576,262.6512913211485
161.9492831910414,21.474769886192107,-42.628638444533195,104.31302191432866,262.9266199888501
163.7525240783117,21.97383631973635,-39.01491239948193,111.81726007209944,262.52913694383784
165.27773627636947,22.2980793508453,-35.5017981679775,119.08571927630013,261.46149292886247
166.51416936671785,22.439799546149047,-32.0884563681585,126.11977357860968,259.7281365949786
167.4554771882377,22.39557480227552,-28.77009560572931,132.92235093536428,257.33524414619336
168.10021861894245,22.166508697823616,-25.538165744443702,139.4974932942827,254.2906508824582
168.4521577434077,21.758299020499166,-22.38070042527511,145.8499005478267,250.60378751609034
168.52034459458488,21.181119075331864,-19.28279893661889,151.98447710624225,246.28562334152497
168.31896800950722,20.44931289562348,-16.227230535809014,157.90589894389623,241.3486174332353
167.86698316091912,19.580914231594335,-13.195137934671294,163.6182171959858,235.80667810414155
167.18752741287875,18.597007695345013,-10.166811301899244,169.12451187911955,229.67512994936007
166.30714866709513,17.520958199929225,-7.122500166466892,174.4266062689406,222.97068699534032
165.25487970808396,16.377541378812637,-4.043228312951328,179.52484910368048,215.71142982940194
164.06119967374923,15.192012607968095,-0.9115763184522905,184.41796831437733,207.91678414009672
162.75692923351136,13.989155271251022,2.2876021527812185,189.1029966191741,199.6074978791435
161.37210904542874,12.792349826357196,5.566560882557198,193.57526624501486,190.80561426467665
159.93491144356693,11.622703996051257,8.934164116397852,197.82846740407086,181.53443806985044
158.47063310189725,10.498281119765977,12.395531474669795,201.85476305961578,171.81849305166838
157.00081181946254,9.433458578297333,15.951836999854677,205.64495102728685,161.68346892956228
155.5425039080793,8.438441586882917,19.600266951033916,209.1886635874944,151.15615697389813
154.10775038959574,7.518949962388504,23.3341333341371,212.4745945078086,140.2643739577439
152.70325085660033,6.676087183847031,27.143133000130135,215.49074363148407,129.03687491044766
151.33025398898369,5.906392672828332,31.01373585931379,218.22466989502144,117.50325574403128
149.98466391589156,5.202070191428291,34.9296806776117,220.6637446934008,105.69384736444817
148.65735239360058,4.551378009523205,38.87255326956869,222.79539880778248,93.63960330427045
147.33465858427243,3.9391603698161504,42.82241980454052,224.6073575392304,81.37198320395413
145.99905141885188,3.347495024370801,46.75848740795841,226.0878601524333,68.92283462080376
144.62992434578962,2.7564283708501733,50.65976517587302,227.22586113597498,56.32427566316999
143.20448882299402,2.1447680173314296,54.505700948826764,228.0112120563757,43.608580842371
141.69873120686245,1.4909023918157231,58.27677246128393,228.43482386397648,30.80807232647102
140.0883976307958,0.7736181444570605,61.95501550420643,228.48881035933496,17.955018485625615
138.3499728649179,-0.0271116384944321,65.52447619784637,228.1666141248571,5.081541263593447
136.461621766234,-0.9293922282832483,68.97157906156158,227.46311655935204,-7.780466487569091
134.40406548466285,-1.948745090862019,72.28540700312652,226.37473372823015,-20.59941299260907
132.16136879187408,-3.0975346694011563,75.45789338740909,224.89949957688617,-33.34406856605734
129.72161946039893,-4.384495781207519,78.48392979322092,223.0371376780923,-45.983615781098266
127.07748527887875,-5.81436918932242,81.36139579503401,220.7891221342345,-58.48768932321229
124.22663882260744,-7.387649104212102,84.09111904358666,218.1587275785449,-70.8264064342108
121.17204433110834,-9.100443002810408,86.67677505562422,215.1510674696207,-82.9703891973609
117.92210485245273,-10.944441303686105,89.12473650110618,211.7731191094437,-94.89078022102532
114.49067112510991,-12.90699214318262,91.44388148608085,208.03373309910958,-106.55925354359097
110.89691645869901,-14.971274749177198,93.64536949497463,203.94362434224763,-117.94802279655212
107.16508416312715,-17.11656366115183,95.74239242658223,199.5153412752063,-129.02984882079807
103.32411591283466,-19.318575223892083,97.7499066949806,194.76320980208612,-139.77804902392705
99.40717089426269,-21.54988729487731,99.68435083200596,189.7032484891007,-150.1665107839353
95.45104675770634,-23.7804228513252,101.56335157537922,184.3530519606096,-160.16971114050602
91.4955143696964,-25.977988061317106,103.40542018931674,178.7316401561277,-169.76274485855419
87.58257922122264,-28.108855303696743,105.22963984985225,172.85927215014337,-178.92136269678534
83.75568315715142,-30.1383815094903,107.05534440931328,166.75722457873354,-187.62202136398534
80.0588608973444,-32.03165200191447,108.9017887707169,160.44753630856115,-195.8419461998936
76.53586663729405,-33.7541397077383,110.7878114534921,153.95272275075615,-203.55920708655103
73.22928683460901,-35.27236920216935,112.731490679232,147.29546506999898,-210.7528074924
70.17965606792673,-36.55457456218967,114.7497963797854,140.49828135580998,-217.40278589873338
67.42459353338397,-37.57133949245395,116.85824183144143,133.58318848740907,-223.4903281824415
64.99797823796865,-38.296207725356496,119.07054002943596,126.57136481119305,-228.9978888631114
62.92918116551046,-38.70625136634658,121.39827130652569,119.48282474466048,-233.9093185016672
61.242372533448886,-38.7825847449918,123.85056993627072,112.33611692144744,-238.20999399847585
59.95592163845219,-38.51081152511346,126.4338384223339,105.14805742445824,-241.8869481162292
59.08190563430219,-37.881393394961194,129.1514987536563,97.93350897611874,-244.92899427800057
58.62574184937222,-36.88992965242083,132.0037900209761,90.70521566322049,-247.3268425880684
58.58595591871321,-35.53733844701491,134.98762139353641,83.47370090798029,-249.07320310786517
58.954095098334506,-33.82993233718503,138.09648853165157,76.24723403590083,-250.16287269665304
59.71479270632288,-31.779383134466165,141.3204600825206,69.03186805226636,-250.59280218943562
60.84598579285618,-29.40257367265832,144.64623902919712,61.83154826977056,-250.3621413146477
62.319284007615714,-26.72133707014487,148.05730142168605,54.64828839687723,-249.47225952173383
64.10048336299039,-23.762087136350125,151.5341125243362,47.482407776572344,-247.92674175488892
66.1502143559162,-20.55534668366454,155.05441779065796,40.33282082885485,-245.73135912816403
68.42470988846644,-17.135183512008823,158.59360345826374,33.19736755249528,-242.894015379103
70.87667479112564,-13.538566604375305,162.1251190743786,26.073172308181192,-239.42467085287666
73.45623566265222,-9.804657486919226,165.6209520382054,18.957017124357098,-235.33524654927538
76.11194733174094,-5.974053662090228,169.05214238547634,11.845715484654452,-230.63951140984253
78.79183062163932,-2.0880024352833715,172.38932462578575,4.736472970331343,-225.35295649976572
81.4444153253462,1.8123957317789348,175.60328253160603,-2.3727778022488906,-219.49266002766282
84.01976240072064,5.686975021754591,178.66550239833984,-9.48307887569546,-213.0771472370415
86.47044035560845,9.497264336998754,181.54871044868386,-16.594194121490204,-206.12624909916715
88.75243255690603,13.207201805683347,184.22738071707386,-23.70440833801296,-198.66096345321967
90.82595467326075,16.783787451979144,186.67820087329392,-30.810382179639102,-190.703321800929
92.6561645287767,20.19765980574426,188.8804849616385,-37.907064264195206,-182.27626440226686
94.21375016229078,23.423584641207604,190.81652386242334,-44.987659386646754,-173.40352567454485
95.47538569878773,26.44084671585758,192.47186633626535,-52.043649605534675,-164.1095312101573
96.42404858574224,29.23353821949484,193.83552569462447,-59.06486316328733,-154.41930703877355
97.04919567168699,31.79074052880437,194.90010935996844,-66.03958481855526,-144.35840110564845
97.3467993623508,34.10659868932746,195.66187074853354,-72.95470024340545,-133.95281635155223
97.31924855431052,36.1802907184305,196.12068495018883,-79.79586667529679,-123.2289542877051
96.9751221146811,38.0158962581842,196.2799515283639,-86.54770198842581,-112.21356757941777
96.3288452711163,39.62217124054967,196.14642936770187,-93.19398471442994,-100.9337198953344
95.4002413523508,41.01223701292854,195.7300098237453,-99.71785823216045,-89.41675114774519
94.2139928573092,42.20319378357069,195.04343545965952,-106.1020332823355,-77.69024623866386
92.79902683897913,43.21566927644335,194.1019723875259,-112.32898406185066,-65.78200552535456
91.18784010171916,44.07331414568832,192.9230446791334,-118.38113432933557,-53.72001541179529
89.41577977996629,44.80225601759238,191.5258394982586,-124.2410311294316,-41.53241773977146
87.52029456084675,45.43052404330948,189.93089156838656,-129.89150484690467,-29.247476973238445
85.54017121007118,45.9874556074387,188.1596553684575,-135.31581527399177,-16.893544519798645
83.51477023957277,46.503096399681304,186.23407308920946,-140.49778417023234,-4.499019891480264
81.48327359526272,47.00760447431732,184.17614592956332,-145.42191538192202,7.9076912474066825
79.48395621368186,47.530668246242335,182.00751580736468,-150.07350395291348,20.298221783427323
77.55349225634421,48.10094764784735,179.74906403753135,-154.43873579759858,32.64428997970269
75.72630582401337,48.7455469333603,177.4205330204491,-158.50477943205422,44.91774758959068
74.03397500652899,49.489526889885404,175.04017650102367,-162.25987099413535,57.09062828797285
72.50469724743431,50.3554635089355,172.62444351127348,-165.6933933604721,69.13519539023916
71.16282318843935,51.3630594870746,170.1877006916593,-168.79594962989265,81.02398784843969
70.02846538500381,52.52881424695288,167.7419972848812,-171.55943063562253,92.72986361135858
69.11718751656916,53.86575747842536,165.29687668805025,-173.97707552406825,104.22603960587789
68.43977891067019,55.38325046459707,162.85923800680902,-176.04352384806424,115.48612783287523
68.00211831353796,57.08685864806372,160.4332505473117,-177.75485711825488,126.48416736065712
67.80512982550007,58.97829797665691,158.02032357789267,-179.1086273846891,137.1946523280387
67.84483273902654,61.05545651932404,155.61913296514746,-180.10387022196406,147.59255642039568
68.11248564268467,63.31249164340531,153.22570541904145,-180.74109949647342,157.65335463583386
68.59482357254282,65.74000168812081,150.83356005893563,-181.02228152275177,167.35304349399064
69.27438520968508,68.32526956467414,148.43390584047398,-180.95078667328127,176.66816113522302
70.12992516416912,71.05257408563678,146.01589207926256,-180.53131718305966,185.57580899173672
71.1369042997367,73.90356311743186,143.56690790424767,-179.7698107616113,194.05367686491803
72.26804890788091,76.85768091809057,141.07292501888034,-178.673320650516,202.08007329803436
73.49396742024769,79.89264033965492,138.5188767019372,-177.24987388969555,209.63396307807074
74.78381135524994,82.98492902351994,135.88906461310876,-175.5083107148949,216.69501352781148
76.1059654360154,86.11033738484352,133.1675837573808,-173.45810912890343,223.24365095880648
77.42875040237583,89.24449515624116,130.33875498493273,-171.10919969381973,229.26112825422516
78.72112107321465,92.36340262170731,127.38755373282827,-168.47177640701864,234.72960405184736
79.9533417863461,95.44394248527936,124.30002341412457,-165.55611008355223,239.63223342269032
81.09762151970892,98.46435863305166,121.06366197669902,-162.3723709193862,243.95326931754397
82.12869181940346,101.40468888360925,117.6677707143206,-158.9304668184546,247.67817341436273
83.02431213386862,104.24714017487776,114.10375541925353,-155.23990361876182,250.79373437956
83.7656892499977,106.97639646882521,110.3653713953264,-151.30967255895285,253.28819099216923
84.337800180007,109.57985190315475,106.44890565344741,-147.14816922181066,255.15135710633635
84.72961095776805,112.0477642890897,102.35329171466374,-142.76314683149846,256.37474507551207
84.93418724030676,114.37332683168577,98.08015475515154,-138.1617052431572,256.9516840553446
84.94869622267944,116.55265880451616,93.63378723455297,-133.35031533578228,256.87742955801576
84.7743029981319,118.58471870782681,89.02105753869375,-128.334876898985,256.14926075490064
84.41596796217458,120.4711460437263,84.2512564228407,-123.12080658784396,254.76656231366917
83.88215500974769,122.21604013062364,79.3358880551623,-117.7131511971447,252.73088799619762
83.18446296667389,123.82568624723524,74.2884141378164,-112.11672045288589,250.0460038121121
82.33719481468492,125.30824076531576,69.12396085241683,-106.33623279141507,246.71790918840895
81.35688073206714,126.67338775151916,63.85899919087572,-100.3764672289373,242.7548353425897
80.26177173465868,127.93197977629171,58.51100957061609,-94.24241442504211,238.1672207953003
79.07132076043885,129.09567537847647,53.09814150394219,-87.9394203976238,232.96766468944278
77.80566742840902,130.176584844845,47.63887852810714,-81.47331701506991,227.1708592589316
76.48514148636872,131.1869347462012,42.15171766142382,-74.85053431785232,220.7935033786758
75.12979823885794,132.13876011755642,36.654871405989,-68.07819083602978,213.85419960340556
73.75899713178057,133.04363138231312,31.16599885289134,-61.1641592938264,206.3733374474513
72.3910322929892,133.9124212076095,25.701970852262786,-54.11710634876603,198.3729658626188
71.04282132006529,134.75511454504644,20.278672576439803,-46.946506226571415,189.87665793629344
69.72965609442087,135.5806632539126,14.91084521199378,-39.66262921888146,180.9093707638707
68.46501699994697,136.3968850044412,9.61196703745216,-32.276506957534906,171.49730326516925
67.26044973135316,137.21040467991844,4.394172833885712,-24.79987712998164,161.66775443171554
66.12550196775622,138.0266352821401,-0.731790523071183,-17.245110835865024,151.44898413645515
65.06771561239844,138.84979441762735,-5.756575305405221,-9.625126101403492,140.87007823490052
64.09266908683168,139.68295180562774,-10.672214646726111,-1.9532911764111986,129.96081926201825
63.20406332216143,140.52810288950798,-15.472078751264235,5.756678837764481,118.75156360917676
62.403844594903184,141.38626352288168,-20.150809789776744,13.490828711159542,107.27312566905748
61.69235717814102,142.2575808023876,-24.704239652833138,21.235070186027233,95.5566690845014
61.068518874694874,143.14145538570642,-29.129294555390047,28.97528690385368,83.63360494128291
60.53001281442562,144.03667101833298,-33.423890191364194,36.697435063864745,71.53549651556465
60.07348937526125,144.94152744877962,-37.58682076162475,44.38763817584785,59.293970028313964
59.694772669927545,145.85397339564395,-41.61764477976056,52.03227469686912,46.94063077084957
59.389066674160674,146.7717367034619,-45.51657012960142,59.61805771327211,34.506983946112
59.15115671063833,147.69244925742572,-49.2843404354509,67.13210612989961,22.024359610449185
58.9756026078962,148.61376459811552,-52.922124431748585,74.56200704802879,9.523841193026456
58.856920397294886,149.53346647400593,-56.431409699665984,81.89586915114322,-2.9638027975248784
58.78974987696482,150.44956678828456,-59.81390188309016,89.12236697825392,-15.408184110207156
58.769005753633216,151.36039154250886,-63.07143030805432,96.23077595923093,-27.779357188708595
58.790010376143506,152.26465346585707,-66.2058608053072,103.21099803206076,-40.04787858997688
58.84860631206675,153.16151006421632,-69.21901646621583,110.05357757717893,-52.18486310271601
58.94124721257434,154.05060585225644,-72.11260703488651,116.74970731177669,-64.16203614550213
59.06506558772534,154.93209757101266,-74.8881676375741,123.29122370987095,-75.95178192167745
59.21791630429954,155.8066612712371,-77.54700755499343,129.67059147443234,-87.52718674946279
59.39839485183818,156.67548028593984,-80.09016973464247,135.88087660693887,-98.86207698016096
59.605829727367215,157.54021334737163,-82.51840169888638,141.9157077139121,-109.93105096798013
59.84024868807547,158.40294244213987,-84.8321384134384,147.76922537233824,-120.70950466454157
60.10231912903468,159.2661004534446,-87.03149752626163,153.43601965248044,-131.1736505788763
60.39326346444748,160.13237921216472,-89.11628716009514,158.91105626682202,-141.3005300633997
60.714751119411666,161.0046192591155,-91.0860261408263,164.1895922697161,-151.06801915161478
61.06876955514575,161.88568338779532,-92.93997617336144,169.2670827566608,-160.45482847082747
61.45747762200992,162.77831685797997,-94.67718504936786,174.13908058100682,-169.4404980688024
61.88304541815672,163.68499800310855,-96.29653950718597,178.80113168717483,-178.00538830938874
62.3474856734205,164.60778374716833,-97.79682589020075,183.24866921583637,-186.13066828902885
62.852482419351546,165.5481552438548,-99.17679629816561,187.4769100262366,-193.79830348254515
63.3992232843699,166.50686939351954,-100.43523753155806,191.4807576616046,-200.9910445237244
63.98824210852487,167.4838223263813,-101.57103982800975,195.25471601438707,-207.69241914381521
64.61927865334229,168.4779310154089,-102.58326221536866,198.79281799335973,-213.8867293147644
65.29116194806451,169.48703896191194,-103.47119128602256,202.0885733274301,-219.55905556218244
66.00172324259034,170.50785136115906,-104.23439035081151,205.13493924544608,-224.69527021975048
66.7477436264628,171.53590430211193,-104.87273626640564,207.92431714613429,-229.28206109410914
67.5249401434246,172.56557140456067,-105.38644174279143,210.44857753114178,-233.3069666041504
68.32799272689812,173.59010989035332,-105.77606160886779,212.6991144470053,-236.75842296714453
69.15061256829765,174.60174648422662,-106.04248231279455,214.66692951348705,-239.6258234475971
69.98565069372214,175.59180182428693,-106.18689481591471,216.3427443638666,-241.89958909013654
70.82524366279465,176.55085032382073,-106.21075195265112,217.71713905467317,-243.5712497568149
71.66099152256274,177.4689107638851,-106.11571221613542,218.78071279008708,-244.63353371437128
72.4841615556267,178.3356614089657,-105.90357273162866,219.52426222214493,-245.08046350160052
73.28591005136505,179.14067221603833,-105.57619484279442,219.93897169843893,-244.9074553810268
74.05751338612322,179.87364582835346,-105.13542621256626,220.01660919061086,-244.11141936812442
74.7905991815843,180.52465856459276,-104.58302359686195,219.74972129071216,-242.69085665449273
75.47736825455371,181.08439256347972,-103.92058046656885,219.1318206313993,-240.64595120944747
76.11079848102196,181.54435062795858,-103.14946342850544,218.1575593729982,-237.97865245961196
76.68482254601527,181.8970461071296,-102.2707609448855,216.82288298782623,-234.69274620133322
77.19447278707818,182.1361613099293,-101.28524720312429,215.12515942364652,-230.7939112809216
77.63598788531803,182.25666938970932,-100.19336318804842,213.06327979079316,-226.28976005994105
78.0068779203086,182.25491628598888,-98.99521610990989,210.63772792689414,-221.1898612394426
78.30594617936194,182.12866106128894,-97.69059740244144,207.85061747755353,-215.50574421555433
78.53326798972849,181.87707472647554,-96.27901858504761,204.70569641749648,-209.25088474732792
78.69012862289028,181.50069931267126,-94.75976343643333,201.2083201548858,-202.44067230342546
78.77892391205111,181.001370436534,-93.13195420092875,197.3653954502379,-195.09235998840924
78.80302855472577,180.38210785065942,-91.39462897894718,193.1852982913688,-187.22499840866686
78.7666380905703,179.6469794237808,-89.54682706188149,188.67776956220936,-178.85935520279563
78.67459122158894,178.80094462937728,-87.5876787684776,183.85379280761163,-170.0178222222262
78.53217947359238,177.8496839319277,-85.5164963189903,178.72545862548597,-160.72431249926672
78.3449512005787,176.79942046233697,-83.33286242915953,173.30582022373648,-151.00414918451742
78.1185166433963,175.65674010098172,-81.03671359171624,167.60874448710783,-140.8839485830562
77.85836022015945,174.42841558427318,-78.62841540578188,161.64876254201258,-130.3914992801565
77.56966550689862,173.1212395732644,-76.1088277782012,155.44092332648353,-119.5556391420607
77.25715752601829,171.74187082965352,-73.47935831810145,149.00065311056517,-108.4061317225501
76.92496605870309,170.2966967936805,-70.74200274305568,142.3436233129137,-96.97354332237545
76.5765127923675,168.79171500410473,-67.89937158212719,135.48562836216016,-85.28912165658063
76.21442425334337,167.23243498898307,-64.95470287459713,128.44247479087838,-73.38467679990654
75.8404716948457,165.62380152399948,-61.91186090805056,121.22988225390392,-61.292464821635555
75.45553843520574,163.97013952813072,-58.775321307192,113.86339675035886,-49.045074298721794
75.05961458239008,162.27512035823312,-55.55014297568109,106.35831601158625,-36.675315720253025
74.6518186371555,160.54174887762065,-52.24192751354044,98.72962679852668,-24.216113674381255
74.23044512687723,158.77237040140335,-48.85676679452002,90.99195372710298,-11.700401640796786
73.79303716454237,156.96869644765948,-45.40117940814997,83.15951919870284,0.8389807993862632
73.3364826258831,155.1318481261634,-41.88203666855632,75.24611403802439,13.36938848509727
72.85713246162871,153.262415948932,-38.30647888773542,67.26507851282604,25.85846899121043
72.35093948049968,151.3605348207696,-34.68182262399094,59.2292935062675,38.274258678730675
71.81361572282614,149.425972935096,-31.015459665589262,51.1511817095713,50.585276268114036
71.24080627024301,147.45823323451424,-27.31474861008401,43.042718776722886,62.76061355715948
70.62827698648849,145.4566659752162,-23.586900062023226,34.91545441290035,74.7700227334269
69.97211324914723,143.42059074350902,-19.838856702212077,26.780543336071926,86.58399956847329
69.26892621387321,141.34942600296517,-16.077169779415414,18.648785942709637,98.17386164038453
68.51606256360859,139.24282390190842,-12.307873934660208,10.53067831659451,109.51182062470255
67.71181305924162,137.1008076519377,-8.536362675533795,2.436470942288894,120.57104763354474
66.85561455946583,134.9239083173114,-4.767267253275257,-5.6237648713352755,131.3257305785427
65.9482395600964,132.71329735942055,-1.004342133661524,-13.640064273155357,141.7511225929976
64.99196676839586,130.47091079563742,2.7496393385568183,-21.602491737617513,151.82358067731099
63.99072583244592,128.19956039968025,6.492975137315916,-29.501061876970073,161.5205939307349
62.95020914734634,125.90302703771215,10.225106428748298,-37.32566101486862,170.82080099920458
61.87794371492919,123.58613104922134,13.946666833539322,-45.065972737003996,179.7039966965119
60.78331639083164,121.25477459108599,17.659504867016977,-52.71141093281682,188.15112813281098
59.67754655060665,118.91595110885739,21.366675630341014,-60.2510640012749,196.14428109452405
58.57360126786022,116.57771761392875,25.07239834118349,-67.67365387733551,203.6666578432519
57.48604952603501,114.24912624862752,28.781977050236264,-74.96751331742857,210.70254791528106
56.430853763138884,111.94011271716832,32.50168288894319,-82.12058444537082,217.23729388272494
55.42509913299359,109.66134053353912,36.238597415955084,-89.12044090213317,223.2572543566669
54.48666319120047,107.42400165231594,40.0004180417701,-95.95433507740292,228.7497667475073
53.63383118946817,105.23957584903602,43.79522806109023,-102.60927085724958,233.70311242653884
52.884864679624876,103.11955312791154,47.631235445214614,-109.07210114711134,238.1064869388356
52.25753356526755,101.07512536520107,51.51648616349722,-115.32964818262853,241.949977790352
51.768623963792194,99.11685524386705,55.45855932651589,-121.36884339450025,245.2245520688286
51.43343612372103,97.25433219145533,59.464252783732704,-127.17688242484859,247.9220557641706
51.265288060120476,95.49582639232823,63.53926887776173,-132.74138988088077,250.03522614354904
51.27504142008272,93.8479529106843,67.68791077696048,-138.05058763032463,251.557717931849
51.47066629198953,92.31535845210053,71.91280011486823,-143.09345995470073,252.48414337866367
51.85686118022465,90.90044325187345,76.21462651613345,-147.8599087269899,252.81012559359854
52.43474317137376,89.60312997993184,80.59193896597338,-152.34089199386716,252.5323638401818
53.20162144863064,88.42069039820589,85.04098789362885,-156.5285399204138,251.64870883384512
54.15086483629989,87.34763883355566,89.55562532661648,-160.41624297243607,250.15824552788638
55.27187107948001,86.3756994055428,94.12726859562378,-163.99870842002022,248.0613804251039
56.55014221843728,85.49385146908885,98.74493091567088,-167.27198267684537,245.35993014715876
57.96746685655692,84.68845501430405,103.39531984074438,-170.23343855793107,242.05720784522455
59.502206510950096,83.94345494059928,108.06300220046694,-172.88172814970363,238.15810405104756
61.12967974213322,83.24066032582647,112.73063179451648,-175.216703543299,233.66915874390986
62.82263454050483,82.56009217609768,117.3792339551423,-177.239309092581,228.59862173323737
64.55179664089653,81.88039078864614,121.98853918952376,-178.9514500415234,222.95649890722785
66.28647915270848,81.17927188919765,126.53735656269683,-180.35584325739907,216.75458244644346
67.9952372106367,80.43401919252611,131.00397633692214,-181.4558563641884,210.00646371471356
69.64655031188468,79.62200002688553,135.36659067704824,-182.25534177562557,202.7275281824337
71.20951461570888,78.7211901763699,139.60372097035213,-182.75847198442023,194.93493237403646
72.65452771203167,77.71069411760281,143.694640475144,-182.96958200085618,186.64756342908188
73.95394915854521,76.57124731957553,147.61978156456308,-182.8930240970693,177.88598239636886
75.0827213579503,75.28568817776467,151.36111771299628,-182.53303906472945,168.67235281991265
76.01893699922293,73.83938838992628,154.90251151186843,-181.8936471051952,159.03035650856165
76.74434121063084,72.22063206566045,158.23002132310273,-180.9785603184252,148.98509859868716
77.2447586584976,70.42093550731967,161.33216060421546,-179.7911176146374,138.5630041202026
77.51043797065262,68.43530132104614,164.20010539633842,-178.33424180964207,127.79170826515835
77.5363079759059,66.26240223781647,166.82784689076252,-176.61041773945294,116.69994244604061
77.32214225614197,63.904691682042696,169.21228732871938,-174.62168948774195,105.31741803293347
76.87263035055102,61.368439671315166,171.35327870529989,-172.3696742915317,93.67470939336654
76.19735559892125,58.66369403468437,173.25360481828952,-169.85559039121105,81.80313754643721
75.31068104957816,55.804168183564315,174.91890811853315,-167.08029602011848,69.73465540478152
74.23154609426341,52.80705776016909,176.35756358511316,-164.0443368720104,57.50173523492395
72.98317754988393,49.69278943737386,177.5805024825224,-160.74799971477995,45.13725863788601
71.59271982048767,46.484705974387346,178.6009893827923,-157.19137029863225,32.674409055006436
70.09078958574085,43.20869237504591,179.43435628251146,-153.3743942919969,20.146566553535447
68.51096122003524,39.89274868117941,180.0976980441698,-149.29694061898041,7.587204454469438
66.88918989357188,36.56651559278583,180.609533772465,-144.9588672162479,-4.97021276007696
65.26318008084591,33.26075976437624,180.98943912371664,-140.3600898232345,-17.49233087563058
63.671708029320996,30.00682629865745,181.25765495760533,-135.50065491838646,-29.946007304829394
62.15390763528384,26.836066650903376,181.43467818305848,-130.38081827206867,-42.298412878497075
60.748530131018256,23.779250862736717,181.54084112198206,-125.00113076687165,-54.5171344078791
59.49318898747332,20.86597374401603,181.59588620263997,-119.36253311095481,-66.57027813675792
58.42360244205644,18.124065285324107,181.61854327569893,-113.46646082334098,-78.42657393317326
57.57284701870879,15.579016169860012,181.62611728819314,-107.31496039761379,-90.05547976765237
56.97063625188967,13.253429714462804,181.63409441518272,-100.91081686257931,-101.42728570505022
56.64263948219226,11.166511851470922,181.655774992562,-94.2576920791979,-112.51321631936668
56.60985598062935,9.333610813216836,181.70194167323695,-87.36027208206295,-123.2855301456641
56.88805970345726,7.765817948965633,181.78057110077617,-80.22442064360798,-133.71761453148773
57.48732960915054,6.4696405479039925,181.89659702318045,-72.85733507643178,-143.78407406256042
58.411679626331065,5.446756630531368,182.05173212703951,-65.26769916866704,-153.46081063284387
59.6588010061585,4.693860388300266,182.24435494272728,-57.46582715160898,-162.7250932232684
61.2199279082223,4.202605298983656,182.4694669521173,-49.46379181163259,-171.5556155581201
63.07983466447677,3.9596499429694205,182.71872353440696,-41.275529359510465,-179.93254002932198
65.21697027856641,3.946809233209784,182.9805406419076,-32.91691353083929,-187.83752661613354
67.60373241437293,4.141311207417218,183.24027715103477,-24.40579166553393,-195.25374597328582
70.20687950101275,4.516156790963748,183.48049074373773,-15.76197623609871,-202.16587639883102
72.98807574999745,5.040577113277095,183.6812630140074,-7.007186470642964,-208.5600850011698
75.90455998145701,5.680580150336922,183.82058734556364,1.835063675832723,-214.42399403338078
78.90992534136672,6.399575778798393,183.87481105969616,10.739632962924695,-219.74663401746244
81.95499341834595,7.1590658721923575,183.81912147837693,19.679975202335033,-224.51838590339358
84.98876309205458,7.919383951238828,183.62806397640466,28.628413516053655,-228.73091505912402
87.95941181077313,8.640467213875297,183.27607888979136,37.55646103403219,-232.3771003304342
90.81532502951927,9.28264259616877,182.7380433754477,46.435180144407994,-235.4509617112221
93.50612834156496,9.807407913295734,181.98980403205104,55.235570253357984,-237.94759029935383
95.98369647220093,10.17818913665812,181.00868632497486,63.92897224926589,-239.86308416415278
98.20311380248062,10.361055488424384,179.77396761537034,72.48747662125984,-241.19449351322626
100.1235624408105,10.325375259580781,178.26730185450728,80.88432155140372,-241.93977812474392
101.70911600893405,10.04439703446036,176.47308572093442,89.09426734232404,-242.09777942445209
102.92942016502384,9.495743259791652,174.37875807556765,97.09393427339518,-241.66820886353963
103.76024432572089,8.661805732358914,171.97502699084654,104.86209237054157,-240.6516534320957
104.18389291979949,7.530035481280322,169.25602115862586,112.37989355347645,-239.04959826815264
104.18946864003117,6.09312256200991,166.21936506971514,119.63103907791418,-236.8644654427373
103.77298438102285,4.349064329341829,162.86617985487666,126.60187797444488,-234.0996671657768
102.93732468636388,2.301123689286854,159.20101395505642,133.28143513626253,-230.7596709120009
101.69206141987559,-0.04231846914342441,155.2317097347983,139.66137065117803,-226.85007334982765
100.05313188712314,-2.668010086718084,150.96921367451148,145.73587474021812,-222.37767950063596
98.0423906592937,-5.558165438240664,146.42733881036287,151.50150510316632,-217.35058328128065
95.6870488225662,-8.69088323562137,141.62248860441116,156.9569754542772,-211.7782454980684
93.01901625968517,-12.040634146991891,136.5733514256491,162.10290546869356,-205.67156546297034
90.07416387184354,-15.578805889364446,131.30057434533717,166.94154320054975,-199.04294267897797
86.89152340623039,-19.27429377793942,125.8264240690744,171.47647126786117,-191.90632546829727
83.5124428331765,-23.094124659564997,120.17444164290085,175.71230775759426,-184.27724396445785
79.9797151019857,-27.004102439484726,114.36909620137219,179.6544119516077,-176.1728255225943
76.33669769089396,-30.969463841965748,108.4354416015702,183.30860370404,-167.61179128441225
72.62643975016292,-34.955533540114025,102.3987784411812,186.68090372534408,-158.6144333294269
68.8908329049103,-38.92836827182917,96.2843228139465,189.77730026977997,-149.20257251853695
65.16980100595333,-42.855379967985286,90.1168823175696,192.60354590469964,-139.39949776107215
61.50054334016178,-46.705928218114884,83.92053937814879,195.1649862759314,-129.22988798914415
57.91684505583435,-50.45187257791822,77.71834193823454,197.46642117421678,-118.71971858701401
54.448467814643706,-54.068075298713325,71.53200198530246,199.51199683268732,-107.89615438838315
51.120632912422266,-57.53284507617613,65.38160324674078,201.30512730150073,-96.78743161725326
47.95360825473765,-60.82831244340512,59.28532058235116,202.84844198548012,-85.42273130981457
44.96240955008455,-63.94072755919308,53.25915506810745,204.14375600243721,-73.83204682131026
42.15662480226455,-66.86067146730244,47.31669035665559,205.1920599111647,-62.04604800135449
39.540369552512175,-69.58317253042637,41.468877472314986,205.99352553755398,-50.095944524403045
37.112378257789885,-72.10772077267315,35.72385658719088,206.5475250493894,-38.01335069792557
34.86623463155746,-74.43817438009653,30.086825366123687,206.8526610389184,-25.830153852311568
32.790740684111746,-76.58255466868313,24.559964004277813,206.90680610501852,-13.578388149511749
30.870420587725704,-78.55272845758377,19.142426975929794,206.70715121842173,-1.290115342708075
29.086151410634482,-80.36397996468992,13.830410662751936,206.25026293939445,11.002686316902139
27.415908317799765,-82.03447800735393,8.617304372085233,205.53215027590693,23.268224192259808
25.835607182678984,-83.58464832827231,3.493929781464857,204.54834256523526,35.47498393601773
24.320022899905272,-85.03646511134579,-1.5511293967568118,203.2939801837616,47.59181266455149
22.84375728334748,-86.41267999604499,-6.531109636872696,201.76392009734985,59.587992955839624
21.38222655793811,-87.73601089667595,-11.460568198601074,199.9528582268826,71.43330837637717
19.912635401481502,-89.02831641738874,-16.354813237248656,197.8554703001051,83.09810159816764
18.414902553740657,-90.3097843506013,-21.22927918504338,195.46657228428043,94.55332647948846
16.872502445229134,-91.5981643948912,-26.098867467371377,192.78130065066918,105.77059573753061
15.273188315993666,-92.90807560210669,-30.97727628317163,189.79531163333013,116.72222601516566
13.609565028812135,-94.25041799226206,-35.876345899510284,186.50499734968136,127.38128222064447
11.879484269339942,-95.63191516470992,-40.80544741690423,182.90771520419437,137.7216229831434
10.086240995610607,-97.05481058281991,-45.77094304289585,179.00202547238533,147.71794890531427
8.238557659782325,-98.51673461742836,-50.775744438240636,174.78793044802796,157.34585500552265
6.35035156838666,-100.01075260722854,-55.81899264271571,170.26710713341316,166.58188832943486
4.44029035939997,-101.52559643767984,-60.895878524676185,165.44312426988066,175.40361118875683
2.5311504554985866,-103.04607384522978,-65.9976168213297,160.32163365501304,183.78966988007792
0.6490029485792963,-104.55364127416271,-71.11157993874708,154.91052528014865,191.719868081822
-1.1777398927789928,-106.02711813631618,-76.22159014408581,149.2200359386187,199.17524346835592
-2.9193769732410164,-107.44351323358381,-81.30836105040511,143.26280167036398,206.13814546372697
-4.546023624644471,-108.7789283464844,-86.35007184012639,137.05384575821057,212.59231153615784
-6.02872065177211,-110.00949994184532,-91.3230509644974,130.610495972858,218.5229390556023
-7.340497419156227,-111.11233787861622,-96.20254051849348,123.9522273292463,223.9167495426186
-8.457341196762876,-112.06642003690796,-100.96350847374788,117.10042967242327,228.76204215821326
-9.359029477248123,-112.85340396712449,-105.5814737029858,110.07810281723388,233.048733535638
-10.029788755018865,-113.45832082150957,-110.03330837350963,102.90948554410654,236.76838153504718
-10.458751926517737,-113.87012272904164,-114.29798382016297,95.61962829649038,239.91419118849137
-10.640196524585932,-114.0820620405228,-118.35722929865744,88.23392271025207,242.48100195696955
-10.573556850072857,-114.09188906120288,-122.19607782430994,80.77760390966777,244.4652563881064
-10.2632140864807,-113.90186351849867,-125.80327928418646,73.27524362442263,245.86495127499626
-9.718079061941728,-113.5185835926814,-129.17156777640005,65.7502534473742,246.67957340085198
-8.950991887632352,-112.95264440724598,-132.2977772533444,58.22441784621982,246.91002283608498
-7.97797076707457,-112.2181450307107,-135.18280660368487,50.717475806037356,246.55852746671027
-6.817348458616475,-111.33206896060881,-137.83144191161693,43.246768226994,245.62855291965866
-5.4888389293915765,-110.3135675151244,-140.25204944849446,35.82696551526797,244.12471227277845
-4.012578538387828,-109.18317841864175,-142.4561577233372,28.469886332942608,242.05267987648025
-2.408185627275781,-107.96201309865774,-144.45795047043524,21.18441441907038,239.41911327363098
-0.6938797923755047,-106.67094586185942,-146.27369469583664,13.97651600180977,236.23158660939657
1.1143024339842995,-105.32983630379908,-147.92112883274044,6.849355856422111,232.4985381172289
3.003164966672781,-103.95681319858257,-149.41883573285034,-0.19649420720775668,228.2292333108169
4.962859609239127,-102.56764391632953,-150.78562376892282,-7.162764473511562,223.43374447339207
6.987229007333523,-101.17520835060272,-152.03993690834744,-14.053127287957345,218.12294598923822
9.073979565030221,-99.78909063885061,-153.1993114321035,-20.8727834442902,212.30852407896504
11.22468789516285,-98.41529586092426,-154.27989322550613,-27.628012021608935,206.0029986442129
13.444653197979113,-97.05609263825426,-155.29602546747384,-34.325701198174265,199.2197542511381
15.742616070815183,-95.7099763635139,-156.25991229815554,-40.97287714618209,191.97307682266168
18.13037123653723,-94.37174190373551,-157.18135984344346,-47.57624685700408,184.27819238599002
20.622307146711833,-93.03264928154832,-158.06759199635314,-54.141768795370034,176.1513042377309
23.234909002287566,-91.68066129899168,-158.92313475965926,-60.6742628048463,167.60962512907986
25.986263117930818,-90.30072858279576,-159.74975988458843,-67.17706787834466,158.67140151014294
28.89559947788826,-88.87509535674936,-160.5464761227789,-73.65175346398613,149.35592746670488
31.982905623651224,-87.38359863292644,-161.30955475253214,-80.09788708953872,139.6835466866035
35.2686386263596,-85.80393467989302,-162.03257523762431,-86.5128584287019,129.6756415571311
38.7735529297032,-84.11186974270385,-162.70647700034212,-92.8917576420468,119.3546092673554
42.51865057895934,-82.28137714937759,-163.31960438985217,-99.22730401230103,108.74382552234813
46.525247255412026,-80.28469012650632,-163.8577340239111,-105.50981962661601,97.86759712801889
50.81513330240674,-78.09226870846997,-164.30407676216126,-111.72724216860486,86.75110523883416
55.41079445659461,-75.67268974118403,-164.63925057444303,-117.86517076362561,75.42034145128474
60.335643368618236,-72.99248064804675,-164.84122538592788,-123.90693923226385,63.902039154584514
65.61420143353251,-70.01592964697491,-164.88524643830746,-129.8337119810917,52.22360260928874
71.27216224176995,-66.70491660652405,-164.74374855932652,-135.6245990041649,40.41303611599529
77.33626436954461,-63.01881867869844,-164.38627966520852,-141.25678797429788,28.4988753679201
83.8339033723305,-58.91455212360519,-163.7794574441371,-146.70569304756447,16.51012267221543
90.79242157429051,-54.346815206549856,-162.88698803362976,-151.9451216588537,4.476187197859618
98.23803000484494,-49.268595643727764,-161.6697791144096,-156.94746211998086,-7.573169206511906
106.1943395390848,-43.631998940674706,-160.086181684242,-161.68389611654655,-19.607880747878585
114.68050725062301,-37.389440572816966,-158.09239435125383,-166.12464111637757,-31.597621782212475
123.709037807627,-30.495225208520573,-155.64306086557795,-170.23922814413174,-43.51184772533175
133.28331639066693,-22.90751052446939,-152.69208547484496,-173.99682025687142,-55.31983482992749
143.39498644291712,-14.590622674302782,-149.19368139711776,-177.3665763109288,-66.99072135858188
154.02131948945237,-5.517656834955879,-145.1036553308813,-180.3180632100568,-78.49355302225823
165.12275196521597,4.326738256483532,-140.38091580621534,-182.82171777295932,-89.79733572049692
176.6407822071157,14.943525510007902,-134.98917595601893,-184.84935670067082,-100.87109858993914
188.49642660941984,26.316555932171752,-128.89880287635046,-186.37472995172033,-111.68397013210208
200.58942523778327,38.4101376418498,-122.08874734436887,-187.37410928148114,-122.20526974560909
212.79836279181941,51.1670878702177,-114.54847067516424,-187.82689995259548,-132.4046163474478
224.98183080859263,64.50745449924254,-106.27977144907271,-187.71625989516826,-142.25205495710492
236.98070292662973,78.32807551031519,-97.29840525466362,-187.0297071381026,-151.71820117451074
248.6215298205412,92.50311196215733,-87.63538685489986,-185.75969341286563,-160.7744024600207
259.7209882899654,106.88564380896118,-77.33786739353903,-183.9041197145572,-169.39291407783023
270.0912451643684,121.31036033201525,-66.46949008152296,-181.4667685399086,-177.5470865592728
279.5460269668571,135.59731173330078,-55.11014635403911,-178.4576277150092,-185.21156064271173
287.9071265311751,149.55662005771532,-43.35508025289578,-174.8930823240512,-192.36246491181592
295.0110333590386,162.99398123666023,-31.313320591669722,-170.7959543214475,-198.9776108373824
300.71534976853644,175.7167310235409,-19.105456513034824,-166.19537392767907,-205.03667966580434
304.904652642264,187.54020095059954,-6.860810042758288,-161.12647274606513,-210.52139561428334
307.49548181665864,198.29406038710735,5.285903467845685,-155.62989546291539,-215.415680132497
308.44017984926575,207.82833027872562,17.19830232000929,-149.75113468217586,-219.70578255805373
307.7293711030154,216.01876457840774,28.742300531952168,-143.5397014931906,-223.3803832981581
305.3929461457021,222.77132636928633,39.790133467369145,-137.04815231924334,-226.43066666392315
301.4995044665745,228.0255351197914,50.22426648507245,-130.33099996267228,-228.850361609869
296.15429783851545,231.75652573013699,59.94100815587613,-123.44354307944411,-230.63574982358685
289.4958015990828,233.97573414552372,68.85366286110607,-116.44065315807052,-231.7856418028099
281.6911155176238,234.73020269399422,76.89508120817521,-109.37556110196414,-232.30132268533546
272.9304546720031,234.10057510885264,84.01949901728415,-102.29868648650886,-232.18647060472614
263.42103029190906,232.19792089185825,90.20359431204314,-95.25655137817361,-231.4470511853088
253.3806389988743,229.1595865472127,95.44673398105432,-88.29081729867971,-230.0911924300966
243.0312762580454,225.14431374215323,99.7704245493843,-81.43747866724647,-228.1290446748089
232.59306781378456,220.32688953772583,103.21702184705676,-74.7262391608757,-225.57263047335852
222.27877448001502,214.89260091541715,105.84778963484686,-68.18008930318067,-222.4356892502825
212.28907498692618,209.03175579027675,107.74042531610702,-61.815094708319776,-218.73352131908925
202.80877330309343,202.93450769054596,108.986190270884,-55.640395288574865,-214.48283544578834
194.00401571437362,196.78618438895347,109.68679238884361,-49.658406902831715,-209.70160356295557
186.02054338736593,190.76327566926022,109.95116909648198,-43.86520886425244,-204.40892554393625
178.9829519506295,185.030185986677,109.89231130101871,-38.25109385478614,-198.62490616308952
172.99488366327537,179.73680776810323,109.62425349563263,-32.80125143433715,-192.37054553020738
168.1400418492824,175.01692378812254,109.25933447106247,-27.49655269430056,-185.6676434282713
164.48389225210093,170.98740507847765,108.90580855316108,-22.31440178035158,-178.53871713463673
162.07590163671404,167.74813602475558,108.66586096686723,-17.229619973211385,-171.00693149554533
160.95215934986584,165.3825716937717,108.63405462314664,-12.215329636302798,-163.09603927920068
161.13823104427618,163.95881426033395,108.89621089727692,-7.2438083949786645,-154.83032917771527
162.6521033859159,163.53108523345637,109.52870504224214,-2.287288115509334,-146.2345782848498
165.50709212589783,164.1414670702569,110.5981386125193,2.6813217269356926,-137.33400546396632
169.71460128453134,165.82179041350116,112.16133713789196,7.687801209149669,-128.15422175591218
175.28663641024386,168.5955501268602,114.26561141699297,12.756086942085922,-118.72117387418604
182.23798830858703,172.47974305232333,116.94921504258105,17.907842719701325,-109.06107690671077
190.58801407515767,177.48653163051495,120.24192875941048,23.162132678058434,-99.20033259957012
200.3619489820738,183.62464910102244,124.16570348949446,28.535191463620755,-89.16543004501032
211.5916855570033,190.90047314994587,128.73529777994838,34.040282373107885,-78.98282623816841
224.3159553938771,199.3187051721947,133.95885148274957,39.68763178727511,-68.67880480509368
238.5798457287205,208.8826017211013,139.83834516991283,45.48442650713106,-58.27931223530765
254.43357802154335,219.59371354778568,146.3699037212274,51.43485979049268,-47.80977216686724
271.9304716263406,231.4510965320905,153.54391240109453,57.54021191222588,-37.29487965481772
291.1240144784291,244.44996868678416,161.34492438078485,63.798951832675144,-26.758378880750165
312.0639673069683,258.5797993659446,169.75134996440744,70.20684793180676,-16.222829396092806
334.7914411296214,273.8218319883498,178.73492970107534,76.75707761504121,-5.709367685595358
359.33291265419155,290.1460611023838,188.26000608975565,83.440327781002,4.762527474320763
385.69318137307255,307.50770936617613,198.2826216528967,90.24488052609162,15.175255786991578
413.8473276499089,325.84328052173765,208.74948463955076,97.1566809220649,25.513290846788063
443.7318039859299,345.0663006837813,219.59685726197637,104.1593861318272,35.76333758667763
475.23488145407936,365.06290151075723,230.74943475444127,111.23439743492247,45.914438472803354
508.1867776102185,385.68744349273453,242.11929606746656,118.3608788458208,55.95801503209958
542.3499063193156,406.7584231423598,253.6050178809113,125.51576787049574,65.88783186628906
577.409806604612,428.05495081074275,265.0910518708921,132.67378552063553,75.69987168153256
612.9674169869988,449.31412177916394,276.44746970487176,139.8074539614071,85.3921121370853
648.5334516808877,470.2296271278967,287.53017991916226,146.88713108568072,94.96419853552614
683.5256916574041,490.4519572444542,298.18171455353536,153.88107186433672,104.41701053079858
717.2700125817843,509.5905344321792,308.23267024690904,160.75552649466067,113.75212603741949
749.0059194392708,527.2180673867955,317.50386781533746,167.4748851275586,122.97119122233542
777.8972333316875,542.8773462072236,325.8092659655665,174.00187826279964,132.07521160297486
803.0483730120371,556.090591089129,332.95962914934216,180.29784071837184,141.06378553163407
823.5263921466403,566.3713326324973,338.76690771585413,186.32304536433622,149.93430731764687
838.3885808686586,573.2386416701751,343.04924227412323,192.0371105301631,158.6811724764709
846.715033562908,576.2333499498662,345.6364560434429,197.39948213450427,167.2950216315622
847.6451495235424,574.935721330319,346.37585206735594,202.3699881662406,175.76206198345932
840.4166025231939,568.9838604641127,345.13809004965714,206.90945922985264,184.06350561571605
824.4049284197895,558.0919979524667,341.822883973386,210.98040457615502,192.17516195044814
799.1615779989548,542.0676836676738,336.36424018234266,214.5477285543851,200.06721726431684
764.4481046846741,520.826867990255,328.7349493444166,217.5794679887639,207.70422737272406
720.2641363434379,494.4058656621855,318.95005693392085,220.04752690259812,215.04534062388595
666.8669387785743,462.96928565667594,307.06906665625064,221.92838162463372,222.04475764727587
604.7807222465866,426.8131737210502,293.1966792771529,223.20372696634013,228.65242247916603
534.794360435774,386.3628460572198,277.4819337661285,223.86103318622497,234.81492748364423
457.94685457311596,342.1651800530576,260.11569516772147,223.89398413130624,240.4766027222915
375.5006375947347,294.875451940835,241.3265194944425,223.3027694458994,245.58074993326304
288.90361534079585,245.23914784964694,221.37501450751307,222.0942081171103,250.0709728327713
199.74161651583998,194.06949741100738,200.54690028679033,220.2816867886629,253.892549688035
109.68360274608325,142.2217612475641,179.14504874831897,217.88490396631136,256.9937914759947
20.422512865719227,90.5655213090254,157.4808410640581,214.92942005397362,259.32732964431864
-66.38506684017297,39.95635722990876,135.86522168051712,211.44602256841767,260.8512814796671
-149.17713204751982,-8.791669064897164,114.59984425803952,207.46992526333983,261.5302480574942
-226.53927495075772,-54.93135769244894,93.96869712496621,203.0398285974266,261.33610916685114
-297.24975650733603,-97.80433367283631,74.23056446688653,198.19687637565957,260.2485907666402
-360.31448657766765,-136.85864967243378,55.61262702591948,192.9835489309742,258.2555926216175
-414.99047694302317,-171.66134080037253,38.30543675277126,187.44253648153676,255.35327593793485
-460.7971196713243,-201.90556872215504,22.459419017741183,181.61563705842113,251.5459222599743
-497.51543529982507,-227.41232504918565,8.182969715041054,175.542721607349,246.8455849002004
-525.176167004638,-248.12697837709686,-4.45787091923134,169.26080468347837,241.27156220777348
-544.0382132857368,-264.1112228185559,-15.438264932953956,162.8032529197664,234.84972768788043
-554.5593523022279,-275.53120091205983,-24.77210843671554,156.19915564421729,227.61175521352322
-557.3614929080155,-282.6427192918145,-32.508465714965496,149.47287323804198,219.59427837416035
-553.1927858801494,-285.77454725906836,-38.72715803371477,142.64376969772727,210.8380215991162
-542.8888557757026,-285.31078876286927,-43.53377669836195,135.72612701239052,201.3869374313478
-527.3351949934829,-281.67325529116727,-47.054389811437204,128.72923095319754,191.28737964868807
-507.4324321939945,-275.3046530460936,-49.43019668117984,121.65761114924632,180.58733631441225
-484.0657873870586,-266.6532473733416,-50.812355736722495,114.5114132167308,169.3357407651131
-458.07959623824917,-256.1594964693361,-51.357174473629996,107.28687738878656,157.5818724444201
-430.2573634485805,-244.24496998733218,-51.22180695611303,99.97689658928078,145.37485373458867
-401.30741993833124,-231.30369949778685,-50.560559208801706,92.57162709675897,132.76324380508805
-371.85393328277524,-217.6959572680645,-49.52185854688656,85.05912663524118,119.79472617630358
-342.4327688075145,-203.74433475298875,-48.24590207516552,77.42599760598992,106.51588328994862
-313.4915248605861,-189.73189650491383,-46.86296413220495,69.65801688799289,92.97204890342621
-285.3929676300215,-175.90211989646997,-45.49231357514991,61.74073781788906,79.20722754164234
-258.4210603955586,-162.46029456710068,-44.24167004837163,53.660054256963136,65.26406945406394
-232.78880743788312,-149.57604444500674,-43.207113738490094,45.402720743646796,51.18388941385752
-208.64720019877913,-137.38664494987137,-42.473355120043735,36.956826348512855,37.00671812599029
-186.0946486028979,-126.0008333762032,-42.11426904855914,28.312222791920952,22.771375841012855
-165.1863906281331,-115.50284632071202,-42.19360028149637,19.46090951902392,8.515558875245636
-145.94348704112966,-105.95645960283515,-42.765754054283335,10.397379687905726,-5.724068997160798
-128.36111688882085,-97.40884941281915,-43.87659469073432,1.1189314134528345,-19.91178698301896
-112.41598661113137,-89.89413527486332,-45.56418647176507,-8.374051820269386,-34.01273491222485
-98.07274771540148,-83.4365036372029,-47.85942336084604,-18.077848808162628,-47.99284218266893
-85.28938319301997,-78.05284420180512,-50.7865070970533,-27.98517527054801,-61.8187709223274
-74.0215713687247,-73.75485897683953,-54.36324619298375,-38.084986539000155,-75.45787520916305
-64.22606906543794,-70.55062661671373,-58.60116123649719,-48.36231162688081,-88.87817723481503
-55.86317611754326,-68.44562252703821,-63.505394425023226,-58.79812433342548,-102.048360466411
-48.898353131244114,-67.44320938954117,-69.07443335916116,-69.36925912929108,-114.93777915184877
-43.30306689072346,-67.54462429411042,-75.29967070896454,-80.04838127085844,-127.5164829231547
-39.054935773498634,-68.74849865435156,-82.16483233993597,-90.8040217133093,-139.75525477956324
-36.137243533586094,-71.04995652508663,-89.6453166812804,-101.6006877862518,-151.62566037285163
-34.53788601076712,-74.4393466222827,-97.70749728329181,-112.39906014556325,-163.10010627181254
-34.247813435627876,-78.90067377038366,-106.3080482874196,-123.15628514891444,-174.15190475008043
-35.25903221517211,-84.40980683044654,-115.39335846392652,-133.82636949977004,-184.75534261850316
-37.5622350555755,-90.93255218567556,-124.89910302339898,-144.36068080382162,-194.8857517083314
-41.14413711492744,-98.42269399399987,-134.75004300274122,-154.70855368039068,-204.5195787964921
-45.98460814886584,-106.82011372539006,-144.8601191054099,-164.8179964305225,-213.63445303950016
-52.053705374096424,-116.04911075654068,-155.13289996708633,-174.6364882009452,-222.20924933371606
-59.30872762301057,-126.01705156560702,-165.4624336123849,-184.111851366542,-230.22414642587208
-67.69142650551154,-136.61347584435444,-175.7345353009434,-193.1931787894746,-237.6606790371975
-77.12552266458576,-147.70978218364127,-185.82852527603012,-201.83179102513895,-244.50178370912258
-87.5146826165746,-159.15960269416342,-195.61940673376455,-209.98219476022865,-250.73183850106145
-98.74111196815713,-170.79995422206778,-204.98044861699967,-217.60301108861586,-256.33669704388734
-110.66491212798914,-182.4532235215344,-213.78611096376162,-224.6578409130122,-261.3037177504147
-123.1243286018402,-193.930005396114,-221.91522417947024,-231.11603499321654,-265.62178918736043
-135.93698890093344,-205.03276777141275,-229.25430963805996,-236.9533380452904,-269.2813527070122
-148.90218722351443,-215.5602680994274,-235.7009094094863,-242.15237983114503,-272.27442341577785
-161.8042226271859,-225.31259436281374,-241.16677952474762,-246.70299125658158,-274.59461042352183
-174.41673969594783,-234.09665478673764,-245.58079561334733,-250.60232990457067,-276.23713708329416
-186.50795902484512,-241.73189706181307,-248.89142311838083,-253.85480685890747,-277.1988616147653
-197.8466233299694,-248.0560043394038,-251.06861713860798,-256.4718147332677,-277.478298132438
-208.2084283154075,-252.93029503158525,-252.1050390788767,-258.4712650703591,-277.0756377011062
-217.38266042349852,-256.2445493480159,-252.01650776164072,-259.87695125050897,-275.9927686486202
-225.1787308010331,-257.92099926041544,-250.84163977953122,-260.71776029420084,-274.23329501119883
-231.43228001212935,-257.9172505731229,-248.6406753380367,-261.02676304636816,-271.80255169817974
-236.01053379828653,-256.22795485077415,-245.4935288726735,-260.84021685206864,-268.7076147647957
-238.81661755240748,-252.8851124421523,-241.49714532231837,-260.196517730295,-264.9573050902077
-239.7925853838085,-247.9569616954441,-236.7622801235559,-259.13514009434545,-260.562183782475
-238.92098612409413,-241.54548856284023,-231.40985108066081,-257.6956012432686,-255.5345377728411
-236.22486908756997,-233.78266937610314,-225.56703112419953,-255.91648526649539,-249.88835431137997
-231.7662212116397,-224.82563174511546,-219.3632611904199,-253.83455687651275,-243.63928341917003
-225.6429178320337,-214.85097881671663,-212.92636148322862,-251.48399031317803,-236.80458776836682
-217.98435496248177,-204.0485659961194,-206.37890756001727,-248.8957322104221,-229.40307992497094
-208.94600505305277,-192.61504351160633,-199.8350161936645,-246.09701057816022,-221.45504737207233
-198.70319524928578,-180.74748138800993,-193.39765670062675,-243.11099522955982,-212.98216620622833
-187.44444308260387,-168.63737575742664,-187.15656880029553,-239.95660845357673,-204.00740483875623
-175.36469704500288,-156.46529896961957,-181.18683078191174,-236.6484788251546,-194.55491941474912
-162.65881839810845,-144.39640414698314,-175.54808453545868,-233.1970260254174,-184.6499429656968
-149.5156075785192,-132.5769322509581,-170.28438938693185,-229.60866059967987,-174.31867052356105
-136.11262717796336,-121.13180162280422,-165.42464680359674,-225.8860798179524,-163.58814253828024
-122.61200854068932,-110.163291700851,-160.98351449279298,-222.02863924608678,-152.4861289540954
-109.15735622147629,-99.75076921355162,-156.96271217463956,-218.03277923743397,-141.0410162191459
-95.87178985198761,-89.95135083838966,-153.3526126853465,-213.89248620366325,-129.2816993336792
-82.85709206653934,-80.80135424797757,-150.13401078455985,-209.5997700602969,-117.23748080060335
-70.19386897033279,-72.31836150813551,-147.2799673084045,-205.1451414748036,-104.9379780407099
-57.942579991700896,-64.50370550885279,-144.75763695911556,-200.5180752635548,-92.41304049062889
-46.145259274350835,-57.34519082891739,-142.53000264211727,-195.70744927582277,-79.69267723145836
-34.82773202049631,-50.81987345773037,-140.55745634792964,-190.70195116534595,-66.80699561207354
-24.002125997987292,-44.896746657126585,-138.79918466190338,-185.49044839990424,-53.7861509494323
-13.669489186424961,-39.53921001434637,-137.21433474762856,-180.06231954043665,-40.660307016369856
-3.8223467583859936,-34.7072323372946,-135.76295299255437,-174.40774710997775,-27.459606674181785
5.5529388215156,-30.359153522159115,-134.40670259986388,-168.5179741794997,-14.214151679365994
14.474105191356166,-26.453103285023225,-133.10937772022064,-162.3855280684034,-0.953990392196916
22.961288255439836,-22.94804361142027,-131.837239978275,-156.004415272024,12.290888154238033
31.035708292137755,-19.80446546447691,-130.55920844679912,-149.3702918984415,25.490555602508834
38.718738767884716,-16.98478785647216,-129.24693644373536,-142.48061356318212,38.615143014567934
46.031325705846776,-14.45351857361917,-127.87480831297852,-135.33476791886613,51.63483914584758
52.993705173484074,-12.177240906889097,-126.41988703720409,-127.93419187487399,64.5198904965187
59.62535326298145,-10.124490341529906,-124.86183960920866,-120.28247419463145,77.24060544120496
65.94509671498518,-8.265580233596992,-123.18286205507148,-112.38544266170936,89.76736472946908
71.97131246446881,-6.5724271510748835,-121.36762033217002,-104.25123350558297,102.0706405658694
77.72214989800814,-5.01841592254916,-119.40321744375521,-95.89033939985704,114.12102630982514
83.21571930818101,-3.5783326155374766,-117.27919138395183,-87.31563121213095,125.88927857683039
88.47020261893394,-2.2283816399450984,-114.98754324798921,-78.54234790774355,137.3463731656527
93.50385665293663,-0.9462917574363345,-112.5227902379259,-69.5880486830188,148.46357578408987
98.33489383089832,0.28849439245860964,-109.88203452515486,-60.47252159854156,159.21252800314517
102.9812392090292,1.494561122884555,-107.06503609912332,-51.217643738648164,169.56534825016558
107.4601753444965,2.6882112948942307,-104.07427588941937,-41.84718924543664,179.49474697634614
111.78789701539998,3.883133564559202,-100.91499460540926,-32.3865834289579,188.97415443162515
115.97900590669761,5.090072614912607,-97.59519286973332,-22.862603465371105,197.97785878550485
120.04598079536186,6.316530237488301,-94.12557927740879,-13.303028847767045,206.4811516857334
123.99866148615571,7.566523934814299,-90.51945491487652,-3.7362476002293192,214.46047779069985
127.84378486020469,8.840427026628518,-86.79252552767176,5.809172871167757,221.89358438762355
131.58460910870784,10.134910311068069,-82.96263581623867,15.304938731025821,228.7596669550525
135.2206578204998,11.443000416496176,-79.04942413327058,24.72349260088265,235.03950647486923
138.74760941758535,12.754264335956904,-75.07390000137465,34.038470760838365,240.71559446484898
142.15734986912798,14.055123515060217,-71.05795119568346,43.22513802566541,245.77224209294727
145.43819806563118,15.329294508966484,-67.02379145502535,52.26078347884142,250.19567033807795
148.57530411985587,16.558346875270246,-62.993363994086195,61.1250609906682,253.97407895212973
151.55121160395643,17.722362866367448,-58.98771967431357,69.80026011715769,257.0976929116999
154.34656575707314,18.80067786718635,-55.026391737491295,78.27149551932807,259.558786069553
156.94094142155998,19.77267563274279,-51.12679120295988,86.52680633955238,261.3516827598582
159.31375728796903,20.61860845040009,-47.303648188799215,94.55716084495478,262.47273910772134
161.44523731883132,21.320409606796332,-43.56852438326331,102.35636587577767,262.9203066734261
163.31737630289865,21.862464175858804,-39.92942055966617,109.92088496598058,262.69468176292145
164.91486462349192,22.23230431654582,-36.39050035502508,117.24957316987556,261.7980442084604
166.22592768215958,22.42119707272279,-32.95194755426006,124.34334037791496,260.234389633952
167.24303807258468,22.42459612193211,-29.609968958343032,131.20475800922372,258.0094591554802
167.96346350238005,22.2424339547089,-26.356948772508233,137.8376262480511,255.13067013707067
168.3896204362536,21.879237413394364,-23.181753618212497,144.24652032338733,251.6070510545176
168.5292121783016,21.34405711229131,-20.07018010796898,150.436334661231,247.44918276365797
168.3951401991864,20.650209642001727,-17.00552983250651,156.4118430813282,242.6691475859094
168.00518842079853,19.81484019864608,-13.969290024286408,162.17729164569727,237.28048668388175
167.38149130063374,18.858321893536427,-10.941892501614959,167.7360384318614,231.29816527668694
166.5498072815559,17.803515994588523,-7.903519142590355,173.0902515808034,224.73854440769622
165.53862887021728,16.67492425019293,-4.834919394840952,178.24067366748238,217.61935728686313
164.37816871315422,15.497769827938484,-1.7182044020821792,183.18645697938973,209.959687731037
163.09926708294512,14.297046931979551,1.462416690999035,187.92507087983356,201.77994794721243
161.73226982701348,13.096580627021723,4.719989849719198,192.4522792689012,193.10185285477593
160.3059268831112,11.91813771062614,8.064285732771722,196.7621833950615,183.948388314425
158.84635990982926,10.780626695549074,11.501406859189267,200.84732303144597,174.34377099790214
157.37614356532862,9.699420282082457,15.033546496863245,204.698827384344,164.31339815522193
155.91353879234003,8.685827427796369,18.658905853144375,208.3066060740715,153.8837861669585
154.4719085570212,7.746734662902256,22.371768478366377,211.65957010419575,143.08249745642644
153.05933735853935,6.884428118919487,26.162723476305317,214.7458728629101,131.93805602861775
151.6784660398935,6.096599326549182,30.019022573830078,217.55316180140917,120.4798525523519
150.32654356039495,5.376529674499395,33.92505068617501,220.06883241065188,108.73804046975596
148.99568797561327,4.713440938881959,37.86288558133598,222.28027736304853,96.7434250732654
147.67334038314695,4.092992855170394,41.81291974634887,224.1751250904591,84.52734781608918
146.342888409871,3.497903582384609,45.75451662864985,225.74146353118718,72.12156830965084
144.98443020454098,2.908665270147125,49.666674000002246,226.96804620381,59.55814651289792
143.57564600647984,2.304324846616794,53.528669109186275,227.84447907617758,46.869327543782035
142.09274221797043,1.6632995629367997,57.32066332003049,228.36138783189938,34.087431358908205
140.51143244104784,0.9641976353231883,61.02424778967661,228.51056604900282,21.244749273395136
138.80792098614734,0.1866163278915991,64.62291611962416,228.2851054680394,8.373448951013446
136.95985669169752,-0.6881072214942492,68.10245449664842,227.67950992716123,-4.494510893945722
134.947228237656,-1.6762134798141233,71.45124434082646,226.689794681467,-17.327455257264354
132.75317620031632,-2.790923279744902,74.66047663771869,225.3135727178395,-30.094056667731937
130.36470159064865,-4.041938610528234,77.72428074587462,223.5501293506096,-42.76338809408396
127.77325527461859,-5.435050027247769,80.63977339249527,221.40048587353292,-55.30496536453326
124.9751972580225,-6.9718553696698535,83.40703571265865,218.86745239447362,-67.68877991102244
121.97211914169253,-8.649590992138727,86.02902752650093,215.95566924260828,-79.88532300378496
118.77102697833305,-10.461073719489278,88.51144861397674,212.67163557165105,-91.8656029593636
115.38438520459285,-12.3947493073496,90.86255661670145,209.02372304834546,-103.60115708121033
111.8300252452934,-14.434841300574831,93.09295048794952,205.02217187653685,-115.0640603201875
108.13092479972885,-16.56159281364465,95.2153272681899,200.67906592636842,-126.22693281549968
104.3148657660378,-18.751592834656947,97.2442185446256,196.0082834733811,-137.06294858668548
100.41398030907939,-20.978178091336915,99.19571142189713,191.02542005386013,-147.54584768537185
96.4641958155107,-23.21190121341435,101.08715734375107,185.74768024874743,-157.6499540725674
92.50459049688597,-25.421055779587718,102.93687080201646,180.19373584049674,-167.35020135526946
88.57667228344494,-27.572248754590603,104.76381896351944,174.38354874822383,-176.62216828893236
84.72359446860455,-29.631010724080255,106.58730262126893,168.33815841580315,-185.44212562712826
80.98932236775622,-31.56243416431294,108.42662868016345,162.07943486142617,-193.78709547814856
77.41776606925552,-33.33182970780126,110.30077462901312,155.62980032766026,-201.63492381752053
74.0518951761381,-34.90538998110346,112.2280461022003,149.0119243079776,-208.96436621885474
70.93285223248493,-36.25085011893946,114.22572963269714,142.24839856190118,-215.75518622283374
68.09908223998595,-37.33813354792112,116.30974395206093,135.3614004458679,-221.98826509149066
65.58549622033844,-38.13997115064067,118.49429458766453,128.37235435714098,-227.6457210232496
63.42268707563785,-38.63248154830444,120.79153791497218,121.30160219345822,-232.71103526837032
61.636215945932875,-38.79570006498008,123.21126211083063,114.16809436673378,-237.16918202085103
60.24598676894744,-38.614044044363496,125.76059349595869,106.98911299216743,-241.00675850724738
59.2657257345644,-38.07670265597291,128.44373743991355,99.78003835401249,-244.2121113775635
58.702580742127296,-37.17794020905981,131.26176324178286,92.55416861282369,-246.77545535467792
58.55685378811873,-35.91730332261199,134.21244213704534,85.322600993718,-248.6889801346791
58.821876447332016,-34.29972408345811,137.29014679186233,78.09418045123402,-249.9469417586724
59.484035311786634,-32.33551353598936,140.48581934292264,70.87551915117444,-250.54573509335958
60.52295050528853,-30.04024243070816,143.78701327130483,63.671087184027385,-250.48394464739297
61.911806318639805,-27.434509031285508,147.17801224117187,56.483371891549154,-249.76237168626764
63.617828759448535,-24.543596835047758,150.64002659281078,49.313100222246284,-248.38403645361333
65.60290054927533,-21.39702817757479,154.15146557674788,42.159515807313674,-246.35415521681495
67.82430000680665,-18.028022737237734,157.6882807833335,35.020700125269094,-243.6800927808927
70.23554650478302,-14.472872798692187,161.2243736930266,27.89392533565532,-240.37129200611275
72.78733194477361,-10.770249651332314,164.73205797162717,20.77602520865073,-236.43918267352973
75.42851509973033,-6.960457580107018,168.1825651720731,13.663770114367368,-231.89707272568546
78.10715384173123,-3.08465346342318,171.54658096905115,6.554232274758493,-226.76002543235498
80.77154927731462,0.8159490374179512,174.7947980084706,-0.5548716125127253,-221.0447263693841
83.37127569062476,4.700871365559394,177.89847093703327,-7.664871770475605,-214.76934424008638
85.85817093951313,8.531138982404613,180.82995919597943,-14.775880171382832,-207.9533895134293
88.1872635155765,12.270009145217458,183.56324369928933,-21.886575882582626,-200.61757461335776
90.31761478322049,15.883640830849934,186.07440452773665,-28.99404549095086,-192.7836789916451
92.21305784194992,19.341692019522704,188.3420481940049,-36.093680599224086,-184.47442188374893
93.84281787280602,22.61783188113035,190.3476747926967,-43.17913192046461,-175.71334492046216
95.18200258155288,25.69015803014252,192.0759773544762,-50.24231725952955,-166.52470608810495
96.21195527842235,28.541511824445728,193.51506788250896,-57.27347876611084,-156.9333858374118
96.92046707852214,31.15968756718531,194.65662676838275,-64.26128334842849,-146.96480547477697
97.3018485205466,33.53753432187932,195.4959744749944,-71.1929590927731,-136.64485736320526
97.35686445195289,35.6729517707852,196.03206645493722,-78.05445995394521,-125.99984594207697
97.09253920684343,37.56878404912563,196.26741417612587,-84.83065084840659,-115.05643816510126
96.52184182526824,39.232617703687744,196.2079367974064,-91.50550555283897,-103.84162166705191
95.6632632742863,40.67649180212828,195.8627494369541,-98.06231042476986,-92.3826688065742
94.54029930676745,41.916529727916014,195.24389508345112,-104.48386784292552,-80.70710469153981
93.18085373532696,42.972503323077255,194.3660280082053,-110.75269433018904,-68.84267736568076
91.6165775335007,43.867340793872245,193.2460570546415,-116.85120948706053,-56.817328505795395
89.88215935307421,44.6265901966841,191.90275743233835,-122.76191304655353,-44.659163228983985
88.01458282962683,45.27785040959377,190.35635965845515,-128.46754848982437,-32.39641791796797
86.0523655137729,45.8501813168318,188.6281241107116,-133.9512526726334,-20.057425317153697
84.03479349283536,46.37350454125738,186.7399093272566,-139.19669175705565,-7.670576510406525
82.00116483593575,46.878005509346,184.7137417551565,-144.18818438627432,4.7357202577582935
79.99005397773699,47.393546976586876,182.57139415388315,-148.9108134624902,17.133083632052163
78.03860811378648,47.94910342524412,180.33397933996534,-153.3505280842606,29.493205501728745
76.18188566210516,48.57222500947396,178.021565443914,-157.49423717768605,41.787898873142964
74.45224588220097,49.2885389912069,175.6528183600525,-161.3298961363965,53.989146316825085
72.87879784822628,50.12129589872718,173.24467661323877,-164.84658739930973,66.06914796690525
71.4869161446599,51.09096695038767,170.8120634423426,-168.03459538176782,78.00036804987948
70.29782987142448,52.21489860822882,168.36764049633445,-170.8854755814731,89.75557899746495
69.32829078004121,53.50702944092646,165.92160713535037,-173.39211705541948,101.30790235041461
68.5903255716652,54.97767375465662,163.48154889833324,-175.54879686043918,112.63084588105794
68.09107652673404,56.6333756630505,161.05233821094507,-177.351224519083,123.69833663862948
67.83273365836801,58.476836381484496,158.63608983084816,-178.79657416293423,134.4847499427848
67.81256044672918,60.50691651826053,156.23217283386026,-179.883501759192,144.96493469775174
68.02301388862435,62.718713975545576,153.83728011252072,-180.61214477700392,155.11423575445315
68.45195806804827,65.10371675646762,151.44555537499895,-180.98410182035116,164.90851439073523
69.08296872028659,67.6500285064402,149.04877649745885,-181.0023901533496,174.32416828655863
69.89572434511484,70.34266301730324,146.6365928103136,-180.67137966639504,183.33815262314235
70.86647736546973,73.16390222979406,144.1968125169713,-179.99670265651167,191.92800410996432
71.96859669009486,76.09371053769922,141.7157349970406,-178.98513978590532,200.07186982463398
73.17317090327884,79.11019649428681,139.17852129101897,-177.64448368823506,207.7485427249029
74.44965926926349,82.19011142858236,136.5695946693311,-175.98338284935323,214.9375055490348
75.7665759097494,85.3093730825254,133.87306193031475,-174.01116952658464,221.6189845606186
77.09219100015179,88.44360126777931,131.07314502723563,-171.7376765120885,227.77401421943497
78.39523174015793,91.56865179581935,128.15461186922983,-169.17304841635882,233.3845133842083
79.64556528012909,94.66113462738818,125.1031947404746,-166.3275537788706,238.4333730957607
80.81484580161435,97.6989023703004,121.90598478850141,-163.21140464754745,242.90455537484524
81.87710860500272,100.66149595687476,118.5517914781734,-159.83459026720402,246.78320183082258
82.80929536569113,103.53053555538548,115.03145680142619,-156.20673116040803,250.05575024884538
83.59169666229609,106.29004648557678,111.33811535832453,-152.33695917661998,252.71005674138812
84.2083003993142,108.92671205789881,107.46739313842522,-148.2338280554074,254.73552055037842
84.64703775105687,111.43004775381831,103.4175398661819,-143.90525774854484,256.12320820015657
84.89992162062819,113.79249390069499,99.18949204045012,-139.35851424513194,256.8659734562132
84.9630761907375,116.00942684300774,94.78686619104141,-134.60022503013053,256.95856945772965
84.83665977996706,118.07909143691388,90.21588428058939,-129.63642867505635,256.39774947310434
84.52468674061521,120.00246036110607,85.48523548010164,-124.47265550779503,255.1823529754815
84.03475738015989,121.783028117297,80.60588063162614,-119.11403492816942,253.3133741388527
83.37770770963678,123.42654957779177,75.59080748275946,-113.56542380732735,250.79401039355102
82.56719309647889,124.9407344400707,70.45474615713509,-107.83154959408986,247.62968932412778
81.61922153529117,126.33490991236512,65.21385525866097,-101.91716128976327,243.82807290743304
80.55165319378284,127.61966435550332,59.885389467300826,-95.82718136027545,239.39903883559964
79.38368312803846,128.8064844536649,54.48735947236906,-89.56685192071728,234.35463940789697
78.13532361499308,129.90739781905384,49.03819463235397,-83.14186912011725,228.70903916867044
76.82690148032795,130.93463181946544,43.556417899434365,-76.5585005209733,222.47843308258314
75.47858419575228,131.90029794006477,38.060341371931486,-69.82368134135159,215.68094754477255
74.10994649317824,132.81610925261282,32.5677894209551,-62.94508663152372,208.3365269030555
72.7395869206648,133.69313667442782,27.09585476845161,-55.931177712596934,200.46680841053725
71.38480127782958,134.5416077618836,21.660691261823885,-48.79122243581148,192.09498862688838
70.06131734606998,135.37074989845047,16.277345479977402,-41.535289960261224,183.24568425202068
68.78309288933721,136.18867799051924,10.959627791595882,-34.174221738070536,173.94479021883834
67.56217664704604,137.00232524415648,5.7200221289523725,-26.71958119967305,164.21933761225932
66.40863005274886,137.8174143110394,0.5696325851422444,-19.183585223269777,154.0973536426895
65.33050574822695,138.6384650901536,-4.481835982996927,-11.57902084455177,143.60772550855455
64.33387765639058,139.4688347618691,-9.426066847763835,-3.9191508226883656,132.78006956188233
63.42291643740802,140.31078520284234,-14.256093745474175,3.782388353716481,121.64460676669148
62.60000357042141,141.16557275955984,-18.966240821399936,11.51169263098473,110.23204503612457
61.86587704880259,142.03355540907023,-23.55204437698856,19.254697655135132,98.573468669323
61.21980170799819,142.9143125641059,-28.010160471108534,26.99728447250145,86.70023479780389
60.659757469705944,143.8067731390966,-32.33826215875553,34.725381453412666,74.64387650393958
60.182639227656956,144.70934793581853,-36.53492979210075,42.42506068648454,62.43601209763746
59.78446266114671,145.62006288800808,-40.59953739770419,50.082627528363844,50.10825993117202
59.46057088785914,146.53669018358596,-44.53213771334429,57.68470238159851,37.69215809573242
59.20583750880271,147.45687472898894,-48.33334804800787,65.21829409302401,25.21908836898034
59.01486221482731,148.37825380865155,-52.00423874283607,72.67086460604652,12.720203862667699
58.88215568567768,149.29856810896655,-55.54622567624018,80.03038465831334,0.2263599430242543
58.80231099933245,150.21576251459496,-58.960967984522014,87.28538039578915,-12.231951849853687
58.77015917274265,151.1280752486572,-62.25027196396203,94.42497078455241,-24.624666985054464
58.78090677723894,152.03411402822493,-65.41600198012722,101.43889565771778,-36.92220815183158
58.83025382439625,152.93291796035382,-68.45999912785143,108.31753415609003,-49.095542256938344
58.91449032072124,153.8240039345157,-71.38400834856405,115.05191322842654,-61.116233820394065
59.03057006804545,154.70739630134725,-74.18961470512055,121.63370577410248,-72.95649426925549
59.17616047022738,155.58363869291634,-76.87818951907701,128.05521795986581,-84.58922655806165
59.349667326358386,156.45378696370773,-79.45084707199744,134.30936524447995,-95.98806452489899
59.55023387486298,157.3193824387769,-81.90841254129347,140.38963671888888,-107.12740642823583
59.77771372584593,158.18240496534492,-84.25140176406245,146.29004752827183,-117.98244220387978
60.032617798123326,159.04520568908265,-86.4800132851153,152.00507939469878,-128.5291741348048
60.31603596985838,159.9104200195279,-88.59413293751618,157.52960960592097,-138.74443083345182
60.629534854181735,160.78086190363825,-90.59335092170636,162.85882927085885,-148.6058746907048
60.975033907349086,161.65940127407785,-92.47699099571057,167.98815215141875,-158.09200323652865
61.35466293788373,162.54882734968572,-94.24415097444142,172.91311594032135,-167.18214516955072
61.770604970325174,163.4517012998204,-95.89375327919886,177.62927843627355,-175.85645213113406
62.22492927508331,164.37020259237454,-97.42460380409054,182.13211163420274,-184.09588760241544
62.719420148813875,165.30597407238454,-98.835456905367,186.4168972592999,-191.8822145725362
63.255407655347454,166.25997140578056,-100.12508390713407,190.47862768609923,-199.19798383967057
63.83360695500817,167.23232291443068,-101.29234218866168,194.31191645667639,-206.02652494640324
64.45397300573866,168.2222059736061,-102.33624170874104,197.91092270781095,-212.35194180008548
65.11557726870018,169.22774600073276,-103.25600576088826,201.2692937059223,-218.1591149741703
65.81651256732174,170.24594361026885,-104.05112286121744,204.3801293523705,-223.43371252265328
66.55383142361038,171.2726347364072,-104.72138695979461,207.2359719544279,-228.16221086396664
67.32352204402133,172.30248744754817,-105.26692363492043,209.82882376914955,-232.3319269108782
68.12052468774732,173.32903783021447,-105.68820056308405,212.15019384411568,-235.93106215176422
68.93878948281221,174.34476576160705,-105.98602132718003,214.19117454160596,-238.94875884599077
69.7713749416404,175.34120969555448,-106.16150249101116,215.94254689631302,-241.375167908892
70.61058456243097,176.30911784471795,-106.21603477905958,217.39491268588142,-243.20152745906464
71.44813709100491,177.23863145077206,-106.15123010015111,218.53884986012045,-244.42025041620508
72.27536436649481,178.1194942933016,-105.9688569831091,219.36508685123079,-245.02501900406986
73.08342928275235,178.94128129027337,-105.67076769602026,219.86469034224513,-245.01088356156512
73.86355535392057,179.69363807015378,-105.25882084876042,220.02926036380947,-244.37436272265987
74.60725874243104,180.36652280902499,-104.73480359378635,219.85112616545592,-243.11354181320434
75.30657343239653,180.9504414640874,-104.10035761942069,219.3235361947944,-241.2281662432448
75.95426052320718,181.4366678090227,-103.35691296622855,218.44083572462438,-238.71972675116095
76.54399335836908,181.8174403695258,-102.50563330157976,217.19862618127073,-235.59153357664385
77.0705113484608,182.08612942678377,-101.54737568622852,215.5939010158628,-231.84877698946937
77.52973682218169,182.23736863554439,-100.48266710117763,213.62515397467374,-227.49857205983446
77.91885095627833,182.2671474079798,-99.31169912420967,211.29245680312476,-222.5499860963809
78.23632669099618,182.1728619490229,-98.03434121100264,208.59750469036624,-217.01404776913625
78.48191842478248,181.9533245927219,-96.65017210526145,205.54362905383374,-210.9037375435705
78.65661009668824,181.6087327856297,-95.15852803193233,202.13577850506735,-204.23395964636697
78.76252491282523,181.14060060417188,-93.55856556673479,198.3804699651314,-197.02149633350965
78.80280137658885,180.55165700564916,-91.8493364627918,194.28571285754157,-189.28494571142642
78.78144138418584,179.84571604357382,-90.02987127694036,189.8609100601766,-181.04464475250592
78.70313691257599,179.02752499479865,-88.09926838690158,185.11673982202882,-172.3225794343263
78.57308224617006,178.10259673851294,-86.05678492428251,180.06502313949943,-163.14228411135832
78.39677877285195,177.07703280583766,-83.90192625365691,174.71858114821305,-153.52873229956202
78.17983916025676,175.95734331212748,-81.6345308808026,169.09108694173588,-143.50822102517247
77.92779724636296,174.75026953532972,-79.25484804186142,163.19691591016118,-133.10825077124426
77.64592930085354,173.46261426550285,-76.7636056741886,157.05099823800813,-122.35740286532547
77.33909149797611,172.10108428141933,-74.16206696182486,150.66867665573062,-111.28521590762757
77.01157755003288,170.6721484687045,-71.45207414861906,144.06557194522085,-99.92206256111757
76.6669995415228,169.18191423572893,-68.63607878916753,137.2574580982619,-88.29902773282953
76.30819412784282,167.63602405721076,-65.71715803672731,130.26014845411422,-76.44778888788164
75.93715545881,166.03957322023905,-62.6990169306734,123.08939362736388,-64.4004989705774
75.55499548376471,164.39704919186863,-59.58597693393159,115.76079160214593,-52.18967217413448
75.16193170601,162.71229248818207,-56.38295118090664,108.28971002668057,-39.84807261239632
74.75730198188626,160.9884785073645,-53.095407033833155,100.6912204982453,-27.408605810310767
74.33960559472843,159.22811948909498,-49.72931662084714,92.98004448079836,-14.904212848573561
73.90656955756265,157.43308556546407,-46.29109605818652,85.17051043571087,-2.3677669719723937
73.45523888536434,155.60464375419832,-42.787534060390904,77.27652175623051,10.168027502036246
72.9820893981612,153.74351368738726,-39.22571063628221,69.31153515839377,22.67073406343927
72.48316143914472,151.84993884013616,-35.6129065755097,61.28854927363533,35.10828065289306
71.95421268756641,149.9237719949707,-31.956504468615933,53.220103287130954,47.44905389756087
71.39088798872439,147.96457362271707,-28.263882089920877,45.11828554814762,59.661990604697344
70.78890379354475,145.97172175591362,-24.542299118157118,36.9947521217011,71.71666600646097
70.14424438704786,143.94453175913117,-20.798778382439856,28.860755235899973,83.58337808327876
69.45336658717007,141.88238415137977,-17.03998310230042,20.727181491582726,95.23322714545563
68.71340902269313,139.78485830667194,-13.272091934696071,12.604599530341826,106.63818973638838
67.9224014721137,137.65186945642515,-9.50067403774537,4.503316601413903,117.77118584762526
67.07946909600182,135.4838059575116,-5.730566791321728,-3.5665568692279823,128.6061384166448
66.18502576529872,133.28166329741862,-1.9657592547676543,-11.595036010537731,139.1180241210552
65.2409501268699,131.04717081657907,1.7907151381875934,-19.572185297438928,149.28291459367148
64.2507376110338,128.78290667795432,5.536872783024592,-27.488039638168054,159.0780073640124
63.21962133159454,126.49239625110357,9.271856870161905,-35.33252546166222,168.48164608164305
62.15465481405295,124.18018885042221,12.995992836068403,-43.09538492661004,177.47332988965397
61.064749763414966,121.85190772260633,16.71081805067903,-50.76610670177392,186.03371218206223
59.960662690827,119.51426836009438,20.4190817203132,-58.333866965149,194.14458938220835
58.854925185514084,117.17506066060389,24.124711440137272,-65.78748430121627,201.78888080140524
57.76171395398253,114.84309118139365,27.832743525350544,-73.11539201073045,208.9506010558448
56.69665843993117,112.52808275862566,31.549215188755966,-80.30563096737143,215.61482691048096
55.67658584960784,110.24053006701112,35.281017800179455,-87.34586555357511,221.76766075571513
54.71920567806918,107.99151125254724,39.035711830476984,-94.22342439307467,227.39619318133327
53.84273827842723,105.79245753073624,42.821305603739475,-100.92536659607617,232.4884672698962
53.065494534214274,103.65488453367516,46.64600159220627,-107.43857308608261,237.03344727050091
52.405416164692475,101.59009112438511,50.51791561489304,-113.74986134274637,241.02099422131437
51.87958848441353,99.60883327550884,54.44477585675889,-119.84612064125564,244.44185086059557
51.503739420287154,97.72098232494494,58.43361002099253,-125.7144636728568,247.28763780440093
51.29174013672724,95.93517836586872,62.49043007344782,-131.34238937178822,249.5508624867184
51.25512362269134,94.25849060301236,66.61992485400691,-136.7179509272488,251.22494177470398
51.4026379675716,92.69609712603145,70.82517124706035,-141.8299223906481,252.30423851570944
51.739850740592594,91.25099665091403,75.10737457353757,-146.66795704884922,252.78411157749073
52.26881987152136,89.92376432582631,79.46564836583863,-151.22273085399144,252.6609782457954
52.987844728342886,88.71236268371493,83.89684271653448,-155.48606468631812,251.93238718314853
53.89130875905034,87.61201727863275,88.39542898219477,-159.45102006057738,250.59709956653302
54.969622204682096,86.61516452620606,92.95344683234242,-163.11196402642238,248.6551755432499
56.209270125365855,85.71147686985822,97.56051754080576,-166.46460039472524,246.1080628006984
57.59296746016801,84.88796772563691,102.20392512251672,-169.50596596360793,242.95868385610444
59.099919228196214,84.12917584782014,106.86876453435119,-172.2343920273725,239.21151864572852
60.70618044035132,83.41742594085544,111.53815380056474,-174.6494330315263,234.87267912920163
62.38510698838702,82.7331596547894,116.1935047052098,-176.7517656933945,229.94997291280802
64.10788585420752,82.05532866547227,120.81484471842388,-178.54306315592254,224.4529533163026
65.8441305562634,81.36183946393902,125.38118117725418,-180.02584971358124,218.39295383439963
67.56252590802231,80.63003784373439,129.870897488698,-181.2033422953504,211.78310554420486
69.23150495795312,79.83721993514705,134.26217030255313,-182.07928518549525,204.6383366485185
70.81994042587911,78.9611560154376,138.53339622760683,-182.65778440716414,196.97535398645184
72.29783302704247,77.98061321903285,142.66361672424222,-182.94314780867643,188.81260695336346
73.63697973143212,76.87586364889464,146.6329302649546,-182.93973622004862,180.17023482183643
74.81160616430921,75.62916519444012,150.4228816573303,-182.651830146338,171.06999891980155
75.79894891911867,74.22520352013584,154.01681950455105,-182.08351540438605,161.53520148312558
76.5797754188614,72.65148511850649,157.40021406072717,-181.23858996590872,151.59059324784647
77.13883101686667,70.89867293382335,160.56092914479325,-180.12049311807468,141.26227197709778
77.46520516723265,68.96085777240297,163.48944323232809,-178.7322569633159,130.57757413530558
77.55261062363164,66.83576044303828,166.17901628297102,-177.07647931472707,119.56496183407799
77.39957166394521,64.52486125021207,168.62580022622762,-175.1553162509329,108.25390699674628
77.00951922672195,62.033455041050246,170.82889227877706,-172.9704920094364,96.67477443878519
76.39079254475658,59.37063144900219,172.79033137514887,-170.52332353904046,84.8587052583831
75.55654835338977,56.54918126476578,174.5150389487771,-167.81475690352886,72.83750159890738
74.52458003774056,53.58543099465855,176.0107061041365,-164.84541281930404,60.643513500625836
73.3170501836398,50.49900864998107,177.28762988645752,-161.61563889502955,48.30952822522087
71.96014094353217,47.31254466916114,178.3585019062292,-158.1255665869359,35.868662130370886
70.4836274627106,44.051312636185116,179.23815303991591,-154.37517144611547,23.354254907358513
68.9203803790287,40.74281515619427,179.94325833701214,-150.36433586541145,10.799765787702654
67.30580415509368,37.416320912378154,180.49200664686094,-146.0929141816721,-1.7613288188844844
65.67721876618131,34.10235958444657,180.90373986260252,-141.5608006021808,-14.295636864376615
64.07319307910717,30.832181976277695,181.19856708349835,-136.76800095226253,-26.769951986855315
62.53283913384337,27.63719338722494,181.39695943121137,-131.71470963871883,-39.151355151520185
61.09507748220206,24.548368965094852,181.5193317208528,-126.40139345240445,-51.40731699463835
59.797884729692534,21.59566048249038,181.58561767334294,-120.8288838626707,-63.50580105099483
58.6775354352675,18.807404654822093,181.6148458413523,-114.99847926715718,-75.41536778718525
57.767851499329495,16.209743728886004,181.6247238767678,-108.91205824544696,-87.105279067139
57.099473050410154,13.826069568628682,181.63123915596708,-102.57220423037555,-98.54560235982044
56.69916555281835,11.676502797780422,181.64828405802336,-95.98234117746267,-109.7073136779162
56.58917832242688,9.777418673203996,181.68731431598113,-89.1468788160544,-120.56239793418882
56.78666977791617,8.141031207503168,181.75704878990788,-82.07136495539366,-131.083945136689
57.303214496704186,6.775046589464623,181.86321870421227,-74.7626411573151,-141.2462406385881
58.14440642740063,5.682396132673617,182.0083738206516,-67.2289969485396,-151.02484753063814
59.309571388992865,4.86105779567346,182.1917521631172,-59.48031670986711,-160.39667923172843
60.7916002379482,4.303973758038907,182.40921876451495,-51.52821253112337,-169.34006040903674
62.57691181053408,3.999069621021107,182.65327747885382,-43.38613574109184,-177.83477455002912
64.64555197872465,3.929378563364544,182.91315821764027,-35.069459584105324,-185.86209681701666
66.97143195313191,4.073271276586468,183.1749800698135,-26.59552567954553,-193.40481123378356
69.52270541210322,4.404789800784954,183.42198870470025,-17.98364750595437,-200.44721177010703
72.26228024458285,4.894080568969883,183.6348643073573,-9.255065212351234,-206.9750874831777
75.14845679874651,5.507919143731613,183.7920941357787,-0.4328475607632569,-212.97569251600208
78.13568067719686,6.2103164010903384,183.8704017076608,8.458261300642144,-218.43770240968695
81.1753944692923,6.963193391754288,183.8452227124525,17.392050321497653,-223.3511588205967
84.21696951879113,7.727109895953518,183.69121609264397,26.341102953658634,-227.70740530634149
87.20869603907525,8.462029882828475,183.38279743116186,35.27710663226306,-231.49901731866336
90.09880774040695,9.128105773389393,182.89468089279987,44.17120304361724,-234.71972988155244
92.83651573121091,9.6864626532317,182.2024155540131,52.99436965647358,-237.36436661239705
95.37302587362294,10.099963430371503,181.28290205427336,61.71782111720229,-239.42877374275426
97.66251405126512,10.33393640130079,180.11487612624367,70.31341772196777,-240.90976260523433
99.6630349431294,10.356847763260362,178.6793466976541,78.75406738418256,-241.80506367711374
101.33734184908792,10.140903252472384,176.9599778639291,87.01410738227544,-242.11329472426632
102.65359779850918,9.662565229272104,174.94340603908756,95.06965272928436,-241.83394489748287
103.5859614769509,8.902974080075978,172.61948591142695,102.89889923378912,-240.96737583287108
104.11503528185284,7.848265651718734,169.9814613479884,110.48237115986853,-239.51483994243057
104.2281669014228,6.489779451636764,167.02605998236473,117.80310573841126,-237.4785151978792
103.91960002662861,4.824155407573883,163.75351275319008,124.84676949710342,-234.8615548593983
103.190473979334,2.853319954535806,160.1675020059239,131.60170430049547,-231.66814982827012
102.04867600764125,0.5843649870851806,156.27504381144726,138.05890395325662,-227.9036006496765
100.50855361927148,-1.9706743192537886,152.08631179249315,144.21192504709757,-223.57439569298666
98.59049748206024,-4.79513472944997,147.61441091130132,150.0567382670289,-218.68829171468676
96.32040803814664,-7.868123471447447,142.8751103196207,155.59152848227484,-213.25439287561667
93.72906101311423,-11.16498911345667,137.8865444996016,160.81645353025309,-207.28322433993188
90.85138844930448,-14.65785308332974,132.6688915628424,165.7333725977479,-200.78679681658008
87.72569278353708,-18.316189750034326,127.24403678858785,170.34555549122615,-193.77865879517657
84.39281188306403,-22.107442957328857,121.63522836397937,174.6573838887262,-186.27393374779646
80.89525293048376,-25.997667129014715,115.86673095493876,178.67405493599608,-178.2893401827764
77.27631270185512,-29.952181466672585,109.96348131348793,182.40129637592713,-169.84319311011666
73.57920120893145,-33.936226247117126,103.95074874933687,185.84510089167486,-160.9553861728602
69.846184966145,-37.91561071829101,97.85380208639404,189.01148562047487,-151.6473543818348
66.11776537097941,-41.857342524426706,91.69758379945702,191.90628098056936,-141.9420180311578
62.431906906104054,-45.73022892079708,85.50639147046877,194.534951165641,-131.86370894476426
58.82332911009395,-49.50544024757024,79.30356657306993,196.90244700366128,-121.43808069238135
55.32287551900023,-53.157026231291084,73.11119091074367,199.01309043586116,-110.69200480394682
51.95697202314585,-56.66237570910839,66.94979178043985,200.87048870919276,-99.65345530085666
48.74718625655088,-60.00261038807869,60.838058055592874,202.4774755308204,-88.35138404948492
45.70989866421402,-63.16290334350645,54.79257079043309,203.83607592060207,-76.81558953236505
42.85609468616142,-66.13271322430242,48.82755351968454,204.9474913093508,-65.07658163380046
40.19128596401342,-68.90592567400196,42.95464902013835,205.81210154035944,-53.165444957529466
37.71556652944829,-71.48089439459156,37.182730752290716,206.4294807966542,-41.1137030474574
35.423807505108506,-73.86037566516849,31.517758345495757,206.79842504313027,-28.953185675464212
33.305990895728435,-76.05135204430664,25.962687169510588,206.91698927980016,-16.715901105903775
31.34767956589951,-78.06474346794366,20.51744210529533,206.7825336851948,-4.433914950350222
29.53061653188477,-79.91500699722481,15.17896497594507,206.39177852239234,7.860763103220448
27.83344232920136,-81.61963002098396,9.941343650529635,205.74086842156996,20.136283757477635
26.232514599256305,-83.19852567346422,4.796028565754501,204.82544728455966,32.361053216151504
24.702809361951026,-84.67334343777826,-0.2678606434939663,203.64074552721166,44.50381877210851
23.21887894637325,-86.0667121716625,-5.263139459640911,202.18168164115065,56.533745099132176
21.75583751247742,-87.40143687760717,-10.204079079467661,200.4429800838499,68.42048185771756
20.290341805693185,-88.69967418133459,-15.105853229555613,198.41930727169276,80.13422358740029
18.801532536444228,-89.98211440653162,-19.98392579531592,196.1054269438682,91.64576318504002
17.2719008380168,-91.2672000734932,-24.853398274910916,193.49637538826383,102.92654053851854
15.688044853292084,-92.57041136775798,-29.728339928196586,190.58765599167572,113.94868808210505
14.04128378838383,-93.90364843540642,-34.621126480698855,187.37545132977667,124.68507514339233
12.328100813244353,-95.27473814915797,-39.54181508239306,183.85684959863903,135.1093529446811
10.550391942415633,-96.68708922693777,-44.49758368255298,180.03008067748632,145.19600199418088
8.715505333283446,-98.13951434555398,-49.49226191304646,175.89475558644432,154.92038334525452
6.836064015551714,-99.62623135557001,-54.52597791720468,171.4521016613668,164.25879482006246
4.929574525647617,-101.13704815045878,-59.59494136975336,166.70518451812532,173.18853279837975
3.017833783433799,-102.6577275446532,-64.69137736794252,161.6591069327689,181.68795958478637
1.1261562715273516,-104.17052011187812,-69.80361920411048,156.32117422958189,189.73657572263963
-0.7175474119973124,-105.65484480820997,-74.91636061619377,150.7010157429714,197.3150959599073
-2.483801819215566,-107.0880898426768,-80.01106038633192,144.81065247629257,204.40552694018604
-4.142662968815985,-108.44650012151942,-85.06648458684685,138.66450226691742,210.9912441415144
-5.664831176252736,-109.7061130754255,-90.05936483086612,132.27931558947944,217.05706516604857
-7.022730562623044,-110.84370208076956,-94.96514501065518,125.67403755280922,222.58931623906605
-8.191506710146049,-111.83768618363874,-99.75878457294655,118.86959458777532,227.57588873978904
-9.14989779799654,-112.66896647089867,-104.41558366249728,111.88860765522978,232.00628277868597
-9.880940777833324,-113.32165310817102,-108.91199462019928,104.75503735627795,235.87163525853248
-10.372482378063637,-113.78365255109128,-113.2263853796703,97.493769899864,239.1647304933301
-10.61747447889604,-114.04709139222568,-117.33972316630727,90.13015625516893,241.87999227528482
-10.614044105406707,-114.1085613051218,-121.23615134858662,82.68951976391497,244.01345722399796
-10.365339324194029,-113.9691781118213,-124.90343800878647,75.19664980017073,245.56273025937185
-9.879163077977987,-113.63445663882852,-128.33328140569233,67.67530056282513,246.52692403802965
-9.167416866565299,-113.11401126721992,-131.52146457446585,60.14771463557039,246.90658510797556
-8.245384672042631,-112.42109950548321,-134.46785842231262,52.63419047812911,246.70361029777868
-7.130894223203629,-111.57203217429898,-137.17627943271407,45.15271151454652,245.9211574053627
-5.843397312396309,-110.58547863786788,-139.65421413664998,37.71865202509245,244.56355454393014
-4.403013259233461,-109.48169879175893,-141.91242756785107,30.344571759844683,242.63621251464997
-2.829579727677494,-108.28173516360847,-143.9644767945925,23.04010726493284,240.14554430534068
-1.1417530303419703,-107.00659852886858,-145.82615320233577,15.811963582212721,237.0988952810219
0.6438040194799726,-105.67647899037553,-147.5148784626259,8.66400551090592,233.50448687548666
2.5131144564173518,-104.31001167522899,-149.04907911106378,1.5974432742346059,229.37137566888805
4.455434678158724,-102.92362226196758,-150.44756347966091,-5.388896530118933,224.70942871199853
6.463640350092183,-101.53097268516221,-151.72892254239974,-12.298227177349485,219.5293149063662
8.53444282149152,-100.14252180502751,-152.91097322476887,-19.135400323642887,213.84251124357195
10.668437303859726,-98.76520981133042,-154.01025910386002,-25.906463524663458,207.6613218128134
12.86999300113568,-97.40226888820388,-155.04161939602665,-32.618194253816554,200.99890675974936
15.147003711993879,-96.05315643353993,-156.0178329009457,-39.27762771618506,193.8693178619472
17.510524734947424,-94.71360113879538,-156.94933934047614,-45.891594700964646,186.28753710174894
19.974327799136336,-93.37574673299412,-157.84403647921633,-52.46628392690046,178.26951457257252
22.55440984421455,-92.02837342624835,-158.70714770590672,-59.00684097587235,169.83220223963946
25.268493447031062,-90.6571733082819,-159.5411515380355,-65.51701316705268,160.9935804659748
28.13555626409733,-89.24505342438222,-160.3457619166588,-71.9988467967084,151.77267477248455
31.175423833422624,-87.77243921626953,-161.11794629807832,-78.45244024979114,142.1895609816659
34.40845437427577,-86.21755170781847,-161.85196752030785,-84.87575375665918,132.2653576480581
37.85533589702809,-84.55663442114908,-162.53943530311707,-91.26447417171823,122.02220545366646
41.53700521683899,-82.76411064265581,-163.16935408700343,-97.61193120724911,111.48323399423609
45.47468577858314,-80.81265833649192,-163.72815575809844,-103.90906014481386,100.67251705820448
49.6900271805733,-78.6731986091728,-164.1997086384395,-110.14440520819198,89.61501806708168
54.20531477705816,-76.31480388824014,-164.5652978980662,-116.30415751919094,78.33652777499645
59.043703782723654,-73.70454343473179,-164.80357716979657,-122.37222183895821,66.86359659634509
64.22942008880469,-70.8072958164082,-164.8904964618549,-128.33030706097205,55.22346403344898
69.78786081028387,-67.58556969370835,-164.79921724259998,-134.15803658164117,43.44398760963304
75.7455226964374,-63.999384720538586,-164.50003151776974,-139.8330761242707,31.553573484553347
82.12968712117114,-60.006272432118436,-163.96030746378642,-145.3312782132143,19.58111055336563
88.96779735461237,-55.56146153811941,-163.14448928516074,-150.6268441593783,7.555909331882843
96.28647776315111,-50.618311971939505,-162.01418294344728,-155.69250599499838,-4.492353665175951
104.11016555524108,-45.12905644525535,-160.52836174697143,-160.4997321559627,-16.53368600270483
112.45935314830668,-39.0458964920839,-158.64372599027112,-165.01896173126644,-28.53782449176848
121.3484719777654,-32.32248184235252,-156.31524843667694,-169.21987267166628,-40.47427674127374
130.7834847239965,-24.91577774736431,-153.4969320960552,-173.0716893803365,-52.312361001121545
140.7592899973583,-16.78829549169942,-150.14279826791693,-176.5435345279637,-64.02124671592804
151.25707850188502,-7.910628299716127,-146.20811121280823,-179.60482870324327,-75.56999858737156
162.2418093101669,1.7357996875073969,-141.65083135229193,-182.22573962169605,-86.9276271564166
173.6599958194497,12.155897093403846,-136.43327213532996,-184.3776801063031,-98.06314893935868
185.43800020677097,23.338136679917653,-130.52391749854027,-186.0338510013216,-108.94565896867289
197.4810303728247,35.25203158651678,-123.89933831798663,-187.16982171062295,-119.54441819729445
209.67301301659214,47.84604568389392,-116.54612875971517,-187.76413733348667,-129.82895763221646
221.87748038528662,61.046126910511546,-108.4627684879307,-187.79893761441033,-139.76920029262692
233.9395575464411,74.75503801068126,-99.66130582189729,-187.26056937197922,-149.3356011747708
245.68907431236138,88.8526300210023,-90.16875158125106,-186.14017098871,-158.49930439767243
256.9447551265958,103.19716084095874,-80.02807470919669,-184.43420519720115,-167.23231565754483
267.51936629605166,117.62770626515436,-69.29869960475892,-182.14491504220734,-175.5076870968574
277.22562861954617,131.96764719851672,-58.05642169306269,-179.28067775294585,-183.29971076122249
285.88264062498877,146.0291487281368,-46.392681767556994,-175.85623248916613,-190.5841160352141
293.3225088346704,159.61847932766514,-34.41317004438951,-171.89276061769164,-197.33826587115885
299.39685137651776,172.54195706870803,-22.235766035356,-167.4178013320884,-203.54134629518094
303.9828330943834,184.6122594648601,-9.987858086368163,-162.46499094569918,-209.17454361922958
306.98840555682636,195.6547989440489,2.1968758397725594,-157.07362086265294,-214.22120401565576
308.3564635223489,205.513850247759,14.182109604035631,-151.2880167604675,-218.66697061259504
308.06768801454206,214.0581210980326,25.832786567440095,-145.15674951572794,-222.499894016452
306.14192094197506,221.1854833398847,37.019145975804534,-138.7316964238279,-225.71051311880876
302.6380015268518,226.82662678079637,47.62067878221576,-132.06697882642652,-228.2919041433609
297.65208418466534,230.94745881251373,57.52983284247602,-125.21780888882346,-230.23969707032379
291.3145441810173,233.55014500072465,66.6552978719132,-118.23928352508113,-231.5520597743404
283.7856550192902,234.6727636772473,74.92472165219124,-111.18516698480403,-232.2296513622473
275.25028467408646,234.38762532303988,82.28673927018349,-104.10670512760291,-232.2755472402594
265.911902481434,232.79837953229384,88.71223447564269,-97.05151378105047,-231.69513932712871
255.986212428667,230.03609363295493,94.19479385303649,-90.06258080441162,-230.49601552364922
245.69473126989865,226.2545337482244,98.75035742588662,-83.17741670412609,-228.68782302599504
235.25861257533268,221.62490874476143,102.41611054871758,-76.4273821388679,-226.28212032065034
224.89298324835067,216.3303491704164,105.24869873911257,-69.83721279538403,-223.292222724486
214.80201108330792,210.56038746760407,107.32187718038506,-63.42475337661287,-219.73304614791041
205.17486514453725,204.5056843046417,108.72372834520763,-57.20090333513227,-215.62095338358307
196.1826698978066,198.35321167821786,109.55359365088543,-51.16976803234256,-210.97360668571568
187.97649367584992,192.28206006904082,109.91886811541922,-45.32900070426477,-205.80982973719443
180.68635618255144,186.45998824628447,109.93180120452345,-39.67031340571734,-200.14948133730144
174.42119145469016,181.04078411873917,109.70643360233157,-34.18012933372236,-194.0133423156868
169.26966411673453,176.1624567500234,109.35578010128688,-28.840344839059973,-187.4230163216536
165.30170894165383,171.94623610579256,108.98934504857564,-23.629167144423434,-180.4008442833675
162.57064673267243,168.49632033274838,108.71103074646453,-18.521993302443242,-172.96983150883983
161.1157225729535,165.90028161141143,108.6174727359321,-13.492297141522151,-165.1535856367131
160.96491408901676,164.23002130932895,108.79681063070791,-8.512493661203635,-156.9762629648321
162.13786562564053,163.54315301813673,109.32788043098142,-3.554754278928506,-148.46252011074264
164.64881699089943,163.8846872543057,110.27979498265272,1.4082488250701601,-139.63746751057374
168.50941053107204,165.28889291438125,111.71186403012578,6.402685613005119,-130.5266209588029
173.7312757188805,167.78121655949633,113.67379435433692,11.453009070466248,-121.15584724626827
180.32830446032224,171.38014977079953,116.20610370625526,16.581499268615897,-111.55129998018904
188.31854161881387,176.09894577526407,119.34067932056078,21.807910675046994,-101.73934187813374
197.72562296388833,181.94709811421333,123.1014122505527,27.14921825115358,-91.74645022549315
208.57969653478114,188.9315054413197,127.50484205267665,32.619454119914835,-81.5991027780507
220.91776346453827,197.057257073655,132.56075190760816,38.22962371347574,-71.32364217935765
234.78337138273704,206.3279835371752,138.27266158201593,43.98768835965694,-60.94611794468182
250.2255888874068,216.74572527531296,144.63817428390522,49.89860022957333,-50.492106232077795
267.2971850474512,228.31028149396946,151.64914312407655,55.964375388789406,-39.986508963055975
286.0519357275425,241.01801064683798,159.2916333536933,62.18419127840265,-29.45333534820253
306.54098136658575,254.86006537550017,167.54566768622018,68.554496181671,-18.91547048451837
328.8081715887332,269.82005896285835,176.3847537791862,75.06911997208555,-8.394437375528268
352.88435365127094,285.8711786687289,185.77520532464652,81.71937755020282,2.08983957812457
378.78059701368136,302.97278465870147,195.67528113622086,88.49415872248258,12.519259937996985
406.48039749740883,321.0665622468951,206.0341800174428,95.38000072796315,22.877750285070043
435.93097292848813,340.0723299870372,216.7909428317658,102.36114206527304,33.15143262056549
467.0338477749327,359.8836462282665,227.87332669512438,109.41955861778493,43.328744948346625
499.63502524858643,380.3634007464894,239.1967290241584,116.53498524181383,53.400500596087895
533.5151575505059,401.3396236834045,250.66325055231673,123.68492791333713,63.359873210773856
568.3802417949911,422.60178801417817,262.16099544685153,130.8446731793093,73.20229552349221
603.8534814492664,443.89791994594157,273.5637122570183,137.98730299965078,82.92526201643945
639.4690492633497,464.9328590970197,284.7308804548576,145.08372407185112,92.52802860104784
674.6685541793198,485.3680216561678,295.5083426716257,152.10272138089488,102.01120633565479
708.8010372410221,504.8230096126471,305.72957139859534,159.01104599059582,111.37625101201027
741.127286155284,522.8793727976379,315.2176401954059,165.7735469600048,120.62485598156637
770.8291530962948,539.0867643432523,323.78794303292614,172.3533566959854,129.75826164920298
797.0243778149055,552.9716326354813,331.2516715364294,178.7121379997483,138.77650132487582
818.7871562429006,564.0484648805902,337.42001948967174,184.81039948909307,147.67760920918434
835.1743592494062,571.833443072138,342.1090386280522,190.60788394378645,156.45682175836492
845.2569113560673,575.8601998337064,345.1450218228947,196.06403140899081,165.1058080621793
848.1554083597625,575.6971799950604,346.3702422169433,201.1385156108038,173.61196771807096
843.0786174711479,570.965937322399,345.6488331770349,205.79184843973377,181.9578355913589
829.3631015887149,561.3595399828105,342.87255780045564,209.98604304749983,190.12063150520763
806.5118817657849,546.6601391493415,337.96619181049107,213.68532164575805,198.07198912992618
774.2298390984796,526.7546878013852,330.89223326993886,216.85684962258915,205.77789213787713
732.4534940916471,501.6477937566561,321.654659134908,219.47147339123538,213.19883724344893
681.3729129368221,471.47076047853386,310.3014736805418,221.5044357868512,220.29023344156914
621.4437867906678,436.4860136860274,296.92583731547336,222.93604018164802,227.00303515843834
553.3882057289087,397.08632703290886,281.66562481461926,223.75223313606307,233.28459484490276
478.18327893087263,353.7885349359772,264.70133656230945,223.9450756351274,239.07970858577724
397.03749478994695,307.22173737357207,246.25237064391922,223.51307498179773,244.3318174031513
311.35551268676176,258.1103372997124,226.57175208856185,222.4613533206567,248.98431789376158
222.69286645890855,207.25258013969838,205.9395021074584,220.80163448951114,252.98192933966217
132.70276977437214,155.49555980235976,184.65490850357145,218.55203822989665,256.2720609662987
43.07778174777657,103.70789182109189,163.02802266605045,215.73667936192157,258.8061228658039
-44.510535145255254,52.75141120741871,141.3707537918028,212.38507884223904,260.54072727056683
-128.47068842238818,3.4533166500639254,119.9879537070572,208.53140307537197,261.4387331114808
-207.34588220862295,-43.41985171894531,99.16888417048679,204.21355678779844,261.470095649438
-279.8613507515987,-87.18514338628192,79.17943303914372,199.47216256019496,260.6124937600225
-344.9620859179514,-127.26199291442603,60.25539828027708,194.3494661711907,258.8517193866168
-401.8393312796889,-163.1861133011812,42.597093325099934,188.88821078469977,256.1818259079964
-449.94499075746864,-194.6180395859459,26.365448806448498,183.13052442607247,252.60504386722025
-488.9938970586265,-221.3462083397663,11.679700245214406,177.1168640459638,248.13148294343426
-518.9546379897442,-243.2847800860258,-1.383335031726034,170.88505587292934,242.77864762916386
-540.0302890715224,-260.46669753945264,-12.788469617156892,164.46946600094412,236.57080039910244
-552.6309042218619,-273.0327038533182,-22.53999514217199,157.90032770083027,229.53821002262475
-557.3399450495422,-281.21720902414006,-30.67837413421799,151.20324335171964,221.7163240805849
-554.8769741426662,-285.33198324098566,-37.27601969170277,144.3988697875822,213.14490387649977
-546.0589065674627,-285.7486740291779,-42.43242982978927,137.50278687469358,203.86715710539747
-531.761929162312,-282.88109621109567,-46.26894753250801,130.52554085908446,193.92889928192147
-512.8858923543162,-277.1681413120012,-48.92340574775156,123.47284693405324,183.37776950796362
-490.3225934732584,-269.0580104201985,-50.54489138393771,116.3459299346105,172.26252015927503
-464.92894471034776,-258.9943073316448,-51.28882705971738,109.14197828092887,160.6323939398845
-437.50559116600806,-247.40435245298613,-51.312527470154535,101.8546843297716,148.53659587879085
-408.78114723211854,-234.68990617834615,-50.7713422868142,94.47484407621363,136.02386252874487
-379.40187734223576,-221.22033449789484,-49.81545272532729,86.9909904841229,123.14212608621784
-349.9263755634909,-207.3281175168439,-48.587347001168496,79.39003732962793,109.93826750555242
-320.8246045951313,-193.30649816072568,-47.219962926340614,71.65791397651049,96.45794996989783
-292.48053779768645,-179.4089953187264,-45.83545526039326,63.780175600107654,82.74552227740564
-265.19760110370316,-165.8504620830489,-44.544521834536226,55.74257767628515,68.84398072138197
-239.2061239902626,-152.8093525856156,-43.44620603783555,47.53160772334896,54.79497777328734
-214.67206666763644,-140.43086584473787,-42.628083622106175,39.134971045921404,40.63886618146812
-191.7063801143363,-128.83065693066092,-42.16673822684986,30.542030361269447,26.414767839354088
-170.37446311881035,-118.09883942042757,-42.12843160261454,21.744201538683193,12.16065782239596
-150.7052943218709,-108.3040436501462,-42.56988017968929,12.73530916940156,-2.0865447744909473
-132.69992794357069,-99.49733845918334,-43.539058356226946,3.5119062917816706,-16.290886243821248
-116.33914252172042,-91.7158665857792,-45.07595971927465,-5.926437633030062,-30.417293626346765
-101.5901181868358,-84.98608318385334,-47.21325956133961,-15.576877371590847,-44.4315004431415
-88.41208759440558,-79.32652156765086,-49.976834876707755,-25.43305965100196,-58.299986006536045
-76.76095833345352,-74.7500395596258,-53.3861110506881,-35.48491845008067,-71.98993041379906
-66.59294154956899,-71.26552370784626,-57.45421737854801,-45.718500597130266,-85.4691863421707
-57.86724475668744,-68.8790476666438,-62.18794617681956,-56.11582674546047,-98.70626790039758
-50.54789903088933,-67.59449606670218,-67.58752246568696,-66.65479496831921,-111.67035605206347
-44.60479488646774,-67.41367730274844,-73.64620292668525,-77.30913603433788,-124.33131950510733
-40.0140000018658,-68.3359589498573,-80.34973398276462,-88.04843071006535,-136.65974945903537
-36.757428237429245,-70.35746901652017,-87.67570926271245,-98.83820002930892,-148.62700621353198
-34.82192535252531,-73.46991580310073,-95.59287616944286,-109.64007924306958,-160.20527536729494
-34.19783431748492,-77.65908933922663,-104.06044944300135,-120.41208503613603,-171.3676311747365
-34.87710345349335,-82.9031184758536,-113.02749606073257,-131.1089835320775,-182.0881045771836
-36.85100461285592,-89.17056959408004,-122.43246003083597,-141.68276362998407,-192.34175348312397
-40.10753647993737,-96.41848507361149,-132.20289704131267,-152.08321640716574,-202.10473303253656
-44.62859953510601,-104.59047128919201,-142.2554869536886,-162.25861682581683,-211.35436383351367
-50.38704346523226,-113.61495581327449,-152.49638627944557,-172.15649900339037,-220.06919649302742
-57.343703531599225,-123.40374030743844,-162.82197268747916,-181.72451110151636,-228.2290711577478
-65.4445579172337,-133.85097777958126,-173.12001912881723,-190.91133075415172,-235.8151712141836
-74.61815136177363,-144.83269899514008,-183.27131649024705,-199.66761721484013,-242.81007074353474
-84.77343927521287,-156.20700158167662,-193.15174131160495,-207.94697238228855,-249.19777575729714
-95.79820883180251,-167.8149958578587,-202.634739916407,-215.70687987473946,-254.9637596280953
-107.55822732114007,-179.4825732976496,-211.5941735798969,-222.90958963671844,-260.0949934492218
-119.8972517477622,-191.02302715338382,-219.90744269339973,-229.52291538451482,-264.57997228532844
-132.638006449655,-202.24051125014518,-227.45878312117142,-235.52091365430323,-268.40873839944993
-145.58419732457048,-212.93427430318644,-234.1426070396674,-240.88441633528652,-271.5729025497806
-158.5235830818877,-222.9035560629657,-239.8667454068568,-245.60139327054173,-274.06566434451827
-171.23206780621328,-231.95298156608362,-244.5554415067176,-249.667127602645,-275.8818324327761
-183.4787180885947,-239.89824459218192,-248.1519460201072,-253.0841937431627,-277.0178450123968
-195.03154599396174,-246.57183502942206,-250.62057448274658,-255.86223578379605,-277.47179077455166
-205.66384075926754,-251.8285409144259,-251.94810780800753,-258.0175524120125,-277.2434300102838
-215.1607821869113,-255.55044747497314,-252.1444450232007,-259.5725024831913,-276.33421520702603
-223.32603187212152,-257.6511646026587,-251.24245299117214,-260.55475287451117,-274.7473100958016
-229.98797870056052,-258.0790415564073,-249.2969984969868,-260.99639667671454,-272.48760580199854
-235.00531539729596,-256.81917259638703,-246.38319099565797,-260.9329748079025,-269.56173252938305
-238.27164475096333,-253.89405738419768,-242.59390657082466,-260.4024374887283,-265.978065087155
-239.71885719095803,-249.36285164127202,-238.0367022372677,-259.4440835402386,-261.7467205641804
-239.31908354219942,-243.31922185049814,-232.83026185296768,-258.09751511320167,-256.8795465661772
-237.08510415766435,-235.88789706718532,-227.10053829048638,-256.4016433084704,-251.39009865426092
-233.0691829019852,-227.22008526317003,-220.976769545332,-254.39377639027933,-245.29360594454397
-227.36038527300917,-217.4879854291801,-214.58754835254024,-252.10881720862267,-238.60692422815816
-220.08052748758038,-206.87867508612007,-208.05711575581665,-249.57859038250945,-231.34847642481958
-211.37898098172428,-195.58768235625752,-201.50202990244708,-246.83131314370974,-223.53818066424148
-201.42661863849148,-183.81256036825337,-195.02833384916522,-243.8912169021346,-215.1973667686303
-190.40923066260328,-171.7467693338284,-188.72931266137402,-240.7783199554867,-206.34868236069764
-178.5207566268414,-159.5741397048064,-182.68389321730763,-237.50834567093153,-197.01599021926248
-165.95667506375716,-147.46414152682476,-176.95570263819818,-234.09277519843766,-187.22425882880876
-152.90786431669727,-135.56812479876123,-171.59276576174372,-230.53901954266405,-176.9994483062859
-139.55520126841486,-124.01662844083745,-166.62779081356166,-226.85069274935591,-166.3683940270163
-126.06510257829271,-112.91778675488484,-162.07896715261774,-223.02796609912855,-155.35869031140444
-112.58614170346655,-102.35679717436966,-157.95118080100627,-219.06798251526786,-143.9985764759629
-99.24680020704875,-92.39635612064612,-154.2375429006224,-214.9653107868426,-132.31682740504652
-86.154339480939,-83.07792435212161,-150.92112313560543,-210.71242053534692,-120.34265057496322
-73.3947141995119,-74.42365152343422,-147.9767838512338,-206.30016092722482,-108.10559117451731
-61.033395687534444,-66.43877265312541,-145.373020000358,-201.71822874904336,-95.63544663144826
-49.11693472463611,-59.11428646244397,-143.07372379498153,-196.95561440392294,-82.96219148877569
-37.675070472898,-52.42973563432597,-141.03980953967556,-192.0010174506341,-70.1159131938777
-26.72318514810851,-46.35592965099357,-139.2306520867154,-186.84322630128776,-57.12675897945885
-16.264911455170072,-40.857479162796245,-137.60531031282255,-181.47145945668225,-44.02489364040298
-6.29471937543974,-35.895043751150595,-136.1235238130344,-175.8756680572309,-30.84046765221396
3.199662344413774,-31.427229467445624,-134.74648574020685,-170.04680146398678,-17.603594741426853
12.235100009763329,-27.412105951188366,-133.43740677614952,-163.97703899539636,-4.344337710227951
20.831256916605597,-23.808343029711743,-132.16189427161046,-157.6599918021063,8.907298960469404
29.009179553604795,-20.575991843254204,-130.88817656310658,-151.0908791687859,22.12137145038257
36.79027065485259,-17.676954715414073,-129.58720550499726,-144.26668332154094,35.26799581183253
44.195623235765126,-15.075200799610126,-128.23267065087026,-137.18628615236506,48.317346153758365
51.245667695356,-12.73679111172503,-126.80095669692668,-129.85059023050783,61.23965402067885
57.96006905443056,-10.629777475379125,-125.27107224197262,-122.26262515495888,74.00521125981722
64.35780343507582,-8.724036038845398,-123.62457312321749,-114.42763882740311,86.58437867775264
70.45734147187572,-6.991088439026193,-121.84549803679461,-106.3531717134795,98.94760272418719
76.27687058644007,-5.403953529822175,-119.92032828733234,-98.04911073891579,111.06544229492893
81.8344968042131,-3.9370609756581345,-117.83797771289409,-89.52771826000992,122.908607510602
87.14837876570637,-2.566245951974288,-115.58981341350447,-80.80363066970087,134.44801199635444
92.23676048771132,-1.2688325557309454,-113.16970311681304,-71.8938207512492,145.6548397596572
97.11788404641379,-0.023802990989665318,-110.57408101973877,-62.81751794767345,156.50062724279474
101.80977761131963,1.187959352212026,-107.80202086688274,-53.59608132578741,166.95736052521255
106.32992727651038,2.3833718568020927,-104.85530292846457,-44.25282119222332,176.99758698762918
110.69485224215084,3.5768236135666953,-101.73846044327391,-34.81276704216584,186.59454005127873
114.91961163848828,4.779842227837648,-98.45879097883295,-25.302381724098506,195.72227490549375
119.01727739771387,6.000784399426827,-95.02631898653627,-15.749224281901267,204.3558124740144
122.99841098394504,7.2445774041926825,-91.45369752407403,-6.18156674837439,212.4712882870742
126.87058255363587,8.512536276090827,-87.75603958950227,3.372026959471743,220.0461024649284
130.63796941791404,9.802277850175102,-83.95067265155939,12.88314914271188,227.0590667181421
134.30106678448382,11.107748138484837,-80.05681363975486,22.324010094741027,233.49054416313808
137.85653800005392,12.419374029241666,-76.09516572864194,31.667898313241984,239.32257786026273
141.29722426774745,13.724344277132985,-72.08744254787419,40.889622693648846,244.53900431469867
144.61232547809328,15.00701843439056,-68.05582978874902,49.96591984726549,249.1255487316954
147.78775478116927,16.24945599894933,-64.02239836090178,58.87581019096333,253.06989956304645
150.80666026641927,17.432051867238698,-60.008487066825566,67.60088789170317,256.36176078386825
153.6500980293598,18.534258414452694,-56.034075991731456,76.12553207798464,258.9928813436705
156.29783241027852,19.535369425072062,-52.117174239970595,84.43702984855517,260.95706228036045
158.72923169510472,20.415336899241325,-48.27324708966778,92.5256053551872,262.250143001481
160.92422144982126,21.155588692547184,-44.51470792117162,100.38435339596433,262.8699691526945
162.86425325591446,21.739813213399202,-40.850499280496535,108.00908028437092,262.81634524588054
164.53324420180317,22.15467717003503,-37.28578510835858,115.39805899273188,262.0909757538792
165.91844226218979,22.390443740466935,-33.821772513301156,122.55170944699454,260.6973986585511
167.0111747638296,22.441461574095413,-30.455676590094555,129.4722181393106,258.64091544505703
167.80744147507482,22.30649967633444,-27.18083586882436,136.16311372878758,255.9285212709842
168.30832032640876,21.988909335347685,-23.986979292218408,142.628816883592,252.56883852838294
168.52016209710337,21.496601580558078,-20.86063850194803,148.8741832052355,248.57205630321351
168.45456019389326,20.84183688053909,-17.78569206561683,154.9040576654024,243.94987737934204
168.12809239964196,20.040832478792026,-14.744021520306973,160.7228576425872,238.715473501413
167.56184260175763,19.113201459354585,-11.716253174253069,166.33419949192523,232.8834486768485
166.780721397622,18.0812458350439,-8.682554886675263,171.74058079051346,226.46980943192946
165.81261449088,16.969133173790922,-5.623453866366759,176.94312717443202,219.49194020381606
164.68739635452536,15.80199208404899,-2.520640126721702,181.94140924123397,211.96858149953542
163.43585324553413,14.604965910370453,0.6422792735661602,186.7333315502903,203.91980811599987
162.0885639346474,13.402265996496865,3.8791076954640005,191.31509250990064,195.36700460822584
160.6747882367896,12.216265737056304,7.2004964542737895,195.68121106430047,186.3328353096289
159.22141253093312,11.06667438124687,10.613515169803307,199.82461371277253,176.84120652810145
157.75199804918836,9.969825331221813,14.121370926892531,203.73677359067435,166.91721902880752
156.28597205610654,8.93810777685107,17.72328478913466,207.40789215663332,156.58710952254222
154.83799452618854,7.9795633101896755,21.4145265220682,210.82711345523253,145.878180555883
153.4175240566581,7.097661120799515,25.186600932804353,213.98276091765803,134.81871889594552
152.02859707872534,6.291256973606352,29.02757245652294,216.86258715172187,123.43790316584438
150.6698245288189,5.554732899993041,32.922508887716845,219.45402806293006,111.7657020798525
149.33460056198976,4.878306838494439,36.85402074934929,221.74445383533072,99.8327651137061
148.01150912507822,4.248494727041688,40.8028698921304,223.72141067498012,87.67030780525377
146.68490666105322,3.6487020699382953,44.74861958725179,225.37284867497476,75.30999410492777
145.33565318352444,3.0599179742367397,48.67029857764589,226.68733260361398,62.78381827957207
143.94195962047237,2.461482161863671,52.547053147006515,227.65423376349437,50.123988830644016
142.48031673864287,1.831894503734219,56.35876403775095,228.26390225352026,37.3628167293004
140.92647007682257,1.1496370885330123,60.08660872427802,228.50781993816113,24.532610017299625
139.25640599553387,0.393980556128966,63.71355382262438,228.37873515649633,11.665576497287196
137.44731597826348,-0.45425083539846867,67.2247669785177,227.87078067135562,-1.2062641441934931
135.4785094319581,-1.4119774405582604,70.60794212311437,226.97957656428352,-14.051157846790955
133.33224914253324,-2.4932437987256577,73.85353625469959,225.70231973682073,-26.83768281043859
130.99448795273958,-3.708693379139021,76.95491967446422,224.03786140583756,-39.534805168794975
128.4554898686104,-5.065148132444364,79.90844471376896,221.98677351398354,-52.11192402769803
125.71032342294505,-6.565298502664234,82.71344033715182,219.55140435806496,-64.53890658610324
122.75921952962369,-8.207505948394243,85.37214154860212,216.73592301877335,-76.78611441739696
119.60779009970612,-9.985716900591811,87.88956328639881,213.54635141066095,-88.82442231677466
116.26710726145892,-11.889484505197686,90.2733285294972,209.99058202274833,-100.62523140800396
112.75364608345157,-13.904092475111355,92.53345976508052,206.0783787509842,-112.16047844271684
109.08909624018699,-16.010773880001963,94.68214191997227,201.82135769652626,-123.4026434148864
105.30005011968419,-18.187016673340977,96.7334634941572,197.23294447892602,-134.32475773897352
101.41757651537131,-20.406947110401518,98.70314111709709,192.3283045424304,-144.90041529809506
97.4766903539305,-22.6417818503447,100.60823123460347,187.12424315889766,-155.10378864756686
93.51572997610172,-24.860339358302767,102.46683127154924,181.63907237873326,-164.90965254954492
89.57565439608102,-27.02960113287037,104.29777152476618,175.89244305868147,-174.29341681335885
85.69927379361057,-29.115313196677036,106.12029831241566,169.90514128940688,-183.23117011492073
81.93042729626919,-31.082618139924378,107.95374859841635,163.69885001729634,-191.69973607167282
78.31312292031896,-32.89670775931598,109.81721644116811,157.29587834283114,-199.67674236084753
74.8906553596179,-34.523485976531965,111.72921216717302,150.71886279759923,-207.14070309912776
71.70471811819414,-35.93023126723327,113.70731608768929,143.99044674888881,-214.07111407235882
68.79452722224092,-37.08624732468164,115.7678297750026,137.13294583909098,-220.44855973532904
66.19597434665174,-37.96349018517468,117.92542928562969,130.1680089112398,-226.25483022692126
63.94082756196901,-38.53715963339431,120.19282613440303,123.11628508159309,-231.47304599765943
62.05599795299085,-38.786242471894695,122.58044315454622,115.99710838499684,-236.0877870605551
60.56288998687856,-38.69399526675609,125.09611349544485,108.82821164885613,-240.0852233904256
59.476852635164825,-38.24835454945047,127.74481179540336,101.62548088907855,-243.45324264227875
58.80674681904181,-37.442263226123615,130.5284269275044,94.40276054104432,-246.18157116630013
58.55464271988908,-36.27390315895418,133.44558558596182,87.17171825916826,-248.26188428454972
58.71565787843197,-34.74682555334973,136.49153532596608,79.94177589862647,-249.68790197310602
59.277943836967395,-32.86997289082372,139.6580944953651,72.72011073009793,-250.4554664632918
60.22282543701669,-30.657588642851408,142.93367483954154,65.51172806756311,-250.56259882291377
61.52509288193377,-28.129013809060773,146.3033804936183,58.319603466685116,-250.00953228019705
63.15344245352989,-25.308372342441594,149.7491846962333,51.14488965173807,-248.7987208741018
65.07105749607811,-22.224150637149563,153.25018298519393,43.98718052713407,-246.93482291273673
67.23631712756192,-18.908679330055286,156.78291899796992,36.84482218965865,-244.42465964831197
69.60361628300058,-15.397528574307074,160.32177643203224,29.715258921757943,-241.2771504821074
72.12427730655833,-11.728830554914246,163.83942834940262,22.595400823577954,-237.50322684736403
74.74753053734781,-7.9425452180421985,167.30733295150645,15.481999098612008,-233.11572763654047
77.42153929732484,-4.0796868846330625,170.69626329834466,8.37201506923983,-228.12927960616827
80.09444347586393,-0.18153054305960836,173.9768572719059,1.2629697396732418,-222.56016657921506
82.71539555904356,3.711182876243612,177.12017343009032,-5.846737919897382,-216.42619145714295
85.23556347749212,7.55902306266259,180.09823827988652,-12.95755392473343,-209.74653504850286
87.60907600953435,11.32461027901769,182.88457090588156,-20.06854116771837,-202.5416155258691
89.79388860086645,14.973301570028262,185.45467178473922,-27.177205468946514,-194.83295196049286
91.7525502439277,18.473807904182145,187.7864639417044,-34.27937842865927,-186.64303488066042
93.45285536608756,21.79872916380016,189.86067628618116,-41.36915722366592,-177.9952061934666
94.86836835672881,24.92499645622896,191.66116091436746,-48.43889917985585,-168.9135501397764
95.97881226122179,27.834213991943393,193.17513829582964,-55.479266956175074,-159.4227962580893
96.77031712395737,30.51289564998384,194.39336647298398,-62.47931856950507,-149.54823465746267
97.23552732317629,32.95259422082589,195.3102326083569,-69.42663532843139,-139.31564327414375
97.37357086939303,35.1499240787729,195.92376733046063,-76.30748004578467,-128.75122624385213
97.18989692147149,37.106480601222046,196.23558428350353,-83.10697765499702,-117.88156208312172
96.69599061996918,38.82866194737316,196.2507490210196,-89.8093105286415,-106.73356005158735
95.90897668298487,40.32740077663773,195.9775828554387,-96.39792132998623,-95.3344228730267
94.8511250234591,41.61781509215155,195.4274084590067,-102.85571704911251,-83.71161392041286
93.54927292316076,42.718788619554665,194.61424489575435,-109.16526890140194,-71.89282701519105
92.0341790589898,43.652491978105466,193.55446035495999,-115.3090039132603,-59.90595713855747
90.33982496558207,44.44385639025902,192.26639117300775,-121.26938520626905,-47.77907058305885
88.5026793950991,45.12001183992453,190.76993580268325,-127.02907913922854,-35.540373370073176
86.56094057423853,45.70970147471697,189.08613225585464,-132.57110851393844,-23.218177095063332
84.55377063899587,46.24268370491334,187.2367272506997,-137.8789919413559,-10.84086171984295
82.52053562935211,46.74913293641831,185.24374488361354,-142.93687016171586,1.5631648137955176
80.50006342391049,47.25904924098925,183.12906216253475,-147.7296205924837,13.965509943610863
78.52993095334509,47.801686562032515,180.91399822144626,-152.2429616313796,26.337842319838845
76.64579100337545,48.405008319743075,178.61892351710395,-156.46354827437278,38.65193937460979
74.8807479384977,49.09517854455733,176.26289481098067,-160.37906043704123,50.879735717715064
73.26479076521606,49.89609595045907,173.863321273874,-163.9782850206043,62.99337134897442
71.82429110947429,50.82897766524688,171.43566661888042,-167.25119227931967,74.96523865765946
70.58157289210456,51.911998655561256,168.99319176099016,-170.18900646743623,86.76802723567177
69.55455972016067,53.15999220350124,166.5467421001731,-172.7842701219125,98.37476566634369
68.7565052321221,54.58421608286848,164.10458310397044,-175.03090072291454,109.75885965394374
68.1958107961004,56.1921883155667,161.67228739521903,-176.92423791982412,120.89412612234337
67.87593401668434,57.987595531094165,159.25267599952213,-178.4610790656844,131.75482322347065
67.79539041470746,59.97027597389743,156.84581574583058,-179.63970051122527,142.3156765369483
67.94784937160202,62.13627808274973,154.44907401843085,-180.45986200742158,152.55190209853
68.32232395481363,64.47799429016105,152.05723111447452,-180.9227916781535,162.43922724196824
68.90345255862614,66.98436825879368,149.6626493642038,-181.03114936505145,171.9539105570358
69.67186842178893,69.64117220331313,147.2554969315283,-180.7889667134021,181.0727625352733
70.60465105515958,72.4313492721554,144.82402285511202,-180.20156314403346,189.77316867025763
71.67585148780071,75.33541423565993,142.3548784550357,-179.27543780870977,198.0331168869859
72.85708109533343,78.33190400954607,139.83347877127537,-178.01813870821826,205.83123117678832
74.11815170320858,81.39786791332347,137.24439628340937,-176.4381113029646,213.14681320176072
75.427752765409,84.50938610827086,134.57177786077085,-174.54453009538247,219.95989340270617
76.75414981486233,87.64210346636662,131.7997747854173,-172.3471177367294,226.25129279798347
78.065887174161,90.77176527513869,128.91297485470284,-169.85595713201297,232.00269620957087
79.3324772013369,93.87474075837207,125.89682507317272,-167.08130271483498,237.19673711383308
80.52505820522023,96.92852044601092,122.73803334208247,-164.03339747907216,241.8170937118841
81.61700365388978,99.91217399502733,119.42493788652662,-160.72230244133775,245.8485951795379
82.58446644131212,102.80675615441076,115.94783393944316,-157.15774494281294,249.27733642208509
83.40684376123576,105.59565016136823,112.29924842014364,-153.3489915795781,252.09079906214942
84.06715051636658,108.2648399019156,108.47415496453702,-149.30475059869616,254.2779758649599
84.55229208145337,110.80310458700872,104.47012362455035,-145.03310735978727,255.82949538748937
84.85323052641581,113.20213238219013,100.28740177094338,-140.54149500434227,256.73774335469403
84.96504194842545,115.45655226106201,95.92892510465009,-135.83670088126556,256.99697713727437
84.8868662007039,117.56388619679163,91.4002600953668,-130.92490764108766,256.6034297432897
84.62175387361582,119.52442652549655,86.70948150381044,-125.81176632952844,255.55539994186026
84.17641871493714,121.34104577973004,81.86699079416132,-120.5024973791354,253.8533255025249
83.56090661886788,123.01894838509912,76.88528310312519,-115.00201419787463,251.49983704009725
82.78819473759899,124.5653752453866,71.77867191763677,-109.31506315357568,248.49979057507062
81.87373607491284,125.9892733466417,66.56298166484356,-103.4463731991311,244.86027762000677
80.83496604515044,127.30094305668281,61.25521899987625,-97.40080819573284,240.59061234474672
79.69078789773594,128.51167578265853,55.873233684306356,-91.18351516862329,235.70229611836018
78.4610536314645,129.6333941081066,50.43537960107612,-84.80006224313507,230.20896043401657
77.16605610521313,130.67830552212422,44.960185695385846,-78.25656081120219,224.126289860253
75.82604657415973,131.6585794586541,39.466045531848025,-71.5597675064655,217.471927198259
74.46078995056772,132.58605568252892,33.970932794459074,-64.71716274367017,210.26536343803724
73.08916782885314,133.47199019660746,28.49214851736363,-57.73700382841675,202.52781538374296
71.72883685690437,134.32684290893337,23.046104210083264,-50.62835188733261,194.2820939539677
70.39594751060211,135.16010939193956,17.648143417279055,-43.40107303705688,185.5524661618302
69.10492585716872,135.98019727622176,12.312402708422102,-36.06581524449534,176.36451365240643
67.86831858279425,136.79434622319877,7.051711689927878,-28.633963184660292,166.74499043943916
66.69669949758598,137.60858906723732,1.8775304221077391,-21.117574050059748,156.72168216262216
65.59863397978803,138.427750642169,-3.200078362902957,-13.529297693267424,146.3232688041401
64.58069642176048,139.25548002292598,-8.172445592127659,-5.882284696867082,135.57919238733447
63.647534707516506,140.09431141445253,-13.032264585987818,1.8099140201730357,124.51953075476699
62.80197508035659,140.94574868672055,-17.773536327248124,9.53345260726549,113.17487811165127
62.045160424627035,141.8103685526562,-22.39149546769753,17.274297536364173,101.57623264471962
61.376714948195534,142.6879375733356,-26.88252117390182,25.018333931509495,89.75489119960442
60.79492846264665,143.57753850537273,-31.244036674257373,32.751468643262044,77.74235073642222
60.296953859921544,144.4777019307519,-35.47440103020766,40.459728198648634,65.57021608784274
59.879011919865285,145.38653958424322,-39.57279625378824,48.129350203760794,53.27011341988075
59.53659819704805,146.30187627651662,-43.53911246501491,55.746867178075654,40.87360874241913
59.26468737653129,147.2213777680854,-47.37383335760591,63.29918213850664,28.412130826099272
59.057931114640624,148.14267235425487,-51.077923845270895,70.77363551284057,15.916897950102438
58.910845958637296,149.0634642568212,-54.6527214115586,78.15806314114836,3.418848018305833
58.81798844632088,149.98163717681024,-58.0998323979627,85.44084522323621,-9.051428271581054
58.77411491158148,150.89534654457321,-61.42103424233596,92.61094609635981,-21.46375135193416
58.77432386397806,151.80309911829113,-64.61818452331204,99.65794469614298,-33.78841377289923
58.81417907926782,152.70381864559715,-67.69313757042897,106.57205548167953,-45.99623805296578
58.88981175084017,153.59689633708916,-70.64766935237486,113.34413951428306,-58.05863103949662
58.9980002339924,154.4822249310903,-73.483411343363,119.96570529185247,-69.9476343037069
59.1362260944973,155.36021518366613,-76.20179407139761,126.42889887941189,-81.63597001244388
59.30270538041506,156.23179372432978,-78.80400105262326,132.72648286274415,-93.09708168566006
59.49639430131529,157.09838140184573,-81.29093379405171,138.8518037064567,-104.3051692697913
59.716968847327784,157.96185152654658,-83.66318848293717,144.79874723338273,-115.2352180368406
59.964778331257946,158.82446781045093,-85.92104486054367,150.5616821705223,-125.86302095717659
60.24077340041056,159.68880231969885,-88.06446758886109,156.13539202964662,-136.16519438799844
60.54640974005378,160.5576343811049,-90.09312015544553,161.51499600397838,-146.1191871626758
60.883529465003384,161.43383211092203,-92.00639102576403,166.69586005470012,-155.70328344873874
61.2542230435218,162.32021903191873,-93.8034313518362,171.67349991025344,-164.89660005088396
61.660675481169484,163.21942907751315,-95.48320309791505,176.4434782809833,-173.6790791535599
62.1050013625125,164.1337541016319,-97.04453597129589,181.00129916574633,-182.0314778068186
62.58907414889843,165.06498876613898,-98.48619107877967,185.3423026559881,-189.93535573894752
63.114355799858664,166.0142783066695,-99.80692880127731,189.46156408497345,-197.3730633093237
63.68173326207974,166.9819751244665,-101.00557802562881,193.3538016817939,-204.32773157533788
64.29136859715003,167.96751036418434,-102.08110362975239,197.01329703420825,-210.7832665207568
64.9425694503331,168.96928657196486,-103.03266901525197,200.43383260852312,-216.72434946596712
65.63368616545083,169.98459715505095,-103.85969054463828,203.60865029690765,-222.13644554464233
66.36204111280614,171.0095776723341,-104.56188098279671,206.530434454368,-227.00582188407486
67.12389472624177,172.0391929827293,-105.13927946572316,209.19132215388123,-231.319576772203
67.91445137461548,173.0672629960045,-105.59226611306215,211.58294245165538,-235.06568064479015
68.72790657705467,174.08652826012076,-105.92156013925131,213.69648535181153,-238.23302919976592
69.55753528620286,175.0887549512437,-106.12820116351156,215.52279994262665,-240.81150836697816
70.39581910198969,176.0648770939066,-106.21351432353339,217.0525199080409,-242.7920702598624
71.23460844281469,177.0051721251184,-106.17906070571246,218.27621336801013,-244.16681864316658
72.06531399868939,177.8994643274996,-106.02657545786245,219.18455284295607,-244.92910190111104
72.87912032424634,178.7373492883234,-105.75789669098123,219.76850014074154,-245.07361101508627
73.66721328961188,179.50843147849446,-105.37488885370617,220.01950019161546,-244.59647968743255
74.4210123664841,180.20256635555222,-104.87936463565634,219.92967735689447,-243.49538350052885
75.13239843277151,180.81009812200733,-104.2730095967205,219.49202754321024,-241.76963489353577
75.7939279519214,181.32208443329424,-103.55731361760253,218.70059957944812,-239.4202707793464
76.39902501218555,181.7304999386385,-102.73351292865672,217.55065975067515,-236.45012980929678
76.94214375732042,182.0284115166021,-101.80254592214902,216.03883410547596,-232.86391661185903
77.41889513873156,182.21011937434068,-100.76502522488863,214.16322411512502,-228.6682507648184
77.82613358341591,182.27125973520734,-99.62122765299708,211.9234924060986,-223.87169878278013
78.16200100247477,182.20886655002056,-98.37110274467851,209.32091654261617,-218.48478798307784
78.42592745433853,182.0213914332328,-97.01429962972419,206.3584101301891,-212.5200017006891
78.61858961943435,181.70868274772465,-95.5502111038225,203.04051177252893,-205.99175592387184
78.7418299418261,181.2719263502895,-93.97803298259569,199.3733435759192,-198.91635798621004
78.79854076551555,180.71355188686118,-92.29683615700986,195.364541902052,-191.3119484508887
78.79251897619338,180.03710963350022,-90.5056482872701,191.02316387921232,-183.19842773800806
78.72829751279579,179.24712367817455,-88.60354177269488,186.35957376599126,-174.59736936084158
78.61096062066667,178.34892771363332,-86.58972452251479,181.38531361072066,-165.53192184432768
78.44594988585042,177.34848986855985,-84.4636301156475,176.11296276741575,-156.02670149785416
78.23886794415833,176.2522328669381,-82.22500415558518,170.55599073473005,-146.1076782100763
77.99528634246167,175.06685541395302,-79.87398396876253,164.72860750668923,-135.8020563370349
77.72056339764521,173.79916011158292,-77.41116922672421,158.64561520107725,-125.13815258148252
77.41967711214225,172.4558924656592,-74.83768155720787,152.32226420559388,-114.14527252912427
77.09707732711098,171.0435947177571,-72.15521171020114,145.77411649627547,-102.85358723664271
76.75656038436802,169.5684773762768,-69.36605333091032,139.0169181794409,-91.29401097537182
76.40116867952281,168.0363104826238,-66.47312283480144,132.06648272552468,-79.49808094476539
76.03311666340343,166.4523358717243,-63.47996526118707,124.93858583053714,-67.4978394953173
75.65374411785089,164.82120100306813,-60.390746289795146,117.64887238422124,-55.325719158114225
75.26349691307539,163.14691436851075,-57.21023083418109,110.21277565698173,-43.014430578071035
74.86193495186501,161.4328220345431,-53.94374878128364,102.64544854861127,-30.596853296911632
74.44776661494697,159.68160454765598,-50.59714853627073,94.96170657036164,-18.105929237257783
74.0189087248892,157.895293209569,-47.176739070929884,87.17598214886503,-5.574558698514039
73.57257081939922,156.07530459589498,-43.68922118082412,79.30228983434472,6.964501310600204
73.10536233978186,154.22249212229013,-40.14160864993917,71.3542020461077,19.478736514715244
72.6134211654282,152.33721342866397,-36.54114002357202,63.344835075153384,31.93597259717259
72.09256173052482,150.41941232618936,-32.895181718800885,55.28684516371155,44.30447007645097
71.5384407173529,148.4687140057216,-29.211123274276694,47.1924345694511,56.553016542299304
70.94673801066284,146.48453211628944,-25.4962656711039,39.07336757775765,68.651015788937
70.31335020628894,144.46618616903055,-21.757703851265077,30.940996426637,80.56857321361535
69.63459349043129,142.4130274930635,-18.00220482414361,22.806297040682367,92.27657669598355
68.90741215101352,140.3245716610121,-14.236083080628752,14.679914322290509,103.74677204722471
68.12958836681295,138.20063491692824,-10.46507541879624,6.572216513618557,114.95183203345232
67.29994827290864,136.04147169229987,-6.694217709525184,-1.506642173692338,125.865417943557
66.41855866159571,133.8479098088885,-2.9277265702094297,-9.546651854539961,136.4622326977193
65.48690809394294,131.62147947181177,0.831110656827228,-17.537871831095984,146.7180645865006
64.50806572334929,129.36453169170832,4.580033842655517,-25.4703521321499,156.60982089263388
63.48681082604806,127.08034138497509,8.317891849267571,-33.33405431891521,166.11555088099485
62.429725952252234,124.77319013442775,12.044703890574148,-41.11877457870848,175.21445793952958
61.3452468087568,122.44842349696228,15.761696203052939,-48.814072483113236,183.8869010070003
60.24366250333742,120.11247786475596,19.47130992612508,-56.40920902223592,192.11438581925145
59.13706065510215,117.77287226041847,23.177176487353304,-63.89309760351186,199.8795469243209
58.03921311651679,115.4381611004911,26.88405742085294,-71.25427159194044,207.1661218392025
56.96539965568766,113.11784490874902,30.597746423652847,-78.48087164413559,213.95891912113336
55.93216888193034,110.82223719527597,34.324932566648805,-85.56065554338433,220.24378247938796
54.957037908926104,108.56228721414365,38.07302489647002,-92.48103248086245,226.00755333494135
54.05813466071384,106.34936002662363,41.84994015150836,-99.22912277048249,231.23803442028174
53.25378923642216,104.19497716181155,45.66385691032428,-105.79184287084594,235.92395708267605
52.56208324367028,102.11052309944509,49.52294112036677,-112.15601436886836,240.05495489581602
52.000368360416125,100.10692470292655,53.4350495379971,-118.3084943239483,243.62154599087097
51.58476745817766,98.19431249792618,57.407419055547564,-124.23632315325818,246.61512618987987
51.32967328936845,96.38167421612323,61.44635110968649,-129.9268851367728,249.02797457094044
51.24726089308915,94.67651220147364,65.55690127302191,-135.36807571329842,250.8532725352259
51.34703041442379,93.08451701882927,69.74258465504072,-140.5484690932875,252.08513680538303
51.63539689883205,91.60926984220472,74.00510782711156,-145.45747938711781,252.71866609618365
52.11534278600899,90.25198588884147,78.34413760606364,-150.08550847383339,252.75000049798592
52.78614729674505,89.0113102930107,82.75711617878694,-154.424074228098,252.1763919400018
53.643204730340315,87.88317639941054,87.23913074892032,-158.46591347163988,250.99628349197255
54.67794095496917,86.86073455255311,91.78284418558516,-162.20505508211104,249.2093947539494
55.877834198423024,85.93435714768225,96.37849113028577,-165.6368600193569,246.8168102037725
57.22654277571494,85.09172309721095,101.01394176465305,-168.75802653841947,243.8210671413863
58.70413878438239,84.31798207961238,105.67483306940768,-171.56656045975365,240.22623980068494
60.28744322540511,83.59599610954648,110.344765029369,-174.06171196411344,236.03801629465246
61.95045463008909,82.90665323445698,115.00555697451534,-176.24388187579314,231.2637653103615
63.664860240360845,82.2292456514956,119.63755720116983,-178.11450170667433,225.9125898597012
65.40061622693773,81.5419023610329,124.21999727949336,-179.67589278104475,219.9953658937986
67.12658143216443,80.82206471824385,128.73138109526118,-180.93111049367548,213.52476417399075
68.8111877532612,80.04699197415123,133.14989774089665,-181.88378014009407,206.51525442435002
70.4231295612232,79.1942831439977,137.45384688275735,-182.53793079093748,198.98309143454185
71.9320544693871,78.24240130619347,141.62206518277935,-182.89783337803553,190.94628340400965
73.30923828025281,77.1711866933906,145.63434271359108,-182.9678485560398,182.42454338546676
74.52822797745434,75.96234563857904,149.47181902695746,-182.75228905457942,173.43922517454394
75.5654381009816,74.59990351481889,153.117349552082,-182.2553002095868,164.0132453811727
76.40068764246777,73.0706111758261,156.55583423836325,-181.48076123289155,154.17099369511777
77.01766661387656,71.36429597883865,159.77450173902838,-180.4322086225006,143.9382335193571
77.40432357040788,69.47415016380467,162.76314388210153,-179.11278200429797,133.3419951890371
77.55316750770935,67.39695109289961,165.51429662347078,-177.52519169364987,122.4104639326089
77.4614796218357,65.13320955148014,168.023365065348,-175.6717064247881,111.17286457522069
77.13143235187354,62.68724391964623,170.28869140623726,-173.55415905541943,99.6593447506146
76.5701148753322,60.0671795030204,172.31156583507334,-171.1739676368757,87.900858098033
75.78946577232226,57.28487363911141,174.09618137712192,-168.53216905321426,75.92904859179052
74.806114912456,54.35576836524858,175.649534540613,-165.62946246919574,63.7761368092952
73.64113776399759,51.29867345310625,176.9812743123859,-162.46626006541265,51.47480860456142
72.31972630694108,48.13548350248167,178.10350262838676,-159.04274294723928,39.058106338582476
70.87078159029274,44.89083357060046,179.03052992823137,-155.35892065166055,26.559322543315336
69.32643375417753,41.59169852380026,179.77858982306714,-151.41469329431933,14.011895671327556
67.72149608476673,38.26694196784531,180.36551729299006,-147.20991604822726,1.4493074241305774
66.09286042630512,34.94682126887994,180.81039521196985,-142.74446627231933,-11.095018938593924
64.47884207206268,31.6624558401789,181.13317439560126,-138.0183141623991,-23.587819923975427
62.918483115403006,28.445266551754116,181.3542727930899,-133.03159823232514,-35.996093322012804
61.450824168600334,25.326394819930066,181.49415990278425,-127.78470720799498,-48.28720034357294
60.114155338740964,22.33611064002801,181.57293297259898,-122.27836999973115,-60.42896861829041
58.94525835843113,19.503219512000577,181.60989203492784,-116.51375528632059,-72.38979604485857
57.97865275857475,16.854478840486095,181.62312129228408,-110.49258188659817,-84.13875519919205
57.24585988160604,14.414034922275839,181.62908477932984,-104.21724051490989,-95.64569769134482
56.7746992957628,12.202892014306563,181.64224453799892,-97.69092673093866,-106.88135754228041
56.58863270656146,10.238425150620607,181.6747097109299,-90.91778393565252,-117.81745234101888
56.7061706920525,8.533948294779968,181.73592494110488,-83.90305417794357,-128.42678066657587
57.14035743866044,7.098349028543375,181.83240622267908,-76.65323338153519,-138.6833140366128
57.89834805932482,5.93580025088464,181.96753184689186,-69.1762264500118,-148.5622814943191
58.98109198629422,5.045558269819942,182.14139530554164,-61.48149663731533,-158.0402448882589
60.38313431743927,4.421855204961339,182.3507259427041,-53.58020266738245,-167.09516294589108
62.092544853599534,4.053891791628658,182.588881788428,-45.485316430371896,-175.7064424031863
64.0909819177818,3.9259345174725127,182.8459173866063,-37.211713751659055,-183.8549747315379
66.35389494612397,4.017518578523699,183.1087275796539,-28.776230787228954,-191.5231573938698
68.85086636624699,4.303755481202131,183.3612661878209,-20.19767908874038,-198.694899056152
71.54608953547321,4.755741322694277,183.58483638654397,-11.496813326882982,-205.35560875536498
74.39897562892027,5.341058950882029,183.75844741974157,-2.6962470530535185,-211.49216965734115
77.3648784903273,6.024364441464371,183.85923017664712,6.179686319767553,-217.09289869421755
80.39592274139743,6.768045742455428,183.862902195442,15.105127994938881,-222.1474940142081
83.44191704749065,7.532939033336788,183.74427093053595,24.052942025940723,-226.64697276957259
86.4513315082445,8.279086427475974,183.47776271741657,32.99501310300213,-230.58360227072035
89.37231581964602,8.966517201331513,183.0379638670027,41.902587214201226,-233.9508279122392
92.15373325259652,9.556033833223651,182.4001597819947,50.74664620038353,-236.74320149943875
94.74618469577067,10.009983826736303,181.54085795307194,59.4983052422087,-238.9563136499307
97.10299706756393,10.29299860371492,180.43828118310836,68.12922079457856,-240.58673380355677
99.18115132039277,10.372681673843601,179.07281839486672,76.61199552910985,-241.63196104438657
100.94212701004376,10.220229790114587,177.42742186916115,84.92056653825003,-242.09038843320866
102.35264291093873,9.810972820857643,175.48794167386833,93.03056343515405,-241.96128289140438
103.38527631619195,9.12482052341933,173.24339029359572,100.91962404326776,-241.24478190053867
104.01894733202259,8.146607186050446,170.6861329483246,108.5676570604564,-239.94190742875608
104.23925849689279,6.866328090461721,167.81200167329592,115.95704330945625,-238.0545966117192
104.0386842544676,5.279264809456734,164.62033379274447,123.07276982077734,-235.58574785185968
103.4166090098461,3.3859993618874427,161.11393782497154,129.90249388167564,-232.53928020247557
102.37921653322375,1.1923200799156888,157.29899198522034,136.43653715276304,-228.9202032165365
100.93923719637624,-1.2909754043246693,153.18488220166773,142.6678128317622,-224.7346938989207
99.11556281230536,-4.0483724581687,148.783987848521,148.59169146764745,-219.99017703185822
96.9327416098276,-7.060017672362093,144.11142418179926,154.2058132574932,-214.69540496143347
94.42036806040863,-10.302172328682914,139.18475072201994,159.50985638414542,-208.86053294041625
91.61238387092206,-13.747729554513725,134.02365458698273,164.50527210175147,-202.4971863129463
88.54630748496655,-17.36678314333537,128.64961709251656,169.19499781940866,-195.6185161792254
85.26240994895966,-21.127235911023035,123.08557089527058,173.5831593797791,-188.2392406683366
81.80285507439152,-24.995435628605833,117.35555366120144,177.67477312785113,-180.37566954146712
78.21082155436119,-28.9368269383921,111.48436283019747,181.47545729572556,-172.04571050885596
74.52962416838194,-32.91660813279508,105.49721464566214,184.99116079475277,-163.2688563376117
70.80185052627579,-36.90038217231211,99.4194093557078,188.22791582632337,-154.06615251573203
67.06852903955735,-40.854791771570504,93.27600348547378,191.19161891976535,-144.4601458915126
63.36834302715949,-44.74812874054882,87.09148942352694,193.88784320021622,-134.47481530012325
59.736905094716775,-48.550908008543566,80.88948232194528,196.32168298981972,-124.13548569910662
56.20610517972204,-52.236396882841674,74.69241451225511,198.49763034188922,-113.46872775224398
52.80354490468186,-55.78109013423273,68.52123827972845,200.41948186956557,-102.50224511550559
49.55207007752496,-59.165121513951064,62.39513887148312,202.09027330213166,-91.26475189211301
46.46941225182008,-62.372602370093,56.33126095958167,203.51223860437347,-79.78584283853345
43.567949121477824,-65.39187824197646,50.34445332300803,204.6867902252938,-68.0958589249453
40.85459208387846,-68.21569477068024,44.44703811472129,205.61451707930735,-56.225750795919026
38.330807472038835,-70.84126507690046,38.64861258341553,206.29519716762695,-44.20694254507404
35.99277565613564,-73.2702320155919,32.95589235858055,206.72782226818376,-32.071198025896045
33.83168939811291,-75.50852049289725,27.37260622094208,206.91063279967972,-19.85049167796887
31.834189494779192,-77.56607736810028,21.89945251790795,206.84116173511,-7.576885560493228
29.982931893985537,-79.4564993657778,16.534126925258004,206.51628723682572,4.717586034739533
28.257276192626158,-81.19655285148919,11.271430016232339,205.93229444574058,17.00102336946852
26.634080854729543,-82.8055931890744,6.103461039798175,205.0849475220629,29.241758793313416
25.088585805321557,-84.30489555956233,1.019901450938658,203.96957355100778,41.40844476052067
23.59535848947123,-85.71691339464833,-3.9916118460657515,202.5811602486175,53.47013245605305
22.12927530287507,-87.06448473354571,-8.945027742322807,200.91446949380259,65.39634154351305
20.666506789828134,-88.37001059331828,-13.855345400508346,198.96416854690517,77.15712191843397
19.185472461192028,-89.65463257637725,-18.73801537747149,196.72498037822896,88.72310868701904
17.66772978762342,-90.93743915424099,-23.608295315544233,194.19185382133418,100.06557187665628
16.09876210972171,-92.23473111761511,-28.48058215672589,191.36015329881164,111.15646260307457
14.468632052123501,-93.55937636745897,-33.36774607418079,188.22586667309233,121.9684575464569
12.772470621490456,-94.92028240503878,-38.28049347355453,184.7858283979008,132.47500361313925
11.010777494440951,-96.32201150995415,-43.22678724863195,181.0379536515939,142.65036456268146
9.189514930984242,-97.76455872079057,-48.21135180737218,176.9814776024909,152.46967115632575
7.319986032837132,-99.24330650551074,-53.23528813458529,172.61719248301173,161.90897603254442
5.418497342545978,-100.74916268355295,-58.29582034775037,167.94767384006911,170.94531404691423
3.5058155895928333,-102.26888008857514,-63.38618996654507,162.9774862950993,179.55676824664351
1.6064382025091097,-103.78554806523127,-68.4957076986092,157.71335849745955,187.72254101669307
-0.252293546703358,-105.27923764886191,-73.60996528139023,152.1643167909574,195.42302927095753
-2.0412017856234055,-106.72777467419866,-78.71120223008984,146.3417675154761,202.63990191783012
-3.730356234270797,-108.1076085684933,-83.77881468572942,140.25951888859274,209.35617725312386
-5.290187547988376,-109.39473962068251,-88.78998641033742,133.9337350739042,215.55629747535005
-6.692580062106082,-110.56566440737593,-93.72041579095577,127.3828173182071,221.2261972259667
-7.9118948247305205,-111.59829800862273,-98.54510788102597,120.6272098597572,226.35336296479733
-8.92587702752858,-112.47283273915271,-103.23919733128433,113.68913155634891,230.92688012412032
-9.71640759465332,-113.17249629151311,-107.77876673051964,106.59223769645425,234.93746534935806
-10.270066448549334,-113.68417723942352,-112.1416254517722,99.36122004522167,238.37748171866687
-10.578484386331763,-113.99889246768515,-116.3080165155068,92.0213566217828,241.24093560869503
-10.638471019861603,-114.11207887134269,-120.26122304760328,84.59802578195918,243.52345479033897
-10.45191724574413,-114.02370013391219,-123.98805133678059,77.11620167366499,245.22224833640402
-10.025481592070896,-113.73816806048964,-127.4791739135638,69.59994985296036,246.33604993072709
-9.37007993864607,-113.26408632657896,-130.72932306666456,62.071942650692826,246.86504711139474
-8.500206994067288,-112.61383217153812,-133.73733235568147,54.553013672311614,246.81079978781779
-7.433125100862831,-111.80299815131771,-136.50603056032207,47.061769575237605,246.17615197933003
-6.187961109850917,-110.84972129110255,-139.04199876295186,39.61427504435525,244.96514108419353
-4.784755025966319,-109.77393066454076,-141.35520659435622,32.223823793678925,243.18290907269957
-3.2435048166681923,-108.59654648982398,-143.45854786432818,24.900804637960434,240.8356197989303
-1.583250245899194,-107.33866428082041,-145.36729871734158,17.65266742612522,237.93038615654018
0.17876498733881263,-106.02075650849554,-147.09852305041306,10.483989167419653,234.47521009966098
2.0278189208758093,-104.6619217581888,-148.67045023534388,3.396636277790393,230.47893766257283
3.9522978180023216,-103.27920770035189,-150.10184929466962,-3.6099852104749015,225.9512301061815
5.944124507044563,-101.8870295415046,-151.41142173519475,-10.538603166035951,220.90255126801225
7.999018380172329,-100.49670021749073,-152.61723242611734,-17.39369108756683,215.344170167832
10.116585969075775,-99.1160826679301,-153.73619442193862,-24.181034451877125,209.28817699291096
12.300250042789989,-97.74936832310895,-154.78361968452754,-30.907269071847917,202.74750981300244
14.557033698761279,-96.39697967679012,-155.77284346214293,-37.579408895392056,195.73598880110498
16.897223527817687,-95.05558874544249,-156.7149258353863,-44.204379832967774,188.26835439096277
19.33394222567704,-93.71823756462868,-157.61842982655435,-50.78857458712841,180.3603056959548
21.88266561559914,-92.37454189343154,-158.48927165841297,-57.337441226539596,172.0285356426078
24.560721593970054,-91.0109552404964,-159.3306353930718,-63.85511558385612,163.29075961216134
27.38680871858598,-89.61106744898584,-160.14294141588817,-70.3441046577616,154.16573490255163
30.380569810516466,-88.15591063685639,-160.92385617112888,-76.80502526047296,144.673268977676
33.562250921625754,-86.62424551956622,-161.66832930658805,-83.23639935652669,134.83421520989344
36.95246834875228,-84.99280324464857,-162.3686440263108,-89.63450504309434,124.67045559687051
40.5720962367926,-83.2364619768465,-163.01446704627597,-95.99328005400452,114.20487069250993
44.44227507793504,-81.32834363309033,-163.59288613402487,-102.30427311709491,103.46129768977949
48.58452766289933,-79.23982429924651,-164.0884257948767,-108.55663750775962,92.46447819177116
53.0209545660398,-76.94046173275191,-164.4830352099288,-114.73716073385626,81.2399976729522
57.77446703977631,-74.39785456002343,-164.75604695118525,-120.83032443361334,69.81421894637302
62.869002415135036,-71.5774597159373,-164.8841101556975,-126.81838921610529,58.21421209847237
68.32965701833784,-68.44240655861319,-164.8411075262215,-132.68150024159235,46.46768332957164
74.18266550790017,-64.95335697078772,-164.5980714617785,-138.39781072543045,34.60290495030787
80.45515462215914,-61.06846954618727,-164.12312045545008,-143.94362213861038,22.64864844442053
87.17460460463947,-56.74353151451187,-163.38144220935655,-149.29354154373232,10.634122037586312
94.36796371302756,-51.932323267046996,-162.33535423188985,-154.42065811650195,-1.4110863603686923
102.06038041716315,-46.58727623205246,-160.94447549194632,-159.29674233094806,-13.457060618643453
110.27354377727646,-40.66047469935067,-159.16604349835671,-163.89247240522172,-25.473602710434108
119.02365404006889,-34.105035673353946,-156.95540947897757,-168.17769330192934,-37.43027503027945
128.31908098755318,-26.876878108359854,-154.26673977173004,-172.12171375387652,-49.29644046246548
138.15780467365218,-18.936864693160967,-151.053943868607,-175.69364636681624,-61.04130249903264
148.52476900220492,-10.253267075839101,-147.27183873079193,-178.8627947881531,-72.63394812390904
159.3893099031249,-0.8044710396602994,-142.87754521951007,-181.5990902084274,-84.04339643671287
170.70284332380317,9.418195825149958,-137.83209624321688,-183.87357710634052,-95.2386560635323
182.3970107474707,20.407662055541223,-132.10221828480127,-185.65894522471677,-106.18879427288839
194.3824789008909,32.138508215206826,-125.66222940315954,-186.93010138703346,-116.86302037478205
206.54857400940523,44.56474802303135,-118.49597890793748,-187.66477109100634,-127.23078543904172
218.76389883365852,57.6181849667994,-110.59873816118899,-187.84411604685678,-137.26189963997584
230.87803356928947,71.20752390548924,-101.9789399048594,-187.4533501995955,-146.92666765412338
242.72436172504948,85.2183918171166,-92.65965662578894,-186.48233354609718,-156.19604154941717
254.12399290740018,99.5143822641973,-82.67970801325879,-184.92612049771722,-165.04178956074634
264.89068078654384,113.93918598525141,-72.09429444135084,-182.7854379074699,-173.4366781138783
274.83656195911766,128.3198082151274,-60.97506803141178,-180.0670674078349,-181.3546634970364
283.77847586059056,142.47080595557836,-49.40957502968383,-176.78410757121247,-188.77108875373935
291.5445730090134,156.19941034894782,-37.500032136528496,-172.95609372008448,-195.66288073670626
297.9808836078204,169.31133586498512,-25.3614335619179,-168.60895700160972,-202.00874186563001
302.9575045465367,181.61702445066686,-13.119022896218468,-163.7748095258764,-207.789331005302
306.37407206491116,192.93803379957015,-0.9052018805680575,-158.4915487709698,-212.98742803532602
308.16421980484563,203.11325812280117,11.144015910526846,-152.80228180205415,-217.58807711660796
308.29877568371904,212.00466946421912,22.892867353962046,-146.75457777008032,-221.57870434855056
306.7875221544051,219.50228823419155,34.20985514141235,-140.39956521497066,-224.94920641437585
303.67942764420025,225.52813200872723,44.971738943934746,-133.79089842312757,-227.69200787907158
299.06134595059063,230.03894884409078,55.06732144156287,-126.98362400093745,-229.80208597075023
293.0552683757199,233.02761108047605,64.40085588109221,-120.03298447070246,-231.27696287710248
285.8142938865535,234.52312253898577,72.89492030893088,-112.99319968585279,-232.11666675723205
277.5175498912682,234.58927034876996,80.49263174959742,-105.91626890585191,-232.32366374467074
268.36434592949115,233.32202662239024,87.15910935405896,-98.85083629376334,-231.90276414856925
258.5678719343462,230.8458696399037,92.88213632705559,-91.84116036680342,-230.86100680587998
248.34876078720964,227.30924493234275,97.67201331997023,-84.92622364475557,-229.20752607147347
237.92882247581468,222.87942082783087,101.5606379195368,-78.13901264337964,-226.95340624156444
227.52522667403167,217.73700929101963,104.599883034298,-71.50599080691438,-224.11152828828264
217.34536560863984,212.07042141027392,106.85937896109732,-65.04677841163007,-220.69641364974115
207.58257409146862,206.07050920065308,108.42382788642928,-58.77404440866418,-216.72406949075366
198.41282333332433,199.92561414176282,109.38999444938733,-52.69360613244809,-212.21183935041176
189.99244427213546,193.81720148391065,109.86352142803003,-46.80472429002521,-207.1782624548972
182.4568787930495,187.91621165846232,109.9557160028121,-41.10057312184896,-201.64294423134734
175.92040674804483,182.38020997052655,109.78044041912334,-35.56885945807017,-195.6264397437544
170.4767554767584,177.35136668630972,109.45122271841937,-30.192559857133304,-189.15015092017575
166.2004679118224,172.9552546407266,109.07868034450337,-24.95074225704868,-182.23623758252128
163.14888563059122,169.3004128389742,108.76832379222243,-19.819437628893667,-174.90754145631166
161.36459379909462,166.47859364824794,108.61878094136905,-14.772527917919405,-167.18752155708182
160.8781745299982,164.5655887013039,108.7204570085519,-9.78261891139892,-159.1001986457957
161.71112192592213,163.62251446053395,109.15462156089221,-4.821870328027927,-150.6701058428563
163.87878389622614,163.6974318149792,109.99289381445699,0.13723993023663894,-141.92224200896837
167.3932105385705,164.82717396153154,111.29708115382847,5.121235128510278,-132.88202415798136
172.26580439592703,167.0392617535603,113.11931376075452,10.155054817018186,-123.57523498087508
178.50968242335432,170.35379419162228,115.50241041313717,15.261572307872328,-114.02796154061835
186.1416715913141,174.7852123532127,118.48040664450838,20.461215841992946,-104.26652135881882
195.18386873087132,180.34384657036088,122.07917609641008,25.771690073825415,-94.31737246411049
205.66470001594894,187.0371681085771,126.31707851347991,31.207790537203714,-84.2070045131892
217.6194164370151,194.87067736483272,131.20557286035583,36.7813006494184,-73.96180883471703
231.08995935488593,203.8483704476815,136.74974095151845,42.50095862312678,-63.60792617817338
246.12412587962262,213.9727350654309,142.9486753285717,48.37248038905213,-53.17107207220968
262.7739590664357,225.24423541292143,149.7956945447582,54.39862424065403,-42.676340996864496
281.09328491031334,237.66025499950422,157.27835928491726,60.57928331168172,-32.14799202979961
301.13431940989614,251.21347710772318,165.37827371984434,66.91159307353561,-21.609220212995538
322.943277413536,265.8896959556086,174.0706681031665,73.39004266251904,-11.081919555950938
346.5549335277702,281.66506880503755,183.32377083969197,80.00658087691436,-0.5864452920907697
371.9861169140635,298.5028412367641,193.09799105483359,86.7507099819448,9.858615337755584
399.22816874887883,316.3496053384994,203.34494599082754,93.6095628980515,20.236652978963676
428.2384550766904,335.13118390220257,214.00638115814644,100.56796180526015,30.53321465380225
458.93110910577343,354.7482725564638,225.01304475121225,107.60845857607616,40.736137849408294
491.1672743268188,375.0720149331486,236.28359088903312,114.71135966830452,50.83562677443625
524.7452296898007,395.93973144307654,247.72359806764445,121.85474010445074,60.82425755301058
559.3908945180511,417.1510670063004,259.22479893267547,129.01445289060763,70.69690007490652
594.7493253178033,438.4648631900916,270.66462405917395,136.16414164890264,80.45054602536274
630.377918134157,459.59709090084965,281.9061647346632,143.2752653313281,90.08403535231152
665.7421055447737,480.2201957610913,292.7986566393718,150.31714462634477,99.5976771095392
700.2143725277413,499.96420416889896,303.1785767710485,157.25704004148463,108.99276519957522
733.0773961169447,518.4199087973782,312.87142917459005,164.060271620258,118.2709949114139
763.5320274489751,535.1443940133838,321.69427058646846,170.69038979461607,127.43379209805187
790.7106725319159,549.6690722148651,329.45899508901203,177.10940594831854,136.48157308382872
813.6963862667333,561.510281653233,335.97635801272736,183.27808982796515,145.41295956188227
831.5476765452916,570.1823481493464,341.06067505778867,189.15633894919645,154.2239784125489
843.3286337033435,575.2128437641495,344.53508508378786,194.70362258200345,162.90728108351118
848.1435762569082,576.1595948064821,346.23721706223125,199.8794997599469,171.45142045577978
845.1749662647521,572.6288123906897,346.02505666041054,204.64420708491335,179.84022455818098
833.7229332988106,564.2935561202759,343.7827695046094,208.959307980566,188.0523057447757
813.2443954689312,550.9116114168768,339.4262100658336,212.78839063431542,196.06074080400023
783.389520161148,532.3417790848672,332.907830723298,216.09779737404918,203.8329518767765
744.0331628643132,508.55755525485205,324.2207076243354,218.85736392462545,211.33081015783847
695.2989875574558,479.65723032889946,313.40142019620066,221.04114320347762,218.51097447802175
637.5742212968944,445.86956098799544,300.53156000247145,222.62808539213768,225.32546553294299
571.5134270916479,407.55436725917446,285.7377010195959,223.602644306792,231.7224644154159
498.03027292326897,365.19766765594375,269.18973474219024,223.95527989388899,237.64731201481592
418.2769930721128,319.4012734246628,251.09755577975483,223.68282822772863,243.0436746003403
333.612027636447,270.8670962646194,231.70617155794685,222.78871380739358,247.85483132263371
245.55712344264796,220.37675707274798,211.2893973740037,221.28298422256097,252.02503216240697
155.74591608229858,168.7673893857111,190.14237907244245,219.18215420870337,255.50087057785046
65.8666228205477,116.90478456616448,168.573253963247,216.50885441225398,258.2326140885559
-22.398096346433896,65.65520460866375,146.89431109057458,213.29128936482672,260.17543836373244
-107.43084700150813,15.857277121802753,125.41304068200407,209.56251864244163,261.29051588064885
-187.73555183687836,-31.704622152317555,104.42346736800721,205.3595843183819,261.5459184641595
-261.9868934338477,-76.32419998060713,84.19814227335152,200.72251595750768,260.91730338592106
-329.0706822524457,-117.39318348524235,64.98112698206072,195.69325094829725,259.38836442462144
-388.11333596825676,-154.41652272408658,46.982241073456905,190.31451243934288,256.9510415244517
-438.49941504472866,-187.02232637476155,30.372769246226426,184.6286892075233,253.60549460011774
-479.8769575995343,-214.96633104667347,15.282739774996543,178.67676129083432,249.35985785779414
-512.1511267831654,-238.1310315919646,1.7997993834177066,172.49731222698102,244.22980010271098
-535.4673652966023,-256.5198967469461,-10.030373380289348,166.12566349785664,238.23792343189686
-550.185795939159,-270.2473411649331,-20.202248114984826,159.59315970770862,231.41303721286593
-556.8489821040332,-279.5253069240464,-28.74740828738237,152.92662466237317,223.7893462755993
-556.1453539158979,-284.64741716921503,-35.73053931156866,146.14799948453913,215.40559193146098
-548.8706179165105,-285.9717007476016,-41.24470198558285,139.27416483198613,206.30418206943432
-535.8893200006006,-283.9028547989722,-45.40616285579674,132.31694077849934,196.5303425666446
-518.0984536063736,-278.8749225463854,-48.34904515339147,125.28325048472236,186.13131705362906
-496.3946361953398,-271.33512973171736,-50.22004190066809,118.1754278220497,175.15563617773694
-471.64595767241207,-261.7294607410289,-51.17339973634823,110.99164486572896,163.6524713705466
-444.6691738158961,-250.49038006046214,-51.366341461913066,103.72643274687076,151.67108215336566
-416.2125101186088,-238.02693058758015,-50.955050824294204,96.3712687038073,139.2603605326477
-386.9439833220961,-224.71727942661857,-50.091297944158384,88.91520313602885,126.46847128364851
-357.44485730192054,-210.90364302510318,-48.91974092769105,81.34550277635651,113.3425830390745
-328.2076359790109,-196.88941249409618,-47.57590080821167,73.64828942782505,99.92868214965658
-299.63785974641434,-182.93821915734867,-46.18477461260986,65.80915770105257,86.27145925430563
-272.05890810126044,-169.27462946990772,-44.86002591792014,57.813759468954395,72.41425731625245
-245.7190096052738,-156.08613490292186,-43.70367401955697,49.648346988621846,58.3990694428943
-220.79970794680466,-143.52610212656515,-42.806191518854135,41.30027053041739,44.2665749776991
-197.42511562424826,-131.7173668758167,-42.24691511171231,32.75842966318421,30.05620299413627
-175.6713908852234,-120.75618602298178,-42.09467472218098,24.01367990556895,15.80621330173507
-155.5759867745853,-110.71630159284912,-42.408550847072576,15.059198164899747,1.5537862684717072
-137.14633339714555,-101.6529133226197,-43.2386780177991,5.890811215056594,-12.664885927594112
-120.367718229647,-93.60639928781166,-44.62702266737877,-3.4927085570934224,-26.814512666021702
-105.21021949493564,-86.60566441144464,-46.608075572392295,-13.089376701471593,-40.86062761254364
-91.63462154842682,-80.67103260305272,-49.20941174031303,-22.89375755373525,-54.76952431556514
-79.59729818715485,-75.81662894055498,-52.452083623667235,-32.89675231124781,-68.50820704634009
-69.0540905776677,-72.05222354316967,-56.35082651588915,-43.08541649048341,-82.04435824135992
-59.96323299706524,-69.3845289832645,-60.91406769837282,-53.44281124914465,-95.34632301127785
-52.287394344557455,-67.81795904257974,-66.14374323751801,-63.94789528577882,-108.38311040949901
-45.99490928430658,-67.35486936354809,-72.03493818893264,-74.5754659562667,-121.12441050189167
-41.06027282344203,-67.99531119086888,-78.57537726876333,-85.29615968532161,-133.54062574722738
-37.46396883274532,-69.73633900675605,-85.7448036715654,-96.07652253471082,-145.60291477995423
-35.191698869022865,-72.57092234043041,-93.51429344316384,-106.87916178273748,-157.2832463837695
-34.233074609319765,-76.48652203456771,-101.84556135483905,-117.66298847852126,-168.55446125435486
-34.57983671939007,-81.46340211985466,-110.69032116257965,-128.38355910917372,-179.39033907011282
-36.223665981739856,-87.47276016651008,-119.98976797419498,-138.9935217684493,-189.7656684210775
-39.15365938857306,-94.4747711540781,-129.67425262637357,-149.44316860729552,-199.6563172803038
-43.35355450564202,-102.41665176750783,-139.66321691631407,-159.68109200878075,-209.03930193320014
-48.79879904831205,-111.2308625009566,-149.86545371436577,-169.6549370527689,-217.89285259459993
-55.45357810579422,-120.83357269012544,-160.179747001404,-179.3122376618541,-226.19647432414362
-63.26792719696453,-131.12351711114457,-170.4959335277484,-188.6013186374446,-233.9310022761441
-72.17507339946344,-141.98137058339933,-180.6964101598479,-197.47224092280084,-241.07865076547463
-82.08915701301737,-153.26975775019568,-190.65808948047828,-205.87776319372625,-247.62305606847357
-92.90349040731356,-164.833997873101,-200.25478163536425,-213.77428959769406,-253.549313279519
-104.48950682938352,-176.5036585548939,-209.35995394725438,-221.12277141973357,-258.8440078830734
-116.69653834502043,-188.09495795661263,-217.8497929696724,-227.88952987432538,-263.4952429547053
-129.352537703537,-199.41401323018744,-225.60646822011122,-234.04696825599012,-267.4926630555134
-142.26582348506113,-210.26088531042456,-232.5214747529241,-239.57414437773747,-270.82747592232516
-155.22788212222778,-220.43431947160718,-238.49891494456085,-244.45717853635608,-273.4924729792757
-168.01720604060844,-229.73703041458867,-243.45857011909925,-248.68947800497344,-275.48204951175575
-180.40408703988498,-237.98133385557173,-247.3386113291509,-252.2717660040344,-276.7922250665723
-192.15622188098774,-244.99488757923913,-250.09780658375357,-255.21191089178586,-277.4206642949954
-203.04492728895923,-250.62627747373517,-251.71709926655745,-257.5245595248036,-277.3666980662914
-212.8517090344434,-254.75017142528236,-252.20045886025736,-259.2305869129415,-276.63134427973375
-221.37488916417567,-257.2717684387759,-251.57493906938274,-260.35638196617447,-275.2173274251822
-228.43597103980642,-258.13029306109496,-249.88991800432584,-260.93299586549585,-273.12909561668704
-233.8854168621091,-257.3013257591934,-247.21553769120703,-260.9951850067499,-270.3728335766398
-237.60752865719672,-254.79781644455946,-243.64040288431715,-260.58038426878124,-266.9564699003334
-239.524161461041,-250.6696974709522,-239.26863895815714,-259.7276483569432,-262.8896768953871
-239.59705500472376,-245.00208954306493,-234.216442679895,-258.47659909695454,-258.1838613722209
-237.8286441393977,-237.9121735637254,-228.60828546777543,-256.8664148505429,-252.8521449571385
-234.2612935562264,-229.54487762064525,-222.57294452586453,-254.93489485458926,-246.9093327971663
-228.97499290498138,-220.06759531377932,-216.23954201081642,-252.71762650826145,-240.3718699076026
-222.08363744226037,-209.66420437708592,-209.73376601774294,-250.2472777825967,-233.25778485579164
-213.73010009742458,-198.52868914106665,-203.1744304320591,-247.55303038664997,-225.5866209512437
-204.08036722768463,-186.85868443340007,-196.67050513326916,-244.6601624958514,-217.379355594686
-193.31705745574794,-174.84925138161066,-190.31871582921764,-241.58978312362407,-208.6583088991837
-181.63266762333956,-162.68716839694633,-184.20177652807465,-238.35871395388853,-199.44704310994734
-169.2228907769905,-150.54597613788184,-178.3872800655787,-234.979508949585,-189.7702546943035
-156.2803289729788,-138.5819575512956,-172.9272358613196,-231.4605975393343,-179.6536612333083
-142.98888118175972,-126.93116813761485,-167.85821154268967,-227.80653380910692,-169.1238854111278
-129.51902789594197,-115.70756274497938,-163.2020081329225,-224.01833195354448,-158.20833846305925
-116.02416452708742,-105.00219872419105,-158.96677844386247,-220.09386726146832,-146.93510540949308
-102.63806120948276,-94.88343584848363,-155.14848579237747,-216.02832204049776,-135.33283427772892
-89.47345311507016,-85.39800475681717,-151.73259519129496,-211.81465699068409,-123.43063130737087
-76.6216981996466,-76.57278035468667,-148.69589120926906,-207.44409043945194,-111.25796386203574
-64.15338285857999,-68.41707582750767,-146.00832475551053,-202.90657034626383,-98.84457244593482
-52.119713423311524,-60.925266634213315,-143.63480382039197,-198.19122686409526,-86.22039286488447
-40.5545044978074,-54.07956084601504,-141.5368592163206,-193.28679629521793,-73.41548919275286
-29.476564114086067,-47.85275036813896,-139.67413411443155,-188.18201030749225,-60.45999782018328
-18.892279572012495,-42.210804200274886,-138.0056642536027,-182.86594711386635,-47.38408248422403
-8.798224545119645,-37.115196913541475,-136.49093288782788,-177.32834382001678,-34.217899814172355
0.816365245933433,-32.524899903741385,-135.09069986866683,-171.55987120782936,-20.991574587339315
9.967367031210074,-28.397996915297306,-133.76761704318818,-165.5523737715796,-7.735183572986247
18.673879051935025,-24.692916459272592,-132.4866519844775,-159.29907882308527,5.521253443244871
26.95670699936494,-21.369300279429353,-131.2153488247975,-152.79477892758183,18.74777711597548
34.83723958200453,-18.38854778233366,-129.92395871999105,-146.03599184880974,31.914488357807237
42.33669405960675,-15.71409079349646,-128.58547350722313,-139.02110162461798,44.991546578861985
49.475688809390235,-13.311461135186647,-127.17559481947589,-131.75048343978446,57.94916854369592
56.2740831532174,-11.148215812401098,-125.67266775872017,-124.22661370634697,70.75763012667265
62.751014936027985,-9.193781853489426,-124.05760370378194,-116.45416531666375,83.38727327149101
68.92506332897521,-7.419276110323985,-122.31381142737429,-108.44008651981694,95.80852041590822
74.814467226253,-5.797345715019617,-120.42714987400349,-100.19366041579055,107.99189851971452
80.43733731884122,-4.302063544457525,-118.38591010270339,-91.72654078878186,119.90807462116095
85.81181120145033,-2.90890100916301,-116.18082835731816,-83.05275902800192,131.52790454137227
90.95611439848804,-1.5947886648589744,-113.80512725382557,-74.18869631764781,142.82249595236462
95.8885047385091,-0.3382642709001473,-111.25457786128865,-65.15301519832988,153.76328652641695
100.62709194687392,0.8803014697318332,-108.52757213275875,-55.966545068350996,164.32213730296067
105.18953773327712,2.078418808659947,-105.6251927903344,-46.65211722779767,174.47144075857693
109.59265329815346,3.2711553433057716,-102.55126641542752,-37.23434665614894,184.18424237397022
113.85192055808675,4.470801231637296,-99.31238513398525,-27.739359803336193,193.43437378818228
117.98097018998217,5.68655105214426,-95.9178828773398,-18.194470167731616,202.19659495388134
121.99105368989063,6.924229792579347,-92.37975367974508,-8.627806202455503,210.44674210034938
125.89054806710965,8.186088496674941,-88.71250175670812,0.9321010305078161,218.16187781357618
129.68453070084792,9.470691769969093,-84.93291608883979,10.456760238437955,225.32043919853828
133.37445852380628,10.77291490106694,-81.0597657907921,19.918179560513337,231.90237992957825
136.95798038298528,12.084063051872732,-77.1134165301721,29.289328709830354,237.88930204695495
140.42890452503292,13.392119062316596,-73.11537251760264,38.544587377700566,243.26457363373748
143.77733505698302,14.682120149539827,-69.08775293605171,47.66016306159047,248.01342900349496
146.9899823551015,15.936657399578309,-65.05271591971008,56.61446174669091,252.1230487287227
150.0506431565141,17.13648569067,-61.03184712211272,65.38839606903404,255.58261770615314
152.9408368966095,18.26122579143339,-57.045533312536264,73.9656176964912,258.38336043941473
155.64057617005625,19.290135084251915,-53.11234409660054,82.3326635938173,260.51855376077856
158.1292414053653,20.202918913897307,-49.248446568858625,90.47900944144251,261.9835182430908
160.3865233385639,20.98055118418374,-45.46707829780122,98.39702755512329,262.77559050107743
162.39339199965542,21.60607073293663,-41.77810338504426,106.08185096295182,262.89407938073083
164.13304798177177,22.065319386562052,-38.18767435278362,113.53114957958921,262.3402096302052
165.59181096620884,22.347588557120588,-34.698019293756275,120.74482841057026,261.117056993046
166.75990195427545,22.446143858029785,-31.30736913997896,127.72466117937088,259.22947874129187
167.63207942336095,22.35860145589028,-28.010034233498942,134.4738754911709,256.6840434694173
168.20809557000595,22.08713562796264,-24.796632862708307,140.99670747438,253.48896351900885
168.49294668887427,21.63850404134594,-21.65446738410749,147.29794468663906,249.6540327375523
168.4969011968651,21.02388529736008,-18.56803636903045,153.38247591328772,245.19057144750187
168.2352993706808,20.25853189774365,-15.51966431739757,159.2548653715552,240.11137958178085
167.72812995933316,19.361250528781213,-12.490224296463865,164.91896687324518,234.43069800082222
166.99939984307346,18.35372993337222,-9.45992379715085,170.37759085144427,228.1641771170554
166.07632320788437,17.25974415834729,-6.409120499726598,175.6322340218305,221.32885118081686
164.9883656898503,16.104265169782238,-3.3191327675586564,180.68287804110926,213.94311597972097
163.76618609350444,14.912523341821583,-0.1730096904428251,185.5278600631711,206.02670731055716
162.44052319074498,13.709056864891494,3.0437725966103955,190.16381478271092,197.6006774161012
161.04107749508321,12.516791534325293,6.342717892272788,194.5856845717592,188.6873666404146
159.5954376756412,11.356190655609694,9.731844511608784,198.78679179766843,179.31036782737104
158.12809848929243,10.244511061186756,13.21536527846252,202.75896545538347,169.49448143482655
156.65961199313884,9.195195729594829,16.79352341697303,206.49271290221236,159.26565991927694
155.20590671683232,8.217426590190755,20.462587159901496,209.97742675510528,148.65094061062788
153.77780089907594,7.315853224482495,24.214998337973725,213.20161686430106,137.67836699209764
152.3807263697984,6.490504820356108,28.03966322735826,216.15315764730104,126.37689897811927
151.0146697616796,5.73688438672805,31.92236790234508,218.8195418648676,114.77631339572443
149.67432802344095,5.046236355006684,35.84629557453552,221.18813304197315,102.90709639214545
148.34946619200778,4.405971681922253,39.79262010375251,223.24641007332755,90.80032988502843
147.02545749012725,3.800228745699883,43.74114813480074,224.98219899788825,78.48757442972665
145.68397937501533,3.2105439155834716,47.67098213385145,226.38388838103947,66.00075099958349
144.30383438035352,2.6166027896972253,51.56117785446325,227.44062612122838,53.37202416174924
142.86186155892742,1.9970417517961323,55.39137225785558,228.14249672865057,40.63368900178745
141.3339030241805,1.3302696131735416,59.14236138459723,228.48067915392846,27.818063919094065
139.69579038660487,0.5952805235059202,62.796611826247435,228.44758603755741,14.957391104725314
137.9243175873382,-0.2275681638632534,66.33869396233317,228.03698578590613,2.083746147171883
135.99816949327925,-1.1558360558081944,69.75562970607125,227.24410915153356,-10.771042194093974
133.8987793508625,-2.2043570073232956,73.0371518650293,226.0657420126331,-23.57546142865333
131.61109250558766,-3.3846884493809313,76.17587613838678,224.50030582905433,-36.298373795960906
129.12421839988292,-4.7046634504824425,79.16739006283392,222.54792683150933,-48.909063970373296
126.43195750943993,-6.168052153183538,82.01026576698159,220.21049441668316,-61.37727662895152
123.5331943551787,-7.774335513700876,84.70600514376132,217.49170852215408,-73.67324487178871
120.43215187094033,-9.518591019954783,87.25892700415031,214.3971149965356,-85.76771081993276
117.13850610373404,-11.39148734269979,89.67600598870038,210.9341272216315,-97.6319400144775
113.66736341372402,-13.379382709805554,91.96667258411212,207.11203154776652,-109.23773149429972
110.03910501174445,-15.464520167294907,94.14258265177372,202.94197353432176,-120.55742563100404
106.27910584947169,-17.625311749621247,96.21736357664922,198.4369216051635,-131.56391194456583
102.41733661992052,-19.83670284676002,98.20634265081245,193.61160458868517,-142.23063919798707
98.48785901193033,-22.070607631979016,100.1262617774317,188.48241975843985,-152.53163006938252
94.52822548136812,-24.296406199637218,101.99498116741329,183.06730845403794,-162.44150261475002
90.57879574294044,-26.48149395815227,103.83117353045812,177.38559715603083,-171.9355005556911
86.68198302884626,-28.59187374197147,105.654009434719,171.45780300370907,-180.9895341526292
82.88144396661428,-30.59278097849929,107.48283409058745,165.30540415073418,-189.58023305018565
79.2212267357528,-32.44933202629263,109.33683583309183,158.9505769930995,-197.6850120154053
75.74489298258713,-34.12718547046505,111.23470702495827,152.41590409891242,-205.2821499399213
72.49462978676748,-35.59320572923831,113.19429893317718,145.7240585207055,-212.35088185951298
69.51036873584228,-36.81611782734526,115.23227326823152,138.89747196289258,-218.87150308464322
66.82892980798428,-37.76714168539909,117.36375441314999,131.95799588827214,-224.8254838583952
64.48320820094317,-38.420593834864206,119.60198778698685,124.92656595342703,-230.19559229993902
62.50142238310986,-38.75444418109718,121.95801115295379,117.82288105069166,-234.9660227867199
60.90644138473541,-38.75081538991087,124.44034686445585,110.66510860874098,-239.12252641287117
59.7152086083662,-38.39641274742152,127.05472392269377,103.46962759591469,-242.65253977125522
58.93827815064225,-37.68287300616612,129.80383919628932,96.25081984874615,-245.54530806926533
58.579477752637864,-36.60702182863488,132.68716715288542,89.02091891761263,-247.79199852865625
58.63571002647234,-35.17103099219725,135.70082693344744,81.78992363158571,-249.38580014928925
59.096900571579624,-33.38246851741677,138.83751455578928,74.56558112421297,-250.32200623795947
59.9460980636703,-31.25423728360458,142.08650649496926,67.35344125494362,-250.5980766076773
61.15972747636186,-28.804400432434868,145.43373891724957,60.15698136176309,-250.21367701762927
62.70799341554239,-26.05589483656962,148.86196453379893,52.97779725801026,-249.17069421849615
64.55542626891418,-23.036137010903317,152.35098650411888,45.81585351752581,-247.4732258504627
66.66155967092516,-19.776528942221702,155.87796618503708,38.66978354542757,-245.12754536547598
68.98172383581867,-16.31187427531077,159.41779892304248,31.537227855274434,-242.14204306065864
71.46793578874735,-12.67971799236063,162.94354965522717,24.415197485393946,-238.52714516662923
74.06986458260432,-8.91962503919163,166.42693793564067,17.300448667173484,-234.2952136868594
76.73584735455728,-5.072415186444118,169.83886024071595,10.189854739096383,-229.4604302922616
79.41393064546372,-1.1793726907868063,173.1499361053762,3.08076187286912,-224.0386680104465
82.0529108354686,2.7185500111315832,176.33106385239944,-4.028683614703908,-218.04735469150734
84.60334785345955,6.581515303912525,179.35397142312024,-11.139246841189646,-211.5053322768702
87.01852747231857,10.371551399816312,182.19174809288032,-18.25036313833743,-204.43271575037124
89.25534944107974,14.053253828208867,184.81934362982935,-25.35994989956186,-196.8507553276186
91.27512132995517,17.59442157828805,187.21402267693816,-32.46427479768817,-188.78170497021773
93.04424115037406,20.966614203465532,189.35576373527115,-39.55788113983101,-180.2486997271271
94.53475541186145,24.145618681490483,191.22759401705716,-46.63356875686196,-171.2756437477498
95.72478313523342,27.111817552655886,192.81585352924733,-53.6824267385587,-161.88711012053827
96.59880029657235,29.850452718093948,194.1103839482252,-60.69391261416072,-152.10825300557292
97.14778307419547,32.35178216054182,195.1046400617172,-67.65597129922429,-141.96473188967926
97.36921197147646,34.61112964899559,195.79572370052634,-74.55518631305836,-131.48264722540276
97.2669422686703,36.62883011175975,196.18434208440738,-81.37695541311547,-120.68848624821813
96.85094922129153,38.41007573263232,196.27469430207827,-88.10568286311326,-109.60907741509156
96.13695890044625,39.9646698810076,196.0742911878314,-94.72498099949964,-98.27155167888066
95.14597752156143,41.30669768649496,195.59371511578027,-101.21787451479268,-86.70330871173584
93.90373352093293,42.45412339155126,194.84632719383774,-107.56700185825511,-74.9319862055297
92.44004752815347,43.42832555773676,193.84793000382234,-113.75480927887081,-62.98543050017447
90.78814578659299,44.253581779064284,192.61639441833728,-119.76373421876127,-50.89166700314397
88.98393254948597,44.95651479934513,191.1712591562084,-125.57637593062292,-38.67886914377497
87.06523659726669,45.565511881895475,189.53331165359236,-131.17565227017658,-26.37532493642687
85.0710463609475,46.11012899066389,187.724158570268,-136.5449425496283,-14.009400579387409
83.04074727597539,46.62049086520725,185.76579386477755,-141.66821708774276,-1.6095008740640857
81.01337400908488,47.12669746341256,183.68017190352046,-146.53015462867288,10.79597341066013
79.02688916371142,47.65824655487724,181.48879255695516,-151.11624911379167,23.178670800910268
77.11749903405916,48.24348151744639,179.2123047153308,-155.41290737819517,35.51033632406617
75.31901598367838,48.909072652682134,176.87013415159987,-159.40753922211192,47.76285978655586
73.66227609369228,49.67953961301847,174.4801411844684,-163.08864100222033,59.90832413195817
72.17461986542332,50.5768218333168,172.058313154988,-166.44587343398769,71.91905284646555
70.87944295967642,51.61990317770198,169.61849631758452,-169.4701337375846,83.76765541775265
69.79582318601709,52.82449633403995,167.17217134574824,-172.15362164382245,95.42706996666247
68.93822918331293,54.20279178970808,164.7282762396157,-174.48989815550684,106.8706023590468
68.31631541318737,55.76327547275509,162.29307996759087,-176.47393538528422,118.07196135413898
67.93480717582815,57.51061831096708,159.87010964706923,-178.10215531353452,129.00528964574133
67.79347830758306,59.44564001665732,157.4601334385344,-179.3724549754474,139.64519098955662
67.88722299604893,61.56534832226541,155.06120056835329,-180.28421543265893,149.9667539622069
68.20622172627893,63.86305365616957,152.6687389905945,-180.83829194080732,159.9455732500927
68.73619974164697,66.32855785568566,150.27571013953795,-181.03698300621656,169.55776969372076
69.45877457626096,68.94841397825958,147.8728190201165,-180.8839765347352,178.7800105955666
70.35188722266967,71.70625262097796,145.44877655272035,-180.384272000876,187.5895320171232
71.39030939177498,74.58316843838632,142.99060966897292,-179.54407847678314,195.96416492084734
72.54621717419175,77.55815882168469,140.48401319669279,-178.37068941448055,203.88236704386838
73.78981931256482,80.6086050424841,137.91373613753427,-176.8723362141804,211.3232623075656
75.09002634614181,83.71078465630043,135.2639936037316,-175.05802376825002,218.26668936668324
76.4151452005706,86.84040269252819,132.51889451662402,-172.93735227049947,224.6932605847548
77.73358247696567,89.97312821502544,129.66287425749127,-170.52033054745874,230.58443229678713
79.01453884570735,93.08512229817535,126.68112087211787,-167.81718692982713,235.92258670120063
80.22867665722347,96.15354339025839,123.55998322301781,-164.83818417449686,240.6911251348719
81.34874320647225,99.15701647054374,120.28734970215206,-161.59344512184109,244.87457185457853
82.35013306213921,102.07605336499638,116.85298678163944,-158.09279559879386,248.4586868104638
83.21137449434363,104.89341305469233,113.24882778821595,-154.3456305480185,251.43058528693223
83.91452726795484,107.59439274773467,109.46920380953847,-150.36080849344484,253.77886174020145
84.44548183817473,110.167042817605,105.51101052020627,-146.14657828203252,255.493714714272
84.79415318362496,112.60230133984513,101.37380687603172,-141.71054063331675,256.56706939672944
84.95456600421446,114.89404676655494,97.05984396687569,-137.05964546069663,256.992694206284
84.92483164119122,117.03907013230399,92.57402473188019,-132.2002242937177,256.76630779857214
84.70702067873313,119.0369709490352,87.92379760965402,-127.13805552618012,255.8856730400819
84.30693859333643,120.889983489081,83.1189894036176,-121.87845873564038,254.35067482605845
83.73381487284536,122.60274235443384,78.17158458617905,-116.42641305393529,252.16337909073442
82.99991859444992,124.18199798831287,73.09545985330959,-110.78669358633252,249.32807095230018
82.1201154224662,125.63629402953295,67.90608390775743,-104.96401923112825,245.85127061830627
81.11138228886702,126.97561910022078,62.62019315344973,-98.96320497008253,241.74172641284494
79.99229661722916,128.21104574510693,57.255454210654634,-92.78931178503154,237.0103850346594
78.78251684867459,129.35436882955185,51.8301239277874,-86.44778778765888,231.67033987694478
77.50227026802395,130.41775480710564,46.36271690833432,-79.94459488328556,225.73675889784457
76.17186278476163,131.41341196273285,40.871689552479864,-73.28631626628038,219.22679409497633
74.81122349788652,132.35329011969742,35.37514830939355,-66.48024119207803,212.15947508409536
73.43949468611063,133.2488164718654,29.890588332862833,-59.534424709314,204.55558959422427
72.07467544547464,134.11067227642513,24.43466712275404,-52.45772128885914,196.4375538641083
70.73332467638437,134.94861321869124,19.023016102966114,-45.25979248015281,187.82927595751
69.43032662624603,135.77133443358954,13.67009151471478,-37.9510897981549,178.75601491831813
68.17871983340922,136.58637951523383,8.38906456020204,-30.542814948222695,169.24423847725294
66.98958818521231,137.4000914258792,3.1917494677438683,-23.046860197520964,159.32148171965534
65.8720109676551,138.21760206669018,-1.9114328955960573,-15.475732186391149,149.0162087557309
64.83306729226503,139.0428564138088,-6.911459046137679,-7.842462739296462,138.35767902408674
63.87788915906219,139.878666553139,-11.800678288500265,-0.1605102977809345,127.37581943392055
63.00975665252385,140.72679064872602,-16.572763584119592,7.556344517258999,116.10110313505577
62.23022834998454,141.5880318222916,-21.2226420863077,15.294105967620041,104.56443531702438
61.53929991301252,142.462352064804,-25.746409483572982,23.03867000380541,92.79704609900904
60.93558398440284,143.34899659952345,-30.14123208555847,30.775928367918695,80.83039029106556
60.41650487177045,144.24662452162687,-34.40524026882513,38.49186800668885,68.69605359382483
59.97850200563929,145.15344200573412,-38.537416510706784,46.172664260275184,56.425664662532554
59.617236758882015,146.06733485726033,-42.537480815474964,53.804766708999765,44.05081238880755
59.327797853118966,146.98599764990377,-46.405775907993,61.374976916000165,31.602967749265325
59.10490121140686,147.90705711192805,-50.14315416451299,68.87051758630375,19.113409623047964
58.943080709408164,148.8281877784219,-53.75086788775572,76.2790928632901,6.613154082825891
58.8368668039477,149.7472182050958,-57.23046422823795,83.58893960202748,-5.86711319558212
58.780950464346155,150.66222624035456,-60.583685814689915,90.78886950364604,-18.297101596446396
58.77033019466862,151.5716219829472,-63.81237798304311,97.8683019760265,-30.646977315018052
58.80044022118385,152.47421712736542,-66.91840338301665,104.81728752290806,-42.887422038138176
58.867258144579296,153.36927943852663,-69.90356468303304,111.62652137508827,-54.989688238305256
58.96739054372532,154.2565711260389,-72.76953607414649,118.28734698616894,-66.92565063308365
59.098135195124506,155.1363699342864,-75.51780427543265,124.79174894557306,-78.66785326942669
59.25751876957863,156.00947185512422,-78.149619746262,131.13233483345064,-90.18955164486498
59.4443091154177,156.87717453191573,-80.66595879655571,137.30230557753973,-101.46474928508216
59.65800156258656,157.74124067898873,-83.06749723464995,143.29541398594444,-112.46822826186622
59.89877910500052,158.60384120555835,-85.35459608735388,149.1059113334346,-123.17557325835307
60.1674468529322,159.46747821623046,-87.52729975612573,154.72848217790158,-133.56318896889948
60.465341794488786,160.33488865927495,-89.58534672903288,160.15816797482216,-143.6083108528185
60.7942196563757,161.2089300968933,-91.52819265021834,165.3902805308067,-153.2890095337763
61.15612148634322,162.09245085465994,-93.35504516356852,170.42030687502935,-162.58418944134607
61.55322345811169,162.98814763507147,-95.06490950916353,175.24380770167517,-171.47358260759245
61.98767427852749,163.89841450838537,-96.65664338226898,179.8563121158985,-179.93773884531757
62.46142540046776,164.82518796949782,-98.12901909266624,184.25321196032408,-187.95801382421817
62.97605995382075,165.76979341589043,-99.48079062046918,188.4296594671147,-195.5165568049171
63.53262683835245,166.7327989004524,-100.7107627888322,192.3804723302986,-202.59629997186548
64.13148671796537,167.71388228965924,-101.8178594994366,196.1000504831996,-209.18095140244387
64.77217666661306,168.7117179666496,-102.80118783606464,199.5823088639414,-215.25499370974651
65.45329990474386,169.72388892604764,-103.66009486064878,202.82063023242182,-220.8036902892192
66.17244641431526,170.74682949704726,-104.39421412198743,205.80784165262702,-225.813100879699
66.92614923264583,171.77580300632525,-105.00349927507253,208.53621757710295,-230.27010782250244
67.7098799266395,172.80491747728854,-105.48824276077838,210.9975115824004,-234.16245397489493
68.51808518954002,173.82718100417085,-105.84907820001578,213.18301773995486,-237.47879272564796
69.34426475201866,174.83459680398204,-106.08696597875444,215.08366141340008,-240.20874999249634
70.18108894785877,175.8182962198722,-106.20316239479794,216.69011801133175,-242.34299748206266
71.020552422201,176.76870622008394,-106.19917364987407,217.99295696309076,-243.8733358953326
71.85415872350337,177.67574630635093,-106.07669684335238,218.98280699619983,-244.79278619763446
72.67312898458245,178.5290483126612,-105.83755089840878,219.65053774981658,-245.09568657505733
73.46862666662055,179.31819142697634,-105.48360097479662,219.98745192300476,-244.7777922980089
74.23198949175827,180.03294397800775,-105.01668035039941,219.9854815831899,-243.8363754314336
74.95495927879497,180.66350314700668,-104.43851395550318,219.63738198608252,-242.27032118750563
75.62990044940202,181.20072381562565,-103.7506477042403,218.93691630176812,-240.08021771902708
76.2499984876806,181.63632824370566,-102.95438748818141,217.87902500102385,-237.26843630050865
76.80943058041576,181.96308915440176,-102.05075119684693,216.4599743086685,-233.83919912978922
77.3035019813872,182.17498003428682,-101.04043644252909,214.67747903667163,-229.79863238946427
77.72874324867337,182.26728795673978,-99.92380583883225,212.53079621266278,-225.15480270937468
78.08296530160004,182.2366859171288,-98.7008907690937,210.0207871529272,-219.91773574089547
78.36527112887177,182.08126342989573,-97.37141364076564,207.14994692032002,-214.09941615764913
78.57602484339009,181.8005158800894,-95.93482771418965,203.92240138375072,-207.7137690028068
78.71678052349634,181.39529475262782,-94.3903727717416,200.34387328920485,-200.7766228798918
78.79017481736419,180.86772229998365,-92.73714420077626,196.4216198030682,-193.30565600202706
78.79978854884419,180.2210753893582,-90.97417253431323,192.16434485146877,-185.320326553588
78.7499835036838,179.45964415073288,-89.1005101455359,187.58209022272646,-176.8417891596939
78.64572117102944,178.58857160533898,-87.1153216324447,182.68610980908562,-167.8927994938909
78.49237046808047,177.61368069093055,-85.01797444894348,177.48873153988313,-158.49760918147265
78.29551140656491,176.5412950348911,-82.80812651941972,172.00321151526023,-148.68185317604957
78.06074130769079,175.3780594951398,-80.48580788786597,166.2435846157838,-138.472431713622
77.79348958992522,174.13076594051867,-78.05149386481827,160.22451547356246,-127.89738879276274
77.498846400748,172.80618903255265,-75.50616761030003,153.96115318660964,-116.98578891015367
77.18140950323523,171.41093595889225,-72.85137059111652,147.46899258420254,-105.76759351868002
76.84515292125504,169.95131321240052,-70.0892398431256,140.7637442481011,-94.27353838670554
76.49331994832711,168.43321266172845,-67.22253142571486,133.86121490333866,-82.53501274600474
76.12834228039362,166.86201836344122,-64.25462985403357,126.77719924428007,-70.58394083584658
75.75178627525817,165.24253485628014,-61.189543622052746,119.5273837834391,-58.452666198389124
75.36432669299623,163.57893707815202,-58.03188717906501,112.12726292000687,-46.173838869524495
74.96574774000246,161.87474156664916,-54.78684989582242,104.59206713054272,-33.78030544460282
74.55497082113283,160.13279824494663,-51.460152661914925,96.9367029880074,-21.305001889052754
74.13010808555099,158.35530184740986,-48.057992806621776,89.17570461147268,-8.780848910315234
73.68854060986466,156.5438218853033,-44.58697804856319,81.32319612378276,3.7593502932878087
73.22701986943085,154.69934996992134,-41.05405017472606,73.39286473318776,16.283010038538645
72.74179097416538,152.8223632704429,-37.466399147214425,65.39794413443774,28.757859956077382
72.22873595826606,150.9129028586238,-33.831368356143685,57.3512080233946,41.15204048868672
71.68353518586443,148.97066565416654,-30.156351797048607,49.26497361321741,53.43419583950065
71.10184464366122,146.99510860766702,-26.44868406518752,41.15111510517032,65.57356395230552
70.47948652192994,144.9855636226008,-22.715524237040995,33.02108708467283,77.54006293396145
69.81265003016196,142.94136150896702,-18.963734955521403,24.885957763787857,89.30437317151217
69.09809885730529,140.86196297271647,-15.199758348419302,16.75645186398181,100.8380142621465
68.33338108413027,138.7470942789161,-11.429490781385084,8.643002721265132,112.11341577708983
67.51703671268423,136.5968847933588,-7.658158862565223,0.5558128986673161,123.10398083363697
66.64879733225203,134.41200312813515,-3.8901995546634254,-7.495077781201779,133.78414145820506
65.7297718381212,132.19378812000758,-0.12914768438758273,-15.499718304584132,144.1294047999674
64.76261161199116,129.94437039383308,3.622465463504753,-23.44816862757673,154.11638939918987
63.75164821822044,127.66677985008721,7.3631984563304655,-31.33042039807171,163.7228509291633
62.70299652583567,125.36503411249674,11.092766704079509,-39.13631915557413,172.92769711332625
61.624616287627404,123.04420282809006,14.812085844057012,-46.855491304199305,181.71099185806597
60.52632564112314,120.71044277274262,18.523287355198637,-54.477279423953426,190.05394902879385
59.41976077732477,118.37099902109492,22.2297025740473,-61.990689606290076,197.9389167115708
58.31827717050405,116.0341680205045,25.935811855508234,-69.38435443835927,205.34935322573415
57.23678927456538,113.70921928027664,29.647156436231196,-76.64651499269281,212.2697965620269
56.191547445472885,111.40627355024733,33.370211611640144,-83.76502468971941,218.68582928743746
55.19985299613523,109.13613679597312,37.11222110770175,-90.72737719284522,224.58404126053364
54.27971465869736,106.91009094175527,40.88099397767025,-97.52075958546271,229.9519927126265
53.449452224912214,104.73964418659091,44.68466692757398,-104.13213100006195,234.77818035144634
52.72725564525556,102.63624562219974,48.53143660290011,-110.54832567250004,239.05200912028135
52.130710266823066,100.61097080318729,52.429267972004624,-116.75617814063533,242.76377208591333
51.6763010462859,98.67418673168356,56.385586430651045,-122.74266707150568,245.90464063470327
51.37891035875354,96.8352063152544,60.40696253686117,-128.49507306218112,248.46666673329094
51.25132531730404,95.10194363257452,64.4987992795945,-134.00114479476238,250.44279847566688
51.30377122215531,93.48058220243371,68.66503241326161,-139.24926720836729,251.82690951609254
51.54348780167509,91.97526882370676,72.90785459372306,-144.2286249375974,252.613842307326
51.97436425069942,90.58784538540476,77.22747379276876,-148.9293542009937,252.79946436283473
52.59664771520938,89.31763031666998,81.62191573568303,-153.34267662226728,252.38073607750607
53.40673785448373,88.16126006740049,86.08687891596301,-157.46100912672065,251.35578801282708
54.39707750965763,87.11259922505593,90.61564913651665,-161.2780450458754,249.72400501515628
55.55614643222564,86.16272565737684,95.19907857666003,-164.78880283006254,247.48611412030476
56.86856161583784,85.29999452464578,99.82563217968591,-167.98964023988992,244.64427292742255
58.31528418788521,84.51018225044967,104.48150180309928,-170.8782334742972,241.20215501464034
59.8739292199533,83.77670870921453,109.15078618742797,-173.45352229995402,237.16502902274414
61.51917137404669,83.08093311840202,113.81573249623766,-175.71562377787393,232.53982824515182
63.2232361673182,82.40251654376917,118.45703306832242,-177.6657185471428,227.33520791875856
64.95646394446985,81.71984165357293,123.0541691989585,-179.3059147461245,221.56158788605723
66.68793149774565,81.01047848778538,127.58579230650341,-180.6390954684649,215.2311788658062
68.38611473911288,80.2516836100072,132.03013179579528,-181.66875612773958,208.35799119316624
70.01957494228432,79.42091912287951,136.36541832756976,-182.3988382273308,200.95782553427037
71.55765083046242,78.49637766179724,140.57031104421054,-182.83356581135592,193.0482457109522
72.97113915356681,77.4574996179285,144.62431756179555,-182.97729034056886,184.64853435550856
74.23294731141232,76.28546943548075,148.50819617334773,-182.83434894503043,175.77963262585715
75.31870294908617,74.96367881545106,152.20433065559408,-182.4089400174697,166.46406562774487
76.20730717639844,73.47814596012057,155.6970692604135,-181.70501900084616,156.72585549662287
76.88142003440292,71.81788152243084,158.97302082484555,-180.7262160667578,146.5904242826405
77.32786894088602,69.97519359492787,162.02130237263418,-179.4757762517021,136.08448885614516
77.53797299176891,67.94592580045095,164.83373403553713,-177.95652158235774,125.23595001512787
77.50777808859823,65.72962425820945,167.40497853102508,-176.17083383497476,114.07377784307076
77.23819983414408,63.32963083429176,169.73262374645287,-174.12065587947765,102.62789514944355
76.73507293749894,60.753101600592686,171.81720816340436,-171.80750908328972,90.9290605475965
76.00910746939779,58.01095079421489,173.66218988999347,-169.2325240044233,79.0087524044533
75.07575369884754,55.11772177902344,175.27386094926993,-166.3964815840083,66.8990545551251
73.9549784344834,52.091387567248574,176.66120920565157,-163.2998622380585,54.63254433493383
72.67095681480842,48.953084378025004,177.83573091768284,-159.94290061668556,42.242183157685666
71.25168437722701,45.72678251681512,178.8111974100877,-156.32564430758882,29.761209582453
69.72851503193485,42.438899586211804,179.60337979117094,-152.44801536330345,17.223034573117864
68.1356313182515,39.11786171536957,180.22973603447184,-148.30987417747986,4.661138477482012
66.50945407140544,35.79361915241477,180.70906512418628,-143.91108587319937,-7.891030855179806
64.88799941247902,32.49712322400232,181.0611333557054,-139.25158994369673,-20.400159435983426
63.31019181637353,29.259772342566045,181.30627830066712,-134.33147435560906,-32.83316855655744
61.815142922602654,26.11283543830387,181.4649963959161,-129.1510556445112,-45.15731673653571
60.44140672322554,23.08686189898404,181.55752059302355,-123.71096666656162,-57.34030249177088
59.22622276746165,20.21108779550697,181.60339499387507,-118.01225359478238,-69.35036798267521
58.20476002220303,17.512848820874666,181.62105387318124,-112.05648344876008,-81.15640332480959
57.40937496492702,15.017010931766286,181.6274129165243,-105.84586292257809,-92.72805103471764
56.86889829317782,12.745430106174325,181.63748084289037,-99.38336854080596,-104.03580976318821
56.607965235756055,10.716452863037482,181.6639997898384,-92.6728872533231,-115.05113615402999
56.64640476654225,8.944469178533119,181.71712287357593,-85.71936552084823,-125.74654337874951
56.998702976152046,7.439529129699892,181.80413715450362,-78.52896379880252,-136.09569465982253
57.673555380632735,6.207033959186234,181.9292398062139,-71.10921216705516,-146.07348992464824
58.67352198720309,5.2475112583200385,182.09337457771142,-63.469161754621865,-155.65614364959663
59.994797459054105,4.556482596063766,182.2941346412244,-55.61952565322412,-164.8212519728639
61.62710671365912,4.124430185065002,182.52573663253946,-47.57280228721194,-173.5478472857656
63.55373376801051,3.936867097413,182.77906913417849,-39.34337378603715,-181.8164387614354
65.7516886527914,3.9745131654394683,183.04181705596403,-30.94757185811978,-189.60903764277583
68.19201382960424,4.213576090702993,183.29866138183397,-22.403704041780184,-196.90916658048576
70.84022785971328,4.626134515556558,183.5315516383548,-13.732034036298376,-203.7018528689977
73.6569002124188,5.180616980233694,183.72004627479345,-4.954711096671641,-209.973606048154
76.5983472084278,5.84236789738722,183.84171401179765,3.9043548231661624,-215.71238099230533
79.61743532037562,6.57428903296082,183.87258720512102,12.819673431785125,-220.90752825851717
82.66447455827837,7.337542596807424,183.78765647522607,21.76440888821973,-225.549734074951
85.68818160503338,8.092300020494065,183.56139436012822,30.710665456814837,-229.6309528797543
88.63668987757686,8.79851892594516,183.16829463769682,39.629817972715884,-233.14433573314972
91.45858189455757,9.416729743189961,182.5834133012218,48.49287870123051,-236.08415819050742
94.10391832219251,9.9088129726251,181.78289700526332,57.27089009770813,-238.44575131680145
96.52523790612061,10.238748238591882,180.7444851546382,65.9353313222104,-240.22543942992033
98.67850319665752,10.373317048505882,179.44797268662137,74.45852525455506,-241.42048787823458
100.5239685171134,10.282742530380688,177.8756219687677,82.8140322776128,-242.02906369573165
102.02694894790902,9.94125131758372,176.0125140478442,90.97701729941167,-242.05021135647922
103.15847210317905,9.327545102593746,173.84683165798253,98.92457737472579,-241.48384510045616
103.89579803073704,8.425172090612094,171.37006882752078,106.6360188228767,-240.33075846477234
104.22279651375183,7.222791529595597,168.57716449319716,114.09307483963113,-238.59265077404106
104.13017522249314,5.714327548151161,165.46656010907432,121.28005714544611,-236.27216947003132
103.61555638096368,3.899011566617361,162.04018369469685,128.1839380502296,-233.3729663421577
102.68340370519692,1.7813154347017246,158.3033649767468,134.7943622795555,-229.8997650015876
101.34480518429109,-0.6292199179393805,154.26468813352528,141.10359082365565,-225.8584363605577
99.6171206815558,-3.3182532446811734,149.93579006378488,147.10638177396362,-221.25607846367802
97.52350623473177,-6.267000206796141,145.33111301514373,152.79981545399232,-216.1010967873176
95.09232927008178,-9.452668673626633,140.46762079959177,158.18307301367787,-210.40328108277802
92.356490691126,-12.848960724602023,135.36448770566398,163.25717895799903,-204.17387498355308
89.3526709732268,-16.426629414270536,130.04276863852036,168.02471877886,-197.42563491051746
86.12051803406995,-20.154078168199433,124.52505805727671,172.48954295544064,-190.17287526668073
82.70179482896185,-23.997990784837967,118.83514403969801,176.656468120422,-182.4314974837249
79.13950442692415,-27.923980342724974,112.9976624107228,180.53098523027307,-174.21900113044708
75.47700985400921,-31.89724576638882,107.03775445334223,184.1189832262882,-165.5544759816604
71.7571653398837,-35.88322530193854,100.98073041140631,187.4264950436788,-156.45857463919876
68.0214748548703,-39.848236622922165,94.85173991149293,190.45947104306117,-146.95346596203677
64.30929304347464,-43.760093672888296,88.67544967694904,193.2235831229988,-137.06277017256386
60.65708288794386,-47.588690622073216,82.47572855461546,195.72406103591234,-126.8114770392756
57.09774368378152,-51.306543468371096,76.27533996156296,197.9655608687698,-116.2258489777106
53.660022163924836,-54.88927986962215,70.09564239098997,199.95206433842057,-105.33331125289476
50.36801882478326,-58.31606780721354,63.956299555162445,201.68680654108667,-94.1623317055004
47.24080061991851,-61.569973723031765,57.875003018271855,203.17222911259674,-82.74229256290401
44.29213011238391,-64.63824093460283,51.867211677568406,204.4099554040311,-71.10335694173266
41.53031982178653,-67.51247951974811,45.94591405172188,205.40078423934068,-59.27633260932632
38.958218777419724,-70.18875957492264,40.12142088034438,206.1446990619117,-47.2925354580005
36.57333611367039,-72.66760088811526,34.401196860790776,206.64088974792912,-35.18365496867224
34.36810386217826,-74.95385370553831,28.789741285149503,206.8877850075837,-22.981623709258567
32.330277882299804,-77.05646746267372,23.2885277387633,206.88309404744433,-10.718492637260848
30.443472143375075,-78.98814711044454,17.896012750051376,206.6238569633467,1.5736863369611886
28.687817395119428,-80.76489996720213,12.607722247444835,206.10650410875155,13.862969412614413
27.04073075188034,-82.4054797917025,7.416422829768727,205.32692537815382,26.117620839167785
25.47777804245269,-83.93073887420044,2.3123821965611047,204.2805509038308,38.306203370458185
23.97360615728216,-85.36290320733399,-2.716280322446858,202.96244503953275,50.3976592582458
22.502918316659787,-86.72479000807431,-7.683156230678922,201.36741565749844,62.36138220058463
21.041461473049182,-88.03899076454927,-12.603030879614195,199.49014068697056,74.16728103595949
19.56699224249762,-89.32704630701821,-17.491299259042876,197.32531345546008,85.78583632115271
18.060186119416272,-90.60864287728764,-22.363331365362423,194.8678077540636,97.18815123215312
16.505454516615572,-91.90085954077603,-27.233808133690847,192.11286264516625,108.34599846434035
14.891635581227895,-93.2174973354478,-32.11605239208844,189.05628588999178,119.23186496144531
13.212527880371926,-94.56851912738416,-37.02138175593012,185.69467353780996,129.818996354449
11.467240940921833,-95.95962617034454,-41.95851157142402,182.02564174715266,140.0814429267992
9.660343166198533,-97.39199286702774,-46.9330357444572,178.04806537904162,149.9941087316248
7.801795620079501,-98.86217532788679,-51.947011447279195,173.7623164046065,159.53280516799228
5.906669231975173,-100.36220224902797,-56.99867027673672,169.1704938076685,168.6743098831246
3.9946526979090353,-101.87984871120129,-62.08227354760388,164.27663554755637,177.3964313243275
2.0893682185932985,-103.39908514495927,-67.18812325966525,159.08690238983544,185.6780786433331
0.2175216618891671,-104.90068537744666,-72.302733194105,153.6097231153073,193.4993359968016
-1.5920778069400274,-106.3629698631909,-77.40915697094006,147.8558908690661,200.8415396324874
-3.3095866567947283,-107.76265338378514,-82.4874621895303,141.83860127226652,207.68735555178543
-4.905237580494903,-109.07576111227522,-87.5153324525916,135.57342441793722,214.02085504729618
-6.350442250758576,-110.27857332821971,-92.46877260222992,129.07820499613456,219.82758507442904
-7.6188367174572775,-111.3485574813175,-97.32288728533702,122.37288748317447,225.09463027046573
-8.68722249160306,-112.26524684729122,-102.05269934233398,115.47926648121081,229.8106635083634
-9.53636141544021,-113.011027672511,-106.63397269886988,108.42066575758759,233.96598217812578
-10.15158967602439,-113.5718013006215,-111.04400452915851,101.22155312257968,237.5525279193433
-10.523225360062597,-113.93749402743687,-115.26235341785619,93.90710178767262,240.5638882579914
-10.646754241402187,-114.10239495333329,-119.27147391625837,86.50271203842443,242.9952794868004
-10.52278943927354,-114.06531043939731,-123.05723299961804,79.03350971851333,244.8435111119545
-10.156811558399827,-113.82953243532157,-126.60929013488867,71.52383995557364,246.10693320113464
-9.558706312950777,-113.40262644781801,-129.92132955550449,63.99677560684084,246.785368934739
-8.742125891616755,-112.79605280758159,-132.99114048454052,56.47365995913307,246.88003551018622
-7.723707978506287,-112.02464178546141,-135.82054803311814,48.973702240570475,246.39345721349468
-6.522192054004609,-111.10594870332267,-138.41520394823146,41.51364252187673,245.3293749000743
-5.157476136483925,-110.0595192764623,-140.78425197761172,34.10749970002112,243.6926562838994
-3.6496583949635166,-108.90609790565794,-142.93988711893405,26.76641262934309,241.48921130710156
-2.0181070901881526,-107.6668124928018,-144.8968312724302,19.498580310282897,238.72591645948333
-0.28059922283583916,-106.36236865078664,-146.67174975119724,12.309302612016337,235.41055126886144
1.547436690965828,-105.01228404687768,-148.28263373202626,5.201118562372407,231.55174933674164
3.453544837869213,-103.63419023751007,-149.74817313108775,-1.82596495128994,227.15896531199778
5.428712213834695,-102.24322493143927,-151.0871426964709,-8.774164921065735,222.24245814811948
7.46767213513276,-100.85153238411414,-152.31782149677198,-15.647548245898827,216.81328995185245
9.569037733429024,-99.46788381301292,-153.4574626497152,-22.451608051329828,210.88333877182296
11.735271102829586,-98.0974235666221,-154.5218262860933,-29.192807531374502,204.46532285757834
13.972502460802302,-96.74154051246126,-155.52478459252018,-35.87810882081344,197.57283329127415
16.290221567618893,-95.39785796678018,-156.4780035234964,-42.514503780143514,190.2203714881132
18.700870314986744,-94.06032970760631,-157.3907016086028,-49.10856214438698,182.4233878950065
21.219370456086015,-92.71942443766895,-158.2694823776798,-55.6660103978769,174.1983182862528
23.86262354932343,-91.36237674622787,-159.11823344154976,-62.19135216550892,165.56261434409916
26.649021018671707,-89.97347941590724,-159.9380823374916,-68.68753805345376,156.53476568953565
29.598000553771072,-88.53439008920772,-160.72739699928246,-75.15568992573499,147.13431115206484
32.72968074070802,-87.02442509189476,-161.48181724659725,-81.59488175406376,137.38183779063263
36.064598811480174,-85.42081481806241,-162.19430309582262,-88.0019765934494,127.29896694780882
39.62356686438807,-83.69889866963112,-162.8551860415415,-94.37151704815423,116.90832738702024
43.42765016232996,-81.83224318097405,-163.45221078890884,-100.69566490202232,106.23351628071025
47.49825768511411,-79.7926746033897,-163.9705572458994,-106.96418445343994,95.2990494434344
51.85732073562335,-77.55022668308561,-164.39283588699772,-113.16446353964002,84.1303027073498
56.52752102095398,-75.07301527931025,-164.69905380665344,-119.2815662445768,72.75344669070292
61.53251636780239,-72.32706328802492,-164.86655376610724,-125.29831181048078,61.19537739983362
66.8971013334613,-69.27611132021126,-164.8699341109994,-131.1953752426558,49.48364512531388
72.64723272971464,-65.88146081878858,-164.68096333983132,-136.95140641280457,37.64638394495076
78.80984772907627,-62.101905727630296,-164.26850900071605,-142.54316601495736,25.71224384459972
85.41240583814658,-57.89381531641554,-163.598506083008,-147.9456783867595,13.71032702825309
92.4820963668981,-53.211433185476395,-162.63399468833882,-153.13240284684576,1.6701294382839968
100.04467042774078,-48.00745480315953,-161.33526000913605,-158.07542668551204,-10.37851212179795
108.12288074558526,-42.233937370957854,-159.66010899900402,-162.74568415573023,-22.405467545023292
116.7345427940808,-35.84358092667031,-157.56431710240082,-167.11320662594247,-34.38035661965765
125.89026546001614,-28.791398410175983,-155.00227461160284,-171.14740937436085,-46.27258947327697
135.59093638383692,-21.036765520932054,-151.92785535570022,-174.81742024369433,-58.05140643405095
145.82508356781165,-12.545809800679367,-148.29552040057877,-178.09245447941035,-69.68591993157871
156.56626761970648,-3.2940643118922406,-144.06165638561598,-180.94223852103016,-81.14516136268969
167.7706847758098,6.730723053195501,-139.18613244859944,-183.33748331694318,-92.39813596905985
179.37517641891634,17.525765383784584,-133.63404209602004,-185.2504049461526,-103.41388869741427
191.29584342379866,29.070564615687207,-127.37757785276412,-186.65528705562465,-114.16158372795199
203.4274513616966,41.32457594422265,-120.39796832229229,-187.52907600651574,-124.61059986326798
215.64378449907895,54.225399526690296,-112.68739084693262,-187.85199585728537,-134.7306432881202
227.79906306097436,67.68768310139373,-104.25075981440504,-187.60816662328045,-144.49187836381577
239.73048125031752,81.60289755243733,-95.10728231659328,-186.7862058962098,-153.86507615542865
251.261856274789,95.84011140073343,-85.29167066257196,-185.37979115051928,-162.82177935612094
262.2083056155632,110.2478410227411,-74.8549061897396,-183.38815817114107,-171.33448122944685
272.38179637750056,124.65699371381078,-63.86446145108485,-180.81651024828085,-179.3768152053533
281.5973426478245,138.88485431745553,-52.403908158218925,-177.67631329494995,-186.9237508981221
289.67957016510866,152.7399977526317,-40.57186555838225,-173.98545398158421,-193.9517916268871
296.469327436393,166.02794463515954,-28.48027689725921,-169.76824139608073,-200.43916805897308
301.83000275356795,178.5573206232597,-16.252038345973602,-165.05523757814527,-206.36602239747663
305.653209770859,190.14623700476506,-4.018042845624606,-159.88290839116866,-211.71457761833324
307.86353093284623,200.62858433553367,8.0862619532694,-154.29309333048244,-216.46928662536507
308.4220566132492,209.85992525343156,19.92466988549205,-148.3323006773822,-220.61695681867653
307.32852495691003,217.72268790938543,31.364208967629594,-142.05084247521177,-224.14684642539953
304.6219481234267,224.1303969936736,42.2791560165258,-135.50183166101456,-227.05072997186699
300.3796987809186,229.03073259734907,52.554892124137005,-128.74007085004024,-229.32293142422773
294.7151195930881,232.40727414368112,62.09142264214198,-121.82086827978577,-230.9603247224362
287.77380144985943,234.2798622546162,70.8064011154903,-114.79882086572687,-231.96230261561536
279.7287473485826,234.70358995083652,78.63752242684643,-107.72660688340862,-232.33071581160812
270.7746933709394,233.76651020176652,85.54418444300778,-100.653831266341,-232.0697854256834
261.1218929262463,231.5862141681018,91.50835722462602,-93.62596482231496,-231.18599250994487
250.98968393101242,228.3054890433485,96.53464149127043,-86.68341489326829,-229.6879490348901
240.60015124907937,224.08730299656227,100.64954049864535,-79.86075931963533,-227.58625506140564
230.17217054492528,219.10938560763088,103.90000887174944,-73.18616834929043,-224.89334698095885
219.91607805114296,213.5586751525053,106.35137570012776,-66.68103078145519,-221.6233416221876
210.02915788094043,207.6258903410315,108.08476535620198,-60.35979164971074,-217.7918807403716
200.69207914991094,201.50045602788998,109.19415675825331,-54.22999965176544,-213.41597994808035
192.06635402521488,195.36597326869287,109.78322963831546,-48.29255384064975,-208.51388554000647
184.29282920749213,189.39637763769164,109.96214500498964,-42.54213127559885,-203.10494194547854
177.49117085398518,183.75287984047844,109.84439728454426,-36.96777078762352,-197.2094717433222
171.7602592072551,178.5817329988111,109.54385897532602,-31.553583040869142,-190.8486693275709
167.17937580070964,174.01282470957338,109.1721168097103,-26.27955385173467,-184.04450845363414
163.81004362735655,170.1590515380413,108.83617330418063,-21.12240632563143,-176.81966305187265
161.6983687064435,167.11640064858437,108.63656110821586,-16.05648773617561,-169.19743989798064
160.87772891679057,164.9646386358517,108.66589149772138,-11.054649049028875,-161.2017210044075
161.37166107313277,163.76849136909297,109.00783418693547,-6.08908834308064,-152.8569129655815
163.19680795112959,163.57919023786314,109.7365044978591,-1.1321338060827273,-144.18789997541631
166.36580113617202,164.43625854196034,110.91621659088699,3.8430528559100097,-135.21999685643107
170.88997106658522,166.3694155493248,112.60154831794947,8.861866203061986,-125.97889821083632
176.78179057359168,169.40048346822363,114.8376543701755,13.947748037306166,-116.49061974229356
184.05697104670412,173.54519278459458,117.6607595456517,19.121782200936217,-106.78142791019707
192.73613997142147,178.81479280388422,121.09876275585896,24.402390964707124,-96.87775437866188
202.8460343855338,185.21738577099137,125.17188429940032,29.805126604144785,-86.8060922149579
214.42014670396875,192.75891391832414,129.89329339707783,35.34254842967222,-76.59287147895054
227.49875783283733,201.44373887382636,135.2696594595352,41.02417311084934,-66.26431272984154
242.12828854219666,211.27476209066208,141.30157857341948,46.85648463573009,-55.846258049945625
258.3598952331684,222.2530437379478,147.98383586828118,52.84298963769011,-45.36398044127059
276.2472325488476,234.37688652974867,155.30547449550772,58.98430402872983,-34.841973870086406
295.84330520742265,247.64036123023624,163.24965275108016,65.27825779400033,-24.30372778918928
317.19633776633447,262.03126316994934,171.7932823226702,71.72000629798897,-13.771491622551144
340.3446067235506,277.52850520464636,180.90645270802173,78.30213839233566,-3.2660363947540283
365.3102073366149,294.0989732132409,190.55165950966514,85.01477385776498,7.193577636124569
392.0917703556151,311.6938962890962,200.6828674923656,91.84564512553246,17.590216916322905
420.6562033837169,330.2448156466621,211.24445284026905,98.78016068708862,27.908862324934482
450.9296085094766,349.65927376647403,222.1700826768495,105.80145000792,38.136755886112724
482.7876213320387,369.8163875211525,233.38160315643927,112.89039202870198,48.263493092076416
516.0455236179896,390.5625141603873,244.78801965305837,120.02563139454914,58.28104748861388
550.4485972933065,411.70726432184085,256.28466292380034,127.18358835118696,68.1837149203974
585.663303415066,433.0201579617371,267.75264261298355,134.33846974959567,77.96796641295515
621.2699757511664,454.22825268522746,279.0586929724983,141.4622897793713,87.6322011586392
656.7578020261699,475.01509422190384,290.05551406054144,148.52490988657794,97.17639451529449
691.522912718739,495.0213403053658,300.58270387046304,155.49410780115235,106.60164028836434
724.8703931841893,513.8473868211611,310.46836196191657,162.33568567766747,115.90959175246176
756.0209667284404,531.0582745256073,319.5314226908871,169.01362701112302,125.10181169620287
784.1229539931618,546.1910732170345,327.58474601104024,175.49031118657672,134.17904797379884
808.2698925171284,558.764827543223,334.43895660479893,181.72679321830788,143.14045727606435
827.5239012467332,568.293007073622,339.9069790425797,187.68315438895502,151.98280567477352
840.9445078994174,574.2982385251674,343.8091697343085,193.31892708295794,160.69967949361967
847.6222411901451,576.3289191380605,345.9788982928221,198.59359411544577,169.28074375125217
846.7158524921902,573.9771292802822,346.26838481145876,203.46715931405743,177.71108736683266
837.4916074486597,566.8970939865942,344.5545590916299,207.90078209512743,185.97069415645177
819.3627172391056,554.8233032215182,340.7446767713117,211.85746442000027,194.03407612773697
791.9267028893171,537.5873050325781,334.7814091171625,215.30277401996955,201.87010060767133
754.9983424585852,515.1321485085226,326.64712088982196,218.20558339938069,209.44203540411996
708.6358707352797,487.5234851793077,316.3670661857813,220.53880017600858,216.7078267857726
653.1583026433966,454.9564437281406,304.01126627957365,222.28006114119125,223.62061404708112
589.1521375636775,417.75757290067025,289.69488557195973,223.4123603680103,230.1294724432849
517.4662569539261,376.3813936640848,273.5769895909145,223.92458108507662,236.1803641033223
439.19451861613476,331.4013995313204,255.8576489073733,223.81190212103013,241.7172649869409
355.6463281708059,283.4956731410368,236.77343987191324,223.07605266298611,246.68342587006788
268.306270113973,233.42762295338062,216.5914813923225,221.72539388096007,251.02271746965022
178.78463939463003,182.02265950110674,195.60223027598843,219.77481251724478,254.68100475208698
88.76136265187242,130.14189977370404,174.11132979381307,217.2454195345196,257.6074936025179
-0.07372303008995829,78.65418796719797,152.43086160743852,214.16405592183574,259.755994514167
-86.081001231675,28.40783363255244,130.87038576959898,210.5626172177009,261.0860526757601
-167.72835854547006,-19.796515649985935,109.72816450163178,206.4772175929818,261.56390142963073
-243.64257453129986,-65.23053182406557,89.28295208097471,201.94722278910172,261.1632059668725
-312.65221105756035,-107.25923126701427,69.78669659731322,197.01418821426373,259.8655755803503
-373.8200077011993,-145.35745172254065,51.45844253113407,191.7207435405034,257.6608349824709
-426.4635275985024,-179.12116704983828,34.479650581945876,186.10946784252644,254.54705726543034
-470.16359275396485,-208.2733548395692,18.991068516345862,180.2217994814509,250.53037224790023
-504.76083130228676,-232.66446261904946,5.091200162541298,174.09702256632602,245.62457354361842
-530.3413684949656,-252.26782510544388,-7.163664802564938,167.77136712735577,239.85055520345165
-547.2132762693648,-267.1706461735279,-17.757974341599038,161.2772534829607,233.23561391751542
-555.8758166224641,-277.5613587855081,-26.714169202292823,154.64270319477907,225.81265541734666
-556.9837529710766,-283.7143045828024,-34.08889668858765,147.89093008406485,217.61934398129029
-551.3090605480404,-285.9727295319069,-39.968441028684225,141.04011566397065,208.69723207171432
-539.7022571492355,-284.73107672595256,-44.463641361685234,134.10336463927376,199.09090349947994
-523.055327532618,-280.4174813137063,-47.70456446781475,127.08882837492988,188.8471585705743
-502.26786527594214,-273.4772485656154,-49.835180658084596,119.99997786517869,178.01426390629376
-478.2176455434002,-264.35793949341274,-51.00826067929847,112.8360030340616,166.6412835120344
-451.73641099166997,-253.49651492689298,-51.38067251903742,105.59231230390684,154.77750161980862
-423.59123665806663,-241.3088132627342,-51.109213185768056,98.261105276537,142.47194219728425
-394.47146682000135,-228.1814718478549,-50.34706529804957,90.8319919440565,129.7729850581595
-364.9809077180652,-214.46625686391724,-49.24092463455406,83.2926338423002,116.72807439508662
-335.63472605081785,-200.47664811283414,-47.92880508320272,75.62938566494715,103.38351236796947
-306.8603473501645,-186.48643650653236,-46.53849342158175,67.82791971144599,89.78432811885439
-279.0015668510634,-172.73003368176222,-45.18659911328872,59.8738197828298,75.97421119721915
-252.32506914556637,-159.40416295858535,-43.97812422903547,51.753135414811744,61.995497761809084
-227.0285893031525,-146.6705950918046,-43.00646556376017,43.452891340037645,47.889197952987075
-203.25002325904995,-134.65960613164702,-42.35375446493734,34.96155054858336,33.69505336505493
-181.07689516026153,-123.47386299444024,-42.0914389663192,26.269432079347325,19.45161445198483
-160.55570130667223,-113.19247994248485,-42.28101652928132,17.369086610127027,5.196328851727193
-141.70076364510447,-103.87503148150807,-42.974832982117974,8.25563396894038,-9.034367098726147
-124.50233225865094,-95.56535038161827,-44.216873117187646,-1.0729331211675515,-23.204960047882825
-108.9337702826713,-88.2949806977461,-46.04347997536243,-10.615475357852027,-37.28077958316676
-94.95773290702445,-82.08619282727436,-48.483952393855716,-20.367460818417264,-51.227930268135864
-82.53131340425642,-76.95449969814464,-51.560983364285505,-30.320745960953637,-65.01323841709197
-71.61017390052481,-72.9106397861235,-55.29091475611038,-40.463385234799446,-78.604215214524
-62.15170853386506,-69.96201408447277,-59.68379675684643,-50.77947318999507,-91.96903686097552
-54.11730414317157,-68.11358110071505,-64.74325281671918,-61.249025248652316,-105.0765416232724
-47.473771519380016,-67.368227416304,-70.46616287204711,-71.84790532495975,-117.89624298679391
-42.19402144948519,-67.72664242176965,-76.84218907594337,-82.5478100598719,-130.39835754353513
-38.257057073056764,-69.1867356187179,-83.85317907512263,-93.31632040222657,-142.55384580385314
-35.64734993564795,-71.7426443171082,-91.47249185348093,-104.11703147430589,-154.33446378738932
-34.35366363468531,-75.38338937812867,-99.66430003939377,-114.90977100033,-165.71282302874909
-34.36738770018942,-80.0912472868779,-108.3829299655247,-125.65091499275296,-176.66245652742018
-35.68044640485627,-85.83991836187924,-117.5723061964008,-136.2938068729835,-187.1578881732244
-38.28285307998189,-92.5925830229311,-127.16557015382989,-146.7892828051768,-197.17470328805516
-42.159990207625306,-100.29995007531838,-137.08494229409794,-157.0863018550404,-206.6896181318929
-47.28970851205975,-108.89841191693053,-147.24189347810716,-167.13267482452397,-215.6805465151519
-53.639353429594905,-118.30843015119729,-157.5376832867556,-176.87588048979984,-224.12666202539629
-61.162843192516725,-128.43327983074875,-167.86431080777606,-186.26395276051696,-232.00845479318306
-69.79793745130986,-139.15827995416038,-178.1059068588597,-195.24641729475087,-239.30778216376737
-79.46384677103356,-150.3506304944343,-188.140576041986,-203.77525167545593,-246.00791308465247
-90.0593392718765,-161.85996103489447,-197.84267313849443,-211.8058397001366,-252.09356643151324
-101.46149904762046,-173.51967237629543,-207.08547223682734,-219.29788795287024,-257.550943852925
-113.52528001114496,-185.1491202288772,-215.74416007097304,-226.2162718572725,-262.3677579919634
-126.08397724719518,-196.55665003984902,-223.69905907116913,-232.53177902035827,-266.5332571206283
-138.9507053215109,-207.543445682865,-230.8389625053822,-238.2217199500438,-270.03824729111204
-151.92092974544863,-217.90810451883277,-237.0644457709417,-243.27038013654698,-272.87511305960186
-164.77604541578316,-227.45180033163263,-242.2910062011037,-247.66929289965168,-275.03783768041933
-177.28793688240083,-235.98384749192223,-246.45188017694437,-251.4173190807264,-276.52202341297453
-189.2243932592006,-243.32743832923535,-249.5003918894735,-254.52052727087045,-277.3249122520008
-200.35518977625804,-249.32529495536087,-251.4117031489463,-256.99187641171267,-277.4454070105911
-210.45859311791514,-253.84496009178156,-252.18385782472137,-258.8507108323664,-276.8840922853153
-219.3280036117324,-256.783451405586,-251.83804669693285,-260.1220856306648,-275.6432544463829
-226.77841842915254,-258.0710218829031,-250.4180568661145,-260.83594732043554,-273.7268994540086
-232.65238976956408,-257.67380489511623,-247.98891196145183,-261.0262004520615,-271.14076703294677
-236.82516277097147,-255.59517533579577,-244.63475236036754,-260.7296951514998,-267.8923395624436
-239.20871024541364,-251.87572451572066,-240.4560454604432,-259.985172995153,-263.9908439740545
-239.75443409802872,-246.59182207082787,-235.56625179924296,-258.8322092417747,-259.44724500157093
-238.45437345783697,-239.8528176478079,-230.08810092375813,-257.31018819524047,-254.27422829418094
-235.34084250217225,-231.79701274253966,-224.14964938780366,-255.45734550734022,-248.4861721773382
-230.48451079627648,-222.58660293066353,-217.88030088483433,-253.30990678300674,-242.0991072076063
-223.99102903920112,-212.40184755191405,-211.4069649638226,-250.90134623984162,-235.13066309765287
-215.99638659648218,-201.4347634384641,-204.85051656912043,-248.26178277190368,-227.60000305801225
-206.66125778069124,-189.88265871280828,-198.32269515382563,-245.41752397464694,-219.52774608555086
-196.16464626811256,-177.94182092699708,-191.92355137539374,-242.3907619011974,-210.93587819799265
-184.69716762910963,-165.80165155423018,-185.73951389015676,-239.19941790734816,-201.84765404068952
-172.45431691710593,-153.6394984448706,-179.84211125054412,-235.8571282211027,-192.28749065674546
-159.63005183610852,-141.6163830928121,-174.2873470803987,-232.37335708905198,-182.28085549429392
-146.41098436509156,-129.87375521233113,-169.11569301916504,-228.7536206760989,-171.85415091399372
-132.9714187058854,-118.53133851135165,-164.35263540603376,-224.99980241366265,-161.03459755118138
-119.46940612502385,-107.68606399120995,-160.00968977018783,-221.1105392112842,-149.85011887702967
-106.0439134885244,-97.41202547659712,-156.08578271957663,-217.08165780437798,-138.32922920126475
-92.8131279893455,-87.76134038398702,-152.56889395180394,-212.90664138198866,-126.50092717187813
-79.87385129940382,-78.76575983633694,-149.43785144002823,-208.57710835535548,-114.3945965694129
-67.30187683666088,-70.43884769036252,-146.66417948417603,-204.08328749283953,-102.03991588196345
-55.15319751421572,-62.77853812095047,-144.21391102324978,-199.41447644741,-89.46677779395633
-43.465860331290955,-55.76988517831224,-142.04929093427782,-194.55947372907985,-76.70521934803011
-32.262269123763645,-49.38783328859381,-140.13031448966044,-189.50697722603996,-63.78536315495926
-21.551737025999188,-43.59986240955915,-138.4160632662199,-184.24594527842606,-50.737369645340614
-11.333103877483737,-38.36839248816688,-136.86581831989756,-178.76591890836752,-37.591399990217695
-1.5972582673966045,-33.652865925078345,-135.43994632264358,-173.05730599279633,-24.377588968552967
7.670564031435294,-29.411461045987913,-134.1005678425578,-167.11162985141763,-11.12602673827908
16.488797194298492,-25.602421620174013,-132.81202756137688,-160.92174586366804,2.133251826597384
24.877932699258956,-22.185015309682594,-131.54119376463913,-154.4820303141571,15.370271833129463
32.859296124170925,-19.120156245940393,-130.2576189447351,-147.78854571423705,28.555118927960244
40.45420133581641,-16.370743011637423,-128.93359505395563,-140.83918640476668,41.65793773593248
47.68344457577175,-13.901773025278647,-127.5441361997465,-133.6338073833933,54.64893034468338
54.567082297133254,-11.6802980451223,-126.06691884237809,-126.17433811100383,67.49835709913837
61.12442506991856,-9.675283963907773,-124.4822053305834,-118.46488164315046,80.17654201225626
67.37417519874936,-7.857432241863322,-122.77277138818093,-110.51179792415151,92.65388507105065
73.33463717555213,-6.19901134111651,-120.92385240933625,-102.32376859816068,104.90088361566319
79.02393668773391,-4.67373551906627,-118.92311754444233,-93.9118393596679,116.88816478016301
84.46019438898317,-3.2567163871762617,-116.76067491147705,-85.28943480633467,128.58653070140988
89.6616137151295,-1.9245006912286158,-114.42910612805369,-76.47234007670356,139.96701782475557
94.64645642368305,-0.6551965947393512,-111.92352393737448,-67.47864334552972,151.00097115963644
99.43289409925069,0.5713190627080778,-109.24164314340376,-58.32863357219112,161.66013377736715
104.03873761571126,1.7731281078635774,-106.3838524662775,-49.04464878630179,171.91675120846537
108.48105870015006,2.9659546129618164,-103.35327331986485,-39.650871645305386,181.74368971216515
112.77572773782867,4.162830346982609,-100.15579090080978,-30.17307096621183,191.11456668791803
116.93689943422869,5.37376972079651,-96.80004333119246,-20.638290335786063,200.00389081037324
120.97648274064065,6.605481959238325,-93.2973558571222,-11.074487615359118,208.3872088410083
124.90363354726838,7.861146669747711,-89.66160919262671,-1.5101320230583077,216.24125554021992
128.72430817779707,9.140275976293609,-85.90903391169573,8.026231683990858,223.54410271613716
132.4409129091691,10.438682203372224,-82.05792621189113,17.506439789582515,230.2753032379554
136.05207989177424,11.748564987019208,-78.12828426305404,26.903172626180215,236.41602583712654
139.5525933122519,13.058725912863025,-74.14136855779728,36.19040808427112,241.9491767387263
142.93348181106035,14.354912583872988,-70.11919402223467,45.34384886233272,246.85950460636087
146.18228444868856,15.620287645496717,-66.08396593398061,54.341306730222605,251.13368593384996
149.28348832815172,16.836011982787028,-62.057475723905,63.163028039608335,254.7603888452344
152.21912675211746,17.981925292463345,-58.06047629394985,71.79194659549194,257.73031422363476
154.9695179440278,19.03730176296594,-54.11205934972591,80.21385273483574,260.03621412285867
157.51411630726676,19.9816539073002,-50.22905921804053,88.41747090706019,261.67288845467147
159.83244132874418,20.795553920720693,-46.425508513094655,96.39444202820565,262.63716191996656
161.9050439135969,21.461439495746077,-42.71217068584431,104.13921115585316,262.92784399569484
163.7144664764543,21.964370009239445,-39.096172847000545,111.64882534639145,262.54567544095266
165.2461517530509,22.292699542537235,-35.580759270886574,118.9226506480422,261.49326519946743
166.48925618598415,22.438635385103524,-32.16518171914849,125.96202080086573,259.7750217226382
167.4373269249162,22.398654504545235,-28.844737310181742,132.7698331413447,257.39708260974186
168.08880688742906,22.17375584821501,-25.61095832865054,139.35010927693193,254.36724607285507
168.44733974642162,21.769533083241143,-22.451951425460337,145.70753919666768,250.69490711805204
168.5218558090721,21.196060193135935,-19.352876473835664,151.84702758047564,246.39100054227615
168.32643008121897,20.46759085406393,-16.29654833626529,157.77326019155186,241.46795194206646
167.8799148248859,19.60208126715412,-13.264138390628545,163.49030647797025,235.93963698797003
167.205360008108,18.62055463794843,-10.235947276274757,169.0012720210984,229.82134830895393
166.32924558506727,17.54633327585333,-7.192216316973344,174.3080114374987,223.1297685240234
165.28055891885373,16.404170867088226,-4.113942743656835,179.41090898199863,215.8829473083419
164.08975832249965,15.21932245130472,-0.9836633554912311,184.3087306313607,208.10027993204835
162.7876692026875,14.01659269672281,2.2138273190438156,188.99854805987803,199.80248448517057
161.40436233813904,12.819404034090553,5.490855040903909,193.47573183612622,191.01157500519122
159.96806426465892,11.648925025922239,8.856365844073792,197.73400852234676,181.7508279446068
158.50414759092735,10.52329610248438,12.315567547388945,201.76557425240833,172.04473982171888
157.03424451922936,9.45698471218273,15.86972520750902,205.56125586133936,161.91897445042724
155.57552022414146,8.4602953461889,19.516115299826602,209.1107097551174,151.40029879395428
154.14013449884294,7.539052226737766,23.24813578609465,212.4026484198138,140.5165071792961
152.7349107441604,6.694464170379831,27.05556205571282,215.4250847148511,129.29633429656766
151.3612215188695,5.923172741558005,30.92493241988724,218.16558479296734,117.76935804009227
150.0150900596843,5.217476770089235,34.840041725031654,220.61152153837247,105.9658937923943
148.68749794164145,4.565719038000466,38.78251796640455,222.7503217063938,93.91688217962684
147.36488083611195,3.95281478930076,42.73245464859825,224.56970137494415,81.65377262004554
146.02978748740443,3.360896928315995,46.66907107018787,226.057885778816,69.20840514316845
144.6616718086325,2.7700494915162324,50.57137361406785,227.20381100256242,56.6128929778946
143.2377845131746,2.1590992434822027,54.41879332610296,227.99730628219956,43.89950830577927
141.7341289555674,1.506435002330761,58.191778314364285,228.42925675156823,31.100573369380264
140.12644575859287,0.7908254032802233,61.87232350856384,228.4917473254229,18.24835883285202
138.3911921717254,-0.007791943383395505,65.44442477277045,228.1781890133072,5.374990938031187
136.50648469903396,-0.9075737991679205,68.89444895411604,227.4834292972322,-7.48763139758489
134.45297707253962,-1.92410727635162,72.21141589248141,226.40384828692635,-20.307908814265467
132.21464983715,-3.0698344469902707,75.38719246504759,224.93744220644567,-33.05460277327999
129.77949236871694,-4.353577346905482,78.41660220333446,223.08389539367528,-45.69688596855564
127.140062805404,-5.7801710258768395,81.2974567661207,220.8446414476371,-58.20438240675085
124.29391591109741,-7.350208481644586,84.03051750694604,218.22291348429107,-70.54719805309684
121.24389313036382,-9.059897936260711,86.61939652925793,215.2237827125255,-82.69594328625568
117.99827291325158,-10.901030052346357,89.07040701688038,211.85418377771447,-94.62174871305764
114.57078271110217,-12.86105038015971,91.39237235101751,208.122924602401,-106.29627616038924
110.98047684671569,-14.923230566265971,93.59640270176162,204.04067784604743,-117.69172687681738
107.25148676164233,-17.066930595769634,95.69564655951518,199.61995067054517,-128.78084913607444
103.41265198980167,-19.267943510127665,97.70502321231325,194.87502929106796,-139.5369475289304
99.49704167584207,-21.498913548712494,99.64094064040583,189.82189486172143,-149.93389624926766
95.54137763526931,-23.729818403976523,101.5210018431874,184.47810762589097,-159.94615861805013
91.58537093167867,-25.92850615674034,103.36370137045402,178.8626569704156,-169.54881493446828
87.6709848077716,-28.061277378119115,105.1881129067399,172.99577605839264,-178.7176004938384
83.84163761706962,-30.093502774243618,107.0135682302288,166.8987210507825,-187.4289552640576
80.14136020840773,-31.990266556463382,108.8593277740892,160.59351651396065,-195.6600862686135
76.61392303235534,-33.71702541791376,110.74424335886854,154.1026703741816,-203.38904319501938
73.30194905729371,-35.240272589102844,112.68641440382231,147.44886362685418,-210.59480714537403
70.24602936499993,-36.52819595894313,114.70283999193421,140.65462182774985,-217.25739179381583
67.48385897692656,-37.55131873682541,116.80907046108318,133.74197706182815,-223.35795554042284
65.04941096207654,-38.283110666719146,119.0188636031564,126.73213048135872,-228.87892258415383
62.97216710111175,-38.70055746976027,121.34385194433143,119.64512650953469,-233.80411021566098
61.276423233143234,-38.78467607534674,123.79322882171016,112.49955031879753,-238.11885908888334
59.98068680329345,-38.520963385665596,126.37346193950323,105.31226013942631,-241.8101628048277
59.09718298700217,-37.89976687709734,129.0880436764222,98.09816528937985,-244.86679286246454
58.63148404465636,-36.91656632588561,131.9372875426459,90.87005953925899,-247.27941492446624
58.58227424136198,-35.57215738167734,134.91817980011683,83.63851757231468,-249.04069242621193
58.94125977160873,-33.87272959946133,138.02429434872434,76.41185994847548,-250.14537382915185
59.69322971673641,-31.829833844516166,141.24577756349925,69.19618925017456,-250.59036027854134
60.81627022859391,-29.460236644316822,144.56940790005487,61.99549712111876,-250.37475105208344
62.282130004194954,-26.785661986736883,147.97873285151465,54.81183887648779,-249.49986495080745
64.05673084754895,-23.832424144300155,151.45428334993554,47.64556943813501,-247.96923664795392
66.10081287619391,-20.6309582156871,154.97386308363673,40.495631703731604,-245.78858792989675
68.3706999006798,-17.215258085264992,158.51290758170347,33.359886249959835,-242.96577468559698
70.8191668583448,-13.62223427922487,162.04490543038273,26.23546962168779,-239.5107113774423
73.39638807843076,-9.891006621822086,165.54187175453447,19.119167463431726,-235.43527550951444
76.05094273047612,-6.06214856120306,168.9748622272882,12.007788450478353,-230.753195257518
78.73085216465654,-2.1769014597718126,172.3145144452898,4.89852537597005,-225.47992390622505
81.3846230597154,1.7236220293296753,175.53160258332156,-2.210709196758069,-219.63250503315902
83.9622703757716,5.599226177685949,178.59759085034602,-9.320983686110718,-213.2294324724388
86.41629505092686,9.411393092667936,181.4851714109285,-16.432093544196746,-206.29050899297346
88.70259312715858,13.123998450439323,184.1687730873359,-23.542359117761876,-198.83670734518483
90.78127545155256,16.703965742678953,186.62502827114517,-30.648479280095145,-190.89003689495453
92.61738015478217,20.121844761386264,188.83318698231784,-37.74544223823639,-182.4734185052308
94.18146361738287,23.35230245287501,190.77546883799238,-44.826492496045745,-173.6105696829601
95.45005944128229,26.374516948812513,192.43734574279264,-51.88315078549441,-164.32590132243223
96.40599888922085,29.172468418668203,193.8077502936354,-58.90528196360903,-154.64442668628823
97.03859018111221,31.735123273386264,194.87920711203242,-65.8812044800512,-144.5916826101376
97.34365779989258,34.05651107911076,195.64788648854542,-72.7978340838717,-134.19366232868256
97.32344643195064,36.13569621605305,196.1135817693247,-79.64085396488876,-123.47675882674955
96.98639724561787,37.97664875899254,196.27961376806053,-86.39490349049314,-112.46771723625098
96.34680681864215,39.58802119696741,196.15266709748636,-93.04377805533403,-101.19359454041445
95.42438111339037,40.98283940356801,195.74256464770457,-99.57063324512447,-89.68172471237821
94.24369844878359,42.178117689408055,195.0619874761977,-105.95818744671831,-77.95968740181608
92.8335964379309,43.19440880713445,194.12614811365444,-112.18891813299173,-66.05527837990196
91.2264983834803,44.0553004479274,192.95242574326753,-118.24524822720116,-53.996480143808895
89.45769470170353,44.78687009378189,191.55997190399924,-124.10972012776287,-41.81143134765967
87.56459464823956,45.417110111426204,189.96929533473764,-129.76515608094513,-29.52839404586405
85.58596302142021,45.97533474084898,188.2018343587299,-135.19480456436528,-17.175718084526796
83.56115570224813,46.49158019750367,186.27952485033023,-140.38247314461975,-4.781802335007902
81.52936693215933,46.99600852736549,184.22437137443723,-145.3126488653973,7.624947190173986
79.52890020132116,47.51832517975838,182.05802858491805,-149.9706075917822,20.016161983883777
77.59647357956369,48.08721953895369,179.80139944675986,-154.34251388108714,32.36355783030369
75.76656931459688,48.729836917930484,177.4742563362169,-158.4155128800009,44.63898289968482
74.07083657399713,49.47128978993771,175.0948905900405,-162.17781548677104,56.81446618378859
72.53755532928773,50.33421532741623,172.67979562634594,-165.61877759760458,68.86226524258326
71.19116856534649,51.338385632423034,170.24338834180992,-168.7289737198329,80.75491225035482
70.05188922364988,52.50037636530105,167.79777308781019,-171.5002646286508,92.46525742491883
69.1353875207381,53.83329878740322,165.3525521211468,-173.92585811909942,103.96650909265449
68.45256348021051,55.34659950022568,162.91468598359486,-176.0003613139362,115.23226987657745
68.0094086322313,57.045931355696005,160.48840675860095,-177.71982248128367,126.23656878334565
67.80695982384916,58.93309809922501,158.07518655223927,-179.0817599407032,136.9538892934963
67.8413469068167,61.00607426169089,155.67376282099193,-180.08517543352244,147.3591939101216
68.1039346998763,63.25910062066003,153.28022130267277,-180.73054933330945,157.42794597518855
68.58155804542716,65.68285419835597,150.8881362873801,-181.0198152957679,167.13612989873863
69.25684700189217,68.26469026254692,148.48876679656163,-180.95631239949418,176.46027124259484
70.10863725849802,70.98895217119565,146.07130593735428,-180.5447135011345,185.3774583356352
71.11245877521,73.83734319421465,143.6231792975908,-179.79092939589933,193.8653672524478
72.24109350542052,76.7893527136201,141.13038679307064,-178.7019893967799,201.90229204446754
73.46519093771869,79.82272751876704,138.57788093130938,-177.2859000694149,209.46718205992045
74.75392819581216,82.91397735820453,135.94997308645642,-175.5514850187546,216.5396880189435
76.07569967042107,86.03890257148565,133.23075816495145,-173.50820974556913,223.10021822241313
77.39881973348038,89.17313059064664,130.40454705748692,-171.1659965989694,229.13000587379884
78.6922211072667,92.29264745188621,127.45629559512047,-168.53503567170839,234.61118799658834
79.92613101893474,95.37431026088154,124.37201841749385,-165.625598051449,239.52689585654872
81.07270743309886,98.39632685740685,121.13917626777483,-162.44785810035788,243.86135617560703
82.10661846194549,101.33868974934497,117.74702577930609,-159.011731352136,247.60000178481934
83.00554951146844,104.18355272777208,114.18692181520703,-155.3267341757972,250.72958974303472
83.75062480532972,106.91554039783608,110.45256384300662,-151.4018705693436,253.23832438234524
84.32673256911886,109.52198309926898,106.54017962156269,-147.2455503481691,255.1159822651796
84.72274625872164,111.9930722544071,102.44864157459446,-142.86554163816672,256.35403568297914
84.93163764748002,114.32193395531522,98.1795135312014,-138.26895904869193,256.94577111639717
84.95048119736862,116.50462145700789,93.7370279196002,-133.4622872736614,256.8863990288457
84.78035276450316,118.54003004371214,89.12799589164217,-128.45143824745975,256.1731514856453
84.42612916156493,120.4297403453954,84.36165511533449,-123.24183846275324,254.8053643764872
83.89619825916928,122.17779847906114,79.44946199235423,-117.83854172871435,252.78454145606074
83.20209201187507,123.79044326769639,74.4048367441961,-112.24636158826303,250.11439798341647
82.35805692709526,125.27579217095362,69.2428710896816,-106.47001687728519,246.8008824046531
81.38057797312668,126.64349839544144,63.98000906143316,-100.51428353275327,242.8521752492224
80.28787270164091,127.90439192286097,58.63371185809784,-94.38414574953492,238.27866515896258
79.09937243424325,129.0701169171643,53.22211750984066,-88.08493993126913,233.09290270062323
77.8352067646542,130.15277719287144,47.76370558109797,-81.62248554302693,227.309533290349
76.51570642511336,131.1646002182301,42.27697620105815,-75.00319789433398,220.94521114980074
75.16093785218055,132.11762857904506,36.78015147347038,-68.2341789920301,214.018496691668
73.79028068020135,133.02344604568052,31.290905857047953,-61.32328382579423,206.54974008069374
72.42205701786874,133.8929434746811,25.82613051569481,-54.27916070511087,198.56095392416302
71.07321885667591,134.73612784265805,20.401735004068243,-47.11126548240475,190.07567811381904
69.75909744700974,135.56197585054966,15.032488059486635,-39.82985060574229,181.1188397767305
68.49321607266464,136.37833183218632,9.731897788898593,-32.44593089521111,171.71661110950748
67.28716545611519,137.19184821688287,4.512130225937678,-24.971228693038203,161.89626759060687
66.15053911004114,138.00796557514371,-0.616035871117802,-17.418101577444794,151.68604871084804
65.09092436783064,138.8309283426699,-5.643220978934899,-9.799456152246417,141.11502296040993
64.11394360506232,139.66383167512907,-10.561427152440068,-2.1286515367019945,130.212958386979
63.22333930970173,140.50869452052922,-15.363994768845679,5.580603892685307,119.01019961792531
62.421096156243685,141.36655388053833,-20.045537862463767,13.314359183185672,107.53755184374121
61.707593055265825,142.2375753284078,-24.601862223453722,21.058527928292577,95.82617190567112
61.08177824022776,143.1211751144163,-29.029870259565776,28.798993269324207,83.9074663337161
60.54136076449211,144.01614957269058,-33.32745632758685,36.52170867114471,71.81299595050876
60.083012255814864,144.92080799817984,-37.493395867052726,44.212792824704756,59.57438649547625
59.7025733562937,145.83310564615465,-41.52723125021695,51.85861745649069,47.22324463542851
59.39525990888158,146.7507739807715,-45.42915683224962,59.445887198953045,34.79107870537693
59.155864590368346,147.67144573345274,-49.19990527136977,66.96171097749315,22.30922356302899
58.97895029694802,148.5927727046369,-52.84063681381682,74.39366459161727,9.808769031772076
58.8590321338243,149.51253454074993,-56.352832917703054,81.72984430720477,-2.6795084623280716
58.79074532810987,150.4287369387613,-59.73819533314614,88.9589113387166,-15.125211293576205
58.76899676815108,151.33969787832098,-62.99855156653627,96.07012709694402,-27.498383140543133
58.78909817693482,152.24412056871884,-66.13576753054512,103.05337902349652,-39.76956847607548
58.84687916619606,153.14115184422383,-69.15166811132497,109.89919674947673,-51.90986876502018
58.93877861223862,154.0304247702602,-72.04796635600374,116.5987582233255,-63.890994952868446
59.061912971562585,154.912084261695,-74.82620198134256,123.14388537477996,-75.68531572358833
59.214120343759845,155.7867945911631,-77.4876899093322,129.52702884192897,-87.26590094640736
59.39397932125956,156.65572780659176,-80.03347952710399,135.74124130517234,-98.60655972372889
59.60080196854265,157.52053230683148,-82.46432532850739,141.78013906473208,-109.68187250163523
59.834600669790895,158.38328116006448,-84.78066950468173,147.63785167846618,-120.46721681353334
60.0960290892186,159.2464002022572,-86.98263689790443,153.3089597509483,-130.93878639269005
60.38629810718707,160.11257652310422,-89.07004250799234,158.78842133326455,-141.073603608848
60.70706832137742,160.98464862517997,-91.04241144110887,164.07148784685535,-150.84952544844606
61.060321516637465,161.86548030739522,-92.89901082176509,169.15361096763976,-160.24524355404563
61.44821437764891,162.75782114411075,-94.63889276266332,174.03034247517746,-169.240279155358
61.87291860231124,163.66415726406407,-96.2609470234336,178.69722965267866,-177.8149740394247
62.336452417233595,164.58655692764938,-97.76396151528206,183.1497093812373,-185.95047900533606
62.84050924083408,165.5265161008889,-99.14668835582418,187.3830045634544,-193.62874150717002
63.38628982216351,166.48480977138638,-100.40791278226476,191.39202689506763,-200.8324943862684
63.97434454471973,167.46135508988414,-101.54652192755034,195.1712902381867,-207.5452477149445
64.60443267220877,168.45509250224052,-102.56157028638017,198.71483889931346,-213.751285798706
65.27540508669887,169.46389082342228,-103.45233867429715,202.01619495330837,-219.4356713049942
65.98511650621643,170.48448167656562,-104.2183836326576,205.0683283642854,-224.58425829619412
66.73037226561519,171.5124278740778,-104.85957456369569,207.86365303416653,-229.18371564351523
67.50691352157305,172.5421291733928,-105.37611638876356,210.39405107340093,-233.2215618964048
68.30944324388526,173.56686743849656,-105.76855619089218,212.65092656475343,-236.68621219169512
69.13169364586122,174.57889164090713,-106.0377730989936,214.62528892543565,-239.56703723157
69.96653387181362,175.5695414198405,-106.18495155185144,216.30786472219626,-241.85443376562569
70.80611489738467,176.52940618239361,-106.21153899355936,217.68923552533127,-243.5399054106543
71.64204681458148,177.448515059566,-106.11918994063171,218.75999817341545,-244.6161520665158
72.46560207409235,178.31655154158454,-105.90969916595043,219.51094273259457,-245.07716566895482
73.2679369399342,179.12308538724386,-105.58492741138853,219.93324253983144,-244.91832959210225
74.04032245912973,179.85781351430217,-105.14672352234469,220.01865007483224,-244.1365186995925
74.77437572238252,180.51080108781446,-104.5968471592345,219.75969205212942,-242.73019686311557
75.46228212509288,181.07271396282258,-103.9368962636415,219.14985708646748,-240.69950873195896
76.09699973707914,181.5350340119599,-103.16824323762538,218.1837695644925,-238.04636264886898
76.67243772873385,181.8902496538857,-102.29198334828416,216.85734393667042,-234.77450185985293
77.18360202939154,182.13201504659713,-101.30889822607872,215.16791448927663,-230.88956154285822
77.62670293385824,182.25527284925093,-100.21943652853665,213.11433671493137,-226.39910966088513
77.99922113157135,182.25633709968432,-99.02371294386099,210.69705760685332,-221.31267019981297
78.29993050569398,182.13293450516846,-97.72152577015251,207.91815348568554,-215.64172794973234
78.52887792866301,181.88420420050744,-96.31239238464391,204.78133525456462,-209.3997145969203
78.68732206448325,181.51065769521034,-94.79560106839858,201.29192219854068,-202.60197647990202
78.77763478531588,181.01410222514482,-93.17027692264854,197.4567865369214,-195.2657248994556
78.8031701472215,180.3975319751171,-91.43545903923767,193.28427185132554,-187.40997033248135
78.76810689572686,179.6649925988417,-89.59018569236466,188.78408921411878,-179.05544226786682
78.67727115682433,178.82142510410034,-87.63358411115946,183.9671953113417,-170.2244966452943
78.53594630841312,177.8724954887153,-85.56496136798175,178.8456570887176,-160.94101303156654
78.34967703730034,176.82441652211656,-83.38389305946795,173.43250746060045,-151.23028371724467
78.12407430259769,175.68376779984027,-81.09030674016985,167.74159643306274,-141.118896864315
77.86462739747844,174.45731970053623,-78.68455745933593,161.78744163912535,-130.63461570031643
77.57652858578226,173.15186620096347,-76.16749321371127,155.58508180519445,-119.80625554958877
77.2645149510514,171.77407071320738,-73.54050862625678,149.14993610731122,-108.66356023814879
76.93273119500977,170.33032825834346,-70.80558565804421,142.49767177703183,-97.23707912680057
76.58461621680854,168.82664643578022,-67.96532062845122,135.64408171846648,-85.55804573305215
76.22281544211548,167.26854683481724,-65.02293723383299,128.60497333679476,-73.65825861914085
75.84912008877438,165.6609878007381,-61.98228560123024,121.39606928029069,-61.56996496284173
75.46443387808871,164.0083088381726,-58.847827683330266,114.0329203834893,-49.32574700401221
75.06876713925251,162.31419642362448,-55.62460949337279,106.53083078005774,-36.95841138426716
74.66125780810778,160.5816706096469,-52.318220800615364,98.90479493262876,-24.500881272169327
74.2402184790553,158.81309152850218,-48.93474296973437,91.16944620003775,-11.98609109838482
73.80320840974154,157.0101847274251,-45.48068564887101,83.33901651936827,0.5531162874396509
73.3471291756528,155.17408416869648,-41.96291300853399,75.42730680362179,13.084090188965158
72.86834249560657,153.30539167959665,-38.388560228928164,67.44766772775068,25.574470429340213
72.36280856812456,151.40425161094964,-34.76494094600001,59.412990671433704,37.99228345477197
71.82624304409006,149.4704394305496,-31.099446414347952,51.335708684099096,50.30603596801298
71.25429048820021,147.50346291302532,-27.399437244693203,43.22780741294737,62.48480571661531
70.64271183311581,145.50267446863427,-23.672128734134603,35.10084596529336,74.49832889053786
69.98758289708165,143.46739296455934,-19.924471036229043,26.965987646423077,86.3170834191474
69.28550051916794,141.39703312421972,-16.163025714519875,18.83404040728059,97.91236731744947
68.5337922787397,139.2912402430738,-12.393840580599203,10.715506646110285,109.25637112359414
67.73072513040044,137.15002754190118,-8.622325124618001,2.6206417331806318,120.32224340777745
66.87570763673891,134.97391300841724,-4.853129280937345,-5.440479727436291,131.08414832829092
65.96947986257615,132.76405208286735,-1.0900287099977675,-13.457891304274842,141.5173142672904
65.01428445704943,130.52236205747474,2.6641798123108344,-21.42165768240511,151.59807270707628
64.01401205064238,128.25163362579465,6.407768960588811,-29.321795492892285,161.30388670460093
62.97431389087329,125.95562468240017,10.14015319881031,-37.14819483449905,170.61336858677862
61.90267468879439,123.63913128405324,13.861938605631686,-44.89054469547939,179.50628681640902
60.80843899844783,121.30803068818128,17.574945971222565,-52.538265783910724,187.96356235307115
59.70278514094742,118.96929162412968,21.282203229703974,-60.08045443778227,195.96725524386284
58.59864173791461,116.63094746094967,24.987903801482613,-67.5058412741658,203.5005426019213
57.51054333935937,114.30202873225696,28.69732817161413,-74.80276802288346,210.5476895448566
56.45442340104296,111.99245256779255,32.41672702424795,-81.9591855588381,217.09401504654494
55.44734494457135,109.7128679487378,36.1531654706987,-88.96267549359624,223.12585497575236
54.50717155321814,107.47445731354578,39.91432931634011,-95.80049682606985,228.63052483284338
53.652183829857286,105.28869683833693,43.708295859772704,-102.45965811221214,233.5962848269444
52.900648961365455,103.16707962556792,47.54327333909751,-108.92701444048546,238.012309944754
52.270353473679336,101.12080796566481,51.42731475828354,-115.18938725470483,241.86866753865093
51.77811149297072,99.16046268700578,55.3680133532509,-121.23370381793053,245.15630470086987
51.43926271958875,97.2956592712438,59.372188302451235,-127.04715194027216,247.86704729996453
51.26717575127577,95.5347017781833,63.44557036354691,-132.61734457719464,249.99361204754825
51.27277325524751,93.88424659972199,67.59249784567317,-137.9324881173318,251.52963236046844
51.46409570583151,92.34898856502305,71.81563364390189,-142.98154768368258,252.46969811550338
51.84591992847148,90.93138189238952,76.11571392417918,-147.75440261386638,252.80940869420573
52.41944751102815,89.63140789743838,80.49133843510899,-152.24198549080108,252.5454380236713
53.182076288824724,88.4464002257552,84.93881134699436,-156.4363986646531,251.67560967255517
54.127265647759415,87.37093671664933,89.45204001354384,-160.33100311663424,250.19897949789643
55.24450342311397,86.39680489000031,94.02249718249283,-163.92047571819248,248.1159228890977
56.51937883280486,85.51304557595063,98.63925003215803,-167.2008323654095,245.428223346422
57.93376232633888,84.70607649336105,103.28905708524792,-170.1694160347997,242.13915897910715
59.46608962016599,83.95989475872845,107.95653166296213,-172.82485041792916,238.2535835199965
61.091743692930116,83.25635450878444,112.62436820657736,-175.16696135145304,233.77799862658787
62.78352528769392,82.57551317974381,117.27362562379835,-177.19666967430524,228.72061455913052
64.51219965080926,81.8960376253012,121.88405991118194,-178.91586033262544,223.09139677489208
66.24710494063874,81.19565927492467,126.4344967443409,-180.327233452203,216.9020965240415
67.95680604237347,80.45166601006063,130.90323357324996,-181.43414366404738,210.16626414501334
69.60977647122695,79.64141741615597,135.2684600431365,-182.2404341817187,202.89924439987323
71.1750906417293,78.74286956987902,139.50868529062757,-182.7502719939578,195.11815382720175
72.62310899798493,77.735095531944,143.6031608211913,-182.96799007964597,186.84184068881913
73.9261392806199,76.59878819840262,147.53228821765975,-182.89794182076986,178.09082861891662
75.0590584683925,75.31673305683833,151.2780018042106,-182.54437184462742,168.88724552519813
75.99988157724486,73.87423962362519,154.8241175241401,-181.9113064401369,159.2547396278064
76.73026541849254,72.25952181840658,158.15664060813634,-181.00246554097856,149.21838474169192
77.2359375014932,70.46401917460747,161.2640260340271,-179.82119712496183,138.80457701146847
77.50704241096648,68.48265250540257,164.13738723604368,-178.3704338134433,128.04092529983075
77.53840010302187,66.31400936614469,166.77064994766698,-176.65267052559008,116.9561373197752
77.32967257243402,63.960456314175204,169.16064940340576,-174.66996129568344,105.57990340553168
76.88543719082016,61.428176515892545,171.30717034424882,-172.42393282838003,93.94277955251752
76.21516666729758,58.7271326580752,173.2129303449752,-169.91581206223333,82.07607104517334
75.33311702685313,55.87095637106691,174.88350790064825,-167.1464649359259,70.01171765456016
74.25812624251036,52.87676646535236,176.32721747976353,-164.11644369000356,57.78218104344149
73.0133272189235,49.76491923529596,177.5549343880313,-160.8260403631681,45.42033468840096
71.62577974128094,46.55869491663829,178.5798728147683,-157.2753446190493,32.959356330057524
70.1260268179143,43.28392512823932,179.41732088232487,-153.46430462252408,20.432622710812197
68.54758160391972,39.96856681550075,180.08433691913888,-149.39279032464918,7.873606166756602
66.92635183976512,36.6422288720712,180.59941155841267,-145.06065915964845,-4.684227487470393
65.3000095122274,33.33565827420081,180.98210065149038,-140.4678247552446,-17.20752039566482
63.707314270905925,30.080193233400728,181.25263439544815,-135.61432975908713,-29.6631240149667
62.187400026034766,26.907191564632797,181.4315085162752,-130.50042424551316,-42.018200892727066
60.77903510951162,23.847443172851726,181.53906382034012,-125.12665135162533,-54.240327208760405
59.519867380118924,20.93057626070209,181.59506091478656,-119.4939417711622,-66.29759620789234
58.4456666600369,18.184467525532718,181.61825737919975,-113.60371849333073,-78.15872237860135
57.589577849001074,15.634667202394056,181.62599511444031,-107.45801270629393,-89.79314593203274
56.98139891016528,13.303850273889815,181.63380596126137,-101.05959110167169,-101.17113681603036
56.64689858326821,11.211305454747382,181.6550439283189,-94.41209394151241,-112.26389718014867
56.60718907666072,9.372473614506127,181.70055245211395,-87.5201822205324,-123.04366091263027
56.878169043510894,7.798547077057435,181.7783749884958,-80.38969112850157,-133.483788616389
57.470051787305636,6.496140687128381,181.89351686977972,-73.02778585434937,-143.55885620239644
58.38699281020512,5.467044630881247,182.0477657255223,-65.4431146513122,-153.24473517207247
59.62682947461877,4.708067724005446,182.2395768420903,-57.64595308329637,-162.51866265150127
61.180943675795795,4.210978236298132,182.46402862340386,-49.64833257913604,-171.35929934325526
63.03425603038609,3.9625473273305047,182.71285182546893,-41.46414591582948,-179.74677377931235
65.16535720909246,3.944697861667642,182.97453449877477,-33.109222103023264,-187.66271159383822
67.54677874652843,4.134758812929455,183.2345026299776,-24.60136340546026,-195.09024897771712
70.14540204097139,4.505822729009438,183.47537438689722,-15.960337951867007,-202.0140300126306
72.92300042836563,5.027200905792469,183.67728371084257,-7.207822544060672,-208.4201881900763
75.83690531596878,5.664968105133212,183.81826685059792,1.6327081209117988,-214.2963130681519
78.8407835425065,6.38258596169598,183.87470338191866,10.536147625742842,-219.63140367415164
81.88550955100985,7.1415917616840545,183.8218013970467,19.47597894269096,-224.4158108844259
84.92011277323122,7.9023371493534,183.6341149701406,28.424547559694638,-228.64117156589103
87.89277797630962,8.624759619867731,183.28608078862888,37.353381198622856,-232.3003377097428
90.75187433956127,9.269168470275531,182.75256005794515,46.2335482909191,-235.38730409262922
93.44698781253238,9.79702626483136,182.00937149034456,55.036045213213725,-237.89713813945863
95.92993092186934,10.171706863645852,181.03380140942704,63.73220051250253,-239.82591561717294
98.15570467378402,10.359211674958871,179.8050777476004,72.29408309254434,-241.1706655546137
100.08338852991274,10.328827002689309,178.30479596333979,80.69490068795197,-241.92932736618113
101.67693656605095,10.053707126230577,176.51728661227335,88.9093749791484,-242.1007225736265
102.9058607641451,9.511369994359711,174.42991639575848,96.91408041683476,-241.6845427997667
103.74578581569772,8.68409504388653,172.03331688643158,104.68773520272356,-240.6813548884133
104.17886367739146,7.559215550861623,169.32153767647117,112.21143483925057,-239.09262313065216
104.19404024957876,6.129300961490458,166.2921232828996,119.46882110559774,-236.92074769768604
103.78717076960514,4.392227701387668,162.94611564483068,126.4461820959506,-234.16911754321814
102.96098465109388,2.351139898362405,159.28798633187222,133.13248190402996,-230.84217529032904
101.7249043990891,0.014304161482627364,155.32550453755076,139.51932148388678,-226.94549099805823
100.09472675225079,-2.60513505792737,151.06954846416735,145.60083498912195,-222.48584124359837
98.0921772411815,-5.489491010594065,146.53386874991733,151.37352833997383,-217.47128967715895
95.74435183619434,-8.616951036347558,141.73481311500444,156.83606876226796,-211.91126511733685
93.08306125488875,-11.962062630996698,136.69102141310952,161.98903549227938,-205.81663335372482
90.14409481417368,-15.496277361171693,131.42309980707432,166.83464269636522,-199.19975909527972
86.96642148052594,-19.188540512557637,125.9532819153689,171.37644590157976,-192.07455492714274
83.59134606076093,-23.005914395075536,120.30508359604723,175.61904290446452,-184.45651468345898
80.06163836868868,-26.914223505777244,114.50295666843363,179.5677792833043,-176.36272927503353
76.42065279523504,-30.878710179061144,108.57194544877879,183.22846737704918,-167.81188369297178
72.71145509655535,-34.86468984827765,102.53734862661477,186.6071260246981,-158.82423460368088
68.97597248428184,-38.838195525194266,96.42438785842592,189.70974660305606,-149.42156862667332
65.25418232400345,-42.766601515246855,90.25788360860784,192.542089082469,-139.62714201282583
61.58335397091098,-46.619216688453996,84.06193830731104,195.10951005375534,-129.4656029948769
57.997357515261484,-50.367837807357525,77.85962686786796,197.4168230655044,-118.96289854897958
54.526052466106094,-53.98725349141237,71.67269502564528,199.46819023011167,-108.14616767241483
51.1947686339035,-57.45568941484214,65.52126680108054,201.26704296578387,-97.04362354865106
48.023890618972736,-60.75518536167473,59.42356358696139,202.8160289739824,-85.68442713463304
45.028556294406485,-63.87189488420709,53.39563881834826,204.11698211615473,-74.0985547732724
42.21847839789992,-66.79629863017418,47.45113377419928,205.17091173777908,-62.31666241677486
39.59789672460549,-69.52332302404285,41.60106163361705,205.97800816127165,-50.369948949502636
37.16566635999071,-72.05235700747909,35.85362830539284,206.53766148631482,-38.29002093822999
34.91548484308535,-74.38716104817789,30.214099599541274,206.8484914412373,-26.10876091892491
32.836258073584666,-76.53566467318174,24.684724859184698,206.90838675966538,-13.858201063368963
30.91260117595429,-78.50965139820559,19.264727081894357,206.71455334765812,-1.5704037660049646
29.12546646207285,-80.32433309194735,13.950368726654922,206.26357129335454,10.722649645977068
27.452886194814702,-81.99781946984317,8.735100764327388,205.55146149194778,22.989161235921607
25.870813203681195,-83.55049244230625,3.6098000727993647,204.57376325713105,35.19760935053413
24.354037746748205,-85.004299284631,-1.4369029474582682,203.32562471640142,47.31683200854447
22.87715459907252,-86.3819828420705,-6.418208548393665,201.80190800052483,59.316101101035464
21.415550456171836,-87.70627099009013,-11.348649987697115,199.99731120547352,71.16518810120019
19.94637866711775,-88.99905106888404,-16.243525087370184,197.9065088079791,82.83442233590029
18.449486344286758,-90.28055772912808,-21.11827265456483,195.5243116453623,94.29474318665915
16.908258298112486,-91.56860430087598,-25.98781373614352,192.84584673268716,105.51774784340527
15.310343225207923,-92.87788820236354,-30.865881361919303,189.8667561071109,116.4757364095437
13.648230272263842,-94.21939986871789,-35.76436517747792,186.58341259820065,127.14175623759373
11.91964854682821,-95.59996210583975,-40.692698903663356,182.99314897983794,137.48964733959247
10.127768279120147,-97.02192265797373,-45.657318675645385,179.09449543583264,147.4940905589806
8.281189968563286,-98.48301721646173,-50.661218877180005,174.8874187557965,157.13065990480104
6.393716669485972,-99.97641329509628,-55.70362906393174,170.37355527116435,166.37588003801514
4.4839141700622775,-101.4909376581588,-60.779831039713116,165.55642835219382,175.20728938130011
2.5744736996945097,-103.01148169973217,-65.88112929918144,160.44164042720436,183.60350871936708
0.6914014085851399,-104.51957078998855,-70.99498117190879,155.03702906167305,191.54431450299577
-1.136932374360109,-105.99407561251599,-76.10528547617596,149.3527767382944,199.01071541084355
-2.880843733164374,-107.4120364008973,-81.1928207576876,143.40146468046817,205.98503010435238
-4.510439752355296,-108.74956519131315,-86.2358167227184,137.19806239663006,212.45096358755865
-5.99672803289479,-109.98278711534033,-91.21063574441656,130.7598465903539,218.393679200801
-7.3126813711513154,-111.08877963587707,-96.09253575206886,124.10624563477005,223.79986307856214
-8.434209745204495,-112.04646862638869,-100.85648175866534,117.25860885499705,228.6577779183232
-9.340996191994849,-112.83744231781645,-105.47797099049545,110.23990326275849,232.95730315284118
-10.017159888293651,-113.4466482600344,-109.93383618324103,103.07434396349086,236.68995909355291
-10.451718379767426,-113.86294430754103,-114.2029930997437,95.78696800253502,239.84891329485015
-10.63883093057794,-114.07948187848908,-118.26710157726434,88.40316471068293,242.42896823991774
-10.57781580508973,-114.09390791095524,-122.11111418537153,80.94817842638544,244.42653041402193
-10.272945318838682,-113.9083805659726,-125.72369253562265,73.44660160984817,245.8395618426073
-9.733033091178406,-113.52940231365024,-129.09747803703164,65.92187765044562,246.66751615736285
-8.970837525737412,-112.96748212395295,-132.22921101088846,58.3958329850537,246.9112621383921
-8.002313648963629,-112.23664566349237,-135.11969914246848,50.88825743289138,246.5729983974784
-6.845751671019574,-111.35381834979431,-137.77364286534473,43.41654992163642,245.65616335978154
-5.5208447397982106,-110.33811060440385,-140.19933111152687,35.99544411371072,244.16534492978104
-4.0477302099827135,-109.21003754404009,-142.4082256583078,28.636824985018006,242.10619417300174
-2.446048340849625,-107.99070661714255,-144.41445588347307,21.349643365251353,239.48534701081687
-0.7340597780961744,-106.70100637843544,-146.23424801423067,14.139931061973755,236.31035733620536
1.0721413288150536,-105.36082781239352,-147.8853139130918,7.010914723556498,232.58964415684588
2.9592878902411215,-103.98834653589512,-149.3862241481926,-0.03677768185168473,228.3324544184536
4.917450931322611,-102.59939003399862,-150.75578866782985,-7.004827736542118,223.54884212374668
6.9403863914856885,-101.20690903451049,-152.0124660034792,-13.896867950387904,218.24966331526838
9.025711911454575,-99.82056643962275,-153.17381875527158,-20.71806918338261,212.4465855050237
11.174916972712076,-98.44645114137163,-154.2560293765468,-27.47469112090531,206.15210927391973
13.393218588882032,-97.0869177864524,-155.27348618001858,-34.1736133273658,199.37959908391832
15.689282878015344,-95.74054735879065,-156.23844524241673,-40.82186400196975,192.14331988041755
18.074839859614563,-94.40221755192908,-157.1607696800818,-47.42616232315741,184.45847583388797
20.56422432742964,-93.0632665496243,-158.04774378245182,-53.9924883309074,176.3412475803457
23.173879282456088,-91.71172927182714,-158.90395588449783,-60.52569183055808,167.80882455484036
25.921859847259046,-90.33262163080306,-159.73124077602597,-67.02914899779853,158.87942944579285
28.827374563035747,-88.9082461360141,-160.52867001208242,-73.50447242248377,149.5723323880275
31.910397324010823,-87.41849153452827,-161.2925768140735,-79.9512774384676,139.90785321492433
35.191376877208796,-85.84110029724525,-162.01660142803445,-86.36700491943563,129.90735085364432
38.691061904810844,-84.15188083213582,-162.6917429082393,-92.74679842116433,119.59319971935022
42.430448484151825,-82.32484641869095,-163.30640437104478,-99.08343172498147,108.98875370025866
46.43084365888386,-80.33227000060562,-163.84642083812847,-105.3672815577416,98.1182989779257
50.714024638405,-78.1446529957641,-164.29506184654278,-111.58633956045269,87.0069974646232
55.30245866407496,-75.73061686844702,-164.63300498806936,-117.7262574453639,75.68082303377878
60.219534918975036,-73.0567378585598,-164.83828134202324,-123.77041968199448,64.16649295091504
65.48974823265625,-70.0873572848954,-164.88619921077984,-129.7000389163952,52.49139697722633
71.13876603202738,-66.78441136144743,-164.74925841473134,-135.49427056557562,40.68352651153861
77.19330627912315,-63.107334462945246,-164.39707333781544,-141.13034452982106,28.771405872488387
83.68075613974614,-59.01309712704354,-163.79632855017496,-146.58371360807772,16.78402741670465
90.62846969917169,-54.456443645437474,-162.91079572205993,-151.8282198575496,4.75079166346254
98.0626986384791,-49.39039281281889,-161.7014441868641,-156.83628167627785,-7.29854701559962
106.00713233671024,-43.76705840922028,-160.12667939838732,-161.57910567921346,-19.33392924954038
114.48105268705697,-37.538832741558906,-158.14274315998745,-166.0269283647693,-31.325034853440915
123.4971426463114,-30.65995696357433,-155.7043064482117,-170.14929302222123,-43.24132379105214
133.05902414748965,-23.08847636804656,-152.7652795914047,-173.91536722429416,-55.05207595108068
143.1586378670911,-14.78854844941922,-149.2798553435389,-177.29430551953118,-66.72643225740539
153.77361136638154,-5.733037947892953,-145.20378808756155,-180.25566055360713,-78.23343997680108
164.86479000895142,4.09370143553638,-140.49589734324832,-182.76984381156296,-89.54210525870198
176.37412352250976,14.692991686017947,-135.1197665683298,-184.80863452810055,-100.62145591658887
188.2231072261904,26.0491024259006,-129.04558984669384,-186.34573215104737,-111.44061722964625
200.31196859025948,38.12681115222392,-122.25210064115677,-187.35734419833327,-121.9689031022993
212.5197657506024,50.869442108004016,-114.72849975284039,-187.822797601465,-132.1759242828302
224.7055249478188,64.19757058637708,-106.47628549472128,-187.72515789719324,-142.03171453503433
236.71049008064668,78.00856161712483,-97.51087938278485,-187.0518371625584,-151.50687471645344
248.36149256549973,92.17707955850378,-87.86293676379191,-185.79516865324783,-160.57273369522065
259.47537767037164,106.55665909768311,-77.57923483994571,-183.9529239675144,-169.2015239905599
269.86434964397336,120.98237084526649,-66.72304119712432,-181.5287474662769,-177.36656901536938
279.34202808358884,135.27454961352822,-55.37388432068132,-178.53248284253803,-185.0424778964817
287.72994794552994,149.24348510152277,-43.6266731932666,-174.98036829866112,-192.2053431088958
294.8641907926169,162.69490823101248,-31.590144752191996,-170.8950798274953,-198.83293563819674
300.6018096501458,175.43604712948016,-19.38465396233397,-166.30560657926046,-204.90489211718472
304.8267070686545,187.28197978163627,-7.139359240743744,-161.24694810525193,-210.4028883932569
307.45464669324963,198.0619799054921,5.011106697173602,-155.75963017296584,-215.31079427634816
308.4371218480594,207.62554164083878,16.93035659040791,-149.88904352287886,-219.61480477902896
307.7638674485462,215.84777858908652,28.484207193369883,-143.68461798138568,-223.30354396052542
305.4638793362996,222.63392328187635,39.54470545258346,-137.19885230086564,-226.36813847672937
301.6048920035512,227.92270221042392,49.99404183961925,-130.48622748489095,-228.8022590620586
296.29135502337317,231.6884254805294,59.728172213207955,-123.60203770214315,-230.6021293607758
289.6610336182239,233.94170410900597,68.6599826020022,-116.60117777295412,-231.76650271820216
281.88043349584495,234.72878632867221,76.72185470058201,-109.53692928066013,-232.2966086728136
273.1393092399185,234.12958117014796,83.86752201533719,-102.45978838073486,-232.19607190081274
263.6445555427505,232.25450750382728,90.07314516025801,-95.41637724623652,-231.47080720969737
253.61379952666104,229.24036491283815,95.33757698961415,-88.44847783018162,-230.12889482224742
243.26901025465702,225.24546567253077,99.68183104740538,-81.59222141753283,-228.18044061708812
232.83041990097576,220.4442926095321,103.14780724832957,-74.87746057917887,-225.6374261893204
222.5110129811428,215.0219551009699,105.79636411987693,-68.3273420340417,-222.51355356975105
212.51178960161533,209.16870581046896,107.70485518665257,-61.95809005320423,-218.82408920925917
203.01795052572754,203.07475605630796,108.96426669393786,-55.779000920877465,-214.58571141888382
194.19609072959463,196.92559104418433,109.67610412348722,-49.792640124231546,-209.8163648856878
186.19242848615747,190.89794123906916,109.94917588021053,-43.99522586208368,-204.53512519083526
179.1320426632746,185.1565167814561,109.8964148388327,-38.37717556088475,-198.76207547445387
173.11904474628102,179.85156181548845,109.63186341065823,-32.923786689609905,-192.5181965548929
168.23757596127172,175.1172381922878,109.26792709846603,-27.6160194858197,-185.82527095098106
164.55349460299854,171.07080588891455,108.91297704550279,-22.431347339447278,-178.70580040664987
162.1166041076516,167.81253250097086,108.66935578513868,-17.34464050455525,-171.18293570540519
160.96326758928487,165.42623736459407,108.63181407531158,-12.329050394049766,-163.28041681610466
161.11925788979948,163.98035749893916,108.88638192247305,-7.356864738550335,-155.02252075405414
162.602701690069,163.52941221798704,109.5096549003899,-2.4003080712358695,-146.43401399535134
165.42698972670075,164.11574000137003,110.56845851069555,2.567732993106233,-137.5401058667275
169.60354050631435,165.77138374624624,112.119839099312,7.573074730503528,-128.36639906485215
175.1443201477872,168.5200073794369,114.21131987675557,12.63970095169865,-118.93883335291795
182.06403447100416,172.3787365109015,116.88135474207064,17.789331282838965,-109.28361855015488
190.3819199675398,177.35982700590267,120.15991051882001,23.041092033979766,-99.42715318167592
200.12306709410964,183.47207693167755,124.06910937791541,28.411284244926513,-89.39592559864529
211.31921220602553,190.721908499957,128.62386708706433,33.91323994146818,-79.21639501634564
224.00893372299225,199.11405694882998,133.83246873842188,39.55725497441369,-68.91485075149858
238.23718466104663,208.651812730255,139.69703126730371,45.350585078650255,-58.51724896646354
254.0540888818242,219.33677220652422,146.21381098395187,51.29749095898701,-48.04902743862577
271.5129242127972,231.168060947881,153.37332420093014,57.39931821701703,-37.53490025268099
290.6672143402901,244.14100356864105,161.16025966199345,63.654598678671555,-26.998635837277185
311.5668557942689,258.2452259292104,169.55317276638698,70.05916104303611,-16.46282340058794
334.2532193609564,273.46219062417754,178.52396349228883,76.60624061187767,-5.948634512404256
358.75318983116375,289.7621860826069,188.0371524339398,83.2865800376127,4.524411730448453
385.0721468022648,307.10081422750363,198.04898242556914,90.0885154090616,14.93866991476473
413.18594437464697,325.41505201204967,208.50638670205092,96.99804445486983,25.278564437212747
443.03202007618484,344.6189982677082,219.3458781905954,103.9988760756815,35.53074796364203
474.49985278032085,364.5994584452945,230.49242792381835,111.07246272576603,45.684208942126816
507.4210934170081,385.21156444405455,241.8584131169349,118.19801928169059,55.73031475139175
541.559806252833,406.27467229114507,253.34272637018734,125.35253390426047,65.66277761635475
576.6033752268704,427.5688234738272,264.83014578002656,132.51077798046535,75.47753177906894
612.1547394847056,448.8320918712348,276.1910703800595,139.64532349658637,85.17251266603049
647.7267127428516,469.7591624170327,287.2817251355051,146.72657711827733,94.74733199052146
682.7391986794402,490.0014944446375,297.94493358264543,153.7228408187471,104.20284686159277
716.5201247873948,509.1694068391128,308.01154319977405,160.600409077706,113.540625960362
748.3108664618063,526.8363790890539,317.30256808791984,167.32371244199544,122.76232152927138
777.2768105004577,542.5457889452967,325.6320853454399,173.85551655836787,131.86896205507753
802.5235060993213,555.820202582885,332.81088602858426,180.15718461713237,140.8601867846923
823.1185715862634,566.1731985811706,338.6508398665376,186.18900944237538,149.73344919561524
838.1191741748174,573.1235474989361,342.96988672891274,191.910619196307,158.4832218022517
846.6044943787284,576.2113925076742,345.5975197199051,197.28145781805603,167.10023874878965
847.7121517393816,575.01589484265,346.3805778047572,202.2613379098424,175.57081506987393
840.6771373886736,569.173634766728,345.18912360620595,206.8110598773466,183.87628190562978
824.8714106039378,558.3969100122413,341.9221481758984,210.89308684625547,191.99257505541615
799.8420121905536,542.4909652766755,336.5128227509015,214.47226039371324,199.89000990873726
765.3453667298988,521.3691329950063,328.9330108692389,217.51653769597306,207.53326904156322
721.3754214470594,495.06487894257134,319.1967650207115,219.99772660218912,214.8816198453483
668.1834236146624,463.7398332078884,307.36256137008905,221.89219173578587,221.88936889223132
606.2874779704448,427.6870486708209,293.53407372720017,223.18150235156767,228.50654793589408
536.4705400162688,387.3289594845822,277.85935204338824,223.85299166940501,234.67981424296426
459.7661614420583,343.20979843401665,260.5283479683601,223.9001980392653,240.35353616527624
377.4320645432723,295.9825554216035,241.76881575013414,223.32316074992514,245.4710243328692
290.912424354863,246.39089592872517,221.84070534089716,222.12854763025385,249.9758603455025
201.79051338882448,195.2467816080051,201.02924975737648,220.32959771603007,253.8132690095648
111.73404634629631,143.40481853923342,179.63702429079737,217.94586991586743,256.93147745787616
22.436089154702312,91.73457802283357,157.97531536668282,215.0027974055608,259.2830051156391
-64.44528064064124,41.092271055610794,136.35517709432867,211.53105688212582,260.8258323917034
-147.3452869102133,-7.706801074936067,115.0785707185311,207.56577119943833,261.52440288099126
-224.8456206126162,-53.913654835060896,94.42997501432981,203.14557263409225,261.35042323436244
-295.71971952956244,-96.86767629702182,74.66882480716784,198.3115614608805,260.28343598439614
-358.96799734465066,-136.01433212248978,56.02308279608965,193.10620010285575,258.3111526956487
-413.8415696899545,-170.91784473854116,38.68418085321076,187.57218644412555,255.42954698693205
-459.85381137066986,-201.26846137297696,22.80348633238657,181.7513507113825,251.64271844006137
-496.77987162096383,-226.88427943257994,8.490362703278322,175.68361859645847,246.96254845894651
-524.6450079836469,-247.70790580962046,-4.188191772292868,169.40607915857348,241.40817722658505
-543.7032189032985,-263.7985023232419,-15.206422789322346,162.95218984863462,235.00533666914893
-554.4081196061184,-275.3199860208282,-24.57737949977755,156.35114322213323,227.78557762309563
-557.3782919489598,-282.5263002261673,-32.349370934719616,149.62741113895532,219.78543025676132
-553.3594414693657,-285.74474565406945,-38.60157111048679,142.8004731206847,211.04553543894235
-543.1856254814397,-285.35836283713786,-43.43904217886876,135.8847266709023,201.6097815218341
-527.741600160109,-281.7882954233515,-46.98744525365913,128.88956932526006,191.52447635423633
-507.9280072181849,-275.47695078376483,-49.38769337030925,121.81963544188659,180.8375787421906
-484.63072208228346,-266.87262461672725,-50.79077319110023,114.67516559570137,169.59800750468807
-458.6952559675919,-256.41608558470296,-51.352924907181375,107.45248307959297,157.85504016998684
-430.9066810237399,-244.52943958520672,-51.2313268813088,100.14455047003145,145.65780758949933
-401.97516146323903,-231.6074242871736,-50.58038639476118,92.7415793814016,133.05488559670934
-372.5268467544467,-218.0111335670553,-49.54869352704894,85.23166819260268,120.09398049837586
-343.0996291642325,-204.06404576831963,-48.27665427525473,77.60144538367334,106.82170175600127
-314.14309226805835,-190.05013333519025,-46.89478342765584,69.83669981916623,93.28341272172437
-286.02187723949226,-176.21376537123825,-45.52260866716334,61.922983490731674,79.5231486886283
-259.0216618315404,-162.76107756676197,-44.26811546310989,53.84617653007119,65.5835907129425
-233.3569711737034,-149.86247234818688,-43.22764751159646,45.59300840165043,51.506083541653524
-209.18010607774835,-137.6559214376558,-42.4861693420069,37.15153281648807,37.33068639668106
-186.59056937910952,-126.25076810871612,-42.1177954373841,28.511556868982296,23.096246190705653
-165.64448080934713,-115.73176210293776,-42.18649284054449,19.665027052070762,8.84048384768105
-146.36358475079481,-106.16310167619353,-42.74687068870924,10.606376087915201,-5.399914336612165
-128.74356409498137,-97.59230052824688,-43.84497941879286,1.3328349171698122,-19.58920702652156
-112.76147101123438,-90.05373928253373,-45.5190535955157,-8.155286222301186,-33.69251527433531
-98.38216788085748,-83.5717995086689,-47.800144670847814,-17.854344822975236,-47.675751170610596
-85.56373727867964,-78.1635117006446,-50.71260288886617,-27.75714013576068,-61.50556065791815
-74.26186876553115,-73.8406766194573,-54.27438057708244,-37.85271518821247,-75.14928237148766
-64.43326377231675,-70.61144210501733,-58.49714193351282,-48.12619008521936,-88.57492341291413
-56.03812027488345,-68.48133547194557,-63.38617695698542,-58.55863219006411,-101.7511521295373
-49.04176902692202,-67.45376585497155,-68.9401292769156,-69.12697088927828,-114.64730725885774
-43.41553575290439,-67.5300224492765,-75.15055923847407,-79.80396635620617,-127.23342220537685
-39.13690174250253,-68.70880460422761,-82.0013745875208,-90.55824286474717,-139.4802627407174
-36.18903130105724,-70.98532917332481,-89.46817131606117,-101.35439761741516,-151.35937605627865
-34.559730685468075,-74.3500701933331,-97.5175364200791,-112.15319562175475,-162.84314885028505
-34.23990120725041,-78.78719636968941,-106.10637213439699,-122.911859803764,-173.90487199449728
-35.2215503192539,-84.27278315419501,-115.18130718910834,-133.58446326645625,-184.51880930164265
-37.495429385917376,-90.7728882133481,-124.67826424309449,-144.12242741933034,-194.66026799649785
-41.04837558728505,-98.24159122530807,-134.52225331916927,-154.4751257206332,-204.30566867645024
-45.8604476080334,-106.61911028342124,-144.62745823010408,-164.5905881456564,-213.43261282144903
-51.90195948154172,-115.83011650073085,-154.8976761709066,-174.41629643804276,-222.0199462617331
-59.130532801539665,-125.78237427691863,-165.22715954786494,-183.90005498574516,-230.04781741799258
-67.48830269487158,-136.3658355936215,-175.50189364437662,-192.99091709064243,-237.49772956690998
-76.89942540671285,-147.45231120425197,-185.60132412793862,-201.640141799123,-244.35258682993566
-87.26804289208135,-158.89582847526788,-195.40052527768913,-209.80215265402302,-250.59673400702115
-98.47686029202882,-170.5337641291077,-204.77277414114405,-217.43546702013822,-256.21599075075284
-110.386483721639,-182.18881003503103,-213.59246896405114,-224.50356328483332,-261.1976808765923
-122.83564701440744,-193.67179201524144,-221.73830384409862,-230.97565343102193,-265.5306578103347
-135.6424262605919,-204.78531671553762,-229.09658751865615,-236.82733032518726,-269.205327269842
-148.6065003450582,-215.3281721009975,-235.56457446864164,-242.04106256175913,-272.213668260345
-161.5124654433369,-225.10035600256163,-241.05366297282902,-246.60651475012222,-274.54925333122026
-174.1341538539283,-233.90855789271598,-245.4923089785073,-250.52067751231732,-276.20726881018203
-186.23984591123198,-241.57187558681827,-248.82850781190282,-253.78779886866008,-277.18453541630055
-197.5982021530976,-247.9275147597768,-251.0317083794378,-256.4191167386146,-277.4795292816214
-207.98468607750863,-252.8361986010639,-252.09404643877568,-258.43240053495146,-277.0924030131625
-217.18820054373225,-256.18701043878104,-252.03081381582564,-259.85131781511416,-276.02500603388404
-225.01762771034734,-257.90140550564826,-250.88011744344698,-260.70464922048404,-274.2809030853775
-231.30794715627303,-257.9361595985134,-248.701723496646,-261.0253810675544,-271.8653894847588
-235.9256121138052,-256.28507109048576,-245.57512493246276,-260.84970961381526,-268.78550152782344
-238.77289061829745,-252.9792959542331,-241.59691240592412,-260.21599395940757,-265.0500203364056
-239.79092613572524,-248.08626912861098,-236.87756584903792,-259.1636956302058,-260.66946746978186
-238.96133832813075,-241.7072446068488,-231.53781427772924,-257.7323421058728,-255.6560907581431
-236.306264819546,-233.97356528557125,-225.7047324784765,-255.96054901197422,-250.02383906312357
-231.88683351765806,-225.04184599503452,-219.50775369860875,-253.885131600347,-243.78832501219307
-225.80014570984056,-215.08831374109278,-213.074776747516,-251.54033079491504,-236.96677516781352
-218.1749359564767,-204.30259347061053,-206.5285343333237,-248.95717284325198,-229.57796755542125
-209.16614923817022,-192.88125242024904,-199.98336817225902,-246.16297488275615,-221.6421569571507
-198.94873330113234,-181.0214197773538,-193.54252729689605,-243.18100190512547,-213.18098885299005
-187.7109805690629,-168.91478120438921,-187.29607145838983,-240.03027406224888,-204.21740333232296
-175.64776705443322,-156.74221170659325,-181.31942425799235,-236.7255173314067,-194.77553068019665
-162.95402512660718,-144.66925880823214,-175.67258339295995,-233.2772455152361,-184.8805806485403
-149.81875447184612,-132.84262561284336,-170.39996070073033,-229.69195758126756,-174.55872763661978
-136.41982456586805,-121.3877352843877,-165.53079468215645,-225.97243155514647,-163.83699412061637
-122.9197572925153,-110.40739017169795,-161.08005448544685,-222.11809459808094,-152.74313468940878
-109.4626056542111,-99.98147523320588,-157.0497379163055,-218.12544847510995,-141.30552296283366
-96.17196980364517,-90.16760086389357,-153.43045724397177,-213.98853024765788,-129.5530435032905
-83.1501205830654,-81.00253785183043,-150.20320512888105,-209.6993895422644,-117.51499059044711
-70.47813834379912,-72.50426890278223,-147.341198128627,-205.2485659662236,-105.220975428307
-58.21692485943933,-64.67446755604361,-144.8117057805205,-200.62555295071496,-92.70084301189091
-46.4089111023379,-57.5012157305315,-142.57778780507556,-195.81923728972393,-79.98459950891504
-35.08026454509489,-50.96178390806352,-140.59987902189727,-190.81830670625126,-67.10235063018138
-24.243396109146648,-45.02532062665361,-138.83717964753603,-185.61162073134557,-54.08425107936514
-13.899577351813154,-39.65532760232564,-137.24882642849,-180.18854287034625,-40.9604648004769
-4.041500475750645,-34.811830343979736,-135.79483644767035,-174.53923432963467,-27.761135389163716
5.344355822581363,-30.453188615664857,-134.43682959667322,-168.6549113954466,-14.516365703117401
14.275656119745332,-26.53752392663439,-133.13854708309242,-162.52806983990934,-1.2562054067995092
22.77249777056808,-23.02377029705368,-131.86619167385425,-156.15268045640755,11.989355085393715
30.856088117032126,-19.872378366471313,-130.58862064214193,-149.52436000850525,25.190386041010516
38.547804846072424,-17.045720620327234,-129.27742476987692,-142.64052155392932,38.31701718901584
45.86860788743156,-14.508256839564833,-127.90692659675355,-135.50050734228964,51.33943598018571
52.83875079960892,-12.22652407466477,-126.45412883663305,-128.10570637060704,64.22788757224285
59.477726239748044,-10.169015160090737,-124.89863999136125,-120.45965731715486,76.95267884076117
65.80437373562962,-8.306004952455133,-123.22259917898039,-112.56813607943262,89.4841887096237
71.83707797180202,-6.609375189797369,-121.41061653234547,-104.43922564055158,101.79288701169877
77.59399120172725,-5.0524782748839385,-119.44973964362967,-96.08336460591526,113.84936392574988
83.09322301381793,-3.61006847956277,-117.329450794991,-87.51336961154162,125.6243717776204
88.35295321533833,-2.25831703586411,-115.04169442384833,-78.74442601950702,137.08888063935086
93.39143777264006,-0.9749161430802431,-112.58092964919146,-69.79404097773929,148.21414871078156
98.22689236785081,0.26073328417749053,-109.94419889586806,-60.6819531042094,158.97180792610206
102.87725217149331,1.4672638276824017,-107.13120080011387,-51.42999379821994,169.33396461115777
107.35981905534372,2.6610340191421216,-104.14435371410327,-42.061896490534394,179.2733143427323
111.69081805771613,3.8557958434862485,-100.98883526205881,-32.603051986690176,188.76326945849274
115.88489305757587,5.062364590997291,-97.6725835106491,-23.08021035797314,197.7780969722002
119.95457709754763,6.288318931080376,-94.2062463515206,-13.521132481664182,206.29306399943243
123.90977557459186,7.537757923633464,-90.60306757834331,-3.954197175439795,214.28458724138193
127.75730068603573,8.81113902707709,-86.87870077874929,5.59202726472342,221.73038264670296
131.50049327999446,10.10521725574435,-83.0509454397083,15.089235621138887,228.60961111325395
135.1389639004863,11.413100743438406,-79.13940344864608,24.50984858284413,234.90301603422103
138.66847867915442,12.724432340117957,-75.16505831184108,33.827470259810774,240.5930486529457
142.08100818883585,14.025700755451624,-71.14978373564955,43.01732375621547,245.66397757655182
145.36494884376003,15.30067841075109,-67.11579253700235,52.056647980445234,250.10197939715204
148.5055173236949,16.53097680888726,-63.085040966039955,60.92503959027386,253.89520815538532
151.48530924108607,17.696704120424457,-59.07860722087284,69.60472562207597,257.03384231255416
154.28500428385118,18.77720405278781,-55.11606599753644,78.08075487664817,259.51010891731727
156.8841917697377,19.7518501584845,-51.21488313717627,86.34109941583908,261.3182856976021
159.26228334118397,20.600865784565514,-47.389855616839625,94.37666138711171,262.45468280656075
161.3994737819002,21.306137091088516,-43.652622125319596,102.18118461511354,262.9176068346341
163.27770697419174,21.85198516945688,-40.0112681625169,109.75107472990848,262.70731040575004
164.88160209903734,22.225863427494517,-36.47004695821971,117.08513577431248,261.825931153563
166.19929548628497,22.418948173950795,-33.029233556915045,124.18423499426677,260.2774240905723
167.2231561241225,22.426593752509092,-29.685124276243798,131.05091063795143,258.0674913250422
167.95033768959277,22.248628575577968,-26.430187624380764,137.6889398887165,255.20351275619143
168.38313689354766,21.889474825866472,-23.253365940860306,144.1028854121418,251.69448081559509
168.5291366417341,21.358082164293194,-20.140519864016554,150.29763935009078,247.55094157024516
168.40112257643582,20.667674150196646,-17.075000632311117,156.27798295918825,242.78494362103618
168.01677245790125,19.835314814923024,-14.0383286246811,162.0481785460126,237.40999529097186
167.39812897617864,18.881311453009076,-11.010950860147602,167.61160803219013,231.44102967324213
166.57087732366526,17.82847771037582,-7.973045788181452,172.9704695713762,224.89437626926085
165.56345858641853,16.701287978541615,-4.905340918567148,178.1255403436189,217.78773725286314
164.4060581597621,15.524959524004231,-1.7899078719430577,183.07601019177565,210.14016589285967
163.12951448862836,14.324502358582734,1.389099631246495,187.8193873524221,201.97204438265035
161.76419713070413,13.123778369243837,4.64479652195368,192.35147436213992,193.30505827185985
160.33890425162866,11.944610588456356,7.987033050890403,196.66640944986113,184.1621648609725
158.87982816443804,10.805980752430699,11.421998633859772,200.7567664737308,174.56755328335578
157.40963356332222,9.723348652929445,14.951977179074213,204.6137048007581,164.54659451771641
155.94668697169178,8.708120547972655,18.575260652572034,208.22715948605375,154.12578020331702
154.50446804817727,7.76728645959318,22.286219964973505,211.58606167073938,143.3326498172796
153.09118428496427,6.903238017173379,26.075524933344724,214.67857923398975,132.19570646473574
151.70960085523595,6.113770093098481,29.930498508184314,217.49236832561513,120.74432218489811
150.35708749193972,5.392261302453477,33.83558501065712,220.01482737497975,109.00863424496902
149.02587484961387,4.728020936549214,37.772908059037086,222.23334641225537,97.01943435308607
147.7035042878368,4.106783435212961,41.72289132636346,224.1355459402798,84.80805305063076
146.3734477989547,3.511326348179537,45.66491430657285,225.7095010565377,72.4062417345157
145.0158691530672,2.922184062000781,49.577975807864256,226.94394795161605,59.84605481441002
143.60849340022037,2.3184274410718757,53.44133978214886,227.82847122431662,47.15973443868642
142.1275496870899,1.6784789155968696,57.235141107980006,228.35367159228318,34.37960003980771
140.54875184190266,0.9809333251032228,60.94093278677474,228.5113144946844,21.53794467877323
138.8482821959311,0.20535680334762674,64.54216038157199,228.2944607520535,8.666939826879643
137.00374641507372,-0.6669610693250405,68.02455411100547,227.69758085461015,-4.201450164746166
134.99507043923714,-1.652322982489764,71.37643351576922,226.7166545959967,-17.035543071878266
132.805314678248,-2.7640245543736057,74.5889237854636,225.34925766862995,-29.804002870939243
130.4213851013633,-4.011852777005714,77.65608646173334,223.59463651563038,-42.47589289143554
127.83462551271703,-5.401690928689021,80.57497017236065,221.4537722282006,-55.020718466841274
125.04127989293403,-6.935234729764275,83.34558921201925,218.92943363077154,-67.40845988784356
122.04281801834634,-8.609821017299424,85.97083914214517,216.0262189611583,-79.6095968153572
118.84612150462648,-10.418367215777693,88.45635916501114,212.75058478649552,-91.59512563022524
115.4635308757598,-12.349417431456345,90.81035091130053,209.11086006015995,-103.33657147245722
111.91275719447043,-14.387289101124566,93.04336258380306,205.1172425830588,-114.80599695291795
108.21666421430905,-16.512312745116347,95.16804626451852,200.78177464748168,-125.97600969491336
104.40292896993219,-18.70115644275937,97.19889477764552,196.11829437169436,-136.81977097409873
100.50359027933067,-20.927226078345186,99.15196297078613,191.14235922814916,-147.3110077659301
96.55449587636436,-23.161132096718433,101.044576786423,185.8711385671656,-157.42403046793575
92.59465991308723,-25.37121335896343,102.89503218675196,180.32327256238364,-167.1337584348298
88.66554345523892,-27.524108605590527,104.72228498155758,174.5186959577316,-176.4157552394467
84.8102714127823,-29.585365937680336,106.54563197486314,168.47842625868964,-185.24627524893413
81.07280015050642,-31.520080558062347,108.38438364032254,162.2243175386845,-193.6023226870334
77.49705083797727,-33.29355074119997,110.25752876682718,155.77878275877472,-201.46172384360275
74.12602441880058,-34.871941617793574,112.18339215859982,149.16448933431778,-208.80321250804818
71.00091487552015,-36.22294588979601,114.17928746561604,142.40403451960677,-215.606528061687
68.16023818116138,-37.31643008062137,116.26116846918217,135.5196089010466,-221.85252499133153
65.63899488273562,-38.125054441528476,118.44328354067991,128.5326577659366,-227.52329191495744
63.4678845658311,-38.62485425889196,120.7378393998914,121.46355122956206,-232.60227757263686
61.67259040517074,-38.795770126619246,123.15468159182356,114.33127465015677,-237.07442067071045
60.27315152287918,-38.62211484845318,125.70100015013323,107.15315095769564,-240.92628000865534
59.28343987648889,-38.09296509192983,128.38106960932828,99.94460601681754,-244.14616099902625
58.71075682730198,-37.20246678733954,131.19603277915897,92.71898702093765,-246.72423453853025
58.55556237312154,-35.95004458461564,134.14373744331957,85.48744220290357,-248.65264421948328
58.811347277645844,-34.340507454589684,137.2186343675959,78.25886791381073,-249.92559809496836
59.46465504134126,-32.384044723305244,140.4117437108069,71.039926474396,-250.53944162349532
60.49525692131448,-30.096109404121336,143.71069517184924,63.83513528245571,-250.49270900490467
61.876479140540994,-27.49718855932631,147.09984505664093,56.64702462650947,-249.78615085219934
63.57567717812735,-24.612463475410998,150.56047101224593,49.47635868739307,-248.4227369869545
65.5548477692929,-21.47136555190759,154.07104257514058,42.32241147735549,-246.40763405515887
67.77136514391646,-18.10703685195135,157.6075630474422,35.18328713225755,-243.7481585864572
70.17882427182981,-14.555707112004058,161.1439756817291,28.056272171545473,-240.4537070127463
72.72797062613357,-10.856001533767092,164.65262484796233,20.93820617114951,-236.53566497306036
75.36769336545794,-7.048195773880892,168.10476088422763,13.825856816162618,-232.00729891816167
78.04605698528106,-3.1734361169192624,171.47107578734366,6.716285522945743,-226.8836335547749
80.71134547370085,0.7270561991258546,174.72225584344434,-0.39280928768804557,-221.18131901188852
83.3130928649625,4.612777174054401,177.82953676947292,-7.502782698186838,-214.91849175766473
85.80307480934879,8.444709689664492,180.7652469433853,-14.613777044523362,-208.11463324463938
88.13623732636876,12.186052417796347,183.5033248257056,-21.724506049954243,-200.7904300246625
90.27154119613965,15.802891235655558,186.01979767577018,-28.83209396197479,-192.96763867713116
92.17270336054591,19.2647983137023,188.2932100815135,-35.93197174397699,-184.66895836292048
93.80882011285877,22.5453463617418,190.30499257335572,-43.01782990177983,-175.9179131920935
95.154860600234,25.622528136909004,192.03976259363958,-50.081625281578,-166.73874591397916
96.1920230887533,28.479074123786148,193.48555224963428,-57.1136372630949,-157.1563237450428
96.90795038599245,31.102664179755358,194.63395949659497,-64.1025672659308,-147.19605648341272
97.29680463434374,33.4860317921032,195.48022158944417,-71.03567443320323,-136.88382644978057
97.35920524613525,35.62696231695558,196.02321172589473,-77.8989397654538,-126.24592927480208
97.10203693904839,37.52818907847882,196.26536171173845,-84.67725083501541,-115.3090241404371
96.53813756412887,39.19719343009793,196.2125151559192,-91.35459947340995,-104.10009179057083
95.68587764220143,40.645916765166575,195.87371710944834,-97.91428543090392,-92.64639846121499
94.56864521243871,41.890393981927254,195.26094717624653,-104.33911988370677,-80.97546383571252
93.21425075035317,42.9503190434841,194.38880393898972,-110.61162372577196,-69.11503120129555
91.6542675580506,43.84855403468275,193.27414906759668,-116.71421674609253,-57.09303815146567
89.9233232163469,44.61059352777873,191.93571973460962,-122.62939497593041,-44.93758642673138
88.0583574796271,45.26399616345655,190.3937179823128,-128.33989462041126,-32.67690979498555
86.09786146594934,45.83779518103733,188.66938551158128,-133.8288420034997,-20.339339215342896
84.08111222697262,46.36189924400631,186.7845720367469,-139.0798898034648,-7.953264888714729
82.04741585300756,46.866494359158175,184.76130491883924,-144.07734050447485,4.452904850921968
80.03537125215877,47.38145703314345,182.62136729530417,-148.80625841734982,16.850787526500895
78.08216570022329,47.93578809501924,180.38589140433044,-153.2525718235967,29.212072828472053
76.22291223851873,48.5570758765774,178.07497328627582,-157.40316678016632,41.508570462964556
74.4900380322272,49.27099671043573,175.70731455380798,-161.24597390670655,53.7122585969951
72.91273190542393,50.10085999366197,173.29989646463838,-164.77004909472643,65.79533187949556
71.5164584394951,51.06720437499402,170.86769110612363,-167.96564856712808,77.73024801479364
70.32254523942268,52.187450945831245,168.4234140968079,-170.82429812345273,89.48977193981193
69.34784920690682,53.47561863029075,165.97732280643163,-173.33885578146578,101.04701680863143
68.60450687006596,54.942106250064285,163.53706366664213,-175.50356642062036,112.37548120553504
68.09977295995554,56.593544954042756,161.1075716578333,-177.31410650019322,123.4490822842118
67.83595045008094,58.43272381958916,158.69102448367303,-178.7676165118241,134.2421848510281
67.81041414398689,60.458590422605006,156.286853254185,-179.8627185757568,144.72962675604202
68.01572857750034,62.666327017443166,153.8918106693184,-180.59951653612123,154.88674131199502
68.43985947867915,65.04750165486006,151.5000967153787,-180.97957607550916,164.6893778030599
69.0664762995513,67.59029210101517,149.10354075463943,-181.00588276317202,174.11392145417295
69.87534142080983,70.27977882391289,146.69183761905998,-180.6827765686664,183.1373144851309
70.84277957389219,73.09830162195959,144.2528339391947,-180.0158621934898,191.73708004975936
71.94221888793928,76.0258727374928,141.7728594933406,-179.01189556065023,199.89135094525628
73.14479283283376,79.040637593792,139.23709690702952,-177.67864790561325,207.57890495212595
74.41999029025658,82.11937269752767,136.62998163601026,-176.02475006898206,214.77920852586556
75.73633914990619,85.23800884679758,133.9356229040398,-174.05952072977692,221.47247030382562
77.06210730664257,88.3721666649709,131.13823521650744,-171.7927833628028,227.6397055181292
78.36600383351015,91.49769072640089,128.22256930803135,-169.23467757868116,233.26281193291445
79.61786251900632,94.59116822176858,125.17433097342627,-166.39547114233017,238.32465736732854
80.7892899593899,97.63041828211105,121.98057622770727,-163.28537930757028,242.80917825322882
81.85426103693038,100.59493877103611,118.6300716766081,-159.9143981119128,246.70148803837483
82.78964590842979,103.46629856591471,115.11360986248762,-156.29215792715223,249.98799361647178
83.57565455650416,106.22846505386846,111.42427066627928,-152.42780286146396,252.65651738265203
84.19618746290996,108.86805870905835,107.55762155166892,-148.32990058548313,254.6964220107111
84.63908395758054,111.37452910843297,103.511851465843,-144.00638585948857,256.0987346596826
84.89626315745075,113.7402494754241,99.28783547332134,-139.46453954150294,256.8562670686446
84.9637559889753,115.96052968815135,94.88912959084641,-134.71100324413976,256.9637279078265
84.8416304255997,118.03355051590671,90.3218976973061,-129.7518281756494,256.4178238315131
84.5338155986141,119.96022451898928,85.59477469676591,-124.59255514576799,255.21734592230612
84.047833693563,121.74399143483872,80.71867220362624,-119.23832133214765,253.36323861653327
83.39445137689162,123.39055786788664,75.70653479827969,-113.69398826767087,250.85864873601682
82.5872647854055,124.90759261462102,70.57305629094738,-107.96428468664178,247.7089528936201
81.64223376223545,126.30438993205325,65.33436637522087,-102.05395739781878,243.9217622535646
80.57718198296928,127.59151347208345,60.00769852404101,-95.96792325100733,239.5069043741109
79.4112798684809,128.78043346371993,54.61104997946116,-89.71141552266889,234.47638260018243
78.16452674968936,129.88316906872873,49.16284424012979,-83.29011863135088,228.8443141679477
76.85724769324848,130.91194672951167,43.681605608145766,-76.71028595526025,222.62684879985397
75.5096188038203,131.87888385748363,38.18565418816266,-69.97883659359178,215.84207007744047
74.14123280043967,132.79570547698017,32.692828319427875,-63.103428115081506,208.50988226190861
72.77071434715482,133.67349955094355,27.22023985479295,-56.092503592881336,200.65188547704872
71.41539213314422,134.5225147771551,21.78406606900014,-48.955312456894774,192.29124227176104
70.0910321747048,135.35200275673213,16.399380367182445,-41.701905836982945,183.45253854840095
68.81163436874013,136.17010468586352,11.080022447193652,-34.343108065458445,174.16164168826532
67.58929206798761,136.98378117636503,5.838507207972739,-26.890466815311292,164.4455584482935
66.43411245355384,137.7987825194812,0.6859705357255024,-19.356184947491062,154.33229486581925
65.35419380837072,138.61965569911524,-4.367850831522475,-11.753037516986204,143.85072001497042
64.3556544806876,139.44978374406665,-9.314608849423905,-4.09427755247177,133.03043503880772
63.442707379382036,140.29145257450986,-14.147307061629057,3.6064658041035997,121.90164845626781
62.617773252872624,141.1459403217977,-18.86024100819101,11.335293402497067,110.4950583386575
61.88162574210837,142.01362414681765,-23.448920341641873,19.0781433550853,98.84174158482146
61.23356122306424,142.89409980726083,-27.909976707401988,26.820896799648896,86.97305021042197
60.67158671434651,143.78630958100106,-32.241061179025664,34.54947993034183,74.92051431970627
60.19261956353897,144.6886745936734,-36.440734682222036,42.24996053423435,62.71575124838147
59.79269318470412,145.5992280786922,-40.50835443111629,49.908637708846484,50.390380259423594
59.46716374404226,146.515746577693,-44.44395896995926,57.512123824914056,37.975942135789396
59.210913331979455,147.435876536311,-48.248153993218125,65.0474181207393,25.503823037318835
59.01854577766064,148.35725414022,-51.922000729961965,72.50197155656062,13.00518206951265
58.884571824777666,149.27761655444095,-55.46690834284572,79.86374271792253,0.5108821329251058
58.80358087626667,150.1949029691961,-58.884531518437484,87.12124463813913,-11.948576224084304
58.770396920781465,151.10734402087814,-62.17667421875862,94.26358242132193,-24.343118054404762
58.780216577651665,152.01353825788217,-65.34520042239848,101.28048150522731,-36.64315429327605
58.8287274510297,152.91251437563878,-68.3919525998445,108.1623063242065,-48.81963883248809
58.912205187359866,153.80377797610893,-71.31867863024277,114.90006904041735,-60.84412200353373
59.027587808996735,154.6873416406147,-74.12696785965443,121.48542792777208,-72.68879997114286
59.17252608015964,155.56373716917523,-76.81819700562647,127.9106749407036,-84.32655946666102
59.34540887975265,156.43400896189132,-79.3934866100557,134.16871200111186,-95.73101727081517
59.54536283806237,157.299687722991,-81.85366871190462,140.25301560820955,-106.87655388860071
59.7722258650881,158.16274397553974,-84.19926633568873,146.1575895331677,-117.73834095356641
60.02649467469175,159.02552129700751,-86.43048525579295,151.8769056104945,-128.29236204984986
60.30924699881257,159.89064972651084,-88.5472182904955,157.40583298259418,-138.5154268461235
60.62203988589717,160.76094044663733,-90.54906209901196,162.73955658738768,-148.38517868982598
60.966786272148234,161.63926358861158,-92.43534610291142,167.87348618635093,-157.88009609930165
61.34561287398238,162.52841181932683,-94.20517273983486,172.80315778940002,-166.9794889041325
61.76070333514061,163.43095320296726,-95.8574678014101,177.524129914877,-175.66349010197098
62.214131421263524,164.34907763936985,-97.39103913284217,182.03187768980283,-183.91304480373267
62.70768982996598,165.28444191069107,-98.80464151024648,186.32168830840953,-191.70989790979442
63.24272081438587,166.23801895959798,-100.09704509787113,190.38856178230336,-199.03658237467542
63.81995524125409,167.20995741876146,-101.26710455660663,194.22712119180272,-205.87641005952148
64.4393668664971,168.19945756247543,-102.31382566256715,197.831536748456,-212.21346722302795
65.10004846832803,169.20466971605356,-103.23642622905365,201.19546787247788,-218.03261664923352
65.80011600142333,170.22262071160873,-104.03438822927882,204.31202715791247,-223.31950824932048
66.53664611867679,171.24917321313092,-104.70749830209074,207.17376953638248,-228.06059970123957
67.30565126249564,172.2790216625421,-105.25587428745376,209.7727091668106,-232.243188313451
68.10209509393891,173.30572725759555,-105.67997606845216,212.10036559947497,-235.8554548297863
68.91994936533602,174.32179281835496,-105.98059976351729,214.14783962820013,-238.88651935112298
69.75229153009494,175.31877670633745,-106.15885517652019,215.905918009587,-241.32650896305836
70.59144051851453,176.28744321881578,-106.21612732285382,217.36520495746097,-243.16663605595465
71.42912629421389,177.2179451872662,-106.15402375011041,218.51627708550217,-244.3992857384618
72.2566871494386,178.1000329633137,-105.97431020386176,219.34985734427892,-245.01811021047493
73.06528729957554,178.92328267148926,-105.67883789578198,219.8570025490067,-245.01812750768133
73.84614628441429,179.67733562673484,-105.26946616407952,220.02929838122358,-244.3958216848335
74.59077104398862,180.35214021886404,-104.74798463658628,219.8590553168304,-243.14924128910758
75.29118135078302,180.93818739421636,-104.11603909159656,219.33949881293844,-241.27809290207819
75.94011956112006,181.42673112879737,-103.37506505355083,218.46494728526386,-238.78382660325195
76.53123637948997,181.8099859712322,-102.52623276994827,217.230971914518,-235.66971042562372
77.0592454643294,182.08129479499732,-101.57040661917259,215.63453310276805,-231.94089122094312
77.52004117270405,182.2352612723895,-100.50812123633426,213.67408941066736,-227.60443980896923
77.91077545359741,182.26784318305133,-99.33957576740566,211.34967598205196,-222.66937882386483
78.22989175324996,182.1764044023746,-98.06464672808937,208.66295073317784,-217.14669226106105
78.47711568387263,181.95972517965288,-96.68291901252557,205.61720787697303,-211.04931633712357
78.65340402417212,181.6179720146352,-95.19373372478341,202.21735959626596,-204.39211186988422
78.7608552730442,181.15262998665438,-93.59625074210012,198.46988781029188,-197.1918189376885
78.80258638735116,180.56640170906604,-91.88952330278993,194.3827689428275,-189.4669950585125
78.78258144374826,179.86307811950383,-90.07258146933954,189.965375358534,-181.2379385223014
78.70551873823874,179.04738704082,-88.14452106145613,185.2283576642524,-172.52659880078983
78.57658326390921,178.12482584729736,-86.10459458366239,180.1835123658502,-163.35647614040593
78.40127159912139,177.10148465643715,-83.9523007734156,174.84363943754826,-153.75251251836266
78.18519602516119,175.98386626605668,-81.68746964573432,169.22239422067756,-143.7409761149594
77.93389422065462,174.7787086124968,-79.31034027662824,163.3341377534585,-133.34934133899887
77.65265020655679,173.49281489140424,-76.82162901521137,157.19378918306353,-122.60616625508138
77.34633140199588,172.1328957154713,-74.22258630609937,150.81668336723703,-111.54096901777899
77.0192457609104,170.70542684319062,-71.51504080371687,144.21843617957273,-100.18410464089584
76.67502205002049,169.2165251542579,-68.70142993839073,137.41481943115983,-88.56664313780682
76.31651545127863,167.6718447196526,-65.78481652421507,130.4216467469442,-76.72024978048687
75.94573986643167,166.0764940574179,-62.768891363785585,123.25467121918926,-64.67706795781369
75.56382759516393,164.43497500689568,-59.657962094647786,115.92949522288998,-52.46960487908171
75.17101646674413,162.75114311226974,-56.45692873385923,108.46149243372886,-40.130620180083866
74.76666402998357,161.0281889861682,-53.1712465163484,100.86574184336752,-27.693017350964695
74.34928803898023,159.26863982121168,-49.80687669918939,93.15697341648406,-15.18973782248696
73.91663219402317,157.4743800182173,-46.3702260338354,85.34952497055716,-2.653657520230718
73.46575588281871,155.6466897837294,-42.86807561050505,77.45730986830522,9.882514277908273
72.9931464872869,153.78630049091677,-39.30749977235182,69.49379517340422,22.38633387202426
72.49485264432614,151.89346556884186,-35.69577580386974,61.47199001264454,34.82571983572234
71.9666366454707,149.9680456567707,-32.04028513520865,53.40444398640634,47.16904730991478
71.40414390437834,148.00960670594876,-28.348406888892,45.303255552020765,59.38523956390772
70.8030870930622,146.0175296080294,-24.62740474010792,37.1800903492175,71.44385632115606
70.15944213654146,143.991129759227,-20.88430827227414,29.04620942283787,83.31517818064462
69.46965275962688,141.92978472199383,-17.12579028959002,20.912507212515138,94.97028631665182
68.73083970833511,139.8330678186396,-13.358041891073078,12.789559010247025,106.38113652246683
67.94101014246368,137.7008850904404,-9.586647506098785,4.687677332914133,117.52062658940964
67.09926204661886,135.53361259705122,-5.816462521862775,-3.383023678100093,128.36265599180024
66.20597787595771,133.33223053898553,-2.051496572809583,-11.412557123550016,138.88217688986404
65.2630010895856,131.09845019417062,1.7051940168416806,-19.390987226899103,149.05523557172467
64.27378878444921,128.83482920811173,5.451600780537582,-27.30835045483988,158.85900363511567
63.2435333836235,126.5448704118306,9.186840515541483,-35.15457657144091,168.27179845781276
62.17924631191059,124.23309911062378,12.911211272177518,-42.919412738568845,177.27309281730732
61.08979686035336,121.90511373730669,16.62622267464411,-50.59235410630826,185.84351388469332
59.98590004109785,119.56760493978746,20.334596544798043,-58.16258453796538,193.9648322203573
58.88004819289946,117.22833860984977,24.040234249860852,-65.61893115029709,201.61994182105133
57.786382424790084,114.89609908189817,27.748147884911717,-72.94983618967353,208.7928326870273
56.72050166897801,112.58058974553524,31.464353333446248,-80.1433493893804,215.46855776954126
55.699209118769986,110.29228961442479,35.195724412803415,-87.18714335679721,221.63319649765546
54.740198092868646,108.04226594628213,38.949808673983384,-94.06855372859368,227.273817343937
53.86168181108867,105.841944764477,42.734606943353896,-100.77464483452636,232.37844204891996
53.08197408438711,103.70284302071497,46.55832030399853,-107.29230046634999,236.93601416580498
52.41903039407401,101.63626807325076,50.42906984048274,-113.6083381146168,240.93637449740515
51.889961132392735,99.65299203637636,54.354596030482654,-119.70964378240491,244.370245771792
51.51053076679317,97.76291027723502,58.34194606596709,-125.58332328634282,247.22922854447103
51.2946582489415,95.97469478825153,62.39715854040631,-131.2168648924004,249.50580983504895
51.253935006200635,94.29545424736077,66.52495576263416,-136.59830728153605,251.1933854252928
51.397177241394736,92.7304132083053,70.72845438434923,-141.71640626471805,252.28629609078345
51.73002897064762,91.2826229758163,75.00890501020203,-146.56079341980245,252.77987734358794
52.25463122790132,89.95271627866715,79.36547096801152,-151.12211993380637,252.67052156576275
52.96937117792772,88.73871685214918,83.79505545734989,-155.39217941204325,251.95575075187836
53.868722564419535,87.6359135076913,88.29218489471074,-159.36400424209927,250.63429749054185
54.9431860704395,86.63680626064293,92.84895448930514,-163.03193123397884,248.70619133368515
56.179334911008965,85.73112969600822,97.45503999770428,-166.39163363490758,246.17284735554566
57.559967460418676,84.90595608787122,102.09777731362533,-169.44011815616435,243.03715350987738
59.06436510396861,84.14587797937973,106.7623091661527,-172.17568725847696,239.30355336370394
60.668649962119304,83.4332671120822,111.43179583973591,-174.59786852422414,234.9781209184074
62.34623382525354,82.7486039007234,116.08768460613754,-176.70731440465377,230.0686245138301
64.06834670354493,82.0708692066467,120.71003057740606,-178.5056768842609,224.58457722910475
65.80463095776534,81.37798807690292,125.27786003343819,-179.99546258246545,218.53727171838577
67.52378512112824,80.64731346977675,129.7695660158389,-181.17987446673865,211.93979801851657
69.19424030174676,79.85613683585433,134.1633251495261,-182.06264665513055,204.8070435038428
70.78485148610383,78.98221179212615,138.43752426890688,-182.64787873822638,197.15567480515045
72.26558612636806,78.00427700988642,142.57118547601763,-182.93987567262786,189.0041021215744
73.6081930382547,76.90256480404014,146.54437870748117,-182.94299863161115,180.37242690523212
74.78683578406176,75.65928270668473,150.3386116830726,-182.66153130210736,171.2823743654912
75.77867627254645,74.25905645920479,153.93718818400433,-182.09956506001498,161.75721260309334
76.56439616680305,72.6893242817786,157.32552688710592,-181.2609053131894,151.82166043474052
77.12864574279119,70.94067388834333,160.49143438587163,-180.14900014910182,141.50178610210108
77.46041197986503,69.00711542346914,163.4253274845304,-178.76689133255,130.82489907787627
77.55329979425406,66.8862852257141,166.1204012905253,-177.11718673003267,119.81943709701932
77.40572236782876,64.57957700261323,168.57274099840174,-175.20205244052087,108.51485036477538
77.02099841727609,62.09219858386264,170.78137651106167,-173.02322232247298,96.9414846448726
76.40735595237526,59.43315386440911,172.7482801567526,-170.58202224332382,85.13046463015169
75.5778435693353,56.61515084035378,174.47830871875084,-167.8794062439892,73.11357866427305
74.55015161633557,53.65443777396443,175.97909180165678,-164.91600189680742,60.92316554037712
73.34634667261813,50.5705705102006,177.2608692271062,-161.69216241647067,48.592003767343265
71.99252373246146,47.38611482836791,178.33628070453943,-158.20802352598582,36.15320338721297
70.51838132115105,44.12628847578637,179.22011148866437,-154.46356364024734,23.64010016292406
68.9567255390205,40.81854822889831,179.92899814480168,-150.45866655995476,11.086151745424214
67.34290977561375,37.49212799117105,180.48109892685986,-146.1931865171892,-1.475164714276728
65.71421759912914,34.177534592803894,180.89573365642534,-141.66701602813646,-14.010454116755241
64.10919713741511,30.906008624638226,181.19299839465714,-136.88015753926507,-26.48650473737001
62.566956141416426,27.70895832476461,181.39336063232543,-131.83280025433174,-38.870389854798916
61.12642786327442,24.617375239674935,181.51724118789517,-126.52540376231352,-51.1295700762762
59.82561887236584,21.661241085963795,181.5845894890522,-120.95879012087826,-63.231996544631826
58.70085094093123,18.86893591577907,181.61445939904476,-115.13424586553609,-75.14621495613648
57.78601010846573,16.266658302305203,181.62459320602625,-109.05363500503474,-86.84147002283146
57.11181691663856,13.87786876204295,181.63102178385643,-102.71952343361087,-98.28780969590359
56.70513252330173,11.722767968208238,181.6476892146783,-96.13531436138368,-109.45618814704783
56.58831587558658,9.817821429462477,181.68611029262485,-89.30539337093734,-120.31856620022491
56.77864727016628,8.175342159141778,181.75506926139767,-82.23528059914396,-130.84800764102434
57.28783338098509,6.803142398357906,181.8603678381444,-74.93178638271782,-141.01876962305363
58.121608127876996,5.7042646457690935,182.00463001109063,-67.40316556548716,-150.80638526106702
59.27944255010682,4.876801068724177,182.18717024980822,-59.65926462641468,-160.18773646644908
60.75437511179685,4.3138088198159465,182.403930627776,-51.711654934153316,-169.14111515291486
62.53297160391785,4.003326874728792,182.64749093575824,-43.57374484666011,-177.6462711294853
64.59542104969204,3.9284977764967834,182.90715418623634,-35.26086312900013,-185.68444530294647
66.91577082391436,4.067795169829914,183.16910801328882,-26.790306316899674,-193.23838722845522
69.4623006496839,4.395355309942616,183.41666041575684,-18.18134324874702,-200.29235656185077
72.19803134818089,4.8814079185059,183.63054614251223,-9.455171039761588,-206.83210855799314
75.08136032233189,5.49279893413383,183.78929785788313,-0.6348182630743722,-212.84486440066033
78.06681190148487,6.193594972823462,183.8696741410584,8.255007009620774,-218.31926780587102
81.10588701720953,6.945756782799762,183.84713445599328,17.188124448906745,-223.24532997560925
84.14799337862479,7.70986675640475,183.69634957003817,26.137141710249182,-227.61436555412237
87.14143451621992,8.445893745890487,183.39173458355447,35.07376289119922,-231.41892271506887
90.03443389962517,9.113977105929493,182.90799083342478,43.96913796778817,-234.65271085204716
92.77616891452392,9.675211119798917,182.2206425088784,52.79424373376934,-237.31052952805356
95.31778888245607,10.092410800920973,181.30655390445295,61.52028488112845,-239.38820234255002
97.61339156577067,10.330840515536082,180.14441384748892,70.11910246048305,-240.88251918922023
99.62093371624368,10.358887933411182,178.71517496171444,78.56357615029785,-241.79119000541743
101.30305315979574,10.148667442969654,177.00243702441173,86.82800661552162,-242.11281257118614
102.62778258036867,9.676539298186,174.99276567526076,94.88846477687838,-241.84685622703267
103.56913845650674,8.923533305159282,172.67594004767543,102.72309602496456,-240.9936625812744
104.1075723716341,7.875668696734991,170.04512540798578,110.3123692391648,-239.554463413198
104.23027599695197,6.52416485889735,167.0969694782415,117.63926280535726,-237.53141509502132
103.93133526043525,4.8655406332124755,163.83162365359246,124.6893825348508,-234.9276480031092
103.21173339178793,2.9016028972572485,160.25269267663518,131.45100930845425,-231.7473286136996
102.07920650712444,0.6393279009138553,156.3671183797311,137.9150772317951,-227.99573132288373
100.54795902659718,-1.9093586898659396,152.18500475405443,144.0750859209294,-223.67931652744417
98.63824938784826,-4.727894996595936,147.7193927780908,149.9269530802192,-218.80581117704222
96.37585914848701,-7.795479670058228,142.98599409751063,155.4688156552529,-213.38428787046098
93.79146061919079,-11.087541246566829,138.002892787914,160.70078943969708,-207.42523861969588
90.91989962993861,-14.576268418800751,132.79022408089628,165.62469802401998,-200.94063963595207
87.79941093511827,-18.231189145625805,127.36983815636259,170.2437823761343,-193.94400387854373
84.4707841674036,-22.01978648838856,121.76495599259727,174.56240215697258,-186.45041862536263
80.97649823553782,-25.90813928565248,115.99982293427807,178.58573915562974,-178.47656593637058
77.35984172109414,-29.861576176853617,110.09936421688488,182.3195120641707,-170.0407245535014
73.6640362600736,-33.845331970617224,104.08884530525832,185.7697103095636,-161.16275247618134
69.93137918701383,-37.82519584582617,97.99353869158574,188.94235294068164,-151.86405013402964
66.20242094820256,-41.76814130731789,91.83839786561303,191.84327675418507,-142.16750472051177
62.51519200991197,-45.642928150420346,85.6477386042317,194.4779560533467,-132.09741682583245
58.904493225604185,-49.42066690039909,79.44492758740188,196.8513547724755,-121.6794109968046
55.40126288138159,-53.075336293999364,73.25207865352478,198.96781025245915,-110.9403322457518
52.03203288174681,-56.58424439810584,67.08975774452632,200.83094678396884,-99.90813082058625
48.81848571334154,-59.92842397685719,60.97669870569911,202.44361618237207,-88.6117377387313
45.77712285622006,-63.09295280763478,54.92953350742509,203.80786213831107,-77.08093367946637
42.919054112385176,-66.0671899051994,48.96254202646657,204.92490489263793,-65.34621383163878
40.24991579662204,-68.84491914639162,43.08742811789229,205.79514288756977,-53.4386512180381
37.769923798442186,-71.42439269682393,37.31313016538648,206.41816840583306,-41.389760870293046
35.474065106917685,-73.80826801415418,31.645675452192275,206.79279477215968,-29.231367024505623
33.352428449321145,-76.00343410698929,26.088088386005627,206.91709339617904,-16.995475253283875
31.390671225097087,-78.02072519823943,20.640362697042306,206.7884397175567,-4.714151154371798
29.57061595790121,-79.87452297204992,15.299507093589714,206.40356790807985,7.580593111062718
27.870965130369473,-81.58225212311156,10.059672429882543,205.75863492872963,19.856903494053835
26.268118651731804,-83.16377787520028,4.912366192167639,204.84929517442566,32.08317938480682
24.737073530658257,-84.64071834210253,-0.15324292851737376,203.67078741365637,44.22815941666171
23.252380823995228,-86.0356888712383,-5.149931339448308,202.21803600106452,56.2609979647002
21.789130879143503,-87.37149960284675,-10.091942958763354,200.48576837415692,68.15133293968353
20.32393457650649,-88.67033113266754,-14.994437567765758,198.46865061712487,79.86934584316525
18.835866001683524,-89.95291610931615,-19.872879593267314,196.16144237426778,91.38581537533945
17.307331005825603,-91.2377565626134,-24.742386235908413,193.55917162477257,102.67216615995346
15.724826672673217,-92.54040750765867,-29.61705773492308,190.65732880717587,113.7005143494782
14.079558958729317,-93.8728567136769,-34.50931557310466,187.45207853955057,124.44371197827486
12.367889774965828,-95.2430283496176,-39.42927629450682,183.94048577069583,134.87539192926147
10.591590494068736,-96.65443449080999,-44.38418910203903,180.12075168709666,144.97001525289045
8.757886138609315,-98.1059932640794,-49.3779643696037,175.99245317362542,154.7029223242159
6.879283056786338,-99.5920258990398,-54.4108175837749,171.55677818112994,164.05038894482246
4.973182337480337,-101.1024374194618,-59.47904907223496,166.81674809897086,172.98968800204295
3.061291076417259,-102.62307752038384,-64.57497433946713,161.7774172761765,181.4991567136193
1.168853337929237,-104.13626977265172,-69.68701318183378,156.4460392900876,189.55826884087867
-0.6762683101332865,-105.62148915784323,-74.79993835270086,150.8321895229101,197.14771059036232
-2.444622038529557,-107.05616055233769,-79.89527682401535,144.94783414945653,204.24945829136578
-4.106262120952,-108.41654460968641,-84.95184911095633,138.80733681139415,210.84685538278035
-5.631861942729611,-109.67867293323101,-89.94642516476158,132.42739606141635,216.9246858203921
-6.9937948197036235,-110.81929178628158,-94.85446943606824,125.82690907130657,222.46924076642296
-8.167134036352252,-111.81677303609167,-99.65094324068268,119.02676002941186,227.4683753819036
-9.130527321630614,-112.65195261540549,-104.31112980060003,112.04953497726694,231.91155272991668
-9.86690715579382,-113.30886041621636,-108.81144644446401,104.91916838583066,235.78987221453843
-10.364006490844307,-113.77531097933756,-113.13020946657727,97.66053034616564,239.09608061311025
-10.61465919134991,-114.0433312701756,-117.24831996467292,90.29896662894242,241.82456457175604
-10.616875192669927,-114.10940981162587,-121.1498433892284,82.85980682730528,243.97132437569726
-10.373691411599344,-113.97456000261869,-124.82246122985924,75.36785812606266,245.5339298128965
-9.892810206205533,-113.64419909296218,-128.2577798538601,67.84690375870403,246.51145994856677
-9.186047082031997,-113.12785254008469,-131.45148857880798,60.31922578564819,246.90442954597012
-8.268617867541078,-112.43870091878294,-134.40336617834413,52.80517137961864,246.71470563456418
-7.158302323431382,-111.59299284545918,-137.1171417865105,45.32278032952483,245.94541828079852
-5.874525818398389,-110.60935225813746,-139.60022223143935,37.88748903490917,244.60086991547885
-4.437403136744688,-109.50801170558509,-141.8633029126563,30.511922992248607,242.68644759027072
-2.866788646786091,-108.31000498250415,-143.9198832403152,23.205785858936004,240.20854227174817
-1.181375034201242,-107.03635252908424,-145.7857102666248,15.97584885690022,237.1744787536644
0.6021212258356563,-105.70727159247377,-147.47817543054921,8.826039806259262,233.5924590160699
2.4696552565919667,-104.3414403809461,-149.01568935243196,1.7576267273848774,229.47152093852165
4.410404816218946,-102.95534152471409,-150.41705846256937,-5.230513025085022,224.82151325220357
6.417160008635257,-101.56270531009332,-151.70088508229006,-12.141550509525374,219.65308656375575
8.486543583978882,-100.17406760730371,-152.88500958458363,-18.980304839797988,213.97769927591932
10.619062871658507,-98.79645140178903,-153.98600964874663,-25.752801444247535,207.80763633314598
12.81900333706042,-97.43317459875453,-155.01876760091733,-32.46580642467104,201.1560379890911
15.094182102180643,-96.08378053482217,-155.99611260645787,-39.12635432526132,194.03693527099162
17.45558710843315,-94.7440816346915,-156.92854024766083,-45.741285587182645,186.46528852528954
19.91693352889727,-93.4063011347568,-157.8240079628411,-52.31680819121719,178.45702537889866
22.494173182440466,-92.05929300768162,-158.68780110548644,-58.85809564211695,170.0290746308047
25.20499472818638,-90.68881641668614,-159.52246115275355,-65.36893071283018,161.19939297342
28.068352047570016,-89.27783846391989,-160.3277649816407,-71.85140144063314,151.9869819987489
31.104055256170724,-87.8068379256205,-161.10074225299263,-78.30565294661923,142.4118936220574
34.33245314375014,-86.25408331745453,-161.83571689485436,-84.72969591099724,132.49522280852972
37.774227572314786,-84.59586119383499,-162.52435853603842,-91.11927013067807,122.25908726399366
41.450309694124,-82.80663517227336,-163.1557305650082,-97.46775963140257,111.72659449856769
45.38191520403289,-80.85912280578181,-163.71632330789302,-103.76615438230033,100.9217973513729
49.590681842163534,-78.72428599112529,-164.1900636297821,-110.00305280967522,89.86963963316849
54.098877855884844,-76.37124082649706,-164.55829601973014,-116.16469903115478,78.59589397656062
58.92963614777486,-73.76710426825443,-164.79973482645363,-122.23504900050868,67.12709425883743
64.10715656878769,-70.87680693967158,-164.89039261268573,-128.19586050748993,55.49046506818158
69.65680954252844,-67.66291318648001,-164.80349536745305,-134.02680312818413,43.713850622751735
75.60506920726009,-64.08549996539864,-164.50940126197742,-139.7055856663854,31.82564532591855
81.97920471062594,-60.10215428870886,-163.97554538712401,-145.20810024491863,19.85472776930701
88.80666512295166,-55.6681535870268,-163.16643803467795,-150.5085838704461,7.830399498642551
96.11410721943393,-50.73689340120542,-162.04374809547727,-155.57979987580015,-4.21767073627473
103.92603619495546,-45.26062134718112,-160.56650553227422,-160.39324301044556,-16.259497182146895
112.26305669612752,-39.19152467736808,-158.69145713902924,-164.9193729798419,-28.264822348575777
121.139764198995,-32.48320076195321,-156.37360746639442,-169.1278818186502,-40.20315862320264
130.56234286318897,-25.09251572685074,-153.56697152176176,-172.9880005262813,-52.043828128517546
140.52597306896854,-16.981827200196893,-150.22555744273876,-176.46884982773292,-63.75600322929996
151.01218690742758,-8.121514154339,-146.30458580492842,-179.53983870611916,-75.30875048204888
161.98633966554962,1.5072776953244045,-141.76193782230897,-182.1711124798813,-86.6710810343664
173.39538651881364,11.909799935969843,-136.55980797999447,-184.33404970194593,-97.81201051050512
185.16616318748066,23.074929382236796,-130.66651845023347,-186.00180411686983,-108.70063124011547
197.2043648256416,34.97263664953509,-124.05843410580262,-187.14988444995413,-119.30619930025819
209.3943974263103,47.551884481422704,-116.72189941405145,-187.75676108733805,-129.5982382523494
221.60024027919104,60.739144859851706,-108.6551034717824,-187.8044849478904,-139.54666068814433
233.6674076303979,74.4377098097543,-99.86976846324707,-187.27930028876523,-149.12190778949628
245.42603521108333,88.52794206756953,-90.39255133220026,-186.17223008957157,-158.2951060992492
256.6950466142525,102.86856907294322,-80.26604964554122,-184.47961029390567,-167.0382396551008
267.28728058241364,117.2990690256803,-69.54931129137462,-182.2035478059903,-175.3243346150951
277.01538881003154,131.643134246735,-58.317764077432656,-179.35227696527662,-183.12765256735833
285.69825076926287,145.71312908148622,-46.66250513986897,-175.94039041833656,-190.42388793131533
293.1676028974304,159.31539211072555,-34.68892034931001,-171.9889229669176,-197.19036427462842
299.2745489153758,172.2561708379652,-22.51463898121927,-167.52527109436332,-203.40622403482809
303.8956093572166,184.34792646562914,-10.266866626623496,-162.58293636090198,-209.05260607257355
306.93798310225395,195.4157113437838,1.9208229173304687,-157.20108750959312,-214.11280570453468
308.34373135690635,205.30330552109055,13.912120990672008,-151.42394363792621,-218.5724123601169
308.09265270465903,213.87880338851997,25.571897251302673,-145.2999887823376,-222.41942074858784
306.2036923135468,221.03936681115823,36.770225553691176,-138.8810362870766,-225.6443123704959
302.7348135492323,226.7149057519908,47.3863434037151,-132.22116890716453,-228.24010530281066
297.7813496031616,230.87050794046567,57.31236481673848,-125.37558725052708,-230.2023713677039
291.4729395640825,233.50751104224534,66.45657660691586,-118.39940445522343,-231.52922099412706
283.9692312598614,234.66318856867116,74.74616900571012,-111.3464285572507,-232.2212572331863
275.45459673850496,234.409098585564,82.12928161359895,-104.26797556405086,-232.28150143474525
266.132151406145,232.84821647256115,88.57628286259344,-97.21175566786057,-231.71529398361005
256.2173922579182,230.11103456144005,94.08024270990373,-90.2208723078098,-230.53017419218918
245.931773796603,226.35085855649248,98.65660121064295,-83.33296905580823,-228.7357439287523
235.49652334747262,221.73856070633332,102.3420769241414,-76.57955282938659,-226.343519815884
225.12696325673522,216.45706176356057,105.19289603493789,-69.98551410334916,-223.3667788645379
215.02755975603918,210.6958083341153,107.28245332156257,-63.56885606699289,-219.82040222799313
205.38786163176428,204.64549110214043,108.69853802936579,-57.34063556807125,-215.72072138878517
196.37943102780932,198.4932154792586,109.5402703797292,-51.30510972216823,-211.0853705573295
188.153808303485,192.41829302325493,109.91489771682484,-45.46007374723923,-205.93314839603133
180.8414968500946,186.5887733623046,109.93459370470148,-39.797368344364116,-200.28389141987458
174.5519052836746,181.15878615749443,109.71339068861687,-34.30352913905368,-194.1583605983355
169.3741456114277,176.26671427843496,109.36435591582936,-28.96054656570778,-187.57814182751844
165.37855789662893,172.03417568307515,108.99709862750707,-23.7467022452757,-180.5655600861004
162.618814708583,168.56575455382412,108.71566902424425,-18.637447381212134,-173.14360626536896
161.1344514612889,165.94939329356464,108.61688363010312,-13.60628987621186,-165.3358748978628
160.95367016820956,164.2573364780721,108.78908627439529,-8.625659554735776,-157.16651032685036
162.0962722643057,163.54750553939925,109.31133110298713,-3.6677247922052274,-148.66015828284026
164.57658882890178,163.86517799615297,110.25295468052536,1.294861320667394,-139.8419193818928
168.4062916141398,165.2448462339455,111.67348893125971,6.288301753317469,-130.73730075376403
173.59698372055902,167.7121367332963,113.62285561251997,11.337094104424747,-121.37216185856117
180.16248283172268,171.28567975280862,116.14177614121799,16.46357229282038,-111.77265057292935
188.12072128662618,175.97883040642853,119.26232758502212,21.687551548568255,-101.96512583108027
197.49519506504248,181.80115364360702,123.00857601530205,27.02607233729141,-91.97606349908322
208.31589763308656,188.7595969685461,127.3972216478009,32.49323507774146,-81.8319427478749
220.61967473037365,196.85928529227076,132.43819570990925,38.100114617123175,-71.5591109752305
234.44993330858935,206.10388194902345,138.1351562556322,43.85474145766626,-61.18362630329199
249.855633224022,216.49546884615,144.48583877167832,49.76213567029062,-50.73107784398191
266.8894857317147,228.03390751562364,151.4822270575204,55.82437923294172,-40.226385262428956
285.60528057779106,240.71565233855813,159.11052030324896,62.040713099194164,-29.693580657799632
306.0542661790691,254.53199847071664,167.3508834122796,68.40764651821911,-19.155577391271112
328.2805179144614,269.4667611621005,176.17697936950603,74.91906785795865,-8.633932172694227
352.3152508968998,285.4934013689075,185.55529481501668,81.56634828740675,1.851391584171406
378.17006853586054,302.571635775333,195.44428291062917,88.33843201608573,12.282249494049879
405.8291890045601,320.64359821967344,205.79336097502318,95.22190924053342,22.64251989963375
435.2407597486347,339.6296542027836,216.54181399641007,102.20107039500266,32.918273206630474
466.307455415571,359.4240101318562,227.61766864146048,109.25794265276747,43.09789370613301
498.8766552271805,379.89030287841103,238.93661521405662,116.37231179578527,53.17214044059756
532.7306078346011,400.8574008466512,250.40106643917142,123.5217345071402,63.13413403208723
567.5771085388644,422.1156918181799,261.89945103338454,130.68154779830988,72.97925753229455
603.0413262847476,443.4141712037756,273.3058457107884,137.82488363008088,82.70496136979483
638.6595144884985,464.4586720858788,284.480050421884,144.9226978003436,92.31046542568676
673.8754071065513,484.91159021101635,295.2682071054086,151.94382283053696,101.79635516606459
708.0401250473817,504.393447529378,305.50405106052443,158.85505486498607,111.1640735422384
740.4163841221778,522.4866021725894,315.01086549510126,165.62128447479893,120.41531589698997
770.1876923624554,538.7413473305702,323.6041835638101,172.2056806953264,129.55134116217994
796.4730438183371,552.6845446759846,331.0952485117725,178.5699365849828,138.5722188964728
818.3473558537548,563.8308106873925,337.2952022674936,184.6745830289991,147.47603780516516
834.8675629766506,571.6961204222862,342.01992758577194,190.47937539060783,156.25810687321393
845.1038865181719,575.8135203049825,345.0954209433321,195.94375491302227,164.9101846607648
848.1753691135973,575.7504599245589,346.3635258017515,201.02738350681506,173.41977519917205
843.2883272991317,571.12707611745,345.6878120299439,205.69074677053987,181.76952988155963
829.775972335849,561.6346061190754,342.9593509344272,209.8958158891656,189.93679344829908
807.1371196543952,547.0529863845248,338.1021101505505,213.60675460183728,197.89332845074463
775.0716914499084,527.2666249921094,331.0776818788093,216.79065295494792,205.6052464271237
733.5106500514825,502.277330948834,321.88906413643485,219.41826534524708,213.03316562458747
682.638106906821,472.21345151844486,310.58323927708363,221.4647267416697,220.13260483338593
622.9036444585005,437.3344114895138,297.2523371064909,222.91021830325795,226.854611320061
555.0233598986237,398.03006202432084,282.0332300736138,223.74055222505592,233.1466086687817
479.9687665577526,354.81452035848577,265.1054823024523,223.94764583648288,238.95343836812464
398.9434288500289,308.31449764669065,246.6876583136946,223.52985695700653,244.21855805146006
313.3480041644133,259.2524479177478,227.03208571847546,222.49215637274273,248.8853502116105
224.7351543836899,208.42520038830452,206.41825282504172,220.84611898204298,252.89848864440842
134.7565024031848,156.6790334117493,185.14510068388228,218.60972245839923,256.205306338219
45.10438103215714,104.88238610604947,163.522533715608,215.8069508302252,258.75710829338414
-42.548499722562134,53.897562665533535,141.86251877438173,212.467209680194,260.51037584851053
-126.60819115743016,4.5528506185490585,120.47016576700327,208.62456912189973,261.42781527459755
-205.614267222959,-42.38355787083455,99.63518201644777,204.31685967018828,261.47921219910296
-278.28735240417143,-86.22658010984081,79.62406758700406,199.58465394021292,260.6420641781331
-343.5670891393566,-126.39314229638518,60.673371853106346,194.470173213256,258.9019756533251
-400.63890050401045,-162.4161908680591,42.98426646730604,189.01616183986616,256.2528117635859
-448.94867794971844,-193.95336059503296,26.718611658736265,183.2647739216945,252.69661920331194
-488.20532141489156,-220.79017749143395,11.996607408186833,177.25651562521384,248.24333278956755
-518.371813668193,-242.83799657865424,-1.1039652861267086,171.02928293588423,242.91029502925494
-539.646163987152,-260.12716141943565,-12.546989174501448,164.61752895091925,236.72162235499275
-552.4340633365828,-272.7961050532479,-22.335888833145248,158.05158738472963,229.70745562166812
-557.3154261419478,-281.0772775519414,-30.51034629024062,151.35717038712087,221.90313391841968
-555.0071427608132,-285.2808777399598,-37.142098570942835,144.555049677598,213.34832992917322
-546.3243393964581,-285.7773862859559,-42.33008371914184,137.66092101077123,204.0861822884777
-532.1422607276701,-282.9798509367057,-46.195206422271355,130.68544368875808,194.1624560470016
-513.3605879879565,-277.32677336150664,-48.8749829048962,123.63443971627862,183.62475695908208
-490.8716208617476,-269.26630520110484,-50.518299849815435,116.50923161262521,172.52181931147788
-465.5333262087117,-259.2422941206444,-51.28048698992981,109.30709406836513,160.90288088031255
-438.14782858019373,-247.6825443577515,-51.318861236152955,102.02179263076621,148.81715271961187
-409.44551929097895,-234.98948425702972,-50.78885529294914,94.64418234674292,136.31338615398266
-380.0746171372782,-221.53327686295304,-49.84079889316732,87.16284059611861,123.43953478878647
-350.59574057108495,-207.64727695327406,-48.61737877978581,79.56471092835685,110.24250568329701
-321.4808554429984,-193.6256338084836,-47.25176646347478,71.83573823324605,96.7679911008558
-293.1158437872592,-179.72276529835176,-45.86637199094825,63.96147966541505,83.06037042638147
-265.8058908589745,-166.15438462784965,-44.57215820024382,55.927680041220775,69.16267084335769
-239.78289876151572,-153.0997433710766,-43.46843334870424,47.72080460453791,55.11657507891275
-215.21419209251277,-140.70475888457628,-42.64303021881176,39.32852583109221,40.962464817302354
-192.21186994909374,-129.0857157591221,-42.17277612328235,30.740164088468994,26.739489114725863
-170.8422658913408,-118.33326441932732,-42.12415970231564,21.947084338571848,12.485648188762841
-151.1350912661952,-108.51648041061227,-42.55410599271141,12.943052575694338,-1.7621158157924903
-133.09194814342786,-99.68679108092515,-43.51077991723814,3.7245563208110184,-15.967828159566293
-116.69399904515498,-91.88161887623905,-45.0343491432227,-5.70890671867118,-30.096396679705954
-101.90866720901226,-85.12762987131423,-47.15764938651061,-15.354568671116589,-44.11353724551349
-88.69531111004494,-79.44351091162068,-49.906708048983816,-25.206158619018854,-57.98571273220482
-77.00987004050006,-74.84222813526377,-53.301095105974326,-35.25369724035204,-71.6800876414238
-66.80851480641724,-71.33274365383056,-57.35408308862297,-45.48332166764518,-85.16449950717445
-58.05036111881946,-68.92118630022094,-62.07261064015103,-55.87714558407774,-98.40744736142604
-50.699315695688504,-67.61148746390003,-67.45705635157931,-66.41316175210325,-111.37809678994036
-44.72512935056166,-67.40550519032683,-73.50084131979861,-77.06519599912922,-124.04630048523784
-40.103730299231216,-68.30267003353626,-80.18989002856087,-87.80292298520241,-136.3826326991731
-36.81690722294544,-70.29919565561026,-87.50198958649545,-98.59195468713845,-148.35843560542074
-34.851407576629796,-73.38690671817957,-95.40609683895215,-109.39401232807745,-159.94587530644867
-34.19751406712466,-77.5517467972066,-103.86165107568206,-120.16719137475776,-171.11800505479252
-34.847162488329054,-82.77204013371023,-112.81795655237174,-130.8663271812881,-181.84883320494282
-36.79166799161909,-89.01659290596038,-122.21370331553051,-141.4434659008851,-192.11339346858674
-40.01913465022241,-96.24273189041477,-131.97669629596152,-151.84844149442176,-201.88781520265383
-44.51163456371614,-104.394390029085,-142.02386074679575,-162.0295551828008,-211.14939171230557
-50.242256939257295,-113.40035838473273,-152.26158634369764,-171.93434872005218,-219.8766448821207
-57.17214329700725,-123.17283085659085,-162.5864622739974,-181.51045766067062,-228.0493848416779
-65.24764048524122,-133.60637034648826,-172.88644127916683,-190.70652565629297,-235.6487638052243
-74.39771655062103,-144.57742132945847,-183.04245203150427,-199.47315606239152,-242.65732367003693
-84.53179351794367,-155.94448271438307,-192.9304569254445,-207.76387309572453,-249.05903739059286
-95.53815361623796,-167.54903556621787,-202.42392722998278,-215.536061767634,-254.8393445346378
-107.28306947723567,-179.21729233619956,-211.39668084131839,-222.75185409882914,-259.9851817482191
-119.61079278895812,-190.7627980386698,-219.72600118857702,-229.3789289083188,-264.4850090882746
-132.3445089190362,-201.9898704451654,-227.295931018039,-235.3911938885985,-268.3288333061863
-145.28832708377695,-212.69781779495338,-234.00061376470353,-240.76932176006105,-271.5082291769498
-158.23032767743393,-222.68582149311177,-239.7475399272072,-245.5011169639922,-274.0163598658464
-170.94663239527813,-231.75832117562328,-244.46054797359417,-249.58169541852857,-275.8479971164679
-183.2064018244467,-239.73069418825412,-248.08243010262643,-253.01346704275497,-276.9995417485147
-194.77760316256212,-246.434984886164,-250.57700337839577,-255.80591868077886,-277.4690445939701
-205.43333221301563,-251.72541490259707,-251.93052636300362,-257.97520330040174,-277.2562276059615
-214.958423631049,-255.48339671786167,-252.15236966062392,-259.5435494393861,-276.36250447717543
-223.1560462213908,-257.6217815447461,-251.2748842677949,-260.5385123641377,-274.7909997363514
-229.85395995795773,-258.0880995062717,-249.35245214724887,-260.9920948647897,-272.54656498190946
-234.91011126234662,-256.8665946008735,-246.45974633909748,-260.93977067408537,-269.6357906863617
-238.21726442566256,-253.97891677485032,-242.68927022544685,-260.41944689286623,-266.06701188280886
-239.70640964643462,-249.4834048666063,-238.14828426400754,-259.470403369782,-261.850306036465
-239.34874990499898,-243.47297238947152,-232.9552608137931,-258.1322466725318,-256.9974815131728
-237.1561459777913,-236.0716874444844,-227.2360312802313,-256.4439141780478,-251.52205527708298
-233.1799860108793,-227.43021258929326,-221.1198030832612,-254.4427600851665,-245.43921876889857
-227.50853687952574,-217.7203345888965,-214.7352261012143,-252.1637500941904,-238.7657913142556
-220.26292225106957,-207.12886279513694,-208.20667935999455,-249.63878545146804,-231.5201608645903
-211.591950187243,-195.85120486180335,-201.65092977827237,-246.89617041379663,-223.7222123537549
-201.6660754005419,-184.08493761005846,-195.17428745697498,-243.96023034892147,-215.39324443291122
-190.6708233848243,-172.02367889144872,-188.87034860714346,-240.85108104115284,-206.5558757983493
-178.80002278648658,-159.85153478209597,-182.81838038553667,-237.58454366062034,-197.233942726006
-166.24918776624855,-147.7383484771073,-177.08236440079395,-234.1721945649363,-187.45238975257
-153.20936492732085,-135.83591716621746,-171.71068007735371,-230.6215348440334,-177.23715568214044
-139.86171268725417,-124.27527606304494,-166.73637768329723,-226.93626142078517,-166.61505723824519
-126.37301926379058,-113.16508001558554,-162.17796539811172,-223.1166196292495,-155.61367272309525
-112.89229423787548,-102.59104790481958,-158.04061646104418,-219.15981648049637,-144.26122799005068
-99.54849389542477,-92.61637782841132,-154.31769169851765,-215.0604741970773,-132.58648688967642
-86.44936805934968,-83.28299534487061,-150.99246946133752,-210.81110490518813,-120.61864812738882
-73.68135108859698,-74.61346505491878,-148.0399785497982,-206.40258943274824,-108.38725018345393
-61.31036628513962,-66.6133784433721,-145.42883898945485,-201.82464576597002,-95.92208561306383
-49.38337393939833,-59.274027857061526,-143.12302918449407,-197.06627565411776,-83.25312567909758
-37.930470042097795,-52.57518631010909,-141.08351452608858,-192.11618091384972,-70.41045588885048
-26.967335276521716,-46.4878332084976,-139.26969048145625,-186.96314398302937,-57.42422262308174
-16.497840997203298,-40.976694238525155,-137.6406111631402,-181.5963700436657,-44.32459066927827
-6.516638221642541,-36.00249650236174,-136.15599121109543,-176.00579044189033,-31.14171111302936
2.988415748508725,-31.523874499096593,-134.77698360848765,-170.18232908133635,-17.905698705282127
12.034103915743842,-27.498896021775963,-133.46674817488724,-164.11813488916238,-4.646617514091862
20.640043052022783,-23.88620723701674,-132.1908346022948,-157.8067843239813,8.605526608372847
28.827260993253752,-20.645821481873107,-130.9174099395926,-151.2434582135491,21.820788459769716
36.617161065202005,-17.739595630787043,-129.61736352529923,-144.42509701075235,34.96928274803319
44.030848353359104,-15.13145084261156,-128.26432282034526,-137.35053789943237,48.02118227435732
51.088770326150964,-12.787401213406497,-126.83461181612944,-130.0206361467196,60.94671725968438
57.81060914343571,-10.67545489774357,-125.30718016929745,-122.43837178862047,73.71617810644244
64.21535486135114,-8.765448491558686,-123.66352644202493,-114.6089412626302,86.29992389797653
70.32148718981144,-7.028867957462175,-121.88763328811068,-106.53983208894746,98.66839887531121
76.14719758201579,-5.438699262140112,-119.9659265636844,-98.24087727765104,110.79215898770677
81.71059209495081,-3.9693402997717584,-117.88726453774999,-89.72428492536605,122.6419103799461
87.02982737396925,-2.5965936162920897,-115.64295794805449,-81.00463757819168,134.18856135026556
92.12314598712452,-1.2977477931825092,-113.2268168370061,-72.09885547807004,145.40328888681023
97.00879194897217,-0.05174477945241307,-110.63521608739893,-63.02611785301252,156.2576203720783
101.70480154811695,1.1605785260462014,-107.86716847831842,-53.80773701004175,166.72353044497623
106.22867764747124,2.356193234896665,-104.92439196067482,-44.466981155139784,176.7735523480211
110.59696678236993,3.5495498192011823,-101.8113567315784,-35.02884357568847,186.38090238916462
114.82476717757736,4.752244701851261,-98.53529755198568,-25.519758014309033,195.51961544710352
118.92520197995242,5.972709986402286,-95.10617755624551,-15.967262632994828,204.16468878489627
122.90889546895636,7.21595349060523,-91.53659147839087,-6.399617776390411,212.29223085100256
126.7834908282799,8.483373951119674,-87.84159867530659,3.1546143803510347,219.8796112822753
130.5532464147285,9.772672655640221,-84.03847945302205,12.667017458612097,226.90560801904843
134.21874361240225,11.077878090817023,-80.1464118712152,22.10978250235806,233.35054733086892
137.77673364287472,12.389494728544975,-76.1860702639741,31.456168405901202,239.19643265520034
141.22014348444424,13.694781059769127,-72.17915100947934,40.68094470602258,244.42705847936332
144.53825273813104,14.978155671028262,-68.14783542145264,49.760799880747285,249.02810604221239
147.7170442781554,16.22172378434371,-64.11420382357562,58.6746987803071,252.98721837377775
150.73972226376605,17.405910485040934,-60.09961869379784,67.40417423000548,256.2940530898317
153.58738199406562,18.51018108543981,-56.12409801011768,75.93354015508075,258.94031236176966
156.2398075748262,19.513823954217884,-52.20570238408921,84.25001667902261,260.9197505268003
158.67636584424557,20.396766920914914,-48.35996103336983,92.34376138101369,262.22816082030187
160.87695885089394,21.140395269092565,-44.59936195586717,100.20780505175895,262.86334363121483
162.82299273009866,21.728337565468195,-40.93293070468238,107.83789461382108,262.82505943782274
164.49831836519198,22.14718530485254,-37.36591986204587,115.23225011188231,262.11497012155627
165.89009894518742,22.387113694205738,-33.89962768837185,122.39124656714776,260.7365726421142
166.98956154460828,22.442373897066076,-30.53135957137411,129.31703479526513,258.6951290697344
167.79259413963553,22.31163166695447,-27.254540004811474,136.01311781135604,255.99759671214412
168.3001558980159,21.998133374701084,-24.058976153662613,142.48390104969604,252.65256156829867
168.51847687031002,21.50968774113474,-20.931266950128347,148.73423523706583,248.67017763163355
168.45903297222134,20.858459788306703,-17.855344512655307,154.7689703701338,244.06211371048403
168.13829288435426,20.060582207784535,-14.813127910401192,160.59253792419227,238.8415085017101
167.57724462585588,19.135598043465166,-11.785263337419053,166.20857628393156,233.0229337184361
166.80072045814774,18.10575680372095,-8.751920008737144,171.61961160740287,226.6223642053397
165.8365488186372,16.995193368124703,-5.693607871787691,176.82680311647096,219.65715323834522
164.71457058503228,15.829024895844299,-2.591981782229908,181.82975836668845,212.14601064975093
163.46556362922644,14.632405016830816,0.5694027590077582,186.6264206057979,204.10898107828396
162.12012395477777,13.429576641107445,3.8044148737053547,191.21302708048944,195.56741953089596
160.7075534933333,12.24296463423444,7.123783054700212,195.58413426465052,186.5439615552141
159.25480379812151,11.092347396642069,10.534662283088949,199.73270358961682,177.06248563720635
157.78552151819096,9.994142205653745,14.040349672325341,203.65023944040536,167.14806592215464
156.31923592576095,8.960833312456217,17.64015735626561,207.3269699823163,156.82691396289158
154.87072129320802,8.000564612748391,21.32944365213563,210.7520607938315,146.12630887609544
153.44955806990606,7.11691068124631,25.099796068768406,213.91385126252155,135.0745159831353
152.05990714753383,6.3088315636944685,28.93935293505985,216.80010417943478,123.70069467772915
150.70050159935258,5.570808440720853,32.833244663092735,219.39825984959074,112.0347968565755
149.36485068670345,4.893149565933598,36.764131223148,221.6956872177659,100.10745773863309
148.04164213789917,4.2624491206955355,40.71280947177763,223.67992587979595,87.94988126202428
146.71532112693495,3.6621761180025487,44.6588626088286,225.3389143049615,75.5937224736763
145.36681831020303,3.0733664249976727,48.58132420785533,226.6612010388822,63.070969415797805
143.9743948995905,2.4753884498967977,52.45933082887238,227.63613700570244,50.41382697158845
142.514570123144,1.8467520450836332,56.27273996992523,228.2540482166801,37.654604977909464
140.96309550345583,1.1659306136383236,60.00269377260446,228.50638917001075,24.825612660736045
139.2959410299574,0.4121680978541633,63.632113160459085,228.385877960698,11.959061124282702
137.49026030084474,-0.4337547532506818,67.1461116475306,227.88661459303816,-0.9130247527251596
135.52530480137705,-1.3888169551217402,70.53232260493544,227.00418419963393,-13.758884070894348
133.38326137863504,-2.467134835512354,73.78113805096926,225.73574683111428,-26.547086794788168
131.0499913758351,-3.679434487034399,76.88586081414488,224.0801152127902,-39.24658967390911
128.51565452613775,-5.032628852091008,79.84277504361366,222.0378214018341,-51.826781517306856
125.77520533074399,-6.529505181176546,82.65114240675817,219.6111726632408,-64.25751852961535
122.82875405820143,-8.168524990487484,85.3131328753166,216.8042961650387,-76.5091507795292
119.68178854892511,-9.943735511354319,87.83369977614319,213.62317132924125,-88.55254119885406
116.34525659111766,-11.844789032443856,90.22040883635626,210.07564792525605,-100.3590787992208
112.83551170350376,-13.857064499220925,92.48323039111027,206.17144732090986,-111.90068803539785
109.17412771196558,-15.961884227810415,94.63430288484045,201.92214377510854,-123.14983643322618
105.38758957734585,-18.136817551542975,96.68767443772312,197.3411223258045,-134.079542729442
101.5068695835919,-20.356062564949255,98.65902773292882,192.443509750134,-144.6633878287813
97.56689931088287,-22.590896764271605,100.56539196606957,187.24607529141562,-154.87553086501245
93.60594888866117,-24.81018720301398,102.42484423028455,181.7670983882814,-164.6907325457464
89.66492593464238,-26.98095068971446,104.25620161256955,176.02620151126206,-174.08438776045296
85.78660741530568,-29.068954468168485,106.07870453973442,170.04414739901318,-183.03256913381233
82.01481846729858,-31.039347674207328,107.91169159450921,163.84260145266336,-191.5120828105385
78.39357302922183,-32.85731361851982,109.77426614350881,157.44386173012742,-199.50053727145195
74.9661919547752,-34.48873258886723,111.6849556604965,150.8705608003006,-206.9764254131159
71.77441508494694,-35.900844413858295,113.66136553878519,144.1453455646291,-213.91921949390257
68.85752449925224,-37.06289952414723,115.71983037971177,137.29054291481359,-220.3094778825706
66.25149676992227,-37.94678674876792,117.87506711207305,130.32782064640588,-226.1289618695236
63.98820241943237,-38.52762567261382,120.13983571485323,123.27785426593981,-231.36076015196488
62.09467083614729,-38.78431114183524,122.52461464974243,116.16001110566032,-235.98941801655127
60.592438539603265,-38.69999752516003,125.0372992330411,108.99206340298774,-240.0010677540055
59.496997825766165,-38.26251069848439,127.68293197082932,101.7899416528923,-243.38355648307754
58.81736140111282,-37.46467648142194,130.4634742524159,94.56753857578828,-246.1265673635877
58.55575660004268,-36.30455545795145,133.37762867837736,87.3365724765356,-248.22173016186161
58.70746017540617,-34.78557577161123,136.42072065688524,80.10651666195298,-249.66271730619331
59.26078149418613,-32.91655758274414,139.58464673899633,72.88459903019766,-250.4453219353141
60.19719833831679,-30.71162536224776,142.85789551706992,65.67587307950873,-250.56751498666316
61.49164551456806,-28.190006998352196,146.22564485130454,58.483358563561886,-250.0294790695372
63.11295225968078,-25.37572170899876,149.66993681563144,51.30824701788299,-248.83361768714119
65.02442015134628,-22.297161864013468,153.16992918313497,44.150164574047274,-246.9845392682135
67.18452907651395,-18.986576899805208,156.70221963378552,37.00748202809102,-244.48901639565142
69.547754945365,-15.479470421247989,160.24123629632427,29.87766018120864,-241.35592152556046
72.06547943861821,-11.813924205323346,163.75968585963585,22.757617133210026,-237.59614132669057
74.6869692881142,-8.029865033595527,167.22904842235823,15.644103550274227,-233.22247249205432
77.36040053708327,-4.168291991194479,170.6201065873931,8.534071974324114,-228.249502444719
80.03390199234236,-0.27048300850493945,173.9034951222148,1.4250269672972529,-222.6934787512516
82.65659171482045,3.622800056258555,177.05025684024756,-5.684655772865668,-216.57217125268767
85.17958090081619,7.472088602428826,180.0323902288313,-12.795451328756716,-209.90473092205184
87.55692085044632,11.239948271701167,182.82337474478612,-19.906456272159737,-202.71154926707004
89.74647082884361,14.891666560279567,185.39866058304227,-27.01521343994519,-195.01412173673458
91.7106673929938,18.395871689994948,187.73611103964006,-34.11759348131967,-186.83491809115446
93.41717905346741,21.725069598496162,189.81638726463663,-41.20773337208398,-178.19726208868184
94.83943381423991,24.856088460364433,191.62326714610214,-48.278029778006434,-169.1252221757153
95.95701102819028,27.770422919838445,193.1438921921154,-55.31918314400158,-159.64351417123092
96.75589296124267,30.454473090170765,194.36893848928122,-62.32028677057811,-149.77741626024255
97.22857532159624,32.89967624470806,195.2927100228347,-69.26895396662337,-139.55269598520135
97.37403964678259,35.102531890929754,195.91315476260976,-76.1514756593327,-128.99554837800383
97.19759373240923,37.06452348912001,196.2318058778126,-82.95300058704863,-118.13254393469393
96.71058914247175,38.79194237911608,196.25365218379275,-89.65773036505938,-106.99058481135991
95.93002719917209,40.29562145485093,195.98694340261181,-96.24912223978599,-95.59686742097414
94.87806667561182,41.590587739386486,195.44293700900823,-102.71009316132603,-83.97884953784752
93.58144770349114,42.69564424710059,194.635594324691,-109.02321982725815,-72.16422005701438
92.07084717962461,43.63289237491981,193.5812341211305,-115.17093049566006,-60.180869701921445
90.38018125334152,44.42720656113404,192.29815231326427,-121.13568555153269,-48.05686120342782
88.54587036271997,45.105673121843424,190.8062164040976,-126.90014496105726,-35.820397767143675
86.60608183324248,45.697005065483175,189.12644321105452,-132.4473217969887,-23.499788984244226
84.59996433813892,46.23094434818548,187.28056811345908,-137.76072191371497,-11.123413696054168
82.56688762457567,46.73766252060945,185.29061365167706,-142.82447055199634,1.2803203211714322
80.54569990904261,47.24717008470539,183.17846482605393,-147.62342713874676,13.683019652192417
78.57401430472935,47.78874417550248,180.96545792744078,-152.14328980600334,26.056351027099772
76.6875346144964,48.39038344833794,178.6719892119427,-156.37069119040035,38.372088860552594
74.91942984231447,49.07829831718003,176.31714923390626,-160.29328690766158,50.60216363971994
73.29976586201809,49.876443971743896,173.91838818489916,-163.89983775298032,62.71871015257814
71.85500183644764,50.80610290592371,171.49121715374028,-167.1802861962134,74.69411452583921
70.60755818861094,51.885523011002874,169.04894981512382,-170.12582716405532,86.50105909829313
69.57546216005738,53.12961660600193,166.60248865287232,-172.72897247956567,98.11256428631091
68.7720762127411,54.549725069970826,164.16015940387575,-174.9836077146769,109.50202680200628
68.20591369372326,56.15345297520733,161.72759693994755,-176.88503965496852,120.6432538458989
67.88054524112705,57.94457476490883,159.30768525569758,-178.4300321282316,131.51049320648616
67.7945983226714,59.923016044118896,156.90055357247033,-179.61682765265286,142.0784595412721
67.9418510294765,62.08491043515612,154.50362977626207,-180.44515225353769,152.32235746761836
68.31141977763536,64.42273167648058,152.11175146702084,-180.91620090509662,162.21790244108155
68.88803889256417,66.92549921628718,149.71733380324739,-181.03260138902212,171.7413407171468
69.65242818187909,69.57905398611338,147.31059208902343,-180.7983549234403,180.8694699619312
70.58174257787348,72.36639936822775,144.87981569584124,-180.21875268729224,189.57966227611269
71.65009580678921,75.26810064254079,142.41168847735406,-179.30026831435237,197.8498915043684
72.82914789723415,78.26273448062433,139.89164937638492,-178.05042751038033,205.65876670855158
74.08874426610257,81.32737842198816,137.30428550503945,-176.47765709670807,212.98557357236177
75.3975922226484,84.43812880769774,134.6337486745747,-174.59111693397105,219.810325277771
76.72395911979388,87.57063444652636,131.86418524031583,-172.40051925544472,226.1138240501977
78.03637516344742,90.70063243334351,128.9801682835755,-169.9159408650052,231.87773411961453
79.30432316481179,93.80447210427147,125.96712064755862,-167.14763435851998,237.08466630847136
80.49889736658162,96.85961315510015,122.81171723324263,-164.1058449496389,241.71827385550642
81.59341394803982,99.84508450586117,119.50225528236568,-160.8006395758367,245.76335844985033
82.56395694098653,102.74189157417025,116.02898214445055,-157.24175470331676,249.20598481515074
83.38984505795474,105.53336120280032,112.3843712327205,-153.43846863782508,252.03360158463497
84.05400730043604,108.20541552345357,108.56333848536994,-149.39950320383747,254.2351656824384
84.54325809497541,110.74676844947194,104.56339360163139,-145.13295842262366,255.8012670058465
84.84846598487222,113.14904117197267,100.38472253414693,-140.64628236668864,256.7242499162926
84.9646134439352,115.40679586455121,96.03020008801089,-135.9462767761769,256.99832791482095
84.89074901731107,117.51748964685316,91.50533389031867,-131.0391373866901,256.61968791148104
84.6298365656006,119.48135358112529,86.81814333530104,-125.93052633409947,255.58658070043154
84.18850972699298,121.30120394761826,81.97897926521858,-120.62567256518214,253.89939461428807
83.57674266531701,122.9821951489231,77.00029201498779,-115.12949497739551,251.56070983469272
82.8074506089897,124.53152523703733,71.89635694347245,-109.44674210340496,248.57533145389772
81.89603550676429,125.95810617472432,66.68296763604035,-103.5821415937753,244.95030008129868
80.85989326574506,127.27221150132047,61.37710755620069,-97.54055255547432,240.69487953066223
79.71789947017393,128.48511407209014,55.99661104173252,-91.32711397244577,235.82052186906895
78.4898902190464,129.6087260103991,50.55982420387149,-84.94738294113608,230.34081081859821
77.19615381650334,130.65525201285107,45.08527554045241,-78.40745724999485,224.27138514036352
75.85694758346865,131.63686576093065,39.591364981454646,-71.71407785559431,217.6298441698838
74.49205213762261,132.5654175164062,34.09607872713049,-64.87470798335174,210.43563808866082
73.1203732356017,133.45217911856142,28.616735702812854,-57.89758682986318,202.70994579722347
71.75959881684632,134.30763066639446,23.169769831529734,-50.791757089442214,194.4755433944242
70.42591636318686,135.1412912601541,17.770550700952153,-43.56706669780123,185.75666626871944
69.1337932149337,135.96159438379817,12.433243653719398,-36.23414622355386,176.57886768361692
67.89582016899337,136.77580690643654,7.1707089239333115,-28.804364196862977,166.9688765055405
66.72261661575905,137.58998932124388,1.9944382271179535,-21.28976331650268,156.95445640311067
65.6227937130042,138.40899375809448,-3.0854737802428502,-13.702980909983218,146.56426846647008
64.60297068687728,139.23649551518014,-8.060326507126014,-6.057157238223752,135.8277387783832
63.66783830943839,140.0750533502022,-12.92278274598214,1.6341647445332832,124.77493204461985
62.8202629226117,140.92619353245635,-17.66681442962436,9.357144717678585,113.43643197849812
62.06142403669251,141.7905126504317,-22.28762903067529,17.097752238843483,101.84322875726798
61.39097848802681,142.6677943532543,-26.78158070880462,24.841873122180726,90.02661354109425
60.80724434554818,143.55713553204788,-31.146070074621043,32.575412609558505,78.01807977862194
60.30739815416986,144.45707787114864,-35.379436101831004,40.28439345485972,65.84923082778495
59.88767963613595,145.36574117316636,-39.48084331916464,47.955047488512776,53.55169329393767
59.54359858420246,146.28095534521967,-43.450166985623085,55.573899633183096,41.15703543230612
59.27013932181696,147.20038839156427,-47.28787852692068,63.127843681367565,28.69668997147486
59.06195873238648,148.1216681642228,-50.994933113833945,70.60420940969114,16.20188077928323
58.91357443918565,149.0424959606358,-54.57266091295661,77.99082078533985,3.7035529063914403
58.81954022621032,149.96075031752872,-58.022663250193624,85.27604512106534,-8.767694311742611
58.774606217239395,150.87457953400445,-61.34671470354455,92.44883306345511,-21.18167124498972
58.77386167432623,151.7824815729452,-64.54667198368455,99.49874926829867,-33.50865902449356
58.81285854711282,152.6833700543521,-67.62439036354411,106.41599354616977,-45.71946746838612
58.88771411861458,153.57662508882822,-70.58164837008597,113.19141216976305,-57.78548952662951
58.99519127533331,154.46212772964978,-73.42008143819373,119.81649894674341,-69.67875177237971
59.132755108879564,155.3402768757291,-76.14112523034484,126.28338559961293,-81.37196038356834
59.298604762845066,156.211987562742,-78.74596932649698,132.58482097914492,-92.83854202328693
59.49167970209946,157.07866976153082,-81.23552196724185,138.71413869060825,-104.0526790488142
59.71163992802538,157.9421870826423,-83.61038647068159,144.66521284560616,-114.98933855586235
59.958820111327135,158.80479517790428,-85.87084982414657,150.43240187846163,-125.62429490274656
60.23415817496794,159.66906014057037,-88.01688376446901,156.0104806868682,-135.93414555137986
60.53909953264454,160.5377578303932,-90.04815839887752,161.3945617679177,-145.89632030401165
60.87547896061155,161.41375577416682,-91.96406808418837,166.58000651113485,-155.48908429688186
61.24538292721102,162.29988008916956,-93.76376888296598,171.56232835877793,-164.69153542009707
61.65099608753396,163.1987707091743,-95.44622646787704,176.33709012239615,-173.48359715067792
62.09443652181333,164.11272901353766,-97.01027287320278,180.89979831967446,-181.84600809610347
62.57758509880909,165.0435627152538,-98.45467002443095,185.24579792581645,-189.76030982558538
63.10191501831794,165.99243349620707,-99.77817754737853,189.37017137822977,-197.20883479815814
63.66832806851913,166.95971332953098,-100.97962200298721,193.26764598898043,-204.1746963587982
64.2770043673089,167.9448556471058,-102.05796444789662,196.93251406768587,-210.6417828490336
64.92727229499744,168.94628745135037,-103.01236311551337,200.3585700068645,-216.59475785463422
65.61750493636606,169.9613281046645,-103.84222807135555,203.53906830902065,-222.01906847897357
66.34504861952891,170.98613984514725,-104.54726493468115,206.4667060317418,-226.9009632863091
67.10618807566794,172.01571408167172,-105.1275051778835,209.13363239856602,-231.22752120727378
67.89615137913005,173.04389624490855,-105.58332110487213,211.53148739079492,-234.98669225101685
68.70915621628728,174.06345046486084,-105.91542434506854,213.6514700362756,-238.1673503439127
69.53849724935579,175.0661636802609,-106.1248475431438,215.4844358958487,-240.7593580364691
70.37667248016797,176.04298704698056,-106.21290982843406,217.02102198009982,-242.75364221878047
71.2155446816047,176.98421079734635,-106.18116755661852,218.25179607783596,-244.14227939183888
72.04653225776337,177.87966710951554,-106.03135267115819,219.16742631630848,-244.91858849080754
72.86082242088187,178.71895417189216,-105.76530177583443,219.75886577211526,-245.07722877923905
73.6495984248373,179.49167355692805,-105.38487959101727,220.0175461729445,-244.6142999578832
74.40427184451949,180.18767231954962,-104.89190084387458,219.93557422399334,-243.52744138148057
75.1167105860015,180.7972809529358,-104.28805478906713,219.50592389178078,-241.81592716665926
75.77945347450586,181.31153848736147,-103.57483646024929,218.72261809607105,-239.4807540109624
76.38590288622405,181.7223965974631,-102.75348841961454,217.58089369094296,-236.52471872474675
76.93048792747429,182.022895553475,-101.82495622531108,216.07734433207224,-232.95248279360155
77.40879205592944,182.20730615252828,-100.78986011193183,214.21003678450342,-228.7706217198133
77.81764069812087,182.27123331710413,-99.64848452631244,211.9785973647638,-223.9876574119501
78.15514624519332,182.21167875596768,-98.40078623598544,209.3842664647536,-218.61407247212384
78.42070969810274,182.02706184867617,-97.04642079007698,206.42992039894924,-212.6623058374463
78.61498007829458,181.71719963931992,-95.58478622006251,203.12006107937978,-206.1467298341693
78.73977442283854,181.28324841741542,-94.01508207205312,199.46077518761817,-199.08360926790783
78.7979626612046,180.72761074643387,-92.33638120527115,195.45966552375282,-191.49104367510614
78.79332286106671,180.05381291409947,-90.54771130290484,191.12575802637187,-183.38889427843677
78.73037319184525,179.2663585848394,-88.64814273756127,186.4693885469407,-174.7986975057184
78.61418747012692,178.37056491749053,-86.63687931672774,181.50207381642662,-165.74356714242114
78.45020132622133,177.37238757524665,-84.51334849317013,176.23637116485293,-156.24808728864477
78.2440158920497,176.27824092389957,-82.2772878397868,170.68573146437865,-146.33819828930646
78.00120549994728,175.0948193281434,-79.92882492843911,164.8643494930111,-136.04107771229496
77.7271352541459,173.82892486447355,-77.46854818249156,158.78701549562476,-125.38501827673717
77.42679355311213,172.48730603060636,-74.8975667567198,152.46897119529118,-114.39930440335245
77.10464376428666,171.07651120414312,-72.21755799943053,145.92577292307206,-103.11408878782886
76.76449834311099,169.6027597444252,-69.43080153791733,139.17316393121914,-91.56027010799892
76.40941779843496,168.07183279202437,-66.54019947300341,132.226957370964,-79.76937268547114
76.0416360792538,166.48898504186315,-63.54928255125662,125.10293088200476,-67.77342864705447
75.66251322435502,164.85887808055583,-60.462202493045496,117.81673328223417,-55.604862888711736
75.2725154947992,163.18553530580056,-57.28371088608945,110.38380347704258,-43.29638094266937
74.87122270474516,161.47231799444234,-54.01912521089782,102.8193014362859,-30.880859696859996
74.45736207266313,159.7219217540366,-50.674282655900384,95.13805091325725,-18.391240819430386
74.02886761624951,157.93639236874196,-47.25548242006391,87.3544934953802,-5.860426699608661
73.58296388644465,156.11715991523806,-43.76941720818638,79.48265356810961,6.678821271598593
73.11627265032735,154.26508995388338,-40.22309461787842,71.53611382376671,19.193982194163567
72.62494095785223,152.3805505662133,-36.623749118578246,63.52800103271691,31.652872935835692
72.10478883346792,150.46349398421972,-32.978745350935114,55.470981894457005,44.02374306478731
71.55147459322961,148.51355151154934,-29.295473546052285,47.37726887486451,56.27536715029217
70.96067547978419,146.53014034787046,-25.58123799258751,39.25863599187182,68.37713397321167
70.32828091829799,144.51258077618098,-21.84313967312437,31.126444515211535,80.299132017817
69.65059522153656,142.46022194560945,-18.087954453456994,22.99167847886511,92.01223046391199
68.9245460188987,140.37257417532825,-14.322008536191795,14.864989758726153,103.48815477066954
68.14789406966302,138.24944532193905,-10.551053273372752,6.756752235493824,114.6995558578241
67.31943947377447,136.09107830663984,-6.780141856436444,-1.322875752493637,125.62007185500283
66.43921865350688,133.8982864123489,-3.0135108418139964,-9.363881850002032,136.22438141362707
65.50868589347216,131.67258246526097,0.7455301007467554,-17.356324647817374,146.48824766866852
64.53087274946674,129.41629754959015,4.494696446419866,-25.290255270791555,156.3885520978644
63.510518325843336,127.13268451227017,8.232811008185116,-33.15563816813479,165.90331775759563
62.45416333398491,124.82600124419676,11.95986581115325,-40.9422741185973,175.0117216711564
61.37020103480081,122.50156862463886,15.677059372726415,-48.63972881985176,183.69409649629372
60.26887867987365,120.16579812986706,19.386805282487447,-56.2372706701723,191.93192199459864
59.16224393139341,117.82618447482939,23.092708365206718,-63.72382143111291,199.70780724337982
58.06403197425519,115.49125930419606,26.799505338215894,-71.08792335269794,207.00546495317644
56.989490628456785,113.17050288926288,30.5129677453316,-78.31772602372783,213.80967965540222
55.95514269743468,110.87421201559309,34.23976605600085,-85.40099566891791,220.10627187844347
54.97848699365704,108.61332373742258,37.98729513400689,-92.32514885788889,225.88206071433703
54.07764189022649,106.39919638470894,41.763462763546535,-99.07731163722815,231.12482736527255
53.27093775691322,104.24335107115351,45.57644451384835,-105.64440398569351,235.82328233288766
52.57646713476623,102.15717888375522,49.434409853427574,-112.01324827592802,239.96703885832773
52.01160385812283,100.15162083971805,53.34522600988873,-118.17069916973176,243.54659502981312
51.59250441370034,98.2368294680522,57.31614752041466,-124.10379115443412,246.5533266497042
51.33360650681998,96.42182240417029,61.35350064251554,-129.79989882220713,248.97949250209993
51.247140969353424,94.71413957260245,65.46237271029176,-135.24690408143252,250.81825310471004
51.34267369945135,93.11951628606539,69.64631705518352,-140.43336383752774,252.0637033899324
51.626694205475644,91.6415848388375,73.90708420886497,-145.34867134525084,252.710919071871
52.10226650543024,90.2816168739014,78.2443897369105,-149.98320445296318,252.7560157557309
52.76875661777995,89.03831794386127,82.65572821017523,-154.3284543435794,252.19621917133233
53.62164871739072,87.90768428344754,87.1362415292759,-158.37712911757916,251.02994430223487
54.65245930680238,86.88292991825857,91.6786481249934,-162.12322762373435,249.25688067042586
55.84875558646772,85.95448993179471,96.2732375395841,-165.56208026473382,246.87808065323526
57.194280741710074,85.11010310672523,100.90793264496342,-168.6903550113632,243.89604747508844
58.66918525973725,84.33497437185656,105.56841938263756,-171.50602845887641,240.3148194444975
60.25035981440681,83.61201465749052,110.23834153349216,-174.00832335731226,236.1400470981762
61.911861872892906,82.9221530247023,114.89955575719966,-176.19761554724437,231.379060161379
63.625425135933355,82.24471341633102,119.53244008860554,-178.0753145461075,226.0409216202193
65.36103834858233,81.55784619113376,124.11624733305693,-179.64372308462208,220.13646670136137
67.08757800701665,80.83900283741536,128.62949343489402,-180.90588163284306,213.6783251379801
68.77347810109104,80.06544098072128,133.05036995051074,-181.86540434994293,206.68092573230055
70.38741929716214,79.21474603487593,137.35716925905,-182.52631293269906,199.1604828689572
71.89901987014696,78.2653555992764,141.52871108533486,-182.89287454080392,191.13496525641992
73.27951119550461,77.1970729529814,145.54475926153705,-182.96944937952387,182.62404774250956
74.50238163925957,75.99155668801517,149.3864183676649,-182.76035267630633,173.6490475404616
75.54397414643046,74.63277459238792,153.0365009012769,-182.2697347648049,164.2328465937642
76.38402462095975,73.10741125626157,156.479856860981,-181.50148186175355,154.3998020869931
77.00613020281067,71.40522044511036,159.70365900762778,-180.45913896523538,144.17564727396535
77.39813867407905,69.51931497469019,162.69763851626257,-179.14585518944892,133.58738484137734
77.55245236600065,67.44638855244887,165.45426718122155,-177.56435084562852,122.66317496665744
77.46624200935449,65.18686574863395,167.9688837268924,-175.7169047341024,111.43222007499043
77.1415679061569,62.7449778709497,170.23976306251615,-173.6053594670617,99.92464806758349
76.585407554993,60.12876399922237,172.26812846922087,-171.2311422193004,88.17139550477698
75.80959041315546,57.34999776803312,174.05810770585703,-168.59529811211272,76.2040918996434
74.83064182124934,54.42404165826177,175.61663486518393,-165.69853346697565,64.054945935237
73.66953926558085,51.369631580958,176.9533005140882,-162.54126639995118,51.75663408051347
72.35138513924693,48.2085954272403,178.0801532317275,-159.12368263247717,39.3421917628362
70.90500102359425,44.9655100435116,179.01145614461493,-155.44579492926914,26.844906979554292
69.36244929348723,41.66730180333096,179.76340247874762,-151.50750519113217,14.298216005410506
67.75848859734113,38.34279661703796,180.35379453642878,-147.30866887920365,1.7356006912021962
66.12997051859539,35.02222587627417,180.8016908868633,-142.8491620753311,-10.80951324235912
64.5151855216956,31.736695493237505,181.1270269565395,-138.12895203953389,-23.303857531410657
62.95316714334922,28.517625875902397,181.35021463071593,-133.14817256412752,-35.71442287530179
61.482964314957215,25.396171380341215,181.49172693456418,-127.90720570296655,-48.00856105678734
60.142892682674834,22.402628487138017,181.57167434418827,-122.40677154160815,-60.15408791952346
58.9697767998571,19.565842636654224,181.60937976607676,-116.64802754741076,-72.11938720098871
57.99819605726361,16.91262429111987,181.6229596911075,-110.63267868596088,-83.87351493349387
57.25974812995056,14.467185325867469,181.62891944034516,-104.36309891576597,-95.38630381146662
56.78234448633971,12.250607236330005,181.64177073367406,-97.8424638918537,-106.62846660311075
56.58955304648666,10.28035282780069,181.67367998455586,-91.07489375321698,-117.57169737419372
56.70000331482285,8.569832979615427,181.73415571155212,-84.06560378477688,-128.18876901370518
57.126869172383515,7.128039697024263,181.82978321993508,-76.8210595898336,-138.45362532789912
57.87744392910431,5.9592559453602405,181.96401421173343,-69.3491322565212,-148.34146581668176
58.95282115915926,5.062851678078694,182.1370182077452,-61.65924792867882,-157.82882118704669
60.34769324092655,4.433174014012913,182.34560159985875,-53.76252528259747,-166.8936177023442
62.0502773936043,4.0595377002175965,182.58319880137296,-45.67189374907398,-175.51522862443082
64.04237636702167,3.9263198439888924,182.83993834723105,-37.402184980164265,-183.67451128248302
66.2995778497107,4.013160459350416,183.10278495110376,-28.970190108273083,-191.35382869024988
68.79159319348385,4.295267717050706,183.35575650482224,-20.39467582487608,-198.53705512552648
71.48273231448373,4.743823994953274,183.58021287288582,-11.696353240485234,-205.2095656593424
74.33250774960496,5.326485994183656,183.75521116899984,-2.897794869815897,-211.35821025317287
77.29635696845811,6.007969420164031,183.85792008912375,5.976703122366528,-216.97127369912627
80.32646831838261,6.75070613489541,183.8640839067122,14.901314144621928,-222.0384233215464
83.37269257309589,7.51555937636131,183.74852500309407,23.84892822435982,-226.55064695314127
86.38351911416862,8.262580712445072,183.48567239468616,32.79144873020341,-230.50018420359734
89.30709343698138,8.951790939951081,183.05010270683394,41.70013214746044,-233.88045441927756
92.09225105413887,9.543966225629063,182.41707949362552,50.545961975762324,-236.68598495954157
94.68954205285044,10.001410464408039,181.5630767564567,59.30004582762422,-238.91234346518465
97.05222060013817,10.288695125852584,180.46627299250056,67.93402327195179,-240.55607765765401
99.13717458879118,10.373348768200046,179.10700310007059,76.42047099793689,-241.6146658822972
100.9057723480098,10.226479888923294,177.46815694877472,84.73329155233816,-242.086481107396
102.32460583479904,9.823318791277032,175.5355153272214,92.84807226792859,-241.9707704363305
103.36611286666815,9.143666591852607,173.29801622375447,100.74240204558207,-241.26765141593503
104.00906461698561,8.172242269536355,170.7479468703709,108.39613532990046,-239.9781255721063
104.23890860909013,6.898921638956892,167.8810595630282,115.79159483429986,-238.1041087205089
104.04796164178646,5.318865193074501,164.69661183365753,122.91370719824916,-235.64847673525904
103.43545128126507,3.432534770228955,161.19733395945195,129.7500686427001,-232.61512465926393
102.40740859451076,1.2456018386734087,157.38932893094713,136.29094065831768,-229.00903635014592
100.97641852927582,-1.2312472485818375,153.28191175944144,142.52917864231767,-224.83636131105467
99.16123764164361,-3.9826014794943063,148.8873963038508,148.46009903145676,-220.10449498246012
96.98629164622928,-6.988701563080184,144.2208385904424,154.08129271792265,-214.8221585847848
94.48106746322077,-10.225891807964544,139.2997458698016,159.39239427297684,-208.99947460500164
91.67941604584087,-13.667135958072578,134.1437604245608,164.3948176661756,-202.64803420629676
88.61878331353817,-17.282584970634773,128.77432646604547,169.09146972453175,-195.78095318946004
85.3393870405769,-21.040184605516785,123.21434742083349,173.48645253619625,-188.41291362155775
81.88335763387761,-24.906310860182614,117.4878396219959,177.5847654131009,-180.5601888397083
78.29386046778409,-28.846421647165513,111.6195870084077,181.39201596720207,-172.24065019788767
74.61421692357176,-32.825713582279974,105.63480003137826,184.91414842775467,-163.47375461772893
70.8870406014398,-36.80977324875234,99.5587807019403,188.15719565084888,-154.2805126935283
67.15340441107367,-40.765212756874234,93.4165946975655,191.12705947135007,-144.683437756173
63.45205346532584,-44.660279779429345,87.23275078164401,193.82932224045055,-134.70647689509266
59.818677933623434,-48.46543248617933,81.03088753634066,196.2690906889801,-124.37492544958364
56.28525926411133,-52.153869927874034,74.83346760092891,198.45087174778536,-113.71532690017905
52.87950243431617,-55.70200846136232,68.66148023928159,200.37847871146835,-102.75536040812997
49.62436608886452,-59.08989481997797,62.53415408443436,202.05496519624427,-91.52371846607157
46.5377014999076,-62.30154649457598,56.46868324789347,203.48258373720483,-80.04997724012485
43.632010154026624,-65.32521029637243,50.47997152155528,204.6627655938709,-68.36446220766558
40.91432833625408,-68.15353042599371,44.58040100190982,205.59611836323387,-56.49811163824096
38.38624525875392,-70.78361817651782,38.779632974587045,206.28243829836288,-44.482340335547
36.044058992447894,-73.21701664584353,33.084450143610816,206.7207347471154,-32.34890586738102
33.87907165544128,-75.45955559726623,27.49865011462646,206.90926479981408,-20.12977926887082
31.87802197588123,-77.5210939312614,22.0230002940365,206.84557700313798,-7.857021918071776
30.02364950659401,-79.41515012153931,16.655263923738623,206.52656379430894,4.437330036721567
28.295380501724495,-81.15842438513309,11.390305750337419,205.94852307168404,16.72137266778367
26.670120899803603,-82.77022021262833,6.220283786521035,205.1072299854577,28.963432017647246
25.12313717529893,-84.27177704164488,1.1349307809333684,203.99802055215687,41.1321523329506
23.62900124903171,-85.6855301294294,-3.8780745533773313,202.61588902320943,53.196574900194285
22.16257145269138,-87.03431784188228,-8.832650653341158,200.95560103435207,65.12620798769682
20.699978013749227,-88.34056036900483,-13.743779200241505,199.01182440300096,76.8910887686713
19.21957895843685,-89.62543702829372,-18.626907503302704,196.77927901000922,88.4618384385882
17.702851001884234,-90.90809155678637,-23.497304996246704,194.2529064997112,99.80971202730922
16.13518014493604,-92.20489587237226,-28.36939571640677,191.42805957076638,110.90664462655924
14.506518503205182,-93.52880250265244,-33.25609189838609,188.30070943972046,121.72529588368533
12.811877446920814,-94.88881409796201,-38.16815599921334,184.8676686859828,132.2390946386386
11.051632417590541,-96.28959511152283,-43.11361933688054,181.1268251941944,142.42228548784522
9.231621682844011,-97.73124588831432,-48.097284891103506,177.07738137877237,152.24997883734193
7.363029547341552,-99.20925320515187,-53.12033960134882,172.7200913995992,161.6982056604904
5.462053796426401,-100.7146240006877,-58.180097722247126,168.05748776353096,170.74397770897372
3.549366952859179,-102.23420097366915,-63.269891590493074,163.09408766479282,179.36535336159884
1.6493907461150688,-103.75115033437737,-68.37911976292193,157.83656875773397,187.54150866255355
-0.2105875397129573,-105.24560374074642,-73.49345523769651,152.29390387943735,195.25281243769643
-2.0014200276428262,-106.69542882796898,-78.59520878523162,146.4774446281534,202.48090373250398
-3.693181206684276,-108.07709621927063,-83.66383475360048,140.4009447120847,209.20876923633256
-5.256281161725266,-109.36660590312073,-88.67655954927359,134.08051563024222,215.42081789711622
-6.662559342094379,-110.54043270610335,-93.60910678198826,127.53450950939917,221.10294963332836
-7.886309711542417,-111.57644949447527,-98.43648819531272,120.78332672957049,226.24261495334756
-8.905191288170878,-112.45478778162614,-103.13382628704865,113.8491492092864,230.82886241995547
-9.7009836805315,-113.15859854352448,-107.67717314912349,106.75560373211046,234.85237125701028
-10.260154941539984,-113.67468105658915,-112.04429058843766,99.52736328506846,238.30546697518713
-10.574218444687176,-113.99395415882799,-116.21535896565847,92.18969783035107,241.1821186643902
-10.639865987931955,-114.1117520900956,-120.17358622095799,84.76798901968554,243.4779175147967
-10.458875339719523,-114.02793552428493,-123.90569395479595,77.2872258700097,245.19003712518196
-10.037801331704015,-113.74681707296389,-127.4022638316629,69.7715001588946,246.31717716556258
-9.38746977588174,-113.27690893669407,-130.65793455996055,62.2435211222962,246.85949290660844
-8.522302404401175,-112.630508068946,-133.67144684539434,54.72416885368648,246.81851393911217
-7.459508260777337,-111.82314083135414,-136.44554060711212,47.2321045881792,246.197056020003
-6.218182190128491,-110.87289437856344,-138.98671501986797,39.78345385337603,244.99913034847845
-4.818354088316628,-109.79966573315751,-141.30486730268294,32.39157539389039,243.22985466725882
-3.280033310592316,-108.62436161211723,-143.41283039389532,25.066925005627404,240.89537039110803
-1.6222911612949247,-107.3680825503359,-145.32583260094177,17.8170191721819,238.00276950151613
0.13757915358382533,-106.0513238170895,-147.0609039403408,10.646498936026143,234.56003424693674
1.9847910849020813,-104.69322318157793,-148.63625421678083,3.557290030015929,230.57599180399112
3.907654645187364,-103.31088194047204,-150.070647023439,-3.451148800059939,226.06028505152568
5.898008501095596,-101.9187809895368,-151.38279192217436,-10.381500899217393,221.02335955799145
7.951483856366426,-100.52830833135053,-152.59077426302727,-17.23820466358005,215.47646585696998
10.067598834818476,-99.14740849696338,-153.7115386287024,-24.027020731293625,209.43167515435601
12.249691106596174,-97.78035815582912,-154.76043795183077,-30.754570782769193,202.90190583283578
14.504705043260788,-96.42766592889285,-155.7508561598472,-37.42786539082067,195.90095754051947
16.842857322054112,-95.08608833998161,-156.69390795344023,-44.05383753660956,188.44354929960954
19.277211225938537,-93.74874817859653,-157.59821520603333,-50.638896809013374,180.54535795981278
21.82319452120323,-92.40533654904476,-158.46975565269548,-57.18851708652157,172.22305344409696
24.498098391048305,-91.04237579998332,-159.31177616951763,-63.70686784489935,163.49432757036834
27.3205951682889,-89.64351762206346,-160.12476016398966,-70.19649633829043,154.3779137481445
30.310310321029995,-88.18984912519731,-160.90643652136308,-76.65806496115637,144.89359550064125
33.487479187539336,-86.66017989719671,-161.65181628302884,-83.09014529761691,135.06220250119586
36.87271134510613,-85.03128510310256,-162.3532428537875,-89.48906786125,124.90559358713399
40.48687541088096,-83.27808374760113,-163.0004421083643,-95.84882444894737,114.44662697412674
44.351104880769334,-81.37373733661784,-163.58056033081704,-102.16101846776789,103.70911859416253
48.48691188695894,-79.28966226416304,-164.07818047974965,-108.41485759372101,92.71779008074448
52.91638128685319,-76.99545908684902,-164.4753107935823,-114.59718270043231,81.4982083947739
57.66240327197233,-74.45877302846158,-164.75134415154918,-120.69252713042164,70.07671940116569
62.74888985917471,-71.64511198738705,-164.88299174806082,-126.6832010185229,58.48037785653547
68.2009104651467,-68.5176602161425,-164.84420031421172,-132.54939643655035,46.73687624867452
74.04467555398114,-65.03713675551788,-164.60606805425087,-138.26931050857104,34.87447474380618
80.3072963028009,-61.16175655317404,-164.13678030552234,-143.81928523229334,22.921934161292523
87.01625335840457,-56.84735783763466,-163.4015912597104,-149.17396440744088,10.908453427966021
94.19851973438122,-52.04776063864735,-162.36288242722267,-154.30646968612632,-1.1363876073631651
101.87930194002485,-46.71541736146076,-160.9803313756663,-159.1885991937611,-13.182679761989707
110.0803891736046,-40.802406316629856,-159.21122511873148,-163.79105329620845,-25.200230951321732
118.81813184665366,-34.2618027320323,-157.01095089934893,-168.08369279670856,-37.15860858038535
128.10110613758937,-27.04943918335935,-154.3336926171562,-172.0358350357432,-49.02717963952118
137.92755836590354,-19.126039305107888,-151.13335355190287,-175.61659296217056,-60.77515079258474
148.28275886193083,-10.459676440488877,-147.36471528153143,-178.79526119596278,-72.37161116528614
159.13642645046264,-1.0284745305300103,-142.98482898340836,-181.54175139608898,-83.78558080425648
170.44040834099104,9.176565463502717,-137.954619112249,-183.82707690450187,-94.98606785419929
182.1268129945142,20.148761067652654,-132.24066153841483,-185.62388372588111,-105.94213737644573
194.10679281822257,31.863137632337406,-125.81707966249998,-186.9070215338014,-116.62299439755384
206.27015759417037,44.27419854677793,-118.66748409462917,-187.65414472533178,-126.99808323776458
218.485967782037,57.314266667133786,-110.78686567569856,-187.84632977709907,-137.0372044456431
230.60421000542263,70.89257686763405,-102.18333946246362,-187.46869152135756,-146.71064978670677
242.45859732311578,84.8952746123101,-92.87963027726826,-186.51097772001134,-155.98935474758534
253.8704678602656,99.18643617044347,-82.91418980911669,-184.96811873632805,-164.8450669752008
264.6536817628903,113.61017419381184,-72.34184195581028,-182.84070744845343,-173.25052803513725
274.620343790107,127.99383074738998,-61.233867542644184,-180.1353840471832,-181.17966490989116
283.58711307050163,142.15219257764758,-49.67746156842281,-176.86510119445916,-188.60778682709423
291.38180832988047,155.89259529217577,-37.77452489077164,-173.04924730035083,-195.5117823693851
297.84998119629773,169.0207195162364,-25.639786303297328,-168.71360943083585,-201.8703114153049
302.8611156847569,181.34682825041335,-13.398288225524908,-163.89016251310602,-207.6639863268599
306.3141206548415,192.69215528403814,-1.1823072356051085,-158.61667788365423,-212.87553694885693
308.14181397774064,202.895133297208,10.872183316423516,-152.9361515511888,-217.48995441204798
308.31415040982927,211.81714946706276,22.629370131088734,-146.89606045609892,-221.49460941569595
306.8400159600189,219.34753655481214,33.95761377271006,-140.54746306940348,-224.87934156463848
303.7674945558842,225.40754739802057,44.73344240787185,-133.94396841244284,-227.63651739928503
299.1826017435391,229.95311759682244,54.845344491868694,-127.14060451356929,-229.76105592245293
293.2065682571153,232.97629067619667,64.19718676810223,-120.19262299699062,-231.25042162727263
285.99183703669075,234.505256836768,72.71110219274122,-113.15428053034026,-232.10458620063687
277.71700493370594,234.6030347730674,80.3297203201543,-106.07763994790176,-232.32596115501218
268.58099048767093,233.36490017863196,87.0176482913227,-99.01143383865656,-231.91930457619412
258.79673899967787,230.91472926885166,92.76215127029867,-92.0000312034895,-230.8916059251989
248.58478467458715,227.40047673219962,97.57302403640772,-85.08254354578224,-229.25195337147642
238.1669776380459,222.9890420910827,101.48168743860376,-78.29210069916603,-227.0113884483864
227.76065351866976,217.86079513338095,104.53958170434916,-71.6553191716764,-224.18275290926826
217.5734786150923,212.20402999137463,106.81596073987447,-65.19197724130376,-220.7805325339098
207.79914885621906,206.209600101989,108.3952157290017,-58.91490197914922,-216.8207023099243
198.61406056921956,200.06595530695913,109.37387142319902,-52.83006432886757,-212.32057691834146
190.17501015043118,193.95476115470905,109.85740416462231,-46.93686984219607,-207.29866981774003
182.61792225863456,188.04723286885675,109.95702727201056,-41.22862511871881,-201.774563480318
176.0575554929382,182.50126630543912,109.78657795587078,-35.693153797339185,-195.76879252038577
170.58809308098017,177.45939909400744,109.45962190590926,-30.313531369915417,-189.30274060379094
166.28449523702398,173.04759005044224,109.0868689165828,-25.06890529021303,-182.39855116909297
163.2044698828106,169.37476613351527,108.77396731959529,-19.935365869217208,-175.07905115656877
161.39090878520273,166.53305515250764,108.61971846728106,-14.886834205839826,-167.3676861583594
160.8746355548018,164.59859976594998,108.71472676599782,-9.895935722944323,-159.28846469757312
161.6773185581569,163.63283395489722,109.14047720552372,-4.934831507861155,-150.8659087381165
163.8144135218964,163.6840964161966,109.96881202624743,0.024015716196707615,-142.12500704295348
167.29801526861974,164.78945506800073,111.26176178540834,5.007158877746974,-133.0911676524459
172.13951354593328,166.9766216928257,113.07167393698134,10.03957939782876,-123.79016556376192
178.35196247463008,170.26584417055585,115.44157411975864,15.14420229954062,-114.2480816701569
185.95208530216445,174.67167434194135,118.40569139078903,20.341515032253866,-104.49122917494213
194.96184491144953,180.2045210467339,121.99007820945815,25.64928673780129,-94.54606403988737
205.4095154148955,186.87190933500824,126.21325853349742,31.082380702914705,-84.43907656513383
217.33019120551023,194.67937763408796,131.0868423684093,36.652649616003266,-74.19666193072597
230.76566763377232,203.63095451957366,136.6160519864541,42.36890103710532,-63.84496845953973
245.76362316620526,213.72916581561807,142.8001133463174,48.23691920300692,-53.40972347788312
262.3760281154794,224.97453151327667,149.6324756482867,54.25952887848888,-42.916037946623064
280.6567019547173,237.36452122593658,157.10083221087189,60.43668734722675,-32.38819248898244
300.65794238909416,250.89194760182062,165.18692681060546,66.76559169854679,-21.84940902297038
322.426157603236,265.54279042303733,173.86614122144334,73.2407901776552,-11.321613877031794
345.9964514074508,281.2934611924168,183.10687189762297,79.85428838971696,-0.8251999663100236
371.3861422259367,298.1075398680391,192.86971653176977,86.59564344148247,9.621202733289692
398.58724344610687,315.93204279912993,203.10650450636325,93.45204153937598,20.000937649101267
427.55799620669626,334.6933141362803,213.75921885591288,100.40835702181906,30.299500960681875
458.21362663263176,354.2926717016205,224.75887094258132,107.44719318502212,40.50467684878053
490.41659652147064,374.6019813992529,236.02440211927444,114.54890748560932,50.60661521971563
523.9667261118078,395.4593796986784,247.46169851723974,121.69162570413064,60.5978386613705
558.5916839420793,416.6654085508966,258.9628148754701,128.85125138597056,70.47316631815067
593.9384534482836,437.9798673626249,270.4055099927759,136.00147830542494,80.22954415819613
629.5664878740223,459.11971761719514,281.6531988013333,143.11381479914823,89.86577381655495
664.9433412591649,479.75839211345584,292.5554230949263,150.15762956775293,99.38213585926454
699.443599497,499.5268571764269,302.9489335550658,157.1002289246339,108.7799078782545
732.3519175164877,518.0167475744083,312.6594591022522,163.90697545525336,118.06078318165501
762.8708839835955,534.7858362948331,321.5042153259685,170.54145760412092,127.22620178544472
790.1342744337994,549.3660125676489,329.2951718979293,176.96571879099398,136.27661165228238
813.2260137538779,561.2738217758266,335.84306015996776,183.1405532321333,145.21068430170217
831.2048528527724,570.0234733060023,340.9620579124223,189.02587366579775,154.02451460214837
843.1343840700326,575.1420534298384,344.4750409519862,194.58115363059164,162.71083929182876
848.1175961991701,576.1864997548766,346.2192429278259,199.76594381960007,171.25831209770942
845.3347323322793,572.7617144168295,346.052119951406,204.540458370707,179.6508748048136
834.0827984013077,564.5390299958019,343.85717778288654,208.86622284432613,187.86726293408856
813.8147178371564,551.2741111604478,339.54949103692286,212.70677123076604,195.8806815967115
784.1758791591614,532.8232918579629,333.08062911683777,216.0283748347853,203.65868155563328
745.0357154442431,509.1573258957342,324.442705250319,218.8007815761428,211.16325767325566
696.512015641211,480.37157755599947,313.6712848129147,220.9979404433275,218.35118208578126
638.9859126185964,446.69180261458945,300.84692754421815,222.59868289180702,225.17457313998503
573.10592028101,408.47486649760816,286.0951942676413,223.58733123309528,231.58168902870767
499.7799825141411,366.2040060443733,269.5850197575422,223.9542038263956,237.51792295729595
420.1552127223319,320.4785485131629,251.5254354552042,223.69598839377602,242.92696539941718
335.58579150515544,271.9983345010893,232.1607136226849,222.81595815731546,247.75208937046617
247.5902879109138,221.5434249322457,211.76409223562996,221.3240107279002,251.93750738096765
157.8004083869245,169.94997930453906,190.63032115369364,219.23651659114856,255.429744383649
67.90379111055657,118.08344722352646,169.06733881425043,216.57597231011383,258.17896993743403
-20.416104405170294,66.81039598098927,147.38743963666457,213.37046272881034,260.14023506684816
-105.53975196657538,16.970387790263118,125.8983215749506,209.65294593796148,261.2745647245819
-185.9677279329331,-30.650686651898297,104.89440857230812,205.46038391196436,261.54986495394604
-260.3703343101634,-75.34451553440707,84.64882372513804,200.83274989500003,260.9416141752357
-327.6281965332016,-116.50040300798011,65.40634734784942,195.81195020488926,259.43331972110593
-386.86200577364053,-153.62058687008152,47.377633213784904,190.44070264534574,257.0167329798442
-437.45033266589655,-186.33029780345993,30.734880833422054,184.7614158352065,253.6918284327081
-479.0352373775543,-214.38235307995592,15.60907748590472,178.8151133273766,249.46656272522654
-511.51617246571766,-237.65640489746977,2.0888370439776054,172.64044345290966,244.35643905836514
-535.0333589832237,-256.1532614031702,-9.779220511123214,166.27281063231976,238.38390916682897
-549.9423641163536,-269.9849465181775,-19.988679184625767,159.74365685959174,231.57764971018383
-556.7819877450502,-279.3613482886342,-28.570317868097874,153.07991372673922,223.97175198499394
-556.2377612930067,-284.57441675018373,-35.58811784161753,146.30363633272611,215.60486360300644
-549.1033783804774,-285.9809101293674,-41.134549476442515,139.43182134601966,206.51931845934433
-536.2422319373147,-283.98465776110675,-45.32540970425478,132.4764029644137,196.76028733471406
-518.5509572806308,-279.01921956036915,-48.294474245869424,125.44441305363223,186.37497629963485
-496.9265133195837,-271.53168892163103,-50.188206835328344,118.33828574518716,175.41189420319589
-472.23791536469025,-261.9682239955506,-51.160734838795946,111.15628248657652,163.92020439170875
-445.3033022874479,-250.7617170178666,-51.36926025182768,103.89301106830135,151.94916982258832
-416.87261225903455,-238.32183707775573,-50.97003062338939,96.54001146436926,139.54769524365977
-387.61578181225104,-225.02752040252662,-50.11494932854414,89.08638225139137,126.76396533446285
-358.11609067509045,-211.22184288592047,-48.94886166282387,81.5194236563304,113.64517380501451
-328.86805905357863,-197.20909790015887,-47.60751471682133,73.82527659505466,100.23733547574908
-300.2791661192733,-183.25382093946598,-46.216156488451105,65.98954104155537,86.58517131218856
-272.6745931084042,-169.58145107899284,-44.888714098164385,57.99786134663868,72.73205518988571
-246.30419159001428,-156.38029510504157,-43.72747256495694,49.836470362237954,58.720010709104045
-221.35092414513235,-143.80445943102606,-42.823164136207296,41.49268812818021,44.5897465385693
-197.94010680319494,-131.9774326069969,-42.25537300362517,32.95537420308126,30.380719399290268
-176.14888635138374,-120.9960321281951,-42.09316048829713,24.215335299777557,16.1312147728002
-156.01549876721376,-110.93446832922412,-42.39582041279837,15.265691617815989,1.878436610201871
-137.54796739202897,-101.84832097584152,-43.21368235317283,6.102206115202939,-12.341401376538759
-120.73200345169586,-93.77826711816408,-44.58889080297166,-3.276419041730314,-26.49298891928439
-105.53796205703875,-86.75343914787359,-46.55610013654616,-12.868275388896038,-40.541841665157165
-91.9267811374068,-80.79432804328673,-49.14303794751244,-22.66800840002726,-54.45423644945439
-79.85488810538767,-75.91517757764471,-52.370902346834896,-32.66660492678237,-68.1971617692944
-69.27810018691804,-72.12584062186136,-56.25457178149952,-42.851209945221086,-81.73828483941263
-60.15457114802651,-69.43308897996343,-60.80261865781323,-53.20497703933878,-95.0459357127091
-52.4468521493575,-67.84138423897265,-66.01713039165234,-63.70695928586312,-108.08910817506742
-46.123140531395265,-67.35312992090975,-71.8933533785362,-74.33204914104537,-120.83747646994988
-41.15779038168982,-67.96843590484654,-78.41918669287759,-85.05097738106481,-133.26142637223745
-37.53115548461666,-69.68443570795102,-85.57456296245607,-95.83038194844207,-145.33209871216812
-35.2288311012406,-72.49420668605094,-93.3307636170772,-106.63295756882837,-157.02144314278613
-34.2403579352761,-76.38535319945251,-101.64972427880497,-117.4176961319856,-168.30227975252959
-34.55745108216299,-81.33832363729957,-110.48339304105565,-128.1402260276323,-179.1483660428209
-36.171819675307766,-87.32454389472218,-119.77320927631163,-138.7532558968557,-189.53446681807975
-39.072649735205914,-94.30446206672914,-129.44977285866395,-149.2071246707552,-199.4364246691876
-43.24383324811934,-102.22561100697027,-139.43277271020747,-159.45045544445816,-208.8312289589117
-48.66104007898506,-111.02080591918927,-149.63123885253043,-169.43090586735843,-217.69708153150953
-55.28874479163444,-120.60660196698703,-159.94417326018112,-179.09600256030592,-226.01345774779057
-63.0773362115378,-130.88214051777848,-170.26160156588944,-188.3940418845676,-233.76116187146425
-71.96045168698083,-141.7285105827342,-180.46607013078486,-197.27503450455893,-240.92237627864432
-81.85268833533276,-153.00874292448978,-190.43459157371169,-205.69166693214692,-247.48070439933485
-92.64784791206719,-164.56853715861394,-200.04101733880103,-213.60024993525826,-253.42120770331084
-104.21786826874991,-176.23779645046352,-209.1587894363755,-220.9616216200903,-258.7304373832867
-116.41258100201725,-187.83301024454704,-217.66399663304537,-227.74197238189998,-263.3964616440484
-129.06041076226953,-199.16048377359516,-225.438634880222,-233.91355991474396,-267.40888965987887
-141.970096509149,-210.02036562255594,-232.3739495933474,-239.45528512986675,-270.75889330313083
-154.93346945266256,-220.21137392123273,-238.37372046440902,-244.353104106151,-273.4392276723703
-167.7292682403517,-229.53607105810192,-243.35733956845024,-248.60025692747502,-275.44425126657717
-180.12791192142203,-237.80648988145688,-247.26253200788295,-252.1973011888818,-276.76994637628997
-191.8970890606847,-244.8498751242994,-250.0475760978262,-255.15194572854557,-277.413939916954
-202.80796151301837,-250.51427604252262,-251.69289733541777,-257.4786883477957,-277.37552454117423
-212.64172860276258,-254.6737132478347,-252.20193657657774,-259.1982694608905,-276.65567946681125
-221.19625653832543,-257.2326467981959,-251.60122666671154,-260.33696130605006,-275.25709007919085
-228.29245307153914,-258.12949490173344,-249.93965124210527,-260.9257191098144,-273.18416503849494
-233.78006195898675,-257.33899277309536,-247.28690198247654,-260.99922604706506,-270.4430493744867
-237.54256758914684,-254.87323738957514,-243.73119333898612,-260.5948676810951,-267.04163190050826
-239.50093742018566,-250.7813327894814,-239.37633366154455,-259.7516736099692,-262.98954524080955
-239.61598702009766,-245.14762754292565,-234.3382858338066,-258.50926421208817,-258.29815684411847
-237.8892261147891,-238.08861562405917,-228.74137653959127,-256.90683872065097,-252.98054954946946
-234.36212917097487,-229.74864823042242,-222.71432931166936,-254.98223752232028,-247.05149056562203
-229.1138645445209,-220.29467136435824,-216.38630153520216,-252.77110682680774,-240.52738810541896
-222.25760536298398,-209.91025711805042,-209.88309945827524,-250.30618802443243,-233.4262353582484
-213.93562632817626,-198.7892316426746,-203.3237287432213,-247.61674751955098,-225.7675419594376
-204.31345739604632,-187.1292173157191,-196.8174127107941,-244.7281560014662,-217.5722535985327
-193.57341289465904,-175.12539996397157,-190.4611783454158,-241.661619383321,-208.86266086947563
-181.9078398153236,-162.9648052465186,-184.33807392055962,-238.43405736181847,-199.66229888038185
-169.512430436346,-150.82132417536803,-178.51604451364867,-235.05812002814704,-189.99583948776802
-156.5799228106405,-138.85167029863663,-173.0474553771212,-231.5423284227747,-179.8889782814306
-143.294470565208,-127.19238524872655,-167.96922048983916,-227.89132152460368,-169.36831861378892
-129.8269050967321,-115.95794052295254,-163.30346652650172,-224.1061899652991,-158.46125503408683
-116.33104391073839,-105.23991678089045,-159.05864226001137,-220.1848757527008,-147.19585845636087
-102.94112443171723,-95.10718230967866,-155.23097071619216,-216.12261739397061,-135.60076526732365
-89.77036901227268,-85.60694338349391,-151.80613626378354,-211.91242089351087,-123.70507237490696
-76.91061948772497,-76.76650359641482,-148.76110071599035,-207.5455389871018,-111.53823992746952
-64.43292289607996,-68.59554813397335,-146.06595045803283,-203.01194345888737,-99.13000310991617
-52.38890709372323,-61.08876233931777,-143.68568929846876,-198.30077825974058,-86.51029406450182
-40.812757701845534,-54.22860064599733,-141.58190769884405,-193.40078419472354,-73.70917460656185
-29.723596441675856,-47.98803989559073,-139.71427676383473,-188.30068897827275,-60.75678002018937
-19.128064482363783,-42.333177516855194,-138.0418334618091,-182.9895592982987,-47.68327384144453
-9.022930879654961,-37.22556697723651,-136.5240407677623,-177.45711404189643,-34.518813172287686
0.6024272907450978,-32.6242172772586,-135.12162180197524,-171.6939999085351,-21.293523726201016
9.763793156530316,-28.48721723225192,-133.7971798853406,-165.69203219858716,-8.037483491150903
18.480209874132573,-24.772976500780395,-132.5156263385048,-159.44440457678905,5.219286392215928
26.77245819879741,-21.44110196961497,-131.2444446748894,-152.94587206822817,18.446825192702033
34.66192329184411,-18.452949007798004,-129.95382366234085,-146.19291147287382,31.615232466951074
42.16983222172915,-15.771901693441723,-128.61669281946746,-139.18386283734165,44.69466631093601
49.31681969065444,-13.363444391198005,-127.2086926623322,-131.91905467613537,57.65534217753877
56.12276251958973,-11.195089474383057,-125.70810889265422,-124.40091438387807,70.46753454028259
62.60681352720769,-9.23622334915921,-124.0957952181093,-116.63406383785704,83.10158370859635
68.78756227487236,-7.4579262760295535,-122.35510410883721,-108.62539867595353,95.52791005799158
74.68325292280706,-5.832811927924055,-120.47183897613112,-100.38414827595025,107.7170378166793
80.31199706005955,-4.334921306339723,-118.43423540834007,-91.92191218363995,119.6396303398842
85.69193057753787,-2.9396936070596027,-116.2329735475554,-83.25266775632551,131.26653849915294
90.84127714588672,-1.6240247950659494,-113.86121870201657,-74.39274321075882,142.5688634130321
95.77829539308469,-0.3664137459606778,-111.31468305740839,-65.3607501741046,153.5180342487135
100.52110133089893,0.8528136169169187,-108.59169800838772,-56.17747028914404,164.08590124519816
105.08737101834974,2.0512193592552777,-105.69328425712297,-46.86569144682123,174.24484345894345
109.49394014446626,3.2439304980724657,-102.62320544961355,-37.449990795008986,183.96789004166945
113.75632664473396,4.443304163460809,-99.38799073688133,-27.95646375043131,193.22885315688785
117.88820932573884,5.658608768507115,-95.99691221817534,-18.412400727210162,202.00246996338385
121.9008996308308,6.8957486975814035,-92.46190468408794,-8.845916058158618,210.264550485295
125.80284516366817,8.157058102944305,-88.79741734350432,0.714463537148287,217.99212768794422
129.59920254825678,9.441186100153942,-85.02019018427674,10.24024077889879,225.1636057302376
133.29151388961793,10.743091230437969,-81.14895116067325,19.703407253977467,231.75890220120593
136.8775158255154,12.054157772099273,-77.20403437814598,29.076905678048455,237.75958019477514
140.3511032888911,13.36244058611905,-73.20692369770453,38.33507879982057,243.14896634834676
143.70246202662406,14.653038920898808,-69.17973052939776,47.454088113354295,247.91225146192795
146.91837505535784,15.908593219238256,-65.14461883116333,56.41228579174394,252.03657100968553
149.98269900060302,17.109892706220307,-61.123194268124536,65.19052443286833,255.51106371899735
152.87699708720984,18.236575629805273,-57.13587790153218,73.77239129543126,258.32690737393716
155.58130684868348,19.26789871668953,-53.2012874523615,82.14435661677086,260.47733204118833
158.07501280984113,20.183547933760224,-49.33565092028449,90.29582919383077,261.95761194662504
160.33778785972004,20.964459241399595,-45.55227795845937,98.2191164777149,262.7650381815239
162.35056211904885,21.593615900922643,-41.86111377544084,105.90929073975809,262.89887522104726
164.09647511594127,22.05678823438795,-38.26839837875636,113.36396715318583,262.36030483741973
165.561766236214,22.34318265950057,-34.77645068436246,120.5830036375117,261.15236134372117
166.73655983984824,22.445969397724326,-31.383592465690697,127.56813578698626,259.27986218712294
167.6155051502385,22.36266245899546,-28.084221465338302,134.32256294432062,256.7493377200114
168.19823692074866,22.095331226003097,-24.869036488677253,140.85050333015323,253.5689635316897
168.4896307284923,21.650629981162822,-21.725410263073897,147.15673700657933,249.74849806131186
168.49983617475652,21.03963972865968,-18.63789866424601,153.24615531752266,245.29922738835754
168.24408181141501,20.277525268559316,-15.588868002821911,159.12333435452328,240.23391817824802
167.74225670050453,19.383019222102703,-12.5592158590011,164.79214805360186,234.56677881947348
167.0182845330246,18.377753094988435,-9.529155858157893,170.25543389558618,228.31342789713557
166.09931655379697,17.28546300759959,-6.479033142946804,175.51472105551898,221.49086837295167
165.0147785605431,16.13110396105222,-3.390135382631854,180.5700274429627,214.11746523515825
163.79531444198446,14.939911062810467,-0.24546411985188854,185.41972861173318,206.21292398382587
162.47167367713115,13.736448723231376,2.969566883392048,190.06049820112645,197.79826714538368
161.07359266512103,12.543689298586528,6.266535976639489,194.48731657759387,188.89580606579014
159.62871958432785,11.382160979309816,9.653545069983082,198.69354181656087,179.52910549909564
158.16162974971897,10.269201024493341,13.134896166166406,202.6710351952523,169.7229389517459
156.69297337079536,9.218344976045358,16.71092363760775,206.41033200840053,159.50323332313928
155.23879056967553,8.238875605753634,20.377985241559543,209.90084777679954,148.89700204635815
153.81001997182705,7.335547492956692,24.128607304921438,213.13110975981914,137.93226662826132
152.41221767438796,6.508494781334548,27.951772505888187,216.0890040422831,126.63796716692624
151.0454935013584,5.753321309111982,31.833332623856492,218.76202925520892,115.0438630389048
149.7046617335075,5.061364410416559,35.756523831651734,221.13754910495447,103.18042546854902
148.37959446452064,4.420116649984834,39.70255877330826,223.2030372183436,91.07872408829795
147.05575781472402,3.813783900849984,43.65126790329481,224.94630925476594,78.77030986006166
145.71490475687096,3.223953728825819,47.581762348614205,226.3557386913579,66.2870968522825
144.33589348604232,2.6303451272635243,51.47309178030915,227.42045406799568,53.66124535716964
142.89559719056982,2.0116092665219725,55.30487325033229,228.13051671376988,40.925048705035536
141.369869733639,1.3461510065804987,59.05787040293033,228.4770790118638,28.11082590447709
139.73453201812305,0.612942311262259,62.714506609186536,228.45252405840262,15.250821927501708
137.9663454841886,-0.20769881771791177,66.25930008542636,228.05058811178478,2.377117093989418
136.04394202799543,-1.1333869536371424,69.67921363581829,227.26646750696256,-10.47845339490492
133.94868334591365,-2.1790245923410367,72.96391603027023,226.09691173178967,-23.284369146564664
131.66542700886242,-3.3562492470397274,76.10595595632417,224.54030415025602,-36.009483286997025
129.18318117297605,-4.672983079160659,79.10085279002186,222.59673144079233,-48.62307040561475
126.49563448194378,-6.133091795712048,81.9471109963995,220.26804223712884,-61.09486434451451
123.601552199411,-7.736155821094428,84.64616673806721,217.55789476249697,-73.39508681363559
120.50503376160788,-9.477353487190811,87.2022762421434,214.47179249000015,-85.49446815010792
117.21563064838662,-11.347453252159823,89.62235570468602,211.01710610288598,-97.36426183853939
113.74832667289522,-13.332909781223705,91.91578209587811,207.2030793305145,-108.97625466477388
110.12338547243014,-15.416057084495748,94.09416329898431,203.0408156631441,-120.30277457768663
106.36607217118902,-17.57539075540886,96.17108472376835,198.54324256155138,-131.31669847969104
102.50625793698859,-19.7859306103273,98.1618380438089,193.72504963115588,-141.991462243818
98.57791754749869,-22.019654600060434,100.0831361775628,188.60259737003503,-152.30107525624865
94.61853120544495,-24.245994645962824,101.95281721531929,183.19379355616445,-162.22014170077682
90.66840278656461,-26.43238494760115,103.78953881704125,177.5179351258279,-171.72389062457765
86.76990754807167,-28.544853227898415,105.61246376968963,171.59551450346498,-180.7882165529736
82.96668313148469,-30.548645255629246,107.44093696435395,165.4479907426902,-189.3897320498166
79.30277850106685,-32.40887276771019,109.29415406231652,159.09752747380085,-197.505833155399
75.821776278428,-34.09117458600679,111.19082255737678,152.5667014451675,-205.11477808656477
72.56590474854015,-35.56238029338167,113.14881676464344,145.87818729719785,-212.19577896710484
69.57515657731642,-36.791165336336164,115.18482939628538,139.05442600237862,-218.7291056972121
66.88643192793435,-37.748685914550144,117.31402371961944,132.11728602117893,-224.69620039406522
64.53272410711836,-38.40918157555522,119.54969170984617,125.08772753846971,-230.07980017593349
62.542366018117995,-38.75053314122031,121.90292497807114,117.98548104312042,-234.86406545609302
60.93835544934555,-38.75476353930155,124.38230644389249,110.82875190056275,-239.03471039451875
59.737776500551206,-38.40846937942732,126.99363161021692,103.6339623741713,-242.5791317619447
58.95133317437242,-37.70317176668766,129.7396687850953,96.41554174318475,-245.48653223010842
58.58300929991333,-36.63557593390627,132.61996760614647,89.1857737485351,-247.74803403755388
58.629866498837046,-35.20773081609401,135.6307247160401,81.95470861948539,-249.35677910587904
59.0819888823615,-33.42708167884263,138.76471440509596,74.73014448326961,-250.30801199815258
59.92257964752725,-31.306411305727472,142.01129050873715,67.5176801594168,-250.59914261146065
61.12821082555679,-28.863667980020416,145.35646388573502,60.320838343251914,-250.2297861571207
62.669223259356976,-26.121681468059037,148.78305749895793,53.14125515975379,-249.2017787739312
64.51026961000562,-23.10777131064554,152.27093858806367,45.978929194140775,-247.51916800104706
66.6109889860203,-19.853254828702973,155.79732479012287,38.83252054987372,-245.18817826086857
68.92679783401925,-16.392865216157332,159.33715846380898,31.699688395982637,-242.21715241845428
71.40977819515459,-12.764092799165972,162.86354103511286,24.577453963213554,-238.6164713426709
74.00964147448644,-9.006464867514929,166.348217026434,17.46257511268844,-234.39845414954294
76.67474361964354,-5.160781330398038,169.76209565798888,10.35191846577551,-229.57724241995842
79.35312615506012,-1.2683247392195796,173.0757965972614,3.2428156410907665,-224.1686721233528
81.99355692832188,2.6299360981015383,176.26020563113718,-3.8666086616936717,-218.19013722590418
84.54654470977675,6.494129633185651,179.28702576862895,-10.977147253344759,-211.66044901094787
86.96530292188429,10.286233513563857,182.12930954562108,-18.088268084022268,-204.59969499613013
89.20663969722546,13.970777384507194,184.7619590672923,-25.197924834366194,-197.02910101262003
91.23175407450051,17.515480682739636,187.16218153586138,-32.30242383040755,-188.97089954482635
93.00692131680631,20.891811677294434,189.30988960155707,-39.39634810523602,-180.44820684743485
94.50405392856898,24.075456491939022,191.18803775974337,-46.472537056329244,-171.48491069974193
95.70112880085787,27.046689567330304,192.7828881055945,-53.522118053349274,-162.1055699668814
96.58247486958824,29.79063987912776,194.0842009563305,-60.534584630234775,-152.33532645185093
97.13891957158346,32.29745010934383,195.08534806705234,-67.49791460693072,-142.1998288804367
97.36779609016219,34.56232877009317,195.78334831516293,-74.39872065810533,-131.72516829259945
97.27281677072503,36.58549790710991,196.1788277342166,-81.22242547864454,-120.93782364390175
96.86382106138146,38.372041386933375,196.27590757885253,-87.95345375669699,-109.86461606674288
96.15640882348357,39.93166083560914,196.08202565127252,-94.57543360472958,-98.5326700099086
95.171471819875,41.27834800488094,195.607697384836,-101.07140084746386,-86.96937937015896
93.93463761409544,42.42998367344929,194.86622414832368,-107.4240005425034,-75.20237674270408
92.47564101395774,43.40787414165707,193.87335690536236,-113.61568123220036,-63.2595040373196
90.82763860732962,44.23623696364929,192.6469237537388,-119.62887860788373,-51.16878291773159
89.026481922726,44.94164781190825,191.20643000610522,-125.44618643397871,-38.9583838010775
87.10996437224733,45.55246032644584,189.57263939306182,-131.0505136601925,-26.656592483190128
85.117056479388,46.09821051661396,187.76714471569855,-136.4252275880649,-14.291773808878661
83.0871430374014,46.609016810556284,185.8119358911559,-141.5542837128516,-1.8923321634494172
81.05927486381637,47.11498624105005,183.7289728674848,-146.4223434031679,10.513331097066198
79.07144678072083,47.645636567116654,181.53977037305174,-151.01488089786108,22.896862855133485
77.15991241391923,48.229343400630015,179.265000944456,-155.3182811924826,35.23000540291048
75.35854540899587,48.89282067042312,176.92412217196937,-159.319930270263,47.48464470627993
73.69825572983757,49.66064203292777,174.53503362587045,-163.00829883148276,59.63285877261806
72.20646884311375,50.554810137670295,172.11376848660757,-166.3730202240699,71.64696508940116
70.90667478900691,51.59437997405163,169.67422448912365,-169.40496272139123,83.49956613769801
69.81805336870522,52.795141847285976,167.2279383904725,-172.0962956782014,95.16359209698629
68.9551809080263,54.16936883353217,164.78390775790402,-174.44054847378231,106.61234004315774
68.32782323836432,55.725632816250766,162.34846342060803,-176.432660575637,117.81950919006192
67.94081862643077,57.46869237630631,159.92519540308095,-178.06902057676848,128.75923202354906
67.79405333817802,59.39945486671832,157.51493453037938,-179.34749172132047,139.4061015131756
67.88253130246788,61.51501392346202,155.115791139176,-180.26742127534422,149.73519493943093
68.19653792293923,63.80876243162132,152.72325142747718,-180.82963115018734,159.7220952263706
68.721896461066,66.27057957736193,150.33033092046227,-181.03638746277105,169.34291099848372
69.44031359081714,68.8870890830717,147.9277833284855,-180.89134722170658,178.5742968640559
70.3298087357634,71.64198407445843,145.5043617454506,-180.39948104860676,187.39347564641872
71.36521969421847,74.5164123091644,143.04712771688048,-179.56697175160406,195.77826441724937
72.51877491048589,77.48941376881338,140.5418022493385,-178.40108961929323,203.7071062189424
73.76072064835677,80.53840095425204,137.973151396583,-176.91004644143112,211.15910928357883
75.05998936996107,83.63967071108891,135.32539771756,-175.10283141999525,218.11409535790804
76.38489392788574,86.76893513799538,132.58264773318692,-172.98903323634107,224.5526584297878
77.70383084964472,89.90185817907025,129.72932458964976,-170.5786535111439,230.45623472755952
78.98597513348815,93.01458395248225,126.75059453916498,-167.88191766071333,235.80718434733768
80.20194866779852,96.08424278336491,123.63277563225436,-164.90908965224446,240.5888842758998
81.32444469613785,99.08942133157471,120.36371722427708,-161.67029734255115,244.78583194707412
82.32879170955036,102.01058415163386,116.93313955381387,-158.17537491873733,248.3837578317179
83.19344175584976,104.83043547999289,113.33292374839888,-154.43372843709597,251.36974494984784
83.90037037577997,107.53421197155106,109.5573441268366,-150.4542295938539,253.73235264581612
84.43537813433782,110.1098994314332,105.60323653983096,-146.24514169732623,255.46174151701564
84.78828690574295,112.54836921161649,101.47009864537401,-141.8140804070604,256.54979606334985
84.95302755755881,114.84343274673604,97.16012035506733,-137.16801024097006,256.99024145136343
84.92761930834328,116.99181555819999,92.67814509990602,-132.31327621688078,256.77875077781636
84.71404463756048,118.99305482312084,88.03156493555005,-127.2556683888659,255.9130393770045
84.31802703974424,120.84932715261942,83.23015471972852,-122.0005155557179,254.39294303853055
83.74872198006832,122.56521543220319,78.28585254436966,-116.5528031468676,252.22047747163722
83.01833398835151,124.1474253455379,73.21249520279376,-110.91730930242169,249.39987694381807
82.14167481473379,125.6044634599798,68.02551864833258,-105.09875250967899,245.93761070316998
81.13567888797623,126.9462894548856,62.74163411625929,-99.10194386884714,241.84237652866418
80.01889293137873,128.18395521416352,57.378490818877864,-92.93193713752792,237.12507150071923
78.81095650477917,129.3292431053514,51.954335899443684,-86.59417012724363,231.79874080684542
77.53208949494137,130.3943148811763,46.48768168315573,-80.09459175350358,225.8785060573192
76.20260124549334,131.39138134350299,40.996989251195856,-73.43977001233918,219.38147515272502
74.84243420147759,132.3324012971774,35.50037606611582,-66.63697730085815,212.32663619450577
73.47075276300525,133.22881649868268,30.015353877281804,-59.69425073681586,204.73473824555222
72.10558562685199,134.0913273789642,24.55860152567496,-52.62042638547315,196.62816192309785
70.76352737554755,134.92971239503802,19.145775636015582,-45.4251474984346,188.03078284224927
69.45950257604632,135.7526920351017,13.791360609361195,-38.11884794482029,178.96783083483348
68.20659328514432,136.56783684374187,8.508557882384633,-30.712712923666224,169.465747660895
67.01592872002888,137.38151740798034,3.309213151095541,-23.218619752755096,159.55204563044234
65.89663400963639,138.19889308967979,-1.7962207941490362,-15.649062018334384,149.2551691854375
64.85583344229397,139.0239354239872,-6.7986887884272775,-8.017060642007703,138.60436108260572
63.8987024902347,139.85948152722938,-11.690509304930764,-0.33606548766084643,127.62953439231853
63.02856212122005,140.70731255305637,-16.46532583612806,7.380148979871487,116.36115111156094
62.24700848265607,141.5682521732797,-21.118037845557126,15.117590730542947,104.83010780102884
61.55407092815333,142.44228019920422,-25.644715435525043,22.862157010040114,93.06762831487903
60.94839150311615,143.328656754588,-30.042501670722977,30.59973852812135,81.10516340938656
60.42741936038873,144.22605281534464,-34.309506183466766,38.316318997312926,68.97429680200482
59.987614081000814,145.1326833962806,-38.44469329808196,45.99806847758525,56.70665710864913
59.624652472594,146.0464401497954,-42.44776748835406,53.631429400047615,44.33383501399528
59.33363405652413,146.9650206087402,-46.319058553184966,61.203194500712655,31.887305022901067
59.10928108878578,147.88605172706937,-50.05940848853903,68.70057617889192,19.39835119337245
58.9461295541729,148.80720572830484,-53.67006167077481,76.11126699777975,6.897996353069649
58.83870810139112,149.7263065518621,-57.152559659469105,83.42349116485812,-5.583065559515762
58.78170233526348,150.64142539018317,-60.508641687164776,90.62604687582032,-18.014534224048294
58.77010224685896,151.5509639417873,-63.74015172905019,97.70833938866578,-30.36656475681255
58.79933084998165,152.45372408106937,-66.84895293313848,104.66040463149287,-42.60982646435072
58.86535231903262,153.34896268579394,-69.83685013277753,111.47292306001869,-54.715558219140846
58.96475811095039,154.23643039180848,-72.70552114222507,118.13722338919493,-66.65562001230273
59.0948297311942,155.1163930897341,-75.45645753751441,124.64527575265706,-78.40254014398886
59.25357700043836,155.9896350677655,-78.0909156283301,130.98967381497613,-89.92955746437053
59.439750924790545,156.85744286452532,-80.60987831237549,137.1636053947974,-101.21065808375609
59.652830595496205,157.721569149158,-83.01402845378738,143.1608112694805,-112.22060603352219
59.89298396464312,158.5841763080473,-85.3037343231716,148.9755320330709,-122.93496748160506
60.161002875127735,159.44775989790799,-87.479047467861,154.60244317637535,-133.33012828519438
60.4582133681061,160.31505272165742,-89.5397131385632,160.03657894711944,-143.38330489362713
60.786363039830704,161.1889109841507,-91.48519308203927,165.2732460197001,-153.07254888741912
61.147488050735156,162.07218476651988,-93.31470012599172,170.30792854041135,-162.37674574188728
61.54376326733957,162.96757588501947,-95.02724354522493,175.1361866882533,-171.27560872178873
61.97733989696502,163.87748702893998,-96.62168372954994,179.7535514705656,-179.74966912624356
62.45017580124736,164.80386684981906,-98.0967942019196,184.15541901897518,-187.78026439387557
62.96386438615347,165.7480563432918,-99.45132859231336,188.3369481211322,-195.34952582375726
63.5194685027341,166.71064236836662,-100.68408979538268,192.29296507648874,-202.44036784918572
64.11736609440075,167.6913244311657,-101.79399826265387,196.01788015886692,-209.0364809010965
64.7571143440679,168.68880087559103,-102.78015623603709,199.50561997094954,-215.12232989943615
65.43733877113286,169.7006803381335,-103.64190474474245,202.74957976178968,-220.683160306261
66.15565308473691,170.72342372064776,-104.37887037924614,205.742599333985,-225.70501345773715
66.90861461982541,171.75232101717944,-104.99099922967542,208.47696549514092,-230.17475256679222
67.6917188903154,172.78150612202174,-105.4785759239758,210.9444431249638,-234.08010036393327
68.49943523931827,173.8040112928614,-105.84222640242749,213.13633586817303,-237.40968883605234
69.32528381989542,174.81186131088793,-106.08290388518364,215.04357627257423,-240.15312095640002
70.16195228896396,175.79620565105438,-106.20185838289802,216.65684393029932,-242.30104370028704
71.0014487439006,176.74748524542684,-106.20059101343612,217.9667089179719,-243.84523104269232
71.83528568089955,177.65562878886396,-106.080795261938,218.96379664028268,-244.7786750692018
72.65468821219488,178.5102720975898,-105.84428809893589,219.6389691329299,-245.09568283244428
73.450818540391,179.30099287588513,-105.49293449845379,219.98351704011907,-244.7919761826326
74.2150078298748,180.01755244644636,-105.02856933097897,219.98935590178513,-243.86479151669585
74.9389861942156,180.65013560836758,-104.45292081330504,219.64922010457363,-242.31297624346033
75.61510156058354,181.18957982782226,-103.767539663257,218.9568478867456,-240.13707876140833
76.23651867710667,181.62758543951458,-102.97373783330579,217.90715113944566,-237.33942889100624
76.79739046487776,181.95689941225854,-102.07254020136176,216.49636439330584,-233.92420598659467
77.29299522413058,182.17146645477337,-101.06465191367217,214.7221682799727,-229.89749235652133
77.71983480453342,182.26654273351522,-99.9504432492424,212.58378385740204,-225.26731012069502
78.07569064391913,182.2387691514882,-98.729952963225,210.08203541889395,-220.04364020256585
78.35963646367503,182.08620289770676,-97.40291012678516,207.21938069680695,-214.23842275635408
78.57200827505676,181.80830772122414,-95.96877357161756,203.9999086491955,-207.86553893621914
78.71433409814789,181.40590501753434,-94.42678722270418,200.42930621345585,-200.94077449134682
78.78922733816043,180.8810892580446,-92.77604890674925,196.51479646586344,-193.48176619138505
78.80024903205377,180.23711247997002,-91.0155896902574,192.26505149323438,-185.50793252674177
78.75174512661812,179.478243441453,-89.14446044934564,187.6900839318576,-177.04039047277786
78.6486655534357,178.60960761248222,-87.16182220896782,182.80112154313179,-168.10186034426968
78.49637212629358,177.63701441591076,-85.06703680571358,177.61046937649985,-158.7165608953914
78.30044222478,176.5667780743466,-82.8597546054218,172.13136403219684,-148.91009684417503
78.06647488148707,175.4055380929836,-80.5399963181896,166.37782430613615,-138.7093409276686
77.79990531250098,174.16008486455542,-78.10822636404788,160.36450211306308,-128.14231244105613
77.50583318110117,172.83719517594017,-75.56541571594303,154.10653708206755,-117.23805399573646
77.18886902568926,171.44348158580095,-72.91309264720672,147.6194176457033,-106.02650796926227
76.85300237664265,169.98525878696864,-70.15338030310068,140.91885084154526,-94.5383938333321
76.5014941871355,168.46842921821917,-67.28902047375159,134.0206424526813,-82.80508725304381
76.13679535651775,166.8983893928209,-64.32338334596264,126.9405885649255,-70.8585015714423
75.76049236523667,165.27995769950385,-61.26046334000942,119.69437913807451,-58.730972040055434
75.37328038895413,163.61732382871608,-58.10486138956138,112.29751379602835,-46.45514294324427
74.97496372545339,161.9140194946171,-54.861754197501156,104.76522974386188,-34.0638575996591
74.56448294710148,160.17290976151088,-51.5368511076311,97.11244152142245,-21.590051112236342
74.13996787076897,158.39620403355593,-48.13633928391949,89.35369219721119,-9.066645683760576
73.69881519372908,156.5854856108232,-44.66681790231617,81.5031155796394,3.473551686491777
73.23778945038373,154.74175863025772,-41.135222056222176,73.57440906022524,15.997949259267028
72.75314577023828,152.86551116954087,-37.54873707354198,65.58081678213006,28.474268404751616
72.24077273110811,150.95679326656074,-33.914703963040516,57.53512292580808,40.870639155435256
71.69635337537153,149.0153085695173,-30.24051676649283,49.44965499783345,53.15569321665762
71.11554216786037,147.040518256994,-26.53351270557782,41.336297075187815,65.29865402015233
70.49415530605145,145.03175573318265,-22.80085618913609,33.20651297549385,77.26942323567631
69.82837134022876,142.98835039664795,-19.049417990863567,25.071379276763437,89.03866299542955
69.11493852657071,140.90975849415645,-15.285651219139154,16.94162798409352,100.57787295288195
68.35138473496744,138.79569870665597,-11.515466071348456,8.827698431200128,111.85946119876316
67.53622509146317,136.64628968270415,-7.744105779818831,0.7397977096520059,122.85680800820025
66.66916188904396,134.46218625594446,-3.9760265952328524,-7.312031452626522,133.54432140210656
65.75127069607967,132.24471058687635,-0.21478508776903027,-15.317836873841499,143.89748357873904
64.78516608128973,129.99597399141618,3.5370635551836855,-23.267679142695336,153.89288741616693
63.77514001534819,127.71898480365317,7.278052229691383,-31.151552342308882,163.50826245883655
62.72726585971013,125.41773731425442,11.00786939414919,-38.959306180790335,172.72249008211185
61.6494609677168,123.09727667779356,14.727403039230847,-46.680572816609775,181.51560786795343
60.55150134929272,120.7637347382916,18.438756979600825,-54.30470193883087,189.86880360914645
59.44498262318323,118.42433202180234,22.14523562911556,-61.82070778759145,197.7643997753249
58.34322261972257,116.08734171922976,25.851293986799888,-69.21723174288219,205.18582969661247
57.26110250139726,113.76201234763357,29.562450370400818,-76.48252384666466,212.11760712996082
56.214845114709256,111.45844693422293,33.285160481770596,-83.60444613975977,218.5452912424279
55.221731428231855,109.18743799509213,37.02665265420944,-90.57049999131503,224.45544934844852
54.2997582758751,106.9602592397036,40.79472557729004,-97.36787869324044,229.83561995323896
53.46724311850223,104.78841676305117,44.59751136605907,-103.98354551592001,234.67427875799402
52.74238404825204,102.68336441061174,48.44320847013853,-110.40433622620714,238.96081026155517
52.14278566287107,100.6561899229061,52.33979052240016,-116.61708381596546,242.6854874375424
51.68496360107632,98.71728028293653,56.29469871977999,-122.60876195233446,245.8394616739864
51.38384232401767,96.87597629194903,60.3145266189822,-128.36664251938564,248.4147647431985
51.25226203434693,95.14022768322138,64.40470723165532,-133.8784616511255,250.40432403683857
51.30051134308662,93.51626095516282,68.56921294147045,-139.13258793165468,251.80199168048577
51.53590235304262,92.00827248853354,72.81027897895765,-144.11818601798174,252.60258746326417
51.96240418724832,90.61815935718712,77.1281609424151,-148.82536886613184,252.80195481693687
52.580349649874584,89.34529952491256,81.52093613134765,-153.2453320326304,252.39702839423012
53.38622770362691,88.18639185410593,85.98435727840993,-157.37046417487522,251.3859111657302
54.37257185766444,87.1353645777368,90.51176567006614,-161.19442885737072,249.7679584150285
55.527951493913875,86.18335867880755,95.09406870281458,-164.7122140323683,247.5438655931743
56.837069755529555,85.31879008194007,99.71978472215585,-167.92014703039794,244.71575671994705
58.28096803644537,84.52749181009813,104.37515564081968,-170.81587448178823,241.2872699050311
59.837333512050826,83.79293442912902,109.04432544601983,-173.39830819775224,237.26363661227413
61.48090270340658,83.09652032952894,113.70958039921871,-175.66753957347044,232.6517514990268
63.1839509248053,82.41794480956928,118.35164461458584,-177.62472644457284,227.4602300151898
64.91685475945324,81.7356146433645,122.95002287081726,-179.27195745488405,221.6994514207902
66.64871254555743,81.02711293746964,127.48338104143676,-180.61209981792285,215.3815854454254
68.34800630531262,80.26969767002873,131.9299534738838,-181.64863683902632,208.52060143590575
69.98328764727353,79.44082040759758,136.2679660355479,-182.38550169582456,201.1322594826528
71.52386991666447,78.5186513171473,140.47606337564258,-182.82691376152042,193.23408364620028
72.94050922252553,77.48259671578519,144.53372920278656,-182.97722323015958,184.84531799150386
74.20605787193719,76.31379598494594,148.4216890048823,-182.84076901618772,175.98686664949827
75.29607510205904,74.99558565501924,152.12228557900286,-182.42175391636763,166.68121954422267
76.1893817191685,73.51391976199588,155.61981892337053,-181.7241399137258,156.95236573277668
76.86854722107034,71.85773710365147,158.90084339304588,-180.75156534646425,146.82569649798467
77.32030008573182,70.01926769079698,161.95441645923398,-179.50728453381404,136.32790041121098
77.53585405456397,67.99427241643312,164.77229486739571,-177.994129412144,125.48685254860786
77.51114533398447,65.78221167802242,167.34907539975154,-176.21449184454522,114.33149991284186
77.24697761389658,63.38634032582016,169.68227876355886,-174.17032456805677,102.89174489906804
76.74907360589572,60.81372782839736,171.77237631350613,-171.8631582617481,91.19832836588671
76.02803340755251,58.075203917822954,173.62276035422445,-169.2941319682744,79.28271355396129
75.09920139459922,55.18523119051939,175.23965965257486,-166.46403407714334,67.17697175311025
73.98244453927961,52.161707199105706,176.63200252652265,-163.3733512629228,54.91367027751704
72.70184607726691,49.02569949253532,177.81123048624374,-160.0223231366314,42.52576298586271
71.28531933428339,45.801117871195714,178.79106590985774,-156.41100087419616,30.046483293677998
69.76414732076489,42.51432885141534,179.5872376705634,-152.53930868707621,17.50923938768679
68.17245445536469,39.193718011700646,180.2171690253095,-148.40710764557883,4.947511172056312
66.54661752787574,35.86920654997013,180.69963245584802,-144.01426200362982,-7.605251633395005
64.92462379572274,32.5717290408007,181.0543765442884,-139.36070875344788,-20.11573085992197
63.34538494914034,29.33268005766454,181.3017303826892,-134.44653161091043,-32.550841303080276
61.84801658815954,26.18333802099474,181.46219146547952,-129.2720409560614,-44.8778326540797
60.47109382325684,23.154275339271138,181.55600349026406,-123.83786139191007,-57.06439224750706
59.25189461611352,20.274764605438193,181.60273098144268,-118.14502851397856,-69.07874869117873
58.225643477273955,17.572191262323628,181.62083812700055,-112.19509618901509,-80.88977616602614
57.424769077213554,15.07148371489356,181.62727964820562,-105.99025512187568,-92.46709887726544
56.878190138353965,12.794572294879863,181.63711186464127,-99.53346275935942,-103.78119481562071
56.6106445824946,10.759888721112652,181.66313232977254,-92.82858366463364,-114.80349767383257
56.6420772311209,8.98191769346289,181.7155564508165,-85.88053843912863,-125.50649547536133
56.98710131923447,7.470811961538303,181.80173933021567,-78.6954581264118,-135.86382423185134
57.65454861823498,6.232081580539372,181.92595063968065,-71.28083987143546,-145.85035477533202
58.64712201515364,5.266367078113355,182.0892096357865,-63.64569850802156,-155.4422708247075
59.96116292999113,4.569304895303958,182.2891864355404,-55.80070778821916,-164.61713636378767
61.586543957259686,4.13149173628473,182.52017439129804,-47.75832423410269,-173.3539505365546
63.50669460781935,3.9385523902763637,182.77313685350327,-39.53288616427537,-181.63318851093226
65.69876504631054,3.971313218314606,183.03582981927826,-31.14068039015723,-189.43682712416208
68.13392933895554,4.206080889358034,183.29299998246285,-22.599969444229426,-196.7483545883149
70.77782604679982,4.615023184501382,183.52665558974456,-13.930973019536605,-203.55276409043694
73.59113014155324,5.166645856732984,183.71640534210144,-5.155798569549088,-209.8365317407855
76.53024632703979,5.826356740356417,183.83985844601594,3.7016822894751833,-215.58757997528744
79.5481100723732,6.5571056570672965,183.87307690497957,12.616012877474244,-220.79522816995728
82.59507915966427,7.320086272529807,183.7910693397157,21.560385027997498,-225.45013283479807
85.61989547548558,8.075484022555116,183.56831412473912,30.50692364150771,-229.5442202867616
88.57069427125701,8.783252642794139,183.17929850802363,39.42701621473543,-233.07061511674559
91.39603630546868,9.403900777488417,182.59905970709178,48.29167898002266,-236.0235680338816
94.04593725364423,9.899269666808507,181.80371379692343,57.07194920477161,-238.39838676777683
96.47286858753299,10.233283048892318,180.77095854821877,65.73929153709567,-240.19137362016534
98.632704805728,10.372651166812929,179.48053724067015,74.26600516184915,-241.3997729800067
100.48559342116579,10.2875121160708,177.91465183715752,82.62561803832621,-242.02173165770787
101.9967264170493,9.951995652630217,176.05831570848198,90.7932546777873,-242.05627427593578
103.1369948730952,9.34469692552338,173.8996382642579,98.74596479386705,-241.5032952073429
103.8835120065751,8.449050299726608,171.4300362716384,106.4630016807924,-240.36356771295453
104.21999381362637,7.2535963772093055,168.64436921161652,113.92604126401035,-238.63877005518188
104.13699066289433,5.75213837766033,165.5409986023043,121.11933530356923,-236.33152748503122
103.63196741083642,3.9437870761221774,162.12177367981946,128.02979506369584,-233.4454681828227
102.70923370493607,1.832896387709411,158.3919480445366,134.64700472564934,-229.98529051016928
101.37972996291609,-0.5711056708375537,154.3600337441219,140.9631667407739,-225.95683834622932
99.66067793304607,-3.2539836169297445,150.03760068826165,146.9729840300763,-221.36718086258557
97.57510765454278,-6.197049821525937,145.43903021525364,152.67348628889178,-216.22469285582136
95.15127498603086,-9.377598153342163,140.58123203465018,158.0638095292816,-210.53913171248269
92.42198562976102,-12.769404591885575,135.483333663905,163.1449393078218,-204.3217072214071
89.42384276206059,-16.34328287919959,130.16635090773792,167.919428798887,-197.5851407582896
86.19643603106596,-20.06768307876966,124.6528469752609,172.3911029826723,-190.34371082253648
82.78148987104363,-23.909321011556074,118.96658659537063,176.56475976199226,-182.61328247432735
79.2219888970442,-27.83382685942165,113.13219009925729,180.4458778726603,-174.4113188669214
75.56129767955967,-31.806401677994323,107.17479102048318,184.0403401084072,-165.75687375677163
71.84229155121822,-35.79247105890863,101.11969944956519,187.3541787571555,-156.67056456734045
68.1065143505263,-39.75832565186631,94.99207229183918,190.39334836425178,-147.1745262493129
64.3933782264259,-43.671738645459065,88.81659081456117,193.1635291223409,-137.29234679073042
60.73941985452675,-47.50255057939183,82.61714550681674,195.6699624481224,-127.04898576649403
57.17762666405551,-51.2232120158369,76.4165283529289,197.91731874038794,-116.47067775994218
53.736845929209494,-54.80927465660298,70.2361331412487,199.90959599601533,-105.5848228329447
50.44128879702765,-58.23982150562213,64.09566536103345,201.650046942746,-94.41986646281458
47.31014043945942,-61.49782671694972,58.01286450810531,203.14113165726505,-83.00517150464154
44.357286447858755,-64.57043592735161,52.00324312154065,204.38449227765136,-71.37088478601929
41.5911642407954,-67.4491582526056,46.07984847423657,205.3809463743454,-59.547800903168536
39.014746540402584,-70.12996183124297,40.25305438750854,206.1304957784118,-47.56722567547701
36.62566180868432,-72.61326592520506,34.53039196968187,206.63234813199722,-35.4608415401623
34.416453865231304,-74.90382421333312,28.9164290256017,206.8849490659553,-23.260576937726427
32.37497970696422,-77.01049609199842,23.412708296155913,206.8860236600429,-10.998481464829577
30.484940833867125,-78.94590554439118,18.017754432354202,206.63262663690332,1.2933917416321967
28.72653921635565,-80.72599042852734,12.727158591932334,206.1212015177831,13.583095267738178
27.077244535515305,-82.36944878888389,7.5337477164097955,205.34764966504216,25.838887576571164
25.512654654723228,-83.89709289276345,2.427842904333163,204.30741069890254,38.029323679916104
24.007426657311232,-85.33112595560559,-2.6023920950485255,202.99555615579965,50.12333634423663
22.53625146665138,-86.69436073287746,-7.570515261745104,201.4068984139991,62.09030823774306
21.074841337447705,-88.00940306888572,-12.491291012695008,199.53611681977065,73.9001358013967
19.60089666543881,-89.29782683434829,-17.380107354155196,197.37790258684313,85.52328597386612
18.095016892110465,-90.5793691820331,-22.252342180391373,194.92712340800352,96.9308472040679
16.541520033672914,-91.87117644744242,-27.122699615983013,192.179007820507,108.09457642250602
14.929136733818687,-93.18713110354201,-32.00454079074813,189.1293482312189,118.98694379870038
13.251547842766353,-94.5372887889775,-36.90923592286565,185.77472017537843,129.5811771661163
11.507739376599506,-95.92745149209925,-41.845565807499334,182.1127139139878,139.85130793339138
9.70215521362452,-97.35889850742554,-46.81920057068681,178.1421729446408,149.77222011382705
7.844635823011979,-98.82829090900726,-51.8322817408393,173.86343250124528,159.31970378834097
5.950140363357226,-100.32775823435115,-56.883130306337044,169.27854975191485,168.47051388049914
4.038259201135897,-101.84516816796432,-61.96609856936313,164.39151628216726,177.2024345805037
2.1325337675543086,-103.36457166162144,-67.07157748645997,159.20844268361563,185.4943491355967
0.25961013466138816,-104.86680759286152,-72.18616412050177,153.73770475945085,193.32631406596457
-1.551738823403877,-106.33024323275974,-77.29298621240532,147.99004109620324,200.67963620980322
-3.2716808510500943,-107.73161994898152,-82.37217316775103,141.97859259768765,207.53695040124404
-4.870434497467967,-109.04696814403889,-87.40145541793311,135.7188760612611,213.88229508926347
-6.319372607586992,-110.25255177521619,-92.35686761925629,129.22868598656686,219.70118286241387
-7.592069564385476,-111.32580116661973,-97.21352590940201,122.52792148477738,224.98066269360237
-8.665245241041822,-112.24619332081565,-101.94644577850029,115.63833829832562,229.70937078817954
-9.519563621154276,-112.99604154351013,-106.53136525446975,108.5832293997459,233.87756721839125
-10.14025125729542,-113.56116075001948,-110.9455381482343,101.387041226375,237.47715605349518
-10.517509743475207,-113.93138104149503,-115.16846402116803,94.07493611577928,240.50168742003115
-10.646706648587994,-114.10088963773211,-119.18252516958017,86.67231470851218,242.94634080996522
-10.528340296763387,-114.06838957729975,-122.9735060030872,79.20431476116742,244.80788993657723
-10.167784759845418,-113.83707225551818,-126.53097637536005,71.69530476595513,246.08465045011917
-9.5748318377943,-113.4144093804739,-129.84852730248952,64.16839184151657,246.77641279417986
-8.763056089571663,-112.8117778350625,-132.92385464765778,56.644963439667364,246.8843633351136
-7.749036675235654,-112.04393785207337,-135.75869334434512,49.14428145940019,246.41099756605618
-6.551475526814052,-111.1283905364023,-138.35861119385095,41.68314540131369,245.3600296206431
-5.190254953393026,-110.08464489572555,-140.73267688852928,34.27563833035181,243.73630249515512
-3.6854791068285344,-108.93342705933549,-142.89302143903745,26.932965801269564,241.5457032571875
-2.0565428119166,-107.6958652573492,-144.85431546507127,19.663393755736145,238.79508712237862
-0.3212682318444493,-106.39268346349726,-146.633186774455,12.472286969813208,235.4922136373752
1.5048550790278767,-105.04343450394964,-148.2476033132503,5.36224518423707,231.64569736449596
3.409297691801825,-103.66580007966633,-149.71624599754438,-1.6666701476179875,227.2649744842449
5.3829640955550815,-102.27498074987119,-151.05789426851862,-8.61662926797387,222.36028568523787
7.420500078833001,-100.88319370620204,-152.29084461837073,-15.491661468257732,216.94267467237216
9.52043007127501,-99.49929036450882,-153.4323790135913,-22.297232352818163,211.02400066246423
11.68512990891644,-98.12849964941441,-154.49829630284268,-29.039788225545863,204.6169624142768
13.920649194285527,-96.77229657946899,-155.50251554938134,-35.72628511134122,197.73513070730283
16.236405328369447,-95.42838961238357,-156.45675597522052,-42.363719318571924,190.39298577192244
18.64477798954344,-94.09081441802795,-157.37029403549164,-48.958675034311426,182.60595600151123
21.160637936891888,-92.75011655509635,-158.24979423071252,-55.51690236797673,174.3904543413506
23.80084716382849,-91.39360118742789,-159.09920676831047,-62.042936696762226,165.7639090330785
26.583768313057192,-90.00562474483411,-159.91972224218557,-68.53976731240675,156.74478586764263
29.528819643654515,-88.56790156770492,-160.70977123306125,-75.00856042263236,147.35259971981918
32.656107569818026,-87.0597983179745,-161.46505524839702,-81.44843870724124,137.60791385926143
35.986161848001025,-85.45859050298854,-162.1785948071499,-87.85631703613743,127.53232630267046
39.539789008334154,-83.73965900044155,-162.84078079992247,-94.22679175881073,117.14844323940126
43.33804792606612,-81.87661006387067,-163.43941656322463,-100.55207927148646,106.47984028326128
47.40233802916977,-79.84130988786254,-163.95974041273516,-106.82199842178895,95.55101293128482
51.75457627355295,-77.60383423315201,-164.3844216614328,-113.02399074189067,84.38731811705064
56.417424626847364,-75.1323444969542,-164.6935273357324,-119.14317249798694,73.01490910312275
61.41451650106404,-72.39291341943475,-164.86446177221097,-125.16241305925973,61.46066615025889
66.77061960787606,-69.3493356069254,-164.87188684048093,-131.06243504923285,49.75212542587532
72.511665369089,-65.96296931554586,-164.68763643637334,-136.82193305193894,37.91740846938203
78.66457254227353,-62.19266542223451,-164.28064479135995,-142.41770918990477,25.985154233924252
85.25679619135357,-57.99484608000966,-163.61691364747267,-147.82482554863086,13.984455287338061
92.31554331664655,-53.3237980797328,-162.65954799038872,-153.0167750621614,1.944799206754297
99.86661370337276,-48.13224339483146,-161.3688933138769,-157.96567396567718,-10.10398442580357
107.93284864592414,-42.37224096890143,-159.7028087937574,-162.6424801385658,-22.131771694204637
116.53220031708688,-35.99645906710513,-157.61710979167196,-167.01724248601136,-34.1081876307269
125.67546915900891,-28.959836465737773,-155.06620937654185,-171.05938683775486,-46.002646700704275
135.36379359568397,-21.221623978215074,-152.00398176025206,-174.7380435958073,-57.78439264933118
145.58601285625912,-12.747766504262346,-148.38486058967908,-178.0224214819755,-69.42254032431654
156.31605659482176,-3.5135517626912716,-144.16517204976972,-180.88223019733806,-80.88612239454432
167.51054096554307,6.4935824922174135,-139.30468711090143,-183.2881526212901,-92.1441440114167
179.10676664842225,17.27122284722817,-133.7683596935126,-185.2123644028399,-103.16564838724975
191.0213172592639,28.799302621587763,-127.52819900784787,-186.6290955320174,-113.91979598546261
203.14944463080303,41.03775648368279,-120.56520610086989,-187.51522486952166,-124.37595952826375
215.36539971577204,53.92469803455625,-112.87128814413816,-187.8508948484943,-134.50383634945746
227.5238247338564,67.37530430711774,-104.45105076005989,-187.62012986943668,-144.2735787773614
239.4622654814114,81.28156986548252,-95.32336021914017,-186.81143854248324,-153.65594226862538
251.00479567187972,95.513057460641,-85.52256498386308,-185.4183771582676,-162.6224499813704
261.9666722317353,109.91872329442864,-75.09927084568878,-183.4400498535121,-171.14557143189865
272.1598670257822,124.32983545992695,-64.12057635884618,-180.88152012120634,-179.19891189187675
281.39925238302465,138.56393783525385,-52.66969540557291,-177.75410879381346,-186.75740831255638
289.5091608497129,152.42974330533198,-40.84492087972301,-174.07555553329803,-193.79752686963425
296.3299990077406,165.73277491723866,-28.75791633863612,-169.87002424218915,-200.2974567568773
301.724575008958,178.28151675586884,-16.531359139482532,-165.167937619231,-206.23729465133576
305.5838021513708,189.8937928588322,-4.2959966503381395,-160.00563217106912,-211.59921435019544
307.8314669261729,200.40306635073495,7.812786088748112,-154.42483210697247,-216.36761643668302
308.42779806547867,209.66434481675188,19.65875616055132,-148.47194834357336,-220.52925345317226
307.37163988043494,217.55939277668,31.1088228866476,-142.1972169124381,-224.0733269089956
304.70111364055737,224.00098721756234,42.03705395908628,-135.65369893073574,-226.99155347697973
300.49273879940057,228.93600503997223,52.32853654612479,-128.89617148034682,-229.2781988786729
294.8590748244021,232.34719800883525,61.88290679281633,-121.97994478082134,-230.93007915593012
287.94502760030554,234.25358629476182,70.61738667805022,-114.95964552724749,-231.9465302104084
279.92303586084955,234.70948022530138,78.46919280185907,-107.88800887184269,-232.32934759996783
270.9874080622942,233.80221561194008,85.39721554412918,-100.81472205194135,-232.08269955657136
261.34811531267167,231.6487555880699,91.38290670596705,-93.78536102944672,-231.21301699129012
251.22435995534207,228.3913667888952,96.43035634466202,-86.840457774703,-229.72886484685932
240.8382325191203,224.19261668916252,100.56558201452519,-80.01473020395535,-227.64079953024904
230.40874397117483,219.22996021550784,103.83509311355563,-73.33649958927698,-224.9612173023236
220.1464788654483,213.6901871163815,106.30382695092192,-66.82731193071741,-221.7041984269161
210.24906231357508,207.7639881764863,108.0525794955148,-60.50177080307138,-217.88535160436342
200.89757443259745,201.6408705729931,109.17507123817254,-54.36758008936814,-213.52166275988552
192.2539847689313,195.50461373438355,109.77479665377474,-48.42578630614169,-208.63135165512986
184.45962048359638,189.52941072997157,109.96180458171445,-42.671202383887874,-203.23373907372982
