t1,t2
69.62,104.905
69.44124496762416,104.85778281568443
69.25191562670993,104.76615457521734
69.0523357269425,104.63015669682237
68.84283709181395,104.44985582353121
68.62375836657941,104.22534373452218
68.39544375201964,103.9567372164007
68.15824173105045,103.64417789502617
67.91250379519998,103.28783202868017
67.6585831779026,102.8878902635546
67.396833601433,102.44456735271453
67.12760804412689,101.95810183985876
66.85125753431065,101.42875570935746
66.5681299770905,100.85681400419368
66.27856901983766,100.24258441356817
65.98291296185295,99.58639683204909
65.68149371330469,98.88860289225396
65.37463580811401,98.1495754731445
65.06265547501283,97.36970818609223
64.74585977053181,96.5494148409345
64.42454577718568,95.68912889428762
64.09899986962418,94.78930288241473
63.76949705100708,93.85040784096111
63.43630036134927,92.87293271387023
63.099660359071166,91.85738375377873
62.759814676483444,90.80428391615928
62.41698764943985,89.7141722494371
62.07139002091053,88.58760328324944
61.723218717764496,87.42514641694804
61.3726566996083,86.22738531036491
61.01987287810995,84.99491727876975
60.66502210484832,83.72835269384731
60.308245225367365,82.42831439241345
59.94966919678739,81.09543709447195
59.5894072660312,79.7303668320912
59.22755920546378,78.33376039045191
58.86421160252071,76.90628476228414
58.49943819971389,75.44861661677783
58.13330028125162,73.96144178391314
57.76584710239619,72.4454547550203
57.397116357602464,70.90135820024062
57.027134683436344,69.32986250342529
56.655918192260174,67.73168531487433
56.28347303269253,66.1075511221886
55.90979597289946,64.45819083938055
55.534875002852004,62.78434141426855
55.158689951788276,61.08674545406318
54.781213117244995,59.36615086894363
54.40240990217064,57.62331053331905
54.02223945679859,55.85898196437268
53.64065532213945,54.07392701739734
53.25760607214683,52.26891159734895
52.87303595181505,50.44470538597066
52.486885508680515,48.60208158377375
52.09909221541593,46.74181666610324
51.70959108142738,44.864690152465684
51.31831525158556,42.97148438825349
50.925196590441296,41.06298433796535
50.53016625049139,39.139977388994765
50.13315522326959,37.203253165037665
49.73409487223966,35.25360334815682
49.332917446659636,33.29182150853381
48.929556575767904,31.31870294093821
48.52394774281113,29.335044506948545
48.11602873859032,27.341644481970267
47.70574009434348,25.339302406111255
47.29302549391065,23.32881893799508
46.877832165238985,21.310995710616677
46.46011125138226,19.286635188372962
46.03981816122896,17.25654052443164
45.61691290025827,15.221515417635702
45.19136038167209,13.182363968178075
44.76313071828394,11.139890531318342
44.33219949556509,9.09489956845498
43.8985480262517,7.048195494907338
43.46216358690738,5.0005825238050985
43.02303963681358,2.9528645055256186
42.58117601952569,0.9058447621641945
42.13657914738836,-1.1396740834335082
41.6892621692486,-3.182890284504019
41.23924512154275,-5.223003153446076
40.786555062863414,-7.2592132514869245
40.33122619203648,-9.29072258523114
39.873299949658886,-11.316734810345004
39.412825102964575,-13.336455442587674
38.949857813801906,-15.349092076359886
38.48446168942166,-17.35385461090012
38.01670781569232,-19.349955484218782
37.54667477227946,-21.33660991482315
37.07444862925144,-23.31303615124764
36.60012292450436,-25.27845572936722
36.12379862133782,-27.232093737436667
35.64558404545996,-29.173179088762602
35.16559480065756,-31.100944801881482
34.68395366233534,-33.01462828808302
34.2007904481094,-34.91347164608598
33.716241864633815,-36.79672196364131
33.23045132984805,-38.66363162580537
32.74356876985638,-40.51345862959633
32.25575038968987,-42.34546690471571
31.767158417257306,-44.15892663998699
31.277960819863488,-45.95311461513534
30.788330992763015,-47.727314537501826
30.29844741932314,-49.48081738325936
29.808493302492618,-51.21292174266814
29.318656167412453,-52.92293416888243
28.82912743515917,-54.61016952979423
28.340101967782086,-56.27395136237236
27.851777584979658,-57.913612228932074
27.36435455295762,-59.52849407474583
26.878035046221004,-61.1179485863819
26.39302258327092,-62.68133755013675
25.90952143740506,-64.21803320990612
25.427736024055495,-65.72741862381966
24.94787026633606,-67.20888801894714
24.470126940713186,-68.6618471433682
23.994707004955778,-70.08571361488227
23.52180891075856,-71.47991726562488
23.051627903667956,-72.84390048184562
22.584355313166274,-74.17711853809547
22.120177835986496,-75.47903992506775
21.659276815934316,-76.74914667033327
21.20182752368222,-77.98693465121212
20.74799844017096,-79.19191389902883
20.297950547403957,-80.36360889400424
19.85183663054682,-81.5015588500483
19.409800595346006,-82.60531798873325
18.97197680495507,-83.6744558017428
18.53848944030196,-84.70855730111572
18.10945188814476,-85.70722325662744
17.684966160945347,-86.67007041968142
17.265122352638375,-87.59673173311559
16.849998134286885,-88.48685652636567
16.439658293495086,-89.34011069546654
16.034154321292753,-90.15617686741707
15.63352405001486,-90.93475454848108
15.237791345475548,-91.6755602560463
14.846965856477084,-92.37832763371772
14.461042824404498,-93.04280754937719
14.080002955336703,-93.66876817599953
13.703812356756263,-94.25599505507681
13.332422540566206,-94.80429114256485
12.965770493725387,-95.31347683733037
12.603778817397174,-95.78338999214232
12.246355935072675,-96.21388590731816
11.893396369683977,-96.60483730720081
11.544781089266813,-96.95613429971006
11.200377920272082,-97.26768431927704
10.8600420271635,-97.53941205353573
10.523616456480095,-97.77125935420918
10.190932743091034,-97.96318513268882
9.861811575930215,-98.1151652408657
9.53606352007363,-98.2271923378279
9.21348979161811,-98.29927574309183
8.893883081438602,-98.33144127708498
8.577028423547109,-98.32373108964292
8.262704103453085,-98.27620347732442
7.950682601635139,-98.1889326903854
7.640731566980569,-98.06200873028368
7.332614814835019,-97.89553713861221
7.026093344130945,-97.68963877838063
6.7209263679327815,-97.444449608578
6.4168723516498005,-97.16012045296124
6.113690053124914,-96.83681676401552
5.811139558810146,-96.47471838303126
5.508983310286434,-96.07401929723443
5.20698711547645,-95.63492739489239
4.9049211390329805,-95.15766421929825
4.602560866561133,-94.64246472251135
4.299688037547341,-94.08957701970117
3.996091542120663,-93.49926214490687
3.691568277058704,-92.87179380898355
3.385923956769177,-92.20745816046293
3.0789738753249285,-91.5065535500063
2.770543616002559,-90.76939029907612
2.460469705167746,-89.99629047339684
2.1486002077609587,-89.1875876617167
1.8347952620616859,-88.34362676032254
1.518927551842559,-87.4647637636962
1.2008827144638676,-86.55136556163782
0.8805596838996976,-85.60380974311668
0.5578709681245364,-84.62248440704415
0.23274286072153139,-83.60778798010006
-0.09488441300488581,-82.56012904167778
-0.4250566147204413,-81.4799261559508
-0.7578054754728214,-80.36760771100181
-1.0931487403676527,-79.22361176489501
-1.4310902737018587,-78.0483858985153
-1.771620222421685,-76.8423870749426
-2.114715235473396,-75.60608150507879
-2.460338736343626,-74.33994451919465
-2.8084412458449144,-73.04446044402147
-3.158960751991403,-71.72012248496955
-3.5118231236307835,-70.36743261301915
-3.866942564350804,-68.98690145579798
-4.2242221030635125,-67.57904819232964
-4.583554117586521,-66.14440045091433
-4.944820887487296,-64.68349420958386
-5.307895172434195,-63.196873698557994
-5.672640812304051,-61.68509130411847
-6.038913345329853,-60.14870747331183
-6.4065606406325575,-58.58829061888946
-6.775423541565079,-57.004417023897126
-7.145336516403949,-55.39767074533044
-7.516128313050773,-53.76864351628627
-7.887622614551939,-52.117934646051054
-8.259638692406307,-50.44615091758596
-8.631992054806348,-48.75390648188884
-9.004495087145067,-47.041822748736934
-9.37695768231769,-45.31052827333857
-9.749187858549858,-43.56065863845346
-10.12099236269271,-41.79285633156861
-10.492177257135475,-40.00777061675097
-10.862548488697813,-38.206057400831085
-11.231912438073572,-36.38837909360733
-11.600076448605053,-34.55540446179468
-11.966849333367607,-32.70780847648123
-12.33204185974049,-30.84627215388967
-12.695467210826532,-28.97148238927943
-13.056941423261746,-27.084131783861814
-13.416283801123097,-25.184918464636993
-13.773317305799857,-23.27454589709624
-14.12786892183733,-21.353722690770525
-14.47976999889421,-19.42316239763778
-14.828856570072404,-17.483583303435758
-15.174969646983534,-15.53570821195828
-15.517955492006738,-13.580264222443367
-15.85766586827021,-11.617982500188454
-16.193958267951896,-9.649598040557713
-16.526696119545182,-7.675849426568275
-16.85574897477206,-5.697478580267238
-17.180992675850703,-3.715230508132252
-17.502309503836408,-1.7298530407460886
-17.819588308755378,0.2579034329841665
-18.132724622241163,2.2472862367806106
-18.44162075336326,4.237540682822985
-18.74618586830872,6.227910352143887
-19.046336054540532,8.217637379272743
-19.34199437001273,10.205962740805116
-19.6330908779718,12.192126547565598
-19.919562667819466,14.175368340032175
-20.20135386245293,16.154927386686442
-20.478415612437058,18.130042984954926
-20.750706077300148,20.099954764407805
-21.01819039418117,22.063902991886483
-21.280840633993055,24.0211288782334
-21.538635745205866,25.97087488630656
-21.791561485294395,27.912385039967305
-22.039610339840237,29.844905233739112
-22.282781429227928,31.767683542844615
-22.521080402830354,33.67997053334075
-22.7545193205402,35.581019572080734
-22.98311652147348,37.47008713624742
-23.20689647964826,39.34643312221407
-23.425889646427326,41.20932115350324
-23.640132279508048,43.05801888762838
-23.849666258247563,44.891798321619305
-24.054538885124973,46.70993609604484
-24.254802673167163,48.511713797364365
-24.450515119199196,50.29641825845344
-24.641738462825156,52.063341857164
-24.828539431100484,53.81178281279669
-25.01098896892157,55.54104548037446
-25.189161955232954,57.25044064262409
-25.363136905236257,58.93928579958492
-25.532995658876466,60.60690545577738
-25.698823055981386,62.25263140487701
-25.8607065985364,63.8758030118524
-26.018736100689285,65.47576749253469
-26.173003327196987,67.05188019059845
-26.323601621147553,68.60350485194205
-26.470625521913483,70.13001389646358
-26.614170374417505,71.63078868723551
-26.754331930915665,73.10521979708771
-26.891205946625195,74.55270727261096
-27.02488777064325,75.97266089559812
-27.155471933717124,77.36450044194096
-27.283051734534,78.72765593800088
-27.40771882629829,80.06156791447036
-27.529562805455008,81.36568765774109
-27.648670804496952,82.6394774587877
-27.76512709086099,83.88241085957381
-27.87901267397228,85.09397289697813
-27.990404922534022,86.27366034423105
-28.099377194183596,87.42098194984237
-28.2059984796419,88.53545867399077
-28.310333063471482,89.61662392233208
-28.412440203529282,90.66402377717225
-28.5123738311516,91.67721722593562
-28.61018227404172,92.65577638684428
-28.70590800374449,93.59928673170936
-28.799587409487227,94.50734730571719
-28.891250600043193,95.37957094407801
-28.980921235132705,96.21558448538585
-29.068616387719214,97.01502898152232
-29.154346438383662,97.77755990391775
-29.23811500277223,98.50284734596714
-29.31991889291028,99.19057622137942
-29.399748112963074,99.84044645822301
-29.47758588979965,100.4521731884136
-29.55340873848615,101.02548693237452
-29.62718656259781,101.56013377858581
-29.698882788998795,102.05587555772419
-29.768454536497206,102.51249001108374
-29.83585281754218,102.92977095295659
-29.901022771892684,103.30752842664297
-29.96390393095592,103.64558885375267
-30.024430511269703,103.94379517645329
-30.08253173539002,104.2020069923177
-30.138132178243684,104.42010068141936
-30.19115213682004,104.59796952532545
-30.241508020905428,104.73552381763884
-30.289112762412536,104.8326909657444
-30.333876240724422,104.88941558342096
-30.375705721362674,104.90565957398921
-30.414506305199755,104.88140220367555
-30.45018138537085,104.81664016488524
-30.482633108998357,104.71138762909216
-30.511762840824908,104.56567628906944
-30.53747162585748,104.37955539020369
-30.55966064815633,104.15309175065552
-30.578231682957103,103.88636977015116
-30.593087539392297,103.57949142721333
-30.604132491178298,103.23257626466382
-30.611272692755406,102.8457613632571
-30.614416578508656,102.41920130333004
-30.613475242856058,101.95306811438144
-30.60836279916646,101.44755121252335
-30.598996715657908,100.90285732577455
-30.58529812662996,100.31921040719646
-30.567192117595166,99.69685153590034
-30.544607983095077,99.03603880598368
-30.517479456211994,98.33704720348334
-30.485744909016883,97.60016847145982
-30.44934752342411,96.82571096335575
-30.408235432153045,96.01399948479768
-30.36236182972242,95.16537512403667
-30.311685053623602,94.28019507124604
-30.256168636032214,93.35883242692023
-30.195781326620924,92.40167599963799
-30.130497087229053,91.40913009347486
-30.060295059324783,90.38161428536797
-29.985159505361306,89.31956319275301
-29.905079725279926,88.22342623180742
-29.820049949547183,87.09366736664936
-29.730069210231466,85.93076484985035
-29.635141191724482,84.73521095463161
-29.53527406279596,83.50751169911995
-29.430480291734092,82.24818656304646
-29.32077644637097,80.95776819727351
-29.206182980821282,79.63680212654006
-29.086724010773807,78.28584644581414
-28.96242707917056,76.9054715106415
-28.833322914087045,75.49625962187665
-28.699445180591432,74.05880470517934
-28.56083022831003,72.59371198565334
-28.417516836364058,71.10159765799983
-28.269545957267585,69.58308855254957
-28.116960461292503,68.03882179752947
-27.95980488271183,66.4694444779125
-27.798125169231888,64.87561329118711
-27.63196843581651,63.25799420037612
-27.461382723994006,61.61726208462204
-27.2864167676228,59.95410038764643
-27.107119765974105,58.26920076438008
-26.92354116487283,56.563262726050965
-26.73573044652057,54.836993284004535
-26.543736928510416,53.09110659252369
-26.347609572431455,51.32632359090327
-26.147396802353782,49.5433716450263
-25.943146333382987,47.74298418867918
-25.734905010377553,45.925900364836394
-25.522718656833753,44.09286466713519
-25.306631933861908,42.24462658175688
-25.086688209104913,40.38194022992292
-24.862929435386132,38.50556401120943
-24.6353960388189,36.61626024787933
-24.40412681606391,34.71479483042776
-24.16915884038503,32.801936864531726
-23.930527376127237,30.878458319595623
-23.688265801223118,28.945133679079888
-23.4424055373263,27.00273959280066
-23.192975987171373,25.052054531387714
-22.940004478769286,23.093858443088784
-22.683516216064987,21.128932413107343
-22.42353423570985,19.158058325665323
-22.160079369633852,17.182018528980585
-21.893170213141445,15.201595503352639
-21.62282309830035,13.21757153255188
-21.34905207244192,11.230728378707951
-21.07186888164616,9.241846960897671
-20.791282959141775,7.2517070376316175
-20.507301418611533,5.261086893441725
-20.21992905245512,3.2707630297725023
-19.929168335123407,1.2815098603796526
-19.635019431700467,-0.7059005885621437
-19.33748021197029,-2.690698973438308
-19.03654627026389,-4.672118923061186
-18.73221095143808,-6.649397323226295
-18.42446538338895,-8.621774595764103
-18.113298516549886,-10.588494971897472
-17.7986971708648,-12.548806759723337
-17.480646090762544,-14.501962605639768
-17.15912800868489,-16.44721974955305
-16.83412371773983,-18.383840273708127
-16.505612154063343,-20.311091344993397
-16.173570489472482,-22.228245450589178
-15.837974234985149,-24.134580626839686
-15.498797355762358,-26.02938068124516
-15.15601239799946,-27.911935407487952
-14.809590628251964,-29.781540793424444
-14.459502185630475,-31.6374992219947
-14.105716247235986,-33.4791196650228
-13.748201207133727,-35.305717869902836
-13.386924869078388,-37.116616539189174
-13.021854653109324,-38.911145503132836
-12.652957816027985,-40.68864188523434
-12.280201685656372,-42.448450260903485
-11.903553908650627,-44.18992280934907
-11.522982711512908,-45.91241945884448
-11.138457174305906,-47.61530802554406
-10.749947516429863,-49.29796434605149
-10.357425393672756,-50.95977240396899
-9.960864205591506,-52.60012445068263
-9.560239412127684,-54.21842112066504
-9.155528858205969,-55.8140715416027
-8.746713104910032,-57.38649343967794
-8.333775765678988,-58.935113240362405
-7.916703845822241,-60.45936616509475
-7.495488083509795,-61.9586963242414
-7.070123290263805,-63.43255680675346
-6.6406086888558065,-64.88040976695055
-6.206948246404053,-66.30172650887627
-5.76915100036954,-67.69598756868044
-5.327231375068605,-69.06268279549356
-4.8812094862562,-70.4013114312637
-4.43111143128861,-71.7113821900295
-3.976969562349087,-72.99241333710388
-3.518822740215642,-74.24393276863798
-3.0567165660672355,-75.4654780920318
-2.5907035888668446,-76.65659670764441
-2.120843485922787,-77.81684589224723
-1.6472032143190063,-78.94579288464588
-1.16985713101748,-80.04301497387719
-0.6888870795726216,-81.108099590365
-0.2043824415582236,-82.14064440039289
0.28355984900895415,-83.14025740422278
0.7748353297588046,-84.10655703815658
1.2693320738538105,-85.03917228080373
1.7669307947077506,-85.93774276377957
2.2675049923092025,-86.8019188870208
2.7709211416425443,-87.6313619388627
3.277038923403749,-88.42574422097715
3.7857114969049963,-89.18474917822859
4.296785814747571,-89.90807153345565
4.810102978523629,-90.59541742714023
5.32549863448536,-91.24650456187689
5.842803407798369,-91.86106235150704
6.3618433736777185,-92.43883207473372
6.882440563393621,-92.9795670329843
7.404413502831616,-93.48303271224081
7.927577781003219,-93.94900694851064
8.451746645630683,-94.37728009656581
8.976731622674372,-94.76765520153364
9.50234315644045,-95.11994817288144
10.028391266698076,-95.43398796029753
10.554686219054659,-95.70961673093404
11.08103920468581,-95.94669004744291
11.607263025395374,-96.14507704620519
12.13317277989234,-96.30466061512648
12.65858654711606,-96.42533757034664
13.18332606242054,-96.5070188311915
13.707217382442678,-96.54962959267739
14.230091534528318,-96.55310949486697
14.751785146674665,-96.51741278836542
15.27214105406442,-96.44250849524163
15.791008878419497,-96.32838056465852
16.30824557658439,-96.17502802249989
16.823715954962488,-95.9824651142888
17.33729314666963,-95.75072144070394
17.848859048535633,-95.47984208501617
18.35830471537452,-95.16988773178609
18.865530709253537,-94.8209347761867
19.370447401818396,-94.43307542334135
19.872975228072427,-94.00641777709686
20.373044890359573,-93.54108591768359
20.870597511658175,-93.03721996775074
21.36558473765555,-92.49497614630197
21.857968787435105,-91.91452681009729
22.347722452966046,-91.29606048212919
22.834829047938012,-90.63978186682507
23.319282306824782,-89.94591185167315
23.801086235389814,-89.21468749501622
24.280254914159315,-88.44636199980457
24.756812256682352,-87.64120467314754
25.230791724670397,-86.799500871552
25.702236002357854,-85.92155193178414
26.17119663265,-85.00767508733851
26.637733617820572,-84.05820337054779
27.101914987691814,-83.07348550041154
27.563816338368945,-82.05388575626989
28.023520344711457,-80.99978383749202
28.481116249804018,-79.91157470939301
28.936699334740062,-78.78966843563495
29.390370372051727,-77.63448999740758
29.842235066111574,-76.44647909972277
30.292403483795123,-75.22608996519313
30.74098947863008,-73.97379111569916
31.18811011156899,-72.69006514238232
31.633885071410727,-71.37540846442846
32.07843609776017,-70.03033107713787
32.52188640926269,-68.65535628979875
32.964360139676984,-67.25102045390655
33.40598178416291,-65.81787268229057
33.84687565795983,-64.35647455972726
34.28716536942003,-62.867399845635575
34.72697330914191,-61.3512341694622
35.16642015672232,-59.80857471937554
35.605624406418656,-58.240029924896014
36.04470191278113,-56.64621913409679
36.483765457087955,-55.02777228601097
36.92292433518967,-53.38532957888761
37.36228396715093,-51.71954113493417
37.801945528865176,-50.03106666218414
38.2420056056156,-48.320575114123166
38.68255586736462,-46.58874434770182
39.123682765375065,-44.83626078035514
39.56546724960235,-43.06381904664012
40.00798450614702,-41.27212165509095
40.45130371392451,-39.46187864587934
40.8954878195927,-37.6338072498529
41.340593329679734,-35.78863154950971
41.786670118775504,-33.9270821424466
42.23376125258743,-32.0498958078056
42.68190282462025,-30.15781517621675
43.13112380521494,-28.25158840371767
43.581445901676545,-26.33196885010523
44.0328834282346,-24.39971476215094
44.48544318460965,-22.455588962084924
44.93912434200806,-20.50035854172628
45.39391833543151,-18.53479456260833
45.849808761267724,-16.559671762416965
46.3067712792237,-14.575768268028007
46.764773517770635,-12.583865315397498
47.22377498239172,-10.584746976520089
47.68372696605394,-8.579199893640522
48.144572461468954,-6.5680130208591585
48.60624607485698,-4.551977373236873
49.0686739410858,-2.531885783462676
49.531773640219704,-0.5085326661054123
49.99545411568026,1.51728621057264
50.45961559438999,3.5447739453071767
50.92414950944057,5.573132717141245
51.38893842599639,7.601563991512794
51.85385597131075,9.629268719327428
52.31876676989585,11.655447529276115
52.783526385042975,13.679300913700944
53.24798126803997,15.700029408368303
53.7119687165728,17.71683376655568
54.17531684392736,19.728915127909797
54.637844560725284,21.73547518258399
55.09936157103019,23.73571633121248
55.55966838474943,25.72884184132809
56.018556348327124,27.71405600087796
56.47580769577769,29.690564269538
56.931195622142816,31.65757342857169
57.38448438146848,33.6142917300198
57.835429411390834,35.55992904605095
58.28377748638904,37.493697019333325
58.72926690171086,39.41480921532718
59.17162768989959,41.32248127742297
59.6105818717507,43.21593108587611
60.04584374340192,45.09437892150898
60.47712020111166,46.957047635165424
60.90411110510871,48.80316282391187
61.32650968369943,50.631953014982116
61.744002978600975,52.44264985845909
62.15627233222761,54.23448832967547
62.56299391739728,56.00670694230049
62.963839309643596,57.75854797304945
63.35847610202167,59.48925769892493
63.74656856198133,61.19808664785488
64.12777832955419,62.88428986354414
64.50176515576132,64.54712718529932
64.86818767980104,66.18586354352104
65.22670424322176,67.79976927148434
65.57697373892785,69.38812043394645
65.918656492509,70.95019917303135
66.2514151730295,72.48529407174448
66.57491573006573,73.99270053536515
66.88882835344299,75.4717211908565
67.19282845179686,76.92166630431107
67.4865976457783,78.34185421633158
67.76982477143244,79.73161179511649
68.04220688901866,81.09027490688851
68.30345029230173,82.41718890316903
68.55327151313784,83.71170912426368
68.79139831600523,84.97320141818471
69.01757067699214,86.20104267409683
69.23154174165518,87.39462136923287
69.43307875610314,88.55333812808962
69.62196396564472,89.67660629257793
69.7979954753676,90.76385250167266
69.96098806708872,91.81451727897982
70.11077396723574,92.82805562652167
70.24720356038425,93.80393762292717
70.37014604338742,94.74164902411268
70.47949001529142,95.64069186444416
70.57514399853065,96.50058505628911
70.65703688724098,97.32086498579548
70.72511831891322,98.101086102676
70.7793589660312,98.8408215017311
70.81975074479618,99.53966349381157
70.84630693852858,100.19722416390694
70.85906223385408,100.81313591404148
70.85807266832231,101.3870519886757
70.84341548866588,101.91864698033912
70.81518891948144,102.40761731326597
70.77351184269892,102.85368170286557
70.71852338879273,103.25658158893575
70.65038244127672,103.61608154061909
70.56926705660594,103.93196963120691
70.4753738021783,104.20405778101669
70.36891701568305,104.43218206670112
70.25012798957458,104.61620299549274
70.11925408495588,104.75600574304474
69.9765577796297,104.85150035369547
69.82231565551473,104.90262190216006
69.65681733102232,104.90933061583628
69.48036434434633,104.87161195710165
69.29326899392692,104.78947666517296
69.09585314261071,104.66296075729808
68.88844699223816,104.49212548924874
68.67138783554542,104.2770572752839
68.44501879237048,104.01786756795059
68.20968753720032,103.71469269828616
67.96574502508923,103.36769367717613
67.71354422291665,102.97705595880723
67.45343885283943,102.54298916733441
67.18578215462688,102.06572678804876
66.91092567335303,101.54552582449354
66.62921807865806,100.98266642312467
66.34100402148644,100.37745146724777
66.04662303386368,99.730206142088
65.74640847689145,99.04127747295941
65.44068654172744,98.31103383859497
65.12977530787362,97.53986446178017
64.81398386263125,96.7281788794986
64.49361148509644,95.87640639484586
64.16894689757218,94.98499551300608
63.840267586764426,94.05441336360033
63.50783919661805,93.08514511172207
63.171914994136884,92.07769335996213
62.832735409024046,91.03257754369962
62.4905276474816,89.95033332189483
62.14550538002312,88.83151196556679
61.79786850268555,87.67667974607097
61.44780297057959,86.48641732521604
61.09548070229512,85.2613191491674
60.74105955328236,84.00199284798988
60.3846833559626,82.7090586425696
60.026482023988116,81.38314876054552
59.666571717769045,80.0249068627547
59.30505506811809,78.63498748157066
58.942021454633434,77.21405547238194
58.57754733524484,75.76278547932385
58.21169662318951,74.2818614162391
57.84452110756246,72.7719759637065
57.476060913498415,71.2338300828387
57.10634499799144,69.66813254641414
56.735391677338654,68.07559948777431
56.363209182209026,66.45695396778694
55.98979623638076,64.81292556004591
55.61514265526374,63.14424995436074
55.23922996042086,61.45166857846636
54.86203200642436,59.735928237775326
54.48351561652608,57.99778077288856
54.10364122378323,56.23798273448253
53.7223635144589,54.457295075100156
53.33963207070895,52.65648285728872
52.955392009769426,50.83631497745271
52.56958461706984,48.99756390472094
52.18214797091527,47.14100543406911
51.793017556599,45.26741845288218
51.402126868030905,43.37758472010357
51.009407995184304,41.47228865707462
50.61479219588202,39.55231714914264
50.21821045065215,37.618459357092334
49.81959399958839,35.67150653744077
49.418874860343394,33.71225187062718
49.015986326568125,31.74149029612732
48.61086344628217,29.760018353525346
48.203443479818944,27.768634028585698
47.793666337134965,25.76813660338164
47.38147499440344,23.759326509557287
46.96681588992658,21.743005183819438
46.54963929950227,19.719974924789106
46.12989969146323,17.691038750366403
45.70755606167549,15.657000254800124
45.28257224883495,13.61866346468768
44.85491723043761,11.576832693169653
44.42456539982035,9.532312391623122
43.991496824676936,7.485906998199298
43.55569748744646,5.438420782593671
43.117159507952444,3.3906576864800537
42.6758813486389,1.343421159083872
42.2318680027072,-0.702486012584763
41.785131165404415,-2.7462618792770126
41.33568938865393,-4.78710551121878
40.883568219149254,-6.824217186342756
40.4288003199582,-8.856798585342915
39.97142557560519,-10.884052993814
39.51149118051718,-12.905185511696251
39.04905171063445,-14.919403270204459
38.58416917790338,-16.925915656379996
38.116913067285154,-18.923934545364936
37.647360355834266,-20.912674540458895
37.17559551332426,-22.89135322098025
36.70171048382781,-24.85919139792026
36.22580464759557,-26.81541337733631
35.74798476252233,-28.75924723140167
35.26836488444479,-30.68992507699097
34.78706626548074,-32.60668336164823
34.304217229597526,-34.50876315675132
33.81995302458907,-36.39541045765429
33.33441564964596,-38.265876490557794
32.84775365772336,-40.11941802582625
32.360121931947624,-41.95529769744079
31.87168143535463,-43.77278432824648
31.382598933321702,-45.571153260622374
30.893046688139872,-47.349686692177265
30.40320212527715,-49.10767401604027
29.91324747100121,-50.844412165292844
29.423369361166507,-52.55920596105878
28.933758421122324,-54.25136846374294
28.444608816865045,-55.92022132688358
27.956117777739696,-57.56509515305801
27.468485091190047,-59.18532985125723
26.98191257026358,-60.78027499512149
26.49660349479479,-62.34929018140732
26.01276202741657,-63.89174538803395
25.53059260578191,-65.40702133104082
25.050299312617867,-66.89450981976464
24.572085225473227,-68.35361410953314
24.0961517482641,-69.78374925115477
23.622697926961177,-71.18434243647263
23.151919751998072,-72.55483333923969
22.684009450208638,-73.89467445056516
22.21915476932054,-75.20333140817597
21.757538258238995,-76.48028331873496
21.29933654654677,-77.7250230724576
20.84471962682093,-78.93705764927253
20.393850143521895,-80.11590841577714
19.94688269234116,-81.26111141225167
19.503963134003236,-82.37221762900491
19.065227926596,-83.44879327134564
18.630803480555997,-84.49042001249207
18.200805540455942,-85.49669523375712
17.775338597730393,-86.46723225137549
17.354495338430954,-87.40166052936974
16.93835613002377,-88.29962587788947
16.52698855112854,-89.16079063649595
16.12044696794972,-89.98483384190784
15.71877216096744,-90.77145137977021
15.321991005237983,-91.52035612005793
14.930116207402175,-92.23127803577856
14.543146102217587,-92.90396430469319
14.161064511115622,-93.53817939383421
13.78384066494272,-94.13370512665752
13.41142919267595,-94.69034073272988
13.043770177511163,-95.20790287991622
12.680789281308986,-95.6862256890963
12.322397937953982,-96.1251607315069
11.968493615738442,-96.52457700887152
11.618960148428414,-96.88436091654711
11.27366813421014,-97.20441618998194
10.932475401252336,-97.48466383484568
10.59522753816136,-97.7250420412548
10.261758487151843,-97.92550608257996
9.931891197313298,-98.08602819938064
9.605438334925072,-98.2065974690702
9.282203047362666,-98.28721966196767
8.961979776752106,-98.32791708444367
8.644555119168702,-98.3287284099139
8.329708724846393,-98.28970849847548
8.017214234566492,-98.21092820601977
7.7068402471334085,-98.09247418368703
7.398351312622098,-97.93444866855569
7.091508945899225,-97.73696926648181
6.786072654780705,-97.50016872801946
6.481800977091108,-97.2241947183641
6.1784525208387,-96.90920958226563
5.875787001712547,-96.55539010485678
5.573566272145534,-96.1629272693353
5.271555336268888,-95.73202601242599
4.9695233452086525,-95.26290497853014
4.667244567341257,-94.75579627344584
4.364499328332214,-94.21094521851339
4.061074916026247,-93.62861010600577
3.756766445537421,-93.00906195654483
3.4513776801990197,-92.35258427927995
3.1447218043753074,-91.65947283551837
2.836622144503682,-90.93003540644548
2.5269128351238574,-90.16459156551562
2.215439427060243,-89.36347245604142
1.902059435342478,-88.52702057444326
1.5866428248829205,-87.65558955956256
1.2690724323679667,-86.74954398837946
0.9492443232588865,-85.80925917840513
0.6270680832395925,-84.83512099696308
0.30246704387893786,-83.82752567749823
-0.024621557296944374,-82.78687964299897
-0.35424648171875184,-81.7135993365426
-0.686442458671289,-80.60811105892382
-1.0212302167974627,-79.4708508132539
-1.3586165764732758,-78.30226415637199
-1.6985946009902726,-77.10280605684386
-2.041143804174366,-75.87294075927726
-2.386230411792921,-74.61314165463506
-2.73380767385631,-73.32389115617323
-3.0838162246993512,-72.00568058060183
-3.436184487546244,-70.65901003401521
-3.79082912010432,-69.28438830211837
-4.1476554976136875,-67.88233274423331
-4.506558229685311,-66.45336919055822
-4.867421707204457,-64.9980318421179
-5.230120675543491,-63.516863172842754
-5.594520830332028,-62.01041383318736
-5.960479432056745,-60.47924255470726
-6.327845935821296,-58.92391605499745
-6.696462632673972,-57.34500894240482
-7.066165299012956,-55.74310361993412
-7.436783850704453,-54.118790187765946
-7.80814299868735,-52.47266634383453
-8.18006290300046,-50.8053372819116
-8.552359822337124,-49.11741558668108
-8.924846756420841,-47.40952112529355
-9.297334078686017,-45.68228093493347
-9.669630156953916,-43.93632910594143
-10.041541959997234,-42.17230666008234
-10.412875648100508,-40.390861423565624
-10.783437145932645,-38.5926478944674
-11.153032696258238,-36.77832710423944
-11.521469393224136,-34.94856647301453
-11.888555694156832,-33.104039658471706
-12.254101909007327,-31.24542639804165
-12.617920666764743,-29.373412344290166
-12.97982735834459,-27.488688893333432
-13.339640555622957,-25.59195300619675
-13.697182406451592,-23.683907023042774
-14.052279005630968,-21.765258470251844
-14.404760741957023,-19.836719860352325
-14.754462621575826,-17.899008484843836
-15.101224567988176,-15.952846199988073
-15.444891699142389,-13.998959205660466
-15.785314582130113,-12.038077817403787
-16.122349466070364,-10.070936231830352
-16.45585849381592,-8.098272285566939
-16.785709893159794,-6.1208272079378325
-17.11177814824261,-4.139345367625245
-17.43394415188004,-2.1545740135436686
-17.752095339528942,-0.1672630102047421
-18.06612580560659,1.8218354321576617
-18.375936402855874,3.811967032396635
-18.68143482542573,5.802375717898437
-18.982535676298415,7.792303908346428
-19.279160519652923,9.780992803475858
-19.571237918706746,11.767682674499357
-19.858703459521518,13.75161315885925
-20.14149976120298,15.732023557983196
-20.41957647286156,17.7081531376967
-20.692890257640393,19.679241430970105
-20.961404764050513,21.64452854265811
-21.22509058479302,23.603255455916987
-21.483925203183237,25.554664339968404
-21.737892927234927,27.49799885890586
-21.986984811405584,29.43250448123592
-22.23119856595218,31.35742878985623
-22.47053845380268,33.27202179219516
-22.70501517480636,35.175536230230264
-22.934645737196355,37.067227890136955
-23.159453316070348,38.9463559113101
-23.379467098681626,40.81218309453692
-23.59472211632324,42.66397620909241
-23.805259062592338,44.50100629856459
-24.011124097831768,46.322548985211085
-24.212368639570165,48.1278847726825
-24.409049138812872,49.91629934695146
-24.601226842078898,51.68708387530201
-24.78896753913292,53.43953530326028
-24.97234129642273,55.172956649344115
-25.151422176306557,56.88665729754463
-25.32628794223478,58.57995328744563
-25.49701975014241,60.25216760192146
-25.663701826405248,61.902630452345974
-25.826421132819405,63.53067956127796
-25.9852670191735,65.13566044257948
-26.140330864101063,66.71692667895407
-26.291705705019265,68.27384019688144
-26.43948585808425,69.8057715389512
-26.583766529217534,71.31210013359409
-26.72464341738128,72.79221456221583
-26.86221231140487,74.24551282375333
-26.996568681782943,75.67140259666003
-27.127807268982355,77.06930149834723
-27.256021669902953,78.4386373420914
-27.381303924240296,79.77884839143289
-27.50374410258969,81.08938361207393
-27.6234298982139,82.36970292129504
-27.740446224465973,83.61927743488891
-27.854874819916198,84.837589711618
-27.966793863273534,86.0241339951854
-28.07627760021881,87.17841645369958
-28.183395984276864,88.29995541661137
-28.288214333846867,89.38828160907654
-28.39079300748482,90.44293838369924
-28.491187099487497,91.46348194958347
-28.58944615776452,92.4494815986182
-28.685613925902416,93.40051992889383
-28.77972811122463,94.31619306514288
-28.871820180530904,95.19611087607038
-28.96191518506327,96.03989718843103
-29.050031616090948,96.84718999768734
-29.136181292335603,97.61764167506519
-29.220369280274053,98.35091917081084
-29.302593848155013,99.04670421342817
-29.382846454357075,99.70469350466614
-29.461111770492646,100.32459891000225
-29.537367739434238,100.90614764435948
-29.6115856682031,101.4490824527718
-29.68373035542107,101.95316178570717
-29.7537602527845,102.41815996873704
-29.82162765977864,102.84386736623624
-29.887278950612185,103.2300905387835
-29.95065483211888,103.57665239392551
-30.011690631147772,103.88339232996306
-30.070316609747557,104.15016637240957
-30.126458306247205,104.37684730277405
-30.180036900144927,104.56332477931544
-30.230969598544398,104.70950544942113
-30.279170041720924,104.81531305326214
-30.324548725264197,104.88068851838655
-30.367013436128353,104.90559004491786
-30.406469699827294,104.88999318103724
-30.442821235941786,104.83389088843916
-30.475970419058807,104.73729359746514
-30.505818742240653,104.60022925163554
-30.532267280122777,104.42274334131868
-30.55521714876561,104.20489892629475
-30.574569959434772,103.9467766469955
-30.59022826355763,103.64847472422146
-30.602095986199096,103.31010894716535
-30.610078845516327,102.93181264959347
-30.614084755788706,102.51373667406644
-30.614024211774453,102.05604932410485
-30.609810652316877,101.55893630423755
-30.60136080131,101.02260064789557
-30.58859498433273,100.44726263314558
-30.571437419470627,99.83315968628709
-30.54981648106311,99.18054627336271
-30.523664935338665,98.48969377966547
-30.49292014712918,97.7608903773488
-30.45752425708505,96.9944408812798
-30.41742432904215,96.1906665932955
-30.372572467418493,95.34990513505575
-30.322925904740593,94.47251026970308
-30.268447059613766,93.55885171257106
-30.209103565656605,92.60931493119799
-30.14486827211524,91.62430093492709
-30.075719217055617,90.60422605439449
-30.00163957420095,89.54952171121684
-29.922617574636543,88.4606341782159
-29.838646404741276,87.33802433051976
-29.749724081827924,86.1821673879036
-29.655853309077358,84.99355264873105
-29.55704131143909,83.77268321587768
-29.453299654238144,82.5200757150111
-29.344644046279495,81.23626000562086
-29.231094129272904,79.921778885179
-29.112673255417526,78.57718778682822
-28.989408254982806,77.20305447098114
-28.861329195705338,75.79995871121926
-28.728469135788423,74.36849197487837
-28.590863872243204,72.9092570986927
-28.44855168625125,71.42286795987847
-28.301573087154953,69.9099491430147
-28.149970556600806,68.37113560308784
-27.993788294267237,66.80707232504088
-27.83307196651033,65.21841398017605
-27.667868459153212,63.605824579732385
-27.498225635534954,61.96997712596708
-27.324192100819026,60.31155326104329
-27.145816973445186,58.63124291402617
-26.963149664491187,56.92974394627888
-26.77623966559256,55.20776179552914
-26.585136345955206,53.46600911888345
-26.38988875888119,51.70520543503764
-26.19054545812223,49.9260767659417
-25.987154324269934,48.12935527814886
-25.77976240129727,46.31577892409022
-25.568415743272983,44.4860910834882
-25.353159271190687,42.6410402051353
-25.134036639777346,40.78137944924048
-24.911090114081624,38.90786633055079
-24.684360455585555,37.021262362451814
-24.453886817534045,35.12233270223454
-24.219706649140615,33.211845797731684
-23.981855608296996,31.290573035503332
-23.74036748239688,29.35928839077121
-23.495274116872196,27.418768079278497
-23.246605351041538,25.469790211273356
-22.994388960875813,23.513134447792748
-22.738650608304766,21.549581659445757
-22.479413796709302,19.579913587874714
-22.216699832278536,17.60491251009576
-21.950527790945515,15.6253609059027
-21.68091449066123,13.642041128532123
-21.40787446881491,11.65573507878978
-21.131419964660765,9.66722388282772
-20.8515609066704,7.677287573783199
-20.568304904786764,5.686704777469623
-20.281657247619876,3.696252402333405
-19.99162090468375,1.7067053338686993
-19.69819653383881,-0.281163866295568
-19.401382494162704,-2.2665852564451647
-19.101174864534123,-4.248791805754696
-18.797567468268255,-6.227019679996803
-18.490551904196575,-8.20050852178795
-18.18011758463193,-10.168501725176835
-17.86625178069996,-12.130246704399667
-17.54893967555763,-14.08499515661372
-17.228164426044167,-16.032003318451025
-16.90390723333523,-17.970532216221432
-16.57614742317915,-19.899847909627443
-16.24486253630134,-21.819221728843633
-15.910028429552646,-23.72793050484944
-15.571619388364374,-25.625256792897808
-15.229608251042134,-27.510489089038032
-14.883966545394397,-29.38292203961739
-14.534664638142782,-31.241856643705802
-14.18167189749821,-33.086600448420015
-13.824956869219626,-34.91646773712728
-13.46448746638517,-36.73077971055262
-13.100231173017495,-38.528864660816375
-12.732155261597121,-40.310058138475156
-12.36022702438945,-42.073703112644026
-11.98441401838499,-43.81915012432472
-11.604684323526714,-45.545757433071415
-11.221006813756826,-47.25289115717235
-10.833351440276422,-48.93992540753372
-10.441689526259061,-50.606242415496205
-10.045994072109766,-52.25123265483073
-9.646240070206764,-53.874294958186425
-9.24240482790548,-55.474836628299705
-8.83446829743433,-57.05227354428137
-8.42241341115551,-58.606030263340465
-8.00622642052106,-60.13554011830753
-7.585897236908696,-61.640245311357916
-7.161419772392819,-63.11959700433731
-6.732792278377609,-64.57305540612509
-6.300017679911603,-66.00008985746912
-5.8631039033995265,-67.40017891375197
-5.4220641953459925,-68.77281042614908
-4.976917429698062,-70.11748162164591
-4.527688401301591,-71.43369918239372
-4.074408102960927,-72.72097932487058
-3.617113983577534,-73.97884787932686
-3.155850184861368,-75.20684036997406
-2.6906677541392217,-76.40450209638144
-2.221624830848967,-77.57138821651843
-1.748786804386567,-78.7070638318798
-1.272226441085479,-79.81110407509726
-0.7920239782349903,-80.88309420043257
-0.3082671832025419,-81.92262967751269
0.17894862409610468,-82.92931628864156
0.6695205869367804,-83.90277022999685
1.1633383670675048,-84.84261821697649
1.6602842406231701,-85.74849759393412
2.160233235501831,-86.62005644849265
2.6630533107584995,-87.45695373059422
3.1686055782756775,-88.25885937639191
3.676744566672765,-89.02545443705283
4.18731852709899,-89.75643121248714
4.700169780241703,-90.45149338997888
5.215135103554798,-91.11035618763772
5.7320461573948585,-91.73274650255017
6.250729948430344,-92.31840306345453
6.771009328375563,-92.86707658771643
7.292703525800334,-93.37852994233764
7.815628708469037,-93.8525383086776
8.339598573392045,-94.28888935052781
8.86442496150832,-94.68738338512937
9.389918493687002,-95.04783355668698
9.91588922451658,-95.37006601188769
10.442147310169585,-95.65392007689954
10.968503686466311,-95.8992484352871
11.494770753138742,-96.10591730625153
12.020763060196531,-96.27380662257264
12.546297992234598,-96.40281020760665
13.071196446496899,-96.49283595067115
13.595283500512362,-96.54380598013151
14.118389065166626,-96.55565683348944
14.64034851914367,-96.5283396237644
15.16100332078845,-96.4618202014532
15.680201593579737,-96.3560793113517
16.197798681584768,-96.21111274352474
16.71365767146805,-96.02693147771761
17.227649877867254,-95.80356182051281
17.739655289206944,-95.54104553454988
18.24956297130613,-95.23943995914611
18.757271426444447,-94.89881812167555
19.26268890587011,-94.51926883909196
19.76573367407682,-94.10089680900755
20.266334223520097,-93.64382268977393
20.76442943880664,-93.14818316904362
21.259968709745937,-92.61413102033121
21.752911993021335,-92.04183514712881
22.24322982259187,-91.43148061417739
22.730903269295432,-90.78326866553334
23.215923850462353,-90.09741672912124
23.69829339068567,-89.37415840750384
24.178023835207284,-88.61374345465168
24.655137017677507,-87.81643773854327
25.129664384326283,-86.98252318946953
25.60164667683366,-86.11229773397355
26.071133576422618,-85.20607521439489
26.538183311894567,-84.26418529404545
27.002862234508804,-83.2869733480815
27.4652443627479,-82.27480034019244
27.92541090013305,-81.22804268526143
28.383449729334977,-80.14709209820809
28.839454885887154,-79.03235542925536
29.29352601483239,-77.88425448590932
29.74576781363147,-76.70322584198045
30.196289464634997,-75.48972063400376
30.645204060357507,-74.24420434546151
31.09262802471445,-72.96715657923224
31.53868053327018,-71.65907081873236
31.98348293542014,-70.32045417823213
32.4271581812753,-68.95182714286636
32.869830255853415,-67.55372329886947
33.31162362299233,-66.12668905459964
33.752662681206886,-64.67128335292233
34.19307123349913,-63.18807737554692
34.632971972913175,-61.6776542399251
35.07248598540472,-60.140608689320985
35.51173227136244,-58.57754677668697
35.950827286893464,-56.98908554296941
36.389884505751276,-55.375852690489616
36.82901400256333,-53.73848625203118
37.26832205778979,-52.07763425628225
37.7079107846363,-50.39395439026211
38.14787777793407,-48.68811365937561
38.58831578481121,-46.96078804571757
39.02931239679498,-45.21266216525211
39.470949762817256,-43.444428924483084
39.91330432244517,-41.65678917721053
40.35644655851834,-39.85045138197267
40.800440768259094,-38.02613126073982
41.245344851815304,-36.184551459431134
41.6912101171168,-34.32644121078748
42.138081099855455,-32.45253600013641
42.5859953973585,-30.563577234543708
43.03498351509104,-28.66031191584626
43.48506872452006,-26.743492318016294
43.93626693107624,-24.81387566930427
44.38858655098154,-22.872223839562654
44.84202839575207,-20.91930303313768
45.296585563246666,-18.955883487687444
45.75224333421142,-16.982739179242486
46.20897907335743,-15.000647533812762
46.66676213411958,-13.010389145789848
47.125553766357434,-11.012747503381087
47.58530702639391,-9.008508721253726
48.04596668892215,-6.998461280552234
48.507469160464886,-4.9833957763901875
48.96974239422162,-2.9641046729001554
49.43270580630506,-0.9413820658631208
49.896270193532104,1.0839765470917262
50.36033765310322,3.1111744887704837
50.82480150467763,5.1394141172933185
51.28954621551612,7.167897033707252
51.75444732953683,9.195824282542247
52.219371401287056,11.22239654554556
52.6841759359982,13.246814328901921
53.14870933703646,15.268278144274019
53.61281086220974,17.285988684071206
54.07631059051786,19.299146991382045
54.53902940105749,21.306954625076994
55.00077896589711,23.308613820624466
55.46136175882851,25.303327647213127
55.92057108197874,27.290300161833567
56.37819111231988,29.268736560999393
56.8339969701561,31.237843330855192
57.287754811681395,33.19682839643873
57.7392219477023,35.144901270927875
58.1881469905901,37.08127320571718
58.634270031483865,39.005157342225594
59.07732284968878,40.915768866344216
59.51702915612408,42.81232516648107
59.953104872550846,44.69404599615905
60.38525844817002,46.56015364215812
60.81319121501165,48.40987309919119
61.236597783345026,50.2424322521071
61.65516647812815,52.057062066623836
62.06857981727524,53.852996789567214
62.4765150322683,55.62947415959477
62.87864463135817,57.3857356293406
63.27463700531017,59.12102659990536
63.66415707533433,60.834596668557026
64.04686698251982,62.525699890479906
64.42242681775168,64.19359505533532
64.79049539074597,65.83754597935001
65.15073103648373,67.45682181356676
65.5027924569674,69.05069736881116
65.84633959586839,70.61845345785147
66.18103454327517,72.15937725511696
66.50654246740618,73.672762674255
66.82253256980749,75.15791076368018
67.12867906023111,76.61413012017034
67.42466214707477,78.04073732042545
67.71016903897518,79.43705737039564
67.98489495287438,80.80242417203685
68.2485441236389,82.13618100703302
68.5008308100961,83.43768103687624
68.74148029217169,84.70628781855936
68.97022985366786,85.94137583500178
69.18682974511233,87.14233103917906
69.39104412104294,88.30855141080147
69.58265194606545,89.43944752423852
69.7614478640428,90.53444312626779
69.92724302483552,91.59297572208679
70.07986586312448,92.61449716791876
70.21916282400082,93.59847426841728
70.34499903021114,94.54438937698193
70.45725888619214,95.45174099698917
70.55584661432104,96.32004438186898
70.64068671914316,97.14883213187561
70.7117243757128,97.93765478534185
70.76892573859931,98.6860814021618
70.81227816855883,99.39370013720466
70.84179037435601,100.06011880135149
70.85749246773005,100.68496540783299
70.85943593003606,101.26788870156469
70.84769348964807,101.8085586691947
70.82235890978218,102.30666702762805
70.78354668697997,102.76192768884168
70.73139166108076,103.17407719888386
70.66604853809844,103.54287514903515
70.58769132800319,103.86810455721239
70.49651269997979,104.1495722178155
70.39272325829324,104.38710901834422
70.27655074242819,104.58057022125851
70.1482391556811,104.7298357097067
70.00804782686461,104.83481019591453
69.85625041023079,104.89542339119846
69.69313382912696,104.91163013675175
69.51899716926452,104.88341049453837
69.33415052779935,104.81076979782489
69.13891382469446,104.69373866107665
68.93361558305628,104.53237294914533
68.71859168530187,104.32675370587333
68.49418411213058,104.07698704244162
68.26073967133034,103.78320398598103
68.018608723456,103.44556028916314
67.76814391136436,103.06423620166937
67.50969890049099,102.63943620462109
67.24362713659534,102.1713887092207
66.97028062749999,101.66034572101974
66.6900087550944,101.1065824713769
66.40315712358074,100.51039701781258
66.11006644959929,99.87210981508905
65.81107149949887,99.19206325896064
65.50650007860946,98.47062120463798
65.19667207693641,97.70816846208993
64.88189857523743,96.90511027038205
64.56248101495954,96.06187175329634
64.23871043502075,95.17889735852233
63.91086677791157,94.25665028272361
63.5792182670839,93.29561188479919
63.24402085707818,92.29628108964125
62.90551775733541,91.25917378467759
62.56393903013656,90.18482221144025
62.21950126262618,89.07377435435723
61.872407312405365,87.92659332890027
61.52284612572563,86.74385677113958
61.17099262689014,85.52615623068075
60.81700767706334,84.2740965688492
60.46103810032074,82.98829536389569
60.10321677442505,81.66938232486883
59.743662783510075,80.3179987156938
59.38248162957548,78.93479679085674
59.019765499460924,77.52043924397717
58.655593583761586,76.07559867040503
58.29003244398341,74.60095704484908
57.92313642410598,73.09720521490847
57.55494810262486,71.56504241123064
57.18549878108912,70.00517577489862
56.81480900512,68.41831990249804
56.442889113908066,66.80519640920075
56.06973981421891,65.16653351005543
55.69535277500764,63.50306561957041
55.31971123883147,61.81553296953667
54.9427906463702,60.10468124494518
54.56455927049964,58.371261237727154
54.1849788565249,56.616028517964814
53.804005265352245,54.83974312211127
53.4215891165696,53.043169257683005
53.03767642860625,51.22707502381149
52.652209253349966,49.392232146959735
52.26512630281937,47.53941573106556
51.87636356570459,45.66940402129906
51.485854911815395,43.78297818059689
51.09353268269137,41.88092207807625
50.699328266850586,39.96402208842199
50.30317265836125,38.03306690129527
49.90499699762964,36.088847339816944
49.50473309349117,34.132156187149995
49.102313925879315,32.16378802021375
48.69767412852249,30.184539049565263
48.29075045127831,28.195206964479226
47.88148220186649,26.196590782290485
47.46981166689187,24.189490701059277
47.055684512171,22.17470795466432
46.63905016247538,20.153044669432354
46.219862160895374,18.125303721465418
45.7980785080961,16.092288593837
45.37366198179646,14.05480323288642
44.94658043683843,12.013651902858133
44.516807086241066,9.96963903818522
44.08432076364385,7.923569092757159
43.64910616753792,5.876246385541853
43.21115408767034,3.8284749419953084
42.770461613973396,1.781058330713294
42.327032328334994,-0.26520050515324023
41.880876479470686,-2.309499422176243
41.43201114110385,-4.351037257012045
40.98046035358803,-6.389014013215467
40.52625524903738,-8.422631054809171
40.069434159947704,-10.451091306891275
39.610042711213765,-12.473599463499141
39.14813389536032,-14.489362202926305
38.683768130722626,-16.49758841063602
38.2170133022289,-18.497489409875428
37.74794478435315,-20.488279200067893
37.27664544573449,-22.469174703003226
36.80320563488192,-24.439396016830674
36.32772314632419,-26.398166677801047
35.85030316650187,-28.34471392969107
35.37105819865727,-30.27826900078662
34.89010796593564,-32.198067388289566
34.407579291891764,-34.10334914995842
33.923605957579746,-35.99335920277976
33.438328534409116,-37.86734762842356
32.951894191967035,-39.72456998520494
32.464456480036596,-41.56428762625539
31.97617508409399,-43.385768023558654
31.487215553627685,-45.188285097496866
30.997749002709792,-46.97111955150368
30.507951782343515,-48.73355921141257
30.018005124231404,-50.474899369040465
29.528094755736245,-52.19444312954011
29.03841048595988,-53.891501762007415
28.5491457630243,-55.565395052822204
28.06049720282082,-57.215451661164
27.57266408968495,-58.84100947612086
27.08584784965592,-60.44141597479536
26.600251497199732,-62.016028580773785
26.116079056493568,-63.56421502232083
25.633534958606763,-65.08535368962447
25.152823416145417,-66.57883399041489
24.674147777173825,-68.04405670324707
24.197709860462314,-69.4804343277387
23.723709274357034,-70.88739143102582
23.252342721798396,-72.26436498970304
22.783803294250667,-73.6108047264925
22.318279757521886,-74.92617344089206
21.855955832665778,-76.20994733304265
21.39700947535291,-77.4616163200535
20.94161215727393,-78.68068434403556
20.489928153301275,-79.86666967108643
20.042113838267806,-81.01910518049247
19.598316997338653,-82.1375386434144
19.15867615403379,-83.22153299035064
18.72331992002183,-84.27066656668083
18.29236637082775,-85.28453337562745
17.865922451598305,-86.26274330798941
17.444083417026825,-87.20492235804281
17.02693230947072,-88.11071282503211
16.61453947918882,-88.9797734997148
16.206962150482088,-89.81177983546907
15.804244037349587,-90.60642410351214
15.406415012056552,-91.36341553183406
15.01349082977191,-92.08248042749548
14.62547291215168,-92.76336228200145
14.242348192441483,-93.40582185951189
13.864089024330537,-94.00963726771825
13.490653156430515,-94.57460401126953
13.121983773861341,-95.10053502770123
12.758009608019835,-95.58726070588196
12.398645115180278,-96.03462888705839
12.043790724132677,-96.44250484864907
11.69333315261607,-96.81077127099884
11.347145791841296,-97.13932818737773
11.005089157940008,-97.42809291756787
10.667011408712174,-97.67699998545136
10.332748923593252,-97.8860010210698
10.00212694431299,-98.05506464769051
9.674960273290251,-98.18417635446889
9.351054026390699,-98.27333835535326
9.030204436286388,-98.32256943492838
8.712199702286755,-98.3319047819416
8.39682088217576,-98.30139581129889
8.08384282128517,-98.23110997535585
7.77303511376287,-98.12113056536312
7.4641630907669185,-97.9715565039537
7.1569888301213425,-97.78250212958291
6.851272181823999,-97.55409697384925
6.546771803687477,-97.28648553263618
6.24324620133577,-96.97982703202132
5.940454766759263,-96.63429518989861
5.638158809661814,-96.2500779742552
5.336122575902967,-95.82737735903113
5.03411424745609,-95.36640907847394
4.731906918460987,-94.86740238087836
4.42927954214623,-94.33059978257012
4.1260178436358785,-93.75625682296383
3.821915193924589,-93.14464182148183
3.5167734406137665,-92.49603563708335
3.210403691333444,-91.81073143110082
2.9026270461396404,-91.08903443403526
2.5932752755581507,-90.33126171690193
2.2821914413527047,-89.53774196766744
1.9692304575114843,-88.70881527325284
1.654259589377478,-87.8448329075196
1.3371588892858632,-86.94615712559309
1.0178215675095945,-86.01316096480751
0.6961542977573654,-85.04622805250041
0.37207745689936544,-84.04575242080973
0.045525299026552446,-83.01213832857218
-0.28355393563981934,-81.94580009034665
-0.6151979760682913,-80.84716191253605
-0.9494305386693824,-79.71665773650705
-1.2862614068182054,-78.55473108856232
-1.625686569652622,-77.3618349365515
-1.967688417838863,-76.13843155286142
-2.3122359937133794,-74.88499238347654
-2.659285292957451,-73.60199792274679
-3.0087796147339674,-72.28993759346874
-3.3606499570269346,-70.94930963183457
-3.714815453759389,-69.58062097678273
-4.071183850140246,-68.1843871632392
-4.429652012589369,-66.76113221872808
-4.790106469527883,-65.31138856279311
-5.152423979281517,-63.83569690867117
-5.516472121342433,-62.33460616662978
-5.882109907253664,-60.8086733483898
-6.249188407432731,-59.25846347203547
-6.6175513903230385,-57.684549466824585
-6.987035970359354,-56.087512077316134
-7.357473261354603,-54.467939766231794
-7.728689032049735,-52.826428615495914
-8.100504360727726,-51.163582224896395
-8.47273628595832,-49.48001160784685
-8.84519845072689,-47.776335083733564
-9.217701737389056,-46.053178166375
-9.590054891097672,-44.31117344812954
-9.962065129550714,-42.55096047923614
-10.333538737122362,-40.773185641986785
-10.704281641648256,-38.978502019373494
-11.074099972346962,-37.16756925788724
-11.442800597569775,-35.34105342417067
-11.810191641271942,-33.499626855280255
-12.176082977300062,-31.643968002330276
-12.540286700777546,-29.774761267348655
-12.902617576056063,-27.892696833190563
-13.26289346086919,-25.998470486413556
-13.620935706489696,-24.09278343303279
-13.976569533837687,-22.17634210713132
-14.329624385627394,-20.249857972316295
-14.679934254762049,-18.314047316056776
-15.027337989297216,-16.369631036971406
-15.371679574391571,-14.417334425152589
-15.712808391744357,-12.457886935662433
-16.050579457091263,-10.492021955341363
-16.38485363638304,-8.520476563118272
-16.715497841316907,-6.543991284012762
-17.04238520491706,-4.563309837064287
-17.36539523788118,-2.5791788774206896
-17.684413966411885,-0.5923477328591478
-17.99933405225009,1.396431864993943
-18.310054895607905,3.3864060544414114
-18.616482721676512,5.376819122197049
-18.918530651349144,7.3669137862533205
-19.216118756757986,9.355931482809602
-19.509174102178207,11.343112656941827
-19.797630770796395,13.327697056670402
-20.081429877786668,15.308924030103084
-20.36051957007408,17.286032825306343
-20.63485501310542,19.25826289258232
-20.904398364881015,21.224854188808745
-21.169118737440645,23.18504748352573
-21.428992145931552,25.138084666437138
-21.684001445329297,27.08320905602072
-21.93413625482372,29.01966570893736
-22.179392869830256,30.946701729939143
-22.419774161540982,32.86356658199889
-22.655289463886437,34.769512396375575
-22.885954447748034,36.663794282364435
-23.111790982231323,38.545670636471414
-23.332826982795446,40.414403450787624
-23.549096246021815,42.269258620331485
-23.760638270808226,44.10950624916308
-23.967498065781786,45.934420955068745
-24.169725942746396,47.743282172648065
-24.36737729600934,49.535374454639125
-24.56051236747204,51.30998777133307
-24.74919599742217,53.06641780795587
-24.933497361022813,54.80396625989205
-25.11348969056725,56.52194112565952
-25.289249983645327,58.219656997539495
-25.46085869745814,59.89643534979827
-25.62839942961192,61.551604824431564
-25.791958585828255,63.18450151439356
-25.951625035115242,64.7944692442656
-26.10748975306223,66.38085984834827
-26.259645454037816,67.94303344615274
-26.408186213195645,69.48035871529116
-26.553207079314866,70.9922131617639
-26.694803679627512,72.47798338764731
-26.8330718179085,73.93706535620058
-26.968107067223393,75.36886465439846
-27.100004358847226,76.77279675291588
-27.228857568976345,78.14828726357463
-27.35475910496057,79.49477219427794
-27.477799492875874,80.81169820144116
-27.598066968343666,82.09852283993881
-27.715647072573915,83.3547148105683
-27.8306222556704,84.57975420503791
-27.943071489280726,85.7731327484703
-28.053069890703885,86.9343540394047
-28.160688360582128,88.0629337872778
-28.265993236299295,89.15840004734008
-28.36904596318678,90.22029345296498
-28.46990278559743,91.24816744528154
-28.568614459849005,92.2415885000592
-28.66522599096048,93.20013635174581
-28.759776395007922,94.12340421455563
-28.852298488810824,95.01099900047583
-28.94281870852655,95.86254153405278
-29.031356958579895,96.67766676379604
-29.117926492186857,97.45602397001986
-29.20253382455049,98.19727696893065
-29.28517867960914,98.90110431274212
-29.36585397101029,99.5671994855926
-29.444545817762624,100.1952710950127
-29.521233594792516,100.78504305868502
-29.59589001839568,101.33625478621369
-29.668481266336247,101.84866135561538
-29.73896713210395,102.32203368422367
-29.80730121259907,102.75615869369321
-29.873431128275374,103.1508394687743
-29.937298774537425,103.50589540952521
-29.99884060296108,103.82116237661923
-30.057987930687915,104.09649282939912
-30.11466727613821,104.33175595633088
-30.168800718993815,104.52683779750397
-30.220306282225554,104.68164135883006
-30.26909833377942,104.79608671759199
-30.31508800539575,104.87011111900298
-30.358183625915256,104.90366906344121
-30.398291166327294,104.89673238403601
-30.43531469374064,104.84929031429256
-30.46915683140498,104.7613495454567
-30.499719221883307,104.63293427333609
-30.52690299047205,104.46408623431304
-30.550609205986397,104.25486473030196
-30.57073933607289,104.00534664242772
-30.58719569427944,103.71562643322177
-30.599881876203607,103.38581613715922
-30.60870318215215,103.01604533938301
-30.613567023877337,102.60646114249089
-30.614383313106707,102.15722812128473
-30.6110648297515,101.66852826541391
-30.60352756786208,101.14056090986918
-30.591691057596258,100.57354265331537
-30.575478661673596,99.96770726428025
-30.554817845006422,99.32330557524291
-30.52964041642146,98.64060536469964
-30.499882741614233,97.91989122730678
-30.46548592670852,97.16146443223514
-30.426395972023066,96.36564276989039
-30.38256389587536,95.53276038718744
-30.333945828475287,94.66316761158367
-30.280503076177958,93.7572307641085
-30.222202156572713,92.81533196163957
-30.159014805083086,91.8378689087067
-30.090917953937993,90.82525467911447
-30.017893684546483,89.77791748769832
-29.93992915446634,88.69630045254422
-29.85701650029794,87.58086134801047
-29.769152717960598,86.43207234891048
-29.67633952191626,85.25041976622106
-29.57858318499522,84.03640377468496
-29.475894360551678,82.79053813269562
-29.368287888730176,81.51334989484259
-29.255782588661294,80.20537911751111
-29.138401038422796,78.86717855791777
-29.016169344605768,77.49931336698043
-28.889116903310065,76.102360776406
-28.757276154363275,74.67690978037572
-28.620682330514803,73.22356081221739
-28.479373203297424,71.74292541643081
-28.333388827180258,70.23562591644014
-28.18277128355536,68.70229507842473
-28.02756442601148,67.14357577158998
-27.867813628249014,65.56012062521235
-27.70356553588614,63.95259168279722
-27.534867823294665,62.3216600536632
-27.361768956492124,60.66800556227521
-27.184317962998165,58.99231639562319
-27.002564209446025,57.295288748931426
-26.81655718762415,55.577626469990335
-26.626346309505227,53.84004070237107
-26.431980711708363,52.083249527790514
-26.233509069729713,50.30797760786729
-26.030979422174447,48.514955825522534
-25.824439005122517,46.70492092624868
-25.61393409667088,44.87861515947887
-25.399509871608142,43.0367859202646
-25.181210266104358,41.180185391485566
-24.959077852228457,39.309570186791596
-24.733153722047213,37.42570099447163
-24.50347738101195,35.529342222459114
-24.27008665029662,33.62126164465656
-24.033017577721864,31.70223004877836
-23.79230435687677,29.773020885889657
-23.547979254040413,27.83440992184305
-23.300072542500097,25.887174890789332
-23.04861244387085,23.932095150958066
-22.793625076033436,21.96995134288486
-22.53513440733287,20.001525050287622
-22.273162216706808,18.027598463776123
-22.007728059449974,16.048954047580736
-21.738849238365,14.066374209507629
-21.466540780095702,12.080640974305402
-21.190815416492768,10.092535660649375
-20.911683570916168,8.102838561932089
-20.62915334944063,6.112328631075289
-20.343230536987928,4.1217831695546145
-20.053918598474965,2.1319775208485288
-19.76121868512562,0.14368476850345724
-19.46512964615973,-1.84232456096806
-19.165648046128233,-3.8252827901661863
-18.862768188224006,-5.8044253776521115
-18.556482143947818,-7.778991199381289
-18.24677978956214,-9.748222824516807
-17.93364884980565,-11.711366785443253
-17.61707494937935,-13.667673841808117
-17.297041672748097,-15.616399238406181
-16.973530632820705,-17.556802956756286
-16.646521549089062,-19.488149960210936
-16.31599233580856,-21.409710432470984
-15.981919200802166,-23.32076000936609
-15.644276755451564,-25.220580003801828
-15.303038136417086,-27.10845762377128
-14.958175139589201,-28.9836861833661
-14.609658366731216,-30.845565306717198
-14.25745738521218,-32.693401124835134
-13.901540901159251,-34.52650646534146
-13.541876946282885,-36.34420103508672
-13.178433078532642,-38.14581159569803
-12.81117659664444,-39.930672132105414
-12.440074768525356,-41.69812401413987
-12.06509507330713,-43.44751615129922
-11.686205456766285,-45.178205140827814
-11.30337459967708,-46.88955540926519
-10.916572198517358,-48.58093934766347
-10.525769257804832,-50.25173744067897
-10.130938393186051,-51.901338389787526
-9.732054144246645,-53.52913923089923
-9.329093295859792,-55.13454544665715
-8.922035206730897,-56.716971073750784
-8.510862143647755,-58.275838805581515
-8.095559619793066,-59.810580090656366
-7.676116735338473,-61.32063522708633
-7.252526518398762,-62.80545345360542
-6.824786264302908,-64.2644930375273
-6.39289787101943,-65.69722136008713
-5.956868168476735,-67.1031149996096
-5.516709239427554,-68.48165981296945
-5.072438729435175,-69.832351015817
-4.624080143510305,-71.15469326203237
-4.171663126887845,-72.44820072289033
-3.715223727423723,-73.71239716640275
-3.2548046370957326,-74.94681603731341
-2.7904554101288674,-76.15100053819566
-2.322232655314176,-77.32450371210827
-1.850200200172786,-78.46688852723717
-1.374429224714417,-79.57772796394549
-0.8949983626720783,-80.65660510461741
-0.4119937682404178,-81.70311322666937
0.07449085348098627,-82.71685589907364
0.5643542539367914,-83.697447082698
1.0574876878427446,-84.64451123474582
1.5537750003323794,-85.55768341753306
2.0530927554137204,-86.43660941181153
2.555310406345967,-87.28094583479339
3.0602905082645524,-88.09036026300183
3.5678889730772365,-88.8645313600191
4.077955366348844,-89.60314900916546
4.590333245568727,-90.30591445108519
5.1048605388791,-90.97254042617628
5.621369963019786,-91.60275132175117
6.1396894789201735,-92.19628332376006
6.659642783060186,-92.75288457286916
7.181049832410932,-93.27231532463091
7.703727400475557,-93.75434811344218
8.22748966166462,-94.19876791993342
8.752148800983935,-94.60537234139397
9.277515645766478,-94.97397176479117
9.803400315966233,-95.30438954190461
10.32961288933281,-95.5964621660538
10.855964077627695,-95.85003944986657
11.382265909903246,-96.06498470350103
11.908332418768078,-96.24117491270518
12.433980325486187,-96.37850091607186
12.959029719726907,-96.47686758082557
13.483304729781803,-96.53619397645896
14.006634179093842,-96.55641354552154
14.528852225019582,-96.53747427085364
15.04979897584371,-96.47933883855177
15.56932108220753,-96.38198479594882
16.08727229927597,-96.24540470389506
16.603514016174703,-96.0696062826306
17.117915749453086,-95.85461255055142
17.630355597589734,-95.60046195518238
18.140720653831274,-95.3072084956912
18.648907374961446,-94.97492183629657
19.154821903917824,-94.60368740994804
19.658380344503364,-94.19360651168626
20.159508986793846,-93.74479638111976
20.658144482192746,-93.2573902734923
21.15423396745107,-92.73153751884712
21.6477351373256,-92.16740356883962
22.138616265916035,-91.56517003078565
22.626856177071588,-90.92503468858065
23.112444164609308,-90.24721151016396
23.595379863414653,-89.53193064125637
24.075673072820223,-88.77943838514045
24.553343533960202,-87.9899971683
25.028420663075927,-87.1638854917907
25.500943243013246,-86.30139786825367
25.970959075382964,-85.4028447445394
26.438524596069115,-84.46855240994896
26.903704456945135,-83.49886289015816
27.36657107681645,-82.4941338269254
27.82720416472653,-81.45473834373816
28.285690218861063,-80.38106489758805
28.742122004342292,-79.2735171171187
29.196598013243566,-78.13251362742211
29.64922191015792,-76.95848786179816
30.100101966625587,-75.75188786083906
30.549350487679106,-74.51317605922341
30.997083233682094,-73.2428290606474
31.443418840539746,-71.94133740134052
31.888478241228267,-70.60920530265643
32.33238409144988,-69.24695041324085
32.77526020205113,-67.85510354131343
33.21723098066524,-66.43420837760985
33.658420884838684,-64.98482120956498
34.09895388869899,-63.50751062732209
34.53895296500518,-62.00285722216563
34.97853958419378,-60.47145327800241
35.417833231811834,-58.913902456506584
35.85695094549379,-57.33081947656625
36.29600687241455,-55.72282978865919
36.735111847918,-54.09056924480792
37.174372995804475,-52.4346837647451
37.6138933505404,-50.75582899893516
38.05377150145131,-49.05466998907804
38.49410125875764,-47.33188082673734
38.934971341132986,-45.58814431071104
39.3764650842937,-43.82415160375457
39.818660169968396,-42.04060188927278
40.26162837446137,-40.2382020285637
40.70543533589611,-38.417666219201166
41.15014033912398,-36.57971565511015
41.59579611718928,-34.72507818889518
42.0424486681789,-32.854487996940925
42.4901370862294,-30.968685247802426
42.938893405437355,-29.068415774363025
43.38874245539968,-27.154430750239197
43.83970172712201,-25.227486370863588
44.29178124805174,-23.288343539670958
44.74498346503766,-21.33776755976551
45.19930313407024,-19.37652783144388
45.65472721573419,-17.405397555899075
46.11123477539392,-15.425153445398928
46.56879688723035,-13.436575440219682
47.027376541369094,-11.440446432556433
47.48692855346229,-9.43755199761609
47.9473994762294,-7.428680132041525
48.408727512602624,-5.414620999802298
48.870842430283645,-3.396166685621765
49.333665477673975,-1.374110955988677
49.797109301312005,0.6507509722616032
50.26107786511185,2.6776226558302696
50.725466371874404,4.705706641402186
51.19016118771055,6.734204674803214
51.65503977018014,8.762317903041515
52.11997060112088,10.78924706948037
52.58481312529604,12.814192702419263
53.049417696147415,14.836355297430016
53.51362553007835,16.854935493819188
53.977268670831904,18.869134245664306
54.44016996564692,20.878152987901707
54.90214305498955,22.88119379801394
55.36299237774551,24.877459553888855
55.822513193842894,26.866154088491054
56.280491626335106,28.846482342033234
56.736704725012245,30.817650512360512
57.19092055363661,32.77886620432902
57.64289830289507,34.72933857898091
58.09238843114533,36.66827850337563
58.53913283498339,38.59489870194672
58.98286505159966,40.50841391030937
59.42331049479576,42.408041032451216
59.860186726424516,44.29299930228001
60.293203764871855,46.16251045049483
60.72206443204109,48.01579887777829
61.14646474011429,49.85209183531199
61.566094319152285,51.67061961359835
61.980636886368444,53.47061574058761
62.3897707576553,55.25131719007542
62.79316940167435,57.011964601332984
63.19050203652357,58.75180251087859
63.58143426869488,60.47007959728499
63.96562877370765,62.16604893985412
64.34274601747398,63.83896829195367
64.71244501710169,65.48810036972739
65.07438413949373,67.11271315683767
65.42822193574581,68.7120802258206
65.7736180089829,70.28548107653135
66.11023391292404,71.83220149208415
66.43773407811005,73.3515339125745
66.75578676238982,74.84277782677792
67.06406502192563,76.3052401818861
67.36224769866736,77.73823581124006
67.65002041994465,79.14108787987908
67.92707660555595,80.51312834760904
68.19311847748013,81.85369844914112
68.44785806711955,83.16214919073039
68.69101821479569,84.43784186260362
68.92233355606189,85.68014856631346
69.1415514892858,86.88845275603263
69.34843311887516,88.06214979265135
69.54275416848837,89.2006475094163
69.72430585857798,90.30336678770281
69.89289574267158,91.36974214139855
70.04834849689209,92.39922230824358
70.19050665736725,93.39127084636797
70.31923130036725,94.34536673414699
70.43440266024942,95.26100497140777
70.5359206805702,96.13769717993281
70.62370549404986,96.97497220111961
70.69769782744349,97.77237668860418
70.75785932777733,98.52947569359533
70.80417280685316,99.24585324063763
70.83664240139794,99.92111289148762
70.85529364674281,100.55487829478993
70.86017346244496,101.14679371923931
70.85135004881938,101.69652456794405
70.82891269391467,102.20375787173631
70.7929714910488,102.6682027592373
70.7436569676069,103.0895909015487
70.68111962639172,103.46767692953156
70.60552940140268,103.80223882172787
70.51707503049428,104.09307826109931
70.41596334792627,104.34002095888333
70.3024185003601,104.5429169440049
70.17668109037275,104.7016408166381
70.03900725204818,104.81609196467107
69.88966766365944,104.88619474200307
69.72894650287297,104.9118986077797
69.55714035027962,104.89317822586253
69.37455704738798,104.83003352402052
69.18151451549548,104.72248971252753
68.97833954208699,104.57059726204989
68.76536654158707,104.37443184090773
68.54293629741784,104.13409421199226
68.31139469238713,103.84971008982018
68.07109143444555,103.5214299583976
67.82237878481479,103.14942885075587
67.56561029539525,102.7339060912007
67.3011395622209,102.27508500149231
67.0293190015315,101.77321257233594
66.75049865479309,101.22855910171712
66.46502502870801,100.64141780175562
66.17323997593074,100.01210437588534
65.875479621836,99.34095656828059
65.57207334228514,98.62833368754869
65.26334279690857,97.87461610680333
64.94960102196295,97.08020474229677
64.63115158634697,96.24552051285248
64.30828781386451,95.37100378237301
63.98129207432288,94.45711378773385
63.65043514553966,93.50432805437296
63.3159756478218,92.51314180188997
62.97815955196786,91.48406734193814
62.63721976134588,90.41763347067129
62.29337576810512,89.31438485794953
61.9468333831043,88.17488143544591
61.59778453868645,86.99969778573437
61.246407162992554,85.78942253434067
60.8928651241018,84.54465774665562
60.5373082419037,83.26601833149287
60.17987236526281,81.95413145297802
59.82067951171692,80.60963595232066
59.45983806667076,79.2331817809086
59.09744303879796,77.82542944602041
58.7335763681574,76.38704947033617
58.36830728335314,74.9187218662768
58.0016927039287,73.42113562606488
57.63377768408888,71.89498822827645
57.264595893770334,70.34098516149903
56.89417013305371,68.75983946558999
56.52251287590583,67.15227129088238
56.14962683927657,65.51900747557562
55.775505573630156,63.86078114140447
55.40013407108154,62.17833130757509
55.02348938741688,60.47240252282722
54.64554127441606,58.74374451539384
54.266252819045974,56.99311186051252
53.88558108626461,55.22126366504759
53.503477762366686,53.428963268713325
53.11988979599471,51.61697796128741
52.73476003415155,49.78607871514999
52.34802785076141,47.93703993240276
51.959629765550275,46.07063920578942
51.56950005123276,44.18765709256864
51.17757132721753,42.28887690046845
50.78377513825681,40.37508448479989
50.38804251668459,38.44706805580729
49.990304527089606,36.505617995289704
49.590492792471736,34.551526681536345
49.188540001115015,32.58558832159434
48.78438039359288,30.60859878991292
48.37795022948188,28.62135547239578
47.96918823351163,26.624657114905027
47.55803602101943,24.619303675297456
47.14443850269502,22.606096178070384
46.72834426871144,20.5858365707397
46.3097059524242,18.559327581081877
45.88848057390146,16.52737257442963
45.46462986360112,14.49077541022015
45.038120566558234,12.450340297052087
44.60892472747027,10.406871645526637
44.17701995708574,8.361173918214194
43.74238968029718,6.3140514761098245
43.30502336632483,4.266308420983954
42.86491674135538,2.218748433098595
42.422071983956435,0.17217460377817284
41.97649790354333,-1.8726107376114138
41.52821010211304,-3.9148062026980543
41.07723111939984,-5.953611529505443
40.623590561529745,-7.98822777455694
40.16732521317779,-10.017857511953087
39.70847913314639,-12.041705039672493
39.247103733205485,-14.058976593278944
38.78325783994578,-16.068880567197123
38.31700773931317,-18.07062774367928
37.848427203414715,-20.063431529526078
37.37759749910356,-22.046508200611832
36.90460737778072,-24.019077154207167
36.42955304578173,-25.980361169075437
35.952538114662424,-27.929586673258427
35.473673530643474,-29.865984019457553
34.993077482438565,-31.788787767863056
34.51087528665939,-33.69723697627012
34.02719924998184,-35.59057549726403
33.54218850725239,-37.46805228224405
33.05598883472734,-39.32892169202427
32.56875243767167,-41.17244381370006
32.08063771158356,-42.99788478346246
31.59180897637666,-44.804517114994184
31.102436182926283,-46.59162003307068
30.61269459148676,-48.358479811937315
30.12276442159323,-50.10439011802938
29.632830473194687,-51.828652356556155
29.143081718905314,-53.530576021460845
28.653710867427417,-55.20947904822052
28.16491389837015,-56.86468816894214
27.67688956887709,-58.49553926918558
27.189838892682403,-60.101377745904514
26.703964592422167,-61.68155886589406
26.219470526254955,-63.23544812409595
25.73656109007113,-64.76242160110812
25.255440596813123,-66.2618663192062
24.776312634662673,-67.73318059618771
24.299379406097856,-69.17577439631862
23.824841050058552,-70.58906967766382
23.352894949703185,-71.97250073505285
22.883735028466184,-73.32551453793855
22.417551037349657,-74.64757106239912
21.954527836599524,-75.93814361651624
21.494844675109412,-77.19671915837867
21.038674471082572,-78.42279860594907
20.5861830976408,-79.61589713804962
20.13752867721734,-80.77554448571505
19.69286088868295,-81.90128521318866
19.252320291251014,-82.99267898784171
18.81603766926705,-84.04930083832566
18.38413340202816,-85.0707414002764
17.956716862774414,-86.05660714892984
17.53388585096881,-87.00652061802828
17.115726061913964,-87.92012060444054
16.702310597660347,-88.79706235794498
16.293699523023264,-89.63701775567556
15.889939470357357,-90.43967546077509
15.4910632965384,-91.20474106484014
15.09708979536014,-91.93193721380327
14.708023468288271,-92.62100371694567
14.323854356208678,-93.27169763879604
13.944557934481502,-93.88379337372359
13.570095073249938,-94.45708270310234
13.200412064573861,-94.99137483498114
12.835440717550366,-95.48649642626457
12.475098522164796,-95.94229158746803
12.119288882173716,-96.35862187018355
11.7679014168715,-96.73536623745736
11.420812331137837,-97.0724210173433
11.077884852697691,-97.36969983996721
10.738969735067569,-97.62713355849702
10.403905824201964,-97.84467015448064
10.072520686410558,-98.0222746280695
9.744631294677514,-98.15992887370845
9.420044770099805,-98.25763154192501
9.098559174761668,-98.31539788790482
8.779964351994266,-98.3332596075865
8.46404280962307,-98.31126466205482
8.150570641493651,-98.24947709104943
7.839318482292845,-98.14797681644164
7.530052490438518,-98.0068594365612
7.222535353614482,-97.82623601227955
6.91652731136573,-97.60623284577385
6.611787189057717,-97.34699125291067
6.308073437428532,-97.0486673301942
6.005145171939191,-96.71143171722626
5.70276320614283,-96.33546935561901
5.400691073360047,-95.92097924529439
5.098696031051327,-95.46817419908582
4.796550042426373,-94.97728059653461
4.494030730023231,-94.44853813775177
4.190922296214902,-93.8821995981778
3.887016405869133,-93.27853058504058
3.5821130266828707,-92.63780929626441
3.2760212230457952,-91.96032628254393
2.9685598996398355,-91.24638421324042
2.659558491364761,-90.49629764670887
2.3488575965766216,-89.71039280560223
2.0363095510457185,-88.88900735764825
1.7217789404655743,-88.03249020232572
1.405143049780511,-87.14120126380408
1.0862922480423052,-86.21551129045349
0.7651303079429468,-85.25580166115806
0.44157465960952713,-84.26246419860767
0.11555657867307545,-83.23590098967057
-0.21297869095527489,-82.1765242128963
-0.5440718787684737,-81.08475597312383
-0.8777496925869706,-79.96102814311871
-1.2140248851387412,-78.80578221209247
-1.5528963803670006,-77.6194691409157
-1.8943494572235977,-76.40254922377082
-2.2383559884165507,-75.15549195593968
-2.5848747313163543,-73.87877590738594
-2.933851667999665,-72.57288860173401
-3.2852203912057583,-71.23832640021875
-3.638902532817422,-69.87559439013258
-3.994808231337112,-68.48520627728145
-4.352836634729735,-67.06768428191847
-4.7128764349273915,-65.62355903761501
-5.07480643025257,-64.1533694924965
-5.43849611200009,-62.65766281227629
-5.803806271437606,-61.13699428449638
-6.170589623528324,-59.591927223380075
-6.538691443744856,-58.0230328747158
-6.907950214440305,-56.43089032017712
-7.278198277353756,-54.8160863805064
-7.649262488964887,-53.179215516986254
-8.02096487555961,-51.52087973065785
-8.393123285040046,-49.84168845874378
-8.765552032688658,-48.1422584677703
-9.138062538290397,-46.42321374289225
-9.510463952211332,-44.68518537297186
-9.882563768241974,-42.928811430970306
-10.254168421219273,-41.154736849259464
-10.625083867655835,-39.36361328947605
-10.995116147811721,-37.55609900659686
-11.364071927856195,-35.732858706931744
-11.73175902097247,-33.89456339976623
-12.097986886454041,-32.041890242441085
-12.462567106038268,-30.175522378670056
-12.825313836903652,-28.29614876995211
-13.186044240934852,-26.40446401995322
-13.544578890019075,-24.501168191792203
-13.900742147293933,-22.586966618177293
-14.254362524403152,-20.662569704393352
-14.605273014947095,-18.72869272415429
-14.953311404423872,-16.786055608391464
-15.29832055706036,-14.835382727060988
-15.640148680018438,-12.877402664082034
-15.978649565530596,-10.912847985565513
-16.31368281158194,-8.942455001494519
-16.645114021797706,-6.966963521061621
-16.972814985230606,-4.987116601870824
-17.296663836758615,-3.0036602932579104
-17.616545198815093,-1.017343373975934
-17.93235030516747,0.971082915471106
-18.243977107449577,2.9608651455687496
-18.551330365125924,4.951247975291843
-18.85432171953729,6.941474434058104
-19.152869752637372,8.930786207821518
-19.44690003098104,10.918423928965323
-19.7363451354764,12.903627469674433
-20.02114467735371,14.885636238444585
-20.30124530074711,16.86368947940433
-20.576600672219143,18.83702657410117
-20.847171457498455,20.80488734543109
-21.112925285634596,22.766512363374677
-21.373836700714044,24.721143252228256
-21.629887101217687,26.66802299900058
-21.881064667045404,28.606396262673393
-22.12736427417966,30.53550968403312
-22.368787396909596,32.4546121957721
-22.605341997497494,34.362955332593124
-22.837042403131615,36.25979354104413
-23.063909169983578,38.144384488841595
-23.28596893416548,40.01598937343088
-23.503254249373885,41.87387322956979
-23.71580341100355,43.71730523571794
-23.92366026652394,45.54555901904754
-24.126874011926645,47.35791295888378
-24.325498974081984,49.153650488416595
-24.51959437888141,50.93206039454064
-24.709224105088836,52.69243711567784
-24.894456423885078,54.4340810374741
-25.07536372415621,56.15629878625894
-25.25202222365604,57.85840352018837
-25.424511666257533,59.53971521798318
-25.592915005604848,61.19956096520995
-25.75731807557856,62.83727523804758
-25.917809248096695,64.45220018451074
-26.07447907888699,66.04368590309139
-26.22741994198568,67.61109071880641
-26.376725653840666,69.15378145664754
-26.522491088018736,70.67113371242166
-26.66481178164341,72.162532120996
-26.80378353481191,73.62737062195222
-26.9395020043623,75.0650527226725
-27.072062293477945,76.47499175886415
-27.201558538729707,77.85661115254946
-27.328083496260426,79.209344667533
-27.451728128913903,80.53263666237045
-27.572581196195763,81.82594234084281
-27.690728849030435,83.08872799995258
-27.806254231339697,84.32047127543916
-27.91923709051809,85.52066138481676
-28.029753398912153,86.68879936791268
-28.13787498842885,87.82439832488778
-28.243669200398394,88.92698365170826
-28.347198552797696,89.99609327301448
-28.44852042690584,91.03127787233359
-28.547686775406916,92.03210111955673
-28.644743853882204,92.99813989559749
-28.739731977540142,93.92898451411826
-28.832685304921807,94.82423894020835
-28.92363165018908,95.68352100587038
-29.01259232545654,96.50646262216314
-29.0995820144631,97.29270998782047
-29.184608678701082,98.04192379415724
-29.267673496927124,98.75377942605486
-29.348770838772257,99.42796715879467
-29.42788827295271,100.06419235049958
-29.505006610356027,100.66217562992188
-29.58009998204452,101.22165307930564
-29.653135951979145,101.74237641203018
-29.724075664026625,102.22411314473598
-29.792874022570423,102.66664676361634
-29.859479905807305,103.06977688455333
-29.923836410574726,103.43331940676092
-29.985881127326046,103.75710665959694
-30.045546443650352,104.04098754219869
-30.102759874523986,104.2848276555905
-30.15744441728562,104.48850942691436
-30.209518929145474,104.65193222543239
-30.25889852487623,104.7750124699548
-30.305494992187572,104.85768372734914
-30.34921722216244,104.89989680179626
-30.38997165202939,104.9016198144661
-30.427662717465772,104.8628382732981
-30.462193311568516,104.78355513258373
-30.493465247597104,104.66379084206535
-30.521379722584093,104.50358338528093
-30.545837778924252,104.30298830690509
-30.566740761092618,104.0620787288568
-30.58399076470555,103.78094535496663
-30.59749107522408,103.45969646401971
-30.607146593706865,103.09845789101776
-30.61286424714843,102.69737299652702
-30.6145533810854,102.25660262400916
-30.612126132318604,101.77632504505637
-30.605497779779153,101.25673589248541
-30.594587071760955,100.69804808127107
-30.579316527947753,100.10049171732696
-30.559612714878238,99.46431399417709
-30.535406493714884,98.78977907758369
-30.506633239409748,98.07716797823073
-30.47323303059006,97.32677841258442
-30.435150809716973,96.53892465208814
-30.392336513298787,95.71393736086603
-30.344745172164377,94.85216342214294
-30.292336982020284,93.95396575360338
-30.235077344725156,93.01972311194606
-30.172936880914882,92.04982988690305
-30.105891414799785,91.04469588501178
-30.03392193213128,90.00474610345529
-29.95701451249507,88.93042049429116
-29.875160237234173,87.82217371941259
-29.788355074432868,86.68047489658846
-29.696599742505384,85.5058073369528
-29.599899554026155,84.2986682743094
-29.49826424151544,83.05956858663548
-29.391707766950955,81.78903251016152
-29.280248116818083,80.48759734642377
-29.163907084532298,79.15581316267136
-29.042710042073864,77.79424248602336
-28.916685702663372,76.4034599917561
-28.78586587628098,74.98405218611478
-28.650285219790543,73.53661708402656
-28.509980983374422,72.06176388208578
-28.364992754919278,70.56011262718998
-28.215362203913017,69.03229388118035
-28.06113282632617,67.4789483818458
-27.902349691853157,65.90072670062669
-27.73905919478691,64.29828889736312
-27.57130880968938,62.67230417240391
-27.399146852908483,61.02345051639719
-27.222622250874423,59.352414358056826
-27.041784315992874,57.65989021020891
-26.8566825308334,55.94658031439575
-26.66736634119532,54.21319428430403
-26.47388495852117,52.460448748290744
-26.276287172015923,50.689066991250016
-26.0746211707262,48.89977859607132
-25.868934375732536,47.09331908491396
-25.659273282516573,45.27042956053721
-25.445683313476987,43.43185634789526
-25.228208680491687,41.57835063621778
-25.00689225735208,39.710668121772265
-24.78177546183719,37.829568651522884
-24.5528981471416,35.935815867877245
-24.320298502329074,34.03017685470935
-24.08401296145292,32.11342178486258
-23.84407612095842,30.18632356931145
-23.600520664970716,28.24965750817824
-23.35337729806472,26.30420094378093
-23.10267468512052,24.350732915913532
-22.84843939787745,22.39003381953568
-22.59069586782315,20.422885065068602
-22.32946634507934,18.45006874147652
-22.064770862984368,16.47236728233852
-21.79662720811134,14.490563135098325
-21.525050895507206,12.505438433681226
-21.25005514899265,10.517774674689056
-20.971650886414068,8.528352397361308
-20.689846709800925,6.5379508675118405
-20.404648900438858,4.547347765632035
-20.11606141893499,2.5573188793775987
-19.824085910410226,0.5686378006309574
-19.52872171501795,-1.4179243726494075
-19.22996588404577,-3.401599329602324
-18.92781320191842,-5.381621834446943
-18.622256214471047,-7.3572300090852245
-18.313285263912483,-9.32766561013771
-18.00088853094566,-11.292174300211991
-17.685052084547596,-13.250005913234299
-17.365759939946486,-15.200414713662816
-17.042994125354532,-17.142659649429838
-16.716734758035713,-19.076004598445355
-16.386960130290383,-20.999718608531488
-16.053646805940048,-22.913076130651195
-15.716769727879507,-24.8153572453285
-15.376302337245306,-26.705847882149754
-15.032216704712523,-28.58384003227233
-14.684483674387433,-30.448631953885553
-14.333073020711346,-32.29952837057052
-13.977953618720074,-34.135840662550095
-13.619093627929255,-35.956887050824655
-13.256460690023857,-37.76199277423082
-12.890022140435837,-39.55049025946215
-12.519745233780805,-41.32171928413903
-12.145597383009967,-43.075027133023575
-11.767546412003558,-44.809768747519456
-11.38556082120226,-46.525306868601675
-10.999610065728636,-48.22101217336619
-10.609664845304208,-49.89626340541598
-10.215697405120904,-51.55044749931029
-9.817681846667345,-53.182959699351635
-9.415594447359505,-54.793203672993734
-9.009413987666294,-56.38059161919581
-8.599122084272938,-57.94454437205091
-8.184703527670317,-59.48449150005998
-7.766146622418365,-60.99987140142855
-7.343443528190221,-62.4901313957973
-6.916590599581177,-63.95472781281645
-6.48558872254341,-65.3931260780081
-6.050443645206862,-66.80480079635912
-5.6111663007515435,-68.18923583411225
-5.1677731199271655,-69.54592439921224
-4.720286330754389,-70.87436912088486
-4.26873424290363,-72.17408212882626
-3.8131515142337804,-73.44458513246722
-3.3535793969712415,-74.68540950078872
-2.8900659610398147,-75.89609634314486
-2.422666292097004,-77.07619659155075
-1.9514426619108178,-78.22527108486365
-1.476464668802592,-79.34289065528331
-0.9978093460073012,-80.42863621756547
-0.515561235943375,-81.48209886132969
-0.029812428559008453,-82.50287994680185
0.45933743789103687,-83.49059120431316
0.951781215070616,-84.44485483784374
1.4474043229829228,-85.3653036328535
1.9460848695332,-86.25158106861763
2.4476938119047453,-87.10334143523374
2.952095160139253,-87.9202499554346
3.459146223008,-88.70198291128447
3.968697895958339,-89.44822777580313
4.480594990599284,-90.15868334950603
4.994676604874213,-90.83305990180858
5.510776532740248,-91.4710793171856
6.028723711858071,-92.07247524593501
6.548342707479683,-92.63699325934667
7.069454230407839,-93.16439100902117
7.59187568660995,-93.65443839004618
8.115421755780378,-94.1069177076835
8.639904995883867,-94.5216238471818
9.165136470459734,-94.89836444627991
9.690926395249647,-95.2369600699309
10.217084800507884,-95.53724438673427
10.743422205187903,-95.79906434653093
11.269750299051038,-96.02228035857854
11.795882628638953,-96.20676646969862
12.32163528297447,-96.35241054175935
12.846827574807323,-96.45911442783255
13.371282713219562,-96.52679414634837
13.894828463426853,-96.55538005255168
14.417297789678871,-96.5448170065564
14.938529477251507,-96.49506453728333
15.458368729660418,-96.4060970015666
15.976667737383133,-96.27790373771293
16.493286214575807,-96.11048921280369
17.0080919004879,-95.90387316303786
17.520961022533292,-95.65809072642895
18.03177871825178,-95.37319256718199
18.540439413686915,-95.04924499110177
19.04684715602886,-94.68633005140381
19.550915898697973,-94.28454564432971
20.05256973739511,-93.84400559399583
20.55174309599213,-93.36483972594279
21.048380861502675,-92.84719392888425
21.542438467730776,-92.29123020419699
22.033881927560884,-91.6971267027297
22.522687814203444,-91.06507774855778
23.008843192063686,-90.39529384935084
23.49234549823884,-89.68800169306444
23.973202375967542,-88.94344413072162
24.451431461667415,-88.16188014508921
24.927060127478764,-87.34358480510853
25.400125181501622,-86.4888492059821
25.870672528147907,-85.5979803948749
26.33875679125112,-84.67130128222801
26.80444090275848,-83.70915053873745
27.2677956599941,-82.71188247808854
27.728899254604848,-81.67986692559445
28.18783677640633,-80.61348907291918
28.644699695411212,-79.51314931911804
29.09958532536638,-78.37926309826007
29.552596272129755,-77.21226069394883
30.003839870203898,-76.01258704108604
30.453427610697155,-74.78070151525664
30.901474563906156,-73.51707771015984
31.348098799621624,-72.22220320352672
31.793420808134464,-70.89657931200612
32.23756292478187,-69.54072083551473
32.680648760706276,-68.15515579158743
33.12280264232827,-66.74042514026962
33.56414906183712,-65.29708250012587
34.004812140802805,-63.82569385594194
34.44491510879273,-62.32683725872977
34.884579798659246,-60.801102518643475
35.323926159936946,-59.2490908914235
35.76307179155472,-57.67141475900884
36.20213149484375,-56.06869730494438
36.64121684759033,-54.441572185228544
37.08043579966379,-52.79068319523228
37.51989229052677,-51.11668393333991
37.95968588873288,-49.42023746193921
38.3999114533127,-47.702015966399586
38.84065881676756,-45.96270041265424
39.28201248921066,-44.202980204014786
39.72405138304082,-42.42355283782027
40.16684855738991,-40.625123562510595
40.61047098145449,-38.808405035718394
41.05497931571726,-36.97411698393701
41.50042770996862,-35.12298586432349
41.946863616969196,-33.25574452915949
42.39432762053462,-31.373131893497124
42.84285327679322,-29.4758926064726
43.29246696734623,-27.5647767267665
43.74318776306548,-25.640539402647143
44.19502729727811,-23.703940557031885
44.647989647128526,-21.755744577955873
45.102071221962696,-19.796720014809303
45.557260657644875,-17.827639280694136
46.01353871580829,-15.849278361196088
46.47087818713642,-13.862416529854643
46.92924379788892,-11.867836070560246
47.3885921190053,-9.866322007097706
47.848871477261206,-7.858661839992649
48.31002186809221,-5.845645290799129
48.77197486985818,-3.8280640539068758
49.234653559474715,-1.8067115559302078
49.69797242950751,0.2176172773217977
50.161837306993554,2.2441262463384857
50.62614527441828,4.272018095933794
51.09078459345366,6.300494725946599
51.55563463222626,8.328757394783791
52.02056579705446,10.356006916043158
52.485439469749124,12.381443848476456
52.950107951731695,14.404268679628744
53.41441441636616,16.423682003520195
53.878192871042,18.438884692807097
54.34126813066474,20.44907806588416
54.803455804327825,22.45346404946024
55.26456229703751,24.451245337189416
55.72438482843988,26.441625544967536
56.182711470569856,28.42380936357712
56.639321206683604,30.39700270938899
57.09398401326749,32.36041287389282
57.54646096731638,34.3132486728447
57.996504380964396,36.25472059588366
58.443857965508215,38.184040957484996
58.888257026806386,40.10042405016926
59.32942869394657,42.00308630088851
59.76709218297016,43.89124643155935
60.20095909730518,45.76412562471095
60.630733766405996,47.62094769524811
61.056113623912,49.46093926931238
61.47678962643742,51.283329971243745
61.89244671387793,53.087352619639205
62.30276431186748,54.87224343347258
62.707416876755744,56.637242249243315
63.10607448318544,58.381592750074915
63.49840345404878,60.104542707666376
63.884067032278026,61.80534423793307
64.26272609359829,63.483254071144295
64.63403989902392,65.13753383728744
64.99766688553373,66.76745036733689
65.35326549299955,68.37227601100889
65.70049502508891,69.95128897151551
66.03901654150626,71.50377365773916
66.3684937785805,73.02902105413227
66.68859409486751,74.52632910856165
66.99898943809809,75.9950031381868
67.29935732948734,77.43435625335822
67.58938186111524,78.84370979937765
67.8687547018142,80.22239381585182
68.13717610674038,81.56974751322362
68.3943559255836,82.88511976594255
68.6400146041705,84.16786962158021
68.87388417405907,85.41736682507133
69.09570922459713,86.6329923571204
69.3052478518307,87.81413898566286
69.50227257860809,88.96021182914888
69.68657124022208,90.07062893027225
69.85794782997971,91.14482183864973
70.01622329917578,92.18223620081768
70.16123630608503,93.18233235581148
70.2928439087674,94.14458593447281
70.41092219671086,95.06848846054083
70.51536685660706,95.95354795148016
70.60609366787283,96.79928951693122
70.68303892388916,97.60525595259973
70.74615977532643,98.37100832734005
70.79543449236094,99.09612656115765
70.83086264305604,99.78020999182118
70.85246518568118,100.42287792777077
70.8602844732674,101.02377018500384
70.854384169246,101.58254760564806
70.83484907358267,102.09889255595938
70.80178485939754,102.57250940153969
70.75531772064745,103.0031249576278
70.69559393203603,103.39048891240517
70.62277932290198,103.73437422135348
70.53705866741535,104.03457747080743
70.43863499397503,104.29091920897756
70.3277288172483,104.50324424284995
70.20457729681512,104.67142189952386
70.06943332687538,104.79534625070431
69.9225645619391,104.87493629924093
69.76425238384434,104.91013612678074
69.59479081583122,104.90091500179007
69.41448538974103,104.84726744739082
69.22365197270105,104.74921326865423
69.0226155598971,104.6067975391923
68.81170904022834,104.42009054708839
68.59127194177364,104.18918770040685
68.36164916408319,103.91420939272078
68.12318970433466,103.59530082928873
67.87624538436995,103.23263181470398
67.62116958554458,102.82639650301957
67.35831599819213,102.3768131115304
67.08803739231905,101.88412359955599
66.81068441591759,101.34859331372873
66.52660442700282,100.77051060143158
66.23614036516283,100.15018639416571
65.9396296680497,99.48795376274194
65.63740323784796,98.78416744630252
65.32978446233005,98.03920335726374
65.01708829465768,97.25345806434467
64.69962039561692,96.4273482559147
64.37767634148264,95.56131018592765
64.05154090020746,94.65579910474634
63.721487378118205,93.71128867716698
63.387777038794006,92.72827038996127
63.05065859528558,91.70725295122602
62.71036777633378,90.64876168380816
62.36712696674867,89.55333791501738
62.02114492163541,88.42153836479363
61.67261655368918,87.25393453441549
61.32172279234296,86.05111209775316
60.968630513141754,84.81367029698824
60.61349253532691,83.54222134460674
60.25644768526237,82.23738983337283
59.89762092300826,80.89981215586045
59.53712352906224,79.53013593501329
59.175053348031014,78.12901946705722
58.811495085779214,76.69713117797083
58.44652065641797,75.23514909456954
58.080189575354304,73.74376033113995
57.712549394509125,72.22366059240956
57.343636175738,70.6755536934986
56.97347499845201,69.10015109738181
56.602080497425064,67.49817147023441
56.22945742680168,65.8703402549232
55.85560124636996,64.21738926276203
55.48049872625075,62.540056283549944
55.104128566256,60.839084713775655
54.72646202630274,59.115223202777514
54.34746356441609,57.36922531653018
53.96709147902703,55.60184921865357
53.58529855245083,53.81385736813529
53.20203269262775,52.006016233176055
52.81723757041797,50.17909602051252
52.4308532499511,48.33387041948489
52.042816809753134,46.47111636007698
51.653062952590915,44.591613784088906
51.26152460219949,42.69614542858477
50.86813348527244,40.78549662069951
50.47282069731297,38.86045508288167
50.07551725114851,36.92181074760989
49.67615460711673,34.97035558063228
49.274665184117666,33.00688341175285
48.87098285090684,31.03218977218866
48.465043397175435,29.047071737546773
48.05678498411291,27.05232777545698
47.64614857429181,25.048757596931736
47.233078340835256,23.037162010525698
46.8175220559427,21.018342778417313
46.39943145893847,18.99310247353791
45.978762604089546,16.962244336925032
45.5554761884975,14.92657213449121
45.12953786042114,12.886890012461274
44.70091850841328,10.844002350750127
44.269594531671935,8.79871361359325
43.83554809201184,6.751828196804452
43.398767347846366,4.704150271052896
42.959246670549135,2.656483620615239
42.51698684352559,0.6096314770825191
42.071995244283244,-1.4356036524282367
41.624286009728465,-3.4784201629896536
41.173880184857865,-5.518017535874542
40.720805854937204,-7.553596529205638
40.26509826118977,-9.584359375520409
39.806799899931455,-11.609509986504627
39.34596060500642,-13.628254165106583
38.88263761329744,-15.639799825182754
38.41689561299558,-17.64335721881077
37.94880677423572,-19.638139171346292
37.47845076162135,-21.623361324281984
37.00591472809347,-23.598242385903756
36.5312932895247,-25.56200438972847
36.05468847936369,-27.51387296065181
35.57620968259907,-29.453077588719665
35.09597354827642,-31.37885191037736
34.614103879766475,-33.2904339970425
34.1307315019696,-35.18706665079561
33.645994104633274,-37.06799770696934
33.16003606097593,-38.9324803433623
32.6730082208315,-40.77977339579182
32.18506767757066,-42.609141679669165
31.696377508117983,-44.4198563172328
31.207106485452513,-46.21119507006934
30.71742876307605,-47.98244267650456
30.227523531037082,-49.73289119343696
29.73757464322956,-51.461840342135645
29.247770215821223,-53.16859785752053
28.758302196828136,-54.85247984039869
28.269365907019484,-56.51281111212229
27.781159552529207,-58.14892557108753
27.293883709745106,-59.76016655048736
26.80774078325689,-61.3458871767071
26.3229344378701,-62.905450727714225
25.83966900591559,-64.43823099079373
25.35814887132448,-65.94361261894471
24.878577832173047,-67.4209914852525
24.401158443649962,-68.86977503451477
23.926091343633342,-70.28938263140573
23.453574563308596,-71.67924590443636
22.9838028254866,-73.03880908497266
22.516966833513305,-74.36752934054991
22.053252553872035,-75.66487710173033
21.59284049578172,-76.93033638174983
21.135904991285003,-78.16340508818705
20.68261347948203,-79.36359532591
20.233125798717086,-80.5304336905495
19.787593490644145,-81.66346155177283
19.3461591202011,-82.76223532562979
18.908955615586844,-83.82632673527772
18.47610563238058,-84.85532305940173
18.047720945947766,-85.84882736768377
17.623901876259513,-86.80645874269005
17.20473674919127,-87.72785248759055
16.79030139827539,-88.61266031916045
16.380658710760507,-89.46055054554522
15.975858221664295,-90.27120822832595
15.575935759314723,-91.04433532846112
15.180913145640961,-91.77965083573933
14.79079795421768,-92.47689088142089
14.405583328766554,-93.13580883381333
14.025247864498596,-93.75617537657685
13.64975555432488,-94.33777856962375
13.279055801590408,-94.88042389253087
12.913083500582301,-95.38393427045496
12.551759185643999,-95.8481500826063
12.19498924929552,-96.27292915339595
11.84266622930746,-96.65814672644666
11.494669164223431,-97.0036954217174
11.150864016361412,-97.30948517606296
10.811104160867025,-97.57544316760831
10.47523093892978,-97.80151372438688
10.143074272826537,-97.98765821774894
9.814453340015307,-98.13385494110793
9.489177303084821,-98.2400989746457
9.167046091960582,-98.30640203665287
8.847851234390527,-98.33279232222853
8.531376730386901,-98.31931433010764
8.217399965978093,-98.2660286784266
7.905692661342678,-98.17301191027171
7.596021848146993,-98.040356289887
7.288150870702945,-97.8681695904426
6.9818404053914085,-97.65657487428534
6.676849492675208,-97.4057102666077
6.372936575941766,-97.11572872347796
6.069860541383624,-96.78679779518058
5.767381753129763,-96.41909938580868
5.4652630778971965,-96.01282951004515
5.163270893526472,-95.56819804805006
4.861176075908719,-95.0854284993562
4.558754958990048,-94.56475773664597
4.255790262759766,-94.00643576024989
3.9520719843893044,-93.41072545417636
3.6473982479767155,-92.77790234443572
3.3415761086775957,-92.10825436038094
3.034422307350976,-91.40208159973248
2.725763972228119,-90.65969609791004
2.4154392645039664,-89.8814216022299
2.103297965167135,-89.06759335147427
1.7892020008068208,-88.21855786127072
1.4730259065735325,-87.33467271566697
1.1546572249070106,-86.41630636521451
0.833996839084941,-85.4638379318088
0.5109592410867911,-84.47765702047822
0.18547273369357065,-83.45816353823754
-0.14252043283213212,-82.40576752006662
-0.47306398873828215,-81.32088896200234
-0.8061876363065732,-80.2039576612829
-1.1419071033999977,-79.05541306341118
-1.4802242571779853,-77.87570411595712
-1.8211272758032244,-76.66528912885352
-2.164590875664892,-75.4246356409025
-2.5105765913794738,-74.15422029215104
-2.85903310559352,-72.85452870174868
-3.2098966254030756,-71.526055350873
-3.56309130203441,-70.16930347025666
-3.918529690284343,-68.78478493183067
-4.276113244111224,-67.37302014395716
-4.635732844683611,-65.93453794971964
-4.997269357149834,-64.46987552770244
-5.360594212369538,-62.979578294690725
-5.725570009862306,-61.46419980969791
-6.092051138261791,-59.92430167874089
-6.459884409631011,-58.360453459767406
-6.828909704082514,-56.77323256714273
-7.1989606212531765,-55.16322417512502
-7.5698651353184,-53.53102111975089
-7.941446250374595,-51.87722379858221
-8.313522653186661,-50.20244006776745
-8.685909360469616,-48.50728513591219
-9.05841835806674,-46.79238145425671
-9.430859229580609,-45.05835860270122
-9.803039772220908,-43.30585317123116
-10.174766597837113,-41.53550863634727
-10.54584571731856,-39.747975232119984
-10.916083106755703,-37.94390981552224
-11.28528525396219,-36.12397572574666
-11.653259684167999,-34.28884263722749
-12.01981546389107,-32.43918640614194
-12.384763682192798,-30.575688910184148
-12.747917908703812,-28.69903788146567
-13.109094627988124,-26.809926732409423
-13.46811364997582,-24.909054374559013
-13.824798496353147,-22.997125030242206
-14.178976762936507,-21.074848037085864
-14.530480458190588,-19.142937645394788
-14.879146318166558,-17.202112808439214
-15.224816098236246,-15.253096965746451
-15.567336842090992,-13.296617819497895
-15.906561128546048,-11.333407104180168
-16.24234729675604,-9.364200349646282
-16.574559650491132,-7.3897366377923035
-16.903068642162356,-5.410758353052991
-17.227751037304436,-3.428010926960086
-17.548490060237288,-1.442242577006354
-17.865175521623037,0.5457959598994018
-18.17770392862744,2.535351699111544
-18.485978578370656,4.525669684753596
-18.789909635324726,6.515993270752559
-19.089414193273775,8.505564406069446
-19.384416322410665,10.49362392380681
-19.674847102093448,12.479411833868951
-19.960644639725825,14.46216761882769
-20.241754076170956,16.441130532669764
-20.51812757804286,18.415539902082656
-20.789724317159155,20.384635429957267
-21.056510437371987,22.347657500764225
-21.318459008934557,24.30384748749087
-21.575549970496752,26.252448059812913
-21.827770058768074,28.19270349320197
-22.075112725828482,30.123859978654856
-22.317578044020753,32.04516593276011
-22.55517259831428,33.955872307828194
-22.787909365990714,35.85523290180456
-23.015807583474825,37.74250466772166
-23.238892600110272,39.616948022440354
-23.457195718668707,41.477827154463995
-23.670754022374243,43.32441033059909
-23.87961018823379,45.15597020127526
-24.08381228647714,46.97178410433378
-24.28341356593897,48.771134367127814
-24.478472225247945,50.553308606769825
-24.6690511697372,52.317600028395155
-24.855217754046254,54.063307721325906
-25.037043510449244,55.78973695301597
-25.214603863022493,57.49619946069496
-25.387977827847397,59.18201374062509
-25.557247699539296,60.8465053349153
-25.722498724492063,62.48900711582823
-25.883818761337253,64.108859567549
-26.041297929228694,65.70541106537884
-26.195028244682668,67.2780181523436
-26.345103247823474,68.82604581319531
-26.491617619009162,70.34886774580957
-26.634666786937018,71.8458666299879
-26.774346529450366,73.31643439366391
-26.91075256839259,74.75997247653609
-27.043980159970705,76.1758920911375
-27.174123682205824,77.56361448136875
-27.301276221152705,78.9225711785025
-27.42552915767074,80.2522042546843
-27.546971756616646,81.55196657393827
-27.6656907604078,82.82132204069514
-27.781769988969316,84.05974584583801
-27.895289948130706,85.26672471026762
-28.006327448574325,86.44175712597983
-28.114955237457803,87.58435359462642
-28.221241644837185,88.6940368635344
-28.32525024700291,89.77034215913507
-28.427039548809127,90.81281741775253
-28.52666268702475,91.82102351367209
-28.62416715666589,92.79453448440901
-28.719594562179516,93.73293775307083
-28.812980395241688,94.6358343477002
-28.904353840806383,95.50283911745606
-28.993737612898677,96.3335809454833
-29.081147821485654,97.12770295830295
-29.1665938715812,97.8848627315285
-29.250078395551903,98.6047324917077
-29.331597219386683,99.28699931406301
-29.41113936347883,99.93136531589508
-29.488687078243764,100.53754784538756
-29.564215914665166,101.1052796655461
-29.63769482962371,101.63430913298237
-29.709086325623073,102.12440037124665
-29.778346624285074,102.57533343839366
-29.845425872746798,102.9869044884619
-29.910268381854856,103.35892592653326
-29.972812894822262,103.69122655703565
-30.0329928847904,103.98365172494123
-30.09073687952735,104.23606344951298
-30.145968811294985,104.4483405502497
-30.19860838973261,104.62037876467663
-30.24857149543801,104.75209085763582
-30.29577059177756,104.84340672173052
-30.34011515232801,104.89427346858787
-30.38151210124471,104.90465551060962
-30.419866263765993,104.87453463289422
-30.455080824000913,104.8039100550245
-30.48705778711002,104.69279848243114
-30.51569844297401,104.54123414705849
-30.540903828456205,104.34926883707871
-30.5625751853989,104.11697191541896
-30.58061441155172,103.84443032689109
-30.59492450171148,103.53174859373426
-30.605409976455846,103.17904879940819
-30.61197729597745,102.78647056049758
-30.61453525666823,102.35417098661978
-30.612995368264965,101.88232462825144
-30.60727220954471,101.37112341242155
-30.59728376074959,100.82077656624355
-30.58295171112459,100.23151052829326
-30.56420174016485,99.60356884786526
-30.54096377139025,98.93721207216743
-30.51317219769163,98.23271762154889
-30.480766077522148,97.49037965287697
-30.44368930143808,96.71050891121286
-30.401890728721742,95.8934325699545
-30.355324294044877,95.03949405965096
-30.30394908435003,94.14905288570661
-30.247729386339422,93.2224844352246
-30.18663470516254,92.26017977325189
-30.12063975508538,91.26254542871904
-30.04972442310178,90.2300031703776
-29.973873706610874,89.16298977305415
-29.893077626434646,88.06195677456407
-29.807331116580283,86.92737022362954
-29.71663389226886,85.7597104191672
-29.620990297848323,84.55947164130899
-29.52040913628999,83.32716187454196
-29.414903482028777,82.06330252334394
-29.30449047895178,80.76842812070662
-29.189191125365745,79.44308602992858
-29.069030047784018,78.087836140076
-28.94403526536527,76.70325055549571
-28.814237946812938,75.28991327976216
-28.67967216150741,73.84841989444911
-28.5403746265895,72.37937723309562
-28.396384451650476,70.88340305074247
-28.2477428826063,69.36112568939409
-28.09449304624956,67.81318373977165
-27.93667969687566,66.24022569969479
-27.77434896627917,64.6429096294356
-27.607548118306454,63.02190280436212
-27.436325309040146,61.37788136519884
-27.260729353573762,59.71152996620492
-27.080809500217445,58.02354142156027
-26.896615212859903,56.31461635025518
-26.70819596209306,54.5854628197488
-26.51560102559326,52.83679598866779
-26.31887929814005,51.06933774879005
-26.118079111549704,49.283816366571
-25.913248064697164,47.48096612443927
-25.70443286370719,45.6615269620976
-25.49167917230618,43.82624411803968
-25.27503147224866,41.975867771509485
-25.05453293365897,40.111152685105154
-24.83022529506619,38.232857848224846
-24.60214875285841,36.341746121565066
-24.370341859836028,34.438583882855994
-24.13484143251081,32.5241406740335
-23.895682466770232,30.59918885002684
-23.65289806151322,28.664503229363806
-23.40651934985417,26.72086074676982
-23.156575437496585,24.769040107956727
-22.903093347885907,22.809821446777782
-22.646097973773596,20.843985984951246
-22.385612034847465,18.872315694531522
-22.12165604111995,16.895592963327424
-21.854248261802766,14.914600263449822
-21.583404699445857,12.930119823197066
-21.309139069166214,10.942933302469024
-21.031462782846663,8.953821471902423
-20.750384938245524,6.963563895941449
-20.465912313014773,4.972938620034352
-20.178049363688807,2.9827218621674056
-19.886798229765457,0.9936877089281788
-19.592158743066214,-0.993392183684727
-19.29412844261988,-2.9777488845147833
-18.99270259537463,-4.958616476354891
-18.68787422309604,-6.935232339722951
-18.379634135862986,-8.906837431098813
-18.067970972616827,-10.872676555440492
-17.752871249258998,-12.831998632803678
-17.434319414829204,-14.784056958876386
-17.112297916318333,-16.72810945927395
-16.78678727269158,-18.66341893743008
-16.45776615870301,-20.58925331595085
-16.125211499086994,-22.50488587128623
-15.78909857369736,-24.409595461613584
-15.449401134148074,-26.302666747823675
-15.106091532474748,-28.183390407536262
-14.759140862298192,-30.0510633420673
-14.40851911291493,-31.904988876308707
-14.054195336675088,-33.744476951502534
-13.69613782993613,-35.56884431089544
-13.334314327790786,-37.377414678305925
-12.968692212673973,-39.169518929642834
-12.599238736843649,-40.94449525745699
-12.225921258618829,-42.701689328610996
-11.8487074921288,-44.44045443520126
-11.467565770198304,-46.16015163887628
-11.082465319850524,-47.86014990873909
-10.693376549768793,-49.53982625302765
-10.30027134890458,-51.198565844811526
-9.903123395266224,-52.835762141969084
-9.501908473771868,-54.45081700171906
-9.09660480189035,-56.04314079002653
-8.687193361644214,-57.61215248621078
-8.27365823639459,-59.157279783121965
-7.85598695068736,-60.67795918325402
-7.434170811296186,-62.17363609120201
-7.008205247471576,-63.64376490287414
-6.578090148281371,-65.08780909189932
-6.14383019482506,-66.50524129366697
-5.705435185006689,-67.89554338746066
-5.262920348472367,-69.258206577156
-4.816306649261701,-70.59273147094461
-4.365621073674598,-71.8986281605659
-3.910896900836766,-73.17541630051484
-3.4521739534416103,-74.42262518770289
-2.9894988261730226,-75.63979384202672
-2.522925089351993,-76.82647108830469
-2.0525134654222654,-77.98221564001655
-1.5783319759778038,-79.10659618527588
-1.1004560571565047,-80.19919147543081
-0.6189686413605653,-81.25959041667741
-0.13396020342749893,-82.28739216504295
0.35447123043224416,-83.28220622505592
0.8462201124122579,-84.243652552402
1.3411734428480475,-85.17136166081842
1.8392108809180119,-86.06497473345243
2.3402048970365605,-86.92414373885667
2.844020967392524,-87.74853155176523
3.350517810785396,-88.53781207874037
3.859547667610695,-89.2916703887438
4.3709566205247015,-90.00980284862796
4.884584956005443,-90.69191726350721
5.400267565699608,-91.33773302191098
5.917834386128766,-91.94698124558063
6.437110875004387,-92.51940494371377
6.957918522095648,-93.05475917141936
7.480075392294109,-93.55281119209745
8.003396698227125,-94.01334064340641
8.527695399508177,-94.43613970644198
9.05278282545612,-94.8210132777032
9.578469317891766,-95.16777914338435
10.10456489040968,-95.47626815548634
10.630879900352767,-95.74632440921043
11.157225729564617,-95.97780542105986
11.683415469883137,-96.17058230704615
12.209264609248482,-96.32453996036816
12.734591714253416,-96.43957722790901
13.259219104948317,-96.51560708487698
13.782973517727093,-96.55255680689778
14.305686752181131,-96.55036813885579
14.827196297891952,-96.50899745977233
15.347345937261617,-96.42841594300532
15.865986320628982,-96.30860971105446
16.382975510114044,-96.14957998426041
16.89817948884472,-95.95134322269439
17.411472632470183,-95.71393126054639
17.922738140128892,-95.43739143233684
18.431868422336898,-95.12178669029639
18.938765443574994,-94.76719571227972
19.44334101767677,-94.37371299960971
19.94551705446898,-93.94144896427461
20.445225756462776,-93.47053000493705
20.942409764758626,-92.96109857124517
21.437022253683445,-92.41331321598048
21.9290269740467,-91.82734863461157
22.418398245255013,-91.20339569187011
22.905120896880614,-90.5416614350043
23.38919016061268,-89.84236909341794
23.87061151385261,-89.10575806444417
24.349400476523876,-88.3320838850499
24.825582362953867,-87.5216181893224
25.29919199096018,-86.67464865162879
25.770273350515286,-85.7914789153953
26.238879234588282,-84.87242850749314
26.70507083494973,-83.91783273827589
27.16891730589644,-82.92804258734985
27.630495298984286,-81.90342457521314
28.089888471967598,-80.8443606209342
28.547186975213812,-79.75124788609656
29.002486918912794,-78.624498605268
29.45588982441654,-77.46453990329208
29.907502063028065,-76.27181359974853
30.357434285523574,-75.04677600095225
30.80580084562042,-73.78989767990431
31.252719220515758,-72.50166324463017
31.69830943149913,-71.1825710953831
32.14269346751069,-69.83313317120445
32.585994714355174,-68.45387468636761
33.028337392111986,-67.0453338572429
33.46984600308626,-65.60806162015702
33.91064479244828,-64.14262134082465
34.35085722349566,-62.64958851594456
34.79060546924766,-61.129550467579676
35.230009921860756,-59.58310603093342
35.6691887211206,-58.01086523615683
36.10825730304059,-56.4134489848122
36.54732796936296,-54.79148872164262
36.98650947854006,-53.14562610227817
37.42590665855012,-51.4765126575253
37.865620041696076,-49.78480945486737
38.3057455213291,-48.07118675782086
38.7463740302548,-46.33632368376493
39.18759124039903,-44.58090786087064
39.6294772831521,-42.805635084729275
40.07210648965784,-41.01120897529003
40.515547150187686,-39.19834063468659
40.9598612916265,-37.36774830651794
41.405104471997305,-35.52015703715014
41.851325590879966,-33.65629833956627
42.298566714516205,-31.77690986029058
42.74686291435799,-29.88273504987405
43.196242117789446,-27.974522837430474
43.64672496975572,-26.053027309664806
44.09832470404338,-24.119007394829424
44.55104702299481,-22.17322655199872
45.00488998448381,-20.21645246604838
45.45984389505104,-18.24945674867764
45.91589120817996,-16.2730146457818
46.37300642678642,-14.28790475146956
46.83115600911074,-12.294908728962012
47.29029827731907,-10.294811038594176
47.75038332825876,-8.288398673084075
48.21135294595026,-6.276460900221266
48.6731405155544,-4.259789013062144
49.13567093870887,-2.2391760876979543
49.59886055029495,-0.21541674859923465
50.0626170368578,1.8106930584782739
50.526839357077606,3.8383562861061837
50.99141766485909,5.866774997440696
51.4562332357715,7.895150571277753
51.921158397743106,9.922683900132792
52.386056467071896,11.948575581600624
52.85078169097426,13.972026103320886
53.31517919803604,15.992236021898659
53.77908495807489,18.008406136206307
54.24232575304583,20.019737655522757
54.70471916074236,22.025432363036874
55.16607355314004,24.024692775266022
55.62618811132052,26.016722298009984
56.08485285898213,28.000725379507806
56.54184871658913,29.975907661491522
56.99694757824867,31.94147612889973
57.449912413410175,33.896639259036135
57.90049739547537,35.84060717101705
58.348448059367996,37.77259177636265
58.793501490061765,39.691806931644706
59.23538654397997,41.59746859411215
59.67382410508148,43.48879498125958
60.108527377313436,45.36500673529864
60.539202214963936,47.22532709352545
60.96554749227147,49.06898206558497
61.387255513444885,50.895200618616535
61.804012464030734,52.703214871283244
62.21549890431717,54.49226029765812
62.62139030520406,56.26157594193894
63.02135762667991,58.01040464491458
63.415067938751406,59.7379932830941
63.80218508435115,61.44359302135044
64.18237038342345,63.12645957989774
64.55528337704274,64.7858535163408
64.92058261007438,66.42104052348691
65.27792645053216,68.03129174353427
65.62697394342655,69.61588409915271
65.96738569654417,71.17410064190196
66.2988247952433,72.70523091831924
66.62095774300546,74.20857135391759
66.93345542414383,75.68342565520541
67.2359940847507,77.12910522973888
67.52825632765784,78.54492962408102
67.80993211690259,79.93022697942617
68.08071978692861,81.28433450449957
68.34032705152056,82.60659896521965
68.58847200726993,83.89637719047214
68.82488412619786,85.1530365931929
69.04930523203231,86.37595570583284
69.26149045454065,87.56452472912643
69.46120915626871,88.71814609296102
69.64824582602522,89.8362350279936
69.82240093348713,90.91822014654807
69.98349173938013,91.96354403118922
70.13135305581577,92.97166382926241
70.26583795153667,93.94205185156387
70.38681839704188,94.87419617321825
70.49418584482558,95.76760123473765
70.58785174027155,96.62178844116482
70.66774795909348,97.43629675712202
70.73382716760293,98.21068329553984
70.78606310251365,98.94452389779595
70.82445076745189,99.63741370295679
70.84900654383799,100.28896770381007
70.85976821432223,100.8988212873698
70.85679489750407,101.46663075755727
70.84016689322371,101.99207383778537
70.8099854382929,102.4748501512292
70.7663723731152,102.91468167662237
70.70946972023523,103.31131317750263
70.63943917644325,103.66451260291727
70.55646152064135,103.97407145771218
70.4607359402458,104.23980514064908
70.35247927945075,104.46155324872724
70.23192521320692,104.63917984623785
70.09932335127024,104.77257369723354
69.95493827714392,104.86164846026709
69.79904852717219,104.90634284442734
69.631945515435,104.90662072588766
69.45393241044457,104.86247122437135
69.26532296994432,104.77390873913379
69.06644034036748,104.64097294425991
68.85761582771144,104.46372874327525
68.63918764673281,104.24226618326772
68.41149965546433,103.9767003289171
68.1749000820918,103.66717109702302
67.92974025121639,103.31384305231373
67.6763733164563,102.9169051655004
67.41515300622328,102.476570534722
67.14643238933294,101.9930760716906
66.87056266688955,101.46668215400793
66.58789199661379,100.89767224526692
66.29876435547583,100.28635248469288
66.00351844614089,99.63305124819611
65.70248665234891,98.93811868281432
65.39599404793363,98.20192621662387
65.08435746373722,97.42486604626916
64.76788461621128,96.60735060432916
64.4468733010046,95.74981200878045
64.12161065434273,94.85270149685867
63.792372484491445,93.91648884562545
63.459422675086884,92.94166178155893
63.12301266160095,91.92872538146177
62.783380981707644,90.87820146696461
62.440752899817205,89.79062799485133
62.095340105561796,88.66655844537617
61.74734048555513,87.50656121068504
61.39693796730085,86.31121898536098
61.04430243370848,85.081128161034
60.68958970628052,83.81689822688365
60.332941594677024,82.51915117776939
59.97448601002911,81.1885209315925
59.61433713907993,79.82565275738287
59.252595675966674,78.4312027154622
58.889349108235365,77.00583711092187
58.52467205348751,75.55023196150336
58.15862664290399,74.06507248083312
57.79126294777846,72.55105257784066
57.42261944510587,71.00887437303253
57.05272351822879,69.4392477321747
56.681591988526165,67.84288981778612
56.309231674152166,66.22052465873591
55.93563997187587,64.57288273809003
55.56080545815178,62.900700599247
55.184708505649624,61.20472047026973
54.807321911601356,59.48568990623054
54.428611534464736,57.74436144926204
54.04853693557144,55.98149230592499
53.66705202260374,54.1978440413982
53.28410569194278,52.394182289933816
52.89964246713136,50.57127648093052
52.51360313090682,48.72989957990873
52.125925348480564,46.870827843632206
51.73654427995686,44.99484058854597
51.34539318000864,43.10271997167586
50.95240398314307,41.19525078308073
50.557507873111106,39.27322024894407
50.160635835219416,37.33741784434755
49.7617191905088,35.388635114767396
49.36069011095637,33.42766550533227
48.957482115036186,31.455304196851337
48.552030543152426,29.47234794767444
48.144273012606874,27.47959494040787
47.734149851911695,25.477844632553236
47.32160451438437,23.467897610146988
46.906583971075584,21.45055544350329
46.48903908317769,19.426620544189277
46.06892495414483,17.396896022402448
45.64620126181576,15.362185543923774
45.22083257089003,13.32329318590669
44.792788626132776,11.28102329075025
44.36204462670907,9.23618031737515
43.92858148205141,7.189568689252868
43.49238604965584,5.141992638580826
43.05345135518253,3.094256046050101
42.61177679519709,1.0471622756656846
42.167368322855474,-0.9984859958256709
41.720238616770686,-3.041886955351595
41.27040723324361,-5.08223983615124
40.81790074196878,-7.118745106976893
40.3627528452509,-9.150604668158827
39.90500448068761,-11.177022054791061
39.44470390719401,-13.197202647243605
38.98190677415308,-15.210353889195986
38.51667617340345,-17.215685513296133
38.04908267368171,-19.212409774559653
37.579204337063835,-21.199741691555847
37.107126716872166,-23.176899295399174
36.63294283644544,-25.1431038865282
36.156753148109146,-27.097580299208246
35.67866547162324,-29.039557173688483
35.198794911352145,-30.96826723586069
34.71726375135802,-32.882947584282775
34.234201327605064,-34.78283998436754
33.74974387645366,-36.667191169515206
33.264034358630475,-38.535253148936405
32.777222257885654,-40.38628352187235
32.28946335357931,-42.21954579791618
31.800919466506077,-44.034309723063515
31.3117581773258,-45.82985161113709
30.822152517063248,-47.60545468017414
30.33228062924282,-49.36040939334577
29.842325403345853,-51.094013803948904
29.352474079415817,-52.80557390398542
28.862917823793452,-54.49440397580811
28.373851276125208,-56.1598269463128
27.88547206798432,-57.80117474308848
27.397980313627976,-59.41778865195599
26.91157807362962,-61.00901967527652
26.426468792341854,-62.57422889039855
25.94285671037254,-64.11278780759
25.460946253493102,-65.62407872677605
24.98094139962984,-67.10749509240775
24.50304502584224,-68.56244184573238
24.027458237421882,-69.98833577376004
23.5543796814924,-71.3846058541865
23.08400484772288,-72.75069359552923
22.616525358995013,-74.08605337172621
22.152128255083593,-75.39015275043563
21.69099527260847,-76.6624728142917
21.233302124716847,-77.90250847434015
20.779217784115282,-79.10976877491325
20.328903773229104,-80.28377718919214
19.882513465393266,-81.42407190472042
19.440191401082416,-82.5302060981472
19.002072623264176,-83.60174819849514
18.568282036008664,-84.63828213826523
18.138933790497262,-85.63940759173161
17.714130702568518,-86.60474019978105
17.293963705878554,-87.53391178071112
16.878511344676348,-88.4265705264219
16.46783931007352,-89.28238118348001
16.0620000235346,-90.1010252185783
15.66103227112761,-90.88220096795624
15.264960891846115,-91.62562377040906
14.873796523068137,-92.33102608354568
14.48753540591941,-92.99815758303255
14.106159252996317,-93.626785244606
13.729635180555487,-94.21669340870106
13.357915706904715,-94.76768382760663
12.990938818336371,-95.2795756951189
12.628628103523411,-95.75220565873762
12.27089295687505,-96.18542781450367
11.917628850894452,-96.57911368465498
11.568717677131474,-96.93315217833748
11.224028154861193,-97.2474495356759
10.883416306157459,-97.52192925557348
10.546725995571544,-97.75653200767445
10.213789532175442,-97.9512155289825
9.884428331283694,-98.10595450569224
9.558453632750364,-98.22074044084108
9.23566727232317,-98.29558150844815
8.91586250215904,-98.3305023948533
8.59882485624746,-98.32554412801642
8.284333056162394,-98.28076389557798
7.972159952272911,-98.19623485251972
7.662073495281956,-98.07204591929427
7.3538377327534725,-97.90830157132129
7.047213825103893,-97.70512162076726
6.741961075404895,-97.46264099154214
6.43783796725265,-97.18100948845614
6.1346032049134696,-96.86039156148284
5.832016749954654,-96.50096606607411
5.529840848614857,-96.102926020465
5.227841044251731,-95.66647836088859
4.92578716934317,-95.19184369561025
4.623454311683648,-94.67925605865707
4.320623749633935,-94.12896266409365
4.0170838515309,-93.54122366165853
3.7126309346486046,-92.91631189453517
3.4070700794200315,-92.2545126599906
3.1002158949693426,-91.55612347355715
2.7918932323825754,-90.82145383739534
2.4819378425288985,-90.05082501340644
2.170196975658685,-89.24456980161295
1.856529920426567,-88.40303232426302
1.540808480420468,-87.52656781605079
1.2229173867181604,-86.61554242078664
0.9027546454286153,-85.67033299477254
0.5802318196216856,-84.69132691709473
0.2552742454740482,-83.67892190695942
-0.07217881711296492,-82.63352584814551
-0.40217409876023424,-81.55555662058062
-0.734744298665122,-80.44544193898562
-1.0699081250322298,-79.3036191984717
-1.4076703960958863,-78.13053532692223
-1.748022199626904,-76.92664664391978
-2.0909411085066267,-75.69241872595423
-2.436391449686539,-74.42832627757198
-2.784324623603286,-73.13485300809765
-3.1346794709079155,-71.81249151351251
-3.4873826831868247,-70.46174316303734
-3.8423492542006255,-69.08311798994085
-4.19948296805466,-67.67713458604587
-4.558676920620156,-66.24431999941538
-4.919814070478729,-64.78520963464716
-5.282767815632843,-63.3003471552104
-5.647402592230916,-61.7902843872409
-6.013574491587923,-60.255581224204434
-6.381131891838713,-58.696805531843935
-6.7499161006497435,-57.11453305280516
-7.119762005511008,-55.5093473103799
-7.490498728265333,-53.88183951077812
-7.861950280670856,-52.23260844337629
-8.23393621795531,-50.562260378399344
-8.606272287494962,-48.87140896151452
-8.978771069937693,-47.16067510483803
-9.351242610283474,-45.43068687388907
-9.72349503664421,-43.68207937002903
-10.095335164603176,-41.91549460799634
-10.466569085314243,-40.13158138813703
-10.837002735686836,-38.330995162990284
-11.206442449214443,-36.5143978979146
-11.574695486211398,-34.68245792547566
-11.941570542422935,-32.8358497933631
-12.306878235174873,-30.975254105612187
-12.670431566407744,-29.10135735698945
-13.032046362128167,-27.214851760392346
-13.391541687973348,-25.316435067177004
-13.74874024074343,-23.406810380354578
-14.103468715901688,-21.486685960632187
-14.455558151173243,-19.556775025317677
-14.804844246497456,-17.61779554011209
-15.151167660686188,-15.670470003892822
-15.494374285240635,-13.715525226573032
-15.834315495852614,-11.753692100180093
-16.17084838218221,-9.785705363313133
-16.503835956554404,-7.812303359166217
-16.833147342255447,-5.834227787325543
-17.158657942133065,-3.85222344958016
-17.48024958822258,-1.8670379899755325
-17.797810673114114,0.12057837059419896
-18.111236263775023,2.1098731049932713
-18.420428198517595,4.100091655345903
-18.72529516777514,6.090477713126188
-19.025752779313457,8.080273503520766
-19.321723608459166,10.068720073731502
-19.613137233882014,12.0550575849097
-19.899930259405153,14.038525607360276
-20.18204632226728,16.018363418702116
-20.45943608819413,17.99381030464115
-20.7320572335753,19.964105862024127
-20.999874414978898,21.928490303843066
-21.262859226173127,23.88620476586639
-21.520990142761505,25.836491614569233
-21.77425245448313,27.778594756072202
-22.022638185167924,29.71175994575764
-22.266146000292547,31.635235098291467
-22.504781102033917,33.54827059775987
-22.738555111679762,35.45011960765192
-22.96748593922424,37.34003838043186
-23.191597639952175,39.21728656644834
-23.410920257803568,41.081127521970835
-23.625489655298853,42.93082861610977
-23.835347329814272,44.76566153643997
-24.040540216007408,46.58490259313297
-24.24112047421718,48.387833021429074
-24.43714526469683,50.173739282294804
-24.62867650758158,51.94191336111833
-24.81578062854978,53.691653064336734
-24.99852829019594,55.42226231385983
-25.176994109212554,57.13305143921406
-25.35125635955786,58.82333746731716
-25.521396661878864,60.49244440981723
-25.687499659558256,62.139703547940655
-25.84965268185979,63.76445371480709
-26.00794539475846,65.36604157517272
-26.162469440160706,66.9438219025973
-26.313318064337192,68.49715785399964
-26.460585736517494,70.02542124161445
-26.604367758718507,71.52799280234669
-26.744759868002976,73.00426246453269
-26.88185783248733,74.45362961212263
-27.015757042536325,75.875503346294
-27.14655209869891,77.26930274452955
-27.274336398044017,78.6344571171578
-27.39920172065942,79.97040626138846
-27.52123781816542,81.27660071285204
-27.640532006176333,82.55250199465513
-27.757168762710723,83.7975828639583
-27.871229334605495,85.01132755607007
-27.982791354030738,86.19323202606135
-28.09192846722315,87.34280418786382
-28.198709977566384,88.45956415083639
-28.303200505134818,89.5430444537536
-28.405459664789113,90.59279029616262
-28.505541764865427,91.6083597670407
-28.60349552843362,92.58932407067095
-28.699363839015263,93.53526774963376
-28.79318351254948,94.44578890480884
-28.884985097270615,95.32049941224217
-28.97479270302422,96.15902513673923
-29.062623861389525,96.96100614201298
-29.148489417804488,97.72609689720302
-29.23239345670172,98.45396647956437
-29.314333260462586,99.14429877310302
-29.394299302785377,99.7967926629297
-29.47227527683893,100.41116222506886
-29.548238158344763,100.98713691146187
-29.62215830349324,101.52446172987848
-29.693999581359478,102.02289741844008
-29.7637195402431,102.48222061444565
-29.831269607115487,102.9022240171802
-29.896595319119722,103.28271654437451
-29.959636585838005,103.62352348198249
-30.020327980814752,103.92448662692661
-30.078599060611936,104.18546442246785
-30.13437470946947,104.40633208584765
-30.187575507457275,104.58698172785179
-30.238118119833707,104.72732246394719
-30.285915705172183,104.82728051664618
-30.33087833968494,104.88679930876054
-30.37291345505935,104.90583954721288
-30.41192628703305,104.8843792970864
-30.447820331866524,104.82241404560422
-30.48049780782853,104.71995675574543
-30.50986011879071,104.57703790922004
-30.535808317032508,104.39370553854538
-30.558243562387627,104.17002524798339
-30.577067574915255,103.90608022312418
-30.592183078356637,103.60197122892072
-30.60349423173551,103.25781659600628
-30.610907046580518,102.87375219515154
-30.614329787387415,102.44993139974494
-30.61367335309628,101.98652503620771
-30.608851637532783,101.48372132228515
-30.599781866951542,100.9417257931782
-30.586384913020336,100.36076121551939
-30.56858557979554,99.74106748921585
-30.54631286345884,99.08290153721683
-30.519500183810568,98.38653718329083
-30.48808558674419,97.65226501792472
-30.45201191715701,96.88039225248896
-30.411226961980812,96.07124256182831
-30.365683563243483,95.2251559154822
-30.315339701292398,94.34248839774392
-30.260158548524675,93.42361201680387
-30.200108494173445,92.46891450323825
-30.13516314089277,91.4787990981261
-30.065301274065135,90.45368433110066
-29.990506804921612,89.39400378864303
-29.910768688718083,88.30020587296634
-29.826080819345744,87.1727535518266
-29.736441901873516,86.01212409962373
-29.641855304621842,84.81880883015998
-29.542328892450648,83.59331282143212
-29.437874843010324,82.3361546328383
-29.328509447752733,81.04786601519193
-29.214252899527867,79.728991613917
-29.09512906860696,78.38008866583324
-28.971165268966796,77.00172668990604
-28.842392016650813,75.59448717235297
-28.708842781987897,74.15896324648946
-28.5705537374,72.69575936769024
-28.42756350246876,71.20549098384467
-28.279912887855204,69.68878420165555
-28.127644639586354,68.14627544915903
-27.970803185125387,66.5786111347979
-27.809434382543717,64.98644730339348
-27.643585274005503,63.370449289343995
-27.473303844663228,61.73129136736675
-27.298638787948825,60.06965640109923
-27.119639278125263,58.386235489839514
-26.93635475084996,56.681727613736
-26.748834692380562,54.95683927768582
-26.557128437940918,53.212284154215354
-26.361284979652815,51.44878272559822
-26.16135278433147,49.66706192545809
-25.957379621340504,47.86785478009337
-25.749412400606957,46.05190004976155
-25.537497020804814,44.21994187012647
-25.32167822763894,42.372729394109776
-25.101999482083095,40.511016434336526
-24.878502838364003,38.63556110638689
-24.651228831427076,36.74712547305168
-24.420216373572753,34.846475189786226
-24.185502659917383,32.934379151562645
-23.947123082300955,31.011609141290865
-23.705111151252794,29.078939480023415
-23.459498425611017,27.137146679111694
-23.210314449396225,25.187009094508927
-22.957586695547064,23.229306583406053
-22.701340516143134,21.264820163388983
-22.44159909876558,19.294331674305294
-22.178383428678703,17.318623443039936
-21.911712256551446,15.338477951371729
-21.641602071487686,13.354677507133465
-21.368067079178243,11.36800391885134
-21.091119185044573,9.379238174070665
-20.8107679823004,7.389160121566855
-20.527020744917245,5.398548157641892
-20.239882425542703,3.4081789167175653
-19.94935565847839,1.4188269664074942
-19.65544076789346,-0.5687354927006689
-19.358135781503506,-2.553738922371765
-19.057436450007827,-4.53541673694931
-18.753336272632424,-6.513005588284756
-18.445826529178017,-8.48574564517683
-18.134896319021273,-10.452880867122964
-17.820532607554085,-12.413659272220105
-17.50272028058873,-14.367333199010345
-17.18144220727674,-16.313159562124383
-16.85667931211357,-18.250400101556274
-16.52841065661096,-20.17832162542387
-16.19661353122084,-22.096196246080858
-15.86126355808626,-24.00330160946145
-15.52233480517857,-25.89892111754527
-15.179799912345871,-27.782344143874944
-14.833630229766573,-29.652866242030107
-14.483795969242639,-31.509789347028658
-14.130266368710151,-33.352421969618426
-13.773009870270327,-35.180079383454064
-13.411994311959994,-36.99208380517743
-13.047187133388235,-38.78776456743457
-12.678555595255741,-40.56645828491503
-12.306067012668299,-42.327509013479386
-11.92968900202403,-44.07026840251322
-11.549389741128207,-45.794095840644886
-11.165138242049428,-47.49835859500108
-10.776904636087075,-49.18243194420074
-10.384660470072607,-50.84569930530729
-9.988379013069219,-52.48755235501036
-9.588035572389424,-54.107391145292766
-9.183607817685406,-55.704624213905845
-8.775076111718947,-57.27866868997552
-8.36242384626439,-58.82895039509291
-7.94563778145198,-60.35490394026448
-7.52470838671791,-61.85597281911709
-7.099630181397609,-63.33160949776519
-6.67040207287004,-64.78127550178544
-6.237027690060579,-66.20444150072083
-5.799515710002913,-67.60058739058559
-5.357880175084507,-68.9692023748286
-4.912140798533287,-70.3097850442267
-4.462323255656555,-71.6218434561824
-4.008459458318672,-72.9048952138947
-3.550587810131173,-74.15846754588775
-3.0887534398568057,-75.38209738634387
-2.6230084105565847,-76.5753314567111
-2.1534119020787106,-77.73772634902198
-1.6800303645725556,-78.86884861135248
-1.2029376408222738,-79.96827483582851
-0.7222150553295457,-81.03559174956625
-0.23795146823600888,-82.07039630890205
0.2497567076489169,-83.07229579725372
0.7408055282328405,-84.04090792689817
1.2350835792422536,-84.97586094494135
1.73247207809362,-85.87679374370443
2.2328450173248715,-86.74335597571539
2.736069350099708,-87.57520817345379
3.242005218001349,-88.37202187394895
3.750506221035783,-89.13347974829887
4.261419729439016,-89.85927573610996
4.774587236576389,-90.54911518483155
5.289844751892594,-91.20271499389749
5.8070232325516855,-91.81980376354375
6.3259490520877675,-92.40012194812095
6.846444504072291,-92.94342201367067
7.368328338508871,-93.44946859949412
7.891416328363792,-93.91803868338154
8.415521863379183,-94.34892175013871
8.940456568052724,-94.74191996299514
9.466030940436681,-95.096848337439
9.992055008199173,-95.41353491698399
10.518338998208172,-95.69182095033615
11.044694015742094,-95.93156106939315
11.570932729315425,-96.13262346748157
12.096870057003622,-96.29489007720187
12.62232385010716,-96.4182567472349
13.147115569963479,-96.50263341743688
13.67107095373002,-96.54794429153536
14.194020665008187,-96.55412800672529
14.715800925257213,-96.52113779945469
15.236254122070251,-96.44894166668475
15.755229390521178,-96.33752252190854
16.272583163984322,-96.18687834521519
16.78817969103251,-95.99702232669384
17.30189151526052,-95.76798300248333
17.813599915146096,-95.49980438278786
18.323195301346065,-95.1925460711994
18.830577569141397,-94.84628337468666
19.335656404058113,-94.46110740364234
19.83835153904353,-94.03712516140331
20.338592961920565,-93.57445962269536
20.836321072203134,-93.07324980048664
21.33148678671724,-92.53365080077342
21.824051593834916,-91.95583386486017
22.313987556484513,-91.33998639874154
22.80127726446087,-90.68631198922924
23.285913736889214,-89.99503040652588
23.76790027603868,-89.26637759298077
24.247250273987973,-88.50060563781803
24.723986973943372,-87.6979827376731
25.198143188283765,-86.85879314282157
25.669760975655844,-85.98333708903706
26.138891279675953,-85.07193071505029
26.60559353198198,-84.12490596565064
27.069935222561924,-83.14261048049708
27.53199144042049,-82.12540746876425
27.991844387759897,-81.07367556979034
28.44958287093329,-79.98780869993651
28.905301771479483,-78.86821588591525
29.35910150057695,-77.71532108486912
29.81108744023768,-76.52956299154658
30.261369374537985,-75.31139483293151
30.710060914115452,-74.06128415073324
31.15727891707634,-72.7797125721705
31.6031429093465,-71.46717556951411
32.04777450736645,-70.12418220887906
32.49129684587578,-68.75125488878885
32.93383401336809,-67.34892906903798
33.37551049759979,-65.91775299043172
33.81645064334757,-64.45828738596748
34.25677812439184,-62.971105184057485
34.69661543148678,-61.456791204399
35.13608337785211,-59.91594184710925
35.57530062349146,-58.349164775758595
36.01438321941819,-56.757078594918724
36.45344417263054,-55.14031252288536
36.892593032463054,-53.499506060198804
37.331935498715104,-51.835308654608674
37.77157305174681,-50.148379363119474
38.211602604529425,-48.439386511751415
38.652116176445354,-46.70900735364317
39.093200588451346,-44.95792772612531
39.53493717905938,-43.18684170735729
39.9774015404284,-41.39645127315354
40.4206632737369,-39.58746595456842
40.86478576288266,-37.760602496821456
41.309825965458685,-35.91658452012006
41.75583421987339,-34.056142182919565
42.20285406741844,-32.18001184815098
42.65092208804994,-30.288935752899015
43.10006774861351,-28.383661682037257
43.55031326224747,-26.46494264625843
44.00167345770399,-24.533536564940512
44.45415565735988,-22.59020595425445
44.90775956273536,-20.635717620891693
45.36247714640049,-18.67084236177042
45.81829254923441,-16.696354670020035
46.27518198208537,-14.713032447560032
46.73311363099796,-12.721656724507634
47.1920475652872,-10.723011385642746
47.651935647872634,-8.717882904112953
48.11272144742654,-6.707060082524749
48.57434015204033,-4.691333801526631
49.036718484268064,-2.671496775959042
49.499774617575426,-0.6483433185739452
49.963418094377886,1.377330888666381
50.42754974603233,3.404729015796672
50.89206161531001,5.433053298663205
51.35683688205036,7.461505245503753
51.82174979286198,9.489285836499148
52.28666559589861,11.51559571654146
52.75144048190115,13.539635381543619
53.21592153283609,15.56060535861495
53.6799466796127,17.57770638052793
54.14334467048447,19.59013955492163
54.60593505186151,21.597106528747744
55.06752816336384,23.597809648514797
55.527925149033095,25.591452116925318
55.98691798669904,27.577238146578427
56.444289537540506,29.55437311140719
56.899813617926924,31.52206369661432
57.3532550956348,33.47951804788262
57.80437001252936,35.42594592068608
58.25290573577274,37.360558830563306
58.69860113956868,39.282570205249
59.141186819376955,41.191195539579965
59.58038534043798,43.08565255414482
60.015911522314646,44.96516135861983
60.44747276102196,46.82894462079561
60.87476939013817,48.67622774228036
61.297495082098195,50.50623904187785
61.71533729065408,52.31820994763529
62.12797773524501,54.11137519853695
62.535092927766904,55.88497305682945
62.93635474194135,57.63824553189435
63.33143102519723,59.37043861659696
63.719986252659496,61.08080253697235
64.10168222251444,62.76859201607029
64.47617879168251,64.43306655272418
64.8431346503807,66.07349071593589
65.20220813380809,67.68913445552016
65.55305806882178,69.27927342953
65.89534465312252,70.843189348937
66.22873036410883,72.3801703399193
66.55288089421236,73.88951132401407
66.86746610918794,75.37051441628063
67.17216102550637,76.82248934150378
67.46664680268778,78.24475386833797
67.75061174612853,79.63663426118626
68.0237523157019,80.99746574944174
68.28577413518097,82.32659301361839
68.53639299731988,83.6233706877405
68.77533585925377,84.88716387722687
69.00234182273884,86.11734869136667
69.2171630936503,87.31331278933851
69.41956591509792,88.47445593860424
69.60933146849474,89.60019058434476
69.78625673694488,90.68994242850391
69.9501553253831,91.74315101686241
70.10085823201634,92.75927033245053
70.23821456577922,93.73776939349486
70.36209220472378,94.67813285399112
70.47237839051736,95.5798616048969
70.56898025452173,96.44247337386756
70.651825271265,97.26550332136374
70.72086163550166,98.04850463092284
70.77605855947473,98.79104909132587
70.81740648744906,99.492727668364
70.84491722507177,100.15315106389048
70.85862398163076,100.77195025983852
70.85858132382151,101.348777044907
70.84486504019038,101.88330452162892
70.8175719159965,102.37522759159675
70.77681941881742,102.82426341667
70.72274529581236,103.23015185406715
70.65550708414345,103.59265586333555
70.57528153663924,103.91156188329515
70.48226396535352,104.18668017717646
70.37666750622985,104.41784514429641
70.25872230861376,104.60491559676962
70.12867465386296,104.74777499990263
69.98678600778253,104.84633167508731
69.83333201205244,104.90051896418446
69.66860142021767,104.91029535457166
69.49289498417,104.87564456421914
69.30652429736168,104.79657558635157
69.10981060125869,104.67312269345118
68.90308356175017,104.5053454005582
68.68668002239318,104.29332838802304
68.46094274147661,104.03718138406505
68.22621911993996,103.73703900768665
67.9828599271795,103.39306057268638
67.73121803171483,103.00542985369432
67.47164714358226,102.57435481534064
67.20450057515512,102.10006730582988
66.93013002688194,101.58282271635893
66.64888440417428,101.02289960796436
66.3611086713739,100.42059930752241
66.067142748387,99.77624547475196
65.76732045519054,99.0901836421736
65.46196850900981,98.36278073008869
65.1514055785195,97.59442453870949
64.83594139896086,96.78552321964725
64.5158759515822,95.93650472901214
64.19149871031357,95.04781626441583
63.863087958078026,94.11992368818605
63.530910174632595,93.15331093911166
63.19521949731417,92.14847943501228
62.8562572555667,91.10594746842438
62.51425157961876,90.02624959763354
62.169417083199626,88.90993603524275
61.82195461971172,87.75757203639772
61.47205111082832,86.56973728871175
61.11987944606325,85.34702530585102
60.765598451455425,84.0900428266247
60.40935292515208,82.79940922134777
60.05127373732788,81.47575590709936
59.69147799157939,80.11972577339608
59.33006924466268,78.73197261966773
58.96713778120918,77.31316060579098
58.602760939856786,75.86396371680293
58.23700348707435,74.38506524278571
57.86991803482721,72.87715727475542
57.50154549815159,71.34094021728603
57.13191558864175,69.77712231842821
56.76104733983898,68.18641921736857
56.38894966052041,66.56955351013796
56.015621911927575,64.92725433354855
55.6410545050467,63.26025696742546
55.265229514142845,61.56930245505594
54.8881213028804,59.8551372417082
54.50969715949444,58.118512830925894
54.129917937644045,56.36018545822965
53.74873869975408,54.58091578175758
53.36610935984306,52.78146858929262
52.98197532303836,50.96261252105701
52.5962781191859,49.125119807558995
52.208956028186336,47.26976602176091
51.819944694901864,45.39732984474026
51.4291777317035,43.50859284399748
51.03658730694727,41.604339263517595
50.642104717884905,39.68535582466487
50.245660946725025,37.752431536965204
49.84718719876741,35.80635751782555
49.44661542172161,33.8479268202016
49.043878805516286,31.877934267270536
48.63891226206818,29.897176293121056
48.23165288464621,27.906450788510536
47.822040386609736,25.90655695074353
47.41001751943239,23.89829513674457
46.99553047004054,21.882466718431115
46.57852923759081,19.859873939489496
46.15896798990549,17.83131977273663
45.73680539984438,15.79760777723386
45.31200496195006,13.759541954384861
44.884535289740064,11.717926602277712
44.454370394041646,9.673566167570984
44.0214899427752,7.627265094275282
43.58587950258021,5.5798276687935955
43.147530762669824,3.532057860677972
42.70644174125795,1.4847591585531021
42.262616974868116,-0.5612655992679529
41.816067690778624,-2.605214399916589
41.36681196279862,-4.646286237245141
40.914874850501135,-6.683681299599808
40.46028852196732,-8.71660116438933
40.0030923600106,-10.744248999736318
39.543333051777935,-12.765829773405535
39.0810646615311,-14.780550469212628
38.6163486863323,-16.78762031104615
38.149254094273786,-18.78625099460602
37.67985734481,-20.77565692692304
37.20824239067721,-22.755055473676215
36.7345006608073,-24.72366721431748
36.25873102359058,-26.68071620492779
35.78103972977512,-28.62543024874293
35.30154033425132,-30.55704117422311
34.82035359593337,-32.47478512051687
34.33760735492618,-34.377902830136534
33.853436386159224,-36.265639948621015
33.36798222866584,-38.137247330958346
32.881392989717746,-39.99198135446202
32.39382312304756,-41.82910423781213
31.90543318045003,-43.64788436591394
31.416389536118324,-45.447596620206525
30.926864083156126,-47.22752271402415
30.43703390180735,-48.98695153258549
29.94708089906593,-50.72517947714999
29.457191419455363,-52.44151081287863
28.967555826930337,-54.13525801986725
28.4783680580068,-55.80574214683726
27.989825146414372,-57.452293166918174
27.50212671975636,-59.07425033493989
27.015474468868682,-60.6709625456301
26.530071590787845,-62.24178869208127
26.046122206456644,-63.786098023854834
25.563830754540927,-65.30327050403042
25.08340136295671,-66.79269716453013
24.605037199955305,-68.25378045900644
24.128939806853264,-69.68593461257676
23.65530841473446,-71.08858596767277
23.18433924768735,-72.46117332526379
22.71622481537192,-73.80314828069837
22.25115319792358,-75.11397555342316
21.789307326420936,-76.39313330980102
21.330864262325747,-77.64011347828473
20.87599447948615,-78.85442205618568
20.42486115244811,-80.03557940728929
19.97761945495359,-81.18312054957929
19.53441587261522,-82.29659543234028
19.095387533833076,-83.37556920194164
18.6606615630836,-84.41962245559839
18.230354460722744,-85.42835148245652
17.80457151344292,-86.40136849136233
17.383406239479264,-87.33830182471127
16.966939872583893,-88.23879615780825
16.55524088867834,-89.1025126832054
16.148364578941724,-89.92912927953937
15.746352672921796,-90.71834066441392
15.349233015030428,-91.46985853094584
14.957019297542232,-92.18341166763041
14.56971085293213,-92.85874606124293
14.187292508075858,-93.49562498255028
13.809734502496784,-94.09382905466663
13.43699247247715,-94.65315630394714
13.06900750245574,-95.17342219338596
12.705706244731623,-95.65445963853531
12.347001108055562,-96.09611900604344
11.992790515253049,-96.49826809496639
11.642959229568039,-96.86079210107867
11.297378748956906,-97.18359356447301
10.955907767101872,-97.46659230080411
10.618392699448268,-97.70972531659885
10.284668272124579,-97.91294670911049
9.954558171152039,-98.07622755126185
9.627875748926648,-98.19955576227534
9.304424784544036,-98.28293596464243
8.984000294149379,-98.32638932813737
8.666389387134148,-98.3299534016244
8.351372163664191,-98.29368193345228
8.038722648731913,-98.21764468126624
7.728209757653625,-98.101927212101
7.4195982877120725,-97.94663069364638
7.112649930457607,-97.75187167759893
6.807124299038368,-97.5177818760299
6.5027799648304345,-97.2445079317108
6.199375497584941,-96.93221118334417
5.896670503294532,-96.58106742664256
5.594426654023211,-96.19126667219885
5.29240870401497,-95.76301290107193
4.990385486522888,-95.29652381899811
4.688130885962855,-94.79203061011324
4.385424780200206,-94.24977769104161
4.082053948020815,-93.67002246617646
3.777812937111424,-93.05303508492956
3.472504888191245,-92.39909820169822
3.165942311268698,-91.70850673923572
2.857947810367083,-90.98156765606937
2.548354753448928,-90.21859971855204
2.237007884674867,-89.4199332780755
1.923763876555272,-88.58591005391798
1.6084918199794096,-87.71688292212411
1.2910736505525424,-86.8132157107721
0.9714045101042998,-85.87528300189815
0.6493930426751113,-84.90346994029565
0.32496162472033063,-83.89817204933672
-0.0019534703033947665,-82.85979505390067
-0.3314019723921664,-81.78875471042878
-0.6634195795133255,-80.6854766440682
-0.9980279848389522,-79.55039619279121
-1.3352349649795734,-78.38395825834435
-1.6750345271785783,-77.18661716380007
-2.017407113115789,-75.95883651744651
-2.3623198566909647,-74.70108908269631
-2.709726892908389,-73.41385665364943
-3.0595697147623984,-72.09762993590961
-3.4117775748409613,-70.75290843219625
-3.7662679281993103,-69.38020033229245
-4.122946912939858,-67.98002240680778
-4.481709864836663,-66.55289990422877
-4.842441862282799,-65.09936645070347
-5.205018297807623,-63.6199639519903
-5.569305472409262,-62.11524249698975
-5.9351612089722785,-60.58576026227683
-6.302435481098604,-59.032083417027685
-6.670971053748627,-57.45478602777167
-7.040604132198986,-55.85444996236872
-7.411165015940245,-54.23166479264334
-7.782478754279742,-52.587027695112184
-8.154365800572634,-50.92114334925796
-8.526642662173995,-49.23462383283114
-8.89912254339439,-47.528088513658
-9.271615978926176,-45.80216393750062
-9.643931455418254,-44.05748371150076
-10.015876019078858,-42.29468838279427
-10.387255867397466,-40.51442531190611
-10.757876923288531,-38.71734854056931
-11.127545390168464,-36.90411865365504
-11.496068286690045,-35.07540263490914
-11.863253960053315,-33.231873716272155
-12.228912577017548,-31.374211220551558
-12.592856591923791,-29.503100397278814
-12.954901191219538,-27.61923225161172
-13.314864714147799,-25.72330336618061
-13.672569049422822,-23.81601571581115
-14.027840007860636,-21.898076475101945
-14.3805076710731,-19.970197818840347
-14.730406716447582,-18.033096715320934
-15.077376718751612,-16.08749471261556
-15.42126242879159,-14.134117717902694
-15.76191402963767,-12.173695769983311
-16.09918737099383,-10.206962805137811
-16.43294418234482,-8.234656416513644
-16.763052265556986,-6.2575176072277
-17.089385667629298,-4.2762905374380455
-17.41182483431501,-2.291722265610508
-17.730256745333126,-0.3045624842527266
-18.04457503188319,1.6844367496058341
-18.35468007716003,3.674521288895587
-18.660479100536925,5.664935175636387
-18.961886226055512,7.654920924421036
-19.258822535810825,9.643719809901611
-19.55121610877955,11.630572157971052
-19.839002045580663,13.614717640298963
-20.12212247960215,15.595395571888186
-20.4005265748656,17.571845211317033
-20.674170510938637,19.54330606333469
-20.943017455139756,21.50901818347056
-21.207037522220958,23.468222484351916
-21.466207721645016,25.420161043381412
-21.720511892521348,27.364077411481976
-21.969940626204167,29.299216922595853
-22.214491176506733,31.224827003643888
-22.454167357438756,33.14015748466185
-22.688979428332946,35.04446090883272
-22.91894396619731,36.936992842174696
-23.144083725098472,38.817012182610725
-23.36442748237037,40.683781468206135
-23.580009871431432,42.53656718434757
-23.790871200995863,44.37464006965974
-23.997057260476062,46.197275420471286
-24.198619111394798,48.00375339365657
-24.39561286465647,49.793359307687346
-24.588099443571704,51.565383941770094
-24.776144332576852,53.31912383291518
-24.95981731165706,55.053881570843984
-25.139192176550356,56.76896609062765
-25.314346444892312,58.46369296297424
-25.48536104855051,60.13738468209481
-25.65232001249469,61.78937095108317
-25.815310120655916,63.418988964781846
-25.974420569334537,65.02558369007588
-26.129742608837322,66.60850814360876
-26.281369174141467,68.16712366689907
-26.429394505506863,69.7008001988531
-26.57391376008258,71.20891654567578
-26.715022615676776,72.69086064818111
-26.852816867984664,74.14602984653035
-26.987392022685434,75.57383114239185
-27.11884288393857,76.97368145855694
-27.247263140917212,78.34500789602306
-27.372744954119344,79.68724798856377
-27.495378543290858,80.99984995480054
-27.61525177887691,82.2822729477895
-27.732449778988723,83.5339873021245
-27.8470545139322,84.75447477857078
-27.95914442038476,85.94322880620363
-28.068794027337862,87.0997547220493
-28.1760735959312,88.22357000819605
-28.28104877529965,89.31420452633766
-28.3837802765289,90.37120074969887
-28.484323566772545,91.39411399227366
-28.58272858552317,92.38251263530738
-28.679039484946433,93.33597835091302
-28.773294396090307,94.25410632272104
-28.865525222661688,95.13650546342987
-28.955757463927636,95.98279862911247
-29.044010068144477,96.79262283011644
-29.13029531774872,97.56562943837311
-29.214618747360397,98.30148439092615
-29.296979095448965,98.99986838945227
-29.377368290304158,99.6604770955498
-29.455771470732362,100.28302132154238
-29.532167041670434,100.86722721653304
-29.606526764673898,101.41283644742872
-29.678815882996552,101.91960637464152
-29.748993280737363,102.38731022215796
-29.81701167528968,102.81573724166334
-29.882817842088343,103.20469287038652
-29.94635287041788,103.5539988823339
-30.007552448818497,103.86349353256809
-30.066347178409835,104.1330316941842
-30.122662912248398,104.3624849876338
-30.176421118643066,104.55174190204475
-30.22753926617967,104.70070790818981
-30.27593122804655,104.80930556275486
-30.32150770311725,104.87747460356883
-30.364176651128133,104.9051720354615
-30.40384373919439,104.89237220642667
-30.440412796835325,104.8390668737799
-30.47378627663175,104.74526526001422
-30.503865717613838,104.61099409807267
-30.530552208477445,104.43629766577541
-30.55374684775151,104.22123780915814
-30.573351198087057,103.9658939545
-30.58926773190967,103.67036310884262
-30.601400265771147,103.33475984882585
-30.609654380851424,102.95921629769099
-30.61393782719685,102.54388209033159
-30.614160909435167,102.08892432629274
-30.610236851877545,101.59452751065827
-30.602082141104496,101.06089348278431
-30.589616844330166,100.4882413328725
-30.57276490204973,99.87680730640328
-30.55145439369222,99.22684469647875
-30.52561777522563,98.5386237241568
-30.495192087889546,97.81243140687664
-30.460119137461195,97.04857141511985
-30.420345643690034,96.24736391746221
-30.375823359763384,95.40914541420646
-30.326509161887707,94.53426855980865
-30.27236510928549,93.62310197433388
-30.213358475113953,92.67603004419918
-30.149461749008232,91.69345271248692
-30.080652612134575,90.67578525911564
-30.00691388581039,89.62345807119807
-29.928233454902163,88.53691640390633
-29.844604167352454,87.41662013219289
-29.756023711309528,86.26304349372344
-29.662494471438603,85.07667482338677
-29.564023366081674,83.85801627976166
-29.46062166700121,82.60758356390892
-29.3523048034969,81.3259056308912
-29.239092152716214,80.01352439439627
-29.121006817997355,78.67099442485818
-28.99807539708222,77.29888264146487
-28.870327742020486,75.89776799843845
-28.737796712554644,74.4682411659775
-28.600517924727704,73.01090420622621
-28.458529496399134,71.52637024466327
-28.311871791280076,70.01526313726204
-28.160587163018725,68.47821713378691
-28.004719700774938,66.91587653757473
-27.844314977623633,65.32889536214199
-27.679419803020878,63.717936984947976
-27.510081980456505,62.08367379864123
-27.336350071299858,60.42678686008296
-27.158273165733018,58.74796553746974
-26.975900661543783,57.0479071558279
-26.789282051436228,55.32731664116526
-26.598466719400335,53.586906163547624
-26.40350374656972,51.82739477935741
-26.204441726888827,50.0495080729914
-26.001328592804832,48.25397779821866
-25.794211451106598,46.44154151945589
-25.58313642893785,44.61294225316519
-25.368148529930988,42.76892810959889
-25.149291500332293,40.91025193510077
-24.92660770492255,39.03767095516736
-24.700138012480767,37.151946418477756
-24.46992169048704,35.25384324206796
-24.2359963087275,33.34412965786953
-23.998397651429034,31.423576860783168
-23.757159637535338,29.492958658483847
-23.51231424872379,27.553051123143973
-23.263891464761514,25.6046322452619
-23.011919205805732,23.648481589781838
-22.756423281270788,21.68537995470166
-22.49742734490332,19.71610903233708
-22.23495285574429,17.741451073460663
-21.969019044687812,15.762188554487349
-21.69964288639332,13.779103847909113
-21.426839076355336,11.792978896173764
-21.150620012987936,9.804594889204603
-20.8709957846389,7.814731945769418
-20.5879741615038,5.824168798879066
-20.301560592478374,3.8336824854464338
-20.011758207042952,1.844048040387824
-19.7185678223386,-0.1439618046216129
-19.421987955654927,-2.1295769175372374
-19.1220148426086,-4.112030057279471
-18.818642461349814,-6.090557159806421
-18.511862563182397,-8.06439761875052
-18.20166471003879,-10.032794560400202
-17.88803631928674,-11.994995112862732
-17.570962716385417,-13.950250669221564
-17.25042719593642,-15.897817144519628
-16.926411091697265,-17.836955226408218
-16.598893856137217,-19.766930619313413
-16.26785315012147,-21.68701428197466
-15.93326494329827,-23.59648265825297
-15.595103625756213,-25.494617901073195
-15.253342131484054,-27.380708089429604
-14.907952074132691,-29.254047438373327
-14.55890389552927,-31.11393650192901
-14.20616702733341,-32.95968236890897
-13.849710066156902,-34.790598851605424
-13.489500962381406,-36.606006667392464
-13.125507222825174,-38.40523361324708
-12.757696127298674,-40.18761473326987
-12.386034958982236,-41.9524924792837
-12.010491248435665,-43.6992168646248
-11.631033030920914,-45.42714561126557
-11.247629116581775,-47.135644290437085
-10.86024937288344,-48.82408645693799
-10.468865018561083,-50.49185377736891
-10.073448928184419,-52.13833615251574
-9.673975946281248,-53.76293183417452
-9.270423209813769,-55.36504753670995
-8.86277047764527,-56.944098543673405
-8.45100046548271,-58.49950880982935
-8.035099184634982,-60.03071105895387
-7.615056282778795,-61.53714687781204
-7.190865384799988,-63.018266806702
-6.762524431643502,-64.4735304270081
-6.330036014997942,-65.90240644619743
-5.893407705538751,-67.30437278071341
-5.4526523723687035,-68.67891663723026
-5.007788491227835,-70.02553459273145
-4.558840438987946,-71.34373267389995
-4.105838771926333,-72.63302643627532
-3.64882048525215,-73.89294104366382
-3.18782925137695,-75.12301134826264
-2.7229156344525567,-76.32278197195713
-2.2541372787578844,-77.49180738923715
-1.7815590685972342,-78.62965201216413
-1.3052532574809401,-79.73589027779644
-0.8252995644821723,-80.81010673847562
-0.34178523582921017,-81.85189615532303
0.14519493004180717,-82.86086359529617
0.6355385955420907,-83.83662453210705
1.129135936442955,-84.7788049512753
1.6258697349545468,-85.68704145955334
2.1256155142171735,-86.56098139891692
2.62824171478322,-87.40028296528679
3.1336099133652784,-88.20461533208189
3.6415750838362335,-88.97365877868171
4.151985900148423,-89.70710482381665
4.664685080523407,-90.40465636386112
5.1795097719424685,-91.06602781595733
5.696291973643232,-91.69094526584462
6.214858998015893,-92.2791466202312
6.735033966965947,-92.83038176347972
7.256636341517986,-93.34441271834689
7.779482482134787,-93.82101381046041
8.303386236950509,-94.2599718361739
8.82815955485702,-94.66108623339566
9.353613120144129,-95.02416925494538
9.879557005177038,-95.34904614395026
10.405801337413472,-95.63555531076054
10.932156976889539,-95.88354851081938
11.458436200186416,-96.09289102290052
11.98445338678406,-96.26346182709145
12.51002570364603,-96.39515378187754
13.034973783848772,-96.48787379966036
13.559122395070583,-96.54154302002497
14.082301093802274,-96.55609698005848
14.604344861202978,-96.53148578101019
15.125094716645904,-96.4676742505796
15.644398305133091,-96.36464210011592
16.16211045493491,-96.22238407601489
16.67809370201442,-96.0409101046057
17.1922187780303,-95.82024542983059
17.70436505896917,-95.5604307430351
18.214420971749202,-95.26152230420234
18.7222843564285,-94.92359205399114
19.227862781986957,-94.5467277159583
19.731073813979776,-94.13103288837723
20.231845232712136,-93.67662712509508
20.730115200941114,-93.18364600490573
21.225832380469793,-92.65224118895514
21.7189559973684,-92.08258046572833
22.20945585590466,-91.47484778322021
22.69731230163238,-90.8292432679251
23.18251613442454,-90.14598323033096
23.665068472572845,-89.42530015664903
24.144980569392786,-88.66744268655617
24.6222735840708,-87.8726755767792
25.09697830877601,-87.04127965038745
25.569134854303464,-86.17355173172673
26.03879229675912,-85.26980456695814
26.506008287994554,-84.33036673022339
26.97084863267908,-83.35558251550249
27.433386835044747,-82.34581181427615
27.893703618458957,-81.30142997914942
28.351886421065654,-80.22282767364315
28.808028870801976,-79.11041070838542
29.2622302431146,-77.9645998640024
29.714594904711326,-76.78583070102131
30.165231746648107,-75.5745533571496
30.61425360999813,-74.33123233232524
31.061776707267935,-73.05634626196468
31.50792004261748,-71.75038767887223
31.95280483381926,-70.41386276428331
32.39655393873164,-69.04729108857192
32.83929128890539,-67.65120534214367
33.28114133275246,-66.22615105707638
33.72222849051086,-64.7726863200818
34.1626766230312,-63.2913814773785
34.60260851619066,-61.78281883208667
35.04214538252238,-60.24759233474528
35.481406381409926,-58.68630726759782
35.92050815897677,-57.09957992326291
36.35956440856563,-55.488037278433
36.79868545247832,-53.8523166632396
37.237977845424844,-52.19306542692461
37.67754399991718,-50.51094060045565
38.117481833635146,-48.806608556726886
38.5578844386042,-47.08074466895783
38.99883977183143,-45.33403296793613
39.440430366888506,-43.56716579870064
39.88273306576991,-41.78084347727482
40.32581877021943,-39.97577394804067
40.769752211596725,-38.15267244232882
41.214591738250974,-36.312261138794675
41.66038911928943,-34.455268826105986
42.10718936355178,-32.5824305684945
42.55503055256413,-30.69448737465889
43.00394368621076,-28.792185870512156
43.45395253985379,-26.8762779762348
43.90507353163853,-24.947520588070788
44.35731559874628,-23.006675265287214
44.81068008140587,-21.05450792266262
45.265160613524245,-19.09178852888834
45.72074301888325,-17.119290811189277
46.177405211933575,-15.137791966467674
46.63511710232399,-13.148072379230808
47.093840502420605,-11.150915346530638
47.55352903720053,-9.147106810105756
48.01412805604102,-7.137435095888696
48.475574546080026,-5.122690660972803
48.937797046968655,-3.1036658481422923
49.40071556700838,-1.0811546479775687
49.86424150082559,0.9440475314653405
50.32827754890684,2.971144087456836
50.792717639488565,4.999337437978519
51.257446853462156,7.027829229828646
51.72234135313045,9.05582053966431
52.187268315803664,11.082512068194653
52.65208587339341,13.107104327839277
53.116643059308025,15.128797824185805
53.5807797640977,17.14679323164086
54.044326701430265,19.160291563717887
54.50710538609981,21.16849433845688
54.96892812587501,23.17060373951112
55.429598029093725,25.165822773515174
55.88890902997487,27.153355424346653
56.34664593368844,29.132406804991046
56.80258448325723,31.10218330773407
57.256491450385404,33.06189275345885
57.70812475230741,35.0107445408657
58.15723359672447,36.94794979646008
58.603558656856485,38.872721526217404
59.04683227855562,40.7842747698152
59.48677872134562,42.681826758397634
59.92311443512634,44.56459707682966
60.3555483741433,46.43180783142373
60.783782349656505,48.282683824132796
61.20751142255079,50.116452734198276
61.62642433692482,51.93234530826803
62.04020399545024,53.729595559944215
62.44852797704775,55.50744097975157
62.85106909714566,57.265122756465864
63.24749601049505,59.00188601072074
63.63747385620553,60.716980041770995
64.0206649443423,62.4096585882453
64.39672948308655,64.07918010365722
64.765326345122,65.72480804740682
65.12611387154755,67.3458111918904
65.47875071126941,68.94146394629992
65.82289669346247,70.51104669758054
66.15821373033707,72.0538461689283
66.48436674709775,73.56915579610815
66.80102463563725,75.05627612175527
67.10786122818567,76.51451520773058
67.40455628681359,77.94318906544166
67.6907965044025,79.34162210395225
67.96627651241997,80.70914759554945
68.23069989059425,82.04510815831145
68.48378017336714,83.34885625508088
68.72524184781949,84.61975470810356
68.95482133761986,85.85717722847248
69.17226796742986,87.06050895934447
69.3773449021359,88.22914703179184
69.56983005524553,89.3625011319962
69.74951696080264,90.45999407836595
69.91621560323676,91.52106240703151
70.06975319966755,92.54515696405134
70.20997492933722,93.5317435025434
70.33674460504488,94.48030328286559
70.44994528169626,95.39033367384769
70.54947979737544,96.26134875301587
70.63527124267458,97.09287990366208
70.70726335439107,97.88447640655212
70.7654208301137,98.63570602401796
70.80972956066648,99.34615557413994
70.84019677786029,100.01543149271502
70.85685111551012,100.64316038068272
70.85974258221154,101.22898953470772
70.84894244492355,101.77258745863304
70.82454302297673,102.2736443535606
70.7866573927061,102.7318725843733
70.73541900349667,103.14700712058149
70.67098120661704,103.51880594947113
70.59351669880108,103.84705045962095
70.50321688311062,104.13154579298367
70.4002911501716,104.37212116384867
70.28496608341423,104.56863014314806
70.1574845924613,104.7209509067211
70.01810497929226,104.8289864463167
69.86709994226017,104.8926647422864
69.70475552344767,104.91193889710289
69.53137000521957,104.88678722902604
69.34725276214948,104.81721332543286
69.15272307477439,104.7032460555246
68.94810891185436,104.54493954232352
68.73374568798579,104.34237309407162
68.50997500353512,104.09565109534408
68.27714337392021,103.80490285838341
68.03560095527939,103.47028243535807
67.7857002735177,103.09196839243164
67.52779496362328,102.67016354671193
67.26223852599418,102.20509466732025
66.98938310631571,101.69701214198402
66.70957830527867,101.14618961070728
66.42317002413756,100.55292356821683
66.13049935176943,99.91753293700037
65.83190149852848,99.24035861288137
65.52770478178007,98.52176298516072
65.21822966756642,97.76212943344916
64.90378787239598,96.96186180338083
64.58468152866925,96.12138386345262
64.26120241675937,95.24113874527734
63.933631266256896,94.32158836954854
63.602237128383834,93.36321286004407
63.26727682106187,92.36650994796692
62.92899444761588,91.33199436891213
62.58762098959041,90.26019725470827
62.24337397366871,89.1516655223311
61.89645721221198,88.00696126203103
61.547060616478795,86.82666112672285
61.195360081163116,85.61135572462953
60.841517438476636,84.3616490170469
60.48568047963195,83.07815772300843
60.12798304123678,81.76151073251003
59.7685451537989,80.41234852983575
59.40747324926453,79.03132262839884
59.04486042427357,77.61909501838856
58.68078675560425,76.17633762835936
58.31531966412021,74.70373180179664
57.948514323391606,73.2019677895223
57.58041410907022,71.6717442586859
57.211051085035066,70.11376781894388
56.84044652229744,68.52875256629457
56.46861144666016,66.91741964491219
56.095547211155946,65.28049682717183
55.72124608936312,63.61871811197138
55.345691885778464,61.93282334129983
54.96886055954803,60.2235578349101
54.59072085799234,58.49167204284128
54.21123495651927,56.737921215433374
53.83035910169386,54.963065090394785
53.44804425441697,53.16786759636971
53.06423673037407,51.35309657241884
52.67887883511506,49.51952350271324
52.291909491347496,47.66792326570411
51.9032648562431,45.799073896969354
51.51287892677892,43.913756364891306
51.120684131354764,42.012754358280475
50.72661190614809,40.09685408503802
50.33059325487375,38.166844080897214
49.93255929083244,36.22351502731459
49.532441760317965,34.267659577523666
49.130173546647356,32.30007218978893
48.72568915425062,30.32154896689015
48.318925172420755,28.332887500874918
47.90982071847487,26.334886722140094
47.49831786020686,24.32834675189103
47.08436201764137,22.31406875709875
46.667902344192946,20.292854807052134
46.2488920874287,18.265507730661234
45.8272889297033,16.232830973690508
45.40305530899166,14.195628455137644
44.97615872028605,12.154704422009699
44.54657199795165,10.11086330179793
44.11427357943986,8.06490955196329
43.67924775076617,6.0176475058376
43.24148487413301,3.9698812143378395
42.80098159805562,1.9224142829651214
42.35774105030778,-0.12395029640597244
41.91177301395362,-2.168410319397854
41.46309408667605,-4.210164549056014
41.01172782353821,-6.248412902213161
40.55770486325302,-8.28235664257959
40.10106303794671,-10.311198580855844
39.64184746632701,-12.334143282091125
39.18011063008112,-14.350397280479473
38.71591243324382,-16.359169301745208
38.249320244195026,-18.35967049321921
37.780408919857834,-20.35111466169885
37.309260811602456,-22.332718519096172
36.835965752277346,-24.303701935892104
36.36062102373071,-26.263288202347912
35.883331304125605,-28.210704297399932
35.40420859430446,-30.14518116512751
34.923372122420815,-32.065953998651594
34.440948226033434,-33.97226253127888
33.957070210837635,-35.86335133470253
33.471878185222465,-37.738470123991135
32.985518869845976,-39.596874069114016
32.498145381459665,-41.43782411269182
32.009916990258425,-43.26058729364102
31.520998850096124,-45.06443707635092
31.03156170099037,-46.84865368499449
30.541781543430325,-48.61252444257198
30.051839284128214,-50.35534411421426
29.561920352973996,-52.07641525428987
29.072214291107247,-53.775048556806205
28.58291431018075,-55.450563208578316
28.094216823067377,-57.10228724461319
27.60632094645567,-58.72955790512478
27.119427975975373,-60.331721993596105
26.63374083472099,-61.9081362352411
26.149463496252963,-63.4581676352387
25.666800383394815,-64.98119383606708
25.18595574437915,-66.47660347325531
24.70713300813633,-67.943796528852
24.230534120761106,-69.38218468189608
23.756358865435555,-70.79119165515483
23.284804168316423,-72.17025355740451
22.816063393138013,-73.51881922048472
22.350325627491667,-74.83635053038732
21.887774963960894,-76.12232275161563
21.42858977948505,-77.37622484405622
20.972942016504497,-78.59755977160866
20.520996469602757,-79.78584480181689
20.072910081493056,-80.94061179577454
19.628831252322584,-82.06140748755752
19.18889916634458,-83.14779375248442
18.75324314007503,-84.19934786350616
18.321981996078154,-85.21566273505618
17.895223466522882,-86.19634715371916
17.473063630619542,-87.14102599510264
17.055586389970806,-88.04934042634484
16.64286298577764,-88.92094809370573
16.234951561692217,-89.75552329475562
15.831896775942232,-90.55275713470485
15.433729466141232,-91.31235766647309
15.040466369957914,-92.0340500141469
14.652109904542924,-92.71757647952982
14.268648007307952,-93.3626966315436
13.890054040311746,-93.96918737830806
13.516286760155701,-94.53684302177324
13.147290354896146,-95.06547529485712
12.782994549078996,-95.55491338109734
12.423314777574952,-96.00500391689438
12.068152428453208,-96.4156109764901
11.717395154682041,-96.78661603989012
11.370917253980735,-97.11791794401049
11.028580115694641,-97.40943281738478
10.690232733095337,-97.6610939988421
10.355712279057968,-97.87285194062292
10.024844742619608,-98.04467409646197
9.697445623490449,-98.17654479522528
9.373320681174262,-98.26846510074324
9.052266734962904,-98.32045265853239
8.73407251069689,-98.3325415301478
8.418519529852908,-98.30478201594882
8.105383036204296,-98.23724046710221
7.794432955033523,-98.12999908767911
7.485434879640124,-97.98315572773203
7.17815107969351,-97.79682366826063
6.872341525829472,-97.57113139899464
6.567764924775703,-97.30622238993124
6.264179759234526,-97.00225485757548
5.961345326723575,-96.6594015268283
5.659022771604429,-96.27784938946414
5.356976104596996,-95.85779946012798
5.054973204190338,-95.39946653076505
4.7527867945169975,-94.90307892437578
4.450195394449171,-94.36887824895427
4.14698423291666,-93.79711915244695
3.8429461257089894,-93.1880690795186
3.537882309332006,-92.54200803087765
3.231603227821008,-91.85922832586336
2.9239292687726497,-91.14003436894717
2.614691445240995,-90.38474242074666
2.3037320205467697,-89.5936803740963
1.9909050734625158,-88.76718753564914
1.6760770016731872,-87.90561441344035
1.3591269618409427,-87.00932251076128
1.0399472450478164,-86.07868412664058
0.7184435868280357,-85.11408216315867
0.3945354114373778,-84.11590993975791
0.0681560104354837,-83.08457101465059
-0.2607473439316603,-82.02047901334775
-0.5922133496534663,-80.92405746429449
-0.9262666889103492,-79.79573964151159
-1.2629181034261165,-78.63596841409931
-1.602164529243467,-77.44519610239813
-1.9439892886360184,-76.22388434054776
-2.288362336583292,-74.97250394514155
-2.635240558984025,-73.69153478960887
-2.9845681195486637,-72.38146568394492
-3.3362768521255575,-71.04279425933929
-3.6902866950471314,-69.67602685723669
-4.046506163952802,-68.28167842232806
-4.404832859445445,-66.86027239894428
-4.76515400587051,-65.4123406303023
-5.127347017467269,-63.93842326004397
-5.491280088139169,-62.439068635473184
-5.856812801101784,-60.91483321192505
-6.223796754722857,-59.36628145766083
-6.592076200936399,-57.793985758704906
-6.961488692710482,-56.19852632303619
-7.331865737165849,-54.58049108355643
-7.703033451077317,-52.94047559927621
-8.074813215649801,-51.27908295415266
-8.447022327620127,-49.59692365307075
-8.819474643926997,-47.89461551444288
-9.19198121737763,-46.172783558949654
-9.564350920941816,-44.43205989396427
-9.93639105850981,-42.67308359323226
-10.307907960158596,-40.89650057141854
-10.678707560187549,-39.10296345314027
-11.04859595638629,-37.2931314361824
-11.417379949215157,-35.467670148584325
-11.784867559777577,-33.62725149934856
-12.15086852566412,-31.772553522550176
-12.515194773939095,-29.904260214664173
-12.877660870723593,-28.023061364963297
-13.238084447000087,-26.12965237888491
-13.596286600431217,-24.224734094273746
-13.952092273126706,-22.30901259048931
-14.305330605439462,-20.383198990354906
-14.655835265991414,-18.448009254986292
-15.003444758242786,-16.504163971561347
-15.34800270401671,-14.55238813412242
-15.689358104473094,-12.593410917542384
-16.027365579101236,-10.627965444783687
-16.361885583348766,-8.656788547654195
-16.692784605556614,-6.6806205212390575
-17.01993534389472,-4.700204872239247
-17.343216864013154,-2.7162880614575853
-17.662514738129456,-0.7296192406929949
-17.97772116626816,1.2590500156817859
-18.288735080351938,3.248965984159554
-18.59546223182394,5.239373070273266
-18.89781526343998,7.229514091164409
-19.19571376583632,9.218630562244979
-19.489084319427135,11.205962987616937
-19.777860522134578,13.19075115391863
-20.061983003397337,15.172234427265082
-20.341399424841832,17.1496520529385
-20.61606446794226,19.12224345751583
-20.88593980892466,21.089248553073578
-21.150994081114206,23.049908043163377
-21.41120282485815,25.003463730227956
-21.666548425098107,26.94915882414385
-21.917020036608545,28.886238251585418
-22.16261349686452,30.81394896590453
-22.403331226457535,32.73154025725959
-22.639182116931206,34.63826406269082
-22.870181405879684,36.53337527589934
-23.096350539121254,38.416132056471454
-23.317717019741956,40.28579613831326
-23.534314243794192,42.141633137073235
-23.746181322434865,43.982912856346665
-23.953362890295804,45.80890959246164
-24.15590889990188,47.6189024376887
-24.353874401976153,49.41217558168647
-24.547319311516773,51.18801861105578
-24.736308159577067,52.945726806863604
-24.92090983074134,54.68460144002119
-25.101197286358733,56.4039500644164
-25.27724727367567,58.10308680770515
-25.449140021098078,59.781332659706855
-25.61695891990588,61.4380157583186
-25.780790192850365,63.072471672918475
-25.94072255017152,64.68404368521388
-26.09684683368896,66.27208306751024
-26.24925564973893,67.83594935838497
-26.39804299185173,69.37501063575262
-26.543303854190114,70.88864378733734
-26.68513383689013,72.37623477853734
-26.823628744572773,73.83717891770854
-26.958884179413545,75.2708811188765
-27.09099513027459,76.67675616189449
-27.2200555595147,78.05422895006663
-27.346157989197092,79.40273476525473
-27.46939308850892,80.72171952047913
-27.58984926429399,82.01064001004113
-27.70761225666998,83.26896415715568
-27.82276474176577,84.4961712591107
-27.935385943658417,85.69175222994197
-28.045551257621334,86.85520984061013
-28.15333188680974,87.98605895665592
-28.258794494506226,89.08382677329342
-28.362000874030688,90.14805304790443
-28.463007638376816,91.17829032985634
-28.561865931582588,92.17410418757918
-28.65862116376369,93.13507343280463
-28.753312771643753,94.06079034186044
-28.845974006301073,94.9508608738951
-28.936631749719275,95.80490488589169
-29.025306361579172,96.62255634430807
-29.112011557564585,97.40346353317514
-29.19675432027095,98.14728925844666
-29.279534843612797,98.85371104839751
-29.36034651141682,99.52242134983778
-29.43917591066951,100.15312771989679
-29.516002879660817,100.74555301311624
-29.590800591031215,101.29943556357271
-29.663535669491424,101.81452936174477
-29.734168343741352,102.29060422581195
-29.802652631875183,102.72744596707658
-29.868936559318982,103.12485654917988
-29.932962408113212,103.482654240778
-29.994666996124334,103.80067376133712
-30.053981984550944,104.07876641969939
-30.110834211883255,104.31680024507389
-30.16514605227953,104.51466011009676
-30.216835796146036,104.67224784561417
-30.26581805054553,104.78948234684015
-30.312004156917105,104.866299670547
-30.355302623468987,104.9026531229546
-30.39561956950593,104.89851333799288
-30.432859178875532,104.8538683456243
-30.466924159665176,104.7687236299264
-30.49771620725002,104.64310217664982
-30.525136467789167,104.4770445099856
-30.549085999284753,104.27060871829359
-30.569466227362422,104.02387046856634
-30.58617939299777,103.7369230094241
-30.59912898950277,103.40987716246283
-30.608220186196636,103.04286130179749
-30.613360236316964,102.63602132167728
-30.61445886687674,102.18952059206907
-30.61142864834025,101.70353990213796
-30.60418534217335,101.17827739158102
-30.592648224519618,100.61394846979957
-30.576740384461257,100.0107857229263
-30.556388995539802,99.36903880874574
-30.53152555943523,98.688974339588
-30.50208612092976,97.97087575329154
-30.46801145351251,97.21504317236601
-30.429247215211657,96.42179325151137
-30.385744074468068,95.5914590136751
-30.33745780608822,94.72438967485505
-30.284349357530882,93.82095045788216
-30.22638488599045,92.88152239542816
-30.163535766938686,91.90650212252469
-30.095778574972474,90.89630165887897
-30.023095037988718,89.85134818130136
-29.94547196586601,88.77208378657153
-29.862901154975443,87.65896524508443
-29.77537926996993,86.51246374563492
-29.682907704408944,85.33306463169302
-29.585492421869343,84.12126712955957
-29.483143779264264,82.87758406876934
-29.375876334148696,81.60254159513147
-29.263708637827797,80.29667887679472
-29.146663016103773,78.96054780372509
-29.024765339501332,77.59471268099213
-28.898044784796067,76.19974991623604
-28.766533589645196,74.77624770172041
-28.630266802073212,73.32480569133588
-28.489282026510594,71.84603467293539
-28.343619168014044,70.34055623636807
-28.193320176217036,68.80900243757229
-28.038428790469702,67.25201545907832
-27.878990287530545,65.6702472672707
-27.71505123306508,64.06435926672626
-27.54665923810083,62.435021951973404
-27.37386272147039,60.78291455696854
-27.19671067915994,59.10872470259831
-27.015252461362554,57.41314804249841
-26.829537557918055,55.696887907468344
-26.63961539270645,53.960654948760734
-26.445535127445726,52.205166780487204
-26.247345475240063,50.431147621416706
-26.045094524115544,48.63932793639003
-25.838829570683853,46.83044407759138
-25.628596963981902,45.00523792590137
-25.414441959450247,43.164456532550034
-25.196408582936172,41.30885176128036
-24.974539504540164,39.43917993123642
-24.74887592206167,37.556201460757656
-24.519457453755194,35.66068051230261
-24.286322040061638,33.753384638675996
-24.049505853951466,31.83508443075806
-23.80904321949353,29.906553166924013
-23.564966538250513,27.96856646433993
-23.31730622310002,26.021901932330913
-23.066090639081793,24.067338827988106
-22.811346050891693,22.10565771423014
-22.553096576658376,20.13764012048735
-22.291364147671985,18.16406820620742
-22.026168473768315,16.185724427373167
-21.757527014114395,14.20339120622495
-21.485454953190157,12.217850604392126
-21.209965181808926,10.229883999610145
-20.931068283082023,8.240271766251134
-20.648772523284954,6.249792959847944
-20.363083847647616,4.259225005822531
-20.07400588115152,2.2693433926202924
-19.781539934479543,0.28092136945366786
-19.48568501532487,-1.7052703511436889
-19.186437845327553,-3.6884638857422773
-18.883792882959202,-5.6678944672435625
-18.57774235273831,-7.64280072668401
-18.26827628120003,-9.612424969445645
-17.95538254009295,-11.57601344567836
-17.639046897311978,-13.532816614755568
-17.319253076107152,-15.48208940359279
-16.995982823133254,-17.42309145865836
-16.669215985915123,-19.355087391544995
-16.338930600317497,-21.277347017934865
-16.00510298859647,-23.18914558985251
-15.667707868600555,-25.089764021085934
-15.326718474663622,-26.978489105682222
-14.98210669069676,-28.854613729441787
-14.633843195941765,-30.717437074345025
-14.281897623786726,-32.56626481589374
-13.926238733984396,-34.40040931332443
-13.56683459852622,-36.21918979272036
-13.203652801340246,-38.02193252304472
-12.836660651878924,-39.80797098515181
-12.465825412553189,-41.576646033856925
-12.091114539849437,-43.32730605317329
-11.712495938840359,-45.05930710484262
-11.329938230659632,-46.772013070338645
-10.943411032378123,-48.464795786506755
-10.55288524856281,-50.1370351750739
-10.158333373654248,-51.788119366263025
-9.759729804142523,-53.41744481678209
-9.357051159366678,-55.02441642248308
-8.950276609610105,-56.60844762600328
-8.539388210005525,-58.16896051974916
-8.124371238624622,-59.7053859445652
-7.705214536973939,-61.21716358449143
-7.2819108509888455,-62.70374205800835
-6.8544571704883825,-64.16457900619314
-6.422855064938648,-65.5991411782247
-5.987111013268649,-67.0069045146895
-5.547236725396534,-68.38735422914243
-5.1032494530449934,-69.73998488840576
-4.6551722873810615,-71.06430049205912
-4.203034440969024,-72.35981455160919
-3.7468715115169413,-73.62605016980655
-3.286725724901588,-74.8625401205781
-2.8226461549858914,-76.06882693003637
-2.3546889177980628,-77.24446295900952
-1.8829173377107793,-78.38901048753911
-1.4074020833713554,-79.50204180174512
-0.9282212712468478,-80.58313928346672
-0.44546053480390313,-81.63189550304443
0.040786942486871425,-82.64791331558882
0.530420431937241,-83.63080596104935
1.023331703614625,-84.5801971683595
1.5194051106687798,-85.49572126391308
2.018517714910544,-86.37702328456294
2.5205394542808737,-87.22375909531846
3.0253333525538455,-88.03559551185947
3.5327557713199678,-88.81221042794576
4.0426567039861006,-89.55329294775393
4.554880111212098,-90.25854352312741
5.0692642968805135,-90.92767409567351
5.585642323381202,-91.56040824360375
6.103842464659565,-92.15648133314731
6.6236886951744545,-92.71564067433641
7.145001212597081,-93.2376456809041
7.667596991789003,-93.7222680339905
8.191290367316107,-94.16929184930848
8.715893641489131,-94.57851384737131
9.241217714685824,-94.94974352635019
9.767072734476706,-95.28280333707657
10.293268759894845,-95.57752885967801
10.819616437015783,-95.83376898129325
11.345927681879632,-96.05138607428229
11.872016366682344,-96.23025617431749
12.397699005088636,-96.37026915771489
12.922795432488815,-96.47132891734499
13.447129477005555,-96.53335353643921
13.970529617101404,-96.55627545959823
14.492829621696853,-96.5400416602942
15.013869168812548,-96.48461380415395
15.53349443888376,-96.38996840730653
16.051558679063078,-96.25609698908028
16.56792273502289,-96.08300621834115
17.082455547004447,-95.87071805277071
17.595034607101496,-95.61926987039978
18.10554637505797,-95.32871459272725
18.613886650151645,-94.99912079877707
19.11996089705702,-94.63057282946984
19.62368452391504,-94.2231708817134
20.12498311118124,-93.77703109165009
20.623792590186667,-93.29228560652565
21.120059370694058,-92.76908264469265
21.613740417106747,-92.20758654328877
22.104803273340856,-91.60797779317934
22.59322603672969,-90.97045306079299
23.078997281676422,-90.29522519652528
23.56211593410434,-89.58252322943348
24.04259109808237,-88.83259234798342
24.520441836294946,-88.04569386667355
24.995696906321193,-87.22210517839278
25.4683944549421,-86.36211969242775
25.938581672934053,-85.46604675807941
26.406314413017064,-84.53421157389765
26.87165677380998,-83.56695508258969
27.33468065279694,-82.56463385170835
27.795465271441408,-81.52761994025863
28.254096675667867,-80.45630075142799
28.710667215007845,-79.35107887166512
29.165275003735545,-78.21237189638761
29.618023367326273,-77.04061224263243
30.069020277548816,-75.83624694900182
30.51837777945013,-74.59973746329645
30.966211413421405,-73.3315594182452
31.41263963542255,-72.03220239579953
31.857783238329432,-70.70216968046049
32.30176477721694,-69.34197800215013
32.74470800122961,-67.95215726915694
33.18673729451119,-66.53325029170719
33.62797712847026,-65.08581249673199
34.0685515274506,-63.61041163442436
34.50858354966584,-62.10762747717214
34.94819478502385,-60.57805151150164
35.387504871250215,-59.02228662363976
35.826631029483636,-57.440946779331746
36.2656876202889,-55.83465669854949
36.70478572080613,-54.20405152572824
37.14403272353009,-52.54977649617878
37.58353195700422,-50.87248659929649
38.02338232849579,-49.172846239226544
38.463677988532304,-47.45152889359873
38.904508016987975,-45.709216770963366
39.34595613023928,-43.94660046754281
39.78810040875182,-42.16437862390302
40.231013044317166,-40.36325758214656
40.674760106040466,-38.54395104418834
41.1194013240618,-36.70717973170474
41.56498988991584,-34.85367104828578
42.01157227235778,-32.9841587443287
42.459188047433486,-31.09938258518277
42.907869741538704,-29.200088023035224
43.357642686198005,-27.287025873004822
43.80852488329589,-25.36095199389466
44.26052687952131,-23.422626974002274
44.71365164881547,-21.47281582240558
45.167894481679724,-19.51228766606753
45.62324288026681,-17.541815453101094
46.07967645826817,-15.562175662495449
46.53716684471151,-13.574148020571409
46.9956775908959,-11.578515224410149
47.455164079824385,-9.576062672433562
47.91557343762029,-7.567578202327208
48.37684444657082,-5.553851836408618
48.83890745958908,-3.5356755345333557
49.30168431604794,-1.5138429545798968
49.76508825910482,0.5108507794884776
50.22902385480205,2.5376093020207042
50.69338691340491,4.565635222645387
51.158064413597536,6.594130335916423
51.6229344303368,8.62229582384249
52.08786606732255,10.649332451524433
52.5527193952045,12.674440756183905
53.01734539679933,14.696821229915114
53.481585920736904,16.71567449654321
53.945273645086786,18.730201483013264
54.40823205264721,20.739603585814375
54.87027541967703,22.743082832943085
55.33120881995883,24.73984204201014
55.790828146153814,26.72908497511286
56.248920150473914,28.710016491152405
56.705262506740226,30.681842696321066
57.15962389591818,32.64377109351792
57.61176411722956,34.59501073152195
58.06143422691133,36.53477235474074
58.50837670666071,38.46226855443651
58.95232566373441,40.37671392233344
59.39300706458358,42.27732520754651
59.830139003793285,44.16332147779473
60.2634320099567,46.03392428586932
60.6925893899598,47.888357842367306
61.117307612957106,49.725849195660395
61.53727673512286,51.54562842011481
61.95218086602513,53.34692881354321
62.361698677222066,55.12898710486446
62.76550395340772,56.891043672924724
63.163266186145925,58.63234277740496
63.554651209921886,60.35213280269478
63.93932187992655,62.04966651559314
64.31693879064483,63.724201337600334
64.6871610339845,65.37499963254753
65.04964699532621,67.00132901021452
65.40405518552005,68.60246264651778
65.75004510649667,70.17767962076483
66.08727814780352,71.72626527037023
66.41541851102987,73.24751156335117
66.7341341587326,74.74071748877384
67.04309778415214,76.20518946524714
67.34198779768556,77.64024176741637
67.63048932578806,79.045196970292
67.9082952176976,80.419386411118
68.17510705512713,81.76215066835096
68.43063615984556,83.07284005717821
68.67460459388195,84.35081514088435
68.90674614692543,85.59544725720272
69.12680730538133,86.80611905868209
69.33454819746095,87.98222506594064
69.52974350864628,89.12317223254924
69.71218336187783,90.22838052015376
69.88167415686215,91.29728348231194
70.03803936299622,92.32932885541474
70.18112026054283,93.32397915491872
70.31077662488468,94.28071227503624
70.42688734891635,95.19902208991493
70.529350998914,96.07841905425576
70.61808629954447,96.91843080124067
70.69303254404029,97.71860273557284
70.75414992597148,98.47849861939208
70.8014197894833,99.19770114876879
70.83484479534526,99.87581251847722
70.85444900065836,100.51245497272606
70.86027785059753,101.10727133953566
70.85239808111683,101.65992554647114
70.83089753211269,102.17010311547898
70.79588487112007,102.63751163462493
70.74748922820316,103.06188120460688
70.68585974329108,103.44296485798817
70.61116502779358,103.78053894920737
70.5235925429089,104.07440351352665
70.42334789759774,104.32438259321005
70.31065406974079,104.53032452936104
70.1857505545172,104.69210221800125
70.04889244452943,104.80961332913449
69.90034944666021,104.88278048770954
69.74040484106317,104.91155141557779
69.56935438806855,104.89589903372774
69.38750518911752,104.83582152427006
69.19517450812394,104.73134235184426
68.99268855989783,104.5825102443176
68.78038127244538,104.3893991328442
68.55859303009336,104.15210805155583
68.32766940445646,103.87076099734914
68.08795988028842,103.5455067504306
67.83981658322286,103.17651865646724
67.58359301632115,102.76399437137371
67.31964281220499,102.30815556994031
67.04831850736115,101.8092476196727
66.76997034496372,101.26753922136199
66.48494511228158,100.68332201805796
66.19358501840655,100.05691017423716
65.89622661767731,99.388639927081
65.59319978377441,98.6788691118796
65.28482673903268,97.92797666366566
64.97142114306472,97.13636209725827
64.65328724430863,96.30444496794442
64.33071909762889,95.43266431508523
64.00399985058816,94.5214780909432
63.67340110050152,93.57136257704758
63.33918232387101,92.58281179040819
63.00159037928799,91.55633688186855
62.6608590843877,90.49246552885579
62.317208866950395,89.39174132474218
61.97084648976123,88.25472316695775
61.62196484839236,87.08198464594719
61.270742840627015,85.87411343695422
60.91734530584061,84.63171069653866
60.56192303227088,83.35539046562234
60.2046128297584,82.04577908074914
59.84553766522241,80.70351459513145
59.48480685784712,79.3292462109118
59.122516330713935,77.9236337239712
58.758748915393426,76.48734698245003
58.393574705839015,75.02106536003167
58.027051457783145,73.5254772448941
57.65922502973167,72.00127954509888
57.290129861585314,70.44917721105563
56.91978948687638,68.86988277554366
56.5482170746157,67.26411591167705
56.17541599676474,65.63260300903187
55.801380417411224,63.976076768053176
55.426095899810264,62.295275812730424
55.04954002756368,60.590944321417616
54.67168303634265,58.863831675564334
54.29248845271395,57.11469212603094
53.911913736794844,55.34428447654103
53.52991092565658,53.5533717837795
53.14642727458475,51.742721073522404
52.76140589351783,49.913103072138405
52.37478637619769,48.06529195272921
51.98650541978493,46.20006509512008
51.596497432914674,44.31820285887248
51.20469513038372,42.4204883684228
50.81103011288771,40.50770730946414
50.41543343043119,38.5806477356166
50.01783612824665,36.64009988444062
49.618169774255705,34.68685600182692
49.21636696729511,32.721710173791394
48.81236182551004,30.745458164714016
48.40609045447741,28.75889726103789
47.997491394783424,26.762826119505394
47.586506048908326,24.75804461897638
47.17307908739963,22.74535371492371
46.75715883442087,20.725555295716994
46.338697632854945,18.699452039835656
45.917652189216646,16.66784727318288
45.493983898690836,14.63154482571697
45.067659150651195,12.591348886623447
44.63864961505363,10.548063857340875
44.20693251010235,8.502494201743549
43.77249085159305,6.455444292856653
43.33531368432224,4.407718255512272
42.895396295925764,2.3601198043983374
42.4527404134748,0.31345207700689715
42.0073543831028,-1.7314825389983277
41.55925333289136,-3.773882584379905
41.10845931916645,-5.812947713282016
40.655001456291565,-7.847878884860876
40.19891602996529,-9.877878561875134
39.74024659394927,-11.902150916478757
39.27904405007208,-13.919902043407209
38.8153667112628,-15.930340180737144
38.349280347295796,-17.932675938309405
37.88085821283512,-19.926122533916583
37.410181057295055,-21.909896037287705
36.93733711595805,-23.88321562187571
36.46242208172441,-25.845303824415122
35.98553905680847,-27.795386812183516
35.50679848364852,-29.732694657855625
35.02631805425066,-31.656461621834186
34.54422259717073,-33.565926441859844
34.060643941310914,-35.46033262971844
33.57572075571316,-37.338928774802945
33.08959836454195,-39.20096885426569
32.60242853647699,-41.045712549465975
32.1143692477829,-42.87242556837859
31.625584418376235,-44.680379973626664
31.13624362029954,-46.4688545157277
30.64652175809385,-48.23713497115826
30.15659872067975,-49.984514484788015
29.666659004481694,-51.71029391621484
29.176891307674932,-53.41378218950486
28.68748809559333,-55.09429664581643
28.1986451375131,-56.75116339835271
27.71056101520854,-58.383717689088385
27.22343660388875,-59.99130424665025
26.737474526324583,-61.5732776447505
26.25287858120408,-63.129002660524826
25.76985314698236,-64.65785463211569
25.288602562727785,-66.15921981482168
24.809330487708674,-67.63249573510984
24.332239241699337,-69.07709154179369
23.857529128237346,-70.49242835363007
23.385397743289897,-71.87793960261249
22.916039272026918,-73.23307137220807
22.449643776620086,-74.55728272978587
21.986396478200575,-75.85004605247904
21.526477036309956,-77.11084734571796
21.070058829355812,-78.33918655369003
20.61730823975951,-79.5345778609567
20.16838394761582,-80.69654998449758
19.723436236810898,-81.82464645544432
19.282606317636642,-82.91842588978886
18.84602567000603,-83.97746224736804
18.413815411409832,-85.00134507845061
17.986085693762277,-85.98967975727341
17.562935133248757,-86.94208770191908
17.144450277237922,-87.85820657993594
16.730705112213368,-88.73769049916386
16.321760616555814,-89.5802101832555
15.9176643618381,-90.38545313143236
15.518450166094967,-91.15312376206245
15.124137802296826,-91.88294353969431
14.734732764983217,-92.57465108524718
14.35022609772283,-93.22800226909494
13.970594283728316,-93.84277028686029
13.595799201604198,-94.418745717785
13.22578814782329,-94.95573656560944
12.860493927124095,-95.45356828195902
12.499835011601569,-95.91208377229826
12.14371576882069,-96.33114338458726
11.792026758842187,-96.71062488082931
11.444645099583251,-97.050423391777
11.101434899480164,-97.350451355123
10.76224775595676,-97.61063843756789
10.426923317745842,-97.83093144122094
10.095289908661922,-98.01129419484977
9.767165209989598,-98.15170743055361
9.442356998227744,-98.25216864649192
9.120663934539765,-98.31269195634837
8.801876401878118,-98.33330792626342
8.485777385410799,-98.31406340000954
8.172143391561724,-98.25502131322465
7.860745400697482,-98.15626049755345
7.551349848252199,-98.01787547557757
7.243719628874874,-97.8399762474379
6.9376151180300525,-97.62268807007452
6.6327952053566825,-97.36615123002048
6.329018334020459,-97.070520810695
6.026043540263872,-96.73596645514263
5.723631487373398,-96.3626721251611
5.421545488344724,-95.9508358577526
5.119552511625781,-95.50066951981125
4.817424164471217,-95.01239856194917
4.514937648621387,-94.48626177232545
4.211876683249692,-93.9225110313183
3.9080323903829957,-93.32141106784006
3.6032041382966478,-92.68323921805464
3.2972003387125906,-92.0082851872101
2.9898391939849986,-91.29685081525295
2.6809493908320956,-90.54924984682728
2.370370737578831,-89.76580770622206
2.057954742282586,-88.94686127775444
1.7435651295458818,-88.0927586920253
1.427078294254036,-87.20385911841745
1.108383690915705,-86.28053256414199
0.7873841577259189,-85.32315968007855
0.4639961749031709,-84.33213157357592
0.1381500572892964,-83.307849628338
-0.1902099183884669,-82.25072533143248
-0.521125450785064,-81.16118010741081
-0.8546242145414151,-80.03964515946232
-1.1907199226642184,-78.8865613174663
-1.5294124487783414,-77.70237889274846
-1.870688007028221,-76.4875575393001
-2.214519387118255,-75.24256612115018
-2.5608662417115156,-73.9678825855614
-2.9096754231817137,-72.66399384164987
-3.260881366506897,-71.3313956440046
-3.6144065149251237,-69.97059248084194
-3.970161784834147,-68.5820974661989
-4.328047066309146,-67.1664322356487
-4.687951755543066,-65.72412684497911
-5.0497553154610735,-64.25571967129014
-5.413327860755317,-62.761757315920335
-5.778530763595343,-61.24279450862136
-6.145217276312941,-59.69939401239041
-6.513233167427497,-58.132126528367806
-6.882417367467253,-56.54157060022015
-7.252602621160557,-54.92831251741196
-7.623616142694573,-53.292946216820894
-7.995280270898993,-51.63607318212589
-8.36741312137238,-49.95830234044084
-8.739829232750022,-48.260249955678525
-9.11234020450159,-46.54253951815605
-9.484755323845953,-44.80580162997784
-9.856882179573397,-43.05067388577011
-10.228527260780226,-41.27780074834585
-10.599496538722295,-39.48783341895526
-10.969596030214703,-37.68142970176733
-11.338632341208084,-35.85925386228967
-11.70641318937952,-34.021976479460854
-12.072747904775731,-32.17027429118617
-12.437447907737852,-30.304830033133875
-12.800327163526847,-28.42633227061821
-13.161202613235037,-26.53547522347828
-13.519894580742594,-24.632958583852236
-13.876227155625507,-22.71948732680926
-14.23002855206403,-20.79577151382757
-14.581131443928236,-18.862526089140268
-14.92937327633011,-16.920470669012957
-15.2745965540377,-14.970329324019303
-15.616649107224902,-13.012830354458501
-15.955384335112601,-11.048706059038352
-16.290661428111203,-9.078692497002994
-16.62234556912252,-7.103529243898845
-16.950308114691865,-5.123959141196539
-17.27442675672211,-3.1407280400055635
-17.594585665468838,-1.1545845391469847
-17.91067561453745,0.8337202821634309
-18.222594088582834,2.823433136705479
-18.53024537439698,4.813798806438642
-18.833540636034055,6.8040604241604195
-19.132397974585068,8.793459759320498
-19.426742473167973,10.781237507665715
-19.71650622764665,12.766633584376153
-20.001628363539837,14.748887420379482
-20.2820550395145,16.727238261480053
-20.557739437803242,18.70092546998937
-20.828641741817457,20.669188828517058
-21.094729101166163,22.631268845595216
-21.355975584227114,24.58640706281283
-21.6123621183567,26.533846363145063
-21.863876417766043,28.472831280160353
-22.110512899040767,30.402608307826704
-22.352272584226988,32.32242621060009
-22.589162991369673,34.231536333537726
-22.821198012349267,36.12919291216204
-23.048397777835547,38.01465338182367
-23.270788509156503,39.887178686325406
-23.488402356868008,41.746033585573734
-23.70127722580983,43.590486962067466
-23.90945658643622,45.41981212600083
-24.112989272231015,47.23328711882064
-24.311929263042067,49.03019501506433
-24.506335454207843,50.809824222330235
-24.696271411397213,52.57146877924673
-24.88180511114048,54.3144286513133
-25.063008667099925,56.03801002452738
-25.239958042200982,57.74152559668158
-25.412732746835783,59.42429486627338
-25.581415523442157,61.08564441895668
-25.746092017864115,62.72490821148544
-25.906850438008064,64.34142785311055
-26.06378120042298,65.93455288440289
-26.216976565550706,67.50364105347775
-26.366530262516566,69.0480585896278
-26.512537104450413,70.56718047434097
-26.655092595456836,72.06039070972476
-26.794292530474358,73.52708258434077
-26.930232589386062,74.96665893646477
-27.063007926861523,76.37853241479027
-27.192712759521875,77.76212573658822
-27.31943995212737,79.11687194335548
-27.443280604580767,80.44221465394922
-27.5643236416306,81.73760831523569
-27.682655407232357,83.00251845025652
-27.79835926558996,84.23642190391718
-27.911515210949144,85.43880708619464
-28.022199488248464,86.60917421284671
-28.130484226753293,87.74703554361358
-28.236437088796606,88.8519156178613
-28.34012093573683,89.92335148763438
-28.441593513205827,90.96089294805341
-28.540907157667384,91.96410276498528
-28.638108526233566,92.93255689989734
-28.7332383515948,93.86584473179194
-28.826331223808957,94.76356927609628
-28.91741540056763,95.62534740037893
-29.006512647409213,96.4508100367248
-29.093638109188465,97.2396023906047
-29.17880021393239,97.99138414604508
-29.262000610020266,98.70582966688998
-29.343234137420545,99.38262819392993
-29.42248883350053,100.021484037653
-29.499745973700605,100.62211676636616
-29.5749801471297,101.18426138940384
-29.64815936690295,101.70766853514266
-29.719245214800438,102.19210462351788
-29.788193019584547,102.63735203272907
-29.8549520680738,103.04320925981096
-29.91946584783459,103.40949107473517
-29.98167232012403,103.73602866770713
-30.041504221494222,104.02266978930645
-30.098889392260347,104.26927888312642
-30.15375112983682,104.47573721055966
-30.20600856476432,104.6419429673803
-30.255577057085734,104.7678113917747
-30.302368610582604,104.8532748634777
-30.34629230225764,104.89828299367804
-30.38725472434495,104.90280270536631
-30.42516043604625,104.8668183038082
-30.459912422134227,104.7903315368408
-30.491412555528342,104.67336164470416
-30.519562060938664,104.5159453991371
-30.544261976686702,104.31813713148541
-30.5654136118503,104.08000874959302
-30.582918995941398,103.80164974326405
-30.596681318409168,103.48316717811508
-30.606605355368217,103.12468567765471
-30.61259788107744,102.72634739345804
-30.614568061841947,102.2883119633299
-30.61242783017378,101.81075645737756
-30.606092237226658,101.29387531194365
-30.595479781713497,100.73788025138012
-30.58051271372006,100.14300019766615
-30.56111731204337,99.50948116791503
-30.53722413390492,98.83758615983061
-30.508768236115937,98.12759502521116
-30.47568936700201,97.3798043316231
-30.437932128624198,96.59452721239452
-30.395446109062554,95.77209320510886
-30.34818598475216,94.9128480787924
-30.29611159308088,94.0171536500332
-30.239187975667672,93.0853875882719
-30.177385392941723,92.11794321053829
-30.110679310831333,91.1152292659229
-30.039050360547723,90.07766971009104
-29.962484272611082,89.00570347016813
-29.880971786411433,87.89978420032381
-29.79450853672854,86.7603800284215
-29.703094918746267,85.58797329408436
-29.606735933193008,84.38306027855374
-29.505441013316833,83.14615092671767
-29.399223835463253,81.87776856169322
-29.288102115065154,80.5784495923493
-29.172097389878296,79.24874321416476
-29.051234792301436,77.88921110379721
-28.92554281261273,76.5004271077694
-28.795053054925802,75.08297692564474
-28.659799987630716,73.63745778807872
-28.519820690030368,72.16447813012144
-28.37515459681627,70.66465726013938
-28.22584324195143,69.13862502472561
-28.07193000343753,67.58702146993537
-27.91345985035178,66.01049649921384
-27.750479093431757,64.40970952833538
-27.58303514037965,62.785329137685196
-27.411176256944014,61.1380327221982
-27.234951334720513,59.46850613925749
-27.05440966649702,57.77744335485391
-26.869600729848266,56.06554608827169
-26.68057397957313,54.33352345559739
-26.487378649449518,52.5820916122966
-26.290063563674074,50.81197339511944
-26.08867695824738,49.02389796357702
-25.88326631246517,47.21860044122463
-25.67387819058245,45.396821556977464
-25.46055809363175,43.559307286686625
-25.243350321295274,41.70680849516929
-25.022297843665235,39.84008057892611
-24.797442182660678,37.959883109728885
-24.56882330281931,36.06697947928394
-24.336479511139547,34.16213654516433
-24.100447365614095,32.24612427820101
-23.860761592073906,30.31971541153045
-23.61745500894319,28.383685091466557
-23.37055845950662,26.438810530411406
-23.120100751287595,24.485870661971724
-22.866108602151915,22.525645798477175
-22.608606592770215,20.558917291087752
-22.347617125100058,18.586467192678974
-22.083160386584503,16.60907792370501
-21.8152543198009,14.627531941212197
-21.543914597346593,12.64261141122655
-21.26915460179285,10.655097884691504
-20.990985410597254,8.665771977163637
-20.70941578592234,6.675413052465842
-20.42445216936806,4.6847989104999925
-20.136098681688146,2.6947054794207417
-19.844357127623677,0.7059065123822013
-19.549227006044745,-1.280826710960799
-19.250705525658546,-3.2647256779668226
-18.94878762659296,-5.245024931358721
-18.643466008223587,-7.22096235220601
-18.334731163661164,-9.191779437347357
-18.02257142136134,-11.15672157106691
-17.706972994359923,-13.11503829083486
-17.38792003766434,-15.065983546959476
-17.065394714365034,-17.00881595595809
-16.73937727103914,-18.942799047513724
-16.409846123031816,-20.86720150486633
-16.07677795019692,-22.781297398510848
-15.740147803667671,-24.68436641308726
-15.399929224205465,-26.57569406736546
-15.056094372644152,-28.45457192723557
-14.70861417289809,-30.32029781166159
-14.357458467956075,-32.1721759915293
-14.002596189208964,-34.00951738138768
-13.643995539386728,-35.83163972407762
-13.281624189291552,-37.63786776827462
-12.915449488415376,-39.42753343899664
-12.54543868942401,-41.199976001144925
-12.171559186367212,-42.95454221619825
-11.793778766357132,-44.690586492163334
-11.412065874314699,-46.40747102695547
-11.026389890248808,-48.104565945383996
-10.636721418384912,-49.78124942995352
-10.243032587309566,-51.43690784571794
-9.84529736014591,-53.07093585944385
-9.443491853614415,-54.68273655338919
-9.037594664687925,-56.2717215339881
-8.62758720338743,-57.83731103579718
-8.213454030120753,-59.37893402105747
-7.795183195819991,-60.89602827525483
-7.372766582996066,-62.38804049908062
-6.946200245699515,-63.85442639721301
-6.515484746260643,-65.29465076434738
-6.0806254865696925,-66.7081875689393
-5.641633031576674,-68.09452003509811
-5.198523422603891,-69.45314072311342
-4.751318478011973,-70.7835516090798
-4.300046078718598,-72.08526416409548
-3.8447404360493387,-73.35779943350865
-3.385442339404701,-74.6006881166758
-2.922199381244516,-75.81347064770729
-2.455066156950153,-76.9956972776341
-1.9841044371847723,-78.14692815844671
-1.5093833104741243,-79.26673342942169
-1.0309792938479951,-80.35469330613688
-0.548976409525709,-81.41039817255262
-0.0634662257993579,-82.43344867650454
0.42545213954910643,-83.4234558289392
0.9176720547362134,-84.3800411071649
1.4130794495895955,-85.3028365623812
1.9115529322445042,-86.1914849316969
2.412963947617241,-87.0456397548111
2.9171769780637806,-87.86496549548899
3.42404978633496,-88.64913766792097
3.933433700629232,-89.39784296800343
4.445173941236398,-90.11077940954482
4.9591099879324,-90.78765646533328
5.475075986975864,-91.42819521297335
5.992901196228392,-92.03212848533825
6.5124104666064095,-92.5992010254407
7.033424757763257,-93.12916964547549
7.555761685599166,-93.62180338973789
8.079236098919925,-94.07688370108342
8.603660682284424,-94.4942045905354
9.128846581846247,-94.87357280961835
9.654604050761591,-95.21480802494439
10.180743110537897,-95.51774299454509
10.707074224524835,-95.78222374540381
11.233408979606233,-96.00810975161079
11.759560772036995,-96.1952741125319
12.285345493298028,-96.34360373035875
12.810582211783483,-96.4529994863786
13.335093846137116,-96.52337641528945
13.858707826071184,-96.55466387686549
14.381256736562872,-96.54680572426895
14.90257894141748,-96.4997604682954
15.422519182312623,-96.4135014368369
15.940929149606074,-96.288016928847
16.457668021368807,-96.12331036209766
16.972602967339043,-95.91940041402532
17.485609614733974,-95.67632115497707
17.99657247313205,-95.39412217318389
18.505385315934387,-95.07286869080815
19.01195151622653,-94.71264167043806
19.516184335200606,-94.3135379114239
20.018007161629342,-93.87567013548927
20.517353701249977,-93.39916706107685
21.014168115268035,-92.88417346592747
21.508405107556005,-92.33085023743001
22.000029960482806,-91.7393744103195
22.489018519667557,-91.1099391913437
22.975357128297752,-90.44275397056583
23.45904251199797,-89.73804431900754
23.940081615547285,-88.99605197239865
24.41849139306334,-88.21703480083258
24.894298553551845,-87.40126676418353
25.36753926398888,-86.54903785318704
25.838258812345646,-85.66065401613368
26.30651123317943,-84.73643707117823
26.772358898610765,-83.77672460430074
27.235872077655877,-82.78186985302497
27.697128467026495,-81.75224157602294
28.156212696603948,-80.68822390879265
28.61321581286814,-79.59021620563382
29.068234743603796,-78.45863286818854
29.521371747216406,-77.29390316085843
29.97273384998028,-76.09647101343124
30.42243227448577,-74.86679481131307
30.87058186249319,-73.60534717376876
31.31730049529832,-72.3126147206202
31.762708514597797,-70.98909782787658
32.206928146701955,-69.6353103727976
32.650082932783135,-68.25177946891462
33.092297167668974,-66.83904519156268
33.53369534950467,-65.39766029447625
33.97440164239357,-63.928189918052325
34.41453935392245,-62.431211289865296
34.854230429249434,-60.907313418050926
35.293594963208385,-59.35709677818004
35.732750731654015,-57.781172994250326
36.171812743040064,-56.18016451443785
36.61089281100185,-54.55470428223034
37.05009914847976,-52.90543540360434
37.48953598371379,-51.23301081086893
37.92930319822334,-49.538092923819406
38.36949598668947,-47.82135330883207
38.81020453846871,-46.083472336524814
39.251513740291166,-44.32513883860856
39.693502899541485,-42.54704976451928
40.136245487365954,-40.74990983845137
40.57980890073178,-38.93443121735754
41.02425424244697,-37.101333150491094
41.46963611805886,-35.25134164104173
41.916002448474316,-33.385189110399644
42.36339429708937,-31.503614065561823
42.811845710176385,-29.607360770183472
43.26138356926569,-27.6971789197268
43.71202745424702,-25.773823321182938
44.163789515946135,-23.838053577770843
44.61667435696046,-21.890633779018376
45.07067891959341,-19.932332196593745
45.52579237979558,-17.963920986225702
45.98199604610333,-15.986175896030074
46.439263262670984,-13.999875981498185
46.897559315593284,-12.005803327418
47.35684134185066,-10.004742776914524
47.81705824033736,-7.997481667788428
48.27815058457996,-5.984809576283917
48.740050536905486,-3.967518068378439
49.20268176397797,-1.9464004586442565
49.66595935378461,0.0777484233006257
50.12978973432669,2.10413245880867
50.59407059442987,4.131954458737625
51.058690807268626,6.16041637465189
51.52353035736304,8.188719502855736
51.98846027197304,10.216064681481976
52.45334255797718,12.241652480908874
52.91803014547514,14.264683387817813
53.382366839507256,16.284357983284615
53.84618728140987,18.29987711529751
54.309316921463086,20.310442066195545
54.77157200459392,22.315254715541183
55.23275957099887,24.313517699000343
55.69267747363351,26.30443456385203
56.15111441458047,28.287209921786935
56.60785000236153,30.26104959973041
57.06265483227649,32.22516078941909
57.5152905918702,34.17875219655208
57.965510193608,36.1210341903462
58.41305793680547,38.05121895437064
58.857669700798105,39.968520639566755
59.299073171253376,41.87215552038796
59.736988101418106,43.76134215500873
60.171126609968915,45.63530155059823
60.60119351696706,47.49325733462019
61.02688671925061,49.33443593317477
61.447897606387784,51.15806675737087
61.863911518092465,52.963382398721365
62.27460824375609,54.74961883454059
62.679662564481475,56.51601564429527
63.07874483772426,58.26181623785837
63.47152162433463,59.98626809653682
63.857656357484075,61.688623027744065
64.2368100526244,63.36813743411127
64.6086420572865,65.02407259777974
64.97281083917636,66.65569498054954
65.32897481066863,68.26227654047545
65.67679318744591,69.84309506544129
66.01592687866619,71.39743452411227
66.346039405697,72.92458543460586
66.66679784610427,74.42384525109154
66.97787379925148,75.89451876842516
67.27894436954384,77.33591854480322
67.56969316305066,78.74736534229996
67.84981129295656,80.12818858501274
68.11899838904,81.47772683443115
68.376963606142,82.79532828147194
68.6234266263984,84.08035125452066
68.85811864984004,85.33216474265889
69.08078336784156,86.55014893312402
69.29117791381032,87.73369576190971
69.48907378546087,88.88220947627171
69.67425773301925,89.9951072077889
69.84653260773767,91.07181955446973
70.00571816519214,92.11179117030055
70.1516518179645,93.11448136049711
70.2841893324908,94.07936468061736
70.40320546508201,95.00593153759199
70.50859453239305,95.89368879063953
70.60027091192946,96.74216034994873
70.67816946853758,97.55088777095655
70.7422459032179,98.31943084197293
70.79247702103564,99.04736816288441
70.82886091536872,99.73429771262805
70.85141706623051,100.37983740311937
70.86018635092938,100.98362561731969
70.85523096587286,101.54532172914486
70.8366342588896,102.06460660295907
70.80450047201887,102.54118307043242
70.75895439530385,102.97477638262149
70.700140932713,103.36513463520323
70.62822458190044,103.7120291648917
70.54338883009478,104.01525491517576
70.44583546897198,104.27463076964007
70.3357838319149,104.4899998512709
70.21346995758833,104.66122978629112
70.07914568425366,104.78821293123531
69.93307767971255,104.87086656214153
69.77554641219633,104.90913302491559
69.60684506790489,104.90297984610943
69.42727842124108,104.85239980354638
69.23716166408391,104.75741095642191
69.03681920068588,104.61805663470675
68.82658341497928,104.43440538787979
68.60679341721188,104.20655089321734
68.3777937769217,103.93461182406325
68.13993324929129,103.61873167869926
67.893563501899,103.259078570624
67.6390378488095,102.85584498123447
67.37670999881236,102.40924747607434
67.10693282444393,101.91952638598885
66.83005715819277,101.38694545467389
66.54643062201819,100.81179145425776
66.25639649599269,100.19437377068472
65.96029263152326,99.53502396078974
65.65845041421605,98.83409528306245
65.35119378102195,98.09196220417988
65.03883829585834,97.30901988348091
64.72169028742412,96.48568363759891
64.4000460524397,95.62238838752494
64.07419112704147,94.71958809040045
63.74439962855017,93.77775515835278
63.410933669320926,92.79737986668523
63.07404284387218,91.77896975372278
62.733963789981544,90.72304901456852
62.390919823950114,89.63015789100756
62.04512064974813,88.50085205971132
61.69676214129796,87.33570202084202
61.346026196708486,86.1352924890694
60.993080662859725,84.90022178892033
60.63807932835032,83.63110125628678
60.28116198245829,82.32855464778933
59.922454537448246,80.99321755960618
59.5620692112586,79.62573685722488
59.200104767350645,78.22677011746256
58.836646808279134,76.7969850839625
58.47176811935968,75.33705913723941
58.105529058662086,73.84767878021609
57.73797798944137,72.32953914003457
57.36915175105051,70.78334348682432
56.99907616432811,69.20980276993805
56.627766567449925,67.60963517205403
56.25522837825409,65.98356568140657
55.881457679102255,64.33232568228172
55.50644182041799,62.65665256379201
55.1301600391512,60.957289346837825
54.75258408853986,59.23498432902744
54.37367887569866,57.490490747266605
53.99340310372189,55.724566457590925
53.611709915175965,53.93797363175011
53.22854753405046,52.13147846996375
52.84385990344201,50.3058509291945
52.457587316460504,48.46186446622818
52.069667038059556,46.60029579476495
51.68003391572332,44.72192465572142
51.28862097715354,42.82753359985582
50.89536001332524,40.91790778182133
50.50018214549261,38.9938347647161
50.1030183749357,37.056104334179956
49.703800114439495,35.10550832107351
49.302459700690065,33.14284043177794
48.89893088694776,31.168896085125006
48.49314931553519,29.18447225501991
48.08505296982342,27.190367317782616
47.6745826055467,25.187380903277543
47.26168216140014,23.176313748912502
46.846299148985786,21.157967555611883
46.42838502226951,19.133144844907388
46.00789552678431,17.102648816290756
45.58479102888929,15.06728320405729
45.15903682543084,13.027852132855674
44.73060343419111,10.985159971228123
44.29946686552417,8.940011182455535
43.86560887558319,6.893210172063983
43.429017201533846,4.845561131401851
42.98968577911924,2.7978678767099603
42.54761494291763,0.7509336832019806
42.10281160957784,-1.294438886334321
41.65528944426845,-3.3374481588296847
41.20506901051139,-5.377293534500595
40.75217790350044,-7.413175677026902
40.296650866928715,-9.444296710633855
39.838529893271286,-11.46986042431995
39.37786430737931,-13.489072483460514
38.914710833169174,-15.501140648925425
38.449133643094186,-17.505275003859772
37.98120439001181,-19.50068818820656
37.51100222097664,-21.486595641022436
37.038613772415836,-23.46221585059969
36.56413314607693,-25.42677061236151
36.08766186507017,-27.37948529449109
35.609308809287,-29.319589111171123
35.12919012942274,-31.246315403325262
34.64742913880742,-33.15890192669018
34.1641561822288,-35.05659114702409
33.67950848092615,-36.93863054222539
33.19362995294586,-38.80427291109435
32.706671008067275,-40.65277668846813
32.21878831655987,-42.483406266382154
31.730144551077903,-44.295432320928185
31.240908101079143,-46.08813214442188
30.751252759242867,-47.86078998247356
30.261357379469512,-49.61269737552624
29.7714055061685,-51.34315350439862
29.28158497468327,-53.051465539335354
28.792087482851606,-54.73694899206593
28.303108133882805,-56.39892807030527
27.81484495090623,-58.036736034147076
27.327498363751612,-59.64971555375119
26.841270668728722,-61.23721906771196
26.356365462394333,-62.79860914147236
25.872987050524824,-64.3332588251208
25.391339833740812,-65.84055200991097
24.911627671481213,-67.31988378278899
24.43405322625384,-68.77066077823525
23.95881729033824,-70.1923015266904
23.48611809735301,-71.58423679883154
23.016150621333598,-72.94590994495412
22.549105866195195,-74.27677722870185
22.085170148664083,-75.57630815440169
21.624524377975412,-76.84398578722661
21.167343335810767,-78.07930706544225
20.713794960125217,-79.28178310397928
20.264039636659167,-80.45093948858624
19.81822950205603,-81.58631655982857
19.37650776260599,-82.68746968621423
18.939008032710607,-83.75396952573954
18.5058536971992,-84.78540227518644
18.07715730165051,-85.78136990650123
17.653019974841552,-86.74149038964075
17.233530887397762,-87.66539790128964
16.81876675062742,-88.55274301889328
16.408791359400045,-89.40319289949211
16.003655182771645,-90.21643144288244
15.603395005860458,-90.99215943868889
15.208033626259455,-91.73009469696224
14.817579608001154,-92.42997216199288
14.43202709580406,-93.09154400907127
14.05135569200564,-93.71457972399216
13.675530398236697,-94.29886616515786
13.304501623516012,-94.84420760820038
12.938205260047317,-95.35042577310323
12.576562827577238,-95.81735983387736
12.219481686747415,-96.24486641089915
11.866855321417821,-96.63281954609704
11.518563689487957,-96.98111066123353
11.1744736412797,-97.28964849959597
10.834439404084232,-97.55835905147588
10.498303131018673,-97.78718546387722
10.165895511882482,-97.97608793496042
9.83703644327315,-98.12504359378049
9.511535754789332,-98.23404636594127
9.189193987751622,-98.30310682583601
8.869803222490056,-98.33225203619547
8.553147949895843,-98.32152537570987
8.239005982615089,-98.27098635553135
7.927149400970616,-98.18071042550025
7.617345528455337,-98.05078877096912
7.309357931421339,-97.88132810112452
7.002947437423474,-97.67245042972698
6.69787316654695,-97.42429284920367
6.393893569965035,-97.13700729903805
6.090767469933618,-96.8107603294032
5.788255095436627,-96.44573286098392
5.486119107742074,-96.04211994192057
5.184125610230349,-95.60013050279944
4.882045136986023,-95.11998711058803
4.5796536148275075,-94.60192572239202
4.276733293665275,-94.04619543987862
3.9730736403343956,-93.45305826517442
3.668472191338079,-92.82278885900936
3.3627353602552796,-92.15567430182365
3.0556791959219716,-91.45201385852052
2.747130087861912,-90.71211874748074
2.436925415841781,-89.93631191440751
2.124914140836168,-89.12492781150883
1.810957335112402,-88.27831218246367
1.4949286495813645,-87.39682185355996
1.1767147169947467,-86.48082453131519
0.8562154900174885,-85.53069860684754
0.5333445136342423,-84.54683296717857
0.2080291317843681,-83.52962681359698
-0.11978937146041346,-82.4794894871434
-0.4501556954538586,-81.39684030121452
-0.7831005101562596,-80.28210838122185
-1.1186405054535946,-79.13573251118635
-1.4567785007860863,-77.95816098707638
-1.7975036129251176,-76.74985147666908
-2.1407914794484704,-75.51127088563669
-2.4866045351901214,-74.24289522952716
-2.83489233870338,-72.94520951125882
-3.1855919455679746,-71.61870760370795
-3.538628325193196,-70.26389213693793
-3.893914817629634,-68.88127438956731
-4.2513536267799115,-67.47137418377814
-4.6108363463265025,-66.03471978341045
-4.972244514638515,-64.57184779458903
-5.335450194900625,-63.083303068307394
-5.70031657671572,-61.56963860438541
-6.066698595468756,-60.03141545620956
-6.434443565799759,-58.46920263567147
-6.803391825625393,-56.88357701770015
-7.173377387248063,-55.27512324382821
-7.5442285922294055,-53.64443362420508
-7.915768766846375,-51.992108037506924
-8.287816875113,-50.3187538282034
-8.660188166527194,-48.624985700661426
-9.032694815888037,-46.91142560959898
-9.405146552731503,-45.178702646401945
-9.777351278126906,-43.427452920888726
-10.149115666794076,-41.65831943809486
-10.520245752706467,-39.8719519697082
-10.890547496558543,-38.0690069198104
-11.259827333685319,-36.2501471846152
-11.627892701226715,-34.416042005939225
-11.994552543535931,-32.56736681815019
-12.35961779501664,-30.70480308841966
-12.722901839769522,-28.829038150098995
-13.084220947600606,-26.9407650291015
-13.44339468611236,-25.040682263200445
-13.800246308753955,-23.12949371419056
-14.15460311885063,-21.207908372893414
-14.50629680976084,-19.276640157031164
-14.855163781432694,-17.336407701996936
-15.2010454337257,-15.387934144629472
-15.543788436963084,-13.431946900081794
-15.883244980250463,-11.469177431930634
-16.219272998161042,-9.500361015690402
-16.551736376436526,-7.526236495920452
-16.880505137387278,-5.547546037146896
-17.205455605703275,-3.565034868812016
-17.52647055539061,-1.5794510245322986
-17.84343933855642,0.40845492408577044
-18.15625799674906,2.397930138778735
-18.46482935554168,4.388219790811219
-18.769063103017615,6.378567341705372
-19.06887585277698,8.36821482818804
-19.36419119204404,10.356403151051754
-19.654939715396694,12.342372367570864
-19.94105904459208,14.325361987160464
-20.22249383489817,16.304611269934462
-20.499195768282025,18.27935952782935
-20.771123533740695,20.248846427960714
-21.03824279499871,22.212312297884353
-21.300526145730494,24.1689984324291
-21.55795305241007,26.118147401804144
-21.810509784824248,28.059003360642443
-22.058189334238545,29.990812357699596
-22.300991319150384,31.912822645908285
-22.538921878522018,33.82428499250911
-22.77199355234747,35.7244529889906
-23.00022514937656,37.61258336057459
-23.223641601800157,39.48793627502456
-23.442273806681314,41.349775650521885
-23.656158453918223,43.197369462416226
-23.865337840526614,45.02999004864304
-24.06985967104505,46.846914413625846
-24.269776843892217,48.647424530495854
-24.465147223539116,50.430807641468334
-24.656033398408283,52.19635655625695
-24.842502424462463,53.943369948377594
-25.024625554516234,55.67115264925317
-25.202477953376032,57.37901594001824
-25.37613839899936,59.06627784094496
-25.545688969956238,60.73226339842467
-25.7112147195767,62.37630496945255
-25.87280333727396,63.99774250356711
-26.030544797648552,65.59592382223155
-26.184530998092097,67.17020489561342
-26.334855385734805,68.71995011676889
-26.48161257470181,70.24453257322166
-26.624897954768777,71.74333431594121
-26.76480729263124,73.21574662573076
-26.901436327123406,74.66117027703213
-27.034880359843243,76.07901579918015
-27.165233842750542,77.46870373510313
-27.292589964415477,78.82966489750424
-27.417040236692333,80.16134062253393
-27.538674083683276,81.4631830209692
-27.657578434935616,82.7346552269101
-27.773837324882383,83.97523164399881
-27.887531500588004,85.18439818915436
-27.998738039900314,86.36165253382532
-28.107529982129222,87.50650434272312
-28.213975973379625,88.61847551001844
-28.318139928652265,89.69710039295228
-28.420080712795393,90.74192604280668
-28.519851842340422,91.75251243316566
-28.6175012101859,92.72843268537702
-28.713070835007553,93.6692732911244
-28.80659663716407,94.57463433197816
-28.89810824274546,95.44412969580115
-28.987628817267673,96.27738728985324
-29.075174930357825,97.07404925042597
-29.16075645260006,97.83377214882051
-29.244376485521485,98.55622719346152
-29.32603132549677,99.24110042793238
-29.405710462133502,99.88809292468264
-29.483396611478952,100.4969209741605
-29.55906578415598,101.06731626909642
-29.632687388299747,101.59902608365324
-29.70422436692556,102.09181344714422
-29.77363336911748,102.54545731200808
-29.840864954185935,102.95975271571791
-29.90586382770691,103.33451093629725
-29.96856910812252,103.66955964109818
-30.028914622361494,103.96474302850227
-30.08682922872477,104.21992196219307
-30.14223716508158,104.43497409765062
-30.195058420236478,104.60979400051689
-30.24520912615877,104.74429325648359
-30.29260196861617,104.83840057235942
-30.33714661362277,104.89206186797645
-30.378750147003583,104.90524035860864
-30.41731752429001,104.8779166275823
-30.452752028097343,104.81008868877318
-30.48495573009545,104.70177203869882
-30.513829954667894,104.55299969793178
-30.539275741364158,104.36382224157708
-30.561194303281287,104.13430781857967
-30.579487478568886,103.86454215964723
-30.594058172330328,103.55462857359856
-30.60481078629484,103.20468793197261
-30.611651633757795,102.8148586417582
-30.614489337428456,102.38529660613257
-30.61323520798472,101.91617517312564
-30.607803601310476,101.40768507214985
-30.598112252581803,100.86003433837404
-30.584082585570805,100.27344822493964
-30.56563999574904,99.64816910305153
-30.54271410599258,98.9844563500041
-30.5152389939172,98.28258622523079
-30.483153390101833,97.54285173449756
-30.4464008466878,96.76556248237722
-30.404929876071808,95.95104451318602
-30.358694059634868,95.09964014057213
-30.307652126670174,94.21170776597972
-30.251768003884777,93.28762168623312
-30.191010836053128,92.32777189050552
-30.12535497859236,91.33256384696278
-30.054779963007352,90.30241827937647
-29.979270436320114,89.2377709340401
-29.898816075746243,88.13907233731531
-29.813411480015663,87.00678754416002
-29.723056038850906,85.84139587799875
