t1,t2,t3,t4,t5,t6
226.58,222.625,228.48000000000002,244.145,269.62,304.905
-134.64876474040395,-8.628895278230516,107.7848979704396,205.03255702365254,275.113222285264,316.7476065181681
-485.60540269708264,-234.34806134384763,-10.933991808664445,165.6788378163896,279.3126480125393,327.02175949333366
-815.6776922421384,-448.3287314156638,-124.77227848797148,126.94102343567978,282.1224355781874,335.48048197413175
-1115.4722842774959,-645.0152078668993,-231.08367828650324,89.62771486067254,283.47691414870377,341.9120159529939
-1377.3039164989623,-819.7698287250937,-327.597232782475,54.466336693834336,283.342042062505,346.14709776612443
-1595.541834689526,-969.0703984246247,-412.5071579125704,22.075929664302947,281.7150524169765,348.06385596079195
-1766.7917628562072,-1090.623156567413,-484.53015469651496,-7.053167937309155,278.6223897650871,347.5901799165642
-1889.9094023748949,-1183.3879929613609,-542.9281074845005,-32.57184305689475,274.11617764722473,344.7036052776125
-1965.8582708638303,-1247.521002464578,-587.4971912665734,-54.27666820129974,268.2695612300307,339.42893934077256
-1997.4386247479433,-1284.246606726767,-618.5271572334582,-72.10665280579755,261.17133350714573,331.8339903309204
-1988.9237575942743,-1295.6766083183395,-636.7366896158459,-86.13317960784013,252.92027390502932,322.0238590760178
-1945.6444174559745,-1284.5962882161557,-643.1920562889773,-96.54443458644212,243.61960692641202,310.1342963691023
-1873.5615265210272,-1254.2379785125643,-639.2167576653056,-103.62589992324044,233.3719325990058,296.32462661766743
-1778.8625821282405,-1208.0607310740647,-626.2995704781723,-107.73857852065771,222.27490019419074,280.77069538755313
-1667.609302341964,-1149.5512879128548,-606.0074304059124,-109.29656615954872,210.41780366326077,263.65822549771076
-1545.454690779898,-1082.0571913460715,-579.9082005124206,-108.74540845862592,197.87918300354923,245.1768751766616
-1417.4381298575404,-1008.658212007204,-549.5067512324822,-106.54240917915351,184.72543014062137,225.51519397738934
-1287.8585239847928,-932.0778954049094,-516.196139442002,-103.13973298942526,171.01032807897053,204.85657765211064
-1160.2186987910484,-854.6333591066609,-481.2241890726494,-98.97080736784221,156.7754021276732,183.37623962395423
-1037.2296150060808,-778.2187622331277,-445.6745620654065,-94.44020744736909,142.0509330106147,161.23914894524833
-920.8605066392432,-704.3161944219129,-410.4605286017201,-89.91692891209138,126.85747209630726,138.59883493687738
-812.4205495026737,-634.0270277601455,-376.32911049211515,-85.73073307042118,111.20770540743023,115.59692703195134
-712.6586763829758,-568.1168778378362,-343.87305145150424,-82.1710916005426,95.10853096627724,92.36328297874357
-621.8701742542867,-507.0680115383204,-313.54810552534514,-79.48816526875629,78.56323852132803,69.01655670542776
-540.0012360526621,-451.13409093953516,-285.6933594178579,-77.89521461232505,61.57370718765212,45.66506554406568
-466.74527927027174,-400.3933472384402,-260.5526437106369,-77.5718511729999,44.142561167236515,22.407831880099074
-401.6272783994724,-354.79746948550246,-238.2954773192218,-78.66758403159005,26.27524365695701,-0.6643063047118236
-344.07439564879326,-314.21455335694367,-219.03637759329587,-81.3051871625705,7.9819825840977146,-23.467600505660965
-293.4727459461717,-278.46531749412213,-202.85171944784705,-85.58349911952575,-10.720371693706273,-45.92437606166908
-249.21119159910847,-247.35243364656534,-189.79362056987736,-91.57936064319478,-29.806656780145353,-67.9621400764014
-210.71367871972876,-220.6832387703787,-179.90055946679357,-99.34849321141667,-49.24188252156952,-89.51283988341086
-177.46188275474907,-198.28633075507622,-173.2046030441678,-108.92521968288321,-68.97992453204948,-110.51228425269301
-149.00991675703307,-180.02263497488616,-169.73524214651943,-120.3210258740792,-88.9624735647117,-130.89972728706698
-124.9926632901688,-165.79151117368883,-169.51992298395172,-133.52205869023393,-109.11829796890336,-150.61760514826278
-105.1289979312058,-155.53239311116005,-172.58143692382728,-148.4857516706604,-129.36288420989848,-169.61140820173205
-89.22084347557976,-149.2223563952926,-178.9324069840149,-165.13686089492944,-149.5985231833932,-187.82966567419345
-77.14867854548851,-146.86992625498618,-188.5671995669549,-183.36327992377312,-169.7149061393875,-205.22401629443107
-68.86385853608613,-148.50539271175649,-201.45170265049103,-203.0120766916104,-189.59028230930704,-221.74933648415754
-64.37791592038175,-154.16791392522128,-217.5115486710675,-223.8862510322991,-209.0932103878431,-237.36389736148033
-63.74890708841789,-163.88976925136342,-236.61951641805658,-245.74274043410793,-228.08490826275928,-252.02952301314627
-67.06487245973875,-177.67827251801293,-258.58300868714844,-268.29219487011295,-246.42217109957198,-265.7117250819392
-74.42457619154449,-195.49606415023385,-283.1326515622139,-291.20099120923857,-263.96078922687576,-278.37979258075774
-85.91588362604392,-217.2407488149879,-309.9131719021321,-314.0958583299776,-280.55935714517705,-290.0068208242258
-101.59240146913969,-242.72510400715686,-338.4777539253368,-336.57133429956366,-296.0833268680429,-300.5696692475374
-121.44932013898244,-271.65931677421645,-368.2870265164171,-358.2000810491511,-310.40912643392215,-310.04884438330635
-145.39972224994892,-303.6368673410479,-398.7136680905497,-378.5458505059424,-323.4281414337704,-318.4283110490404
-173.25290987061675,-338.12572560450553,-429.05332366996475,-397.1786462908779,-335.05034691302944,-325.69524146165014
-204.6965052726437,-374.46642036541783,-458.5421118481847,-413.6913796038966,-345.20738125693345,-331.8397181007899
-239.28414542993087,-411.87825496940854,-486.38047774013273,-427.71710313927383,-353.85487365259524,-336.8544112330741
-276.43047758946614,-449.4744689825109,-511.76256061761103,-438.9457497821272,-360.97387198134953,-340.7342556454059
-315.4148457686979,-486.28650036464853,-533.9096472021018,-447.13922747179424,-366.5712665477979,-343.4761529380801
-355.39453318281187,-521.2967302290954,-552.1057407203484,-452.1437453599902,-370.67916350008966,-345.0787254218247
-395.4277188562033,-553.4782625246908,-565.7328627946857,-453.8983767285904,-373.35322561264013,-345.5421451210722
-434.50547338369586,-581.8394937970104,-574.3034848504565,-452.43909650272724,-374.67006207042857,-344.8680566670152
-471.5912410296412,-605.4705633774515,-577.4875060958021,-447.8978484140069,-374.7238076445135,-343.05960623300575
-505.6654336058134,-623.5883379426829,-575.1314783776376,-440.4965703880785,-373.6220802346993,-340.1215805917102
-535.7721021831755,-635.5764535631429,-567.2683141973897,-430.53649969789694,-371.4815401849446,-336.0606515070136
-561.0642523508935,-641.0171574887135,-554.1164587901463,-418.383451163701,-368.4232924328934,-330.885711788396
-580.8442986519451,-639.7122623951911,-536.0683860545964,-404.45007295212383,-364.56837244936077,-324.60828125524
-594.5964464191842,-631.69140197426,-513.6691954485245,-389.1763027347049,-360.0335397568251,-317.24295436659406
-602.0084300151334,-617.2068692228896,-487.5869383092416,-373.00935048687273,-354.9275708350558,-308.80785701891796
-602.9809630664018,-596.7155052751662,-458.576989186189,-356.384515132023,-349.34819990877537,-299.3250784377509
-597.6243653125163,-570.8492486407459,-427.44322289052616,-339.7080070958652,-343.3798057487114,-288.8210453572501
-586.2429917712006,-540.3769176355577,-394.998914926374,-323.3427172597988,-337.091889792154,-277.32680967047435
-569.3091644898445,-506.1604716732485,-362.0301434708642,-307.5975743553373,-330.5383400112158,-264.8782270425649
-547.4291689434157,-469.1093088518595,-329.26406483519736,-292.7208026594811,-323.7574298362051,-251.51601198150772
-521.3044307173484,-430.13608634229024,-297.3438233591849,-278.8970657927535,-316.7724649791992,-237.28566378105182
-491.6911821835004,-390.11712591361646,-266.8111247673149,-266.2481925291298,-309.59296501692353,-222.23726675608805
-459.36176215544344,-349.8597633730271,-238.09674157872536,-254.83695144175314,-302.21625177896334,-206.425176489733
-425.07021039630087,-310.0781227428773,-211.51851778063428,-244.6731879825207,-294.6293126062355,-189.90761073243436
-389.5241076851696,-271.3778624734752,-187.28586876826486,-235.72156505596877,-286.8108121941468,-172.7461686476532
-353.3637781565126,-234.2495664789827,-165.50937828122534,-227.9101517141332,-278.73314018760976,-155.00530501161487
-317.14912653214043,-199.0697318327371,-146.21389572932992,-221.1391722055677,-270.3644007537413,-136.75178668983892
-281.3536302514429,-166.10780100366034,-129.35352729172763,-215.28934232214343,-261.67027270104046,-118.05415737031048
-246.36442265310586,-135.5374268246737,-114.82706315626885,-210.22936279151858,-252.6156921071186,-98.98223342755519
-212.4870333328566,-107.45013511161706,-102.49264748092588,-205.8222918422876,-243.16633187799647,-79.60664932393297
-179.95320642352996,-81.86972621927472,-92.18082711495596,-201.93066501419875,-233.28987257006474,-59.99846557778538
-148.93027682303295,-58.766076687618735,-83.70546125467149,-198.42035760376595,-222.9570749628026,-40.228846502903124
-119.53080503377728,-38.06740089347206,-76.87229594622175,-195.16328600918837,-212.1426765180239,-20.36880908100294
-91.8214964493269,-19.670447511245627,-71.4852749038904,-192.03911513288688,-200.82614066682416,-0.4890388461676807
-65.83080041371548,-3.448483847769961,-67.35085446984817,-188.9361800728469,-188.99228988470992,19.3402361499548
-41.554943422237045,10.742774794764347,-64.28071083479799,-185.75184454499097,-176.6318511451133,39.04932611615477
-18.962456544840222,23.060924008486545,-62.09327701152144,-182.39251058727712,-163.74193626364013,58.56913066185419
2.0025179838191676,33.673839693208244,-60.61453764438772,-178.7734697039079,-150.32647076952256,77.8311774949772
21.417723597134152,42.75735852397123,-59.67845744466035,-174.8187503578908,-136.39657434388596,96.76766616612922
39.38062952211781,50.49321914494962,-59.12734057379494,-170.46107571137028,-121.97088472714722,115.31153334885258
56.00618763318689,57.066910835429915,-58.81232887176853,-165.64200294842652,-107.07580653461102,133.3965539067184
71.42416918739245,62.665198001565,-58.594158665338185,-160.31227456223417,-91.74565780184501,150.95748863877984
85.77586778700882,67.47321433898853,-58.34421751822548,-154.4323748155985,-76.02268135529543,167.9302853112665
99.21008987332475,71.67113401051488,-57.94587852769803,-147.9732525163367,-59.95688610166357,184.25233465187264
111.87848257448789,75.43051844300741,-57.29604226199547,-140.91714499573425,-43.605685587970555,199.86277775808784
123.9303575419064,78.91050159314395,-56.30678442298773,-133.25841807719863,-27.033307870633287,214.70285627186135
135.5072505679331,82.25401356493987,-54.90698861214844,-125.00432306237253,-10.309961596244557,228.71629215660627
146.73750720507198,85.58425533850735,-53.04383541902061,-116.17556455006215,6.489242444275927,241.84968043473836
157.7312050804754,89.00163094906549,-50.684018853526524,-106.80657255065628,23.285598262798743,254.0528762085309
168.57571747073857,92.58132306825976,-47.81456699131212,-96.94537927649056,39.998306351415636,265.2793569913742
179.3321946234151,96.37166835134612,-44.443154591345234,-86.65301559117032,56.54611922809818,275.4865429589562
190.03319417448503,100.39345367913617,-40.5978112725731,-76.0023646297384,72.84906524537388,284.63606112972695
200.6816342261652,104.6402156623046,-36.325950162589535,-65.07644039722594,88.83017423410509,292.6939444222696
211.25117581954322,109.07958432237783,-31.692669587363113,-53.96609641469277,104.41712292423395,299.63076252556573
221.68806849119508,113.65566770761461,-26.778314977161344,-42.76721206510315,119.54371846150039,305.4216878996753
231.91441571013493,118.29242709284634,-21.67532964634222,-31.577449598707304,134.15114497003378,310.04650624437176
241.8327386154847,122.89794249711557,-16.484470302696337,-20.492719269189593,148.18891062490727,313.48958567320824
251.33163943763216,127.36941661029772,-11.31051358154383,-9.603529550408652,161.61545013392399,315.7398219526093
260.2922938924173,131.59871418225188,-6.257629796506166,1.00857074082667,174.3983584272784,316.7905780526863
268.5954391689541,135.47818711757674,-1.4246446174035157,11.274235682458624,186.5142539244432,316.63963472975183
276.1284760378691,138.9064975733285,3.0995568566119402,21.139029702693293,197.94829205934593,315.2891650608944
282.79227541920676,141.79412737390953,7.240211400589374,30.565399272412392,208.69336994159315,312.74574023420314
288.50727626723716,144.06825683977596,10.940174656182847,39.53374968469883,218.7490795276795,309.02036718144666
293.21848630178215,145.6767133489216,14.162489572175701,48.04252610083161,228.12047831200405,304.12855170608225
296.8990512627642,146.59073138696158,16.891830710239873,56.10726943235215,236.8167526847504,298.0903745329187
299.55214059212136,146.8063308005268,19.13469836877377,63.758695720770795,244.84984965318807,290.9305630199402
301.21100337961985,146.34420503788098,20.918321937387134,71.03992485112566,252.23314800701485,282.67853874994705
301.9371708247673,145.2481103386911,22.288326097206664,78.0030527188202,258.98023106864855,273.36842118358067
301.81691084957754,143.5818520451217,23.305307755727995,84.70531305018547,265.1038110386561,263.038969990659
300.95616595067486,141.42506613871166,24.04055677355072,91.20510528511109,270.61484090525533,251.73345324112057
299.4743157925624,138.86808327287605,24.5712210245878,97.55817001133855,275.5218352240442,239.4994347215703
297.4971913418883,136.0062304209502,24.975259204210488,103.81417300990971,279.8304069686386,226.38848047178203
295.14981965221,132.9339652101342,25.32653864448625,110.01391556444972,283.5430150846355,212.4557913805038
292.54939297318634,129.7392462257332,25.69041884290172,116.18732740006278,286.65890707447915,197.75977458123793
289.79893157435777,126.49851839548217,26.120116283243505,122.35232640465021,289.1742333493782,182.36157085063883
286.9820491860231,123.27263857126218,26.65407717865702,128.51455402227398,291.0823053846325,166.32455786850358
284.1591393076473,120.10398805643344,27.314499066706546,134.66792467490666,292.3739678375361,149.71384993685584
281.36518851536977,117.01492371233772,28.10704824498312,140.7958685043602,293.038055453658,132.59581370327186
278.60929966069943,114.00761633382564,29.0217268015181,146.8731040865309,293.06190835394267,115.03761690858583
275.87588434580795,111.06522341345222,30.034758857744535,152.8677542811525,292.4319236006441,97.10682362186895
273.12737052322984,108.15425174113896,31.11129757562793,158.74361441954503,291.13412615455303,78.87104532198966
270.3081761441914,105.22789054027152,32.208707408096586,164.46239582346527,289.15474780748434,60.39765299463811
267.34962980123487,102.23004297459599,33.28015252099989,169.98579570203998,286.4808077745009,41.75355151330302
264.17547788220855,99.0997554412985,34.278222369755326,175.27728219345425,283.1006927980204,23.00501422152248
260.70760566481965,95.77574025448072,35.15834693713016,180.30352565587717,279.004737393773,4.217572961845308
256.87161521942704,92.20070609940292,35.88179320634876,185.03544939270358,274.18580593723806,-14.544043185034619
252.60194198013528,88.32524822368886,36.41808591866116,189.4489106300717,268.6398774925659,-33.215928562170426
247.84624886738428,84.11110174125226,36.74675382638269,193.52505260064345,262.3666316474017,-51.73499001759174
242.56890550785906,79.53362106342172,36.85836181004558,197.25038910289177,255.37002934472218,-70.03891402050722
236.7534338185899,74.5834107184117,36.75484425238986,200.6166932212115,247.65887718335506,-88.06612185527956
230.40387383744368,69.26709253551905,36.449201795395226,203.62076246072587,239.24735743796987,-105.75572328622779
223.54508993158876,63.60724709252244,35.96465912959411,206.26412474093848,230.15549979951237,-123.0474793888891
216.22209338113427,57.641610331655514,35.33340421020924,208.55273552336308,220.40956531278098,-139.88178545842325
208.49850022209242,51.4216374817542,34.59503902353636,210.49669820357337,210.04230896918833,-156.19968493085386
200.45427199863389,45.01056527810988,33.79486968857469,212.11002025492724,199.09308563956748,-171.9429249399946
192.18290192659234,38.481110481643725,32.98215118096341,213.41039880482774,187.6077651318357,-187.05406331422446
183.7882112583139,31.912939335244786,32.20838188986535,214.41901336152802,175.6384265735954,-201.47663533486607
175.38091257609702,25.390031004541456,31.525718507960264,215.16029183564024,163.24281023875122,-215.15538631553187
167.0750810841079,18.998040772410107,30.985555412852605,215.66160982097503,150.48351623902303,-228.0365729739719
158.98465468982886,12.821748439597954,30.63728751065976,215.95288275018947,137.42695372118817,-240.0683327028955
151.220061648961,6.942656527562988,30.52725382229967,216.06601590385893,124.14206053545887,-251.20111535907893
143.88505332303376,1.4367836215071037,30.697842637432025,216.03418770704624,110.69883063787674,-261.3881673436278
137.07380114408366,-3.6273178486044486,31.186728878903416,215.8909562558062,97.16670337977784,-270.58605289789534
130.86830249068552,-8.190301902257886,32.02621072922439,215.66919622334606,83.61288379935685,-278.755193113642
125.33613041459742,-12.203517095865948,33.2426152077105,215.39989165263228,70.10067454146683,-285.8603996042421
120.52855686413375,-15.630234942530947,34.85575030621462,215.11082803036982,56.68790672590978,-291.87137753611154
116.4790774495974,-18.446610376768376,36.87839309851559,214.82524289146227,43.425557912357924,-296.7631721318573
113.20236662192866,-20.642362630218628,39.315817250791305,214.5605066248899,30.356639682048623,-300.5165340605866
110.69369381333267,-22.22116038811697,42.16537777535777,214.3269130051957,17.515425247149334,-303.1181823934013
108.92883193122307,-23.20069090802454,45.41618392628119,214.12666145751032,4.92706949629066,-304.5609489012202
107.86448800463126,-23.61239029349936,49.04890126007625,213.95310976010495,-7.392348827181355,-304.8437940925355
107.43928042764371,-23.500812512204547,53.03572981158667,213.7903667828524,-19.435358848504507,-303.97169304152465
107.57527722775062,-22.92261889518916,57.34060619666481,213.6132803393244,-31.20222592522157,-301.95539712099327
108.1800947513362,-21.94517820791205,61.91967283916852,213.38785605592034,-42.699724870100034,-298.81108553710743
109.14953635403164,-20.64477993850788,66.72204750396854,213.07212042419715,-53.93962838160342,-294.5599273715454
110.37072697490883,-19.104479721884616,71.69091145273326,212.61741626065032,-64.93699797979745,-289.22758005543767
111.72567328779942,-17.411614873225474,76.76491581906431,211.97009320046317,-75.70837517347701,-282.8436533571851
113.09515234099865,-15.655048516083056,81.87988459005814,211.0735312479607,-86.26997377310603,-275.44116879036176
114.36280639217327,-13.92222114709189,86.97077052150581,209.87041344634667,-96.63597018404589,-267.0560427949478
115.41930028681611,-12.296106919975273,91.97379918988966,208.30514595316345,-106.81697780691131,-257.7266183045772
116.16638235876385,-10.852186704502088,96.82871798402859,206.32631153490374,-116.81877555739173,-247.49326378330142
116.52068224682567,-9.655559510085638,101.48105279739173,203.8890367148575,-126.64134064292246,-236.39805205860557
116.41708047647573,-8.758316931332047,105.88426682961361,200.95715409220043,-136.27821397728508,-224.48452395145446
115.8114957111993,-8.197301128563282,110.00171413924406,197.50504977995814,-145.71620488158317,-211.79753449118633
114.68295601906715,-7.9923553320377465,113.80828577723591,193.5191010504708,-154.93542174776684,-198.38317303653247
113.03484932875301,-8.145157401981947,117.29165826632723,188.99863019316422,-163.90959853800885,-184.28874342569864
110.89528376159623,-8.638702625536439,120.4530721077295,183.956325905274,-172.60667433271746,-169.56278671250752
108.31652846293112,-9.437473225358488,123.30759063413844,178.41811154371894,-180.98957510900445,-154.2551272937894
105.37354731005169,-10.488300889966752,125.88381525737182,172.4224683674095,-189.01714353981393,-138.41692329235806
102.16167873368906,-11.721897087595025,128.22306013841407,166.01924956820798,-196.64516344255492,-122.10070375983771
98.7935522837082,-13.054996049682586,130.37801566075782,159.26804563757668,-203.82742984222855,-105.36037830111773
95.39536429098162,-14.393028957478563,132.410954076838,152.23618194370528,-210.51682250720853,-88.25120870522615
92.1026593583526,-15.633226522074935,134.39155087345455,144.9964442034484,-216.6663492380771,-70.82973666266349
89.05578043584133,-16.66803182623326,136.3944107170901,137.62463620397062,-222.23013413622954,-53.15366622757568
86.39515756695114,-17.388696478357247,138.49639670739944,130.19707653881238,-227.16433465730415,-35.28170395751585
84.25660435537563,-17.688930772870634,140.77386597094983,122.78813762287888,-231.427978749329,-17.27336331661995
82.766782674739,-17.46848214763216,143.29991368224836,115.46792159486355,-234.98371928317974,0.8112572717584134
82.03898142892264,-16.636524899622685,146.1417220713967,108.30015496129522,-237.79850702132745,18.911711530415957
82.16933582541584,-15.11475674282174,149.35810177955287,101.34036822607749,-239.8441854675797,36.967445640543446
83.2335912975948,-12.84011313541798,152.9973010958965,94.63440958762727,-241.09801120682147,54.91803007730398
85.28449248852195,-9.76702715507325,157.09514520826002,88.21732432473377,-241.5431020396453,72.70337249508147
88.34985398193201,-5.86917997823609,161.6735535925769,82.11261483486308,-241.1688127134604,90.26390320971541
92.4313468455968,-1.140703851883373,166.73946985749166,76.331881315399,-239.97103479493262,107.54072749188255
97.50401431309226,4.403184775083929,172.28422533800173,70.87483040203756,-237.95241370513338,124.47574201002016
103.51651149907691,10.726129898979565,178.28334584714054,65.72962902673906,-235.12247264590067,141.01171613912777
110.39204802258234,17.771153383774987,184.6968003687776,60.87357338128053,-231.49763056370568,157.09234227039155
118.02999863217272,25.461728517943314,191.46968103045504,56.274037977961484,-227.10109986148456,172.66226249829205
126.3081350182718,33.70338242809132,198.53329520840452,51.88966699912008,-221.96264964315597,187.66708190991136
135.08542148461004,42.385790058485256,205.80664278027393,47.67176890545987,-216.11822212301902,202.05338094660198
144.20530754071058,51.3853126677288,213.198244035375,43.56587505700699,-209.60939358671925,215.76874075975292
153.49944135401225,60.56792401396447,220.60827631554383,39.51342333497274,-202.48267693023809,228.7617959790393
162.7917191009886,69.79245748055604,227.93096994829637,35.453527970147356,-194.78867013118378,240.9823287376622
171.9025765313679,78.91409742720596,235.05720646727656,31.324796660400814,-186.58106364114258,252.3814161001066
180.65342070323624,87.78802836155054,241.87725469898646,27.06715545669797,-177.91552907050013,262.9116402349885
188.87109230034105,96.27314666305907,248.28357341961475,22.623640873696658,-168.84852095911947,272.52736687587475
196.39224286121419,104.2357322890316,254.1736034965075,17.94211748734365,-159.43603207604272,281.18509301395
203.06750743753497,111.5529730005732,259.45246837077286,12.97687832207172,-149.73234972210832,288.8438596509734
208.76535252023498,118.11623203345748,264.03550008143134,7.6900851048007794,-139.78886512080186,295.46572016284813
213.37548234029495,123.83395258447446,267.85050938679,2.0530064950357456,-129.65298950971223,301.0162497835845
216.81169451674288,128.6340995678795,270.83972336507804,-3.952984844789569,-119.36722854235208,305.4650773303587
219.01408886564417,132.46605109991847,272.9613224058723,-10.33569066585531,-108.9684609212868,308.7864169422016
219.950551023435,135.30186900149045,274.1905206839325,-17.091668365495977,-98.487457983368,310.9595756231009
219.61745499119675,137.13689877163677,274.5201496737623,-24.206133275426183,-87.9486687604842,311.9694119904792
218.03955497321493,137.98967408003062,273.9607223493907,-31.65318940370426,-77.37028066704153,311.80672292980273
215.26906578487475,137.90112761129336,272.53997549314636,-39.396383991634366,-66.76455048042425,310.46853779958246
211.38396116570217,136.93313757273006,270.30190789907147,-47.389568737483046,-56.138384884917166,307.9583042278496
206.485548896255,135.16646572917597,267.30535200403494,-55.57803837191574,-45.494135765288604,304.2859550710235
200.6954089839802,132.698166850083,263.62213443713665,-63.89990626713646,-34.830563781297855,299.46785234770834
194.15180475933104,129.6385695004272,259.33489609755486,-72.28766766602698,-24.143915427844973,293.52661043124414
187.0056951577737,126.10794302053738,254.5346538225145,-80.66989451940739,-13.429054377955424,286.49080698938883
179.416488759659,122.23297454566438,249.31819294419597,-88.97300220167524,-2.6805876455508866,278.3945956341742
171.5476857549599,118.14318267876567,243.78538282894232,-97.12302768385555,8.106069154427978,269.27723860290644
163.5625527978271,113.96739106597104,238.03650593524287,-105.04736098663302,18.933735921323894,259.1825807555339
155.6199680790312,109.83037617010643,232.16968539986436,-112.67637660757208,29.80266004520358,248.15848759803322
147.87056064230904,105.84978988134513,226.27848728120358,-119.94491863847627,40.709882965264676,236.25626991699707
140.4532500969512,102.13344038842203,220.44976213781098,-126.79360186759517,51.648795530437866,223.53011605732968
133.49227174468385,98.776995245022,214.7617774677954,-133.16990065035742,62.60888416505625,210.036550121731
127.0947491556881,95.86215011885103,209.2826785620976,-139.02900709010882,73.57565881052713,195.83393072577476
121.34885279298067,93.45528654317249,204.06930135494912,-144.33444951232502,84.53074448061086,180.98200075898288
116.32256067347204,91.60662317422187,199.16634760031297,-149.058470853566,95.45211151210617,165.5414942431242
112.06301634106384,90.34984843465155,194.60592072642675,-153.18217405410422,106.31441544240653,149.57380218375746
108.59646142193117,89.70220856640847,190.4074104139724,-156.69544760983297,117.08941588749569,133.14069557017712
105.92870524929124,89.66501432023807,186.57770552381103,-159.59668900947725,127.74644460530476,116.30410061452874
104.04608269941346,90.22452180093237,183.11170851810832,-161.89234688801582,138.25289572341202,99.12591907665413
102.91684340860078,91.35313816236787,179.99311987842728,-163.596304505662,148.57471539007733,81.6678851604587
102.49291064161557,93.0109005150215,177.19545801286196,-164.72912783795817,158.67687332241374,63.99144997810917
102.71194577565635,95.14717605619745,174.68327846537102,-165.31720141862496,168.52380431966338,46.15768488300232
103.49965405895827,97.70253248190532,172.413555552273,-165.39177442356953,178.0798132671149,28.227195942896177
104.77226836759766,100.61072961063081,170.33718950396553,-164.9879386313415,187.30944203334056,10.26004329695158
106.43914951494585,103.80078532018308,168.40060246353102,-164.14355912150577,196.17780061229453,-7.6843390692975095
108.40544375238584,107.19907094987178,166.54738702830224,-162.89817810011021,204.65086764365395,-25.547225678419274
110.57474006319015,110.73139297073767,164.7199712430334,-161.29191221381,212.69576693619024,-43.27068472796322
112.85167149183044,114.32501885623383,162.86126399649464,-159.36436417891142,220.2810268102071,-60.79766510737351
115.14440605297568,117.91060574077996,160.9162446823616,-157.15357045242615,227.37682806418414,-78.07208301511427
117.3669738947292,121.42399083714587,158.83346091518405,-154.69500784967983,233.95524435184848,-95.03890510262447
119.44137867402657,124.80780303078173,156.56639829255616,-152.0206832152367,239.9904760043492,-111.64422478027986
121.29944298071808,128.01285600911902,154.07468698338997,-149.1583311575698,245.4590751847567,-127.83532858800758
122.88434062461981,130.99928519004274,151.3251116495405,-146.1307450989604,250.34015709355222,-143.56075034276418
124.15177317787393,133.7373940478343,148.29239421286692,-142.95526610384383,254.6155891389319,-158.7703120657679
125.07075477203367,136.2081805867127,144.95972354238327,-139.6434518051343,258.2701479088913,-173.41515236056406
125.62397807486028,138.40352194254376,141.3190124316439,-136.20094400743733,261.29163274383905,-187.4477448165257
125.80774570731504,140.32600448431003,137.37087029398413,-132.6275480924022,263.6709249341151,-200.82191097780492
125.63146495718439,141.98839820548534,133.1242896758506,-128.91753022638747,265.40198316727776,-213.49283425076737
125.11671908969566,143.4127872752925,128.59605563887615,-125.06012979298768,266.4817688013024,-225.41708262260687
124.29594517570595,144.62938276588142,123.80989876676027,-121.04027484162945,266.91009867244264,-236.55264903910555
123.21076525548972,145.67505798854623,118.79542433115992,-116.83947822051604,266.6894281495401,-246.85901857785197
121.91003376382089,146.5916606178491,113.58686120717552,-112.43688213662344,265.8245725874335,-256.29727103910943
120.44767830889361,147.4241678417668,108.22168362233401,-107.81040991824804,264.3223806921289,-264.830226207865
118.88042199011053,148.2187601507324,102.73916594339391,-102.93797651122611,262.19137803411115,-272.42263684090216
117.26548245198053,149.0208951854088,97.17893475807539,-97.79870441004152,259.44140249996383,-279.0414315068418
115.65834503206064,149.87346462832346,91.57958299374341,-92.3740898529839,256.08325540595143,-284.65600593865577
114.11070422549587,150.8151140650175,85.97740749227265,-86.64906552550978,252.12839200005183,-289.2385577984427
112.6686592047004,151.87879802116436,80.40532439316318,-80.61291078549306,247.58867302500738,-292.7644560022197
111.37123566884661,153.09063034168386,74.89200624528134,-74.25996833171607,242.47619498739684,-295.2126323279508
110.24928863198204,154.4690744161693,69.46127164748245,-67.59013678989689,236.80321106981245,-296.5659802422864
109.32482002317231,156.02449948360163,64.13174332917683,-60.60912115726768,230.58214771391644,-296.8117439972261
108.61072256120184,157.75910960784736,58.916775004902554,-53.32843652198831,223.8257144080028,-295.94188026196855
108.11093881439842,159.66723226200924,53.82463221465804,-45.765173963633124,216.5470968217241,-293.95337496819155
107.82100320019258,161.7359351481769,48.858898788979516,-37.94155005860504,208.76021682629917,-290.8484996527002
107.72891632113328,163.94592413636423,44.01906949779974,-29.884272073980014,200.48003772368136,-286.6349942657371
107.81628661832917,166.2726630235807,39.3012815598117,-21.623759033066946,191.72288963905586,-281.3261669653768
108.05966464124825,168.68764786398893,34.69913341105611,-13.193263918341884,182.50678876968078,-274.9409055521999
108.4319906674366,171.15976521092006,30.204538540201476,-4.627944161508346,172.85172507410778,-267.503599582166
108.90407691817418,173.65666467319951,25.808565061112645,4.036073646512008,162.77989585994362,-259.04397648587184
109.44605077508244,176.14608130792163,21.502217505625417,12.762592863517103,152.31586723091704,-249.59685889811303
110.02869445055035,178.5970518510971,17.27712537104822,21.51617393877615,141.4866509940458,-239.20185359421615
110.6246285105365,180.9809797284386,13.12611241723593,30.262861520133093,130.32169083914368,-227.90298474553697
111.20930037518833,183.2725161901264,9.043630715385497,38.9707919723106,118.85275781057715,-215.74828554109402
111.76175329821909,185.45023776982725,5.026053195912674,47.61067036516633,107.11376077184168,-202.78936256257833
112.26516530118153,187.4971126561819,1.0718272388962404,56.156114068441056,95.14048229552908,-189.08094671824674
112.70716022884775,189.4007597133426,-2.818500818452023,64.5838671323248,82.97025390756819,-174.68044318035766
113.07990383111883,191.15351322366047,-6.64237483692775,72.87389529515443,70.6415867372286,-159.64749082416506
113.38000614602018,192.75231359865606,-10.395412633474734,81.00937555803307,58.193774380482694,-144.0435393549271
113.60825728552074,194.19844918138477,-14.071663491333766,88.97659677238457,45.66648430724823,-127.93144985859152
113.76922706460293,195.49717690937126,-17.66391842149247,96.76478870329277,33.099352662100245,-111.37512213203014
113.87076000392275,196.65725024952252,-21.164053355205667,104.365896762587,20.53159511250922,-94.43915001865402
113.92339645365001,197.69038179939452,-24.563387586631052,111.77431832097966,8.001643800722807,-77.18850423126575
113.93974838902575,198.61066568740884,-27.853042494858414,118.98661451045791,-4.453182243652707,-59.688240874372795
113.93385530448327,199.433981836749,-31.024288489204892,126.00120902105652,-16.796968410671028,-42.00323312231288
113.92054205253189,200.17740070605402,-34.06887092473566,132.81808286229426,-28.99545488786525,-24.19792326108569
113.91479684886762,200.85860365774928,-36.97930818176944,139.4384716409313,-41.0162451290778,-6.336092514552661
113.93118432392373,201.49533093170174,-39.74915703118883,145.86456979365641,-52.82897253887684,11.519353328824284
113.98330566765998,202.10486652913661,-42.37324173979698,152.0992445387128,-64.40542604360458,29.306583596793644
114.0833157025589,202.70356725556127,-44.847844111821004,158.14576114852503,-75.71963527665943,46.96502779203139
114.24150513484123,203.3064417539032,-47.170851892108445,164.00752051388795,-86.74791578972062,64.43554502548393
114.46595518335573,203.92678451604394,-49.34186281182822,169.6878098355217,-97.46887416631704,81.66057583804313
114.7622710971313,204.57586945570682,-51.36224122081455,175.18956756246126,-107.86337233291437,98.58427365177774
115.13340051806696,205.26270746759872,-53.23512392983342,180.51516428466283,-117.91444991399871,115.15261263666868
115.57954196906883,205.99387226466587,-54.96537179411493,185.666202039503,-127.60720332919665,131.313468727093
116.09814769850219,206.77339844914093,-56.55946390361443,190.64333525512973,-136.9286206242364,147.01667093404942
116.68402347353418,207.60275502613416,-58.025332165362755,195.44611717419207,-145.86737186519133,162.21402100082952
117.32952553894735,208.4808962501977,-59.372135670880766,200.0728759398324,-154.41355635566435,176.8592808293743
118.02485178838947,209.40438971537674,-60.60997656361782,204.52062447114014,-162.5584099448522,190.90812890684148
118.75842028772968,210.36761895642792,-61.749562096442475,208.78500773870132,-170.29397819667463,204.3180890873037
119.51732382171073,211.36305462128894,-62.801821042582986,212.86029005619855,-177.61276403157922,217.04843738949504
120.2878443983667,212.381584700573,-63.7774863503879,216.73938357360763,-184.50736141323574,229.0600947786263
121.05600703214743,213.4128906457123,-64.68665959216874,220.41391739257372,-190.9700894598535,240.31551600262455
121.80814809386268,214.44585282569352,-65.5383759784225,223.87434477795236,-196.99264371040417,250.77858623358975
122.53147054259337,215.46896604664386,-66.34019110253827,227.1100840018507,-202.56578286158322,260.41453831447046
123.21455688898993,216.4707441608785,-67.09781178446607,230.10968663544207,-207.679069832119,269.1899036488376
123.84781114012243,217.44009243644817,-67.81479310143027,232.86102579915104,-212.32068528965954,277.0725090689735
124.42380346127008,218.3666275557182,-68.49232174858687,235.35149615906874,-216.47732966897516,284.03153031542405
124.93749589432848,219.24092793276844,-69.12910222820054,237.56821742375462,-220.13422621540397,290.0376100854998
125.38633402227292,220.05470139115602,-69.7213571554105,239.4982337812064,-223.27523283552355,295.06304507627385
125.77019758042042,220.80086286314918,-70.26294649488116,241.12870306506767,-225.8830647939573,299.0820422658114
126.09121211682194,221.47352124212415,-70.74560326077074,242.44707131257016,-227.939623946524,302.0710401274209
126.35343318480852,222.0678813062708,-71.1592756923149,243.44123056486862,-229.42642371974088,304.00908589257773
126.5624234270708,222.58007313371849,-71.49255878900131,244.09966000860354,-230.32509295397892,304.87825572988396
126.72475050731299,223.00692704537587,-71.73319197813092,244.41155259772847,-230.6179365341404,304.664101140487
126.84743947889137,223.34571630772263,-71.86859514607858,244.36693088081537,-230.28852688806148,303.3561022893173
126.93741633406026,223.59389219787732,-71.88641271051932,243.95675670017127,-229.32229827875813,300.94810762302006
127.0009798630027,223.74883634876682,-71.77503507931108,243.17303961521827,-227.70711554326817,297.4387390941185
127.04333653874033,223.80765352861744,-71.52406875767167,242.00894831988472,-225.43379055902173,292.8317436256766
127.0682281649496,223.7670243485125,-71.12473034135932,240.4589280559937,-222.4965230968253,287.1362740036051
127.0776749470289,223.62313220141007,-70.57014529176114,238.51882524130653,-218.89324754111155,280.3670859617418
127.07184812248761,223.3716725231452,-69.85553920481766,236.18601846319174,-214.6258727965202,272.54464253223927
127.04907707377615,223.00794581903173,-68.97831664818527,233.45955289824562,-209.7004090556351,263.6951214235178
127.00598672984947,222.52702942089712,-67.93802991911738,230.34027336100138,-204.1269814571623,253.85032589629827
126.93775277128242,221.92401717938947,-66.73624668478301,226.8309497798661,-197.91973653172863,243.04750399041149
126.83845529037305,221.19431169826203,-65.37633092625353,222.93638810018643,-191.09665230804754,231.32908471611614
126.70150654689294,220.33395057723496,-63.86315558098367,218.66351949718728,-183.679266742536,218.74234274279658
126.52012552013241,219.3399465774616,-62.20276759675308,214.02146133473667,-175.6923415795852,205.33900506208013
126.2878310975568,218.2106216228501,-60.402026771266364,209.0215444406968,-167.16347982082416,191.1748140315684
125.99892677984184,216.9459159205701,-58.46823890540054,203.67730283553428,-158.1227147761196,176.3090611658768
125.64895239149723,215.54765593359497,-56.408801713186136,198.00442385876505,-148.60208738217207,160.80410515426541
125.23508203721093,214.01976810883662,-54.23087895493077,192.02065848576572,-138.63522637094826,144.72488602362137
124.75645196513915,212.36842877755157,-51.94111477235636,185.74569332590585,-128.2569432491327,128.1384453406373
124.21440662969327,210.6021441444773,-49.545396578566425,179.20098718583955,-117.50285121329509,111.11346007685971
123.61265568557633,208.7317574716761,-47.04867141917512,172.40957606195025,-106.40901434921456,93.7197954563912
122.95733858189632,206.77038322967235,-44.45481773096439,165.39585094316357,-95.01163097594377,76.02807995445397
122.25699666305692,204.73327001708066,-41.76657205111704,158.18531286747606,-83.34675296132656,58.109303766662045
121.52245514445897,202.6375954247298,-38.98550855096801,150.80430934341868,-71.45004135277335,40.03444063075962
120.76661905161001,200.50219681582195,-36.112068272646155,143.27975562522363,-59.3565577626286,21.874091917566435
120.00418832308594,198.3472423579685,-33.14563454697074,135.6388435519379,-47.10059058559982,3.698151433701833
119.25129798405996,196.1938467746915,-30.08465111830857,127.9087398763142,-34.71551521600049,-14.424510626223874
118.52508984242681,194.0636364069319,-26.92677980774593,120.11627537096238,-22.233687842738604,-32.42634573270816
117.84322279795433,191.97826851131157,-23.66909490146203,112.28762564703703,-9.686372969572691,-50.241407499141495
117.22332981859779,189.9589104663744,-20.308311649771923,104.44798467104951,2.8962946367762044,-67.80561404664421
116.68243110841522,188.025685855686,-16.841046119062938,96.62123250033999,15.485312499158432,-85.05699066013001
116.23631507431494,186.19709632326413,-13.264103009329261,88.82959981655888,28.052776383669,-101.93589010840243
115.898901405461,184.48943064437958,-9.574786846661283,81.09333340843312,40.57180898983047,-118.38518712486399
115.68160381453853,182.91617552293928,-5.771230165530085,73.43036877435395,53.01645168659445,-134.35044294551383
115.59271354900778,181.48744602031817,-1.8527299725746218,65.8560183584352,65.36152113382158,-149.7800355834514
115.63682835331231,180.20945695508348,2.179918921245971,58.38268642011086,77.58243466623819,-164.62525176683883
115.81435475149016,179.08405972807552,6.324107970374627,51.01962393437381,89.6550107398396,-178.84033723124926
116.12111386352893,178.10837140882205,10.575133343591567,43.77273895292943,101.55525335901277,-192.38250334914713
116.54808198263711,177.27452413101207,14.925967929952769,36.644479226140966,113.25913196569377,-205.2118898648795
117.08129635953529,176.56956246727324,19.3671073900382,29.63380428989607,124.74237048758266,-217.29148569977733
117.70195367155932,175.9755141289215,23.886510787470883,22.736263385551748,135.98026080227893,-228.58701226656822
118.38672323310928,175.46965481571632,28.469654796304326,15.944193290164502,146.94751648661506,-239.06677630903067
119.10828904155063,175.02498122908227,33.09971712916076,9.247046268029802,157.61818214641534,-248.7015017515895
119.83612437966077,174.61089725649964,37.7578995832763,2.631852918954735,167.965611711969,-257.46415217591044
120.53749028703848,174.1941074475178,42.42389404584134,-3.9161821503846994,177.96252580939895,-265.32975711052455
121.1786353912999,173.7396996670588,47.07648622066043,-10.412961850462466,187.5811537907474,-272.275256122375
121.72616020378933,173.2123859673465,51.694282217042996,-16.874673912434453,196.79346048710795,-278.27937458068294
122.14849505777599,172.57785816571592,56.25653313716399,-23.316891133636737,205.5714516385906,-283.32254383699626
122.41742852335977,171.8042033479881,60.744023200160505,-29.753629619709535,213.88754575900737,-287.38687642850397
122.50961349908248,170.86331554369255,65.13997860622918,-36.19640655484156,221.71499448024144,-290.45620385518674
122.40797227685985,169.73223406322174,69.43094811282515,-42.65334340448111,229.02832876113075,-292.51618068688003
122.10292051116221,168.3943371883402,73.6076029041415,-49.12836215145359,235.80380524517824,-293.5544544852127
121.59333369135044,166.8403225363471,77.66540333055454,-55.62052080086263,242.0198258908997,-293.56089659695675
120.88718853100895,165.06891260784815,81.60508376106596,-62.12352981770351,247.6573049809012,-292.52788463755803
120.00182534386998,163.08723553952942,85.43291410417733,-68.62548351498819,252.69996073319797,-290.45062377915343
118.96379525206193,160.9108463070666,89.16070716143214,-75.10883009966888,257.1345137646128,-287.32749108881706
117.80827688257787,158.5633716201295,92.80555422808503,-81.55059177138055,260.9507811649385,-283.16038536158453
116.57806968775671,156.07578132901486,96.38928634053161,-87.9228328141707,264.14166234882845,-277.955064295605
115.32219365148734,153.485308979922,99.93767421474342,-94.1933600006659,266.7030204836106,-271.72145149198997
114.0941463679028,150.83406284509363,103.47939508112195,-100.32662684270012,268.6334704504755,-264.47389754844517
112.9498868721582,148.1673850434363,107.04480819753554,-106.284802201711,269.9340903471772,-256.2313822733821
111.9456299733524,145.53202919477667,110.66459185718153,-112.02895528598702,270.60807797299543,-247.0176485175966
111.1355443377262,142.97423565327932,114.36830247496897,-117.5203036510664,270.66037622069996,-236.86126199568628
110.56945174838467,140.53778733482216,118.18292039815394,-122.72146875309437,270.0972917132356,-225.79559542359192
110.2906238010661,138.26212845584686,122.13144732236648,-127.59768486636969,268.92612945425344,-213.85873902099559
110.33376615988348,136.18062345984413,126.23161678977817,-132.1179114809957,267.1548629919057,-201.09334264978352
110.72327011005603,134.31902464854392,130.49477265932458,-136.25580613491945,264.7918550547787,-187.54639737900627
111.47179747768587,132.69420541065642,134.9249613353237,-139.99052333537713,261.84563833241174,-173.26896595736247
112.5792491593061,131.31320243729863,139.51827271679713,-143.30731502929342,258.32476059888086,-158.3158724930987
114.03215067387367,130.17259595090528,144.26245312855002,-146.19791822154295,254.2376932483383,-142.7453616235157
115.80347140845892,129.25824271720836,149.13680172669268,-148.66072510560713,249.5927979801352,-126.61873670445893
117.85287851339717,128.54536328657403,154.1123507443524,-150.70073987266167,244.39834317558362,-109.99998521821418
120.12741243172533,127.99897315801294,159.15232001384632,-152.3293337705798,238.66255964649267,-92.95539787333281
122.56255928414853,127.57463778716372,164.212827842882,-153.5638157406431,232.39372495904814,-75.55318595365708
125.08368597237494,127.2195237443585,169.24383371602138,-154.42683999358997,225.60026635846614,-57.863099565127555
127.60779686091385,126.87371282590085,174.19028343987617,-154.94567428772314,218.29087423404957,-39.95604770896423
130.04556599266527,126.47174229879157,178.99342409914314,-155.15135366270107,210.47462077274037,-21.903719730848636
132.3035955775237,125.9443323446693,183.59225427472694,-155.0777442790066,202.16108159402634,-3.7782067729775104
134.28684947054114,125.22026070761125,187.92507406088203,-154.7605411799206,193.36046135475118,14.348378537354359
135.90120901571004,124.2283440642787,191.93109915141864,-154.23622260051417,184.08372717824963,32.40428576341388
137.05609751184016,122.89948527934651,195.55210331572735,-153.54098223312525,174.3427559500606,50.31851459020586
137.6671183050174,121.16874512539859,198.73405368632115,-152.7096598908712,164.15050274180948,68.02120670628867
137.65864992624705,118.97739600163293,201.428703254134,-151.77469047036274,153.52119766274998,85.44403974507502
136.96633975120835,116.2749136008677,203.5951047476304,-150.7650910797266,142.47057717646783,102.52061954926819
135.53943552751525,113.02086043692327,205.20100970230442,-149.70550664097277,131.01615334573083,119.18686507768436
133.342892136733,109.18661290566072,206.2241161620664,-148.61533507072102,119.17752068293801,135.38137841033776
130.3591896242373,104.75688150887332,206.65312833904022,-147.5079540807836,106.97669550418982,151.04579071596012
126.58979843207494,99.73097252921153,206.48859200675219,-146.3900724479999,94.43847724107019,166.12507391483422
122.05622954246418,94.12373938109829,205.74347076295726,-145.26122897247797,81.59081548453159,180.56780727175368
116.80061149094418,87.96617366336397,204.44343092222437,-144.11346195861108,68.46516112721625,194.32638842986347
110.88574344928853,81.30559013997365,202.6268069968994,-142.93117061987462,55.09677538825066,207.35717953991556
104.39458415388557,74.20536689849878,200.3442257345472,-141.69118708440456,41.524967307426856,219.62058118199815
97.42915048296467,66.7442120310896,197.65787462561167,-140.36307350180996,27.793228998906276,231.08102967603548
90.10881681135919,59.01494137438074,194.64041066063237,-138.90965306507314,13.949238973607203,241.7069170100636
82.56802644152597,51.12276789560233,191.37351672177053,-137.28777663108738,0.04470743584219683,251.47043677879898
74.95344867279667,43.183121705465815,187.9461259830931,-135.44931825086013,-13.864956307964706,260.3473639438669
67.42063840253027,35.319039623567804,184.4523485387094,-133.3423836445125,-27.72116550129568,268.3167805713163
60.13027831004044,27.658183687945794,180.98914849230135,-130.9127059426632,-41.46286710790345,275.36076361082905
53.24410527468809,20.32956777408763,177.6538331191046,-128.10519343420123,-55.02743088881577,281.46405389520845
46.92064130419925,13.460089260617792,174.5414275756387,-124.86558524669246,-68.35169222391437,286.6137275348457
41.31086355510447,7.1709771453305535,171.7420181027161,-121.14216349292646,-81.37311249085653,290.7988915083622
36.55395686674303,1.5742779934541744,169.33815293473646,-116.88746505702615,-94.031010363691,294.0104243579307
32.773294759680816,-3.2304943594487625,167.40239253407148,-112.05993337496028,-106.26780950560179,296.24078046189373
30.07279061937176,-7.159420938873154,165.99509887836385,-106.62545063438566,-118.0302436243173,297.4838724901421
28.53374979802786,-10.146834954008796,165.1625471869576,-100.55869391675456,-129.27045928975835,297.7350415947029
28.212336094406673,-12.14747144768485,164.9354328439575,-93.84426483308728,-139.94696050033704,296.9911190100161
29.137743428242608,-13.138025508452017,165.32783184461377,-86.47755082657707,-150.02534657223484,295.2505764801637
31.31113680461604,-13.118058607285029,166.3366556386071,-78.4652869763455,-159.4788059910242,292.51375678304674
34.705397421618784,-12.110218778907225,167.94162178174022,-69.82579911713255,-168.28834255983722,288.7831700700392
39.26567670483587,-10.159767768280858,170.10574149798578,-60.588921573907314,-176.4427254161058,284.0638372194564
44.91073483345475,-7.333435274651556,172.77630530117648,-50.795594972251884,-183.93817005403707,278.3636582564297
51.53501248035291,-3.717645514589229,175.88632936927982,-40.4971606741516,-190.77777216251138,271.6937823400776
59.01136126916199,0.5838168124200465,179.35640937636788,-29.754377806958875,-196.9707287657888,264.0689559389899
67.19433973663277,5.4526164110908155,183.09691569357994,-18.636196213069518,-202.53139095803343,255.5078275420951
75.92396784642712,10.759055504813062,187.0104546972801,-7.2183238018492695,-207.47819887154486,246.03319038629107
85.02982438606588,16.365534621866615,190.9945154837375,4.41837017567007,-211.83255216963772,235.672148921548
94.33536757621843,22.130177303590216,194.9442194040865,16.189573187281994,-215.61766840248848,224.45619970316784
103.66235932451158,27.910510996424208,198.7550910784899,28.009326222782047,-218.8574774032018,212.4212226918973
112.83527696967678,33.567100854169624,202.3257733335986,39.791857746314854,-221.5755931634269,199.60738415303723
121.68560221876885,38.967040229181876,205.56061416222767,51.453414537119784,-223.79439609849965,186.05895711312516
130.05588444982786,43.98721040419659,208.3720606655619,62.91405039010243,-225.53424914172302,171.82406935953907
137.8034839381457,48.517231840257764,210.68280242979944,74.09933448893882,-226.81286152712212,156.9543920396388
144.80390937199226,52.46203929295413,212.4276144794128,84.94194160834726,-227.64480517071797,141.50478390469596
150.9536730020475,55.744023201250414,213.55485758763444,95.38308624215641,-228.04118084047943,125.53290710986018
156.17259591367787,58.304689636129055,214.02760124852756,105.37376257173855,-228.00942523955734,109.09883026077456
160.40550544095746,60.10580088307559,213.82434213198755,114.87575232165082,-227.55324595633323,92.26463319043874
163.62327704154688,61.12996866780276,212.93929858985626,123.8623635323915,-226.67266901937217,75.09402590365062
165.8231845018215,61.380682470489376,211.3822700668011,132.31886568416954,-225.364183435198,57.65199142191876
167.02853562548975,60.881766688981884,209.17805940535737,140.24259096017792,-223.62096834529717,40.00445909931672
167.287585971927,59.67627292887282,206.36546626560266,147.64267815975293,-221.43319097091825,22.218011570832136
166.67174096837854,57.82482760381859,202.9958713174924,154.5394450976049,-218.78836689550195,4.359625053017463
165.27307678285834,55.403470304566866,199.13144343234416,160.963387258546,-215.67177798811505,-13.503560545319907
163.20123235685764,52.501034768321645,194.84301550022403,166.95381475155085,-212.0669468953211,-31.304448121400945
160.57974826084083,49.21614120550463,190.20768819830238,172.5571556737537,-207.95617002412467,-48.976175202032294
157.54195151438202,45.65388540745852,185.30623427817358,177.82497103418422,-203.32111283812716,-66.4523013514445
154.22650787613915,41.92232543292998,180.22038779957614,182.81174334784748,-198.14347169154047,-83.66700206478522
150.7727828156843,38.12887957384686,175.03011218372006,187.57251667852955,-192.40570503215895,-100.55527968728838
147.31616779855062,34.37675851122877,169.81094695570127,192.16047899720218,-186.09183345621335,-117.05320048806664
143.98353807601492,30.76155895322026,164.63153466288486,196.62458698529852,-179.1883028135802,-133.09816458299133
140.8890105248792,27.36814467994695,159.55142598854644,201.0073377621246,-171.68489756568917,-148.62921205409373
138.13016427138456,24.267933229472973,154.61925215237994,205.34279064663284,-163.57568333737117,-163.58736455532497
135.78487243120637,21.516692319327575,149.87133934196777,209.6549345526014,-154.85994874270193,-177.91599721740775
133.9088705136078,19.15292989647314,145.33082065500332,213.95648299833118,-145.54310795746733,-191.56123113524754
132.53415676248403,17.196936360888074,141.00727781695713,218.24815951571756,-135.63751814274775,-204.4723325590269
131.66828348754615,15.65050841450639,136.89691915005417,222.51851247694987,-125.16316072787664,-216.6021015500436
131.29455838293998,14.497352932230285,132.98327359260318,226.74427144416447,-114.14813370948151,-227.90723071237724
131.37313344275827,13.704138253281812,129.23835485336588,230.8912288192551,-102.62890431005641,-238.34861400419155
131.84291904962794,13.222131418366828,125.62422687865791,234.91560272226778,-90.65027806048597,-247.89158677962527
132.6242247588564,12.989335055732113,122.0948833725451,238.7658115525822,-78.26505172305936,-256.50608116747526
133.62199854633002,12.933018443597177,118.59834146009493,242.38456931982589,-65.5333330848103,-264.16668552931804
134.72951463264565,12.97252486528835,115.07884356406367,245.7111949948501,-52.52152966835861,-270.85260274684924
135.83234755563583,13.02223226677448,111.47906246807591,248.68401982698114,-39.301029521138275,-276.54750899096985
136.8124672831978,12.994546350096627,107.74221208145836,251.24277431232517,-25.94661879161833,-281.2393218245045
137.55229640199457,12.802813930067956,103.81397978138166,253.33084127509616,-12.534700914944636,-284.9198933222128
137.93858463897527,12.364058485531586,99.64421411459537,254.89727284415136,0.8586009752031387,-287.5846496968538
137.86597645506444,11.601457822745346,95.18832249587803,255.89848604386424,14.159365014570728,-289.2322031178444
137.24017209650725,10.446503902498705,90.4083555682557,256.299573003814,27.297716114714962,-289.86396356423876
135.98060903887526,8.840805393133891,85.27377629402345,256.0751859204128,40.20949881309558,-289.48377842792064
134.0226170099503,6.737512753759461,79.76193095464106,255.20998224509913,52.837689123415146,-288.0976251635168
131.31902379120356,4.102362247667884,73.85825463608083,253.69864048180227,65.13347252298436,-285.7133777844059
127.8412092639846,0.914348233294092,67.55625440777885,251.54547989081283,77.0569361086164,-282.34066184892407
123.57962072515225,-2.8339581761777453,60.85731864467843,248.7637369338296,88.57734753049769,-277.9908053426357
118.54377299780951,-7.136421530833772,53.77040064529013,245.3745663279966,99.67301950843677,-272.676885206729
112.7617625698029,-11.973662413702854,46.31161920281052,241.40584429666552,110.33078436408128,-266.4138618709342
106.27932672844729,-17.31366514221179,38.50380889443439,236.89085556995116,120.54512599369284,-259.21878764719776
99.15847769994085,-23.112656614307454,30.3760397805124,231.86694385362105,130.31703530400142,-251.11106973400797
91.47573972466031,-29.316245091856516,21.963111490402554,226.37419820889613,139.6526680641612,-242.11276521274812
83.32001550593779,-35.860811768513145,13.305012066611987,220.45423581368027,148.5618906973454,-232.24888394076055
74.79010918544452,-42.67514968561891,4.446319263437225,214.14912599711306,157.05679966669263,-221.54767562637326
65.99193727395229,-49.68234274088938,-4.564487019337733,207.50048261941623,165.15029429893653,-210.04087940638658
57.035467696026394,-56.80187134989197,-13.67583637175315,200.54873335707896,172.85477211274923,-197.76391760327564
48.03144057952354,-63.95192043426719,-22.834036485679718,193.33255687264423,180.1810012991537,-184.75601960207462
39.08794221973642,-71.05185007736827,-31.984422687016774,185.88846377363095,187.13720844501705,-171.0602665098231
30.306924618467967,-78.02477029655135,-41.07269688085662,178.25048609716904,193.72840242922734,-156.7235520173152
21.780785283411983,-84.80014044261983,-50.04644336786874,170.449933900729,199.9559390671287,-141.79645930864217
13.589143128379103,-91.31629280574225,-58.85678398655716,162.51517709559846,205.81731671080018,-126.33305768466488
5.795963495456048,-97.52276153901722,-67.46010831085341,154.4714161374102,211.30618149814617,-110.39062561522235
-1.5528044670411632,-103.38228465906387,-75.81978891651852,146.3404162453204,216.41251280050892,-94.02930915333918
-8.430914433713125,-108.87234124790372,-83.9077700222603,138.1401955435028,221.12295481384191,-77.31172607313516
-14.832681672437845,-113.98609032891295,-91.70590311296809,129.88467643766205,225.42125901887928,-60.302526847488444
-20.772887600281326,-118.73259386829965,-99.2068981630027,121.58332970420659,229.28880397948274,-43.06792382687325
-26.285643491033525,-123.1362347212677,-106.41476588432076,113.24085986949075,232.7051630330811,-25.675199897593625
-31.42217979032316,-127.23528075385059,-113.3446462082979,104.85699599748091,235.64869610398773,-8.192207652455831
-36.24759166503903,-131.0795972398473,-120.02195100160944,96.42646153889798,238.09714833814772,9.313130176949313
-40.83664293622283,-134.72756809672367,-126.48079353334549,87.93919828892646,240.0282447319786,26.773308537454223
-45.26880439463933,-138.2423485449085,-132.76173080753307,79.38091121954893,241.42027570068524,44.12170587965528
-49.622772665018196,-141.68763236708702,-138.9089036303389,70.7339823370113,242.25267302065927,61.29301806480273
-53.97077572771228,-145.1231705471115,-144.96671822915502,61.97877320901538,242.5065783660747,78.22365094574785
-58.37301444191482,-148.60031903445963,-150.97626675635013,53.095299095265915,242.16540750579372,94.85206310412352
-62.87261018390042,-152.15791654542818,-156.97172631916794,44.06521563528777,241.21541209138206,111.11905164918454
-67.49142267230464,-155.81879459798188,-162.97700195738727,34.87401583419086,239.64623799870665,126.96797605880629
-72.22706689770179,-159.5871989551671,-169.00288400558725,25.513295450664934,237.4514747075098,142.3449178075916
-77.05139403275713,-163.4473540004775,-175.04497196920164,15.982913929654966,234.62918468759628,157.19877690541645
-81.9106112903711,-167.36333134414934,-181.08257500310862,6.292860512122509,231.18239579387424,171.48131026019036
-86.72710570656798,-171.28029562826512,-187.0787353185372,-3.5353651100760963,227.11953391630516,185.1471206553934
-91.40291495916408,-175.1271006879004,-192.98143979843303,-13.468029057335045,222.45476827469872,198.15360867615897
-95.82466455791611,-178.8201061951134,-198.72599335811927,-23.459229208960416,217.2082384623647,210.4609026611477
-99.86967585087189,-182.26798778090793,-204.2384333004058,-33.451827618574384,211.40613122794943,222.03178325786374
-103.41285380501262,-185.37723143322415,-209.43977598337597,-43.37925745662807,205.08057652240717,232.83161906920884
-106.33389653453324,-188.05794365789427,-214.2508142167042,-53.168137506100095,198.2693368404397,242.82832802058317
-108.52433669590346,-190.2295783984262,-218.5971333587824,-62.74155355667273,191.01527145042726,251.99237549177064
-109.89393150464701,-191.82618322241237,-222.41399138005133,-72.02280166917633,183.36556757888783,260.29681523372136
-110.37596290974497,-192.80080080475335,-225.65071563647433,-80.93934045374888,175.37074356120826,267.7173731443398
-109.93108834170056,-193.12872406094374,-228.27430604367268,-89.42667377532266,167.0834436721411,274.23256780349357
-108.54948813448239,-192.80938833935534,-230.27199693537577,-97.43188477529498,158.55705982521746,279.8238560463939
-106.25117851239898,-191.86678366404936,-231.65261166626487,-104.91656700391212,149.84423038557713,284.47578754387894
-103.08448795666563,-190.34837477030084,-232.44663667529457,-111.85894610583435,140.995279654288,288.17614997555256
-99.1228188200409,-188.3226171928971,-232.70503614391276,-118.25505066532102,132.05667182220094,290.91608630502753
-94.45992540193384,-185.87524558762942,-232.49691573642454,-124.11886645528978,123.06955915298789,292.69016796527865
-89.20402662789758,-183.10457935291063,-231.90621667849996,-129.48148653699104,114.06850490638517,293.4964121773295
-83.47113105871028,-180.1161365477307,-231.02767419906792,-134.38934267142957,105.08045652711871,293.3362375990842
-77.37798222910321,-177.01686886972442,-229.96230428335735,-138.90166467189863,96.12403388192288,292.21435925446025
-71.03503411840185,-173.90932939719733,-228.81268957170613,-143.087358804369,87.20918135980493,290.13863033937145
-64.53984297564244,-170.88606427084116,-227.67832128849648,-147.02152150669679,78.33721253168746,287.11984417556687
-57.97121735724734,-168.0244841385139,-226.65122332348594,-150.7818102182092,69.50125332170384,283.17151356688754
-51.38440836623385,-165.3824261049897,-225.81204212403378,-154.4448807062121,60.6870661106272,278.30964663187495
-44.80755192955786,-162.99456688450053,-225.22673729347434,-158.08307323182436,51.87421482796804,272.55253767393793
-38.239499134809904,-160.86979668190526,-224.94395770125243,-161.7614924551915,43.037511758026795,265.92058895453124
-31.649092928173904,-158.98961359909575,-224.99314049217165,-165.53558269862793,34.14867205678743,258.43617478742664
-24.975872782807166,-157.30755135741978,-225.38332834716698,-169.44925538020638,25.17809295964563,250.12355381257572
-18.13211567213422,-155.7496091070927,-226.10266507163863,-173.53358275205164,16.096671890394134,241.00882938594185
-11.006054121358364,-154.21561080511484,-227.11850129263655,-177.80603427677076,6.877581083275153,231.1199524895204
-3.4660529355931295,-152.58138293985112,-228.37802017340107,-182.27020083809447,-2.5020747546904545,220.48675708136344
4.634521184726591,-150.70160385385932,-229.80927673404136,-186.915928418605,-12.059777924112453,209.14101485360527
13.452034298890421,-148.41314737988986,-231.32253291616814,-191.71976711672124,-21.80633835362481,197.11649521244712
23.147231845335895,-145.53872121198347,-232.81176386962983,-196.64563320445612,-31.744881920805923,184.4490169673988
33.880089867297976,-141.8905909371838,-234.1562098768412,-201.64558093395505,-41.870095985344335,171.17648052776116
45.80511914636641,-137.2741892466935,-235.2218546169575,-206.66058656457585,-52.16772646056492,157.3388729816787
59.06729551605254,-131.49144160028308,-235.8627266214811,-211.6212592942836,-62.61430861637886,142.97824278175742
73.79868610196165,-124.34369809976994,-235.92194960802487,-216.44841226551162,-73.17710554794715,128.13864532392734
90.11571609263434,-115.63424714793341,-235.23251134105692,-221.05345146560074,-83.81422427600285,112.86606492578753
108.11688604122818,-105.17049591023336,-233.6177809444494,-225.33857094886434,-94.47487977856795,97.20832208537169
127.88062287077233,-92.76602659732058,-230.89188016840865,-229.19677884386846,-105.09978152870508,81.21497702941573
149.4628498211423,-78.24286140530563,-226.8601009153832,-232.51181896842067,-115.6216246476241,64.93724117223192
172.89381421953732,-61.434372790113834,-221.3196516138351,-235.15809561768734,-125.96567763886115,48.42790708403463
198.17373810444278,-42.18933653587232,-214.06109726254203,-237.0007512556887,-136.05046972038312,31.741304951692005
225.26697052178872,-20.37761941588393,-204.87091736563502,-237.89608436338526,-145.78859176975624,14.933289501582202
254.0945269003854,4.102098603416902,-193.53562583654718,-237.69252250505207,-155.0876345434036,-1.9387437181856697
284.52519188680844,31.31235728617437,-179.8478608059686,-236.23237799752388,-163.85129484434648,-18.815819472855267
316.36571322496087,61.26478031377346,-163.61474676183468,-233.35460448847198,-171.98068351098453,-35.63733390051207
349.3509858807404,93.90621339736752,-144.6686495585482,-228.89873699969124,-179.37586748449434,-52.34101319802525
383.13546501856877,129.1039915488598,-122.88018902343345,-222.71013191749745,-185.9376710682908,-68.86290170416069
417.2872940511345,166.63159943816555,-98.1730585226001,-214.64652603331973,-191.56974848855577,-85.13740355702967
451.2867316587033,206.1563322955501,-70.53985318954788,-204.5858077178907,-196.1809211535315,-101.09740242156042
484.53036265323453,247.2307781310433,-40.057767744013724,-192.4347456686444,-199.68774931182017,-116.67448174987801
516.3422564455408,289.2899662797079,-6.902738690043968,-178.13826300295835,-202.01728046232745,-131.79926359497324
545.9926977139488,331.6558207001932,28.63957513139208,-161.68869254461578,-203.10988781713132,-146.40187731933284
572.7243945309247,373.55010444067887,66.16760897226723,-143.13432171350047,-202.92208384629208,-160.41256103573605
595.7852404993546,414.11636379316224,105.16398531979883,-122.58645226368753,-201.42916930696822,-173.76238891396804
614.465866447267,452.4505328304317,145.00300996770784,-100.2241794878017,-198.62756019694746,-186.384107380717
628.1394750750941,487.6389298466816,184.96615881624075,-76.29615128215534,-194.5366266480483,-198.21305362454996
636.3009178213963,518.8014780468919,224.26546091922256,-51.11870633666841,-189.19988127696297,-209.18812159723308
638.6017369173695,545.1372328048428,262.0739238231763,-25.070010000723215,-182.68537150339233,-219.25273469344822
634.8780118870199,565.9688060826578,297.56139585273934,1.419907074478317,-175.08516126592048,-228.35578113036948
625.1683273638733,580.7821266380865,329.93360960351094,27.882971919673565,-166.51383151822176,-236.45246811830603
609.7199768826715,589.2582019059847,358.4716887436388,53.830175370957164,-157.1059835624635,-243.50505429081778
588.9825484448755,591.294143265281,382.56919435810903,78.77106395002528,-147.012791034701,-249.4834263056266
563.5891815656886,587.0116198025103,401.7638751091448,102.2344619209887,-136.3977104854783,-254.36549449907807
534.3269054595237,576.7520133675374,415.7616676945122,123.78910250175353,-125.43152162100125,-258.13739320294803
502.09843139724387,561.0587290639072,424.45113223059417,143.0627972766303,-114.28692087503799,-260.793482888669
467.878469894269,540.648231660692,427.90732951615297,159.75884833901415,-103.132931011758,-262.3361627180877
432.66800456410147,516.3723032432238,426.38505866474515,173.66860383138967,-92.12941088526726,-262.77551243535095
397.449955308669,489.1746539705415,420.30226993258776,184.679355217715,-81.42195078406692,-262.12879106365926
363.14932748959893,460.04531115648166,410.2152498121644,192.77714271522638,-71.13741928642935,-260.4198260226629
330.6003348661055,429.97615384575136,396.7877636535632,198.04443487034314,-61.38038852067348,-257.6783297604629
300.52219455969316,399.92058652663343,380.75668402801904,200.65303766696252,-52.230609286835005,-253.93918175888476
273.50442694834885,370.7597275802356,362.8967131534244,200.852928943792,-43.741640303953005,-249.24171201138387
250.0016540741286,343.2767182124675,343.9866403447505,198.9579739622841,-35.940662579522126,-243.62901815628402
230.3371625135589,318.1399354013808,324.77920363180715,195.32963741531117,-28.829436655407193,-237.14734285272243
214.71394103719376,295.8951100072335,305.9761102194119,190.3598584103411,-22.386293152086836,-229.8455312357887
203.23155066607092,276.96568257714745,288.2091835791597,184.45420291765546,-16.5689906905895,-221.77458088855056
195.9070370687754,261.66022351861443,272.0280141198458,178.01626839242843,-11.31823372727061,-212.98728916955434
192.69813057896366,250.1854231317663,257.8939538652049,171.4341108419749,-6.561618329772784,-203.53799529629572
193.52715815513477,242.66301729029976,246.17985581709985,165.0692224220776,-2.2177670197951045,-193.48240757666287
198.3043656604064,239.14903302574714,237.17463978932523,159.24833473430877,1.799576508324435,-182.877499785844
206.94966718270854,239.65387809034974,231.09157461714312,154.25808334396402,5.577698068203716,-171.78145502733884
219.41215389065076,244.16201644477496,228.0790927335318,150.34236133744156,9.201479509052419,-160.2536305785039
235.6869691092302,252.65022402688373,228.23297709596955,147.70202621433967,12.750509662864417,-148.35451328130506
255.82935971451832,265.10366730010566,231.608856037947,146.49651069721568,16.29682333016114,-136.1456320935705
279.9658275994764,281.5292601186305,238.23408081794548,146.8468239288299,19.903307580352084,-123.68939260241841
308.3023193985317,301.9659112217025,248.118217611888,148.83941029469352,23.622774006762604,-111.04879781350913
341.1293069241881,326.4913641747626,261.2615395739696,152.53035116617215,27.497660943567872,-98.28702062863616
378.82343166143283,355.2253526550769,277.6610411816262,157.9494413794964,31.56030241579238,-85.46679643830952
421.84512872757693,388.32875468080414,297.31360957415325,165.10373861078813,35.83368124617729,-72.6496095728981
470.7313322060854,425.9983462877258,320.21607645436205,173.98026258565648,40.33257195946625,-59.89465539640302
526.0820285740829,468.45665283352514,346.3619463465085,184.54760675639346,45.06497391855164,-47.25757100422315
588.5391148503398,515.9363065795444,375.7346649143364,196.75631423351305,50.033735046074256,-34.78894213848706
658.7557946956063,568.6582811285243,408.29737069062577,210.53796077316053,55.23826983892337,-22.532612236236684
737.3546857060825,626.8034303791508,443.9791827587455,225.80298024107594,60.676280475281914,-10.523841371923513
824.8730035820155,690.4769576236652,482.65823283885254,242.4373625477763,66.34539517125692,1.2126122665962313
921.6937277547986,759.6658220887888,524.1418666208183,260.29845068648063,72.24464252260073,12.664388875262084
1027.96262443386,834.1896883198563,568.1447232005988,279.2101612165948,78.37568392223984,23.83327488710394
1143.492465861667,913.6468515893399,614.2657502942751,298.958048488578,84.7437285443046,34.73665059216061
1267.6577467195052,997.3576130382785,661.9656105637733,319.284721898538,91.35805784707543,45.40846622196692
1399.2855906457398,1084.308773867479,710.5463494079949,339.8861997304974,98.23209077091579,55.89956439668063
1536.5511913307537,1173.1041622243324,759.1355791097894,360.40983261354097,105.3829289932439,66.27716884991818
1676.8887581264034,1261.9272420166792,806.6777256149586,380.45444265081625,112.8303361394648,76.62337789117213
1816.9311377336012,1348.522677431619,851.9350095955995,399.57328894964076,120.59512788600986,87.03253906909465
1952.492578143312,1430.2040107930918,893.5007178930726,417.2803761604796,128.69698282897212,97.60744044208501
2078.6089755490416,1503.8941272364582,929.8268993859757,433.06046285428187,137.15172695327203,108.45433310390638
2189.647939712648,1566.2037429887387,959.2678483539147,446.38290001872406,145.9681959169898,119.6768958381951
2279.496825088777,1613.5506698280283,980.1396134623521,456.7191431900623,155.1448355566807,131.3693597050234
2341.830464805052,1642.3191164153686,990.7943360648679,463.56345025465,164.6662564285421,143.609118839745
2370.4520267626913,1649.0539961830457,989.706578624394,466.45592541530533,174.50000562939516,156.44925231284026
2359.6908992160365,1630.6805100646156,975.5671091842692,465.00673091949386,184.5938505625167,169.9114578890988
2304.831898367137,1584.734709693427,947.3780617661569,458.91999997843686,194.87387699012604,183.97993958017042
2202.5417385587193,1509.5869766563162,904.5422186807618,448.01578628825933,205.24368153590274,198.59678677864434
2051.2530737900515,1404.6380456261545,846.9385742280225,432.24831332812687,215.58488362287687,213.65932722194177
1851.4648134204788,1270.4669275856165,774.9765115646434,411.71886647033807,225.75909456452317,229.0198282761595
1605.9207269110636,1108.9122161516918,689.6219484723902,386.68191479313725,235.61136771746246,244.48776666697674
1319.6368301088432,923.0728388772139,592.3906705540263,357.5434510845637,244.97502331128868,259.83469786448757
999.7611507554316,717.2210365345193,485.3066406389299,324.85107191138724,253.67760844505787,274.80155036207685
655.2658697899286,496.62854847132087,370.8261067884722,289.2759403590039,261.5476323682251,289.1079681254476
296.4895410135697,267.3156962552714,251.73149727312767,251.58742330659118,268.4216249032931,302.4631484644875
-65.4362512491322,35.74118147068219,131.0020146444646,212.62180633696786,274.15101450710745,314.57749235013625
-419.2281758207308,-191.54314601429613,11.67015845638278,173.24699664052162,278.60832013929684,325.1743147092087
-754.1048298449473,-408.24443193167417,-103.32518048336374,134.3254709810907,281.69219983445726,334.00086135595967
-1060.395838160929,-608.6590213482394,-211.27808646386555,96.67787258130308,283.33099406553686,340.837946616021
-1330.0547129915285,-787.9543633047049,-309.83728225795994,61.04959108058068,283.48453297104004,345.5076528979394
-1557.0350350413903,-942.3816189812793,-397.1017507597704,28.082382115607004,282.14412808064617,347.8787051835577
-1737.5050025615822,-1069.4054470875492,-471.6845808024167,-1.7073699080592064,279.3308237806114,347.8693298160788
-1869.8929176653019,-1167.7459948197763,-532.7423544258778,-27.942718852216103,275.0921241141017,345.4476065431443
-1954.7733422601611,-1237.336639957106,-579.9705171300513,-50.39216305478115,269.49752196113747,340.62950522031065
-1994.6182857806507,-1279.2084721306587,-613.568011720771,-68.96782912022479,262.63323005840346,333.47494733062183
-1993.448261429003,-1295.3180668566556,-634.1767173344355,-83.71663162599634,254.5965421495377,324.0823364441969
-1956.4234989594038,-1288.3383264769002,-642.8027256763685,-94.80564871885954,245.4902389575688,312.582056112245
-1889.4159674151779,-1261.432936922276,-640.7271306948132,-102.50324535555094,235.41740377214634,299.1294397282986
-1798.5987905338961,-1218.033553957071,-629.4138433470503,-107.15760596109641,224.47693596342063,283.89768093845373
-1690.0822931959672,-1161.6356784013612,-610.4211004192368,-109.1743134923984,212.75995924502058,267.0710851130483
-1569.6167189564483,-1095.6249432884183,-585.322008075485,-108.99445488236643,200.34722667487682,248.83897383055347
-1442.3720277800658,-1023.1408837849804,-555.6378658869517,-107.07447692997937,187.3075364456795,229.39045695679255
-1312.796332864593,-946.9807904411301,-522.7863675139051,-103.86870041601219,173.69709922077394,208.9101910934416
-1184.5473351260039,-869.5424160251375,-488.04524867515903,-99.81506193850748,159.5597438173153,187.57515703117545
-1060.4860355717674,-792.801399923517,-452.530680456868,-95.3243265114287,144.9278150486478,165.55241779275792
-942.7191451153021,-718.3174009681375,-417.18875944871013,-90.7727256475562,129.82360443591867,142.997765613851
-832.6757621792189,-647.262049029055,-382.7978458774689,-86.49774275146285,114.26115816761069,120.05513115218895
-731.2046451244404,-580.4617887778672,-349.97922382846275,-82.79659846897803,98.24832274804251,96.85660989579407
-638.6802707341865,-518.4492848922708,-319.21355075237125,-79.92688357611412,81.78891236726257,73.5229565286532
-555.1083424892352,-461.5180573984902,-290.8607576066328,-78.10874041133198,64.8849084546246,50.16440469107901
-480.2240598371589,-409.776205332254,-265.1813834505467,-77.52799627058698,47.53862712396984,26.881683838537725
-413.57895243704195,-363.19628107488194,-242.3577124690013,-78.33969237379694,29.754811233507496,3.7671237324265725
-354.6142072322589,-321.65947004030454,-222.51347298956563,-80.67151882650616,11.542618633160387,-19.09424203425885
-302.7200641739002,-284.99313406542706,-205.7312182286995,-84.62674968607264,-7.082513973129721,-41.62364109129876
-257.28200821754064,-253.00145900534773,-192.0668141164527,-90.28636520402038,-26.09715109216825,-63.747643781060574
-217.71518166769906,-225.48940907571966,-181.5607015675269,-97.71014536197912,-45.46830676669148,-85.39739121725809
-183.48875881339075,-202.28045744789702,-174.2457813025601,-106.93661694051869,-65.1520944708474,-106.5079847640569
-154.14205573373067,-183.22867323085921,-170.15189921217763,-117.98183417867186,-85.09262298434058,-127.01803905166199
-129.29398338345948,-168.22574369418646,-169.3070046244543,-130.83707007024023,-105.22119358990632,-146.86939037805422
-108.64717299122799,-157.2034417195448,-171.73512994384114,-145.46559096506527,-125.4558624062687,-166.00694437602098
-91.98777658421098,-150.13195250952327,-177.45141459566975,-161.79878003124387,-145.70143553124652,-184.3786409483498
-79.18162426017085,-147.01438508026143,-186.4544828402167,-179.7319624257891,-165.84996214671253,-201.93551050249422
-70.16714221731993,-147.87774050659706,-198.71659300778256,-199.12036196982285,-185.781780577733,-218.63179329082453
-64.94522868317048,-152.76061005838906,-214.17210821239095,-219.7756790723514,-205.36715393665384,-234.425093058075
-63.566166589269926,-161.69794377222286,-232.7049917693991,-241.46381442839973,-224.46850565946588,-249.27653710996285
-66.1136319374181,-174.70336620614006,-254.1361930768623,-263.90426381150536,-242.94323207272745,-263.1509172463536
-72.68593742796656,-191.7497140234329,-278.2119432231973,-286.771667871133,-260.64703110653284,-276.016789632659
-83.3748259855864,-212.74871236757053,-304.5940998332762,-309.69991117432147,-277.43764617157433,-287.8465164624662
-98.24238300910275,-237.530966378282,-332.8537399853953,-332.2890245483196,-293.17888542954006,-298.6162379893478
-117.29694405871261,-265.8276844252854,-362.4691707496223,-354.1149571321668,-307.74474291647374,-308.3057699114998
-140.46920062939503,-297.25572822697586,-392.82938569144915,-374.7420587897277,-321.0234229119968,-316.8984278499596
-167.59000611466843,-331.3076575722084,-423.2437283729726,-393.7378656108177,-332.9210558419761,-324.38078738101535
-198.37160684921932,-367.3483633913524,-452.9581299765623,-410.68953292328433,-343.3648952906984,-330.74239433197675
-232.39411861616654,-404.6196327419946,-481.1777843215238,-425.2210374092248,-352.30580263705326,-335.9754453707513
-269.09899311935243,-442.25355097327343,-507.09554498788435,-437.0100996862237,-359.7198582507905,-340.07446286832953
-307.7909419308907,-479.2950316056661,-529.9247285635487,-445.80368597786713,-365.6089843976065,-343.0359901946514
-347.6492995114282,-514.733011937615,-548.9344506610082,-451.4309511980784,-370.0005218642475,-344.8583337236215
-387.74913183568856,-547.5390272083637,-563.4851782777102,-453.81259551540614,-372.9457654878296,-345.54137571384723
-427.09158262776964,-576.7110650465622,-573.0619201249053,-452.96582010823374,-374.51752813356666,-345.0864779187292
-464.6420726080722,-601.3199037967087,-577.302447850349,-449.0043705793529,-374.80686282784427,-343.4964894869009
-499.37412629877366,-620.5546510574939,-576.0181733650169,-442.1335218261378,-373.919123647266,-340.7758648734523
-530.3159021838221,-633.7640043635352,-569.2057971189577,-432.6402504975001,-371.96958337527997,-336.93088871162365
-556.5960451756658,-640.489906038754,-557.0485514973482,-420.8792201767974,-369.0788469582524,-331.9699956492077
-577.4853426845552,-640.4907690592687,-539.9067234509549,-407.2555301746145,-365.36830310984374,-325.904164854856
-592.430887846969,-633.7522736772428,-518.2980584513963,-392.20541704429434,-360.9558424058381,-318.74736204520764
-601.0800305172647,-620.4847940144912,-492.86951997995067,-376.17622463668704,-355.9520408495514,-310.5169971573623
-603.2922750247924,-601.1076927364996,-464.3626044280154,-359.60696301094504,-350.45696644505216,-301.2343636764336
-599.1383670949795,-576.2218834020949,-433.574907773852,-342.910662606806,-344.55771695699946,-290.92502634792027
-588.8869741946078,-546.573067174018,-401.3208547940346,-326.459515057457,-338.32674433025215,-279.6191274918392
-572.9804653047921,-513.0087863448343,-368.3944180647091,-310.57350384302686,-331.82096966876793,-267.35158804013184
-552.0022075616538,-476.43282183071244,-335.5362952688095,-295.512901087071,-325.0816461848815,-254.16218715178013
-526.6384157177773,-437.7604639088584,-303.40743581245044,-281.47467727530625,-318.1348892214571,-240.095513067462
-497.6378554494977,-397.877824906188,-272.570092034316,-268.59257162111084,-310.9927643544353,-225.2007869188248
-465.7726021669101,-357.607705439698,-243.47680820948437,-256.9403285025767,-303.6548076117818,-209.5315696998045
-431.8026309301481,-317.68367241104494,-216.4670415952397,-246.53743685013205,-296.10984584449824,-193.14536983846625
-396.4463384026494,-278.733074858657,-191.77050898354355,-237.3566213509246,-288.3379892038714,-176.10317425046136
-360.35827861953913,-241.2688297094921,-169.51592147856704,-229.33232396560902,-280.3126797900137,-158.4689290919782
-324.11454373988084,-205.68905289504093,-149.7435339084068,-222.3694707152066,-272.0026986943137,-140.3089975639898
-288.20544378029285,-172.28306222710358,-132.41989065121675,-216.35192577515602,-263.3740555471278,-121.69162115472787
-253.0345183576776,-141.24197121098467,-117.45327104787867,-211.15017378846875,-254.39170803675256,-102.68640791315946
-218.92250031557137,-112.67202618987942,-104.70858337603981,-206.62792318892596,-245.02108164492992,-83.36386710656203
-186.11466308987823,-86.60898099903198,-94.0207771541565,-202.64747159093872,-235.22938035140345,-63.795004377807686
-154.79000625463826,-63.03210041783528,-85.20618996114928,-199.07380595945423,-224.98669601308382,-44.05098574430944
-125.07092735486597,-41.876772326941925,-78.07157410301258,-195.77751664901945,-214.26693667945932,-24.202872910063647
-97.03233786195577,-23.045124764043987,-72.42082818610696,-192.63668116834762,-203.0486018522212,-4.321426783482487
-70.70954656776681,-6.414432837586034,-68.05966947847567,-189.53792019370277,-191.31543561840334,15.523028867159642
-46.10459856449408,8.156579028146032,-64.79861777501526,-186.3768474174532,-179.05698701760534,35.26069577463453
-23.191076598172444,20.82320545991496,-62.45472375922035,-183.05813076711334,-166.2691015765348,54.82235672177319
-1.9176134206082196,31.75153540479618,-60.852475617069004,-179.49536087281132,-152.9543595283277,74.13941526873981
17.789485755500543,41.11603284795416,-59.82427232399479,-175.61088908501512,-139.12246587957364,93.14393719169655
36.024052333644576,49.09745870289625,-59.210777349732865,-171.33575708818907,-124.79058636037553,111.76871041437226
52.89785685107896,55.880759285901625,-58.86137815555472,-166.60979761235612,-109.98361260591743,129.94733820698167
68.53804747363819,61.65266539057913,-58.63488767088316,-161.3819442827889,-94.73433085799786,147.61437727109418
83.08398550285858,66.59887212323707,-58.40054318968198,-155.6107506197876,-79.08346211863451,164.70552820456464
96.6833731715102,70.9007864468858,-58.03929133489369,-149.26508507750276,-63.07953891557465,181.15788100889782
109.48769996138462,74.73192546293828,-57.44529709286756,-142.32494160169418,-46.778585251014235,196.9102131020618
121.64714707100205,78.25411805575649,-56.52758005945395,-134.78228388210658,-30.243572143235035,211.90333214159566
133.3051765311295,81.613704649271,-55.21165997590455,-126.6418264784698,-13.543631269359533,226.0804512978858
144.59308786220876,84.93794701815528,-53.441083654692136,-117.9216475038643,3.2469770246488086,239.3875809056916
155.62485121871927,88.33185698031356,-51.17870383693564,-108.65352584386682,20.050128678823953,251.77391808109374
166.49252462897311,91.87563470423311,-48.40758531258548,-98.8829013712603,36.7853034919911,263.1922152435207
177.26253870785197,95.62287923098434,-45.131423586031644,-88.66836970939235,53.3712076158955,273.59910970081734
187.9730900077936,99.59969945567134,-41.37437621722472,-78.08064409398858,69.72748794923662,282.95539951955834
198.6328285207228,103.80481563186386,-37.180227171329705,-67.20094572020803,85.77646372075078,291.2262555762534
209.22095951705103,108.21070051099511,-32.61083088338091,-56.118819979426064,101.44479383930806,298.38136551765393
219.68880786866922,112.76576561510402,-27.74381598800582,-44.929417719204324,116.66499776959645,304.395011721003
229.9628166747563,117.39755161097045,-22.669568872920735,-33.73032568901681,131.37675312640707,309.24609149517204
239.94887371960897,122.0168323306246,-17.487563461017032,-22.618075311277664,145.52790461751025,312.91809293537284
249.53778174250994,126.52249053337874,-12.302153696219676,-11.684499718597081,159.07513555117632,315.3990433522001
258.611615130182,130.80697210624197,-7.217995559186818,-1.0131410804444272,171.98427348741717,316.6814485372988
267.0506407704754,134.7620774380931,-2.3353114054883974,9.324070845971349,184.23022400928946,316.7622400659319
274.74042948277116,138.28480865534596,2.2547543251241393,19.26964600701261,195.7965491019932,315.64274444928617
281.57875201260185,141.28296433624908,6.474417759343936,28.78266156518565,206.67472736637023,313.32868263421864
287.4818450093046,143.6801641516422,10.262904691709196,37.84002114640691,216.86315060844476,309.83020177831736
292.3896514694045,145.41999856790432,13.579215155185437,46.43673256766063,226.36592398660784,305.1619342635628
296.26968860933334,146.4690354863295,16.403796758490188,54.58516010487545,235.19154411954446,299.3430724793898
299.1192731903438,146.8184762962002,18.73898590447888,62.3132847257956,243.35153116715313,292.39744286654815
300.9659361581961,146.4843354013164,20.60815889081769,69.66208368782193,250.85908722287397,284.35355973781355
301.86597837729147,145.50611431106472,22.05362805201318,76.68221150282214,257.7278451688693,275.2446388664375
301.90124809833003,143.94404613425053,23.133413075470656,83.43021998145204,263.970760533143,265.1085528090314
301.17434788570336,141.87508962716853,23.917105250640702,89.96458983268812,269.59918511301134,253.98771412366503
299.8025928785519,139.3879442849002,24.481113909221023,96.34185634364077,274.622146489803,241.9288784922652
297.91113309704474,136.5774305119969,24.90363236520369,102.61309604538836,279.0458432633354,228.98286650583736
295.62571165424976,133.5386246321902,25.25968031226259,108.8210019698124,282.87335290507286,215.20420969489237
293.0655527812766,130.36115298407998,25.616568901589204,114.99771676814959,286.10453834384145,200.65073250410222
290.336856689988,127.1240313188503,26.03009482076405,121.16352225761293,288.7361312611853,185.38308668598327
287.5273244192601,123.89138713202553,26.54170485031588,127.32640866494154,290.7619648141239,169.46425760959548
284.70205036887694,120.70932835583166,27.176789273786312,133.48247482151538,292.17332609731426,152.95906308569593
281.90101147665507,117.60412928571046,27.944169467988246,139.61704883901106,292.95939886271765,135.9336645831104
279.1382600544161,114.58180245932458,28.836750946000578,145.70637270224105,293.1077694172118,118.45510843852651
276.4028030125495,111.62902267421566,29.833226637203964,151.71966693218354,292.6049726749344,100.59091126627203
273.6610340086029,108.71527514539618,30.90064356978648,157.62138382168905,291.43706043099667,82.40869973895158
270.86048596957164,105.79602133787755,31.99759472631861,163.37346833958887,289.5901793953768,63.97591070361976
267.9345962797731,102.81661864702386,33.07776967493767,168.93747143454564,287.05115174420905,45.359553617699376
264.80812984386614,99.7166968802982,34.09359318344332,174.27639671360623,283.80805533258945,26.62603381765811
261.40288755342215,96.43468603142848,34.99969866385565,179.3562033103389,279.8508037884169,7.8410323263343
257.64333806513565,92.91220450458127,35.75601934996921,184.14693024102448,275.17172812256825,-10.930564206225675
253.46184563966813,89.0980512632076,36.330329628547986,188.6234463190722,269.7661610577433,-29.62469131570362
248.80322081597313,84.95159454664197,36.70012626891034,192.76586138790975,263.6330229844635,-48.17810116253559
243.6283876291786,80.44540829353583,36.85379868445163,196.5596570745691,256.775404470734,-66.5283331145089
237.91703432589202,75.56706957613763,36.791093539254035,199.99560754667817,249.20113493505843,-84.6136704413925
231.66918780244006,70.32009091625599,36.5229276134465,203.06956312238444,240.9233209579014,-102.37309345075161
224.90571982345935,64.7240158669045,36.07064069049916,205.7821632479151,231.96083140558974,-119.74623970686164
217.6678511937947,58.81375134724364,35.46480549766454,208.13853223673672,222.3387008156079,-136.67338221277265
210.01576557996077,52.63824380643911,34.7437239302412,210.14799359289916,212.08841812338724,-153.09543650765653
202.0264761900885,46.25862752461785,33.951738656766835,211.82381919789157,201.24806555111317,-168.95400739674525
193.79110598344815,39.74598256461012,33.13747847938427,213.1830105039901,189.8622729836799,-184.19148532310695
185.4117466421173,33.17883837512666,32.35213698654147,214.24609222980126,177.98195690940676,-198.751201046823
176.99805526853058,26.640548852564635,31.64785998246731,215.03688653771513,165.66382024556813,-212.57764519132434
168.66373335083472,20.216648280994818,31.0762909236077,215.5822284014518,152.96960004341676,-225.61675628740778
160.52301291927827,13.992277636603859,30.68729798325554,215.91158139081665,139.96506377724407,-237.8162772215733
152.6872529238673,8.049749810472008,30.52788384516895,216.05651739591428,126.71877091962274,-249.12617561100555
145.26172731273644,2.466302593451317,30.641261758568042,216.05003335566624,113.30063371588659,-259.49911882510077
138.34266717845261,-2.6879284922201947,31.066069948064346,215.92569187941905,99.78032815538364,-268.89098949407764
132.01460409895066,-7.351698105440391,31.835691617794275,215.71658945346365,86.22562159153388,-277.2614228027908
126.34805113343698,-11.474188427293583,32.9776492821845,215.4541741851976,72.70069575280935,-284.57434311269617
121.39755182095115,-15.0162882385642,34.51304915307168,215.16695314138192,59.26455160360939,-290.79847492496503
117.20012530211734,-17.95160584116273,36.45606249462365,214.87914569886968,45.96958453510281,-295.9078022674633
113.77413615812141,-20.267204969037962,38.8134445834599,214.60935250771723,32.8604140037907,-299.88195151659875
111.11861920493774,-21.96404844664083,41.5841063890705,214.36931847452263,19.9730408496692,-302.7064755533719
109.21309061436271,-23.057129992946514,44.75876753810508,214.16287173802033,7.334388585618083,-304.3730219165195
108.01787572498498,-23.575271651965224,48.319729925719344,213.98511843497707,-5.037736971716686,-304.8793739758531
107.47497936240909,-23.560564092300467,52.2408181544819,213.82196504983492,-17.134260658606806,-304.2293616475777
107.50951541637966,-23.0674303930726,56.487534866522864,213.65002661710994,-28.9540411238276,-302.4326462108018
108.03169835453258,-22.161301461766996,61.01747548586564,213.4369606932657,-40.502707693478456,-299.5043916761885
108.93938041915392,-20.91690299710406,65.78103788541135,213.14224486631628,-51.791197373674976,-295.4648422055303
110.12109520266613,-19.416169525545754,70.72244849881251,212.71839093884685,-62.834076494157706,-290.3388306484459
111.45954245534175,-17.745819650783346,75.78110832488639,212.11256332228209,-73.64774325812,-284.1552468455444
112.83542214895778,-15.99464700456599,80.8932414220294,211.26854425482972,-84.24861207237457,-276.94649563232355
114.13150013482519,-14.250601908447479,85.99380645790261,210.12896586068533,-94.65137782383584,-268.74797337582265
115.23676546051307,-12.597757705298818,91.01861043378969,208.63771037387812,-104.86744875995807,-259.59758853235627
116.05052273130352,-11.113271329985238,95.90654464332303,206.7423664271101,-114.90362144159565,-249.53534649090176
116.48625369948095,-9.864458341445811,100.60184792776843,204.39662221566005,-124.76105194509128,-238.6030123975406
116.47508190938271,-8.906107027714953,105.0562927555509,201.5624762459526,-134.4345559466396,-226.84385838669655
115.96868342219437,-8.278153474001186,109.23118657094433,198.21215344755365,-143.91224844186635,-214.3024943584589
114.94150532940257,-8.003829367207743,113.09908470126183,194.32962833188597,-153.1755134201282,-201.0247747858653
113.39218108715065,-8.088377127340209,116.64512178895468,189.91167677798003,-162.1992763085668,-187.05776855947272
111.34406608839876,-8.518403636038983,119.86788556210016,184.96840261734187,-170.95253848836995,-172.4497749756945
108.84485616850209,-9.261915827211183,122.77977860113063,179.52321282248204,-179.3991242468174,-157.25036686847955
105.96529335475573,-10.269050555506539,125.40683903190404,173.61224390305614,-187.49858626233936,-141.51044160210938
102.79700441035558,-11.473479520690404,127.7880179610265,167.28327014654275,-195.20721579113118,-125.28226204653143
99.44955597129506,-12.794439674889091,129.97393808511944,160.5941497799614,-202.4791074539291,-108.61947246457287
96.0468430385104,-14.13931237871374,132.0251824741518,153.6108864087862,-209.26723500051514,-91.57707807414354
92.72295348454742,-15.406652168400285,134.01018353557166,146.40539902670056,-215.52450263717117,-74.21138147911039
89.61766891543286,-16.48954945860639,136.0027984789204,139.05310376926545,-221.20474542154676,-56.57987375673743
86.87177123048492,-17.27920142062382,138.0796685419681,131.63041418848027,-226.2636609405351,-38.74108234973558
84.62232474642772,-17.668561699761966,140.3174646041536,124.2122644173672,-230.65966223658603,-20.754381704667807
82.9980965795351,-17.555942142547394,142.79012183808746,116.86975185761045,-234.35464819048022,-2.679775576913988
82.11526434228917,-16.8484474780073,145.56616134101728,109.66798396668732,-237.31469197931506,15.422338072635018
82.07354163108775,-15.465135852111857,148.70618811920136,102.6641985601318,-239.51065069624067,33.491407702826116
82.95282990275146,-13.33981302958901,152.26064339455905,95.9062100814755,-240.91869982165605,51.46696252760545
84.81048176772208,-10.423384727651083,156.26787602565832,89.43121679746449,-241.52079520836514,69.28882978674602
87.67923690552662,-6.685708816541592,160.75258387634642,83.26498698756816,-241.30506293829404,86.89732605370158
91.5658689031206,-2.1169060958983152,165.72466206537894,77.42142684234652,-240.26611425988347,104.23341623870604
96.45056017076922,3.2718956276749225,171.17848182149214,71.90251963157914,-238.40527930447212,121.23883699674454
102.28700319666373,9.448394761912397,177.0926115478748,66.69861513289466,-235.73074990434534,137.85618459539887
109.00320992172354,16.359523833110956,183.42998083171324,61.78904042736313,-232.25761908019007,154.0289707251746
116.50299682707532,23.93241758805489,190.13847847614608,57.142997820337754,-228.0078030778334,169.70165302773552
124.66810109215739,32.07591600692453,197.15196698288713,52.72071247915231,-223.0098315931443,184.819650058087
133.3608724380324,40.68256683701675,204.3916879772036,48.47479089708567,-217.2984933146712,199.32935277401904
142.42747552224176,49.63108247550042,211.76802552051532,44.35175092769091,-210.9143272968139,213.17814626444715
151.70152856052616,58.789196268735665,219.182586821447,40.293684321120644,-203.9029559621899,226.31445611975565
161.00809491931352,68.01685340294986,226.53055236313008,36.24001294501471,-196.31426255812258,238.6878334861955
170.16793565677008,77.16966158532136,233.70323989844712,32.12929983208055,-188.2014243128421,250.24909136528498
179.00192253573942,86.10251693495705,240.5908192949073,27.901075687451495,-179.61982182642396,260.95050212353334
187.3355032841823,94.673311428339,247.0851081931124,23.497640532696018,-170.6258547066991,270.7460625577744
195.00310445542615,102.74662057697356,253.0823723960175,18.865798975181114,-161.27570232495196,279.59182839705505
201.85235292371112,110.1972645896922,258.48605046161174,13.958486549626485,-151.62407597421384,287.44631508055136
207.74799570085545,116.91363396172076,263.20931980175556,8.736244170531151,-141.72301384813687,294.27095637411753
212.57540020974386,122.80067204272481,267.1774223227834,3.168498484588227,-131.62077242291028,300.0306072694067
216.24352408999852,127.78241329310103,270.3296717742829,-2.765391696128404,-121.36086652478131,304.69407306315196
218.68725547915128,131.8039869872116,272.62107278248004,-9.07535830409816,-110.98130538480713,308.2346429374252
219.86904160510068,134.8330120490111,274.0234930392369,-15.760145117436949,-100.51406342985719,310.6306040952884
219.77974513872908,136.86032909091446,274.52634499343793,-22.807147195025195,-89.98481288436284,311.86571179754674
218.4386933677047,137.9000397473453,274.1367510374741,-30.19257824770108,-79.41293122804615,311.9295916192563
215.8929137530907,137.98884986699983,272.8791857162389,-37.88196368917092,-68.81178119376185,310.8180528815809
212.215579392849,137.1847405969885,270.79460882756774,-45.830944630347076,-58.18924548029804,308.53329635234843
207.5037177082109,135.56501825024603,267.93912324265983,-53.98636578285816,-47.5484839258068,305.08400465014574
201.8752635882189,133.22381847636944,264.3822096646553,-62.287608948643864,-36.888868685922915,300.4853099273918
195.46556264941438,130.26916116971833,260.2046062829168,-70.66812425742972,-26.207043935572884,294.75863987369354
188.4234497835426,126.81966852533121,255.49591349152064,-79.0571041972249,-15.498051420715349,287.9314493745055
180.9070417043136,123.00106883849921,250.35201191825564,-87.38124119070315,-4.756462126102932,280.03685080857315
173.07938911378517,118.94261261529502,244.87238566433615,-95.56650819533685,6.022542677585143,271.1131605662737
165.10413420333174,114.77352534946213,239.15744191608212,-103.53990350039331,16.842191118397288,261.20338261961496
157.14131276006148,110.61961338568437,233.3059132868059,-111.23110529129629,27.703281721347583,250.35465170099087
149.34342786364834,106.60012645728438,227.41242095671822,-118.57398820236233,38.60351479996186,238.61765881649376
141.85190506965284,102.8249638599422,221.5652656572737,-125.50796240692848,49.53701088065929,226.0460805270513
134.7940183615586,99.39229206959907,215.84450065299137,-131.97910515817833,60.494020452571434,212.69603088686236
128.28035341643542,96.38662125035817,210.3203269926022,-137.9410644478143,71.46081801264064,198.62555142910267
122.40285127635381,93.87736778695444,205.0518372716047,-143.3557239940608,82.41976383139664,183.8941504809296
117.23345265684578,91.91791082600844,200.0861207070275,-148.19362759592732,93.34950962495209,168.56239873694958
112.8233419729118,90.5451337107989,195.45773006610915,-152.4341686062205,104.22531965976717,152.69158376903772
109.2027715862163,89.7794267724867,191.18850033964887,-156.0655566242071,115.01947677029536,136.34342230232687
106.3814313469079,89.62511654418859,187.2877002583872,-159.084578369132,125.70174314981601,119.57982587863559
104.34931649183768,90.0712781700073,183.75249089827548,-161.49617307556036,136.23984822237773,102.46271311881341
103.0780383550577,91.09288242536743,180.56866063839743,-163.31284477061166,146.59997993924412,85.05386026305769
102.52251688732918,92.65222598977029,177.71160243068414,-164.55393466136576,156.74726092144937,67.41478101491758
102.62299121848648,94.70059292285559,175.14749743036043,-165.2447768512652,166.64619643301245,49.60662687479171
103.30728385439458,97.18009611896372,172.83466818426672,-165.4157600247924,176.2610866904305,31.69010000262212
104.49325494937221,100.0256492712078,170.72506442996013,-165.10131690207254,185.55640103343717,13.725372038953378
106.09138482150523,103.1670220256482,168.7658447928016,-164.33886245653642,194.49711563200268,-4.2279959427299145
108.00742494757074,106.53093310687724,166.90101800734897,-163.16770134448123,203.04901942469078,-22.11113527103246
110.14505968228741,110.04313793858196,165.07310754221504,-161.6279248751382,211.17899472793943,-39.86595432932676
112.40852265625998,113.63046851425806,163.22480358529737,-159.75931822073278,218.85527939346986,-57.43522535706856
114.70511316671207,117.22278400863665,161.30056627242237,-157.60029939202659,226.04771659962478,-74.76267136489625
116.94755901763051,120.7547910338069,159.24814395152976,-155.1869126459154,232.72799651878378,-91.79305020909517
119.05617348831353,124.16769284778613,157.01997039961373,-152.55190021242814,238.8698914681404,-108.47223247354822
120.96075583494866,127.41062763192642,154.57440555810263,-149.72387721728396,244.44948305165974,-124.74726996690663
122.60218745556554,130.44185763623324,151.87678587131148,-146.7266350740594,249.4453766065024,-140.56645235109713
123.93368008152126,133.22967401695934,148.90025304674498,-143.57859805754487,253.83889536277624,-155.87935062195967
124.92163854672434,135.75298696706315,145.62633430067294,-140.29245590959954,257.61424448188893,-170.63684776815037
125.54610915021001,138.00157755710703,142.0452531063538,-136.87499190964573,260.7586338796654,-184.7911588052492
125.80079550213637,139.97599668183702,138.155957185631,-133.3271207206663,263.2623487097182,-198.29584435011233
125.69263692710962,141.68710755640055,133.96585986603384,-129.64414350745182,265.11875771536495,-211.10582377472582
125.24095963074839,143.15528100503894,129.49030166464908,-125.81621950079983,266.32425235779436,-223.17739555821828
124.47622729240962,144.40926678185156,124.75175056856085,-121.82904371414229,266.87811355294434,-234.46827354588567
123.43843466983535,145.48477859772441,119.77877130493229,-117.66471044061532,266.78230771502945,-244.93764825560092
122.1752041497796,146.42284448067767,114.60480515444948,-113.30273213705657,266.04121919938905,-254.54628201885484
120.73965981018883,147.26798656100345,109.26681172182612,-108.72117408891671,264.66133165581994,-263.25664554046625
119.18816532867184,148.06630433869734,103.80383171390908,-103.89785761626747,262.65087569305484,-271.03310141596745
117.57801993989827,148.8635420459705,98.25553446636026,-98.81157923760878,260.01946407296,-277.84213734786516
115.96520978677594,149.70322314079672,92.6608151604296,-93.44329073260224,256.77773792822313,-283.65264842048487
114.40230991315158,150.6249328139722,87.0565040877187,-87.77718581205836,252.9370478884809,-288.4362640674535
112.93662467784094,151.66282255700452,81.47624395606128,-81.80164323402522,248.50919234280337,-292.1677115876606
111.6086418179056,152.84439958733208,75.9495814027818,-75.50998353739232,243.50623140298936,-294.8252045530231
110.45085845547541,154.18964889405297,70.5013062150361,-68.90100665750248,237.94038971625636,-296.3908415182681
109.48701709697377,155.71051780843314,65.15105712841259,-61.979289852057576,231.82405455370093,-296.85099836670275
108.73176746901615,157.41077352259944,59.913197542149895,-54.755238722244236,225.16986816723474,-296.1966966171658
108.19074738889755,159.2862242213689,54.796949191058765,-47.24489767955494,217.9909059423597,-294.4239301961894
107.86105432725662,161.32527582079553,49.80675786317576,-39.46953898724159,210.30092506768247,-291.5339345606808
107.73206032439953,163.50977998304035,44.94285362818002,-31.455060584651257,202.11466291839312,-287.533384546415
107.78650767211538,165.81611614459376,40.20195950108962,-23.231231540013567,193.44816059892594,-282.4345107227091
108.00181213495222,168.21644149296753,35.578097476097156,-14.83082966440918,184.31908541188253,-276.25512808010325
108.35149492278623,170.68003853503507,31.063439571816254,-6.288718321427858,174.74702650296592,-269.0185752402495
108.80666418178534,173.17469012160677,26.649153757799056,2.359091171741092,164.753740445761,-260.75356671164053
109.33747108377327,175.66801617650245,22.326199925756434,11.076348632810038,154.36332775358034,-251.49396469339274
109.91447396316059,178.12871427473425,18.08603875077027,19.827408476166838,143.60232676884732,-241.27848027124077
110.50985542198566,180.52765675660632,13.921225543766816,28.577977904584966,132.49971752714896,-230.15031634590855
111.09845079611553,182.83880926384845,9.825871164021812,37.29574860646845,121.08683444460605,-218.15676616168864
111.65856071154458,185.03994842812097,5.795961914286067,45.95089938009879,109.39719249601589,-205.3487818319351
112.17253458703627,187.11316898607566,1.8295393662689392,54.516465330606586,97.4662364930706,-191.78052684507466
112.6271249364107,189.04518203372882,-2.0732512911094574,62.968576559724056,85.33102682194765,-177.50892531036644
113.0136234796826,190.82741585318342,-5.9102298826310715,71.28657521591315,73.02987739086679,-162.5932188523221
113.32779891936039,192.45593835195328,-9.677348351189785,79.45302417925353,60.60196255107615,-147.09453980377654
113.5696625580007,193.93122547556635,-13.36893569430105,87.45362346445955,48.086909500076615,-131.07550690656754
113.74309173820504,195.25780301720815,-16.9779996465862,95.27705171628013,35.524391367419724,-114.59984732023578
113.85534258407112,196.44379025302862,-20.49656497372034,102.91475013117096,22.953734101613918,-97.73204654891848
113.91648306764971,197.5003731039647,-23.916030227935707,110.36066502740346,10.413547732092733,-80.53702606976054
113.93877546191791,198.44123246921424,-27.227527444948095,117.6109634012551,-2.058610121273814,-63.079847080493906
113.93603425908857,199.28195043020935,-30.42227216384788,124.66373345578333,-14.426533205178243,-45.42543792803484
113.92298210620478,200.03941361538105,-33.49189399755423,131.518679559011,-26.655625024796212,-27.63834243609199
113.9146226652845,200.73122952991935,-36.42874051223173,138.17681863097917,-38.713115411922644,-9.782486478796306
113.92564588853331,201.375168406492,-39.22614921079767,144.64018277497502,-50.568235225480706,8.07903932359374
113.96987825547947,201.98864035160545,-41.878683864991885,150.91153120150184,-62.192349791052536,25.884182080317885
114.05978818350187,202.5882153826263,-44.38233229226404,156.9940732296603,-73.55905182933016,43.572114554309515
114.20605512175189,203.1891924122545,-46.73466299289211,162.8912034179229,-84.64421436833982,61.083407735572166
114.41720969607832,203.80522229202978,-48.93493797711889,168.60624965053873,-95.42600362816032,78.36018625421562
114.6993515306761,204.447989550262,-50.98417879677632,174.14223521669427,-105.88485128058166,95.34626400173873
115.0559508112926,205.12695727069737,-52.885182455245044,179.501656459025,-116.00338499827947,111.98725680521802
115.48773902228581,205.84917943831266,-54.6424837173751,184.68627830037167,-125.76631598964525,128.2306688639918
115.99269333072252,206.61918479880032,-56.26226057904769,189.69695073098887,-135.1602824145869,144.02594997759954
116.56611758003402,207.4389356249099,-57.75218045298976,194.53344999800694,-144.17364830373413,159.32452140061324
117.20082062956565,208.30786358418112,-59.12118609781791,199.1943486414442,-152.79625891847144,174.07976945029728
117.88738975912545,209.2229830533612,-60.37922250340391,203.67691854902034,-161.01915539037356,188.24700772017331
118.61455308261941,210.17907970531837,-61.536908803920284,207.9770707775402,-168.83425389544954,201.78341082546768
119.36962053525593,211.16896908319228,-62.60516268357371,212.08933498471004,-176.23399740988233,214.64792489050723
120.13898828604542,212.1838163531135,-63.594788440976885,216.0068799627744,-183.2109910513832,226.80116231042098
120.90868675587978,213.21350476223878,-64.51604357874547,219.7215750544558,-189.75763487031645,238.20529047814006
121.66494823936287,214.2470368652037,-65.3782021208241,223.22409030620577,-195.86577041774464,248.82392594631804
122.39476691455803,215.27294969991465,-66.1891354430805,226.5040312584293,-201.5263591737474,258.62204667996843
123.08642223692434,216.27972317078292,-66.95493286129701,229.55010249334424,-206.72921168097082,267.56593546189623
123.72993673249775,217.25616026292192,-67.679584244554,232.3502926618576,-211.46278576332602,275.62316699874987
124.31744127967474,218.19171859846819,-68.36474530553221,234.8920728654025,-215.71407037462146,282.7626497669593
124.84342517147309,219.0767753562896,-69.0096028976081,237.16260009716643,-219.46856838893422,288.95473114365274
125.30485444823584,219.90281164820823,-69.61085272173364,239.14891799566743,-222.71038711838426,294.1713709874401
125.70114984001395,220.6625078479236,-70.16279558486505,240.8381483932915,-225.42243976540433,298.38638475758023
126.03402462038268,221.34974771395957,-70.65755118418814,242.21766892918643,-227.58675475000905,301.5757527569821
126.30719206008848,221.95953591902725,-71.08538086918108,243.27527414219227,-229.18488335802368,303.71798748334874
126.52596120431683,222.4878402027452,-71.43510357989689,243.99931971702168,-230.1983899479692,304.79454673256305
126.69674759808896,222.93137519631935,-71.69458280627421,244.37885165755677,-230.60940354972703,304.79027637446916
126.82653164253408,223.28734947391996,-71.85125753163884,244.40372385183792,-230.4012055536268,303.69386392954
126.92230092737714,223.55320013157632,-71.89268716169846,244.0647085702215,-229.55882568875663,301.4982824594462
126.99051381512933,223.72633991460157,-71.80707967146415,243.35360477408386,-228.06961784614742,298.2012039909568
127.03661966889672,223.8039405439353,-71.58377369323235,242.26334867440403,-225.9237885705251,293.8053627525788
127.06466660187839,223.78277257389868,-71.21364887145474,240.78812983315373,-223.11485410439968,288.31885083101616
127.07702090853769,223.65911718260142,-70.68944418117697,238.9235144000072,-219.64000644154686,281.7553322556378
127.07421403553354,223.42875923639187,-70.00597054523904,236.66657504415502,-215.50037452657725,274.13416571179835
127.05492380894225,223.08706435916113,-69.16021139195595,234.01602503419497,-210.70117303380283,265.4804307281122
127.0160874393157,222.62913618075487,-68.15131213717953,230.97235199823245,-205.2517375528401,255.82485691538184
126.95313532382265,222.05004400166524,-66.98046635417738,227.53794538981197,-199.16545100471717,245.20366030480386
126.86032748679051,221.3451062609579,-65.65071210710077,223.71721076163445,-192.45957128655056,233.65829473370758
126.73116910829413,220.51021175769944,-64.16665620250967,219.5166636987141,-185.15497417858126,221.23512932172466
126.55887824407336,219.54215871528373,-62.534146755998535,214.94499669124173,-177.27582825722044,207.98506521852656
126.33687758719614,218.4389914879546,-60.75991544444801,210.01311326013303,-168.84921988978607,193.9631059280545
126.05928281663321,217.2003158343554,-58.85121024119782,204.73412514489533,-159.9047464146977,179.22789565422232
125.7213624156391,215.82757595074435,-56.81543756021698,199.1233101403657,-150.4740945136358,163.8412393768897
125.31994740972081,214.3242795175929,-54.65982990147515,193.19803002456297,-140.5906188133977,147.8676169207606
124.85377380269836,212.69616048934628,-52.39115167088978,186.9776097606033,-130.28893321006313,131.37370132742373
124.32374511379575,210.95127288482877,-50.015452221555336,180.48318061745235,-119.60452459048491,114.42788960101291
123.73310692231608,209.10001210454905,-47.53787166741917,173.73749091976768,-108.57339581885185,97.09985158502013
123.087529379399,207.15506308070442,-44.96250192841589,166.76468874474676,-97.23174229753594,79.46010053397154
122.39509702878388,205.13127672157032,-42.292302964920694,159.59008103058818,-85.61566428036403,61.57958702701389
121.6662078901378,203.04547760966585,-39.5290723446213,152.2398732981614,-73.76091552300394,43.529316347071486
120.91338561434583,200.91620681081667,-36.6734651621434,144.7408936113248,-61.70268784006429,25.379988390142575
120.15100973539003,198.7634040844515,-33.72506082684731,137.1203036414959,-49.475430677527896,7.201658601057401
119.39496980974602,196.60803394506289,-30.682473209008464,129.40529890684743,-37.11270482137081,-10.936581659968171
118.66224979065078,194.47166013170477,-27.543500906350644,121.62279957852336,-24.64706972353045,-28.966906581810797
117.97044958586952,192.37597332111977,-24.305314755249398,113.79913282893426,-12.110004478584436,-46.823039779962464
117.33725163249177,190.34227757270224,-20.964679955111905,105.95970766228518,0.4681369440050922,-64.44052024580242
116.77984168400627,188.3909421761994,-17.51821010986606,98.12868360447756,13.058135189639394,-81.75694897779682
116.31429496553594,186.5408273762054,-13.96264996354624,90.32863558650601,25.63187860336992,-98.71221385818465
115.95494144341271,184.80869488019258,-10.295182517959262,82.58021883180342,38.162299120919876,-115.24868942281547
115.71372710123458,183.20861703686253,-6.513754537624536,74.9018394987795,50.62327104368558,-131.31140750976635
115.59959163210178,181.75140192199757,-2.617412217194129,67.30933912277814,62.98947420028004,-146.8481944738473
115.61788655544578,180.44405502164568,1.3933638600504281,59.81570337706497,75.23622494390061,-161.80977080704778
115.76986106383353,179.28930141006907,5.516338193252608,52.430808106984436,87.33928079616385,-176.14980966720563
116.05224544951598,178.28519487664522,9.747230747632571,45.16121771763224,99.27462714650335,-189.82495200828438
116.45696326835882,177.4248419270232,14.079477061438837,38.01005251672309,111.01825701175319,-202.79477770107005
116.97100299744676,176.69626854329812,18.504058398993855,30.976942227491797,122.54595716707851,-215.0217341588507
117.57647742152514,176.0824556623143,23.009422590347043,24.058082308719893,133.8331156695233,-226.47102641606196
118.25089404830277,175.5615652468743,27.58151498574577,17.24640772141607,144.85456661132605,-237.11047518040246
118.96765237739667,175.10737245373866,32.20393596331445,10.531895223151157,155.58448760980218,-246.91035188598266
119.6967739181923,174.68991080228102,36.858236545348,3.902000130897136,165.9963638946863,-255.843201990316
120.40585879485837,174.27632668846792,41.52435695562064,-2.657773102927891,176.06302983784698,-263.88366945245843
121.06124916812763,173.83192756241067,46.18120463308678,-9.163174922279829,185.75679446860602,-271.0083362940957
121.62936535102367,173.3213952951314,50.807358750883495,-15.630406217890098,195.04965216353918,-277.1955912137153
122.07816639477107,172.71012357449595,55.38187830063194,-22.075230935163944,203.91357366655603,-282.4255402948234
122.37867418298498,171.96562657517947,59.88518105994722,-28.512039359800674,212.3208663725581,-286.67997090311144
122.50648983112387,171.05895665580456,64.29995211532464,-34.95290250707675,220.2445869566808,-289.9423769769223
122.44322449439086,169.96606239512988,68.6120339138738,-41.40666286855057,227.6589845256213,-292.1980502450816
122.17776439694002,168.66901567114795,72.8112458291044,-47.87810901941857,234.53994903192057,-293.43423770353775
121.70729257098853,167.15703824040327,76.89208053726935,-54.367280834079565,240.86543813551893,-293.64036125751426
121.0379976273953,165.4272645917843,80.85422745110472,-60.86894810284395,246.61585625971077,-292.80829113401376
120.18541264499613,163.48518856321004,84.70288008418146,-67.37229826614231,251.77436230520522,-290.93266083693106
119.17434432169327,161.3447557811741,88.44879423421001,-73.86085914155846,256.32708717160443,-288.01120836664353
118.0383728543973,159.02808153139716,92.10807667819691,-80.31267053103994,260.263248499846,-284.04512640507505
116.81892528825506,156.5647930429158,95.70169880271519,-86.70070528753345,263.5751573347394,-279.0394033321583
115.56394779506293,153.9910150465933,99.25474519840022,-92.9935267530143,266.25811904956106,-273.00313734014446
114.32622395279832,151.34803647944779,102.79542259066943,-99.15615645750793,268.3102381773523,-265.949807487879
113.16140513896897,148.68071304900923,106.35386844095689,-105.15111454165933,269.7321431024966,-257.89748812553387
112.12583437459344,146.0356739368577,109.96081014251358,-110.9395863403691,270.52665134266516,-248.86899647607382
111.2742554411814,143.45941038094676,113.64613417563777,-116.48266253139587,270.698399027214,-238.8919669820298
110.65750431224531,140.99632875335044,117.43742938316639,-121.74259753381565,270.25345898996625,-227.99884999019258
110.32027978751918,138.68685093819457,121.35856949514806,-126.68403147511981,269.19897069151966,-216.2268361364536
110.29908499440381,136.5656405706787,125.42839730124186,-131.2751247969702,267.5428022150338,-203.61771112996792
110.62042178509458,134.66002559547815,129.65956684998613,-135.48856096755856,265.2932602452487,-190.21764830295237
111.29930693933244,132.98867645716138,134.05759137676432,-139.30238116751443,262.4588587546156,-176.07694814874924
112.33816358162439,131.5605860143381,138.620134104749,-142.70062446852006,259.0481516396114,-161.24973505735133
113.72612449679977,130.37438299456383,143.3365674659375,-145.67375715648498,255.06962931594467,-145.79362159512263
115.43876719041384,129.41799645986487,148.1878144748046,-148.2188847391509,250.53167476581896,-129.7693500545863
117.43828456379072,128.66867519324757,153.14647468791142,-150.33974920436899,245.44257109590222,-113.24041976629472
119.67408072186464,128.09335382150573,158.1772269874278,-152.04652179535051,239.81055053700004,-96.27270700017186
122.08376921912293,127.6493473146403,163.2374927448173,-153.35540765471768,233.64387407533013,-78.9340823885918
124.59454122335457,127.28534746808639,168.27833597128176,-154.28808305291392,226.9509314894728,-61.294028878453425
127.12486363410123,126.9426890764055,173.24557187814509,-154.87098861882745,219.74035329133542,-43.42326145027515
129.58646191138922,126.55684954698475,178.08105172794552,-155.13450323106213,212.02112865123337,-25.393348387394305
131.88653886537867,126.05914333055807,182.72408970813277,-155.1120233082511,203.80272647741623,-7.276332860545834
133.9301784449704,125.37857131842519,187.11299647937054,-154.83897151509973,195.09522003642434,10.855646905902752
135.62288212967985,124.4437847956028,191.18668368569513,-154.35175775005712,185.9094184586184,28.930740562160455
136.8731843984674,123.18512318963687,194.88630372645298,-153.68671404639525,176.25701081656658,46.877772723993616
137.59529254360808,121.53668433753253,198.15688919804967,-152.87902398585769,166.15072988926585,64.62663418617737
137.71169458372822,119.43838504855711,200.9489564213022,-151.9616665918512,155.60454300335687,82.10867569786807
137.15567714992417,116.83796825834733,203.22003728751352,-150.96439453555968,144.63387633552804,99.25710093242091
135.87369310244577,113.69291110498332,204.93610330693667,-149.9127668460074,133.25587673466106,116.00735334539148
133.8275165935172,109.97218603101354,206.07284536079587,-148.82725705616315,121.48971155697708,132.2974897208012
130.99612178978305,105.6578248971097,206.61677247211497,-147.72245864676097,109.35690239740215,148.06853154669938
127.37722108254242,100.74623457301993,206.56609322384077,-146.606410505678,96.88168325406761,163.26478412681666
122.98839997653934,95.24921211572915,205.9313446102279,-145.48006559976784,84.09136799121491,177.83411270268869
117.86778957752593,89.1946090418179,204.73573546180603,-144.3369258408045,71.01670646308716,191.72816497839983
112.0742242304666,82.62659790155898,203.0151754578162,-143.16286491690101,57.69220387583978,204.90253041188495
105.68684177574633,75.6055008155848,200.81796638654131,-141.93615840115467,44.1563744579903,217.31682850685513
98.80409725578329,68.20714912814657,198.204139882702,-140.62773656086776,30.451898810393985,228.9347210803895
91.54217761955404,60.521755935396754,195.24443537509669,-139.2016698942283,16.6256548533416,239.72384698594064
84.03282464338616,52.65229877804117,192.01892326970494,-137.61589055806124,2.7285953761619792,249.65568185193996
76.42059521778467,44.71242778255396,188.61529115214825,-135.8231446951427,-11.184549075097257,258.70532979013905
68.85961136669815,36.82393425453904,185.1268245220652,-133.77216153532106,-25.05575499516377,266.8512584139548
61.5098756609891,29.11383518304814,181.65012761326614,-131.40901547402277,-38.82438105576962,274.0749925283988
54.533249699553366,21.711149122180778,178.2826434208271,-128.6786476765968,-52.428024363478514,280.36078514733975
48.08921263863267,14.743457177447745,175.12004428178045,-125.52650474404716,-65.8035360890746,285.6952867279025
42.33053198571656,8.333358025833483,172.253574354339,-121.90024425911578,-78.88816251027905,290.0672344176125
37.39898884464397,2.5949368249121108,169.76743228273128,-117.75145123594628,-91.6207666750506,293.46718251622195
33.42130359322114,-2.36962648487102,167.73628552708192,-113.03730615500776,-103.94307744022328,295.88729321142137
30.50540506261396,-6.4731842954122385,166.22300679679512,-107.72214476013355,-115.8009074294335,297.3212030414073
28.737176581060183,-9.64636524051297,165.27671754008162,-101.77885230857342,-127.14528009784645,297.7639756881039
28.177796125084537,-11.83982893690574,164.93121361235853,-95.19004044724863,-137.93340887680228,297.2121459533839
28.86176612395391,-13.025943740140058,165.2038344965612,-87.94896304693081,-148.1294782174573,295.6638535491919
30.795702413462656,-13.199822311706647,166.09482050543954,-80.0601376456982,-157.70518680383952,293.1190591254065
33.957922949824614,-12.379675525029135,167.58718323416085,-71.53965094065667,-166.6400264719807,289.5798292568234
38.29884685099173,-10.606472526531597,169.64709429141226,-62.41513921920669,-174.9212854043123,285.0506723614543
43.74218482462362,-7.942921979079209,172.22477722357561,-52.72544690706508,-182.54377976716123,279.53890409026235
50.186874633944086,-4.471815085328977,175.2558687194264,-42.519977758226574,-189.5093328948716,273.05501885872087
57.50969125381151,-0.2937935601115669,178.66319865391043,-31.857762989645764,-195.82603426312824,265.6130439890731
65.56844173628569,4.4753757497307305,182.35892507677687,-20.80627843928724,-201.5073209072285,257.23085436004527
74.20564008705774,9.707924071246651,186.24695036199375,-9.440048405639025,-206.57093098581336,247.93042834428053
83.25254778400199,15.267497330671802,190.22553858028584,2.160922743735213,-211.03778255763442,237.7380298674402
92.53346069742602,21.012757716914678,194.1900516126477,13.912848566106849,-214.9308303591369,226.68430628251403
101.87012254023696,26.80106195564244,198.0357222058928,25.729945435909645,-218.2739497854401,214.80429701370994
111.08614781838699,32.492111930444764,201.6603855176557,37.526262508086134,-221.09089097877316,202.13735318022
120.0113427047894,37.95147990962012,204.9670960454395,49.21751623069043,-223.40433767915377,188.7269732884372
128.4858194780915,43.05391914248919,207.86656351155563,60.722890164371464,-225.23509613683802,174.6205642703337
136.36380842221845,47.68638018219903,210.27934868453667,71.966761797375,-226.60142976569108,159.86914041380186
143.51707983629052,51.750663337256384,212.13776779494617,82.88031848347418,-227.5185460940732,144.52697493398773
149.83789775776737,55.16564772926789,213.3874618625218,93.4030246316793,-227.99823457413777,128.6512200164778
155.24143610381722,57.869047350550105,213.9885947939509,103.48390208824986,-228.04864740137782,112.30151114619947
159.66759736553496,59.81865430597958,213.91665161361885,113.0825856835986,-227.67421094970948,95.5395705087974
163.08218410579332,60.99303930515519,213.16281586956126,122.170116691362,-226.8756528378763,78.4288223536957
165.4773847817764,61.39168978038913,211.7339134132052,130.72943903329212,-225.650128939562,61.03403061534857
166.87154832798757,61.03457712363783,209.65191870117184,138.75556700511208,-223.99143561979594,43.420965998901586
167.30823691430967,59.96115680131072,206.95302977358165,146.25539953896288,-221.8902947977175,25.65610635846085
166.8545635935809,58.22881873791579,203.6863292676224,153.2471648335212,-219.33470268915886,7.806370744095438
165.59884118865108,55.910820383299665,199.91206119154867,159.75949062530128,-216.31033680289113,-10.061115819306284
163.64759044868245,53.09375107351855,195.69956645842302,165.83010923146077,-212.8010194527642,-27.879232724813352
161.1219785975717,49.87459316965392,191.12493387206877,171.50422227137085,-208.78923920222303,-45.581057674694776
158.15378293006,46.357462249654475,186.26843665606953,176.83256690122508,-204.25673380230702,-63.100054097752945
154.8809968046146,42.6501243404696,181.21183682124916,181.86924246255458,-199.18513890239967,-80.37026294579726
151.44321572737118,38.86040165244992,176.03564966025465,186.66937246200462,-193.55670578309352,-97.32650956019839
147.97695759411852,35.092588293396844,170.81646739670597,191.28669048561034,-187.35508839386677,-113.9046350912304
144.61108196170431,31.44400283234856,165.6244435418282,195.7711487423837,-180.56619505645912,-130.04175970984983
141.46247705263087,28.00180438158189,160.5210370653619,200.16665330245718,-173.1790935010618,-145.6765816677991
138.63217901166226,24.840192419347716,155.55710762363523,204.50902987509434,-165.1869498400291,-160.7497123212473
136.20207519240353,22.01809766618581,150.77143976094953,208.82431765749777,-156.5879732771315,-175.20404281049287
134.23232203634626,19.57745223999227,146.189755623113,213.12747631943802,-147.38632962039065,-188.98513353769758
132.75957917543533,17.54210286479227,141.82425317328565,217.42157300416918,-137.592978979033,-202.04161331742574
131.79612616750572,15.917402408324108,137.67368148438095,221.69749324171892,-127.22638741152092,-214.32557152679485
131.32988877251563,14.690484194599946,133.72393803551273,225.93419323746645,-116.31305974525922,-225.79292416978606
131.32536033976606,13.831192366047716,129.9491468937407,230.09948279912936,-104.88784214705316,-236.40373384458408
131.72536337205824,13.293612130093948,126.31315307644559,234.15130007422778,-92.99394884881569,-246.1224644021996
132.45355931825128,13.018117984683329,122.77134897504668,238.03941319582148,-80.68267790563453,-254.91815369518332
133.4175835176185,12.933837648989396,119.27273487247882,241.70746165276626,-68.0127957065578,-262.76449214606544
134.51265889198012,12.961415648976825,115.7621082479436,245.09523320515615,-55.04958840813605,-269.63980064031296
135.62552771255304,13.01595397878529,112.18227613446285,248.14106154605392,-41.86359929028924,-275.52690802204495
136.63853605470626,13.010008022337146,108.47619110451899,250.7842262753399,-28.529092639580142,-280.4129356635598
137.43371010657648,12.856523422737936,104.58892378400257,252.96724019518498,-15.12230530440619,-284.2890035348827
137.89667629858582,12.471612757169936,100.46940194080159,254.63791905479533,-1.7195646420177475,-287.149878251253
137.92029665021045,11.777088243498667,96.07186661544364,255.75114481529673,11.604635561218078,-288.99358812351056
137.40791474742713,10.70268656368249,91.35701770422452,256.2702540636622,24.779502868362908,-289.821032810643
136.27613412288892,9.187942461112328,86.2928430655006,256.16800690944166,37.73965958999332,-289.6356154960449
134.4570772813341,7.183687373042076,80.85514489116662,255.42711693478157,50.426611207994604,-288.44292352209754
131.90009819055788,4.653166556229436,75.02779329406958,254.04034788532664,62.78989350904162,-286.2504792943629
128.57294214037506,1.5727818726245317,68.80274867576819,252.01020620285843,74.78784208316469,-283.0675773904379
124.46236338512948,-2.0675230226333667,62.17990074653441,249.34827878610062,86.3879518637263,-278.9052167291334
119.57422245972428,-6.264213076701125,55.166772829621436,246.07428134153474,97.5668204377368,-273.7761290267813
113.93309164283565,-11.00042453230698,47.77813553999101,242.21489347697704,108.30969476152434,-267.6948972734608
107.58139945554434,-16.24651862605279,40.03556480085564,237.80246178189321,118.6096645656587,-260.6781512443767
100.57814452769925,-21.96090916224479,31.96696659029385,232.8736514070226,128.46656529412408,-252.7448216539254
92.99720717125277,-28.09115182074345,23.60607628033094,227.46812038292094,137.88566751904781,-243.91643083828515
84.92528526193806,-34.57528740435704,14.991925662848658,221.62727977573505,146.87623759452381,-234.21739600788476
76.45948120378354,-41.34343350066455,6.168257569295029,215.39318779660698,155.4500556643048,-223.6753211444405
67.70457025391008,-48.31961797413651,-2.817141855199445,208.80760847711673,163.61997240994856,-212.32125535587264
58.76998831284593,-55.423842404734415,-11.91322813382856,201.91124701900182,171.39857601292766,-200.18989863487386
49.766589852933976,-62.57435360925459,-21.06663455958364,194.74315604019134,178.79702697336378,-187.31974008927475
40.80324368896365,-69.69008685680302,-30.22278560899575,187.34029126495815,185.82410216322575,-173.75311838101035
31.98335477786261,-76.69322608556442,-39.32719961361339,179.73718318776437,192.48547233167469,-159.5361988916237
23.401422440144174,-83.51180573940509,-48.32697257278495,171.965684049162,198.78322067016987,-144.71886664620664
15.139766981035315,-90.08225772903114,-57.1724105961859,164.054747884125,204.7155952160327,-129.35453798157224
7.265574868680639,-96.3517878755712,-65.81875187118445,156.03020574779376,210.27697575685787,-113.49989714971944
-0.17157558619515711,-102.28045164803069,-74.2278929108774,147.91450825827334,215.45802708104267,-97.21456642597026
-7.141543606195492,-107.8427916918814,-82.37001112042198,139.72642251627383,220.2460051352187,-80.5607198649125
-13.634655207970711,-113.02890191771871,-90.22495944511215,131.48068890214105,224.62518080228537,-63.60265171983521
-19.661799963196586,-117.84479656456253,-97.78330181589507,123.1876633463609,228.57734722921634,-46.406310870876496
-25.253499878597474,-122.31198862089933,-105.04686251600374,114.85299016613801,232.0823803224659,-29.038812573562545
-30.457905657749098,-126.46622015929654,-112.02867983269935,106.47736698351287,235.1188274603518,-11.567938613993103
-35.337737887956365,-130.35533617602022,-118.75228469869165,98.0564741132878,237.66450584951085,5.938363326181358
-39.966261154204545,-134.03635080675113,-125.25026744715018,89.58114391521195,239.69709848362805,23.412470558317747
-44.42245292620962,-137.57181648734723,-131.5621479180766,81.03783927181746,241.1947416204198,40.78755623789506
-48.785600441958344,-141.02566791741862,-137.73162227273417,72.40949373312309,242.13660246773463,57.99803017982554
-53.12962124113371,-144.45876807994742,-143.8033192074064,63.676739179319064,242.50344890801142,74.97994010686398
-57.517449939902974,-147.92442739903913,-149.81925327390255,54.81951153315948,242.2782143196853,91.67132460485907
-61.99585933220398,-151.4641940758056,-155.81520792147893,45.81898380665701,241.44655979512237,108.01251036769409
-66.59108328235968,-155.10421939519208,-161.81731021479746,36.65973243512724,239.99743341985496,123.94634825841855
-71.30557940008978,-158.85248355818044,-167.8390684613281,27.33200212945832,237.92362205837736,139.41838534638282
-76.116210872127,-162.69712460800588,-173.8791302756964,17.833901451775418,235.22228573350424,154.3769733520624
-80.97404153737259,-166.6060468734663,-179.91998106566444,8.17334088020163,231.8954587570295,168.77331766390282
-85.80583160370571,-170.52790005880942,-185.92774307850536,-1.6304786899746535,227.95049591923748,182.56147498199795
-90.51720109633168,-174.39442191120347,-191.85315698163748,-11.546203717959102,223.40043696165904,195.69831128671217
-94.99730389135408,-178.1240342918013,-197.63373767506755,-21.530233738916287,218.26425891907348,208.14343476428996
-99.12473774027981,-181.62648348719222,-203.19700155354695,-31.527483779689454,212.56698434142592,219.85912009264325
-102.77431569425882,-184.80822985427824,-208.4645725830153,-41.47302549438992,206.3396144022628,230.81024072751498
-105.82425124961102,-187.5782276303911,-213.35689812452125,-51.29455465927423,199.618859815962,240.96422431575667
-108.16327053520078,-189.85369934997476,-217.7982501749979,-60.915558100826274,192.44664946395275,250.2910430957789
-109.69716398399592,-191.56550454684296,-221.72165935270698,-70.2589863625644,184.86940656628434,258.76324636492325
-110.35432755918362,-192.66272992251544,-225.07343056811857,-79.2511869000292,176.93709475068601,266.35603627571163
-110.08991638568095,-193.11618532141176,-227.8169207896467,-87.82582227559325,168.70205080312576,273.047382033468
-108.88833484732307,-192.92057111002345,-229.93531739111734,-95.92749232901909,160.21763629763709,278.81816177877204
-106.76390753337955,-192.0951800459745,-231.43323424716962,-103.51479942258216,151.53675553993875,283.652316820851
-103.7597040319404,-190.68310122295003,-232.33703400037152,-110.56263945774309,142.7103010141184,287.53700009564125
-99.94461637786657,-188.74899570885378,-232.6938797135465,-117.06356365029518,133.78559845408537,290.4627001851605
-95.40890082086094,-186.3756044155567,-232.56960847491558,-123.02813027175097,124.80493053128458,292.4233240856105
-90.25848730891728,-183.6592216845675,-232.0455956005244,-128.48424389493331,115.80421996158356,293.41622595361525
-84.60842518289682,-180.70441860760667,-231.21483500961352,-133.47555426057562,106.81194897347123,293.44217478823776
-78.57586952085992,-177.61832649795198,-230.1774957727464,-138.05905077568536,97.84838242293094,292.5052606768131
-72.27301968413514,-174.5047940630356,-229.03622605861204,-142.3020366268548,88.92514681310757,290.61274596947584
-65.80040261010821,-171.4587147222809,-227.89146550759193,-146.2786954758106,80.0451980520994,287.77487367126486
-59.24085263966529,-168.5607876265713,-226.83699916515576,-150.06647293781072,71.2031884088472,284.0046496958963
-52.654482371297156,-165.87293233980893,-225.95594547902488,-153.74248588042937,62.386219595724334,279.31761788507714
-46.07487048094553,-163.4345277221645,-225.3173229063913,-157.38014804988728,53.57494616638596,273.73164663225714
-39.50661740304702,-161.25959435874626,-224.97328949644353,-161.0461647416568,44.74497336727579,267.26674364934456
-32.924342165065646,-159.3349897324167,-224.95710162678793,-164.79800672647116,35.868477862533254,259.9449112607676
-26.27311657979405,-157.61963776227296,-225.2817948519742,-168.6819288215995,26.915969573164183,251.79004920774733
-19.47025889101689,-156.04476974580763,-225.93955319366586,-172.73155516475202,17.858108883867494,242.82790603349065
-12.408340114840374,-154.51511195064865,-226.90170358635027,-176.96701433807922,8.667495716253622,233.0860744573369
-4.959195287517382,-152.91091588424285,-228.11924914608545,-181.39457497139614,-0.6796451052478503,222.59402141532567
3.0213181350034866,-151.09069103255726,-229.5238376047604,-186.00670739415162,-10.201945215585944,211.38314016956627
11.68810730200709,-148.89446815139615,-231.0290488920109,-190.78247964648568,-19.911588067552948,199.48681037830082
21.20148393137791,-146.14739699178403,-232.53187823022856,-195.68818655423627,-29.813248229151327,186.9404523480041
31.721954945541462,-142.66346997612825,-233.91428885781238,-200.6781082296549,-39.90328731701239,173.78156370762764
43.40542302123333,-138.2491680284025,-235.04471318841024,-205.6952988485182,-50.16920361524153,160.0497301137913
56.39898714171075,-132.7068517053782,-235.77939524252872,-210.67231753995435,-60.589319631119864,145.78660583786444
70.83743483210932,-125.83777394382564,-235.96349336325738,-215.531830510421,-71.13268278798397,131.03586465159123
86.84039600541882,-117.44467142452777,-235.43190312809526,-220.1870369947657,-81.75914964662346,115.84312575511522
104.50999437290776,-107.33399696941922,-234.0098174960286,-224.54190111293406,-92.41962356776591,100.25586306365959
123.92870249644967,-95.31797755450286,-231.51311406753686,-228.49120676478245,-103.05641928700678,84.32330856326294
145.1570012951709,-81.2168077770566,-227.7487444563166,-231.92049234265124,-113.60373484550657,68.09636136438266
168.2303867781462,-64.8613980374931,-222.5153911674751,-234.70596452139506,-123.98822081122077,51.62751337686112
193.15527752254886,-46.09716764491229,-215.6047422271255,-236.7145329441913,-134.1296476404724,34.9708002107415
219.9034725357502,-24.789381919898062,-206.80379887621723,-237.80414640719044,-143.94168313865688,18.18178214130008
248.40499802366944,-0.8304583609580849,-195.89866045037257,-237.82464126193696,-153.33280198687885,1.317555076336646
278.5394576638446,25.850503452301453,-182.6802064053143,-236.61932852968403,-162.20735691863803,-15.563214134402386
310.12634320628706,55.27598211440306,-166.95200410737797,-234.02754171385513,-170.46684514936172,-32.40023947272002
342.91513366736996,87.40645190358617,-148.54060399146653,-229.88833703973324,-178.01140304078552,-49.131571378225395
376.57636152617937,122.12573176786444,-127.30814141093326,-224.04547779869952,-184.7415559435743,-65.69357732736475
410.69509435472605,159.22645395929638,-103.16685890163687,-216.35374305063235,-190.5602382917529,-82.02097122960326
444.76841104318044,198.3972016622583,-76.09481843945278,-206.6864800374892,-195.3750813742772,-98.04691625245968
478.2083934644219,239.21310831394595,-46.15172765023572,-194.94417542541893,-199.1009433886447,-113.70322411930454
510.35187682522115,281.13177594901543,-13.493503305131739,-181.0636636489782,-201.66262960465372,-128.92066993983642
540.4777029674542,323.4962099356249,21.616009540898347,-165.0274362088385,-202.99772156537833,-143.62943536102185
567.8315317420764,365.54606239313335,58.79780605248582,-146.8723820737037,-203.0594056158838,-157.75968463147393
591.6574510840775,406.43783901142274,97.5565028404585,-126.69719612549977,-201.8191654863719,-171.24226864229783
611.2347793635165,445.2739029526987,137.28634149493018,-104.66765864196148,-199.2691841761312,-184.00954191105382
625.9176835662461,481.1391878873153,177.2851189219928,-81.01902907316331,-195.42428991470177,-195.99626769402715
635.1746547797856,513.143617981902,216.77608997950807,-56.054920107129135,-190.3232820266739,-207.14057785469728
638.6245831856374,540.4674448040038,254.93713712774922,-30.142222491402933,-184.0294868444635,-217.38494762432003
636.0662208373233,562.406162136115,290.9357416880352,-3.701926171423594,-176.6304220741802,-226.67714164195183
627.4982300966919,578.411437666784,323.9676142699798,22.80399243226543,-168.2364895946519,-234.97108709213086
613.1277571052018,588.1246538704634,353.2963373953338,48.889103946535045,-158.97866952056756,-242.2276325068433
593.3664643609238,591.4001783816841,378.2911140501868,74.06164086684066,-149.00524909089535,-248.41515668323115
568.8140890512467,588.3163351509999,398.45974602155115,97.84508156333922,-138.4776840197399,-253.51000070629942
540.2307290970257,579.1731255283548,413.4742931645742,119.79890590950299,-127.56575208161826,-257.49670652217105
508.50006190623776,564.4769263905557,423.187458192646,139.53815155530276,-116.44221336665927,-260.368056979259
474.586456571969,544.9135318053711,427.6385352406853,156.75045106836654,-105.2772336423847,-262.1249237706992
439.48936967939426,521.311875153911,427.0486628230237,171.20940409944782,-94.23285232811253,-262.77594033647694
404.19848480585773,494.6014664682284,421.806029148534,182.783418913658,-83.4577818844967,-262.337025715398
369.6527808662182,465.76694137422544,412.4424889789432,191.4395149960236,-73.08280989225983,-260.83079197877316
336.7061517085304,435.8031262345183,399.60368180908046,197.24197516286387,-63.217039639589615,-258.2858718823682
306.1014366911589,405.6737067963643,384.01513383301705,200.34613015578947,-53.94515244346661,-254.73620465297756
278.4538630132473,376.2760100163019,366.44695673454453,200.9879112657747,-45.32580958678042,-250.2203165295393
254.24404890495157,348.41366041834215,347.6796341118145,199.47008404707506,-37.391239186368324,-244.7806291433946
233.81996204127506,322.7780526503235,328.47304958961115,196.146256027352,-30.147979586528322,-238.46282351045673
217.4066354114618,299.9387853941351,309.54041836260353,191.4038234204234,-23.578681972538163,-231.31528083931937
205.1220500104374,280.3425065851523,291.5282054787289,185.64698880685484,-17.64481609552442,-223.3886140483511
196.99740756093854,264.3190801092517,275.0025191434867,179.28085727429453,-12.29007837625521,-214.73529629327868
193.00001914990253,252.09362687016386,260.4419164820024,172.69742451252458,-7.444273766828601,-205.40938531396185
193.05719059687604,243.8028196962028,248.23609832801787,166.26403330283807,-3.0274324841359004,-195.4663353009273
197.0797450820121,239.51380206206633,238.68962639871083,160.31462199907395,1.0460706401799058,-184.96288145827543
204.98413719719474,239.24422028079306,232.02958012353344,155.14384474613883,4.863605043211393,-173.95697663149443
216.71243217278533,242.98206509731577,228.41597501536802,151.0039281591169,8.510759384811891,-162.5077543663104
232.24970883169294,250.70426758561092,227.95377150341014,148.10395650544203,12.068339581753868,-150.67548864510638
251.6386636760911,262.3932458963782,230.70538711463118,146.61115396491442,15.609982271111186,-138.52151740121118
274.9913254941524,278.05082117060516,236.70275780209943,146.6536591127586,19.20043132821874,-126.10809486614666
302.49782376879904,297.7090897309569,245.9581495721124,148.32425940849896,22.8944835081886,-113.49813704322598
334.4320874607351,321.4379415292115,258.4730773647317,151.68456500944149,26.736573352225562,-100.75482537003215
371.1541887543729,349.348948753505,274.2448288288786,156.76914295369608,30.76093877191447,-87.94103624854942
413.10880210143006,381.5953198104995,293.2702079564498,163.58919590426206,34.99228785759388,-75.1185689623129
460.8189438370885,418.3675375777436,315.54620660117587,172.13544651875554,39.446874273663234,-62.347151981942446
514.8738234282755,459.8841999357452,341.06738652593174,182.37997320218517,44.13388223072016,-49.68321820300321
575.9093181621499,506.3774857718025,369.81982220555255,194.27683166309572,49.057021082587866,-37.17845362213124
644.5793374482306,558.0726183746226,401.7715306339246,207.76138740146854,54.21623242271846,-24.8781415527678
721.5162447825395,615.160733316899,436.8594164824337,222.74837654658023,59.60941743614495,-12.819345670049348
807.2786418689379,677.7647252071204,474.9729066385629,239.12880663179837,65.23409766650792,-1.0289995308488926
902.2852843004603,745.8979909563466,515.9346520712604,256.765905163875,71.08892714156633,10.47800320058618
1006.7347804328517,819.416541784907,559.4789458058527,275.4904215027306,77.17497739395735,21.700596353119614
1120.5120905659599,897.9657399066867,605.2288429059879,295.09568418638196,83.49671944195305,32.653059597932916
1243.0847120490184,980.9239184169862,652.6733585462865,315.3329066961031,90.0626291318037,43.36609947141031
1373.3937548987449,1067.3463153028056,701.1465351529657,335.90731248605186,96.8853459677637,53.887312176319725
1509.747732548257,1155.9139981272774,749.810564468635,356.475705226375,103.98132279218086,64.28084650891992
1649.7295505381649,1244.8936270268368,797.6454651962678,376.64613120749675,111.3699168086272,74.62610035519424
1790.1294948936538,1332.1148055642075,843.447980180264,395.98025573812004,119.07189369913405,85.01531828023838
1926.9185314901868,1414.9721753915094,885.8422935683989,413.9989932628797,127.10734755833798,95.55001261472306
2055.2764149252343,1490.4590909661827,923.3048096823029,430.19178410448484,135.49308046169537,106.3362059379248
2169.6874926998944,1555.2384684186766,954.2045333866589,444.02969681413754,144.2395354579746,117.47858620282932
2264.1133360038607,1605.754122134634,976.8595332797779,454.98225904481626,153.3474324162588,129.07377124235936
2332.245334195102,1638.382594396274,989.6085882173348,462.5375953614336,162.80431223668455,141.20298840683677
2367.8323971331597,1649.6213217994432,990.8955044386786,466.22510040732305,172.5812445151907,153.92457653013565
2365.0695537524484,1636.3043215821015,979.3618912202875,465.6395316637432,182.62998889019892,167.26679876175868
2319.02354038062,1595.8319428712243,953.9425911566962,460.46510499339195,192.88091310066545,181.22150348375482
2226.0627630758886,1526.39725184564,913.956698014335,450.4979577863558,203.2419547187414,195.73917577044034
2084.252751763484,1427.1889807366258,859.1863800985886,435.6652456184702,213.59886477333703,210.72587647724112
1893.675755798497,1298.550269983346,789.9357429216273,416.039187422209,223.8168901171055,226.04246812557224
1656.6354521822932,1142.0740822689354,707.0628221017682,391.8445862844265,233.7439420477467,241.50638063028305
1377.7152355453318,960.6202856369564,611.9795049487476,363.4587255690777,243.21517061046742,256.8959864454645
1063.6708519326023,758.2457523622642,506.6166287505981,331.40305095812806,252.05873024742053,271.9574504631324
723.1540396813132,540.0467980327118,393.3544716055493,296.32665710203764,260.1023983932534,286.4137155421687
366.28147141313264,311.9219831267127,274.9220206148317,258.98224637767214,267.1806098266733,299.97510186696445
4.080339207137143,80.27162503587617,154.2714021852394,220.1958510958736,273.14140953709193,312.3508579217841
-352.1439901510664,-148.34278819174637,34.43631953226816,180.83214262731278,277.8528147202265,323.2609188077329
-691.4637462445579,-367.55167744060213,-81.61505142745668,141.75753228084375,281.20811555128955,332.44711328739135
-1003.9507274485403,-571.5139801864758,-191.12171384994565,103.80345616624211,283.1297312723988,339.68311559075323
-1281.2112888664428,-755.2102058171982,-291.65564589814727,67.73220843864726,283.57136328400145,344.78255468738405
-1516.791348873199,-914.6697147923169,-381.2229803744925,34.20744797886374,282.518335851504,347.6048583002631
-1706.4232418682911,-1047.1171358745207,-458.3342856293287,3.771080883612001,279.98617044718736,348.0586022465244
-1848.1035615700703,-1151.0312681966886,-522.0406591511125,-23.172336302263346,276.0175841030983,346.1023363139395
-1942.0085529323721,-1226.118425077111,-571.9354845603366,-46.36315775855678,270.67822012349257,341.74304506899966
-1990.2688762085238,-1273.2098977192118,-608.1246222218215,-65.686294659429,264.0514999837584,335.03255829154057
-1996.6369351862102,-1294.0991921363957,-631.1701946015146,-81.16364479186367,256.233022560522,326.06233890799774
-1966.0864110696111,-1291.338384617701,-642.0147761274393,-92.94047127704178,247.32493108257316,314.95714031161583
-1904.3849589688239,-1268.0141787172386,-641.8936051098019,-101.2672183729961,237.43062462596407,301.86803996223057
-1817.677730824858,-1227.523205981777,-632.2424190190029,-106.47841356414128,226.6501187538144,286.9653276221716
-1712.1125693791957,-1173.3632433018056,-614.607788954517,-108.97030887964516,215.0762703781589,270.43166383442093
-1593.5287631338024,-1108.9529394854997,-590.56557778509,-109.17878053473197,202.79198687323841,252.45583871035737
-1467.2216014780447,-1037.4880218422009,-561.6515858038752,-107.55876623719894,189.868449511507,233.2273645614726
-1337.7858888059948,-961.8374075512193,-529.3067934710417,-104.5662117998487,176.3643047103667,212.9320390894396
-1209.0340087715408,-884.4786631540943,-494.8380496329353,-100.64316183158792,162.32571867480112,191.74852733769984
-1083.9786239108162,-807.4691573287748,-459.3937248146212,-96.20629823694514,147.78715399613873,169.84593635510967
-964.8668155139084,-732.4471787588709,-423.9528366332561,-91.63893294456062,132.77271001954142,147.3822997544843
-853.2512584016504,-660.6562278381994,-389.3254879060447,-87.28621678566802,117.29786953986401,124.50385085022438
-750.0845095654895,-592.9855064581675,-356.1621220021334,-83.45314472286718,101.37150843128045,101.34494168781305
-655.8241801554723,-530.0201217629192,-324.96904605739724,-80.4048204814881,84.99804733385011,78.02845858490002
-570.5391519570379,-472.09545884283426,-296.1278337527366,-78.3683864271837,68.17965074181282,54.66658964231159
-494.0096423971525,-419.35134521240167,-269.9165225621688,-77.53601834714212,50.918404582665,31.36181273445672
-425.8164649654399,-371.78284268668284,-246.5308973024851,-78.06841858788985,33.21842539279825,8.207990652258925
-365.4170383701684,-329.285623630723,-226.10454549190663,-80.09830349911067,15.08787033212731,-14.708519283420078
-312.2074414206137,-291.6948324143066,-208.72673852996712,-83.7334622290596,-3.459173500542782,-37.30781273782778
-265.5710564680924,-258.8170585809593,-194.45750995314626,-89.05905556833096,-22.400939697862906,-59.51549453429045
-224.91512332187898,-230.4555513674626,-183.3395564320901,-96.13892009261819,-41.70639614559741,-81.26187685137876
-189.696909517221,-206.4291070807755,-175.40677912454993,-105.01574091730151,-61.33385294087968,-102.4813370458782
-159.4412818082559,-186.5851982427053,-170.68942160855246,-115.71005430922,-81.22980683531594,-123.11183947753713
-133.75133000608974,-170.8079301997329,-169.21586051713498,-128.21813857874918,-101.32807556030664,-143.094614980557
-112.313431554555,-159.02135175568986,-171.0111832790061,-142.5089476310039,-121.54928450985318,-162.37398322891286
-94.8978235946822,-151.18855275840036,-176.09276096322458,-158.52033513929356,-141.80077315885703,-180.89729697804307
-81.35542371395167,-147.3068892623726,-184.46310762924287,-176.1549059830801,-161.97698741951655,-198.6149828398094
-71.61135212557943,-147.39961480630484,-196.10042100243737,-195.27591099799318,-181.96041551919643,-215.4806506963468
-65.65538585760976,-151.50418579855386,-210.9473271458593,-215.70366491043683,-201.62310821094158,-231.45124294998416
-63.52943915261522,-159.65756314801115,-228.89850162998079,-237.21300764637513,-220.82879928079313,-246.487195433695
-65.31212499387149,-171.87895545675153,-249.7880016540468,-259.5323372318221,-239.4356103386445,-260.5525838709635
-71.10051411731462,-188.15063611654895,-273.37730054854075,-282.344709794289,-257.29928659877254,-273.61523316383244
-80.98936561038511,-208.39770222617952,-299.34514484044325,-305.2914221268759,-274.27687041099773,-285.6467713596079
-95.04834378721839,-232.4679019140176,-327.2804273448605,-327.97836178098623,-290.2306799788832,-296.62261570798137
-113.29803602695131,-260.1129037353113,-356.6792595689641,-349.98523063549817,-305.0324256708874,-306.52188451829875
-135.68591193989997,-290.97257576153385,-386.94730854818704,-370.87752844386307,-318.56726931254565,-315.32723524461795
-162.0636725813646,-324.5639383460368,-417.4082207639886,-390.220937677249,-330.73761621526455,-323.0246359859527
-192.16768001927636,-360.2764115825461,-447.3185855708709,-407.597500830887,-341.4664280713078,-329.60308396367094
-225.6042813499624,-397.3747638469535,-475.889405744045,-422.6227515005927,-350.69985873117423,-335.0542900737118
-261.8418012944178,-435.0107656795972,-502.313475012927,-434.9627781006184,-358.40904439925697,-339.3723528575577
-300.21074068582163,-472.2439704121342,-525.7974612355521,-444.3500897012137,-364.59092353879134,-342.55344778497096
-339.9132719125706,-508.0713127045699,-545.5969226643241,-450.5971374871768,-369.2680168909774,-344.59555827258066
-380.0424808552506,-541.464398800517,-561.0520141609131,-453.60643440826505,-372.48716035042196,-345.4982731865942
-419.61101198905334,-571.4125410076468,-571.6213386778351,-453.3764099583399,-374.317247989116,-345.26267167904956
-457.58790157019854,-596.9688611305179,-576.911322605565,-450.0024243203046,-374.8461039057422,-343.8913102689159
-492.9415278643953,-617.296252566868,-576.6986747782065,-443.6727219143281,-374.1766546201992,-341.3883194944716
-524.6858730206119,-631.7097347521692,-570.9439308122592,-434.6594945734506,-372.42261401639286,-337.7596088166322
-551.9267807651293,-639.7118150980077,-559.7947558915671,-423.30560934545485,-369.7039171719996,-333.01316947810227
-573.9046904060953,-641.0179113464006,-543.5785166328144,-410.0078948497695,-366.14214616789263,-327.159456535365
-590.030479382282,-635.5696538677464,-522.7845473820181,-395.19813746592945,-361.8561801973191,-320.2118240895913
-599.9115579016772,-623.5349094676774,-498.0374253981107,-379.32308811562905,-356.9582756748837,-312.1869825608867
-603.3661858011905,-605.2945344338925,-470.0633304767215,-362.8248086218253,-351.5507426292927,-303.10544420580146
-600.4250347603472,-581.4170403449544,-439.6521104321773,-346.12259459686345,-345.72333548184673,-292.9919232473461
-591.320176425572,-552.6234030200993,-407.6179450916067,-329.5975143884564,-339.5514238946407,-281.87565995924086
-576.4628010190889,-519.7450406440428,-374.76147480307515,-313.5803269963818,-333.09495725104273,-269.79064352371864
-556.4119282277394,-483.6784435499837,-341.83595034694974,-298.34321961650323,-326.3981885907527,-256.7757159173177
-531.8370533408637,-445.34001407331357,-309.51942012927776,-284.0954737229656,-319.4900837426403,-242.8745477427833
-503.47800727438937,-405.6243804221107,-278.3942744799938,-270.98286136797003,-312.3853112282866,-228.13548599577524
-472.1052785340734,-365.36884163368524,-248.93470651522205,-259.0903184993616,-305.08568937303187,-212.61128241448515
-438.4836771246554,-325.32577627541446,-221.5019153158402,-248.4472584809558,-297.58195900190316,-196.35871858175
-403.3415861596473,-286.1439212662496,-196.34624875747937,-239.03478539961566,-289.8557522203342,-179.43814976814838
-367.3472468689488,-248.35851731996547,-173.61501701398248,-230.79404202593525,-281.8816384680256,-161.91299326193274
-331.09266952197373,-212.389527930875,-153.3644333591185,-223.63497200124692,-273.62914620396646,-143.84918848800598
-295.0849641615115,-178.54654591676925,-135.5740586668711,-217.44487456402592,-265.064679930381,-125.31465564165148
-259.7442288851527,-147.03864671913658,-120.16221823843784,-212.09626436850468,-256.1532755030585,-106.37877709427526
-225.40667777039798,-117.98733615273785,-107.00108511267089,-207.45369970491882,-246.8601597098816,-87.11192183394165
-192.33145931805413,-91.44084548406308,-95.9304342923992,-203.3793925312101,-237.1521011578904,-67.58502812231971
-160.70960068011584,-67.38829866521978,-86.76941740748217,-199.73754939905072,-226.9985572270913,-47.86925384419771
-130.6736775552306,-45.77265262435758,-79.32604268808305,-196.39750407557864,-216.37263529841684,-28.03569814159214
-102.30710164816799,-26.501727128062385,-73.40433629816425,-193.23578528655042,-205.25189515003592,-8.155192262249791
-75.65227694239613,-9.457038478421007,-68.80938610772867,-190.13731536364935,-193.61902325224293,11.701847549998877
-50.717244947264795,5.499512632735652,-65.35061849412568,-186.99595966363074,-181.4624089476739,31.465516566988054
-27.48076950842391,18.52080144075585,-62.843734364766945,-183.71464662389184,-168.7766477591702,51.06648216988096
-5.896070044268171,29.771041354678104,-61.11174211083247,-180.20525961003946,-155.56298915133306,70.43602526191052
14.106419420636698,39.4232474981281,-59.985487456212596,-176.3884700050129,-141.8297360031276,89.50608002957365
32.61681180674413,47.657125276740075,-59.30400986827679,-172.1936416497121,-127.59259197629214,108.20928907849732
49.74360175127846,54.65698911837912,-58.91496836314701,-167.55889434773368,-112.87494209833858,126.47908919933286
65.61119692799782,60.60943133095286,-58.6752896699459,-162.4313722631347,-97.70804241657649,144.24984007291746
80.35688221508393,65.70058718904832,-58.45210880195174,-156.76772421058934,-82.13108762608255,161.45700426862663
94.12708582286793,70.11296201374022,-58.124002334915716,-150.53476868814107,-66.19112205454522,178.03738217032145
107.07294935652028,74.02188669976955,-57.58246089417018,-143.7102879517775,-49.94275996041158,193.92940030594445
119.34532143286077,77.59174305833906,-56.73350956466463,-136.28387293064372,-33.44768608537489,209.07344635642562
131.08938690840168,80.97214765747178,-55.499361414343724,-128.25772455519436,-16.773916712158226,223.4122393232963
142.4392061493383,84.29430452796782,-53.81997742319922,-119.64730730261401,0.005185402319952459,236.8912194041331
153.5124705166232,87.66773749375696,-51.65440311336869,-110.48174772085085,16.812132859714204,249.45893949098615
164.40578386518473,91.1775972715516,-48.98175586265452,-100.80387475393971,33.566745308151354,261.0674392138715
175.1907596585142,94.88271194898971,-45.80174588734954,-90.66981028675553,50.18774652959608,271.67258330515466
185.91118418230775,98.81451606359279,-42.134627765954775,-80.14803779040446,66.59446662516747,281.2343487803148
196.58144296099576,102.97695594199183,-38.02049848666492,-69.31790430380701,82.70857649099554,289.7170498224576
207.18634376681277,107.34742851107274,-33.51788311994416,-58.267545706668415,98.45577401956072,297.0894949110557
217.6823986669015,111.8787677102654,-28.701581103366678,-47.091266024034326,113.76733945916888,303.3250770512736
228.00055187562893,116.50224668181744,-23.65978502695745,-35.88644612833565,128.58148159271332,308.4018042115639
238.05026207530807,121.13151501599212,-18.49052901935343,-24.750102492765265,142.8444067248256,312.3022824950026
247.72476993546115,125.6673391482961,-13.297573403764659,-13.775258603423907,156.51105815178448,315.01366844490565
256.90730707586414,130.00296237330002,-8.185882922967892,-3.047325759144158,169.5454935499375,316.527608672228
265.4779358330711,134.0298519952759,-3.256903046986082,7.359288238037465,181.92088987012897,316.8401843978517
273.3206548385896,137.6435591768778,1.3961225690690071,17.38411850131267,193.6191879658308,315.9518755425397
280.3303689354826,140.7493870747012,5.6925259000827,26.982920069583244,204.6304104019021,313.8675540091218
286.41930844770167,143.26754987911394,9.568006354667574,36.129105366831055,214.95170397784565,310.5965094109696
291.5224963400915,145.13751361269908,12.977583721601377,44.81421695236328,224.58617211574813,306.1525035404427
295.6019045916149,146.3212415758693,15.897495246202283,53.04737741577707,233.54157056168322,300.55384326500126
298.64901285401675,146.80512346794248,18.325881754522555,60.85373462900765,241.82894253066024,293.82345617089265
300.68557996436954,146.6004451006341,20.28218780233928,68.27199904353739,249.46126672251006,285.9889498610389
301.76255595611696,145.74235021555103,21.80529262161852,75.3512423589705,256.45218424276544,277.0826348013841
301.95719014749375,144.28734985782893,22.95048396663404,82.14718600147361,262.8148594159538,267.14149211552285
301.36851918753723,142.3095390939369,23.78547671618233,88.71824702728324,268.5610160193228,256.2070715300017
300.1115364326211,139.89577604023245,24.38575332684789,95.12162404806071,273.7001758939446,244.32531025617504
298.3104400890287,137.14015514892134,24.829556274913926,101.40969504111457,278.2391124411551,231.54627023396495
296.09142334185407,134.13815802894118,25.192888002850594,107.62696388762087,282.1815182503695,217.9237980361979
293.57549915210825,130.98088579181717,25.54486901611088,113.80773735102183,285.5278748577534,203.5151180402854
290.87184299375264,127.74976509930626,25.943770257507083,119.97464530434716,288.2755039615771,188.3803745482092
288.0720897374478,124.51207709939477,26.43397539841746,126.13804197934785,290.41877360021977,172.5821419158144
285.2459409662154,121.31758866863743,27.044048496709934,132.29625277818266,291.94942985532396,156.18492322798826
282.4383340097384,118.19647571575942,27.78599064995049,138.4365670019161,292.85702437258374,139.25465766622855
279.6683037504817,115.15862728089107,28.655674720072582,144.53682742379453,293.12941001036467,121.85825471086376
276.9295435810062,112.19431599771924,29.63435863936857,150.5674365871139,292.75328071024313,104.06317010443544
274.1925533786122,109.276124065049,30.691102836461553,156.49358831426628,291.71473662445356,85.93703455259508
271.4081593706499,106.3619318889863,31.785861715807144,162.27754018859628,289.999860984298,67.54734193163945
268.51211058145185,103.3987148125323,32.872986358732305,167.88076582104503,287.5953005082369,48.96119972202271
265.4304038646367,100.32685535198964,33.90486670279097,173.26586029277374,284.48884573657097,30.245140801621083
262.0849661990535,97.08466518398936,34.83545507712573,178.39811332117932,280.6700110395851,11.46499279125631
258.3993281117827,93.61282155284057,35.623445827576035,183.24670742005515,276.1306158018154,-7.314201097628105
254.30395258272944,89.85845363592273,36.23493311428702,187.78553810920536,270.86536821531945,-26.0282173580091
249.74093457841838,85.77866112490848,36.6454252356874,191.99368649223405,264.87245117218947,-44.61365233869846
244.66785131906047,81.34330442168454,36.841153255088884,195.85559885617775,258.1541060680226,-63.00789666435415
239.0606159183234,76.53696773402189,36.81966887802271,199.36104220147075,250.71720523328412,-81.14909381512221
232.91526075861137,71.36005760771918,36.589776877401036,202.50490882160068,242.57379768547176,-98.9760931295192
226.24864621939815,65.82905541091436,36.170887471553826,205.28693826403492,233.74160657037675,-116.42840781617626
219.0981506346119,59.97598940831752,35.591901833279124,207.71141301927793,224.24445076423194,-133.44618881786982
211.52044546203135,53.84722797582171,34.889758605982536,209.78686737972163,214.11255841760843,-149.97022548503335
203.58949390639899,47.50171913004456,34.1077714400797,211.52582955576094,203.38273750062103,-165.94198385295994
195.39393135378728,41.00881299762469,33.29387870794767,212.94459774816588,192.098368336392,-181.303692713209
187.03399288759553,34.44580426351281,32.49890906677747,214.06303360540375,180.30918620865154,-195.99848646007516
178.61814878235364,27.89532293452376,31.774943256711936,214.90434307797233,168.07082869323676,-209.97061174139452
170.2595957960222,21.44268635632511,31.173826461500738,215.49480633854918,155.4441323958655,-223.16570217325017
162.07273323256635,15.173305967889746,30.745859620067662,215.8634158231285,142.49417695054368,-235.5311218005731
154.16973107569356,9.170221352058718,30.538674796325672,216.04138465554757,129.28908976351178,-247.01637371304733
146.65727569603808,3.5118140432849856,30.596281077240782,216.0614963112632,115.89864206162946,-257.5735654802138
139.63355891814936,-1.730263882103742,30.958254790432143,215.9572794670028,102.39268402676336,-267.15791817474724
133.18556016873438,-6.492924929365088,31.65904170627862,215.76200832471775,88.83948268714249,-275.7283011109096
127.38665985887046,-10.723232505427873,32.72733920687704,215.5075468025621,75.30403925275033,-283.24777048297165
122.29461519558753,-14.379730368913357,34.18553243004807,215.22307324565375,61.8464712793268,-289.6840872903584
117.94992672000731,-17.433507608812633,36.04916889124891,214.9337391252052,48.520548233822204,-295.0101886729895
114.37462393298051,-19.86898902353346,38.32646945873475,214.65932909125985,35.37246593217359,-299.2045873369059
111.5714999163535,-21.68443654782986,41.01788803117097,214.41299947433887,22.439935675309577,-302.25167626113245
109.52382622123883,-22.89214289634353,44.115746046859854,214.20017695746893,9.751648071082972,-304.1419202943758
108.19557881768405,-23.518295293493793,47.603979378433,214.0176980925946,-2.672849540550085,-304.8719223329191
107.53220212982018,-23.602486320906152,51.458042839145556,213.85326344342548,-14.822847935262697,-304.44435909317156
107.46193003619105,-23.196851536192284,55.64502041686507,213.68526763437876,-26.695755586920576,-302.86778947743295
107.89766961970291,-22.36482022270964,60.12398686789224,213.4830490936384,-38.296001660112495,-300.15634650624463
108.73943541727144,-21.179476595572638,64.84665833073635,213.20758176761723,-49.63362474746221,-296.32933105379374
109.87729957639685,-19.721543715148783,69.75835653074503,212.8126068177086,-60.72262882342562,-291.4107315200003
111.19479789459143,-18.077020478798516,74.7992937700474,212.24617677339268,-71.57920095117903,-285.42869756973505
112.572704920042,-16.33452218929601,79.90616546620987,211.4525594307919,-82.21989130211713,-278.4149978119712
113.89306521064874,-14.582395818690628,85.01401506460999,210.3744256149443,-92.65985473059222,-270.4044906456533
115.0433447408438,-12.905700477961844,90.05831444934947,208.95522536313422,-102.91124487962799,-261.43463456575205
115.9205485292869,-11.383159990297713,94.97718332109869,207.14164255330883,-112.98183758883076,-251.54505932484383
116.43513979079732,-10.08420618835278,99.71365510978475,204.88600962511495,-122.87394173670403,-240.77721298801444
116.51459377697483,-9.066237235097915,104.21788631040987,202.14856256297082,-132.58363439032752,-229.1740927313664
116.10642680428082,-8.372213958481794,108.44920174928129,198.8994220068805,-142.1003351745504,-216.780059898593
115.18055786529013,-8.02870849334144,112.37787078563593,195.12019899320364,-151.4067139337133,-203.64073300646407
113.7308859779277,-8.044503649398578,115.98651884743072,190.80514265695757,-160.47890759270814,-189.80294665004834
111.7759996030476,-8.409819189315854,119.27109443388832,185.96177103291086,-169.2870077809907,-175.31476003098524
109.35897298575699,-9.096213965555094,122.24133270978311,180.6109532799531,-177.79577094007175,-160.22549637106226
106.54624564998298,-10.057182408058594,124.92068156354112,174.78644037854306,-185.9654974810924,-144.58579384560147
103.42562279799114,-11.229432205490639,127.34568272285743,168.53386967958247,-193.75302583750548,-128.44764976761667
100.10347338312693,-12.534799267521848,129.56482733337006,161.90929475481073,-201.11279034770155,-111.86444231801367
96.70123676361726,-13.882728145057754,131.63693049716892,154.97731418609013,-207.99789792880176,-94.89091778546555
93.35137621539948,-15.173222662169337,133.62909106274458,147.80888996969216,-214.36118645784404,-77.58313562925923
90.19293690537546,-16.300153782235114,135.6143202436094,140.4789572919676,-220.1562366343318,-59.99836827366081
87.36687660650034,-17.15480038108099,137.66893465060411,133.06393224071843,-225.338317913878,-42.194956975723
85.01133955052448,-17.62949378779915,139.8698157576373,125.63922272687009,-229.86525708718492,-24.232129033648796
83.25703804192702,-17.62123834058012,142.29163883846533,118.27684111268861,-233.6982246440248,-6.169784753658984
82.22289395413597,-17.035187040868024,145.00417055489706,111.04320572944901,-236.80243884090106,11.931735206000711
82.01207447617375,-15.787862630124394,148.06972647563518,103.9972038050794,-239.14779023294176,30.011890331052673
82.70853510686817,-13.810028854739699,151.5408688649925,97.18857160534668,-240.7093903794349,48.01017668302047
84.37415953126998,-11.049133091896195,155.4584121648483,90.65663010586732,-241.46804769535032,65.86634822240654
87.04656213993837,-7.471258738356113,159.8497897141608,84.42939742712754,-241.410671330933,83.52061370476319
90.7375957934947,-3.0625428554235867,164.72782128275168,78.52308355383927,-240.53060093923477,100.91380227023289
95.43258590061752,2.1699691971598867,170.08990761562984,72.9419592431846,-238.82785671189146,117.98749381838203
101.09029252738857,8.198045455291933,175.9176658339446,67.6785799417014,-236.30930062319837,134.68411356504012
107.64358531226173,14.972565194494308,182.17700842633153,62.71433713264605,-232.98869691155477,150.9469936063838
115.00080135079858,22.42438063421025,188.8186586842132,58.020303720401586,-228.88665790169654,166.72040765142165
123.04774363638302,30.465719232617417,195.77908661202432,53.55833650637916,-224.0304607255287,181.94958810917657
131.65026665099757,38.9920930942764,202.98184129460589,49.28239704678475,-218.45372163934437,196.5807372187148
140.6573857970334,47.884672196066305,210.33924810628253,45.14005164692456,-212.19591764765858,210.56104568899664
149.90483809127267,57.013068389611135,217.754431707567,41.074111369014766,-205.30175006980494,223.83873319700277
159.2190125749225,66.23846727405028,225.12361830014305,37.02437320162592,-197.82035139726042,236.36312494190574
168.42116009194214,75.41703505883473,232.33866305146472,32.92942357438373,-189.8043449769712,248.08477718989263
177.33178355028014,84.4035176862116,239.28974108977155,28.72846498751967,-181.3087762264997,258.95566235933114
185.77510185454264,93.05494022256997,245.8681333293107,24.363125644763613,-172.3899435855887,268.9294207623531
193.58347396328634,101.23430652764512,251.96903210514188,19.77921080971663,-163.104166456308,277.9616817991218
200.60166473497125,108.81419328469954,257.49428679104807,14.928353500235907,-153.50653513858305,286.01045244638857
206.69083223738716,115.68012949728734,262.35500691393577,9.76952156418568,-143.64969340069848,293.0365656210557
211.73211785286512,121.73365335648666,266.4739404073551,4.270338666938557,-133.58270710757182,299.00417581816424
215.6297265417664,126.89494362552904,269.78754809257583,-1.5918212368896576,-123.3500717242965,303.8812847340429
218.31339552526282,131.10493278394637,272.2477025665756,-7.829002386296267,-112.9909072433291,307.6402757927145
219.74016558249264,134.32682417915345,273.8229504740409,-14.442128938346002,-102.53838119548735,310.25843395193493
219.89538990309958,136.54695501071666,274.49929140243694,-21.420781911386158,-92.01938928200207,311.7184261423098
218.79294035233474,137.77497037411086,274.2804438119735,-28.743303103439885,-81.4545095168204,312.0087183383641
216.47459905191843,138.04329969674356,273.187587661867,-36.377226088428,-70.85823057549555,311.12390758473
213.0086529828447,137.40595429823995,271.25859367086883,-44.28002197248516,-60.239439470365134,309.06495116817376
208.48773927353605,135.93669191079675,268.54676927739064,-52.40013519465714,-49.602138940578236,305.8392802641586
203.02601724802759,133.72661917575854,265.11917014575096,-60.67827311024814,-38.946352232856654,301.4607914084509
196.75576852336656,130.8813248677724,261.0545423914278,-69.0489031839183,-28.269163249979556,295.94971558607364
189.82354700274698,127.51765360582837,256.44097364598474,-77.44190400044735,-17.56583407703303,289.33237109508735
182.38601536640743,123.76024115945228,251.37333998984812,-85.7843114416317,-6.830940032761966,281.6408121497071
174.60561287960167,119.73793763994126,245.95064029574093,-94.00209951714078,3.940535369047197,272.912390015435
166.64620073811122,115.58024382396039,240.27330961687065,-102.02193647404948,14.752197189071632,263.1892469954694
158.66882594661107,111.4138789711806,234.44059919670053,-109.7728607160424,25.60537016696809,252.51776561457783
150.827733494446,107.35958653136423,228.54810300498667,-117.18782732094263,36.49839556470178,240.94799581218132
143.26674033710265,103.52926814646752,222.6855001452312,-124.20508399846767,47.42611281123894,228.53308193243927
136.1160646508078,100.02351758471876,216.93456987733748,-130.76934454547717,58.37953256961969,215.328708975922
129.4896813889424,96.92960601315565,211.36752224097984,-136.8327375834541,69.34569626197842,201.39258423636113
123.48325174782491,94.31994960178356,206.04567320280745,-142.3555179906509,80.30770715216038,186.78396642699354
118.17265108057231,92.25107100149928,201.01847964480933,-147.30653743977402,91.24491037199533,171.56325006757504
113.61309824129013,90.76304868553214,196.32293698547957,-151.6634784059974,102.13319411070279,155.79160860701873
109.83887021467396,89.87943317020799,191.98333123939867,-155.41286263576157,112.94538164483853,139.53069581012502
106.8635698186393,89.60759713677939,188.0113281586455,-158.549850217327,123.6516838217454,122.84240159017183
104.68090158914629,89.93947758926471,184.40637487383623,-161.0778490532477,134.22018369267556,105.78865589657066
103.26590170694871,90.8526622834076,181.1563841214559,-163.0079568025251,144.61732876211283,88.4312725628557
102.57656178988657,92.31176942404188,178.23866753570255,-164.35825843071382,154.80841124074695,70.83182420057346
102.5557831333474,94.27006857877812,175.62108232895463,-165.15300264276897,164.75802220136995,53.05153923557342
103.13359697874336,96.67129133398203,173.26335465646525,-165.4216799792542,174.43047110451803,35.15121291478017
104.22958700055257,99.45158183917334,171.11854270693624,-165.1980245451698,183.79016730848332,17.191125411236168
105.75545180468623,102.5415394976298,169.13460274536644,-164.51896050625285,192.80196451970966,-0.7690381547027191
107.61764727022911,105.86830819975269,167.2560216712353,-163.42351387729823,201.43147239264897,-18.670269068682998
109.72005061040494,109.35766832409159,165.4254799348177,-161.95170991674544,209.64534148446938,-36.45431913495927
111.96658980568097,112.93608906505241,163.5855087676706,-160.14347671747458,217.41152845698923,-54.063787185077615
114.26378348436344,116.5326994685922,161.6801056315778,-158.03757632971076,224.6995478529028,-71.44220617944389
116.5231374919538,120.08113701223688,159.6562716872015,-155.67058584783877,231.48071511472205,-88.53412808596059
118.6633455678369,123.52123294170504,157.4654351451218,-153.0759521205701,237.72838300894037,-105.28520321756925
120.61224313918915,126.80049427139973,155.06472488310257,-150.28314480440406,243.4181705802481,-121.64225076207268
122.30846573475823,129.87534383284932,152.41806003695473,-147.31693302117975,248.5281805545244,-137.5533178428846
123.7027674256093,132.71208248701723,149.4970237469575,-144.1968105311521,253.0391981192343,-152.96772556438148
124.75896048102686,135.28754202791458,146.2814931759855,-140.93659274635883,256.9348616116822,-167.83610203308726
125.45444543624399,137.589403713167,142.76000353034394,-137.54420580584036,260.2017941746976,-182.11040417759207
125.78031117827248,139.61616591810247,138.9298311993446,-134.021683145726,262.82968515749747,-195.74393215380965
125.7409974145181,141.37675507696733,134.79679020873516,-130.3653785008069,264.81131110469994,-208.6913420301377
125.35352668563684,142.8897865721494,130.3747466927157,-126.56639621938743,266.14248861877496,-220.90866409880144
124.6463293457457,144.18249605130515,125.68486757641666,-122.61123049002501,266.82195508748055,-232.35333535850177
123.65770184246958,145.28937606986597,120.75463150006553,-118.48259506974372,266.85117798034906,-242.98425528345317
122.43395517535652,146.25056707914723,115.61664144953147,-114.16041501405076,266.23409874794197,-252.7618737992416
121.02732546451165,147.11006461151095,110.30728875376437,-109.62294248010528,264.9768228138386,-261.64831934852367
119.49373096809057,147.91381503723326,104.86532623572745,-104.84795067790029,263.08727218421933,-269.60757304246255
117.89046857997843,148.70777954428658,99.33041361111712,-99.81395420893242,260.5748212642429,-276.60569223042535
116.27394694340715,149.53604925656978,93.74170013420712,-94.5014009668285,257.4499390745047,-282.6110835349367
114.69755225237132,150.4390931545986,88.13650764579279,-88.8937808984148,253.72386183416612,-287.5948217181204
113.20973637150982,151.45221452145046,82.5491715276669,-82.97860040918071,249.40831861871916,-291.5310069534955
111.85240529161975,152.60428119932956,77.0100878694617,-76.7481779380464,244.51532951058002,-294.39714948818
110.65966977638266,153.9167805728299,71.54500297338231,-70.20022583375287,239.05709055347666,-296.1745676125558
109.6570003513942,155.40323279381738,66.17456699432017,-63.338195493074124,233.04595330895089,-296.84878259410215
108.860806844916,157.06897649280654,60.914158066769424,-56.171375922251165,226.49449946552463,-296.4098930050028
108.27844000702233,158.91132140936833,55.773967837455594,-48.714749486857066,219.41570343727022,-294.85291081841336
107.90859086320305,160.920043390267,50.75932503005218,-40.988621620335365,211.82316890347673,-292.1780428016056
107.74204386891414,163.07818033772386,45.87122152851251,-33.01805273271561,203.7314194267636,-288.3909030225621
107.76272388062162,165.36307403572778,41.10699628444107,-24.83212971675721,195.15621916357287,-283.5026455343513
107.94896538239999,167.74759314255198,36.461126657937186,-16.46312073199615,186.11489758919984,-277.53001024854143
108.27492584968921,170.20146746396694,31.926074798824953,-7.9455600683874295,176.62665222890774,-270.4952793370737
108.71206371655069,172.69266298971326,27.493138252143943,0.6846901580348259,166.71280552880586,-262.42614586825107
109.23060485293024,175.18873079884048,23.15325872102033,9.391357688569357,156.3969959263963,-253.3555004534708
109.80092911325687,177.6580702205099,18.897750201707247,18.13861879714898,145.70528844649462,-243.32114516484936
110.39481947350859,180.07105674337083,14.718916724851411,26.891866776518125,134.66619620835507,-232.365446655331
110.9865294492505,182.40099712562932,10.610539833779086,35.61836734783004,123.31061050492066,-220.534942132575
111.55363874340068,184.6248869546415,6.568225866324859,44.287786761813685,111.67164305560104,-207.87991255753084
112.07768131738125,186.7239585744784,2.5896123402433204,52.87258671061572,99.78438917380339,-194.45393719905184
112.54454335680296,188.68401900579732,-1.3255593127269023,61.34828766124629,87.68562458790069,-180.31344259501594
112.94464015808734,190.49558757176789,-5.175491159529294,69.69360844674263,75.41345131373889,-165.51725722445414
113.27289027934842,192.15385097872053,-8.956478443564983,77.89049466416604,63.006909250521886,-150.12618099751543
113.52851211184502,193.65845936527046,-12.663141159014266,85.92405154335933,50.505570147726175,-134.2025762468672
113.71467230772018,195.0131903213537,-16.288716402304672,93.78239852240074,37.94912946537534,-117.80998447364942
113.83801741876259,196.22550925831518,-19.825391090435176,101.45646296360593,25.37700969335473,-101.01277085617124
113.90811998954139,197.30605408787758,-23.264656451238608,108.93972951631125,12.827986215986588,-83.87579662349725
113.93686863947065,198.26807033458036,-26.597668226022023,116.22795987325644,0.3398441140396127,-66.46411793605049
113.93782884450633,199.12681999758723,-29.815599401517332,123.31889538289411,-12.050928330930056,-48.84270895976833
113.92559767203628,199.8989841266559,-32.909975167404255,130.21195246384934,-24.309405997482173,-31.07620637961512
113.91517207081563,200.60207557895055,-35.87298240381851,136.90791827911758,-36.40245159180121,-13.228672640708998
113.92134683469871,201.2538751085878,-38.69774814517079,143.40865187771027,-48.29889838840549,4.636624335680762
113.95815531002631,201.87190105600553,-41.378583032530116,149.7167941557465,-59.969691567266814,22.45741643303395
114.0383634585382,202.47292060258278,-43.91118673098305,155.83548862418994,-71.38798890458742,40.17262609934274
114.17302606683916,203.072508895164,-46.292812702047144,161.76811413562342,-82.52922138583857,57.72254199264803
114.37111265326939,203.68466129309394,-48.522389701263975,167.5180304030937,-93.37111383912357,75.0489778866491
114.63920981945844,204.3214634363711,-50.6005970848136,173.08833727810384,-103.8936651022071,92.09541234349828
114.98130621709944,204.99282360524995,-52.529890656602944,178.48164924079197,-114.07908671601376,108.80710607166661
115.39866570199808,205.70627172623404,-54.31447558235031,183.6998872619423,-123.91169885449831,125.13119367085339
115.88979337018479,206.46682914786905,-55.960223045523534,188.74409097401315,-133.3777823094401,141.0167466936737
116.45049778167262,207.2769527434382,-57.47452799825213,193.6142547816228,-142.46538596772467,156.41480566578522
117.07405059821377,208.13655581475206,-58.86610669508167,198.30919200415136,-151.16409041823474,171.27837990555736
117.75144199773007,209.04310655186043,-60.144734746079834,202.82643125077465,-159.4647301169975,185.56241563283123
118.47172659108963,209.99180241033307,-61.32092916216433,207.1621488948323,-167.35907886535549,199.22373487178078
119.22245028628787,210.97581575987618,-62.40558117095698,211.31114070242612,-174.8395060892362,212.22094990863528
119.99014387033051,211.9866026957163,-63.40955024484721,215.2668343989889,-181.89861435206635,224.51436039487194
120.76086436656085,213.01426324197533,-64.34323351068997,219.02134330609596,-188.52887143514758,236.06584239341285
121.52076091172569,214.04793764493425,-65.21612814678754,222.5655592833773,-194.7222528831776,246.83874053412353
122.25663845923997,215.07622042959594,-66.03640713112262,225.8892812450827,-200.46991282861507,256.79777576104374
122.95649051938702,216.08757175735633,-66.8105304069436,228.98137369156325,-205.7619018822901,265.9089817232445
123.60997179337281,217.07070471779895,-67.54291385216833,231.82994820859892,-210.5869506635652,274.1396825324566
124.2087832243887,218.01492776927367,-68.23567714881135,234.42255992390366,-214.93233597848626,281.4585232959264
124.74694578457898,218.910423739568,-68.88848865341083,236.74641060253816,-218.78384368707196,287.835562523984
125.22094515042484,219.74845058139226,-69.49852073624336,238.78855047296327,-222.1258380095795,293.242432290393
125.62973698620308,220.52145424941693,-70.0605230244476,240.53607198085658,-224.94144162113622,297.65256806275613
125.97461135262853,221.22309026580743,-70.56701395176098,241.97629036047599,-227.2128247168852,301.041505675319
126.25892412151836,221.84815727483306,-71.0085835165533,243.09690800851305,-228.92159474020067,303.3872383068619
126.48771244217357,222.3924525713482,-71.37429279465906,243.88616190211442,-230.04927216211155,304.670621907574
126.66721948346611,222.85256561440906,-71.65214917893701,244.33295545438096,-230.57783210186818,304.87581364967065
126.80436013798723,223.2256303373166,-71.82963111248891,244.42697798823042,-230.49028716696284,303.99072498342895
126.90616353282842,223.50906017737327,-71.89423272311856,244.15881621736781,-229.7712840536692,302.00746902331923
126.97922966337907,223.70029087119326,-71.8339975628774,243.52006260759728,-228.40768543825934,298.92278143425693
127.02923611927727,223.7965550890902,-71.63801171649474,242.50342520076393,-226.38910959250455,294.7383947900035
127.06052683907097,223.79471001933035,-71.29682975887427,241.10284246439147,-223.7084028885826,289.4613484709229
127.07580849390048,223.69113435906564,-70.80281210657321,239.3136051209085,-220.3620246682493,283.10421938198897
127.07597204894873,223.48170528362635,-70.15035874667917,237.13248492229098,-216.35032945365225,275.6852628370179
127.06004801074442,223.16185941432855,-69.33603155332615,234.5578682227677,-211.67773769493016,267.22845754036183
127.02529462325073,222.72673519181876,-68.35856478595105,231.58989022631306,-206.3527926651616,257.76345334101825
126.96740958614802,222.17138796528766,-67.21877029435065,228.23056418393486,-200.3881072221392,247.3254249803341
126.8808483935979,221.49106401785275,-65.9193499070128,224.48389877007912,-193.800209517602,235.95483908582693
126.75922662887234,220.6815160211939,-64.46463205543859,220.35599648422576,-186.60930100866003,223.697144928197
126.59577979914756,219.73934024303156,-62.86025265306267,215.85512622489617,-178.83894309994355,210.602401788744
126.38385264398094,218.66231524586817,-61.112801537673974,210.99176410868878,-170.51569034059915,196.72485710409055
126.1173901894339,217.44972268600333,-59.22945549540904,205.7785980273934,-161.668688368911,182.12248987858814
125.7914048703185,216.10263289485925,-57.217617239450774,200.2304931746303,-152.32925389911793,166.85653327630095
125.40239740833357,214.6241408618862,-55.084577039669185,194.36441762959868,-142.5304522221838,150.99098898018772
124.9487133527056,213.01954166367273,-52.83721036347916,188.19932886235932,-132.30668523452118,134.59214403442428
124.43082179191482,211.29643792790316,-50.48172127358552,181.75602355144963,-121.69330022050355,117.72809868447322
123.85150730076228,209.46477526020425,-48.02343778387328,175.0569542531378,-110.72622678525899,100.4683114147237
123.2159703476429,207.53680444939158,-45.466662187361365,168.1260171596213,-99.4416467116907,82.88316515333221
122.5318349101374,205.5269715485192,-42.81457674471841,160.98831541665538,-87.87569929148651,65.04355663336887
121.80906480961451,203.45173855197487,-40.06920317154078,153.66990228084484,-76.06422297744325,47.0205092930765
121.0597922709646,201.32933839386476,-37.231413109895726,146.19750787181226,-64.04253307771472,28.88480894615626
120.29806353943799,199.17946850225678,-34.30098615456687,138.59825253888724,-51.84523464947899,10.706660789929296
119.53950722187521,197.02292733958376,-31.276711899838574,130.89934906161272,-39.50606967906832,-7.444633861733871
118.80093159672401,194.88119845886712,-28.156532702787132,123.12779519114105,-27.057797940103466,-25.500982476635997
118.09985771036375,192.77598683425273,-24.937724220357367,115.31005756168553,-14.532111449542235,-43.39578856921605
117.45399589060077,190.72871279095418,-21.617111060194134,107.47174788442081,-1.959583023055643,-61.06422118255324
116.88067456594935,188.75996993084982,-18.191314893505364,99.63729267705756,10.630350108692747,-78.44346540366837
116.39623211898402,186.88895513008185,-14.657031950106145,91.82959863750305,23.20936648499885,-95.47295167131661
116.01538497327901,185.1328809997276,-11.011335839922353,84.06971714862364,35.750203508179005,-112.09456068459956
115.75058816316945,183.50638408596757,-7.252000075935996,76.37651325941547,48.22656331186562,-128.25280000034056
115.61140810090157,182.0209453832748,-3.377832541470724,68.76634672424863,60.612982589684975,-143.89494803136833
115.60393086601172,180.6843431919239,0.6109884355711586,61.252775138036995,72.88466942140806,-158.9711612177123
115.73023273035939,179.5001616360815,4.712589569512588,53.84629166705681,85.01731242703016,-173.43454070428075
115.98794235898936,178.4673808744867,8.923105637421514,46.554112083409095,96.98687014862672,-187.24115594789671
116.36992571115674,177.58007675020167,13.2364284466205,39.380027472724585,108.7693511773183,-200.3500242791127
116.86412462879143,176.82725790829903,17.644021861893393,32.32433979624867,120.34059792832508,-212.72304749485372
117.45357801465993,176.19286687331294,22.134823581336384,25.383897160196447,131.67608881652336,-224.32490894408238
118.11665004858206,175.65596792534632,26.695253455082813,18.552243935867736,142.75077459449358,-235.1229371290079
118.82748290516663,175.19113868559472,31.30934550794325,11.81989762215564,153.53896452229716,-245.08694438159156
119.55668196259654,174.769074137755,35.959016310518834,5.174759502147339,164.01427665396557,-254.18905146433335
120.27222980813514,174.35740159900243,40.62447596237559,-1.3973401871896698,174.14966377217314,-262.40351075676807
120.94061198050476,173.92169336234448,45.28477991265015,-7.911969423191266,183.91752243506812,-269.70654180874646
121.52812310775664,173.42665102391697,49.91851055515034,-14.385309146391727,193.2898874231604,-276.0761932930891
122.00230786575706,172.8374227283629,54.50456759060799,-20.83327948522023,202.2387079367386,-281.4922446575132
122.3334780924194,172.12100268078655,59.023036294479695,-27.270609594824315,210.7361956663725,-285.93615902321807
122.49623658416172,171.24765229923105,63.456093903975884,-33.709890356472656,218.75522889078334,-289.3910961589184
122.47093064902961,170.19227528469858,67.78890720056543,-40.160654444344345,226.26979162538544,-291.8419908224639
122.24495529710896,168.93567548823242,72.01046980061213,-46.628531052669096,233.25542308923195,-293.2756976395431
121.81382763966583,167.46562734027734,76.11432630683572,-53.11452242319358,239.68965081472783,-293.6811992809503
121.18196091100454,165.77769404554357,80.09913270889334,-59.6144459778851,245.55238086899408,-293.0498703468547
120.36307837872403,163.87573864330813,83.9690083510907,-66.11857936824637,250.82622096470845,-291.37578541758904
119.38022370518954,161.7720869195622,87.73364418424177,-72.61153640400752,255.49671656836412,-288.6560565075253
118.26534411153446,159.48731821392653,91.40814434524077,-79.07239019145743,259.5524861127518,-284.89118292389225
117.05844470603516,157.04967928541325,95.01259254401751,-85.47504668617306,262.98524855827475,-280.0853954613617
115.80633509345029,154.49413628943273,98.57135026205135,-91.78885818886816,265.78974417610806,-274.2469770267157
114.56101132615035,151.86109920145165,102.11210924925405,-97.97945308922871,267.96355684767457,-267.38854314671494
113.37773589988439,149.1948703773026,105.66473511718365,-104.00974635961866,269.50685272197194,-259.52726822210985
112.31289454028396,146.54188321156855,109.25995094201569,-109.84108575862999,270.42205517883457,-250.68504662073738
111.42171997954213,143.94880715609355,112.92791888681035,-115.43448206019401,270.7134793081484,-240.88858145987845
110.75597917900426,141.46060114160534,116.6967833756411,-120.75186825371537,270.38695032761916,-230.16939789018258
110.36172132481862,139.11859852861608,120.59124105791511,-125.75733265829126,269.4494295339949,-218.5637815397409
110.27717963682755,136.95870328902402,124.63120076016088,-130.4182740740497,267.9086687252144,-206.11264622044584
110.53091118050523,135.00976970422127,128.8305911943844,-134.7064330270304,265.77290992228507,-192.8613378082789
111.14024634299307,133.29222723481965,133.19636597013908,-138.59876123310616,263.05064215529137,-178.8593832293172
112.11010450284883,131.816999317219,137.72774519802257,-142.07810087747683,259.75042161057627,-164.1601946380086
113.43221584474492,130.58475069191527,142.41572150987713,-145.13365540508136,255.8807561146956,-148.82073917075084
115.08477237357863,129.58548346355798,147.24284648772462,-147.76124350465167,251.45005024444663,-132.90118417312837
117.03251497302661,128.7984883223702,152.18330204394198,-149.96333720293907,246.46660368732506,-116.46452667045563
119.22724864036527,128.19264493632238,157.20325084923047,-151.74889296968095,240.93865308620042,-99.57621425413119
121.60876537652081,127.72705495375855,162.26145090826176,-153.13299114456447,234.87444659418645,-82.30376269020634
124.1061439171757,127.35198260276913,167.3101120911747,-154.1363036935011,228.2823407050378,-64.7163736217755
126.6393875995436,127.01007157405547,172.29596691018338,-154.78441331248348,221.17091044830647,-46.8845539246513
129.1213559870187,126.63780256347795,177.1615239878452,-155.10700839894707,213.54906648029757,-28.879736749041633
131.45994206188016,126.1671532048421,181.84647026932703,-155.1369786875641,205.4261756233891,-10.773903170509712
133.56044437449236,125.5274207127534,186.28918677234634,-154.90943575113744,196.81218462817193,7.360797230175302
135.32808199249428,124.647166903139,190.42834219305956,-154.4606814709656,187.71774996973767,25.452428588987278
136.67059893766847,123.45624490133882,194.20452865032613,-153.82714633853413,178.15437897674917,43.42965500924401
137.50090363017748,121.887866387181,197.56190395861967,-153.04431836049253,168.13458921485525,61.22213104945335
137.73968741561498,119.88066737767322,200.44980485753996,-152.1456826185731,157.67209355900047,78.76089520795261
137.3179644364434,117.38072917026211,202.82429548153354,-151.16169130367993,146.78201763626336,95.9787634005389
136.1794730197056,114.34350918570391,204.64961502910603,-150.11878431167762,135.4811542467943,112.81071750117559
134.2828766646193,110.73563424890398,205.89948819940852,-149.03848116828576,123.78825603279424,129.19428209860573
131.6037010653444,106.5365066719036,206.55826171864766,-147.93656596230545,111.72436323612652,145.06988090273762
128.13594295515287,101.73967182544351,206.62183046968022,-146.82238785948903,99.31315815212314,160.38116290383093
123.89328753412809,96.35389525920542,206.09831770508728,-145.69830034582105,86.58133224166728,175.07528762670034
118.9098744703326,90.4038984450694,205.0084759209794,-144.55926229198954,73.55894628719366,189.10315878514953
113.2405585007615,83.93070543487323,203.38577852693163,-143.3926229340842,60.27975901014049,202.41959644387086
106.96061992032067,76.99155861851317,201.27617773673018,-142.17811066356956,46.78149577160713,214.98343949128068
100.16489294566223,69.65937066208183,198.73751129698377,-140.88804191631897,33.106026891919576,226.75757280595312
92.9662960311257,62.02169171624374,195.83854980766614,-139.48776134567322,19.299425210345078,237.70887686859714
85.49376735966754,54.179185978703224,192.65768735535332,-137.93631787470014,5.411875089054302,247.80810155941532
77.88963029490799,46.24362926355845,189.28129068908555,-136.1873732968185,-8.502589711089652,257.02967023743236
70.3064366367139,38.335458686807705,185.80173575683915,-134.19033111785774,-22.386534076815614,265.3514246133165
62.90335890557127,30.580925977844906,182.3151744594925,-131.89166372545833,-36.179760303669795,272.7543250471303
55.842225250318194,23.10892611922999,178.91908820361334,-129.23640626652855,-49.82013072471022,279.22212436445375
49.283310512463295,16.047591718514063,175.7096973881474,-126.16977642591628,-63.244554880402056,284.7410357459558
43.381013101117674,9.520759406522366,172.7793064551937,-122.6388712824313,-76.39010955178578,289.2994164244053
38.27955839956367,3.6444263937548556,170.2136717259517,-118.59438620702564,-89.19524879806576,292.8874886263686
34.10887446437265,-1.4766779523770168,168.08948320358223,-113.99229691773095,-101.60105215511834,295.4971173495945
30.980784180659956,-5.752279775676492,166.47205132583045,-108.79544473317662,-113.55245325849667,297.12166122992875
28.985649625578223,-9.109387269577098,165.4132850238387,-102.97496699467004,-124.99938902174327,297.7559081190995
28.189589458173117,-11.494647229186306,164.95003842846668,-96.5115195520618,-135.89781148183164,297.3961013859074
28.63236944745756,-12.876139916185927,165.10289052389925,-89.3962458845738,-146.21051051084854,296.0400567859066
30.32604092974423,-13.244542383381308,165.8754056521472,-81.63145737993358,-155.9077054007723,293.6873634961405
33.25437352014539,-12.613615652453994,167.25390395317234,-73.23100085984876,-164.9673761266392,290.33965707488215
37.373098449844704,-11.019998253534759,169.20775070002716,-64.22030182893832,-173.37531987568866,286.00094714178505
42.61094916151145,-8.522315987275029,171.69015325707295,-54.63608430549566,-181.12493401589754,280.67797886463615
48.87145787099547,-5.199643770447807,174.63943522952005,-44.52577967566519,-188.21674183394464,274.3806051550822
56.035442060473244,-1.149378668317027,177.98074033152508,-33.94664713377479,-194.65769093802086,267.1221459510949
63.96409433745167,3.5153974102597374,181.62810440662216,-22.964636456034317,-200.46026521971658,258.91971208705513
72.50257340513225,8.668972112015481,185.48682343402692,-11.653029861725358,-205.6414589982373,249.79447387444867
81.48398325439764,14.176371055412972,189.45603848120103,-0.09090354566433234,-210.22166605462425,239.77185837037942
90.73362192561116,19.896932212761712,193.43145534516876,11.638548657747915,-214.2235366694432,228.88166404628123
100.07337979417568,25.687977676064378,197.30811672525218,23.449786698910604,-217.67085279047967,217.158086784546
109.32616957160306,31.408477455700833,200.98314765229264,35.25674878014205,-220.58746562635957,204.6396564183276
118.32027523127367,36.9226061202953,204.35839991400357,46.974688081570726,-222.9963320246156,191.36908800718476
126.89351400704021,42.103101293691964,207.3429276865093,58.52198227594903,-224.91867678398893,177.39305638413728
134.89711371632654,46.8343424637624,209.85523389084813,69.82187737818894,-226.37329841887924,162.76190596917257
142.1992163476819,51.015078555699034,211.82523444684227,80.80412801083622,-227.37602662149936,147.5293102602061
148.68792777916025,54.560742813898855,213.19589527274152,91.40649623912418,-227.93933141295489,131.7518967107335
154.273842559858,57.405303487221374,213.92450444291887,101.57607094978728,-228.07207723214506,115.48885289367912
158.89198203040084,59.50260861551753,213.9835494134037,111.27036969963471,-227.77941029281436,98.80152900879581
162.50309400746016,60.827193055786495,213.36117684907822,120.45818554721369,-227.06276457282826,81.75305004886607
165.09427326655992,61.374526084019834,212.06122062581193,129.12014317043298,-225.91997074511428,64.4079484661768
166.67887461870217,61.160688841539695,210.10279235432068,137.24893211784754,-224.34545302940086,46.83182517066669
167.2957049307995,60.22148291716671,207.5194385592279,144.84919081100617,-222.33050103131714,29.09104335161702
167.00749728256014,58.61098471635739,204.35787961678673,151.937023222319,-219.86360674338016,11.25245616077575
165.89868964993312,56.39957503269214,200.6763577095153,158.53914109672922,-216.93086055101492,-6.616834061894664
164.07255182919693,53.671489236294136,196.54263418595096,164.69163800621914,-213.51640382068678,-24.449690387316828
161.64772720165115,50.52195028826414,192.0316903748988,170.43841698460744,-209.6029389427543,-42.17913763194545
158.75427947779502,47.053963668230466,187.22319942392033,175.82931026709224,-205.17230007576688,-59.73855019120768
155.52935752689112,43.37486930860278,182.19884924323424,180.917946786935,-200.20608886064835,-77.0618421398296
152.11261232064953,39.59275963015003,177.03960713780845,185.75943939880557,-194.68637869990533,-94.08367040158946
148.64151728593157,35.81288355028069,171.82302415573417,190.40797803435723,-188.59648861091887,-110.73966078638354
145.2467553572953,32.13416270316651,166.62068058598277,194.91442587392228,-181.9218231101274,-126.96666464404964
142.04784129190588,28.64594705037713,161.49587259708707,199.3240219765773,-174.6507682083171,-142.70305087096492
139.14914523020133,25.425131850845887,156.50163320635963,203.674294720859,-166.77562575699517,-157.88903419167787
136.63647240895705,22.53374628993481,151.6791684784966,207.99328528869432,-158.29355966417216,-172.4670362832037
134.57433431468604,20.017106124145357,147.05677239508142,212.29816912724834,-149.20751868163708,-186.3820717526422
133.00401903093922,17.90259919428084,142.6492620028817,216.59434618495374,-139.52709249749293,-199.5821466235807
131.94253438448789,16.19914481813001,138.45794946724564,220.87504856630983,-129.26925177424866,-212.01865326610664
131.38245863991588,14.897337545232517,134.47114110873088,225.12148835969793,-118.4589195629372,-223.64674304421072
131.29269230461168,13.970254489446177,130.66512719279447,229.30354039115196,-107.12932207539822,-234.42565671904063
131.62006373046185,13.374875522035467,127.00560204159697,233.38092639526022,-95.32207173340328,-244.31899310154444
132.29170331311047,13.054039012408396,123.44943369744237,237.30484048647367,-83.08694499648911,-253.29489871036444
133.2180686595437,12.938834288425966,119.94668735645298,241.01993267426462,-70.48133151485328,-261.32616520600254
134.29647814272232,12.951316870733862,116.44279814798973,244.4665490517205,-57.569348989952076,-268.3902268984275
135.41499418280793,13.007424586414615,112.88078707006174,247.58311537496223,-44.42063861053069,-274.4690572480508
136.45649103632746,13.019972049543284,109.20341894134174,250.30854574504852,-31.10887752633679,-279.5489704413905
137.30274469826756,12.901607268399687,105.35521247493931,252.58456019906362,-17.710065715225603,-283.6203411764425
137.83839384206593,12.567626320356112,101.28422890679488,254.3578039012354,-4.300662890460497,-286.67726206841877
137.954639022098,11.938558722125464,96.94358553311774,255.5816755291398,9.044335012139747,-288.7171629653066
137.5525706670754,10.942455640191682,92.29266230191178,256.2177922257917,22.253282214671263,-289.74041944557575
136.5460424769531,9.516833656771766,87.29799145616472,256.23704170913663,35.25963365284461,-289.7499785386813
134.86403345048416,7.610246718704175,81.93384040490267,255.62019720060724,48.00346711720985,-288.75102816093295
132.45246685274302,5.1834766544240125,76.1825149747807,254.35809610137682,60.43269742466017,-286.7507330242527
129.27547628958754,2.2103470901938493,70.03442276413762,252.451407203815,72.50392205114244,-283.758054198744
125.31612650611885,-1.3218240025287287,63.487943685953454,249.91003221497238,84.18286104497254,-279.78366261399026
120.57660897981063,-5.412111803969708,56.54915661224321,246.75220425405482,95.44437986840342,-274.8399492077912
115.0779398663938,-10.046188864309102,49.23146747134888,243.00335782843268,106.27210991922784,-268.94112685870743
108.8591909950472,-15.196824159134167,41.55517583061766,238.6948510052993,116.65770572205658,-262.1034123259059
101.97628451508099,-20.824658941275416,33.54700498365925,233.86262087823278,126.59979825183045,-254.3452707246605
94.50037995104026,-26.879246289430057,25.2396062810682,228.54584818318267,136.10271908385502,-245.68770099832355
86.51588050310077,-33.300345839646965,16.671033580605112,222.78569664620247,145.1750791315057,-236.15453863506912
78.1180851138498,-40.01946796098442,7.884170059615506,216.6241783094551,153.8282883186449,-225.77275155747057
69.41051559009877,-46.961661303231956,-1.073920987222536,210.10317895078023,162.07509892274274,-214.57270654308962
60.50195501013478,-54.04753321314445,-10.152755756246336,203.2636592763788,169.9282463221813,-202.5883864273629
51.503245298857735,-61.19548344689044,-19.299334519998716,196.14502943408417,177.39924769513226,-189.85754230534286
42.523908079877344,-68.32411791824124,-28.459219384470188,188.78467817518066,184.49740330154995,-176.42176954714944
33.66867284383203,-75.35479155726014,-37.577800398202335,181.21762516798083,191.22902787525297,-162.3265012328678
25.034018511277484,-82.21420898887511,-46.601746158854546,173.47625676980937,197.59692283283357,-147.6209172042808
16.704856379311664,-88.83699053394932,-55.480611356235954,165.59010286334953,203.6000847512228,-132.35777101049936
8.751501507690325,-95.16809130845378,-64.16854732834204,157.5856155664846,209.23363286943814,-116.59314038392917
1.2270928524880542,-101.16494555419428,-72.62603525577951,149.48591960663464,214.48892888781708,-100.3861094217089
-5.8343730438006745,-106.79919942952131,-80.82153800421693,141.31051821808273,219.3538563698951,-83.79839237110696
-12.419236836012502,-112.05789575080448,-88.73294887932258,133.07495631331497,223.81322456352606,-66.89390991377144
-18.534461753134767,-116.9439855239283,-96.34870653625286,124.79046262137605,227.8492621227627,-49.738329264603045
-24.206905951356568,-121.47606467047225,-103.66844734697945,116.46361228667642,231.44216947731135,-32.39857942302982
-29.481526350189597,-125.68727023724003,-110.70308123573568,108.09606863364525,234.57070375267082,-14.94235271455936
-34.418518719758055,-129.62331748287343,-117.47420484483698,99.68447493013468,237.21277640213833,2.562396519760778
-39.08946800319666,-133.33971518723465,-124.0128061260117,91.22057173787405,239.34605027269888,20.047945500276242
-43.57265647723789,-136.89825772386598,-130.35726494541342,82.69161102073758,240.94852894694174,37.44727851324081
-47.947749699117935,-140.36295421578677,-136.5507115938427,74.08112356457849,241.99913624667707,54.69453427897203
-52.29014485989978,-143.79561207019256,-142.63786460777425,65.37007144133945,242.4782872650453,71.72541554166196
-56.665316581457496,-147.25133867980458,-148.66152560618016,56.538383423370455,242.3684539036228,88.47755196478549
-61.12352523673084,-150.77425566623498,-154.65895614908013,47.56683088304351,241.65472751260694,104.89080861653781
-65.69525757024937,-154.39373015555833,-160.65839435447427,38.43915843894452,240.32537894170397,120.90753414341545
-70.38774559137335,-158.12141409238995,-166.67598244241583,29.144341992920165,238.3724123651453,136.47274523106864
-75.182856611838,-161.9493443375252,-172.71336723811095,19.678811896668194,235.7921040647012,151.53424710974016
-80.03656683035732,-165.84929437730062,-178.75620267766604,10.0484557695604,232.58551148674925,166.042693525573
-84.88012777129612,-169.77348645035988,-184.77372757998168,0.27020821326424915,228.75893197103196,179.95159348766143
-89.62291649695956,-173.65667661100866,-190.71951689676044,-9.626953792873806,224.32428526383688,193.2172758270382
-94.15683621774431,-177.41952240707008,-196.53341613964835,-19.60175973112704,219.29938996067892,205.7988257107504
-98.36201431965648,-180.97304234612437,-202.14457434337982,-29.60123880417524,213.70810200662527,217.65800928248188
-102.11344067654682,-184.22388734280042,-207.47539947822972,-39.56219331679523,207.58028384973608,228.7592031562774
-105.28811019430029,-187.08007536854672,-212.44618055576038,-49.41351442510755,200.95157617746528,239.06934432181362
-107.77218753807806,-189.4567983765998,-216.98006080399097,-59.079227347439215,193.86295055330194,248.55791307992448
-109.46770361604575,-191.2818995623571,-221.00801242598644,-68.48208424802058,186.3600306571142,257.19695710863726
-110.29832374224644,-192.5006404022035,-224.47345919960225,-77.54746802458041,178.49218189384032,264.9611590954415
-110.21379382958136,-193.0794287023699,-227.33621904482712,-86.20733546136655,170.3113832622739,271.82794419531155
-109.19276734883124,-193.0082560510819,-229.57549202133373,-94.40391777257297,161.8709106841334,277.7776176463241
-107.24383323913658,-192.3016881158541,-231.19169449950175,-102.09291182041966,153.22387636308272,282.7935179750577
-104.40469284307494,-190.99835512130124,-232.20702976754575,-109.24593466080198,144.42168288871056,286.8621680380763
-100.73956112553148,-189.1589930634399,-232.66478016166965,-115.85207323081568,135.5124623791688,289.9734051533779
-96.33498350100439,-186.86317988074734,-232.62739686732468,-121.91843350248224,126.53957869634336,292.12047297108376
-91.29435591638837,-184.20498764183284,-232.17354270470054,-127.4696715893979,117.54027361598675,293.300061382398
-85.73150636219047,-181.2878268856519,-231.3943041791826,-132.5465651762044,108.5445350942912,293.51228622078185
-79.76373760988758,-178.21879031047814,-230.38882797826915,-137.20375006411723,99.57425721782917,292.76060706371476
-73.50474350043186,-175.10281045144444,-229.2596527293232,-141.50679797886318,90.64274737285052,291.0516882376633
-67.0577968397612,-172.0369324700447,-228.1080005279441,-145.52884456347277,81.75461749387465,288.3952142739449
-60.509570003829865,-169.10497294736933,-227.0292679058855,-149.3469894763034,72.90607431552472,284.8036757702652
-53.92489483102197,-166.37279364592766,-226.10891731620012,-153.0386847078861,64.08560009408717,280.29214430429
-47.34270160475616,-163.88437055925706,-225.4189232530241,-156.67830536845366,55.27499222004542,274.8780554317942
-40.77330280341852,-161.65878745402873,-225.01487700886713,-160.33406323019048,46.45070943568986,268.58101691138023
-34.19710992124761,-159.68823260431637,-224.93380522806507,-164.0653817436658,37.585455708055896,261.4226554595777
-27.56479427116835,-157.93702928368387,-225.1927130693258,-167.9208065536806,28.64992149113685,253.42651012460186
-20.79882782073446,-156.34168542398592,-225.78782482389073,-171.93648166248792,19.61459690729945,244.61797449324882
-13.796270061257303,-154.8119055449352,-226.69446388132252,-176.13518144230284,10.4515724466056,235.0242841779432
-6.4326041426069835,-153.2324683405754,-227.86748968208565,-180.52585483901865,1.1362496823903356,224.6745410739111
1.433626885587369,-151.46583641707971,-229.24219093595013,-185.10361156482216,-8.351103735662733,213.59976228950256
9.9556709816245,-149.35533190929576,-230.73552110666395,-189.8500613137062,-18.024005291580842,201.83293978868454
19.293211580545407,-146.72868575444437,-232.2475536122193,-194.73390597826298,-27.88864834432134,189.4090967644931
29.607107376388345,-143.40175336506758,-233.66303081128393,-199.71168113713853,-37.94304834306797,176.36532847624954
41.05449644813734,-139.1821904203842,-234.85288403492257,-204.72854628391178,-48.176444396206705,162.74081842559724
53.78447053268093,-133.87290477979204,-235.67561393728218,-209.7190330203689,-58.56894264449678,148.5768248612504
67.93443217526219,-127.27514842846169,-235.9784440528784,-214.60767651709781,-69.0913780636983,133.91663715019328
83.62712953801261,-119.19118881584912,-235.59819834524464,-219.30947783171717,-79.70536567569496,118.80550596821638
100.96823091326586,-109.42660004297136,-234.3619074936958,-223.73017302348268,-90.36351084462478,103.29055501743602
120.04416883284462,-97.79233417670373,-232.0872186386797,-227.76631903886525,-101.00975115396386,87.42068462694198
140.91987191926108,-84.10685895382639,-228.5827664865359,-231.30524521324773,-111.5798087360717,71.24647881236749
163.6359337142078,-68.19876229135645,-223.64875377851197,-234.22496134902966,-122.00174101151127,54.82012698191075
188.20476369613533,-49.91030424388392,-217.07807606240812,-236.39415613931044,-132.19658852818407,38.195369460642205
214.6053444353106,-29.102419651971736,-208.6583958245402,-237.67245957004297,-142.07912976188436,21.42747249749958
242.77638981396285,-5.661618043531121,-198.17560816974202,-237.9111751442557,-151.55876306154877,4.573233707691692
272.6079596375974,20.490923893507375,-185.41912751754296,-236.9547067762274,-160.5405440988143,-12.308986599696496
303.9319178267417,49.38803212244117,-170.18934728370334,-234.64290505990337,-168.92641198144378,-29.159218535983264
336.51199075311115,81.00326093829332,-152.30747238009968,-230.8145326980853,-176.61663753452999,-45.9158359890844
370.03454095338327,115.23636802128843,-131.62769605945945,-225.31199478753817,-183.51152230442315,-62.51553059220679
404.10146165312847,151.89864933350043,-108.05139771586184,-217.9873942547897,-189.5133661069928,-78.89332978128266
438.2267594354719,190.69962069649466,-81.5426990124868,-208.7098571833896,-194.5287043788731,-94.98268358203089
471.83837362630317,231.23680398195467,-52.14436698722026,-197.37393234548384,-198.47079469229163,-110.71564366111161
504.28654679543837,272.99047913864314,-19.99273957964452,-183.90871379231208,-201.26230565628828,-126.02315465484949
534.8596031263725,315.325149144802,14.669878315369871,-168.28717912510072,-202.8381327657794,-140.83547193747214
562.807334894742,357.49910729288825,51.48699275297323,-150.53509684674063,-203.14823686413172,-155.08271212710054
587.3714004975266,398.68290079785186,89.98543562018666,-130.73875364311684,-202.16037449681141,-168.69553330062615
607.8212884946739,437.9866935769407,129.57990230646362,-109.05070574511196,-199.8625685451332,-181.60593183497622
623.4936084160656,474.4956210246389,169.58532755167658,-85.69278358484846,-196.26515510828244,-193.74813287911235
633.8318426362695,507.311304793792,209.2372814675975,-60.955685544463236,-191.40224126565755,-205.05954259849395
638.423333731083,535.596874151884,247.71982874130862,-35.194685838260696,-185.33242002092527,-215.4817233846495
637.0302582910715,558.6222375871374,284.19952865163043,-8.821244405246489,-178.13861430714354,-224.96134890211627
629.6116785566003,575.8060580866477,317.86355322624524,17.709376418470328,-169.92696105398232,-233.45109464250447
616.3344454990483,586.7509649146162,347.9593567027422,43.914041431617676,-160.8246972187331,-240.9104217679328
597.5716808804561,591.2689929408433,373.83301840033715,69.30043869832556,-150.97706921530056,-247.3062173350235
573.8886819847685,589.3950355158817,394.96335361263993,93.38747689784938,-140.54335100091856,-252.6132620669931
546.0172382941388,581.3871401488808,410.98915833932995,115.72611399552265,-129.69211902016497,-256.81450699419105
514.8203877639717,567.7136456176315,421.7274999394719,135.9192509116353,-118.5959887334433,-259.90115163422865
481.25045122930857,549.0283166427619,427.1817273323542,153.63935071620455,-107.42606226878183,-261.8725279657642
446.3036799187571,526.1356443899,427.5387636771307,168.64259498547688,-96.34636534245502,-262.73580531456776
410.9749906158974,499.94923779828594,423.1561590037223,180.7786505658517,-85.50856084457448,-262.50554058252635
376.2160513291249,471.4466600150098,414.5402172941888,189.99546521027213,-75.04721496494469,-261.2031053686318
342.8994670099119,441.62413973198295,402.3171833595822,196.33890287919021,-65.0758599616064,-258.85602605904523
311.791082941312,411.45432863630964,387.19991637384527,199.94742768939048,-55.68404808856232,-255.4972747638812
283.53157475199924,381.8497423396092,369.9526583301223,201.0424090050755,-46.935527911713535,-251.16454815752454
258.6276333639,353.63379911431036,351.3564300338444,199.91491427802546,-38.86760260423071,-245.89956814274552
237.45227378868003,327.5205571462548,332.1772877794326,196.91005611297044,-31.491655837482853,-239.74743325001407
220.25316941210704,304.1034433100434,313.13920631919643,192.41005309257042,-24.794760614040598,-232.7560433161966
207.16748065686244,283.8525467088736,294.9027863632012,186.81715037602362,-18.742225278066755,-224.97561278075426
198.2414215780648,267.1194775088853,278.0503879144119,180.53743774659793,-13.280883330715483,-216.45828036794217
193.45277657472383,254.14839826641324,263.07772728613253,173.9664202227656,-8.342902440549409,-207.25781538637204
192.73470843789323,245.09162703887165,250.3914946940509,167.4769654488705,-3.8498743838321303,-197.42941367711575
195.99944240939791,240.02817280383158,240.31218213192238,161.410000237618,0.2830488521712766,-187.02956959273592
203.1607180568877,238.98366164597016,233.0810706882506,156.06808132816215,4.1431887940763374,-176.11600443577294
214.15422265154245,241.95030520431175,228.8702089202696,151.71174358231912,7.81672897059056,-164.74762662121424
228.95551398359524,248.90580690414828,227.79420300943892,148.55834725757427,11.38560346880034,-152.98449453158275
247.59517406670284,259.83035542885386,229.92271071361432,146.78301279914314,14.92498663695244,-140.88774969051963
270.1710850790732,274.7210845240409,235.292656760681,146.52114869492937,18.501440028617573,-128.51948561116077
296.8577721525278,293.6035585634198,243.91934023862558,147.87204217247856,22.17173029817732,-115.9425166489587
327.9127101340505,316.53995942262077,255.80576168184098,150.90298720334596,25.982294593420356,-103.22001164019397
363.67934706644644,343.6336972161538,270.9496420290329,155.65346088278787,29.969299795418692,-90.41495933952459
404.58636735770324,375.0301499327071,289.34772774930036,162.13891891277933,34.159219561975796,-77.58943705010722
451.14242215886554,410.9131683189191,310.99707391571394,170.353855663582,38.569838514696684,-64.80366077884511
503.925222862131,451.4968840554891,335.89307444643526,180.27385783739504,43.211585317872576,-52.11480517108535
563.5635674008823,497.0122605632232,364.0240765711494,191.8564688596553,48.08909453202358,-39.57559475869881
630.7106039120614,547.6877629049793,395.36248963890154,205.04077150968962,53.20289935955195,-27.232684944041985
706.0065033204174,603.7235382359304,429.8523940508373,219.74568827662512,58.55116201341188,-15.12487165656469
790.0287963828466,665.2586365085806,467.3937921064594,235.8670927007551,64.13135384604712,-3.281192419863679
883.2290250054338,732.3311073363291,507.8238343319466,253.2739208409089,69.94180234353442,8.280992176958627
985.8551532479125,804.8313206718718,550.8956125021529,271.80356952511704,75.98302592579324,19.55782034248721
1097.8604523867907,882.4495982535367,596.2554354973533,291.25696515183523,82.25878018247327,30.560511885255593
1218.8013473744643,964.6202056224422,643.4198857964739,311.39377926602583,88.77674144518618,41.316547410042915
1347.7289524542118,1050.4649001120097,691.754367510274,331.92834816158074,95.54875690197943,51.87026466856054
1483.081602473804,1138.7404716388878,740.4552598330008,352.5269141134173,102.59059683651687,62.28268943608899
1622.5883632499304,1227.7959124269282,788.5381253237736,372.8068343590603,109.92115638312171,72.63043005087141
1763.195922941498,1315.5458225596733,834.8346208249839,392.3383886364044,117.56107372865287,83.00349498065664
1901.0329715756916,1399.4671785257467,878.0007447682743,410.6497456983216,125.53076071474572,93.50194359240761
2031.4266576906145,1476.6264292135124,916.5387574073768,427.23551526645076,133.84788097612886,104.23135194949744
2148.9844778156844,1543.7428317557185,948.8344770811798,441.5691107726458,142.5243591977118,115.29716571409428
2247.751629735011,1597.2918630534434,973.2106648678206,453.1188833711973,151.5630599667531,126.79811596822287
2321.448291065699,1633.6494246799452,987.9958861383845,461.3676710417086,160.9543311849878,138.81898289665872
2363.7836403211118,1649.2735398415525,991.6066593994614,465.83505932412214,170.67265844020727,151.42309612998002
2368.834276326337,1640.9156408493952,982.6390062561744,466.1013021597275,180.67371529297466,164.64504676393466
2331.464966702571,1605.8488560034007,959.9638870476374,461.8315388743157,190.89211211373458,178.48414197206705
2247.760644539223,1542.096548242729,922.8196625592182,452.7987059976923,201.24013600588725,192.8991474408525
2115.431722474241,1448.6414102616425,870.8938856196479,438.90341811054674,211.60773203494634,207.8048275781331
1934.1515005770514,1325.5943068162333,804.386589982441,420.189110801405,221.86390069618685,223.0707055255122
1705.7857905252476,1174.3032315959024,724.0479346092989,396.8509191001383,231.85958202535033,238.52232753402566
1434.481382627104,997.386395287043,631.1846096926795,369.23710749867524,241.43197137210882,253.94513886292495
1126.5914184259716,798.6794166776938,527.6317312305546,337.84235453388595,250.4100780384956,269.0908766179913
790.4310645674307,583.0943149786046,415.6898410965189,303.2927882521208,258.62121080920707,283.6861788226949
435.8743519492406,356.3966419286012,298.02978757871153,266.32331476153956,265.89796959056775,297.44292045394445
73.82039341190523,124.91557808782717,177.57132352231497,227.74841602263007,272.0852539791012,310.0696371832958
-284.4279753358134,-104.790971815416,57.3438506042836,188.42814779837002,277.0467777429497,321.28330328816173
-627.8199134665504,-326.2893068635174,-59.66047074093106,149.23148308305102,280.6706074159388,330.8207024355711
-946.1894233968777,-533.6119251664516,-170.630268335177,110.99937353355318,282.8733214284156,338.44867167912963
-1230.8108534952648,-721.5608962595569,-273.0645583359666,74.50991560283936,283.6025049744219,343.9726046207203
-1474.831674584819,-885.9492461870005,-364.8792476129574,40.44780805196939,282.8374414450571,347.24275639259787
-1673.5512323513308,-1023.7637585803311,-444.48372698677815,9.379896966712295,280.5880168089018,348.1580825212687
-1824.531198177424,-1133.2408633671034,-510.8236662682138,-18.261931575772195,276.89200110142866,346.6675446236491
-1927.541020754284,-1213.8559476503483,-563.3892626545978,-42.18987231077068,271.81099526454886,342.7690071568801
-1984.3575161527951,-1266.2343910701697,-602.1911823525245,-62.26133584375472,265.42541990687226,336.50601283306867
-1998.4499582449741,-1291.9989926861874,-627.7089481300484,-78.47269198562137,257.82896836556847,327.96284647173724
-1974.5894711665594,-1293.5726135179677,-640.8183286545678,-90.94670743674894,249.122948739123,317.2583707329257
-1918.4238112114579,-1273.956566209497,-642.7052575536817,-99.9151159748474,239.41090267254242,304.53914135225
-1836.0561510144153,-1236.5046540664412,-634.7739465527239,-105.69795187666085,228.793821139442,289.9722887301459
-1733.6602373018045,-1184.7102005453403,-618.5562557326191,-108.68131031642534,217.366190351468,273.73859572664605
-1617.155636712902,-1122.0195114595842,-595.6282176941507,-109.29508899599557,205.21300606147742,256.026119439871
-1491.9571611453557,-1051.680643865724,-567.5380941725203,-107.99204309605679,192.40780285798604,237.0246094498723
-1362.8032888580449,-976.631752136786,-535.7486916824964,-105.22918797706706,179.01166537528204,216.9208774996221
-1233.660482919801,-899.4291610391602,-501.5950711519073,-101.45224991976625,165.07312657295984,195.8951829229354
-1107.6943809872653,-822.2120307436453,-466.2574046124267,-97.0835306031095,150.62881715405152,174.1186207927298
-987.2951242878597,-746.6982044680708,-430.7476545653775,-92.51324543173709,135.70470969207983,151.75143949308477
-874.1425081341717,-674.2045787837584,-395.9080183897442,-88.09414008908982,120.31779870400696,128.9421724335122
-769.296829759255,-605.6849969024186,-362.4186833497582,-84.13899549171931,104.47806975388242,105.82744410873916
-673.3028071162894,-541.7790440510809,-330.81233425615585,-80.92050190874424,88.1906319368813,82.5323014141137
-586.2962362294521,-482.86599458229784,-301.4929811055164,-78.6729148340322,71.45791395060577,59.17092400111022
-508.10567989985884,-429.11929985398024,-274.7569553974687,-77.59488999417461,54.28185008164435,35.84757917659716
-438.34406471001887,-380.55822219852615,-250.81429139579814,-77.85292185345882,36.66600537397667,12.65770424934457
-376.48734762434015,-337.0943675135088,-229.8091027987995,-79.58486777637208,18.617606630653615,-10.310980428979658
-321.9392516315539,-298.5718515622651,-211.837941157302,-82.9031182148175,0.14945648474899542,-32.97740335221476
-274.08241098822873,-264.8006041453749,-196.96545082670767,-87.89706341738332,-18.718288639361493,-55.266173947944374
-232.31713107155772,-235.5828603419618,-185.23690206740451,-94.63460309525087,-37.956498562383565,-77.10675156001813
-196.08942130412092,-210.7332261906146,-176.68738741745642,-103.16254342327844,-57.52563686036531,-98.43277177073273
-164.91009013137844,-190.09287200871537,-171.34761434695014,-113.50582378059036,-77.37455586755812,-119.18153679131687
-138.36659142690047,-173.538443076375,-169.2463332724938,-125.66561298748613,-97.43957046631327,-139.29366544808866
-116.12906793246296,-160.98622954772063,-170.40952110570078,-139.61641104410285,-117.64387164432566,-158.71288945845671
-97.95172231768703,-152.39204749244777,-174.85651377545184,-155.30238656434582,-137.89734667321076,-177.3859760311595
-83.67031804601717,-147.74718793257284,-182.59336172462895,-172.63327000292801,-158.09687288293287,-195.2627521389501
-73.19631402120984,-147.07072092447123,-193.60378139970862,-191.48020440020966,-178.12714490095854,-212.29620293015506
-66.50790024802362,-150.39841996647075,-207.83819885695658,-211.6720227739074,-197.86208004463433,-228.44261552864074
-63.63804769583801,-157.76861305906903,-225.20152773643673,-232.99246680934462,-217.16682321999116,-243.66173981089523
-64.65962702213433,-169.20537670818243,-245.54048458477732,-255.178876442346,-235.90034196226856,-257.91693954383436
-69.6676929128045,-184.6996647462663,-268.63140408584695,-277.9228556715625,-253.91856581412236,-271.1753104114362
-78.75917071786361,-204.18919173003866,-294.16965298962054,-300.8733493923168,-271.0779845669493,-283.4077458150207
-92.01040817606966,-227.53814732430985,-321.7618277195659,-323.6424453037941,-287.2395801688035,-294.5889367204481
-109.45334587223996,-254.51807046668802,-350.9219286381984,-345.8140448531264,-302.272930949889,-304.69729800373653
-131.05138388377424,-284.7914197435555,-381.0726082045001,-366.95533459115575,-316.06029797488,-313.71482041150716
-156.676337473437,-317.89949501644605,-411.55237248691384,-386.63074765058826,-328.50048526987564,-321.62685403599846
-186.08813315599295,-353.2563521512457,-441.62926944375556,-404.41785400712405,-339.5122611884414,-328.4218356883704
-218.91904681167165,-390.15017302200266,-470.5211327837175,-419.92438231249906,-349.0371390205505,-334.0909782869824
-254.66428022672682,-427.75318723735506,-497.42189513538113,-432.8053824139359,-357.0413415144279,-338.62794490610344
-292.68047530071146,-465.14069229577706,-521.5328849130068,-442.7794123935113,-363.5168151706257,-342.02853303507914
-332.1933590973937,-501.3190131790225,-542.0974388821319,-449.64259874769834,-368.4812133784462,-344.2903955377953
-372.3151065665613,-535.2614359792329,-558.4366668925671,-453.2794867376856,-371.97682877817806,-345.4128235590665
-412.07123927293037,-565.9503223169369,-569.9838662207651,-453.66977256706537,-374.06851977101655,-345.3966131467225
-450.43601511979523,-592.4228576211203,-576.3149594795234,-450.89027997009134,-374.84073851077414,-344.24403178911905
-486.3743969702166,-613.8173068214188,-577.1724602713376,-445.11188878577616,-374.39382273811646,-341.9588937605685
-518.8879219642292,-629.416335564534,-572.4808637269698,-436.5915096355573,-372.83975685391954,-338.5467446718974
-547.0612324439928,-638.6839686132356,-562.3519902399473,-425.65958784347185,-370.297635218182,-334.0151466497492
-570.1057615276194,-641.2931268057978,-547.0796224657397,-412.7039705091602,-366.88907085410494,-328.37404692202557
-587.3971477658865,-637.1413914974013,-527.1236832423122,-398.15124612226464,-362.73378526176396,-321.63620508596813
-598.5033972320887,-626.3536258374115,-503.0851043279309,-382.44683787144277,-357.94559128242076,-313.8176487184127
-603.2015828291071,-609.2712306046642,-475.67332909314786,-366.03518378258104,-352.6289437165281,-304.9381238237524
-601.4818886134592,-586.4289972039348,-445.66898531282703,-349.34126723016664,-346.8761855631233,-295.0215062336342
-593.5389547332989,-558.5216024476408,-413.88459140865456,-332.75458253215777,-340.7655657876934,-284.096142518717
-579.7516198468331,-526.3626419764747,-381.1261902773483,-316.6163565488034,-334.36005200964576,-272.19509400311034
-560.6531567817375,-490.8396258209722,-348.15854726031006,-301.21053094966067,-327.70691263091743,-259.3562645817726
-536.894838420347,-452.8685097301132,-315.6760472004088,-286.7586771223845,-320.8380011617063,-245.62240153053028
-509.20607628488557,-413.35110971796456,-284.28075255491507,-273.418701331976,-313.77064329529804,-231.04096755532996
-478.3544135897481,-373.1381942120797,-254.46832931158502,-261.2869309880998,-306.5090059844953,-215.66389112685582
-445.1083471800872,-333.0002571207286,-226.6218019479078,-250.40297451756254,-299.0458176195947,-199.54720993700164
-410.20536273113544,-293.60705912346464,-201.01244475172706,-240.7566281033652,-291.3643086736415,-182.7506284960064
-374.3267908643715,-255.51610270393113,-177.80661605145048,-232.29606312854264,-283.4402513682831,-165.33701506133684
-338.08024013766203,-219.16938672471605,-157.07702949202167,-224.9365605319355,-275.24399300914,-147.3718650712434
-301.9895460927897,-184.8971511446851,-138.81683984428145,-218.5691479864721,-266.74239836450005,-128.92275807667585
-266.49148636969045,-152.92692024863786,-122.95498241859805,-213.06862470250462,-257.90063950769274,-110.05883303619623
-231.9380146522534,-123.39599551053671,-109.37140857725598,-208.30060764914802,-248.6837947667006,-90.8503031061158
-198.6024914400423,-96.36561591174964,-97.91115771990468,-204.12738440707645,-239.05823998363203,-71.36802615008826
-166.68833449428593,-71.83524795789064,-88.39654820499923,-200.4124972007816,-228.9928337348594,-51.68314157211462
-136.33864537698037,-49.755828737287366,-80.63710994128533,-197.0240995296451,-218.4599124864896,-31.866778194010806
-107.64564053826268,-30.04119815225645,-74.4371831909881,-193.83721525761027,-207.43612128429464,-11.98983216529151
-80.65906645898684,-12.577361542915543,-69.60134701793247,-190.7350881453182,-195.90311033780733,7.877191340404455
-55.39314954912095,2.7704254759717273,-65.93800507160458,-187.6098390742517,-183.84812796201783,27.664283337436235
-31.83197245824328,16.152492397469015,-63.26154570034723,-184.36265245999098,-171.26453630952182,47.301997292949096
-9.933442514132949,27.73108418619456,-61.393516219453005,-180.90369780547212,-158.1522689473299,66.72149288094188
10.36779554249157,37.67768975531597,-60.16322163322704,-177.15196271000707,-144.51823959243572,85.85457470317257
29.158056748419064,46.17088242459189,-59.40809279209705,-173.03513539764734,-130.37670034833607,104.63374320031741
46.54246880631807,53.394258476737576,-58.974084173604055,-168.48963271033745,-115.74953678372164,122.99227344576714
62.64258636228669,59.53417009583745,-58.71627129921248,-163.46082729987137,-100.66647737196742,140.86433478412025
77.59347896754223,64.77707449068646,-58.49973294268857,-157.9034881816047,-85.16518729342826,158.1851604995146
91.5401356592603,69.30644306117463,-58.20073068383968,-151.7824136710855,-69.29121235992436,174.8912721035651
104.63316329514785,73.29927951351634,-57.708141409704126,-145.07320604776856,-53.09773856833813,190.92075773048725
117.02387729871909,76.9223759971466,-56.92505758321107,-137.76311360137305,-36.645136917777855,206.21359890060504
128.85898130074506,80.32848891797555,-55.77044401443392,-129.8518482663028,-20.00027162705078,220.71203500368532
140.27510049535707,83.65264242655661,-54.18072594855214,-121.35227601892497,-3.235562334387488,234.3609507206392
151.39347106091174,87.008771677353,-52.11117876560793,-112.29087284601667,13.572193612322929,247.10826868817412
162.31509674752365,90.48690501248865,-49.536992120422084,-102.7078417504629,30.343215299747122,258.90532838021124
173.11666775313108,94.15105943784451,-46.45388939110771,-92.65679637098019,46.996307676634956,269.70723266977916
183.84750116211995,98.03799144044943,-42.87819624218838,-82.20393472367307,63.45054880773843,279.4731459030002
194.52771125954808,102.15690829827983,-38.84627015863316,-71.42665242600977,79.62702422829705,288.1665314118258
205.14775604716363,106.49020509737119,-34.413226700213215,-60.4115781376173,95.45052890641712,295.75532184322316
215.66943652978844,110.99525010902707,-29.650928764315523,-49.25205371051665,110.85115415388071,302.2120219244921
226.0283503963191,115.60719580075121,-24.64524271361634,-38.04512564531453,125.7656798433245,307.51374960788405
236.13772389704874,120.24274440159417,-19.49260933046679,-26.888159898864743,140.13870148095617,311.64222717498495
245.89346752280056,124.80474609989982,-14.296026504030749,-15.875235026283775,153.9234364203016,314.58373810264885
255.18022564625977,129.18745620228236,-9.160591297774715,-5.093504630771875,167.082172599054,316.32906771375355
263.8781215710509,133.2822278164752,-4.188797310365885,5.3802554166293675,179.58634501573613,316.873445509678
271.86984225486674,136.98337293858205,0.5241761079993523,15.482690631634199,191.4162478605748,316.21650456093187
279.04766663011407,140.1938921400535,4.894918602659459,25.166287779288737,202.5604118499415,314.3622686945623
285.3200231431383,142.83075643515437,8.855713695633938,34.40098584418416,213.0146951229069,311.3191720370977
290.61717020123183,144.82942879396737,12.357671968501876,43.174841611836314,222.78115061900218,307.1001085504337
294.8956302953146,146.1473401086306,15.372846054068049,51.49367786161159,231.86674222122724,301.72250245177435
298.14107488644197,146.7660860092525,17.89515883990626,59.37971725202148,240.2819857104847,295.2083847396308
300.36945006664666,146.69218493217858,19.940053278664777,66.86928365674471,248.0395888723479,287.5844572133346
301.6262469129107,145.95632972517154,21.542862325607643,74.00972709469823,255.15315853622815,278.88212387844095
301.9839470687532,144.61116787213442,22.755992867215184,80.85579067059152,261.63603189291433,269.13747065724976
301.53780318390454,142.72775041977292,23.64510905089253,87.46568137227402,267.5002763408353,258.39117771538724
300.4002342814828,140.3908873685935,24.284579115380666,93.89712642792118,272.7558876552014,246.68835400664025
298.6942170773997,137.69372842379835,24.752507650448138,100.20369113152282,277.41020171223687,234.0782901369369
296.54612647044263,134.73194475321202,25.125706225427706,106.43160346341928,281.46752143747716,220.6141325408525
294.07851520175626,131.59791426565465,25.47495634271081,112.6172791431601,284.92894895973836,206.35248843881163
291.4033207913274,128.37530737835368,25.860889676338275,118.78567393694212,287.79240375228676,191.3529763981557
288.61594778788816,125.13443301093389,26.33075465923713,124.94951556569835,290.05280116301947,175.67774105262887
285.7905992594583,121.9286394703235,26.916261507850663,131.10939338186955,291.7023622466913,159.39095238183157
282.9771305728874,118.79197843845245,27.63260751366137,137.25461754981657,292.73102505151513,142.55830990850447
280.1995803885113,115.73824073421144,28.47868970740059,143.36470683991297,293.1269291260811,125.24657045056313
277.45640913194467,112.76136905276559,29.438421642705578,149.41132938089532,292.8769485011154,107.52311504718705
274.72235472345443,109.8371545166056,30.48299293849665,155.36050554142432,291.96725316833084,89.45556683117557
271.95170871827855,106.92603858562629,31.573850533513607,161.17488595915148,290.3838844804834,71.11146742762611
269.08273097922626,103.97677587762465,32.66614328094734,166.81593804096718,288.1133352855758,52.5580153508031
266.0428627799621,100.9306707147602,33.71235803353987,172.24590698658594,285.14313037886166,33.86186617827656
262.7543692346142,97.72608227623188,34.66588484676595,177.429457672159,281.4624064866912,15.088991207589931
259.1400418193082,94.30289930379297,35.48427840669345,182.3349465247976,277.0624930838415,-3.695411075151803
255.12861770423078,90.6067125529971,36.132027759812075,186.93531318234528,271.93749563750634,-22.42695809769584
250.6596199447051,86.59245725099102,36.58270142384046,191.20861647958185,266.08488128481383,-41.04208941612968
245.68738531276006,82.22735339517811,36.82039421235609,195.13826548755347,259.506063587635,-59.47804534061104
240.1841181360004,77.4930331328747,36.8404600988716,198.7130125635109,252.2069781538423,-77.67282778185904
234.14188247430286,72.38680622529508,36.649567416024965,201.9267814637529,244.19863502425295,-95.56515351507183
227.57351547323807,66.92207191009771,36.26515497386332,204.7784003986503,235.4976274036987,-113.09441038821713
220.51250701670455,61.12793452946093,35.71439793208046,207.2712991460198,226.1265702755887,-130.2006272764668
213.0119414292888,55.04811848843545,35.03280947736869,209.41321319268974,216.11443745529698,-146.8244687346769
205.14263397281943,48.739304128403276,34.262608823774386,211.21591879938143,205.49676247975157,-162.90726520277406
196.9906176872304,42.26901983890332,33.45097915585292,212.69500332398087,194.31566810085417,-178.39108911304203
188.65414546196075,35.71322814491714,32.64832310016047,213.86965730980333,182.6196916065047,-193.21888616789653
180.2403698418275,29.15373638528071,31.90660091237357,214.7624605736364,170.46337907877887,-207.33466925600328
171.8618514520217,22.67554828832479,31.27781080999562,215.3991251378628,157.90663107713664,-220.6837798652076
163.63302895844419,16.36425387272837,30.812644706722075,215.80815410797481,145.0137948434333,-233.2132184232399
155.6667621314822,10.303534269077417,30.559328637082025,216.02037769974794,131.85251335068597,-244.8720408449815
148.07103761796105,4.572837641431519,30.56263750284056,216.0683352313326,118.49235840673886,-255.6118138882158
140.94590676461655,-0.7547356776678811,30.86305987600334,215.98548420637263,105.00329232879476,-265.38711702468026
134.38070797880664,-5.6143150697467235,31.49608119065885,215.80523343909215,91.45401897164052,-274.15607380820273
128.45161364509693,-9.950894641527825,32.49155276983781,215.5598150598539,77.9102985801604,-281.8808916094493
123.2195337934627,-13.720712773759018,33.87311914127123,215.27902859613147,64.43331057015523,-288.52838553502664
118.72840510427197,-16.892368785519523,35.657685843978655,214.988907538435,51.078152667480595,-294.07046076346074
115.00389343366147,-19.447667248270008,37.85492287994819,214.71037336581853,37.89256298437222,-298.4845277203668
112.05253943061973,-21.3821764771983,40.466813368027175,214.4579526227732,24.91594322044106,-301.75382664698367
109.8613783479716,-22.705483183618398,43.48727100634545,214.238638306182,12.17874647615984,-303.86764217879994
108.3980651492279,-23.441121639375197,46.90186194712181,214.05097689366852,-0.29772699692327276,-304.821394340509
107.61153297594474,-23.626154302954674,50.68767517635435,213.88445657413348,-12.50110699957435,-304.6165994873398
107.43320580142618,-23.31038275081646,54.81338936366289,213.71926078417223,-24.42731083676152,-303.2607026304076
107.77877397429059,-22.555173647571124,59.23958272390046,213.52643455929237,-36.07951477026848,-300.76679061524334
108.55052424366048,-21.431894641145647,63.91932550467417,213.2684903830928,-47.46679753956838,-297.15320307648096
109.64019426827849,-20.019969276876694,68.79908256056888,212.90045637280699,-58.60253416357689,-292.44306429854987
110.93229665603255,-18.4045776083625,73.81993684084658,212.37134422449083,-69.50263256743827,-286.6637635093581
112.30783089300812,-16.674049032578495,78.91912466321764,211.62598895872185,-80.18371300389119,-279.84641332879113
113.6482751286597,-14.917014531636838,84.03185186715693,210.60718882057418,-90.66133032827764,-272.02531590777295
114.83972592547535,-13.219405270978669,89.09333805324005,209.2580533130501,-100.94833219863268,-263.23746378292964
115.77703500057042,-11.661401605858202,94.04101592613372,207.52445174186877,-111.05343310883214,-253.52209791820982
116.36777970579458,-10.314449288512861,98.8167960101637,205.3574450145955,-120.98006624484836,-242.92033928270078
116.53590010199099,-9.23846660208362,103.36929522219256,202.71558059177354,-130.72555425093338,-231.47490323398452
116.22484095904595,-8.479366234989087,107.65592212900371,199.56693480238704,-140.2806180198289,-219.2298986159683
115.40005209621621,-8.067008440361121,111.64471286807947,195.8907980766304,-149.62922143411137,-206.23070650982874
114.05072461776366,-8.01368748960229,115.31581980035108,191.67891636499084,-158.74873120087224,-192.52392758902286
112.190672488117,-8.313232330449836,118.66256954346181,186.93622497270263,-167.610355773431,-178.15738248499508
109.8583065682543,-8.940775961508379,121.69202711819415,181.68103771141884,-176.17981661330757,-163.18014675709097
107.11568926715444,-9.853218046997682,124.42502709586488,175.94468284881762,-184.41819899437033,-147.64260108253436
104.04669966723809,-10.990373712793655,126.89565912131525,169.77060589123224,-192.28292801330355,-131.596478061901
100.75437867890737,-12.276770378539638,129.15022212614198,163.21298587741626,-199.72881788694409,-115.0948893425692
97.35755902390412,-13.624025881849278,131.24568710191733,156.334934909106,-206.70914815329846,-98.19232024958242
93.98691364281255,-14.93371675324292,133.24773084077896,149.20636875388965,-213.17672805669,-80.94458336605192
90.78057706513235,-16.100626601270562,135.22842128041384,141.9016486251579,-219.0849191585494,-63.408727085805594
87.87950664172268,-17.01625195822163,137.26364815374416,134.4971002628013,-224.38859510611778,-45.642899655315766
85.42275427002355,-17.572436875874402,139.4304001544115,127.06851628942579,-229.04502568873994,-27.706173267985555
83.5428149140089,-17.66500779897217,141.80399186022396,119.6887420321772,-233.01467918586613,-9.658336091035052
82.36120690899966,-17.197286102962593,144.45534068259812,112.42543447467989,-236.26194215280648,8.44033750175862
81.98442217633519,-16.083366164775512,147.4483869141569,105.33906988807816,-238.75575900783042,26.529326851010246
82.50036367090232,-14.2510607562686,150.83773951032384,98.4812592674796,-240.47019508668913,44.548103126641955
83.97536428470319,-11.644431671397086,154.6666176241749,91.89341326638699,-241.38492639610533,62.43635435467977
86.4518575496234,-8.225840650395298,158.965144147126,85.60578107620663,-241.48565743802075,80.13418764412879
89.94674710525705,-3.9774728457984168,163.74903349815077,79.63687165781093,-240.76446559810216,97.58230121652467
94.45049999563196,1.0976984782717096,169.01870236863377,73.99325166830994,-239.22006716230788,114.72212172485996
99.92696905986104,6.975522102121943,174.75881955773565,68.66970283257123,-236.85799653873357,131.49590560471856
106.3139322713046,13.610856173652337,180.93829967650555,63.649712593344944,-233.69068721198,147.8468066223091
113.52432183713216,20.938322647139756,187.51073539019265,58.906265579609325,-229.73744080858333,163.71891515441243
121.44810293186728,28.873607613548614,194.4152538613592,54.40289947708814,-225.02426981330672,179.05727783754213
129.95475067877675,37.31527597144181,201.57777488318834,50.09498681804079,-219.58360027243464,193.80790884215577
138.8962639181076,46.14705902354781,208.91264053253144,45.931203479868095,-213.45382346331417,207.9178059608819
148.11064493956857,55.24056384271579,216.32457872177935,41.855144719985184,-206.67869007086256,221.33498576587994
157.4257653484921,64.45834341552504,223.71095556948393,37.807049851340985,-199.30654679742054,234.00855214732823
166.66352940142622,73.65725660776096,230.96426396194255,33.72559676646584,-191.38942326797704,245.88881149921232
175.64423753901832,82.6920370928352,237.9747881388468,29.549727198051293,-182.9819861199991,256.9274456473731
184.1910447614795,91.41898096343992,244.6333768902935,25.220462805100468,-174.14038666020565,267.07775037323665
192.13440147275546,99.6996544436459,250.83425146137245,20.68267103807969,-164.92103766966724,276.29494322113607
199.31635919009082,107.40451672496779,256.4777691185935,15.886738585081524,-155.37936300886642,284.53653942127846
205.59462091897007,114.41634933658602,261.47306020640923,10.79010948644705,-145.56856977719897,291.7627895301583
210.84621688547517,120.633383471189,265.7404560672973,5.358645247660867,-135.53849616341589,297.9371671615831
214.97069145800177,125.97202103279642,269.2136279724209,-0.43223401235289316,-125.33458820195548,303.026890365738
217.89269702536387,130.36905431579905,271.8413635838344,-6.596664750137009,-114.99705509484902,307.003456218397
219.56390556597123,133.7833032969478,273.58891756127616,-13.13774316885285,-104.5602455490749,309.84316537553843
219.96416849761715,136.19660826336627,274.4388865540348,-20.047240111219494,-94.05227703464064,311.5276120169567
219.10187957858088,137.61413824020076,274.39157548671886,-27.305641531277658,-83.49493663849748,312.04411492091197
217.0135231708508,138.06400136802924,273.4648409728743,-34.88251697767049,-72.90385720848454,311.38606741834286
213.76241975985187,137.5961706500861,271.693417858032,-42.737206190019535,-62.288956883248254,309.5531875623569
209.43671068378472,136.28076577755036,269.1277551439009,-50.819801443016715,-51.655115115438576,306.55165476864727
204.14665286719867,134.20575741624884,265.83240667675204,-59.072391499100576,-41.00304510869733,302.39412506813426
198.02132030602752,131.47418284674242,261.88403886175604,-67.43052274787522,-30.33031224331252,297.0996235122692
191.2048306070771,128.20097985398536,257.36913132479606,-75.82482500643074,-19.632441338227622,290.6933186899241
183.85223083056806,124.50955825660506,252.3814561675504,-84.18274403677589,-8.904052931555654,283.2061902647861
176.12518639869114,120.52823485533881,247.01942683569905,-92.43032039047381,1.8600297739600258,274.6746054876271
168.18761954844607,116.38665772140534,241.38340855215003,-100.49395476029852,12.6637563565331,265.13982443507973
160.2014398239815,112.21233993824987,235.57307897561887,-108.30210341836477,23.50895155775312,254.64745605164964
152.3224989649237,108.12741184921637,229.6849207183885,-115.78685316397225,34.39457828697781,243.24688783695206
144.6968871699208,104.2456855571026,223.8099172910357,-122.8853329593011,45.31618273006521,230.99071127182057
137.45766829884394,100.6701070871303,218.03151176578157,-129.54092847302815,56.26553054398387,217.9341629850541
130.7221294896761,97.49065157400835,212.42387384650362,-135.70427543034245,67.23043130077092,204.1345984923423
124.58959732686485,94.78269636136794,207.05050696709145,-141.33401735887443,78.19473803809728,189.65101142293634
119.13984946413639,92.60588718497506,201.96321329257796,-146.39732247619776,89.1385005985614,174.54360684836917
114.43212867708245,91.00349463128444,197.20142172248265,-150.87016264610034,100.03824576827728,158.87343299858517
110.50474666669422,90.00224255164788,192.79187268514312,-154.73736422843936,110.86735418239202,142.70207161500844
107.37524824262992,89.61257752561468,188.7486439840528,-157.99244608743388,121.59650344321683,126.0913837119691
105.04109317109186,89.8293389828475,185.07349435678483,-160.63726396574197,132.19414859850565,109.10330478586623
103.48080307101043,90.63278313695115,181.75649572044802,-162.6814829550212,142.62701461236162,91.79968163679794
102.65551411342071,91.98991016636151,178.77692115521097,-164.14190107639908,152.86058020397397,74.24214197889398
102.51087253893154,93.85604264784212,176.10435326717837,-165.04164727808396,162.8595378700654,56.49198787378291
102.97920862123023,96.17660355800743,173.69997635340016,-165.40927676036247,172.58822050322175,38.61010462460337
103.98192505352502,98.88904362211642,171.51801541561082,-165.27778576411833,182.01099027997293,20.656877971706905
105.43203719190348,101.92486984575137,169.50728519367055,-164.68356710801007,191.09259001499814,2.6921140602314932
107.23680458267155,105.21172922916755,167.61281271611796,-163.66532708970382,199.79846065720997,-15.225041482505588
109.30039527018941,108.67550357167195,165.77749716772297,-162.26298406943164,208.09503085009374,-33.03618710513476
111.52652622290205,112.24237270935676,163.9437710227613,-160.516569234086,215.94998541678478,-50.6837514798505
113.82102470411849,115.8408044441578,162.0552263672761,-158.46515070146827,223.33251929740464,-68.11108068425689
116.09425661346287,119.40342992961857,160.05817022662671,-156.14580316688068,230.2135820015669,-85.2625237590109
118.26336897231293,122.86876364189101,157.90307272339106,-153.5926465175246,236.5661152739065,-102.08351337781585
120.254295201824,126.18272766312651,155.5458722974716,-150.83597795917467,242.3652837080595,-118.52063830932208
122.00347412113109,129.2999412931773,152.94910336141044,-147.9015228694818,247.58869484143133,-134.5217048513581
123.45923718691554,132.1847394598772,150.0828139906429,-144.80982944297648,252.21660220117732,-150.03578543975644
124.58282388294448,134.81188745699603,146.92524488048198,-141.5758308692123,256.232082231818,-165.013254099252
125.34899272721428,137.16696554418087,143.4632460807835,-138.2085959919696,259.6211743619753,-179.40581019016935
125.74620530743144,139.24640508591804,139.6924150632221,-134.71128494055677,262.372972940747,-193.166493857248
125.77637307681428,141.05716818146277,135.6169484430683,-131.08132005126473,264.47966057301096,-206.24969852067903
125.45417108252812,142.61607491455723,131.24920994054327,-127.31077462256704,265.93647456400487,-218.61118746656248
124.80593883470604,143.94879596587054,126.60902850923138,-123.38697296742887,266.74160166162363,-230.20812289451425
123.86820538205974,145.08854269834836,121.72275238599153,-119.29328531058825,266.89600082990415,-240.99911648372486
122.68589236174807,146.07450108075477,116.62209639209726,-115.01009094943772,266.4031590333474,-250.9443104994118
121.3102642227951,146.95006897476622,111.34283031558344,-110.51587348064649,265.2687904851634,-260.00549758991605
119.79670782697721,147.76096735619828,105.92336479224424,-105.78840356280946,263.5004949722361,-268.1462856979906
118.20243311560743,148.55330400995751,100.403297005513,-100.80595838095522,261.1073951619578,-275.3323119869389
116.58419157543435,149.37167232478694,94.82198112208482,-95.5485233401782,258.0997757150998,-281.53150650082006
114.99610919841375,150.25736745786003,89.21718727276718,-89.99892100283168,254.48874817676236,-286.7144026530226
113.48772522328,151.24679709915313,83.62390796145823,-84.1438151203268,250.28596475726104,-290.85448784259125
112.10231729480309,152.37015446241253,78.07336223581358,-77.9745437453932,245.50340120658382,-293.928583844579
110.875578325158,153.6504074583265,72.59223629057897,-71.48774450802995,240.15322420310386,-295.9172434285589
109.8346912267236,155.1026411052777,67.20218518544765,-64.68574659886167,234.2477523953997,-296.8051472233848
108.9978260631763,156.73377122376726,61.919605042390145,-57.57671701275389,227.7995129992721,-296.58148340620517
108.37406150496278,158.5426276458208,56.755669563096646,-50.174562210154406,220.82138831607148,-295.24029250668514
107.9637103288307,160.52038592230593,51.71661011073435,-42.49859955025576,213.326839398478,-292.78076054013036
107.7590085658584,162.6513091439421,46.80420597516937,-34.573024683864176,205.33018800492434,-289.2074457632946
107.74511108469378,164.91374714510795,42.01644163844148,-26.426210747233256,196.84693350133878,-284.53042742733015
107.90132390207683,167.28132989884742,37.34828146289771,-18.08988206672197,187.89407886853726,-278.7653687378865
108.20249596477117,169.72428585912155,32.79250950862834,-9.59820882422791,178.49043962640334,-271.93349051327084
108.62049074985322,172.210814509791,28.340583096709274,-0.9868696836564794,168.65691124506162,-264.06145641738794
109.12566057421499,174.7084452202718,23.98345291579416,7.707873054100872,158.41667422589381,-255.1811747963247
109.68825340997455,177.18532114188304,19.712309321167638,16.450046176871076,147.79532108298503,-245.3295257643146
110.27969240219956,179.61135651331168,15.519223225614262,25.20475348944068,136.82089540727728,-234.54802502638498
110.87368112105592,181.9592274243732,11.397659776164126,33.93885440705348,125.52383947416824,-222.88243783502486
111.44710171603316,184.20516880022933,7.342853000493015,42.62151731738141,113.93685289950625,-210.38235739001763
111.98068746676408,186.32956313238094,3.3520390268809095,51.22464027097669,102.09467017434089,-197.10076192915
112.4594647546815,188.31731843161973,-0.5754462878815829,59.7231392545125,90.03376914623416,-183.09356382646544
112.87297141499788,190.158043320201,-4.438192882045058,68.09511079457184,77.79202544081906,-168.41916238159408
113.21526820556325,191.84603563534074,-8.232847977160716,76.32188065608572,65.40832935508344,-153.13800985521743
113.48476743428509,193.3801071256116,-11.954333500221203,84.38795382208838,52.92218196796206,-137.31219790880746
113.68390754701592,194.76327074048828,-15.596128341595303,92.28088280111677,40.373286281153,-121.00506916150745
113.81870483059524,196.00231877940502,-19.150594803879315,99.99107175399288,27.801147383953193,-104.28085628313706
113.8982136346126,197.10732006256595,-22.60933022855599,107.51153319943018,15.244693232297113,-87.20434906082534
113.93392507800553,198.09106269124044,-25.96352721397315,114.83761243482118,2.741924956882622,-69.8405883251096
113.93913155967536,198.96846631046589,-29.204328676927872,121.96669260198217,-9.670397044941605,-52.254584565698615
113.92828102127507,199.7559845081632,-32.32316691242049,128.8978908345371,-21.95702738268077,-34.51105852878899
113.91634126517727,200.47101448690432,-35.31207848442838,135.63175341179604,-34.084468432682,-16.67420104088406
113.91819109107878,201.13132777240958,-38.163989023519505,142.16995553399468,-46.02116114004305,1.1925503102030195
113.94805186644223,201.7545327402811,-40.87296368876048,148.51500939284583,-57.73763428277871,19.0267192798188
114.01897056703118,202.35757732088916,-43.43442012976777,154.66998274692241,-69.2066129469168,36.766984539541866
114.14236338146088,202.9562984578189,-45.845301297404276,160.63822927406704,-80.40308684438213,54.35335833392826
114.32762763030478,203.56502373222207,-48.10420550355501,166.4231315575696,-91.30433867664676,71.72734878510714
114.58182887714625,204.19622992713792,-50.21147088070906,172.02785761639302,-101.88993217100636,88.83210350134827
114.90946950703422,204.86026303037886,-52.16921103589959,177.4551323171244,-112.14165886919716,105.61253149456522
115.3123444737,205.56512405511182,-53.98129844367267,182.707025680764,-122.04344240682401,122.01540011781356
115.78948911274122,206.3163248658447,-55.65329218794666,187.78476087330344,-131.5811990444734,137.98940387148107
116.33722264348114,207.11681771144208,-57.1923072270598,192.6885453905584,-140.74265372497717,153.48520254430576
116.94928904638348,207.967001195099,-58.606823557532735,197.41742946492565,-149.51711201587494,168.45542726209035
117.61709429314584,208.86480382028395,-59.90643556236708,201.96919590594268,-157.89518997591114,182.85465458415848
118.33003541240171,209.80584398694052,-61.10154443969361,206.34028534265138,-165.86850621498496,196.63935074043846
119.0759127017258,210.7836624135901,-62.20299981693067,210.52576011650586,-173.4293430851714,209.76779032365982
119.84141177310673,211.79001956915147,-63.22170027047278,214.5193088865273,-180.57028686214153,222.1999560808734
120.61263738186148,212.81524705095657,-64.16816621239823,218.31329242155923,-187.28385970812286,233.89742869589097
121.37567656195056,213.8486382604366,-65.05210212777307,221.8988291916561,-193.56215886033206,244.8232774048668
122.11716494662312,214.8788605756048,-65.88196806550334,225.2659174031587,-199.39652055381913,254.94196372639993
122.82482776473749,215.89436888388036,-66.66458221908808,228.40358825007465,-204.77722736409356,264.21927131401765
123.48796628717878,216.88379917343462,-67.40477704192537,231.30008358590334,-209.69327768567643,272.62227479276476
124.09786176012739,217.83632116174638,-68.10513037415065,233.94305014319502,-214.13223476605057,280.11935932020526
124.6480722476187,218.74193082232568,-68.76579039159378,236.31974198688692,-218.08017001592336,286.6803004915499
125.13460326347248,219.59166715800714,-69.38440885693133,238.41722315799245,-221.52171126808472,292.2764111523495
125.55594033889838,220.37774249674274,-69.9561913639394,240.22256344137833,-224.4402014477774,296.88075784663135
125.91294027973944,221.0935816226687,-70.47406638824688,241.723021782962,-226.81796706614838,300.46844525343295
126.20858717914719,221.73377172932305,-70.92896750137963,242.90621391658823,-228.6366894828065,303.016962359942
126.44762851655977,222.29393192319708,-71.31021567179202,243.76026300683122,-229.87786550243112,304.5065796354231
126.63611510208722,222.77051720551606,-71.60598180330051,244.27393430677623,-230.52333809662164,304.9207824681316
126.78087546996434,223.16057693683405,-71.80380415074701,244.43675670619135,-230.55587336792718,304.2467229425854
126.88895996426669,223.46149125566893,-71.89113150751301,244.23913537895442,-229.9597567078141,302.4756699423395
126.96709176836322,223.67071044316663,-71.85586142507593,243.67246036961853,-228.72137972499655,299.6034367496888
127.02116132396958,223.7855216559472,-71.68684334980748,242.72921581705413,-226.82979005611088,295.630765855393
127.0557970483939,223.80286485271057,-71.37431938088459,241.40309362615736,-224.27717856436192,290.5636525476644
127.07403932647156,223.71921538093324,-70.910280093864,239.6891138886894,-221.05928246343137,284.4135918658183
127.07713697964071,223.53054500073807,-70.28871909099911,237.58375242046517,-217.1756882114293,277.19773742922166
127.06447650420417,223.23236665317143,-69.50577706287936,235.0850736723524,-212.63002413927094,268.9389651647135
127.03364510408787,222.81986163216754,-68.5597735485916,232.19286525050677,-207.43003919562923,259.66583969729135
126.98061969139737,222.28808158159933,-67.45113164420208,228.90876859115406,-201.587570395419,249.41248577939808
126.90006627424468,221.63221242218407,-66.18220708514923,225.23639917150467,-195.11840709430112,238.2183712868745
126.78572802843922,220.8478833025978,-64.75703799308545,221.18144912297225,-188.04206471604584,226.12801173773212
126.63087619717697,219.93150119205214,-63.18103486449334,216.7517652843645,-180.38148379451874,213.19060880926574
126.42879590973345,218.88059084631303,-61.46063198918428,211.95739654578094,-172.16267205318402,199.45963684494814
126.1732789820578,217.69412048541466,-59.60292148684451,206.8106056716594,-163.4143077602485,184.9923918533223
125.8590975103621,216.37279538670225,-57.61528974329258,201.32584248360666,-154.16732190753544,169.84951708581923
125.4824352152618,214.91930439619327,-55.50507352218757,195.51967713297668,-144.45447509527918,154.09451808585976
125.04125758532658,213.33850772199793,-53.27924978907011,189.41069399958963,-134.3099426458382,137.79327831847988
124.53560643227112,211.63755792174746,-50.94416969520252,183.01934833924622,-123.76891872177585,121.01358433518512
123.96780906474454,209.8259493967696,-48.50534358606113,176.3677890314063,-112.86724738119398,103.82466711927886
123.34259654685847,207.91549469539927,-45.96728062452864,169.47965156632614,-101.64108582422575,86.29676399680638
122.66712916714224,205.92022833375364,-43.33338387324113,162.379825732067,-90.12660277154514,68.50070345802041
121.9509301568707,203.8562405918359,-40.6058995956585,155.09420234775018,-78.35971310654051,50.50751354872524
121.20573083545699,201.74144485969765,-37.78591815041189,147.64940292007367,-66.37584867384534,32.38805324680488
120.44523180384346,199.5952827007249,-34.8734231235277,140.07249539442822,-54.209764459211016,14.212665481487981
119.68478571984987,197.43837103907754,-31.867385152514046,132.39069837204588,-41.8953792177751,-3.9491498189107843
118.94100779680667,195.29209597862683,-28.765897077189223,124.63107542379146,-29.465649861258054,-22.02904408709187
118.23132072092719,193.17815794744126,-25.566347404515824,116.82022059730352,-16.952479412396073,-39.96011076408599
117.57344143237137,191.1180733487937,-22.265629388574197,108.98393601935142,-4.386658920069642,-57.67715826998068
116.98481837387408,189.13263886314414,-18.86038310189113,101.14690274191815,8.2021557747911,-75.11696431968289
116.48202953143337,187.2413661036241,-15.347267540878832,93.33234673437309,20.785431289542686,-92.21850954241772
116.08015394176672,185.46189652193812,-11.723258943661193,85.5617032033488,33.33570698828728,-108.92318738250849
115.79213228864158,183.80940924633012,-7.985970043837099,77.85428419386966,45.82650798594334,-125.17498648475643
115.62813561320161,182.2960377677225,-4.133982953891177,70.22695659924912,58.23222175565659,-140.92064131767918
115.59496477152894,180.930314840538,-0.1671858652996292,62.693840136128465,70.52794098119524,-156.10974675749455
115.69550673642877,179.71666831225969,3.9128990492460787,55.26603732070508,82.68927751493668,-170.69483281739676
115.9282767314912,178.65499345427696,8.102811980366667,47.95140976141229,94.69215483413605,-184.63139669375406
116.28707702801903,177.74032930831174,12.39689406155636,40.75441687402139,106.51258901674527,-197.87789080798507
116.7608035465912,176.96266715342153,16.787088044591208,33.676034123902284,118.12647071197092,-210.3956674945261
117.33342974399545,176.3069180390171,21.262821753076132,26.713767812713776,129.50936255736767,-222.14888331748378
117.98419328748562,175.75306310171868,25.810994409492665,19.86178199903369,140.63632768847833,-233.10436854017277
118.68800452518587,175.2765048991531,30.416083648749485,13.111150195920231,151.48180512391772,-243.23146982987154
119.41608675350537,174.8486302336271,35.060386882175415,6.450239951724846,162.01954668402595,-252.5018766355572
120.13684699136151,174.43758508899782,39.72440464431924,-0.13476763885338983,172.22262761141656,-260.88944359791765
120.81696287722966,174.0092507714441,44.38736581098587,-6.659228805551784,182.0635392368271,-268.3700226198359
121.42265713050229,173.52839775262535,49.02788548876896,-13.139271939908475,191.51436704816632,-274.92131865528535
121.92111669350578,172.9599808746493,53.62473650452643,-19.59093863568109,200.54705169716232,-280.52278273746737
122.28200027142502,172.27052744021967,58.15770548810832,-26.029261546250616,209.13372426469385,-285.1555542096493
122.47896665152112,171.42955929019305,62.60849537038919,-32.46731705718333,217.24710104293152,-288.8024615814502
122.49114800646579,170.41098224898622,66.96162857161309,-38.9152964411163,224.86091775557173,-291.4480880385745
122.30448831309374,169.1943721533577,71.20530004029577,-45.37964246782058,231.9503790789194,-293.07890360298535
121.91286773359958,167.76608670805663,75.3321272859644,-51.86229888250634,238.49259700626422,-293.6834615616614
121.31893965325824,166.120136967536,79.33974607405419,-58.36011745110233,244.46699132758005,-293.2526523911725
120.5346179853234,164.25876130471403,83.231205675672,-64.8644613716699,249.85562739210158,-291.78000435199107
119.58116785647849,162.1926578983199,87.01512632773837,-71.36103501677208,254.64347028317337,-289.2620165408393
118.4888719917181,159.94084829388322,90.70559337671358,-77.82995872375128,258.8185402479579,-285.6985077474136
117.29626680978063,157.53016341288216,94.32177668292118,-84.246094442739,262.37196119067147,-281.0929631574155
116.04896497214041,154.99436323128907,97.88727926305003,-90.57961440457375,265.29790162545993,-275.45286086893105
114.79810334898988,152.37292085459723,101.42923472866505,-96.79679158222362,267.5934150005155,-268.78996132551316
113.5984755604673,149.7095195397079,104.97718769996395,-102.86097857143781,269.2581930687399,-261.1205449922111
112.5064250765569,147.05032615854617,108.56180398454484,-108.73373148184126,270.29425140189966,-252.46558669368946
111.57758725764737,144.4421157187588,112.21346704148009,-114.37602818844152,270.7055697852832,-242.85085871399494
110.864576004072,141.93032823487113,115.96082349210977,-119.74952627590093,270.49771184366347,-232.3069587053775
110.41471258781587,139.5571412289026,119.82934288497454,-124.81780536183551,269.6774478046376,-220.86926234619352
110.26789091157232,137.35963855306017,123.8399555843141,-129.5475410783614,268.2524019760022,-208.57780422884056
110.45466540890695,135.3681495277895,128.00782783661407,-133.9095634364195,266.23074264930347,-195.47709340550838
110.99463590067482,133.60482230811232,132.34132533183077,-137.87976000933494,263.620927219495,-181.61587219980058
111.89518900426798,132.08248285055126,136.8412066455062,-141.43979363264776,260.4315098773483,-167.0468282164431
113.15063930290825,130.8038168642618,141.50007665183213,-144.57761435471505,256.67101384100044,-151.82626993875914
114.74179656352416,129.76089770069498,146.3021181737485,-147.2877554350729,252.3478652505655,-136.01377596108009
116.635968879881,128.9350691814544,151.2231085597212,-149.57141261049082,247.47038196357693,-119.67182688543365
118.78739656389482,128.29717963743792,156.23071719670781,-151.43631410435927,242.046807839865,-102.86542739063019
121.1380985263227,127.80815247769723,161.28507066695735,-152.89639558590056,236.0853818282558,-85.66172415123798
123.6191021287748,127.41986973518733,166.33956462469308,-153.97129931506447,229.5944312562334,-68.12962334756887
126.15201914247709,127.07633832865947,171.34189561091182,-154.6857200353977,222.58248003685867,-50.339409657740276
128.6509243721057,126.71510410682579,176.2352818726107,-155.06862195048978,215.058364796822,-32.36236703038834
131.02448936633533,126.26887580514435,180.95983960173407,-155.1523516069431,207.03135486767155,-14.27040033771867
133.17832098636984,125.66731943317691,185.4540795581438,-154.9716710499636,198.5112752960281,3.864343696977184
135.0174529294704,124.83898284925726,189.65648844226666,-154.56273458913935,189.5086351302706,21.969858062312547
136.44893710820338,123.71330989838049,193.50715928730142,-153.96203127226985,180.03476586117392,39.97466087793125
137.38448064596162,122.2227030747751,196.9494352407174,-153.205314026048,170.10197670481423,57.80818511173564
137.7430728711872,120.30459291254721,199.9315311679074,-152.3265356184039,159.72373415856688,75.40117166237498
137.45354494873013,117.90347103548797,202.40809740519606,-151.35681126650513,148.91487275953043,92.68606316144951
136.45700273416443,114.97284200125551,204.3416896941756,-150.32342789006245,137.69184215485882,109.59739394149436
134.70907131874668,111.4770469132308,205.70410893727626,-149.24892062145744,126.0729924894059,126.07216968325798
132.1818879590628,107.39290956099273,206.4775741202181,-148.1502380689571,114.07889587877716,142.05022848293262
128.865779196057,102.71115403550496,206.65569182845,-147.03801874804566,101.73269662997757,157.47457366039228
124.77055858099634,97.43754189055153,206.24418657427623,-145.9160017579409,89.06047727136135,172.2916677449927
119.92638417280946,91.59367757415622,205.26135800339966,-144.78059487009403,76.09162182271136,186.45167688912605
114.3841204282946,85.21743360562736,203.73823430248478,-143.62062240236912,62.859152607601935,199.9086555930431
108.21515772276555,78.36295232107878,201.71839606783809,-142.41727330080883,49.40001284442003,212.6206631473772
101.5106547696257,71.10018930968825,199.2574517129883,-141.14426652903006,35.755264798088255,224.5498056128153
94.38018466024886,63.513975074260856,196.42215425865524,-139.76824605261646,21.970172910375943,235.66220038472187
86.94978384249879,55.70258589126655,193.28915997935877,-138.24941139519711,8.094143410954786,245.92786427577354
79.35942451654364,47.77583196257921,189.94344162322835,-136.54238205650108,-5.819503375844722,255.32053035822238
71.75995377923012,39.85269010981123,186.4763823456809,-134.5972852805376,-19.713944509258774,263.81740323733703
64.3095662680407,32.05852856449779,182.9835905053332,-132.36104713819236,-33.52945656628012,271.3988666331086
57.16989973015235,24.52199173735068,179.5624893203487,-129.77885715638342,-47.204203921879106,278.0481607636174
50.50186345970587,17.37163194155059,176.3097482318626,-126.79576738810323,-60.675196277646485,283.7510497027518
44.46132650644781,10.732391578889342,173.31863378166784,-123.35837852412007,-73.87938608447413,288.4955003291254
39.19480468568277,4.72205200566016,170.67636602352624,-119.41655904087699,-86.75486501675502,292.2713944809314
34.83529168200282,-0.5522269193328455,168.46157119671548,-114.92513903612178,-99.24210917163528,295.0702943834892
31.498379249669725,-4.99715055962907,166.7419220233532,-109.8455187712516,-111.28521611779249,296.8852783557752
29.278804407473213,-8.536194602124013,165.572053225574,-104.1471332817795,-122.83307402151598,297.7108593980905
28.24754780503816,-11.11205999495801,164.99183167168187,-97.80871877604868,-133.84040425493097,297.54299381272125
28.449587766054908,-12.688582312783055,165.0250482522742,-90.81933371823769,-144.2686242045497,296.37918091373695
29.90238997675268,-13.252021173909107,165.67858277273896,-83.17909705120867,-154.086486135854,294.2186486106647
32.59518480336632,-12.811680038439299,166.94207471451108,-74.89961732713718,-163.27046026197436,291.06261369722574
36.48905442255962,-11.399833597289337,168.78811275168025,-66.00409880849826,-171.80484465250765,286.91460051078616
41.51782203870839,-9.070967395178187,171.1729356048583,-56.52712304878691,-179.6816001453794,281.7807976519312
47.589707072369144,-5.900360708666753,174.03761736078212,-46.51411625607847,-186.8999237584521,275.6704299607082
54.5896847558287,-1.9820675715678533,177.30969286404775,-36.02052318932058,-193.4655880528889,268.59612209784217
62.382467166685856,2.573628971397639,180.9051640736788,-25.110716921450226,-199.39008545833397,260.5742308921255
70.81600607823697,7.643198608175709,184.73081697520803,-13.856680237763445,-204.68962496933472,251.62512596569113
79.72540639818016,13.093179933743514,188.68677104349027,-2.336498676427933,-209.38403342293248,241.7734017906463
88.93713229567618,18.783723600581965,192.6691793474293,9.367292555065829,-213.49561466961998,231.04800892609995
98.27338593176555,24.57225364868573,196.57299688465662,21.169464970757122,-217.04801758177638,219.4822973392863
107.55654030987262,30.317140786028375,200.2947371283758,32.98391425997167,-220.06515850873117,207.1139700192964
116.61351231249667,35.881287053446925,203.7351414249012,44.725497759231686,-222.5702361933551,193.98495015632034
125.27996862199657,41.13552918740585,206.8016921210766,56.31185223352959,-224.58486813472453,180.14116964667795
133.40426515384507,45.961777253264685,209.4109074908479,67.665153351361,-226.12836776725487,165.63229032899798
140.85102924068457,50.255815054795804,211.49036414803788,78.71377887077549,-227.21717242921662,150.5113719824107
147.5043027016212,53.929698924847216,212.98040032056815,89.39383770493407,-227.86442359895398,134.83450263323408
153.27017296623242,56.91370148701067,213.8354609484804,99.65052687962779,-228.0796938131576,118.6604071165575
158.07882869220393,59.157756800559184,214.02505306730137,109.43927828546833,-227.86884939570288,102.05004918716186
161.885986115493,60.63237311256417,213.53428751764613,118.7266575490481,-227.23403478095224,85.06624089371397
164.67364313827855,61.32898954113939,212.3639909564109,127.49097886059215,-226.17376280251023,67.77327058281686
166.45013038450364,61.25976377512967,210.53038075281637,135.72260276164567,-224.68309567613855,50.23655797700144
167.249442594322,60.45678966436542,208.0643049264455,143.4238892069783,-222.7539032480134,32.52234147822722
167.1298501166477,58.97075666465875,205.01006002003157,150.60878601742584,-220.37518802489936,14.697399399860963
166.1718090102769,56.869077600400914,201.42381173543538,157.30204327964714,-217.5334701011366,-3.171196561722896
164.47520921102026,54.233526994180636,197.37165613022012,163.53805721728878,-214.21322885798872,-21.016300429060365
162.15602286726184,51.15744890125944,192.9273727766365,169.35936217086348,-210.3974017296857,-38.77089108720146
159.3424384455094,47.74261011601658,188.16993489437837,174.81480591478999,-206.0679429178761,-56.36826093686702
156.17058939311752,44.095790876042386,183.18085424954842,179.95746068550233,-201.20644624878938,-73.74220470344703
152.78000758530766,40.3252196710318,178.04144958277092,184.8423388651219,-195.79483604222796,-90.82721927770234
149.30894988284953,36.53697025744361,172.830135444482,189.52399700316778,-189.81612765425197,-107.55872466160295
145.88975925949237,32.83144628421135,167.6198325693886,194.05412348061634,-183.25525517758086,-123.87331424289788
142.64442862700812,29.300080988467826,162.47560046595686,198.47921243168037,-176.09995773811676,-139.7090397840355
139.68053448782018,26.022375434545637,157.4525871515882,202.8384285571202,-168.34170822921354,-155.0057328348884
137.0876981308688,23.06338834806766,152.59437972159935,207.16176353185514,-159.97665971855437,-169.70536000372388
134.9347140875105,20.47177382455976,147.93182293191234,211.46857459266332,-151.0065758947992,-183.7524049737386
133.26745947574403,18.278440680683815,143.48235190306255,215.76657983005748,-141.43970371104353,-197.09426572446495
132.1076648567929,16.49588009417961,139.2498605647981,220.0513634374225,-131.29153984610468,-209.6816515408569
131.45258910767464,15.1181780237185,135.22510107891082,224.30641888365844,-120.58543876495425,-221.46896149606442
131.27559987498495,14.121697615250596,131.38658297730464,228.50373024234156,-109.35300992738595,-232.41462455965026
131.52762002846447,13.466386450416692,127.70191600271473,232.60486354937416,-97.63425575227868,-242.48138159739653
132.1393618688498,13.097636107004988,124.12951942977168,236.56251298779156,-85.47741063120182,-251.63649144181534
133.0242371882146,12.948598888718124,120.62060450980167,240.32242275835057,-72.93845450647231,-259.8518469020921
134.08180475657437,12.942850151947269,117.12132675430851,243.82558630663786,-60.080291708337114,-267.1039918445968
135.2015989434261,12.997275293734148,113.57500166743249,247.0106113986983,-46.97160582965006,-273.37403692558127
136.26717477500722,13.025058449605268,109.92428130511219,249.81613316845812,-33.68542293121944,-278.6474786639713
137.16020578920842,12.938654954290868,106.11319916136438,252.1831579946345,-20.297436548074124,-282.9139336687631
137.76448083206614,12.652640758063697,102.08900633535265,254.05722868634473,-6.884166905344994,-286.1668063122871
137.96966303556582,12.086347933459194,97.80374129056615,255.39031527862784,6.478958378102526,-288.4029133320764
137.67469672367807,11.166214515902553,93.21549708772073,256.1423546792929,19.719505579158664,-289.6220922238132
136.79077371889161,9.827797426659018,88.289371953097,256.2823850852619,32.76981911858665,-289.8268214981334
135.24379720291995,8.017417390577748,82.99810967246972,255.78924592847116,45.56859444252267,-289.0218797698895
132.97630680841885,5.693423036388026,77.32245400019114,254.65183946817254,58.062156965571376,-287.2140673145443
129.9488512074209,2.827076523087669,71.25125476773259,252.86897439635584,70.20538244736593,-284.4120084690711
126.14081282740834,-0.5969257476721168,64.78137178534459,250.4488334699926,81.9622168560281,-280.62604656612405
121.55070275979345,-4.580276851918484,57.91742552786651,247.40812494350814,93.3057792954804,-275.8682355922514
116.19595234013555,-9.111204265268867,50.671441039335335,243.77099044729312,104.21805779463088,-270.15242513504614
110.11223178349623,-14.164913601151227,43.06242401926326,239.56774928433788,114.68923251280927,-263.49442809657336
103.35232668139552,-19.70431225439711,35.115896651852225,234.83356062052297,124.71668224465034,-255.91225468353852
95.98460153203436,-25.680998879448268,26.86340677121123,229.60708084977534,134.3037464408181,-247.42639177935908
88.0910774366357,-32.03650940181929,18.34200906627533,223.92918404848135,143.45832526011438,-238.06010422453895
79.76515034522129,-38.703813494180196,9.593703016424676,217.8417997910023,152.19140400054377,-227.83973385208628
71.10897830886661,-45.609055802981715,0.6648009160292148,211.3869058957494,160.51558579263042,-216.79497323601493
62.23057227098553,-52.673532628372826,-8.394807666071443,204.60569536379754,168.44370839239576,-204.95909374949042
53.24063566263214,-59.815886602608416,-17.532530024302275,197.53791845465753,175.98760842401916,-192.36911132141518
44.249213455507444,-66.9544890850004,-26.694113000077635,190.2213841341421,183.15708091370516,-179.0658777910303
35.36223064503721,-74.00996301332117,-35.82487239929278,182.6915915446447,189.95906496191378,-165.09409054683834
26.678021923915097,-80.90777897941356,-44.87110937568926,174.98145297835558,196.3970694191785,-150.50221779292184
18.283976441796177,-87.58083608345638,-53.78169106890468,167.12106602640227,202.47083678643244,-135.34234098426575
10.253441388591245,-93.97191891225498,-62.509746751083206,159.13749463361432,208.1762303093502,-119.66991948170586
2.643042746816679,-100.0359053480387,-71.01440408182833,151.05452669241225,213.50531909956425,-103.54348517717531
-4.5094120363065056,-105.74158951010847,-79.26246567233136,142.89238897661022,218.44662946278976,-87.02427671540964
-11.1862891839511,-111.07298245653489,-87.22990704982176,134.66741749436932,222.98552747116312,-70.17582406527745
-17.39059868613637,-116.02996236751514,-94.90306620569568,126.39170104551324,227.10469791100874,-53.06349471160417
-23.145468024755843,-120.62816709836042,-102.27939468359742,118.07273578158004,230.78468755227692,-35.75401282385761
-28.49255373415084,-124.8980555449707,-109.36765235701299,109.71314647395799,234.0044855376299,-18.314962587753698
-33.48938312718569,-128.88310935049768,-116.18745338071253,101.31054349223443,236.7421197974152,-0.8142866129936477
-38.2056863201455,-132.63720097186092,-122.76810876834361,92.85759083108543,238.97525495975964,16.680209947548757
-42.718851871194445,-136.22121464162785,-129.14675979131204,84.34235798365238,240.68178348348596,34.10133918083675
-47.10871242063499,-139.6990688303541,-135.36585271031245,75.74901584419577,241.8404070357621,51.38298397521799
-51.45193338795817,-143.133347156425,-141.47006484071926,67.05891391581423,242.43120894857836,68.46051561842121
-55.8163314475349,-146.58079364278376,-147.50284931929264,58.252043856065654,242.4362205739854,85.27116634442135
-60.25548390866166,-150.08796226529145,-153.5028154246926,49.30885503554542,241.8399843629658,101.75434883759078
-64.8040000219278,-153.68732509669883,-159.50019724843625,40.2123447387613,240.63011455643965,117.85191639034318
-69.47380706759984,-157.39413457567525,-165.5136809746926,30.950303315122657,238.7978527236616,133.5083597770171
-74.25175656860412,-161.2043019351991,-171.54785641109194,21.517557988883052,236.33861040283546,148.67093994657043
-79.09878049696839,-165.0934962685804,-177.59153001762718,11.91803320316027,233.25248531635734,163.28975922060445
-83.95072811474631,-169.0175901788623,-183.6170850982827,2.166434747228333,229.5447316719055,177.3177775562857
-88.7208979750171,-172.91448387140667,-189.58100309898742,-7.710627313449785,225.22615959966615,190.71078422489754
-93.3041556518509,-176.70723730561187,-195.42557349246965,-17.674234365930484,220.31343450264626,203.42733852051245
-97.58240641016043,-180.30833834733983,-201.08172585684716,-27.67358470706761,214.829244658619,215.42869538274192
-101.43108408634542,-183.62484296383883,-206.47282505077214,-37.647297772294365,208.80230536517678,226.67873268224767
-104.7262329863004,-186.56405007740148,-211.51918778182426,-47.5255739204883,202.2671706797498,237.1438960921158
-107.3517067927193,-189.03932594941358,-216.14301462643277,-57.233111123520686,195.2638296011303,246.7931748633209
-109.20599263810517,-190.97567575103756,-220.27339231202893,-66.69260919837201,187.837072363583,255.59811758162067
-110.20819147103822,-192.31467516637733,-223.85101096637482,-75.82863401299318,180.03562409827245,263.53289149591444
-110.30274568953828,-193.01842110181678,-226.8322612079997,-84.57157503085321,171.91105690620685,270.57438287398
-109.46259624187279,-193.0722333609532,-229.19242433894735,-92.86141423295174,163.51650654808788,276.7023298041472
-107.6905655718308,-192.4859314133872,-230.9277404935658,-100.65103479216778,154.9052354104383,281.8994737056464
-105.01888952888022,-191.29361331516284,-232.05622704252374,-107.90883285140134,146.12909789323078,286.15171224894925
-101.50694953474822,-189.55196791502357,-232.61721406957219,-114.62045154761992,137.23697654110757,289.44823494703354
-97.23737524795388,-187.3372476157382,-232.6696562014998,-120.7895269335686,128.27326581151857,291.7816236135121
-92.31078865653684,-184.7411095081235,-232.28936208876155,-126.4374131455801,119.27648423235328,293.14790312424685
-86.83953636533383,-181.86559222929463,-231.56534769365197,-131.6019310837556,110.27809407198981,293.546533074021
-80.9408041445673,-178.81753163631123,-230.59556287597638,-136.33525361327688,101.30160020410581,292.98033732601573
-74.72952583564778,-175.7027302399528,-229.48226085677837,-140.70109489829278,92.36198680760953,291.455375269984
-68.31148933410617,-172.6201855773194,-228.32727785792247,-144.77140800372746,83.46553266576369,288.98076494148785
-61.777009412553326,-169.6566553155275,-227.22746860904854,-148.62281170023127,74.610024395332,285.56847319180827
-55.19548559315099,-166.88179680816768,-226.27050706261628,-152.33296506117628,65.78536362534376,281.23309121066046
-48.61109846508869,-164.34407111501116,-225.53121589062584,-155.97708939620819,56.974540867215964,275.9916145422979
-42.039824787830185,-162.06755057742146,-225.06853845445954,-159.62480509035828,48.15492751750155,269.8632452672458
-35.467874696639065,-160.04971824192816,-224.92321755807524,-163.33741046169672,39.29981987464913,262.8692305213321
-28.851576722852037,-158.26029875454716,-225.11619989319138,-167.1656853310606,30.380156626012692,255.0327465209262
-22.118660814141865,-156.64111461230604,-225.64774580375138,-171.14825769157798,21.366324846730965,246.3788314569084
-15.170818381584315,-155.10691882887605,-226.4971916906071,-175.31053096358931,12.229969427549271,236.9343647739051
-7.887354010854253,-153.5471148599257,-227.6232868863213,-179.66413416403478,2.9457266842690224,226.72808518882943
-0.12968880348349643,-151.8282371353408,-228.9650074034493,-184.2068293072928,-6.507186177391624,215.79063591725415
8.253565882723912,-149.79703181862627,-230.4427347482908,-188.92279008259402,-16.143579363771913,204.15462336302937
17.42126871691702,-147.28394987173024,-231.95967852291471,-193.78315333351375,-25.97113326740981,191.85467515240163
27.534447423286444,-144.10684698765226,-233.40341708295574,-198.74673977317835,-35.989494951659054,178.92748479192528
38.75131422947885,-140.074682421296,-234.64743228841638,-203.76084226941734,-46.18963115494776,165.41183312756704
51.22281812982142,-134.99102653933,-235.55252449008015,-208.76198854435833,-56.5534265992261,151.34858075046748
65.08886680309739,-128.65722962991916,-235.9680150489816,-213.67660000397774,-67.05350580977401,136.78063000261957
80.47523725207003,-120.87517466250328,-235.73267864958075,-218.42148951128047,-77.6532501755839,121.75285972010577
97.49106331256857,-111.44963320652525,-234.6753984648254,-222.90416811514962,-88.30697984540666,106.31203977088634
116.22665448759912,-100.19036072908241,-232.61560423818196,-227.02296373350885,-98.9602721127875,90.50673533592743
136.7512831805518,-86.91419353087689,-229.36363435464713,-230.66699282518312,-109.55039369162033,74.38721239568218
159.1104984519382,-71.44752763655318,-224.72125240866507,-233.71606774030823,-120.00683292340261,58.005355812963245
183.32250630810464,-53.629648562359954,-218.4826372831438,-236.04066536314463,-130.25192846338106,41.41460969499287
209.373218247893,-33.31741640789924,-210.43624031744346,-237.50212342786205,-140.20160217806864,24.66994648032469
237.20972277301155,-10.391770778626015,-200.3679479580423,-237.95326498566294,-149.7662145742418,7.827866687793389
266.7321786221584,15.233612221387517,-188.06598644403047,-237.23967351169495,-158.85156976813468,-9.0535741225899
297.78444872431453,43.601410088171804,-173.32794104468766,-235.2018451489805,-167.36010254503614,-25.914720395259174
330.1441593644266,74.69771350936529,-155.9701250461854,-231.678424841398,-175.19228133687153,-42.694268427273805
363.51323407951304,108.43766891049357,-135.8393196991002,-226.51068489409826,-182.24825706803244,-59.329234605879996
397.51025992347536,144.65073523559312,-112.82662293971069,-219.54832516329404,-188.42977822039163,-75.75496305051372
431.6662348363231,183.06697537137816,-86.88281166423221,-210.65656406469677,-193.64237700944182,-91.90519724475806
465.42526432257984,223.3060990992496,-58.034272203021615,-199.724353336555,-197.79781062805438,-107.71223959220157
498.151584579114,264.871114532216,-26.398229746256725,-186.6733959530856,-200.816716079939,-123.1072197764563
529.143873812402,307.1483756902582,7.804240384780684,-171.4674892070191,-202.63140878839434,-138.02048738527247
557.6571917948178,349.41550378535175,44.23905877972049,-154.12157097626277,-203.1887261137689,-152.38213674781952
582.9321119141158,390.85810809017704,82.45543889299637,-134.70973602115058,-202.45278981261396,-166.12266283644186
604.2297631068717,430.59547390135754,121.88898968013592,-113.37143030748555,-200.40753928627285,-179.17373710680184
620.8706858867952,467.714490597825,161.8725440506081,-90.3150415850868,-197.05887319324157,-191.46908213868315
632.2747396029023,501.3101618530715,201.65502764030595,-65.81819492830148,-192.43623334978815,-202.94541480504816
637.9988801981432,530.5301893669658,240.42795818404122,-40.224235623400034,-186.59347389854318,-213.54342031683518
637.7695358241606,554.6204682171184,277.3583985797366,-13.934631634006536,-179.6088816065691,-223.20871461791324
631.5065780323791,572.9679756017055,311.6264665883125,12.602663675214615,-171.58424975741696,-231.89275077536823
619.3365066385558,585.137540566597,342.4649232206995,38.90850793980289,-162.6429569340992,-239.5536264831941
601.5933753615551,590.8993691774746,369.1980009479119,64.49080736006874,-152.92706016267627,-246.156754513751
578.807080078281,590.244935182544,391.2765483291962,88.86467983005448,-142.5934752666717,-251.67536554082966
551.6797822488163,583.3898502711226,408.3067818885727,111.57330545291741,-131.8093808205697,-256.0908225741272
521.0523092559828,570.7634836150868,420.070432906126,132.20810740364462,-120.74704028266387,-259.3927374388107
487.86323615828684,552.9862709852538,426.5348029229436,150.42690863776483,-109.57828434179119,-261.5788913477033
453.10391522145056,530.8367034322202,427.85211414056323,165.96883771251976,-98.46892753733295,-262.6549726867294
417.77292902595593,505.21079845191935,424.34845877025526,178.66499900909156,-87.57340636407017,-262.63415480231936
382.8332963975257,477.07735250443744,416.50351088523274,188.4442543446421,-77.02991857895555,-261.5365441599319
349.1752996486089,447.4324173394175,404.92287305776125,195.33384934233194,-66.95631542785,-259.3885342890989
317.58710429139484,417.25624492212376,390.30541926152176,199.45501824163352,-57.44695208616088,-256.22210325580477
288.73450795239125,387.47545894559585,373.4082278782393,201.01407397837283,-48.57064057732367,-252.07409206938775
263.15028908841396,358.93251686502987,355.011670833541,200.28980014554327,-40.36977894908159,-246.98549870998386
241.23282471698394,332.3637224742483,335.88696481344556,197.61818086863514,-32.860656485206476,-241.0008177760968
223.25298553212835,308.3862332217896,316.7680503156886,193.37561865842244,-26.034863294915027,-234.16744960543127
209.36784461612606,287.4937643474584,298.32911062772246,187.96179675034753,-19.861669366319546,-226.53519563908446
199.63947092199882,270.0600874824812,281.1684463469537,181.78325101234103,-14.291187685272547,-218.1558492658752
194.05701201411463,256.3489921829006,265.79884682413433,175.23854635315848,-9.258101479879272,-209.08288381383878
192.56037195994787,246.52913584823472,252.64410003284496,168.70572885029426,-4.685718588742503,-199.37123207121434
195.06401555601025,240.69213821147696,242.04089168504248,162.53247492755705,-0.4901162463426658,-189.07714495129022
201.47972886402286,238.8723512086844,234.24507925282194,157.02910892993597,3.4158443881228777,-178.25811081878723
211.73748862124586,241.0669131693005,229.44118623240936,152.46443233566654,7.118825671779774,-166.97281167331664
225.80389555358485,247.25493382075348,227.75393224593688,149.06411765888504,10.701796318439648,-155.28108791560751
243.69787394782554,257.41491153923516,229.26067214325184,147.0112772390868,14.241399419327259,-143.2438798881366
265.50350717072746,271.5397208519456,234.00373459727004,146.44872462352166,17.805970307519082,-130.92311189330175
291.37995130364357,289.6486995184017,242.00180028967452,147.48240182820948,21.454225813750128,-118.38148311021638
321.5683409435671,311.7964937064974,253.2596176388553,150.18544327760944,25.23460812605163,-105.68212997573374
356.3954748737002,338.0783800429417,267.7755019256094,154.6023783687087,29.185234833026076,-92.88812645777767
396.2738547369971,368.6317774663748,285.5461905083305,160.75303048006776,33.334382808894766,-80.06179258346265
441.6973650955508,403.63360156262826,306.5687288971152,168.63574263270203,37.70141752033163,-67.26378799717057
493.23155579812135,443.2930194251986,330.83914311322786,178.22964225597175,42.29807047572828,-54.551976638162074
551.4971564362978,487.8390618382664,358.3477224081789,189.49574496925163,47.12996468716347,-41.98006123504146
617.1451707098769,537.5024766816822,389.070807166367,202.37678733095578,52.19828959372457,-29.596002496204754
690.8217338142533,592.4912039508845,422.95906671756757,216.79577017487946,57.50153118009027,-17.440257704360256
773.1209509795378,652.9589636919897,459.92237869907444,232.65328754831467,63.037168387570105,-5.543896637600341
864.5242623646418,718.9667187044072,499.81160163283647,249.8238117406937,68.8032520397416,6.073321385692438
965.3255912355568,790.437243641774,542.3977768979648,268.15120219338013,74.7997865828865,17.404798324432065
1075.5427060007216,867.1037269039091,587.3496086368242,287.4438035246121,81.02983781780662,28.45873852724398
1194.8169028315808,948.4542533385447,634.2104423345253,307.46959170597336,87.50029205955028,39.25941940124543
1322.3052727211875,1033.6751313556947,682.3763725721707,327.95191130565047,94.22219512392545,49.847914473379454
1456.5723454497802,1121.5972601433123,731.0775193845996,348.56641187474276,101.21060514554097,60.28208580534013
1595.4905850526554,1210.650953219031,779.3648663072696,368.93982713615765,108.48390380597839,70.63567128260567
1736.1617125991627,1298.8356658440212,826.1052838532304,388.65123470011184,116.0625284387988,80.99631875372101
1874.8727137184017,1383.7116991947225,869.9873948932488,407.2363750423697,123.96711457843517,91.46246575052153
2007.1011461450287,1462.420940668311,909.5407006868537,424.1954872457614,132.21607575764438,102.13903123908183
2127.583494455226,1531.7428325603307,943.1698205537189,439.00493082108255,140.82269417468584,113.13197282216821
2230.4574181163966,1588.189887988149,969.2047760270602,451.13260970401456,149.7918498174738,124.54186448937618
2309.483600458563,1628.1441500605881,985.966986362743,460.0569064887692,159.11657228098187,136.45675886032916
2358.3456311103137,1648.0321257836713,991.8491043541098,465.288491512242,168.77465250802038,148.94470366517788
2371.017423272709,1644.5312047481586,985.4051345939895,466.39402081548735,178.7255933572331,162.0463728255682
2342.1779597629775,1614.7958550497428,965.4456177771901,463.02041466203184,188.9082001985401,175.7683351941892
2267.6439023438757,1556.6875772680671,931.1312478747263,454.9181534018734,199.23910843444247,190.07750709394924
2144.783218254288,1468.989364694235,882.0573380990317,441.9618785250351,209.6125089310068,204.89730949502905
1972.8689013658382,1351.58390798,818.3212677314816,424.1665761246403,219.9012632689653,220.1059728613728
1753.332255856355,1205.5754932687576,740.565567366279,401.69776849034986,229.9595013249105,235.53730423509109
1489.8807123304903,1033.3387167651545,649.9906858747677,374.8744517749375,239.6266714734117,250.98406038381356
1188.4556870028523,838.4826796365361,548.3336661944722,344.1639791013871,248.73288039351405,266.2038723402737
857.020692965496,625.7267697923428,437.8117581411585,310.1686650447458,257.10522977143773,280.9274596993708
505.1871335821343,400.6926798091236,321.03312984520466,273.60452796772313,264.5747468893257,294.86867938321035
143.70276801740724,169.62591402741188,200.8799496834542,235.27322820504924,270.98342973209003,307.7357946616749
-216.15666380757165,-60.93242197648584,80.37182060588609,196.0288352060972,276.19089588397935,319.24324412882083
-563.2409562958048,-284.4973107886649,-37.48048413396074,156.74150241215693,280.08014380825244,329.1231492622357
-887.1671167682048,-494.98616661874576,-149.82006551334425,118.26039468549504,282.5620043460761,337.1358276150572
-1178.8936797306494,-687.0316482511379,-254.07695988892033,81.37826924814055,283.57797215274536,343.0786727564159
-1431.1800802244172,-856.2365281477341,-348.07970898176137,46.79995127777221,283.1012484910005,346.79291022080776
-1638.8967731648213,-999.3525664089751,-430.1381201298529,15.11658858212104,281.13598182873034,348.16792343093914
-1799.1684199391743,-1114.3734007162186,-499.0927354092448,-13.212942480769584,277.7148432956387,347.1430439194938
-1911.3501226528201,-1200.5401380111657,-554.3296562067426,-37.872717609453275,272.8952037866714,343.70689484466527
-1976.8530214016882,-1258.2665138342616,-595.7624148058959,-58.6924108094172,266.7542754272781,337.8945467748767
-1998.8486059057004,-1288.9972168348343,-623.7852105252491,-75.64239227013064,259.38363438229896,329.78287559328606
-1981.889509355224,-1295.0175891995832,-639.203781090024,-88.82227899156592,250.88355248766825,319.4845956619853
-1931.487823404922,-1279.2350951514563,-643.1513161618163,-98.44432049983865,241.35753529673073,307.1414749111356
-1853.690354995305,-1244.9527473652884,-636.9971127663646,-104.81322591876949,230.90740169934844,292.9172258462
-1754.6846328351928,-1195.652450599153,-622.2552017393896,-108.30410160236579,219.62915601159673,276.9905156348889
-1640.461167092125,-1134.8025296803494,-600.499101175657,-109.34008453036529,207.60980916526213,259.54846027405165
-1516.5479198901817,-1065.6992180389616,-573.2873852269167,-108.3710534901218,194.92521257561253,240.7808741886194
-1387.8235120566906,-991.3472414923851,-542.1031142194297,-105.8545139138754,181.6388857240343,220.87544875494854
-1258.4074532519794,-914.3803852075737,-508.30855558556823,-102.23942218171618,167.8017529556828,200.01394066844327
-1131.6193418737294,-837.0194666310961,-473.11519364283754,-97.95337816151743,153.45265984343376,178.36937079474325
-1009.994845204503,-761.0626624189571,-437.56788535448624,-93.39330167155788,138.61951512614579,156.10417041419998
-895.3442963721225,-687.9016948162059,-402.54121885453884,-88.91944201167095,123.32089866579324,133.36916626712548
-788.8396293512957,-618.5568806955142,-368.7456722753087,-84.85236314406538,107.56798533761835,110.30326806148017
-691.1166592835025,-553.7243038632195,-336.74101490088515,-81.47240529143589,91.36665459926239,87.03371009753886
-602.38189418017,-493.8291648577969,-306.9544793909419,-79.02104426166906,74.71968081444757,63.67669944801788
-522.515657703279,-439.0804661844339,-279.7014907429963,-77.70354517859735,57.62892577701219,40.33833340210772
-451.16591852912444,-389.5234052858957,-255.20709363834197,-77.69232703157925,40.09747865216918,17.115665414276243
-387.8295786872499,-345.08701707551626,-233.62661286596438,-79.13050716875856,22.131707139859127,-5.90218123744525
-331.9199040706203,-305.62562731869826,-215.0644636790347,-82.13516985900216,3.743195606809067,-28.632931762884947
-282.8202175406965,-270.95349026141395,-199.5903680732049,-86.79999142936862,-15.04944915986469,-51.00016922190632
-239.92492737293193,-240.87257151983056,-187.25251216559877,-93.19694966566392,-34.21894551140925,-72.93247504534176
-202.6694900683693,-215.19381302971982,-178.08739522145748,-101.37694291969831,-53.727865525919185,-94.36272409894235
-170.55109208102718,-193.75241272735204,-172.12627855780852,-111.36924246067854,-73.52738248394712,-115.22754346632293
-143.14177277038954,-176.4177095872794,-169.398255430553,-123.17979912161637,-93.5562864026163,-135.46693244819298
-120.09548879491575,-163.09822963426848,-169.930047562865,-136.7885218002519,-113.74032697163477,-155.02403200062363
-101.15031391161511,-153.74236363620358,-173.74270747995521,-152.1457400841704,-133.99195000511446,-173.84502477132344
-86.12663851785175,-148.33505054584572,-180.8454839533775,-169.16815425201173,-154.21049488556548,-191.87914184107902
-74.92192645560587,-146.89076406439779,-191.22720268764695,-187.73465952839058,-174.2829148511686,-209.0787490587657
-67.50233606597354,-149.44306725645004,-204.8456327046611,-207.68250216796355,-194.08506838683547,-225.39948433031654
-63.89134124647397,-156.03102832476088,-221.61545099176988,-228.8042753442694,-213.48360818342724,-240.80041726822236
-64.15541067551183,-166.68288728033377,-241.3955768988508,-250.84628435193147,-232.33846473422216,-255.24420413063768
-68.3868260238001,-181.39752689152402,-263.97680911822715,-273.50879455466054,-250.505886131508,-268.6972138723457
-76.68384164444979,-200.1245206119074,-289.0708407901764,-296.44861432072196,-267.8419563506116,-281.12960526575233
-89.12859907850749,-222.74378358525303,-316.3018263144427,-319.28435422901725,-284.206474323645,-292.51534025577115
-105.76349023239288,-249.04610899567507,-345.2016986611417,-341.60454292488447,-299.4670389723749,-302.8321247606656
-126.56698348446099,-278.7160916901762,-375.21036195246666,-362.9785747723064,-313.5031548331297,-312.0612747281158
-151.4302476065222,-311.31908024197276,-405.68169077401353,-382.97022704244574,-326.21015252248196,-320.18751204797326
-180.1361818162855,-346.2938139034302,-435.89594614542267,-401.15323334874984,-337.5027110166177,-327.1987014989058
-212.34263539012784,-382.9522554171837,-465.0787747440227,-417.1281591721207,-347.3177765258414,-333.08554582003785
-247.5716282695394,-420.48780139905904,-492.4264172808127,-430.53962139095324,-355.61669631636914,-337.84126079366
-285.2062259815008,-457.9925364182759,-517.136156753053,-441.0927533801012,-362.38642435864614,-341.46125547280553
-324.49635662132266,-494.48351780682265,-538.4404463598054,-448.56776330531386,-367.63970684149405,-343.9428440274211
-364.57428789499573,-528.9372857348967,-555.6426390122406,-452.8314810928829,-371.41421569858403,-345.285014870538
-404.47974061890835,-560.3309623024896,-568.1518660850115,-453.84494407017826,-373.7706626191098,-345.48827967402985
-443.19376355406604,-587.6875275721557,-575.5144442521081,-451.6663249930708,-374.78998925764745,-344.55461969693454
-479.67962017779547,-610.122239829563,-577.4392688420231,-446.44883913876913,-374.5697861950539,-342.4875398401789
-512.9281440709328,-626.8867949642158,-573.8149952827522,-438.43364857281875,-373.2201388615597,-339.29223252436276
-542.0044115632946,-637.4077665281424,-564.7173989452265,-427.938173435341,-370.85912940394087,-334.9758445451413
-566.0922503524419,-641.3161690152308,-550.4060865033223,-415.34058131127887,-367.6082371010826,-329.54783128674035
-584.5331143615741,-638.4656329491926,-531.3106285823345,-401.06151829002545,-363.5878758065278,-323.0203748912413
-596.856230315439,-628.9376152508269,-508.00709493903383,-385.5443387593233,-358.9132860955167,-315.40883695008307
-602.7976347522805,-613.0331939804065,-481.18679536820713,-369.2351666544756,-353.6909648800021,-306.73221261349994
-602.3066988262888,-591.2521852754184,-451.6196672148271,-352.5640741983906,-348.0157699339781,-297.0135520825387
-595.5398712934206,-564.2614327104097,-420.11513239560605,-335.92850483980783,-341.9687854399645,-286.2803173597424
-582.8425234808641,-532.8550245040656,-387.4833353605467,-319.6798173549567,-335.6159819140779,-274.564646698076
-564.7208162676741,-497.9097889331419,-354.4994690542204,-304.11351917779666,-329.0076539979352,-261.9035059461907
-541.806307442869,-460.339642644687,-321.8734364640942,-289.46342469309275,-322.1785762450102,-248.33871427206117
-514.8164919784917,-421.05221054364074,-290.2264488045904,-275.8996538279078,-315.1487828416015,-233.91684076005103
-484.5145776690124,-380.9106400269683,-260.07541476341953,-263.53010843069546,-307.924853748033,-218.68897728717653
-451.67155435597533,-340.7027788751648,-231.82522100769177,-252.4048512212855,-300.5015774725839,-202.71040112199393
-417.03307274078617,-301.1189848536581,-205.76832702799555,-242.52267724559357,-292.863859042992,-186.0401472193401
-381.2928996181465,-262.7389054361544,-182.0905634865838,-233.8391133347135,-284.9887493517049,-168.74051476553677
-345.0738702784131,-226.02671929569922,-160.88167307425607,-226.27510055345078,-276.8474869867938,-150.8765349364702
-308.9164273844483,-191.33365552730484,-142.1489791382519,-219.7256946069818,-268.4074636743924,-132.51542705738677
-273.2741158469647,-158.9061573545872,-125.8325969034843,-214.06824200089062,-259.63404723146823,-113.7260685766357
-238.51486550917178,-128.89785327742607,-111.82078164109764,-209.1696363117897,-250.4922192711573,-94.57850081097051
-204.92657500949466,-101.3835250793411,-99.96429173160843,-204.89241112338652,-240.94800690852884,-75.14348770302902
-172.72541433090623,-76.37347670644351,-90.08898193103352,-201.0995687921579,-230.96970685545222,-55.49213931296993
-142.06536416952684,-53.827051708013414,-82.00618596666918,-197.6581660100728,-220.52891547050098,-35.69560590012618
-113.04776007275014,-33.66445466007897,-75.52075911658497,-194.4417713203943,-209.6013888857798,-15.824842659569503
-85.72994983490253,-15.776442671970313,-70.43690375022122,-191.33197369105002,-198.16776302589878,4.049560176208924
-60.1325442227556,-0.03181708546072315,-66.56207980696125,-188.21915584219676,-186.21416430444555,23.857491779474415
-36.245091218071074,13.717070864078336,-63.70940551750662,-185.00275471999603,-173.7327384962797,43.529393278202875
-14.030293040406562,25.630399797665632,-61.698988355206744,-181.5912193395214,-160.72211847977536,62.99630450558503
6.572910577075032,35.878053338147836,-60.35860552094548,-177.90184886046947,-147.18784217377262,82.18990232510876
25.646958115193716,44.63739695071861,-59.52409353968433,-173.86065677205434,-133.14272116777127,101.04254790433964
43.2935224666826,52.09122497361665,-59.03972432381704,-169.4023653651107,-118.60714945315002,119.48735902193422
59.631197398801845,58.42555102113096,-58.758754972136,-164.4705922315398,-103.60933152236808,137.4583209836311
74.79270345742252,63.827039108294116,-58.544252034577056,-159.01825028472106,-88.18540105987435,154.89044613278367
88.92143019046856,68.4799967994203,-58.270215640806924,-153.0081466977429,-72.3793965099433,171.71998748168443
102.16726649692612,72.562960796483,-57.82296880274461,-146.41373537219545,-56.2430587429772,187.88470695774163
114.6817958993015,76.2449907066586,-57.10273336663805,-139.2199526819726,-39.835419312142875,203.32419352321637
126.61303654229094,79.68184463234971,-56.02528534771609,-131.42404756928846,-23.22215547085139,217.98022142074703
138.09997996842992,83.01224138189414,-54.52356633161321,-123.03630478558475,-6.474699860636633,231.79713447830045
149.26722612114202,86.35442210077464,-52.54912149723924,-114.0805543937169,10.33089220335085,244.72223922682917
160.22002605765874,89.80321404744959,-50.07323613740289,-104.59436191824139,27.115297798105928,256.7061879244229
171.04003227573816,93.42777636438277,-47.087649607798326,-94.62880217098139,43.79746601395105,267.7033327089901
181.78202415867253,97.27017655388003,-43.604737633356265,-84.24773618226857,60.29628763276287,277.6720341123275
192.47182765304518,101.34491019188002,-39.657070918871355,-73.5265350057282,76.53232638708516,286.57491095224145
203.10558815528313,105.63943700208563,-35.296280709792754,-62.550226150141086,92.42953359025343,294.3790238478314
213.6504871063397,110.1157643618425,-30.591191156486488,-51.4110770483111,107.9168636172244,301.0559907438692
224.04691866843154,114.7130644976547,-25.62521455329386,-40.20567344241039,122.92970952295187,306.58203919755874
234.2120654079285,119.35126383868777,-20.493048459977956,-29.03159603168629,137.41108611484816,310.93800600976175
244.04473356516428,123.93549254945921,-15.296761919197536,-17.983842482542187,151.31250154014884,314.10929932884477
253.43123223426045,128.3612305047871,-10.141408676643607,-7.151179590110999,164.59447681856554,316.08584099776164
262.25201041205673,132.51993553588954,-5.1303544337601465,3.3873625711298416,177.2266941989367,316.86200725514476
270.38870606688164,136.3048945559259,-0.360547703660842,13.565630492765933,189.18777790047469,316.43658383074484
277.73121737000645,139.6170029665999,4.082005616748631,23.332903004149173,200.46473278467903,314.81274720989757
284.1843833033135,142.37015765676142,8.126290395065865,32.655670627711785,211.05208598126308,311.99807790253226
289.673863570373,144.49594854809703,11.719587189340245,41.51849128107119,220.95079196156857,308.0046047043773
294.1508391203073,145.9473563244523,14.829798825578337,49.923836871338416,230.16697196834576,302.84887208547093
297.5952153873583,146.7012109516276,17.446617233179637,57.89091886778532,238.71056355970126,296.5520168989838
300.01709848727694,146.75923554826008,19.58142284547901,65.45355952136848,246.59395533958266,289.13983636677887
301.4564250422902,146.14758907678817,21.26589703121428,72.65725123798786,253.83067625641593,280.64282732687457
301.9807512196788,144.91492265196422,22.549423041213856,79.55561179259794,260.4341990748791,271.09617727055524
301.68133604182583,143.12906957052024,23.49544395258144,86.20649057689353,266.4169049432886,260.53969065975014
300.66777700417134,140.87258900050688,24.177027932396726,92.66800572653267,271.78924168426875,249.01763898870985
299.06156153717416,138.23746826069663,24.6719535345307,98.99479115147331,276.5590938031746,236.57852938075217
296.9889762013265,135.3193505861812,25.057664267390095,105.23470648734674,280.7313683766608,223.27479339265233
294.57385948088375,132.21168820137277,25.406448573262622,111.42621496339932,284.3077888785602,209.16240431360825
291.9306896885809,129.0002212727585,25.781178003362584,117.59656973604703,287.28687928593496,194.3004368633806
289.15846657168964,125.75815198622527,26.23188528640287,123.76087562018628,289.6641138712738,178.75058726650875
286.33577718616016,122.54232285896275,26.79339052107548,129.92201830572415,291.4322040463585,162.57667389848788
283.5173402038066,119.39062546522712,27.484095356809405,136.07138469494242,292.58149235882007,145.8441390097882
280.73220720828715,116.32076803894726,28.30597046342166,142.190242323979,293.10042493303075,128.61957061133984
277.98367528326855,113.33042698487519,29.245669734330107,148.25160741374742,292.9760768180755,110.97026080207542
275.250843108841,110.3987073126442,30.27662365518259,154.22241211896744,292.1947092758658,92.96381309456815
272.49163281044815,107.48874865139885,31.361900650461322,160.0657818671088,290.7423433729813,74.66780713256479
269.64701011788026,104.55124340367476,32.45758339019622,165.74325108703425,288.6053396801669,56.149525041236274
266.6460717225398,101.52858617970021,33.51638896085852,171.21677632221335,285.77097881707596,37.475739857356416
263.41163402747657,98.35935092783971,34.4912670266571,176.45044494638626,282.2280414656857,18.712563284306057
259.8659519338358,94.98279377705565,35.3387360397881,181.41182039097245,277.9673888856016,-0.07465249484593262
255.9362175455215,91.34310306819485,36.02175994555185,186.07290619389477,272.9825456144307,-18.821366045886265
251.55953231592653,87.39315926681883,36.512021343808726,190.41074731134142,267.2702848099285,-37.46385930782729
246.68710642486522,83.09762124386764,36.791505947026465,194.4077151181067,260.8312136539398,-55.93922078941819
241.2875095661156,78.43521613037453,36.8533718106095,198.05154072287868,253.67035164030108,-74.18530906206668
235.34887131232378,73.400172047747,36.70213026575264,201.3351692364603,245.79768883617456,-92.14070667639474
228.8800008072665,68.0027915153151,36.35320986576403,204.25650613605353,237.22870491543216,-109.7446749693349
221.91045971674657,62.2692142239148,35.83200734880023,206.81811741003915,227.9848236105556,-126.93712051694516
214.48967544451656,56.24045829769986,35.172549365654746,209.02692987248454,218.0937719807102,-143.65858417100063
206.68522132903965,49.97085757940121,34.41589556991205,210.89395933269665,207.58981032593852,-159.8502635790859
198.5804160594366,43.526028536811026,33.60840881032453,212.43407465667224,196.51379741090193,-175.454079674862
190.27140637484675,36.98050486927177,32.80000368971194,213.66578743869596,184.91305748859844,-190.4127966672354
181.86389681384108,30.415172440842753,32.0424633528264,214.61104192391787,172.84102082393238,-204.67020340512084
173.4696802263659,23.91462404447826,31.387889021375372,215.29496941344408,160.3566181321248,-218.1713615439128
165.20310578350438,17.56453529698659,30.887320483568743,215.74556651849952,147.52342136909854,-230.86292266679612
157.17760029912296,11.449142314137262,30.589541170431126,215.99325761606696,134.40853809604,-242.69351248876455
149.50233663548488,5.648881152368276,30.540060828255342,216.07030845663755,121.08128329718919,-253.61417567533815
142.27912222220544,0.23823035915638968,30.78025370933885,216.01006936116096,107.61166986328769,-263.5788699264416
135.59956310387722,-4.71621716590532,31.34662152484949,215.84604169782844,94.06877553896692,-272.5449931851274
129.54254557584858,-9.15743756621606,32.27014829061593,215.61077894042472,80.51905843686693,-280.47392356462984
124.17206876258525,-13.039405409448406,33.57571814295356,215.33465200262725,67.02470374327166,-287.3315482976435
119.53545713246548,-16.328261691283515,35.281576145328096,215.04452609953276,53.64208967129754,-293.0887561155939
115.66198102239682,-19.003211584963836,37.398824573156006,214.76241157268905,40.42046010311893,-297.7218672954221
112.56191441232187,-21.057139324094123,39.93096142828374,214.50416258172592,27.400884234201556,-301.2129773635059
110.2260608250137,-22.49692305185806,42.87348218962302,214.2783042491741,14.615570002078371,-303.5501941465508
108.62577864679261,-23.34342855253267,46.21357832212428,214.08507002856248,2.0875788791844787,-304.7277533405235
107.71353481656558,-23.631158857210778,49.92997533009239,213.9157264226308,-10.16903395747088,-304.7460046738758
107.42400947179699,-23.40753790690097,53.99295797070715,213.75225178719148,-22.14865620938094,-303.61126854643874
107.67576298652484,-22.7318115406069,58.36462987279483,213.56742029216107,-33.85316054191761,-301.3355710873907
108.37346066650626,-21.67355840767496,62.999448933077794,213.3253220157885,-45.29060581556447,-297.9362731950839
109.41062957206101,-20.310816867927983,67.8450686728034,212.98232677911403,-56.47367219902494,-293.43561561692144
110.67289752004368,-18.727850949855252,72.84349988918407,212.48847409419542,-67.41792045661535,-287.8602069103118
112.04163781513257,-17.01259795406139,77.93258751501699,211.78924608192273,-78.13997451494642,-281.2404837661759
113.39791664071588,-15.253860915253114,83.0477760440164,210.82765607238397,-88.65572791879677,-273.6101734526866
114.62661551512994,-13.538329212551275,88.12411487348967,209.5465644671588,-98.97866911235832,-265.00578605911386
115.62058104919156,-11.947528371101257,93.09843425968924,207.89111681833248,-109.11840841245696,-255.4661600285542
116.28464050885805,-10.554813802112008,97.91160504166567,205.81118821662946,-119.07947241022822,-245.03207860428492
116.53931608044279,-9.422531377629937,102.51078244408285,203.26371388238715,-128.86041106238486,-233.7459678677652
116.32407436266297,-8.599469201744313,106.85152736106726,200.21478878127053,-138.45324081801306,-221.65167968649985
115.5999608579789,-8.118719101862595,110.89969833374906,196.6414291070285,-147.84322565263946,-208.79435579501848
114.35149170870241,-7.99605319350394,114.63301420286456,192.53290503404332,-157.0089785238196,-195.22036301445132
112.58770545266312,-8.2289009569255,118.0422008070758,187.8915761994269,-165.92284983750557,-180.97728476539598
110.34231431201485,-8.795986766339581,121.13165421964321,182.73318746520664,-174.55155788691087,-166.11395086783884
107.67293511833101,-9.657658367639996,123.91957651413668,177.08661087111798,-182.85700927015705,-150.68048629107554
104.65942176472424,-10.756905362791898,126.43756623149335,170.993048398187,-190.79725491785527,-134.72835997070817
101.4013613599923,-12.021035416330037,128.72967272001418,164.5047373144103,-198.32752907347154,-118.31041684653864
98.01483253466242,-13.363946676686865,130.8509494777288,157.68322373150426,-205.4013235780079,-101.48087956512917
94.62855451749981,-14.688909581909797,132.86556485874823,150.59728914885034,-211.97145714441925,-84.29531043002466
91.37957813673933,-15.89175118170742,134.84454764679828,143.3206282039046,-217.99110793510772,-66.81052873340238
88.4086839411802,-16.864321249030084,136.8632591036327,135.92938308118204,-223.41478669099465,-49.08448314397063
85.85565800486935,-17.49811213501343,138.99869168965918,128.49964104409307,-228.19923604732458,-31.176082983142734
83.85461313509123,-17.68790338521562,141.32669771652073,121.10499679649064,-232.3042488397751,-13.144995697174489
82.52951313536914,-17.335306979706715,143.91924912949827,113.81427168598249,-235.69340370198387,4.948579585212613
81.99004185914316,-16.352098738098988,146.8418231642398,106.68946824071027,-238.33471984947533,23.04415095088946
82.32793861776533,-14.663234784980048,150.15099872917642,99.78402245131262,-240.20123460765834,41.08117307791455
83.61389872615602,-12.20946776292925,153.89233608637488,93.1413988734238,-241.27150712138186,58.99927560252993
85.89511413155428,-8.949494518000975,158.09859878322237,86.79405625840364,-241.53005006944832,76.7384703998946
89.19350551051835,-4.8615842259657,162.7883627619599,80.7627950791775,-240.96768849065077,94.23932988473534
93.50467497295712,0.05534743704104983,167.96504390149664,75.05648382579105,-239.58184146650817,111.44313122697487
98.79758827517043,5.78123699420604,173.61636246117212,69.67214885028795,-237.37671889140503,128.29196457799492
105.01497756549394,12.27494959284995,179.7142512959718,64.59540310514637,-234.3634223892628,144.72880680915546
112.07444020108879,19.47492538572118,186.21520437007172,59.80118233525262,-230.55993707933698,160.69756566207786
119.87019585928395,27.300376721758965,193.06105289391712,55.25475290758845,-225.99099977416444,176.14310238039982
128.27545262134592,35.653006539468365,200.1801481006355,50.91295307220368,-220.68782965316356,191.01124362150003
137.14532244164732,44.419208431504416,207.4889219436626,46.72562850735706,-214.6877097321399,205.2487955262757
146.32021694879202,53.47269910595972,214.89378952730544,42.6372229351819,-208.03341164221968,218.803574071522
155.62964546918812,62.67752416129237,222.29334963538543,38.58848486169099,-200.77246228138225,231.62446608949625
164.89632830012374,71.89136814536229,229.58083219094047,34.51825165673846,-192.9562585683739,243.66153451072321
173.94052959226906,80.9690899283284,236.6467339227138,30.365271962180373,-184.63904538943027,254.86617942974073
182.58450598259748,89.76639486190457,243.38157618091782,26.070026704485667,-175.87678128715783,265.191363550338
190.6569598429593,98.14354662110583,249.6787121652256,21.576507897762376,-166.7259257602792,274.59190656356213
197.99738037173216,105.96901479612447,255.43710537516674,16.83391324256513,-157.24219039708723,283.0248482671669
204.46015258346526,113.12295008403642,260.56399752549476,11.798213687780525,-147.47930261053446,290.4498750490853
209.91831440719923,119.5003781815953,264.9773831516735,6.433551139462423,-137.4878347012183,296.82979909747235
214.2668463739786,125.01400694418288,268.6082102456229,0.7134248890967143,-127.31415172484881,302.1310747717977
217.42538735509805,129.59654957199328,271.402231923649,-5.37837146512129,-116.99952879790966,306.3243323858221
219.34028380829272,133.20247971374562,273.3214435078727,-11.847095525138158,-106.57948195638214,309.38490659157844
219.98589893221032,135.80915225889976,274.3450523771735,-18.68670945588444,-96.08334673974497,311.29333492007606
219.36513153929693,137.4172456291738,274.46994407803265,-25.879857103612494,-85.53412589588827,312.0358020270304
217.5091214423568,138.05050659646975,273.7106267484936,-33.39816959852142,-74.94861287539055,311.6045068768211
214.47614745539798,137.75480573611367,272.09865592359057,-41.20289195711926,-64.33778221048811,309.997933395263
210.3497542062527,136.59653903595319,269.681562118556,-49.24581069536552,-53.70742267188997,307.2210098100006
205.23617316756912,134.66043729333347,266.5213230250505,-57.47045049165389,-43.058975475458226,303.2851476298543
199.26112994693366,132.04686816399737,262.69243955052883,-65.81349731067696,-32.39052884670765,298.2081575523246
192.56615238587364,128.86873468981523,258.27968927590723,-74.20639682889296,-21.697912781160646,292.01404604215065
185.3045111221366,125.24808774867401,253.3756414320378,-82.57707103709794,-10.975834371712274,284.7327024001834
177.6369350676725,121.31257746198791,248.07802372581196,-90.8516928650906,-0.2189947550263156,276.39949139199126
169.72724828778522,117.19186993158732,242.48703312759648,-98.95645866943764,10.576866674310928,267.05477056487024
161.73807204660125,113.0141509748519,236.70268022437045,-106.8193013033908,21.41404718104865,256.74335400229603
153.8267267713509,108.90282840913305,230.82225038792822,-114.37149189838914,32.292110654762524,245.51394533110948
146.14145423520233,104.97352985906458,224.9379554664095,-121.54908591919808,43.20729651453405,233.41856233101387
138.81806151821962,101.33147520887111,219.13483778911586,-128.29417789943753,54.15211892108189,220.5119736446177
131.977066623793,98.06928299942962,213.48897485847237,-134.55593886967142,65.11515564423175,206.85116510022246
125.72140242062997,95.26524958200514,208.06601906140673,-140.2914202246872,76.08101528097416,192.4948493592152
120.13471222714628,92.98211989483362,202.92009286854017,-145.46611707353568,87.03046289580112,177.50302834511123
115.28024809181423,91.26635034847622,198.09304698322916,-150.05429251397032,97.94067798383176,161.93661356064402
111.20036266801822,90.14784827447244,193.6140772794154,-154.039071435652,108.78561510856372,145.8571052849261
107.91656827865478,89.64015921855743,189.49968647892774,-157.4123181849543,119.53643657617793,129.32632803930179
105.43012276002042,89.74106327582281,185.753968543306,-160.17431665268415,130.1619878115316,112.4062168240126
103.72309111495468,90.43353464166046,182.3691877072082,-162.33327413208468,140.62928928140735,95.15864658254331
102.7598247693487,91.68701433687794,179.3266198348048,-163.90467179869958,150.90402335373588,77.64529619280978
102.48879596695707,93.45894423505258,176.59762110195578,-164.9104851260825,160.95099983101167,59.92753798480007
102.84472304311639,95.6965105397351,174.144887585479,-165.37829726320686,170.7345895025778,42.066344254358896
103.75092238173585,98.33854614578561,171.92386882952013,-165.34032767386816,180.2191204213218,24.12220334303916
105.12182415030165,101.31754330183105,169.88429851189966,-164.8323974804359,189.3692363020639,6.155039415824217
106.86559083738065,104.56173016694909,167.97180564095657,-163.89285223232594,198.15022013818714,-11.77586809546768
108.8867797007438,107.99716683327617,166.12957003390704,-162.56146243953862,206.52828862656352,-29.611967493094387
111.08899213493459,111.54981792235021,164.2999860111929,-160.87832229596017,214.470864182072,-47.29552054103456
113.37745452472458,115.14755987415629,162.4262982458219,-158.88276759025968,221.94683122702205,-64.76968962655931
115.66147639270281,118.72208161766508,160.45417360300598,-156.61233478390693,228.9267821794462,-81.97862387398061
117.85673278091107,122.21063767607703,158.3331727722653,-154.10178444414362,235.3832563508194,-98.8675410217639
119.88731918368372,125.5576132795278,156.01808579905986,-151.38221338422,241.29097209044724,-115.38280171019414
121.68752943315721,128.71586217637702,153.47009659513265,-148.48028064835745,246.62704932750168,-131.47197322075175
123.20331023982041,131.64778002777516,150.65774349750757,-145.41757251621272,251.37121654265553,-147.0838806351757
124.39335109835098,134.32607998901955,147.55764628528476,-142.21013063005262,255.5059935319587,-162.16864476952225
125.22977538668584,136.73424269083986,144.15497501115374,-138.86816485654822,259.0168394614602,-176.67770797452292
125.69840796281258,138.8666205581144,140.44364270627727,-135.3959683679563,261.89225494538766,-190.56385082712333
125.79860643807966,140.7281862777159,136.4262124632424,-131.79204658202204,264.12382741548953,-203.7812046912715
125.54265737036133,142.33392706638614,132.11351940334305,-128.0494641169606,265.70621096550326,-216.2852669000896
124.95475440106516,143.70789977321056,127.52401920962214,-124.15640505800758,266.6370350962801,-228.0329267078144
124.06959213011714,144.88197613573453,122.68288669434205,-120.09693203351956,266.91674115078166,-238.9825109908932
122.93062633860369,145.8943218594919,117.62089955558241,-115.85191945636669,266.5483503732374,-249.09385879088512
121.58806693535784,146.78766664133195,112.37315325121516,-111.40012651154285,265.53717299701447,-258.32843308419916
120.09668356518024,147.6074337881811,106.97766193803378,-106.71936683131149,263.890473029527,-266.64947660043765
118.51351405830401,148.39980671404297,101.47390689877139,-101.787725049904,261.61710790389094,-274.02221613297354
116.8955718615606,149.20981448563776,95.90139715254115,-96.5847662346828,258.72716538596677,-280.41411671691753
115.29764956806147,150.0795191174521,90.29830656988074,-91.09268304970698,255.23162163905866,-285.7951834901159
113.77031129408046,151.0463831823665,84.70024761789863,-85.2973276932854,251.14204388510825,-290.13830526750917
112.35815698189708,152.14188755383694,79.1392339802876,-79.18908116735443,246.47035858119162,-293.4196301534779
111.09842720070483,153.39045615366487,73.64287318136448,-72.76352100143578,241.22870158537867,-295.61896021168883
110.01999853940475,154.808728222334,68.23381673062941,-66.02185961631608,235.42936075551845,-296.7201496092619
109.14279843673371,156.40519992904368,62.92948015865711,-58.97113829411274,229.08481432341102,-296.71148900478613
108.47764571317478,158.1802373725133,57.74202974122205,-51.6241752892099,222.207860854427,-295.58605843260415
108.02650070393719,160.12644356067403,52.67861784796901,-43.99927996671394,214.81182933315657,-293.3420316258467
107.78308825915624,162.22934413118804,47.74183577287296,-36.119757021107866,206.9108515798537,-289.9829165867245
107.73383933136977,164.46834156881798,42.9303425025275,-28.01323495597329,198.520174375652,-285.51772011696465
107.85908348075185,166.81787641352022,38.23962079544992,-19.710860446671788,189.65648577180272,-279.96102773372417
108.1344160973741,169.24872702724116,33.66280851451076,-11.246404564901994,180.3382292925837,-273.33299461738983
108.53216075314579,171.72937711829323,29.191553384071774,-2.655328001411526,170.58588110810265,-265.65924763013084
109.02284872162937,174.2273822593337,24.81684293363513,6.026149462101927,160.42216853646704,-256.9707026662983
109.57664382841529,176.71067259256216,20.529767782322438,14.761934509895788,149.87221304458902,-247.30330533683454
110.1646505985443,179.14873804212993,16.322184867677542,23.51686674826887,138.96358673847104,-236.69770599583526
110.76005612092504,181.51365371827916,12.187256883075257,32.25741989223053,127.72627759446327,-225.19888221521214
111.33907002315901,183.78091579033415,8.11985420321217,40.952280113859274,116.19256481312186,-212.85572291836868
111.88164132179031,185.93007093178755,4.116815160552257,49.57279252449055,104.39681117402284,-199.72058850442968
112.37194466531315,187.94513460681952,0.17706903546709896,58.09327464318875,92.37518373933186,-185.84886051979936
112.79864078157698,189.81480424453892,-3.6983669331523785,66.49120245560826,80.16531744335391,-171.29849292084285
113.15492616659093,191.5324822122153,-7.50650009617857,74.74727998247256,67.80593790956324,-156.1295749212769
113.4383948465072,193.09613015116236,-11.242564874841221,82.84540700867592,55.33646029572876,-140.40391305512
113.65074029088942,194.50798059387543,-14.90029415364539,90.77256177680601,42.79658023760416,-124.18463763349149
113.79732835321815,195.7741339440906,-18.472238750151718,98.51861615081532,30.22587129113259,-107.53583643685934
113.88667273956382,196.90406913085263,-21.95011555981172,106.07610022916963,17.66340095760509,-90.52221643189121
113.92984335807695,197.91009490803148,-25.325167277764535,113.43993191190481,5.147374729648749,-73.20879266064213
113.93983545012892,198.80676628607895,-28.58851938730055,120.60712480800404,-7.285185087305704,-55.6606022958455
113.93092413586996,199.6102873913195,-31.731523019409053,127.57648540992665,-19.59872149296571,-37.94244121809708
113.91802538257551,200.33791856345238,-34.74607502813332,134.34830793484315,-31.75938362973153,-20.118620333382104
113.91608081884502,201.00740208235234,-37.62490896602456,140.9240728687456,-43.73522566317061,-2.252739157078951
113.93948057666866,201.63641784118317,-40.36185243956503,147.30615322699518,-55.49636400232776,15.592525139615292
114.00153564603602,202.2420777442608,-42.9520475186999,153.4975309831504,-67.01509358368698,33.35561410184037
114.11400916144697,202.8404656991567,-45.39213149001539,159.50152507741558,-78.26596390179296,50.97626960508866
114.28671458824687,203.4462287948511,-47.680375373054375,165.32153190293062,-89.22581508931601,68.3956994709409
114.52718782652154,204.07222452908184,-49.81677741329361,170.96077913719327,-99.87377378762609,85.5567248988
114.84043961400195,204.7292286176254,-51.80310841347129,176.42209415040784,-110.19120798260187,102.40390681950211
115.2287940500363,205.42570778612728,-53.64290547781171,181.70768886091435,-120.16163958594657,118.88364790661342
115.69181832261422,206.1676617854551,-55.341410732779536,186.81896367656205,-129.77061348401415,134.94426703151774
116.22634755341636,206.95853845845045,-56.90545204368205,191.7563339046706,-139.0055221864817,150.53604347073653
116.82660687923631,207.79922482051387,-58.34326381695506,196.51908258095366,-147.85538617865643,165.6112291878507
117.48443033177472,208.688115651828,-59.664247749535335,201.1052439246052,-156.31059164672087,180.12402899455805
118.18957273044663,209.62125896430427,-60.878675866690116,205.5115214709641,-164.36258937682132,194.030550282246
118.93010674736999,210.5925749220931,-61.99734129562874,209.73324430660068,-172.00356122446584,207.28872619593741
119.69289274411267,211.59414148214725,-63.03116577820083,213.76436373159908,-179.22606344113473,219.858218445889
120.46410423374243,212.61653640068255,-63.99077666815823,217.5974911559137,-186.0226590960021,231.70030823098216
121.22978729901072,213.64922162671138,-64.88606975208572,221.22397621517624,-192.38555456130013,242.77778577350966
121.97642846482131,214.6809528378698,-65.72577729912095,224.634022128886,-198.306257232093,253.05485051850584
122.69150285759238,215.7001943516669,-66.51706289652198,227.81683341744514,-203.77527302117014,262.4970349293179
123.3639734174543,216.69551822959198,-67.26516551489806,230.76078945168408,-208.78186243813812,271.0711648428283
123.98471279322604,217.65596637686434,-67.97311459721024,233.45363612408144,-213.3138730308816,278.7453684193208
124.54682252386155,218.57135600863018,-68.6415356293028,235.88268735865674,-217.35766353926087,285.48914379161135
125.04582918192179,219.4325120387898,-69.268561629583,238.03502830760274,-220.89813131236477,291.2734926332411
125.47974410247268,220.23141461827728,-69.84986046359595,239.89771292802536,-223.91884953396536,296.0711231637364
125.84898171460814,220.96125590529135,-70.37878118587463,241.45795011636977,-226.4023148816645,299.8567218160034
126.15614072502053,221.61640674348948,-70.84661522154445,242.70327454409403,-228.33029982219497,302.6072882038932
126.4056617380543,222.1923006992215,-71.24296071343882,243.62170056335648,-229.68429730739624,304.30252349252817
126.60338354746887,222.6852492604889,-71.55617141070904,244.20185977568877,-230.4460397043824,304.92525815151447
126.75602753811742,223.09220733505884,-71.77386567790182,244.43312481317926,-230.59806887205136,304.4619017050971
126.87064474076561,223.41051199393752,-71.88346708524932,244.30572333472816,-230.12433081341095,302.90289477270767
126.95406262115281,223.63761931996427,-71.87274598141104,243.8108470148805,-229.01076659804176,300.2431426235174
127.01236842348857,223.77086405629282,-71.73033163748673,242.94076031081653,-227.2458714146756,296.48240974842093
127.05046285933814,223.8072645290963,-71.44616696186306,241.6889130430132,-224.82119566135614,291.6256565640941
127.0717124254945,223.74339127044402,-71.01188218539278,240.05005942189086,-221.73176572071884,285.68330217318436
127.07772116458783,223.57531229469674,-70.42106988952392,238.02038428245214,-217.97640716286782,278.67140087773316
127.0682339311713,223.29862161612542,-69.66945074668044,235.59763519254165,-213.55795912064062,270.6117245696189
127.04117396667367,222.90855093478598,-68.75492674030036,232.78125704130463,-208.48337498279676,261.53174784751735
126.99280859772212,222.40015805777225,-67.67752580573122,229.57252394332392,-202.76371083451855,251.4645373728522
126.91802885975397,221.76858009415153,-66.439248217422,225.97466201657852,-196.41400877067065,240.44855124091453
126.81072237763934,221.00933517674875,-65.04383019159667,221.99295594638178,-189.4530869333292,228.52735772856278
126.66421428602249,220.11865368140604,-63.49644377755426,217.63483228740955,-181.90325161684035,215.74928548443455
126.47174851364841,219.09381872509056,-61.80335404466747,212.9099131524304,-173.7899489119757,202.16701894032963
126.22698135208233,217.93349605753042,-59.97155487059011,207.83003518475599,-165.1413741271964,187.8371534228357
125.92446066068271,216.63803510644647,-58.00840347990247,202.40923035019344,-155.988056752514,172.81972419842262
125.56006697041308,215.20972558397858,-55.92127156104685,196.66366691903974,-146.36243723241012,157.17772262670235
125.13139669504721,213.65299734403533,-53.7172276621464,190.611550838326,-136.29844956570605,140.9766109110258
124.63807216658773,211.97455472009173,-51.40276201532838,184.27298933518756,-125.83112105371364,124.28384483501259
124.08196783176295,210.18344002533513,-48.983561329770495,177.6698198984008,-114.99619767251009,107.16841157817407
123.46734629437802,208.2910239823848,-46.464337739498475,170.82540866164976,-103.8298008166689,89.70038741891983
122.80090167862258,206.31092337714426,-43.84871323133706,163.76442262271283,-92.36811876572652,71.95051803972456
122.09171085143717,204.2588481084643,-41.13915866010669,156.51258009755884,-80.64713431038973,53.98982238619899
121.35109532706925,202.1523810381757,-38.336984939343125,149.09638339952164,-68.70238862507749,35.88921969855979
120.59239824377967,200.0106947277506,-35.44238314646054,141.54283706281745,-56.568780697988785,17.71917848047861
119.83068180191782,197.8542094401974,-32.454509998466875,133.87915413642617,-44.28040138119751,-0.4506141928066595
119.08235119962067,195.70419689539,-29.37161527836581,126.13245230998847,-31.870401299416862,-18.551564530160377
118.36471164693143,193.58233441979758,-26.191208128099845,118.32944104891381,-19.370892317784747,-36.5164660559477
117.69546573275213,191.51021454528825,-22.910259461289485,110.49610064631989,-6.812882850592533,-54.27977603336704
117.09215948496315,189.50881597210264,-19.525437884644305,102.65735425485849,5.773752179820669,-71.77787350439533
116.57158706808029,187.5979432485479,-16.033376273417545,94.8367346142061,18.360265620915325,-88.94929710803272
116.14916629093636,185.79564459249167,-12.430965391045945,87.05604836913575,30.918995560082045,-105.7349598309666
115.83829993661597,184.1176199584786,-8.715669603398311,79.33504255490604,43.423285495923395,-122.07833702179326
115.64974125826205,182.57663461749695,-4.8858578142237405,71.69107993315528,55.84736782119291,-137.92562347854403
115.59098557726284,181.18195694746314,-0.9411403219860119,64.1388322550695,68.16621288131537,-153.22585530206482
115.66571344319367,179.9388425282219,3.1173004643735567,56.69000301699544,80.35534801091792,-167.93099256998863
115.87331385250044,178.84808962007634,7.286400365101656,49.35309361279943,92.39065343781701,-181.99595977161334
116.20851810565318,177.90569325758213,11.560942363172451,42.13322869586503,104.248144573173,-195.37864235294848
116.66117552540027,177.10262607440308,15.93334370144472,35.03205773859585,115.90375271743079,-208.03983961025156
117.21620100865361,176.42477318092944,20.39352176651473,28.047749920865275,127.33311830419868,-219.94317644314117
117.85372087348705,175.8530456070069,24.928859092326874,21.175098326299693,138.51141217228366,-231.05497899368214
118.54943746114051,175.3636917799007,29.52428587862,14.4057467810022,149.413200715532,-241.34412176900395
119.27522441951845,174.9288191785103,34.16249463684405,7.728548438687227,160.0123698902726,-250.7818562575996
119.99995371441636,174.51712883358917,38.82429590057244,1.1300594382696403,170.28212083565637,-259.3416330723895
120.69054261942281,174.09485409351527,43.48911650113169,-5.404836173632916,180.19504628596803,-266.99893106420524
121.31319490284662,173.62688262944116,48.13563304238305,-11.8921821965113,189.7232921713221,-273.7311074529668
121.83479605352692,173.07802779152874,52.74252343618265,-18.348107273789402,198.83880311025513,-279.51728268000977
122.22440872172187,172.4144030783314,57.28930937507009,-24.787912187428034,207.51364431937986,-284.33827232428905
122.45480272927517,171.6048426505917,61.757253233049454,-31.225124135066594,215.72038632902508,-288.17657606702807
122.50394513784343,170.6223025064128,66.13026495938327,-37.67056072893753,223.43253337210848,-291.01643044494716
122.35637093619094,169.4451720260997,70.3957688888913,-44.131450262000165,230.62497196895495,-292.8439282033239
122.00435466134529,168.05842477798424,74.54547773541033,-50.6106558094212,237.2744135456033,-293.64720272330584
121.44880811757884,166.45454114913642,78.5760218552007,-57.10604863850994,243.35980424184982,-293.41667158206747
120.69983932070647,164.63414357693938,82.48938638043487,-63.61007110417577,248.8626765439481,-292.14532915915294
119.77692247031757,162.60629758380662,86.2931169311442,-70.10952090619251,253.76742095840967,-289.8290746643844
118.70864732958404,160.38844776825675,90.000265894259,-76.5855777498229,258.06146135238356,-286.4670593207813
117.53203771216494,158.0059763759428,93.62906499274979,-83.0140807967191,261.73532435654704,-282.0620349015974
116.29145142628789,155.49139182776474,97.2023251025246,-89.36605171163202,264.7826007470962,-276.62068550659205
115.03709646628246,152.88317426090967,100.74657990997935,-95.60844459356727,267.19980430723814,-270.1539253719179
113.82321893904975,150.22432338572102,104.2910048955178,-101.70509162027393,268.98614062696737,-262.6771475355631
112.70603578041252,147.56066954350456,107.86615620104877,-107.61780273302512,270.1432040199944,-254.2104111258807
111.74149863434391,144.93902076741267,111.50258428188738,-113.30756986692523,270.67462474587325,-244.77855863185175
110.98298357483468,142.405226214809,115.22938419122677,-118.73582157190445,270.5856907391059,-234.41125843570887
110.47900429344256,140.0022392314807,119.07274753194822,-123.86567257550229,269.8829679918292,-223.14297181585712
110.27104402711576,137.76826157800775,123.05458048728008,-128.66311482920284,268.5739417484568,-211.01284725792502
110.39159431939123,135.73504439252812,127.19124816102371,-133.09810151593925,266.66669706817805,-198.06454798863626
110.86247747901032,133.9264119689422,131.49249823142503,-137.14548282374085,264.1696525517731,-184.34602098526307
111.69351533744356,132.35706228605957,135.96060735280753,-140.78576131206415,261.09135565071324,-169.90921720548874
112.88159074904775,131.031684433932,140.58978264010716,-144.00564464498234,257.4403425364409,-154.80977340471668
114.41013137594265,129.94441866410807,145.36583878627664,-146.79838357843622,253.2250605242297,-139.1066657108527
116.24902871715996,129.07867067994556,150.26615968299507,-149.16389268077342,248.4538469494281,-122.86184422753995
118.35498997023149,128.40727877026646,155.25994251916728,-151.10865978018919,243.1349554907989,-106.13985649731146
120.67230681580453,127.8930210618112,160.3087127351485,-152.6454571768304,237.2766193911529,-89.00746587001606
123.13401399386606,127.4894408795935,165.36709024330224,-153.7928730202765,230.88714085787407,-71.53326888978718
125.6634017326918,127.14196108313234,170.38378112575492,-154.57468490050337,223.97499701946944,-53.787313933592216
128.1758395976306,126.78925319959339,175.30276455175942,-155.0190997556117,216.54895493886875,-35.84072167982864
130.58086484815937,126.36482393338726,180.06464173747528,-155.15788491003272,208.61819102556439,-17.76530670225715
132.78448549373348,125.79877979998412,184.6081121150341,-155.02541475352072,200.1924133792853,0.3668013223122699
134.6916464163066,125.01972974372197,188.8715411422501,-154.65765662401841,191.2819887509924,18.48353857028237
136.20880567519492,123.95678518004934,192.794584017616,-154.09111823219231,181.89807854704384,36.513291676906874
137.24656698618122,122.54161652245983,196.31982964787056,-153.36177778608516,172.05279029182879,54.385286649010425
137.72231305020367,120.71052458064477,199.39442929950283,-152.50401709173076,161.75935192909563,72.02998144771605
137.56278273481416,118.40648404914862,201.97167429740801,-151.54957747767884,151.03231608998277,89.37945994569995
136.70653310527052,115.58111460376682,204.01248687161606,-150.52655847166045,139.8877998906926,106.3678230809118
135.1062251694266,112.19653301172036,205.48678786726208,-149.4584796954469,128.34376295852164,122.93157108601739
132.73067032183332,108.2270374276966,206.37470470056252,-148.36342729259252,116.42032234877705,139.00996885504776
129.5665733661569,103.66057311653361,206.66758292785852,-147.2533071373549,104.1400980512582,154.54538500544768
125.6199082682948,98.49992774214512,206.36876542043393,-146.1332278088379,91.52857724570356,169.483594193308
120.91686508045413,92.76360467435168,205.4941047575597,-145.00103653926735,78.61447980141034,183.7740319069085
115.50431137083216,86.48632507018078,204.07217740856146,-143.84703074541068,65.43010224680638,197.36999143226492
109.44971947372056,79.71911430011268,202.1441728697043,-142.65386604272493,52.011613120642906,210.2287540328201
102.84052223813944,72.52893600034434,199.76343736729433,-141.39667859668373,38.39926981075631,222.31164563067932
95.78287475859607,64.9978478418126,196.994660129856,-140.04343514499786,24.63752618716325,233.58401635717505
88.39981759773943,57.221666982543134,193.91270051752025,-138.55551799728252,10.775001927422466,244.01514311547962
80.82885773606371,49.308149812019984,190.60106625638622,-136.88854488174505,-3.1357113654334032,253.57805954613494
73.21900609015167,41.37470942298362,187.15006626321832,-134.99341489484908,-17.03842533423552,262.2493222191749
65.72733384917719,33.54571440917329,183.65467549492914,-132.81756238866697,-30.873920209981627,270.00872615320765
58.51513280549649,25.949433006894672,180.21216320062888,-130.30639089395643,-44.58069811542371,276.8389865202196
51.74378589998431,18.714706031645655,176.91954906432127,-127.40484971339004,-58.095909857527495,282.72540627981385
45.570471953521846,11.967449189822915,173.87096311970154,-124.0591072732308,-71.35642821450968,287.6555511887997
40.143841704692925,5.827098884084798,171.15499412403813,-120.21826834238303,-84.30002896564088,291.61895392013685
35.59980973233114,0.40312443927329156,168.8521165140436,-115.83607740856563,-96.86663096474642,294.6068677773607
32.05760785052084,-4.208267126097056,167.03228751963763,-110.87254831919763,-108.99953937890459,296.6120877126147
29.61623977180261,-7.927110597095556,165.75280310572987,-105.29546105261295,-120.64663257034782,297.62885219222323
28.351464351960228,-10.6922323222866,165.05649406478534,-99.08167027033647,-131.76143347381864,297.65283417662266
28.313416133395638,-12.463271301745053,164.97033203108478,-92.21817696035238,-142.3040108505003,296.68122347533017
29.524948203889117,-13.222092842573439,165.50449998788014,-84.70292362498937,-152.24166424086675,294.71289646172096
31.980754945510128,-12.973540128064144,166.6519638301336,-76.54528449778049,-161.54935818990768,291.7486630795633
35.6473026662002,-11.745495632056333,168.3885617840904,-67.76623444308005,-170.20988546784238,287.7915757217958
40.46356608658348,-9.588251764377588,170.67360815137783,-58.39819267405388,-178.21375443155475,282.84728032970827
46.342539852934976,-6.573216834317066,173.45098813883993,-48.48454940316229,-185.55881113824253,276.9243872649111
53.17346813453736,-2.7910068754910284,176.6507025649501,-38.07889429204225,-192.24962112999225,270.0348383350914
60.82471311091605,1.651005150541323,180.19080592225419,-27.243974541241244,-198.2966478966241,262.19424685272526
69.14716554998387,6.631594649458137,183.97966928252885,-16.050417319951258,-203.71527407760877,253.42218967538275
77.97808809434108,12.018945316006835,187.91849121278003,-4.575255890575498,-208.52471697655855,243.74243359314363
87.14527427535558,17.674156994100656,191.90397526913574,7.09969862631282,-212.7468917694165,233.18308286946356
96.47140327232574,23.454892610262206,195.83109151023433,18.88959703599604,-216.40527405694823,221.77663982098102
105.77847136817164,29.219057188447522,199.59584135370335,30.708360982923264,-219.52380859963986,209.5599756285747
114.89218510183322,34.82840708814787,203.09794937195835,42.470519692300456,-222.1259038526691,196.57421371150733
123.64620741297625,40.15199512775597,206.24341161064842,54.0930345829354,-224.2335430987896,182.8645326177156
131.88615580843083,45.06936630800497,208.9468370647946,65.49707295633864,-225.86653341034764,168.47989920794058
139.47326009728056,49.47342870003364,211.13352651654168,76.60969269715795,-227.0419041748154,153.47274574276403
146.2875961012906,53.272934158640055,212.74124063216078,87.3654001560507,-227.77345820298862,137.89860621472334
152.2308207555639,56.394513539106185,213.72161682705132,97.70754326727479,-228.07147106638126,121.81572787925921
157.2283432206449,58.78422094330122,214.04120191466458,107.5895017997347,-227.94252866321568,105.28467348167379
161.2308762947413,60.40855131514576,213.68207510045107,116.97563691759245,-227.38948928904608,88.36792826377892
164.2153229563392,61.25490572166291,212.64204372323866,125.84196348400616,-226.4115547108204,71.12952362077444
166.18496477342063,61.331489260256305,210.93440260021686,134.17651134793294,-225.00443477811626,53.63468645111638
167.16893265574907,60.66663809776246,208.58725719984795,141.9793467179528,-223.16059168864334,35.94952000506174
167.22095636498338,59.307584971739374,205.6424213701283,149.26223203116007,-220.86955279099627,18.140718601885695
166.41740749597147,57.3186867129306,202.15391205986623,156.04791265560004,-218.11828431740958,0.2753151668129208
164.8546711943184,54.77915290762489,198.18607626402996,162.3690312668122,-214.8916222077812,-17.579542653382376
162.6459042478125,51.78033137616235,193.81139894813174,168.26668548150008,-211.17275970992344,-35.356794797676976
159.91726060514117,48.422623090417844,189.1080543743529,173.7886607018943,-206.9437942251324,-52.9896586624514
156.8036887258541,44.8121156221689,184.1572762658579,178.98738724534388,-202.1863374579195,-70.4118170269149
153.4444270630113,41.05703913096826,179.04063364617946,183.91768761042132,-196.88219294257794,-87.55761494253116
149.97834285115715,37.26416106574143,173.8373079374548,188.6343949228512,-191.0141031872922,-104.36227589656662
146.53927358564258,33.53524395543516,168.62147197242666,193.18993592487135,-184.566564877063,-120.76214591024515
143.2515385999988,29.963693802143993,163.4598720825033,197.63198009881563,-177.5267048734678,-136.69497157548062
140.22578870310156,26.631523813603295,158.40970972784214,202.00125961756603,-169.8852024164934,-152.1002145039724
137.55535407937862,23.6067490409945,153.5169089494099,206.32966206338935,-161.63723446947452,-166.9194004800493
135.31323429479687,20.941311909403467,148.81484039031557,210.63868892930944,-152.78341226374621,-181.09649708511782
133.54984965253976,18.669617151442793,144.32355236546906,214.93835795989744,-143.33066868523252,-194.5783090776699
132.2916413495354,16.807728311314435,140.04953552062696,219.22660704238987,-133.29304920576746,-207.31487679608944
131.54057058588785,15.353248276671707,135.98602147324067,223.4892327347691,-122.69235462578011,-219.25985973357243
131.27452618764752,14.285875070544861,132.11378920473055,227.70036912012375,-111.5585829053031,-230.37088561170967
131.44860898659056,13.568593442718964,128.4024277422895,231.82348428826464,-99.93012055261858,-240.60984505928502
131.99722185264602,13.14943469215838,124.81198164621632,235.81284427580437,-87.85364182651401,-249.94311356491716
132.83685947172216,12.963713494664958,121.2948886032629,239.61536961645652,-75.38368638447736,-258.341685729324
133.86946392207142,12.936632801394765,117.79810723601156,243.17278943827577,-62.58190249304507,-265.78121182673783
134.98619248114792,12.986137106447401,114.26532879588135,246.42398362936768,-49.51596254326758,-272.2419329436688
136.07143383771253,13.025890956137005,110.63916887261767,249.30739587265037,-36.258178983419626,-277.7085179902127
137.00690815444398,12.968263275773381,106.86324421535066,251.7633997160179,-22.883870170034207,-282.16981305377806
137.67569461750773,12.727208137983439,102.8840542858389,253.73650617725747,-9.469545156006031,-285.6185202188221
137.9660459300939,12.220947732567936,98.6526058946202,255.17731408243912,3.9090077788119224,-288.05082846084804
137.77487083526975,11.374381931984786,94.12574055352995,256.04412238929274,17.178633620294143,-289.4660229857974
137.0107910351879,10.121169220657677,89.26714621942362,256.3041458212298,30.27062503075254,-289.8661010330914
135.5967055427684,8.405444114478442,84.0480561235317,255.93429968949476,43.122342880390605,-289.2554215032455
133.4718213995447,6.183154943518332,78.44765575511232,254.9215451669574,55.678557543744276,-287.64041284982574
130.59313296532775,3.423021706012733,72.45323345575605,253.2628108620413,67.89244245112138,-285.02935875591925
126.9363512390476,0.10712572021914468,66.06011951850475,250.96452879786543,79.72617328930107,-281.4322746574173
122.49629908125544,-3.768849444304948,59.27146265725714,248.04184149869315,91.15111138340161,-276.8608807813194
117.28679756937389,-8.19570275164746,52.097891179830825,244.51755076323445,102.14757604949372,-271.3286697126281
111.34007342542134,-13.151103412901307,44.55709961090412,240.420887134154,112.70423590794272,-264.8510592633103
104.7057184495344,-18.600261798356854,36.67339077154525,235.78618170231985,122.81717127428429,-257.44561519429385
97.44923053074025,-24.49686850388447,28.47718972818192,230.6515187603204,132.48867713946657,-249.13232360881818
89.65016371199714,-30.784291425399545,20.004531174641883,225.0574393915218,141.7258877674222,-239.93388989249087
81.39991366143558,-37.39702433467255,11.296507487032784,219.04575317749305,150.53930902175244,-229.8760400329417
72.79916632533093,-44.262381452964505,2.398652706132019,212.65849898706657,158.9413432436985,-218.98780093371406
63.95504277308109,-51.302429759457,-6.6397702578614215,205.93707769124708,166.94488445622582,-207.30173870771563
54.977983056742595,-58.43614352191353,-15.766614449929754,198.9215612055764,174.5620499345625,-194.85413753761588
45.978426432190254,-65.58175358952727,-24.927857175667512,191.6501651190673,181.8030991391957,-181.68510609809147
37.06336394085207,-72.65924774014164,-34.06879275105494,184.15885787208967,188.6755741799932,-167.8386033012268
28.33286080938125,-79.59295885996886,-43.13541382717506,176.48106933872626,195.18367888538504,-153.3623798369929
19.87666838457629,-86.31415659884983,-52.07596331216115,168.64745677297594,201.3278975570141,-138.30783628847513
11.771065828699218,-92.76353754823393,-60.842613296885915,160.6856869886458,207.10484070987036,-122.72980225671812
4.076087651448043,-98.89349145427956,-69.39320064242094,152.62020044605174,212.50729432135864,-106.6862437899594
-3.166698635049668,-104.67000916798176,-77.6929238179619,144.47193514351432,217.52444177531422,-90.23790844365124
-9.935702646705197,-110.07409449907207,-85.71588521383072,136.25800481237408,222.1422238803887,-73.44791855922905
-16.22996175977011,-115.10254902943583,-93.44635045337024,127.99134530560568,226.3438018452157,-56.38132397226331
-22.068813722383254,-119.76801772185507,-100.87959377837186,119.68036320496623,230.11009043226045,-39.10462551472578
-27.490515624790195,-124.09821435375676,-108.02220828912832,111.32863918035936,233.42033302983296,-21.68528054279854
-32.549789484561494,-128.1342887933814,-114.89178261983776,102.93475301223025,236.2526963105123,-4.191201458160414
-37.314340932916764,-131.92835103734205,-121.51588126336424,94.49230503335306,238.58486868062772,13.309742090122697
-41.86047002729012,-135.5402266007162,-127.9303126331449,85.99020803706271,240.39465309792115,30.75020689037547
-46.267966780808216,-139.03358001189906,-134.17672411388557,77.41331307777597,241.66055035975927,48.063835559903424
-50.614552414300015,-142.47160266126699,-140.2996226206172,68.74341163115918,242.36233309488057,65.18568181199139
-54.97018401751099,-145.9125124578088,-146.3429774023277,59.96062600574129,242.48161304770105,82.05259235498005
-59.39157887481304,-149.40515007171317,-152.34661328365803,51.0451616804243,242.00240463411583,98.60353717874945
-63.9173296714394,-152.9849750143946,-158.3426415094566,41.97935259080924,240.91168617379427,114.77988154774603
-68.56396921965813,-156.67076068234644,-164.3521967135046,32.74988754800421,239.19995685628493,130.52559525298665
-73.32330146971628,-160.4622587859222,-170.38274837222042,23.350067871500055,236.86178273659863,145.78739759089905
-78.16124524897455,-164.33905050414947,-176.42623132410392,13.781918033779458,233.89631938219094,160.5148400324358
-83.01834206933188,-168.26072686673427,-182.45819266426486,4.0579572596826505,230.30779281476944,174.66033238827723
-87.8119658388017,-172.16844925628948,-188.43808413521865,-5.797555923486046,226.10591477899607,188.17912211652973
-92.4401490860753,-175.98783960432854,-194.31074499637703,-15.748070483061294,221.30620381553203,201.02923982092256
-96.78681760199777,-179.63304735555042,-200.00902726969304,-25.74500239236378,215.93018077663777,213.1714264839847
-100.7281140511634,-183.0117457828706,-205.45742163115966,-35.72886885274626,210.0054068769336,224.56905914189093
-104.13940140561529,-186.0307326268129,-210.57645698600868,-45.63128843042777,203.5653345665688,235.18809122247723
-106.90247761940685,-188.60175687433548,-215.2875784049033,-55.37776288698269,196.64894671634445,244.9970215019841
-108.91250973845578,-190.64717014471594,-219.51816362189624,-64.89108423697198,189.30016785671268,253.9669016884047
-110.08421116053668,-192.1050100950726,-223.20632238199988,-74.0951493818705,181.5670422986211,262.0713873510063
-110.35683881834461,-192.93316375713235,-226.30513731851678,-82.91892148011078,173.5006873844105,269.2868308519347
-109.69767280997328,-193.11232686082647,-228.7860482901381,-91.30025706914108,165.15404509096538,275.59240881808256
-108.1037515151803,-192.64756435804972,-230.64114973609193,-99.18932333027354,156.58047069829246,280.97027130650866
-105.60176041673078,-191.56837896813386,-231.8842556491596,-106.55136032727523,147.83221201310715,285.40569589933176
-102.24610160275873,-189.92729915758886,-232.55068063600638,-113.36859524066395,138.95884536299118,288.88722808555684
-98.11529242186572,-187.7970962858303,-232.69577908391898,-119.6411838453467,130.00574393799448,291.40678975908463
-93.30694657103425,-185.26682470249568,-232.39236907045085,-125.38713141122108,121.01265889640814,292.95974047921266
-87.9316719057543,-182.43694247026417,-231.72723624016325,-130.6412228807133,112.01249312171757,293.5448809698648
-82.10627221141576,-179.4138108036036,-230.7969605744745,-135.45306301554515,103.03034119815072,293.16439456020197
-75.94666377752304,-176.30388666369808,-229.70333356251027,-139.88438490966905,94.08285716838236,291.8237290776
-69.56091327794776,-173.2079170852356,-228.54863513533766,-144.0058254762792,85.17799460793162,289.5314282011285
-63.04277468797761,-170.21541945584846,-227.43102152705043,-147.89338714103758,76.3151426835015,286.2989266275603
-56.46605458677341,-167.39969394422513,-226.44024131624607,-151.6248061806862,67.48565876899173,282.14032692220013
-49.88007252951991,-164.81356766297517,-225.6538525267978,-155.2760320611154,58.67377475566981,277.07217721650176
-43.30641134854225,-162.48601955477892,-225.13406419002797,-158.91799231331612,49.85783236500008,271.1132678785125
-36.73707569354508,-160.41978397001034,-224.9252759821914,-162.61377830757095,41.01178436946853,264.28446213932324
-30.13409940332518,-158.589981727101,-225.05234317326097,-166.416343294476,32.10688512507322,256.60857089495084
-23.43056619049364,-156.9437811285723,-225.51955355758048,-170.3667594696933,23.113486204807348,248.11027619293858
-16.53293594270473,-155.40104803866976,-226.3102693715527,-174.4930390483845,14.00285159178234,238.81610201543526
-9.324503041744965,-153.8559034257665,-227.38716044491895,-178.80948793367568,4.74891162958005,228.7544256251322
-1.6697562900038072,-152.179068705268,-228.692934306002,-183.31653110511138,-4.67011504231472,217.9555185707827
6.580634093159375,-150.22084462230632,-230.15145379882597,-188.00092707278134,-14.270288249471186,206.45160389342956
15.584503986295989,-147.8145404212198,-231.6691223916462,-192.83627474619033,-24.060741801896796,194.2769153434616
25.502864060042608,-144.7801502409321,-233.13641187038547,-197.78370957585244,-34.04273034523392,181.46774549054547
36.49483483805679,-140.9280678359103,-234.42940754036562,-202.7926864105947,-44.20893337262939,168.06247224652154
48.713081972196164,-136.06264419391215,-235.41125435861994,-207.80175377291607,-54.543007645461785,154.10155712204488
62.2999036901316,-129.98543025350673,-235.93340621986715,-212.7392379119932,-65.01936796554581,139.62751298526007
77.38401311549264,-122.49801173619464,-235.83661272658213,-217.52377489890907,-75.60316894117612,124.68484362328172
94.07792959153798,-113.40443483451274,-234.95162542352443,-222.06465506592707,-86.2504574174911,109.31996147456938
112.47575862564696,-102.51333527041196,-233.09966943729805,-226.26197600246886,-96.90846652016977,93.58109302160457
132.6510178848252,-89.64000869701616,-230.0928050892806,-230.0066374687735,-107.51602735208284,77.51818313303357
154.65407852893256,-74.60878157061488,-225.73439246948124,-233.18025269716844,-118.0040825380398,61.182809888150324
178.50875967852517,-57.25613772033182,-219.8199615514049,-235.6550934625028,-128.2962960472787,44.62812002032055
204.20765895111725,-37.435103441284916,-212.13886884304114,-237.29422780477935,-138.30976487516477,27.9087921584731
231.70593698172152,-15.021370098341574,-202.47717343430566,-237.95204506898614,-147.9558489699877,11.081030755567113
260.91350100464547,10.078480329330452,-190.6221737503692,-237.47538772122664,-157.14114494544043,-5.7974116608144115
291.6858400268243,37.916493697852616,-176.3689953271769,-235.7055173446326,-165.76863536018686,-22.66719201807789
323.8141240309969,68.49075993489953,-159.5294972861313,-232.48112746749757,-173.73904752315363,-39.46732777150088
357.0155489063553,101.73126152191372,-139.94356578502652,-227.64257343830795,-180.95245295595237,-56.1351602723484
390.9252325822021,137.48510527125913,-117.49259157466923,-221.03741630355313,-187.31013017322584,-72.60635291575903
425.0911860696466,175.50248793193498,-92.11460317912163,-212.52727333635733,-192.71669910053993,-88.81494851498591
458.9739393421269,215.4250656111191,-63.8201772984424,-201.99583611821365,-197.0825155131227,-104.69351014596104
491.952253493746,256.778571848331,-32.70791532178014,-189.35776595661426,-200.3262892069311,-120.17336711990981
523.3359781257116,298.97150351172513,1.0219916633861033,-174.56801854484394,-202.37786168379574,-135.18498276392825
552.3865279925761,341.30143115480115,37.05773691408742,-157.6310017148797,-203.18105002342656,-149.65845354942405
578.3447012647813,382.9699837950657,74.9710280477988,-138.60885108128835,-202.6964359134289,-163.52414026712546
600.4647209554489,423.1068351333115,114.21878939247607,-117.6280380026693,-200.903955438919,-176.71342207705254
618.0525526437781,460.8021429851032,154.15245510685696,-94.88352011543378,-197.8051292092914,-189.1595541869145
630.505847811525,495.1459610120464,194.0352955970223,-70.63971918063214,-193.42476651458674,-200.79860053749016
637.3523891681967,525.2722663141215,233.06751314069015,-45.22776883720515,-187.81198368743404,-211.57040509172512
638.2837553245704,550.4045465564894,270.4180770124852,-19.038711056965894,-181.04039702896154,-221.41955991769782
633.1811220604056,569.899470365945,305.26153188674385,7.4873809161649945,-173.2073846856079,-230.29632581031757
622.1306736186513,583.2850976836805,336.81739871233395,33.8760390107044,-164.4323585204737,-238.1574620268207
605.4269576865194,590.290401064367,364.3893786102906,59.63614132187473,-154.85404368061145,-244.9669258216774
583.563586159872,590.8635421140552,387.4014296036717,84.27979464815166,-144.62682630857552,-250.69640954418793
557.2118344541099,585.1773077179326,405.42794264925755,107.34315600478425,-133.91629377554423,-255.3256925098547
527.1887874249801,573.6212473588664,418.2156888396823,128.40684991602706,-122.89415146832715,-258.84279585713443
494.41759104029114,556.7812314200037,425.69589724300675,147.11461665990396,-111.73275008229103,-261.2439402103989
459.8829943017026,535.4082332707567,427.98567451091407,163.18893065300466,-100.59949268684129,-262.53331721873576
424.58564509055293,510.3790040498288,425.3788946874913,176.4425496751916,-89.6514078162378,-262.72269603911144
389.49852377521887,482.6518703551024,418.3275661447506,186.7852724973161,-79.03017137641945,-261.83089385800406
355.5284931490211,453.22109713093334,407.41542660184143,194.22556137618574,-68.8578360103875,-259.88314510331963
323.48528428227473,423.07312328553576,393.3260526698388,198.86708677197544,-59.23348344670177,-256.9104068510236
294.0594216405814,393.1475408872842,376.80805356165524,200.9006330678603,-50.2309567753843,-252.9486380947473
267.809722834314,364.3050273977432,358.63993969023363,200.59212850922228,-41.8977604890909,-248.0380882568668
245.16018782121625,337.30364986602325,339.59703816653536,198.26780099450235,-34.25514232521394,-242.22262597434667
226.40539977522064,312.78413928241,320.42241686568343,194.29759627115112,-27.29929855463496,-235.54913328688403
211.72304893804548,291.26397121191707,301.8032414304506,189.07802187167783,-21.00357913350507,-228.06698341269316
201.19188569273467,273.13945406572486,284.3533960068967,183.0155063319188,-15.32151589151735,-219.8276128161524
194.81330594434465,258.6945617454937,268.602615444927,176.51120644189697,-10.19045914215613,-210.88419068063217
192.53484399978558,248.11496879028203,254.99185919613035,169.9479797821134,-5.5355876265293205,-201.29138153969146
194.27405337015054,241.50564525674196,243.87424355997575,163.67999284219653,-1.2740537333700814,-191.10518993782256
199.94154450903537,238.91041835084525,235.520559126351,158.02518318541527,2.680960877636565,-180.38286975683172
209.46227015250042,240.33206940415522,230.1282366101353,153.2605603468753,6.416477392956423,-169.18287536564918
222.79445830077293,245.75176428486594,227.83257480529147,149.62013171362992,10.016401057443176,-157.56482711152293
239.94585309782678,255.14686994196458,228.7190871900845,147.29508722627858,13.55876991208271,-145.5894599482166
260.98710808049145,268.5064522870264,232.83593171549873,146.43577457028954,17.11364436559741,-133.31852129644378
286.0622677578469,285.8439522981564,240.20553370456918,147.15494321544077,20.741667165790272,-120.81458270130057
315.3962648209645,307.20667923821253,250.83466967486163,149.531725690835,24.493283901689903,-108.14072970100025
349.29925233834274,332.6818335061272,264.72243081387467,153.6158498367136,28.408581135624328,-95.36009582601952
388.16739159482006,362.3987778937818,281.86561625174585,159.43162755543432,32.51767381901446,-82.53521015274706
432.4794431980498,396.5272249558402,302.2612130761804,166.9813353609033,36.84155608235612,-69.72713373695207
482.78818720538357,435.27091826623325,325.9057042609528,176.2476827967519,41.39331931696205,-56.99436897524172
539.7053639353868,478.8562828556015,352.7910156687441,187.19515151049035,46.17963757149681,-44.391537888243356
603.8785308597822,527.515438729671,382.8969823690351,199.7700774320469,51.202421143315284,-31.967840798428835
675.9580376420611,581.4629510583771,416.18029932307576,213.89943987460492,56.460543141005026,-19.765326008860995
756.552310901871,640.8657758819502,452.5600399151599,229.48841440504665,61.95154906443318,-7.8170236911477495
846.1699036537186,705.8060965885604,491.8999945166909,246.41684139398038,67.6732647012266,3.854977365078767
945.147395150276,776.237175205918,533.9883127881332,264.5348591801929,73.62522195184236,15.241404396966459
1053.5633067858917,851.9329928848774,578.5152329249884,283.65804842317567,79.80982528193698,26.347494092099502
1171.1397783309212,932.4333331562286,625.050042970005,303.5625291300363,86.23318379842809,37.19434810810344
1297.1358185934264,1016.9870442545409,673.0188243084056,323.980538246558,92.90553663837767,47.81977599288997
1430.238414966147,1104.4974347781736,721.6849403126668,344.5970852642971,99.8412042823254,58.27844259369489
1568.4604612923542,1193.4749921065902,770.1346023437305,365.04832549800955,107.0580078315875,68.64114252844915
1709.0570308673518,1282.0036966837472,817.2701054138694,384.9222936939688,114.57611459743045,78.99304706720541
1848.4735605080105,1367.7279269809483,861.8134026035938,403.7625926923459,122.41629356440166,89.43081149632994
1982.3405265113417,1447.8670774961433,902.3225068983809,421.0755231717235,130.5975995632323,100.05849476524622
2105.5286748972485,1519.2643241098704,937.2227099352933,436.34096531558237,139.13455008532625,110.98232673568832
2212.2763830834024,1578.474299217595,964.8537541047456,449.02708204365194,148.03391154238642,122.30445768734612
2296.396026049452,1621.8917153748234,983.532892882009,458.6086147657088,157.29126834714964,134.11593292009013
2351.5593320786447,1645.9192767808133,991.6322812007538,464.5882040561909,166.88760245607992,146.489242580034
2371.653045020686,1647.1687925066642,987.6674672589069,466.5198158681417,176.78615550285443,159.47089137809138
2351.1865662404043,1622.6846823447354,970.3920773505014,464.0330231202144,186.92987229180773,173.07450191786023
2285.7237960507973,1570.1746247946967,938.8923043772745,456.85662149949815,197.23972572620298,187.27499687196274
2172.303536929478,1488.2286033798007,892.673753061212,444.8398861569234,207.61419367203237,202.00438976122496
2009.8080047025946,1376.505720302333,831.7327689828925,427.96973662057246,217.9300955035998,217.14964646521503
1799.2384533123436,1235.8684008333314,756.6047407809637,406.3821941503028,228.04490208436576,232.55296045002362
1543.8614163704,1068.446306898034,668.3830858302547,380.36679691784957,237.80051432354756,248.0146211569602
1249.1986809660534,877.6173875672407,568.704670076191,350.3630731077919,247.02837320425073,263.29846047122555
922.8481116108624,667.9006230183012,459.70011405487816,316.94872990389746,255.5556325648369,278.1396552042985
574.1393336770257,444.763424474318,343.91053253714676,280.81984916303554,263.21201066957775,292.2544655807962
213.64596581273508,214.35533192156169,224.17539941002144,242.76402713259688,269.8368527020632,305.3513225478565
-147.40782985947922,-16.812517576443597,103.499045165854,203.62798865548405,275.285895646022,317.1425592846074
-497.79652027999657,-242.21675866423152,-15.094572011105242,164.28168135381287,279.43723641762915,327.35602807403694
-826.9416249709011,-455.67143147458484,-128.70800457183216,125.58115902033354,282.19606410019657,335.7458587612992
-1125.5030559624643,-651.649319138349,-234.7064813194214,88.33266132492764,283.49782163839086,342.10169710799363
-1385.8638014016876,-825.5496242866764,-330.8342708066158,53.26017806108453,283.30959950108115,346.25590027816105
-1602.4707511549245,-973.8925424969099,-415.3034410295171,20.97846481458197,281.6297176581884,348.08834590717373
-1772.0106225464588,-1094.4291061207343,-486.84995255022835,-8.027009416126646,278.48560503142795,347.52871023506304
-1893.4175942459276,-1186.1633165989326,-544.7551234518269,-33.412298239657645,273.9302204804509,344.5562681401807
-1967.726016654378,-1249.2919400400517,-588.833593542978,-54.97915367205587,268.0373626166854,339.1974439399797
-1997.7953652992198,-1285.0744141596724,-619.3916448224097,-72.67151620227867,260.89627838285344,331.52148109814743
-1987.9439774677567,-1295.650372376124,-637.1618329651723,-86.56523025849481,252.60599917134635,321.6346918063003
-1943.532378743227,-1283.8249482968795,-643.2211840444504,-96.85230568843497,243.26981066437244,309.6737904176367
-1870.5362781271688,-1252.8422619567107,-638.9006629730076,-103.82130101546721,232.9902056524731,295.7988104386444
-1775.1443755912512,-1206.1656106725422,-625.6932863071335,-107.8354976299371,221.86458812635138,280.1860605314099
-1663.4082287687363,-1147.2794268675304,-605.1672798894541,-109.31047660695333,209.98190368511175,263.0215011743453
-1540.9620076197352,-1079.523676008426,-578.8892730390431,-108.69252701283241,197.42027721999955,244.4948320530296
-1412.820417282675,-1005.9667087247506,-548.3608957411402,-106.43904138344217,184.24565366425344,224.7944823980805
-1283.2545335891239,-929.3182227675223,-514.9705099142509,-103.00172946405087,170.51136842325116,204.10360226588654
-1155.7385531152224,-851.8803528024907,-479.9603287290814,-98.81314297186822,156.25852489933607,182.59706969054662
-1032.9558920405814,-775.5322322038169,-444.4079754478341,-94.27668439995605,141.51702826103207,160.43946150791677
-916.8506942152815,-701.7417329583776,-409.22066578404895,-89.75999603510235,126.30711567043797,137.78388661288938
-808.7103673789665,-631.5974181660913,-375.1396746725452,-85.59140660678675,110.64123009861807,114.77154935868361
-709.2658215442121,-565.8538691932854,-342.7525384824497,-82.05895867315272,94.52610307396047,91.53189597348461
-618.7981292556219,-504.9842577344672,-312.5104891659241,-79.4114488234183,77.96493634453138,68.18319543979783
-537.242874789098,-449.23509361339075,-284.7488466338827,-77.86087832517373,60.959598917602484,44.83341498114802
-464.286096383404,-398.67928578471265,-259.7084377197972,-77.58572390547194,43.512780447719194,21.581265860827507
-399.44814883818105,-353.26484192692635,-237.55650020103678,-78.73448557836389,25.630061680838097,-1.4826853048652016
-342.15383483877434,-312.8575862788156,-218.40591760262066,-81.42903989230751,7.321875947620825,-24.27492347345396
-291.7886871075003,-277.2771299140838,-202.33197970576305,-85.76741335959568,-11.394658053756775,-46.7179732977362
-247.74232594214152,-246.3259583486281,-189.38615510135793,-91.82568509794854,-30.49405235940957,-68.73951204708997
-209.44041903200832,-219.81191598482934,-179.60658959186674,-99.6588252016866,-49.94094081132235,-90.2716337471925
-176.36701447362654,-197.5645944008453,-173.0252122143935,-109.30037348975694,-69.68878083797168,-111.25027625485792
-148.07899631971998,-179.44621255653732,-169.67145096277386,-120.76096093956298,-89.678812950575,-131.61481082588827
-124.21421440313912,-165.35755644788395,-169.5726489452299,-134.02577285643125,-109.83933553324904,-151.30778400857253
-104.49454495426801,-155.23946730307435,-172.75134605077827,-149.05114799147373,-130.0853600993301,-170.2747942219907
-88.72480938529125,-149.07027035580072,-179.2196673669123,-165.7605997456177,-150.31871472951053,-188.46447995247806
-76.78816443124623,-146.8594535607293,-188.97115048922885,-184.04063101558694,-170.42865922745722,-205.82859294225736
-68.63831336569194,-148.63786311088404,-201.97045741690604,-203.73678795173245,-190.29306351680208,-222.32212789921547
-64.28870011295099,-154.4446982202633,-218.14155456243734,-224.65045285485485,-209.78018057049022,-237.90348000789987
-63.7987516810498,-164.31167087509954,-237.35510097576588,-246.53690423179103,-228.75101714481627,-252.5346027667069
-67.2572375064619,-178.2448475480183,-259.41594721372593,-269.1051638519684,-247.0622711061449,-266.18114131460743
-74.76291736168213,-196.20489981290922,-284.0517954944348,-292.02009863058265,-264.56976537094874,-278.8125203182772
-86.4028443285524,-218.0867397756307,-310.90418060416914,-314.9071439784283,-281.13226836647004,-290.4019705062652
-102.22895841989381,-243.69977471769715,-339.5229724526963,-337.3598637433018,-296.61555294504046,-300.9264838428248
-122.23392194016648,-272.75024538585205,-369.365548116471,-358.9503644462212,-310.8965135887353,-310.3666938515355
-146.32747175541937,-304.8272705933562,-399.8016120067278,-379.24234905781094,-323.8671391439758,-318.7066843834067
-174.31485011410982,-339.39426315819003,-430.1243460256361,-397.8063454444906,-335.4381283331011,-325.93373677607883
-205.87907370249462,-375.7872700444258,-459.5681504060879,-414.2363997557462,-345.54194009215314,-332.0380314274784
-240.5688604460022,-413.2214966793659,-487.3327112312051,-428.1673118448054,-354.1350913307468,-337.01232485326574
-277.79391366470406,-450.80679482453337,-512.6125418197398,-439.29133525339444,-361.1995504866637,-340.8516268740127
-316.828938221178,-487.5722427617513,-534.6305482606792,-447.37319221230797,-366.7431242201302,-343.55290430943364
-356.8272313432647,-522.4991707906191,-552.6736318578199,-452.2622815911844,-370.7987933154993,-345.1148371717774
-396.8439784171319,-554.5611548047107,-566.1279340369816,-453.90109186094196,-373.42301777253743,-345.5376507288944
-435.86854761926577,-582.76870651687,-574.511116767541,-452.3290668979607,-374.69309494268055,-344.8230420147034
-472.8641996734868,-606.2157306598832,-577.4991010964775,-447.6814922374172,-374.70371303469,-342.9742126731111
-506.8128112428395,-624.1243928096746,-574.9449790320825,-440.1833442670754,-373.5628904568649,-339.9960119079111
-536.7615587643207,-635.8849226050119,-566.8883583908557,-430.13843776945464,-371.38752533045096,-335.8951844302288
-561.8681199414768,-641.087109048836,-553.5541510673135,-417.91457745356377,-368.29879653792506,-330.6807094243448
-581.4408926668692,-639.5408270183661,-535.3406971812796,-403.9257275759525,-364.41765693407046,-324.3642085161405
-594.9710366980024,-631.283819756597,-512.7980343343963,-388.61242816472566,-359.8606416054778,-316.96039430620215
-602.1537957289264,-616.5760601981583,-486.5979683027269,-372.4217855584118,-354.73618161310554,-308.4875268660658
-602.8974925800707,-595.881201302234,-457.4982811661882,-355.78834155914274,-349.14157001080883,-298.9678441196226
-597.3197034637616,-569.8367634291623,-426.3038482966651,-339.1169865135612,-343.1606764023529,-288.4279334008576
-585.7312776492313,-539.2156610862296,-393.82758192295427,-322.76884711786204,-336.86245347010845,-276.89901555894096
-568.6099378675815,-504.8823323195618,-360.85396925448765,-307.0507795424062,-330.30022817528635,-264.41711936350185
-546.5660490052946,-467.74703220826734,-328.1075583774844,-292.208767829555,-323.51172547364985,-251.0231320118399
-520.3036839841866,-428.721767592893,-296.22812831219454,-278.4252022343959,-316.5197362775715,-236.76272047750086
-490.58029664992006,-388.68091453356584,-265.7535450789029,-265.8197240824312,-309.3333158021833,-221.68612743291848
-458.16813249764914,-348.4288482758387,-237.11054585307318,-254.45309714067866,-301.9493840183425,-205.84785373950038
-423.82001710984457,-308.676033494092,-210.61299545259592,-244.333415126928,-294.3545963224032,-189.30624635997376
-388.2414447071279,-270.0240892719677,-186.46659386176157,-235.42388528907128,-286.5273584953153,-172.12301552940235
-352.0700529406371,-232.95947277555337,-164.77862604939185,-227.65143408034135,-278.43987371497644,-154.3627078551952
-315.8627275893273,-197.8547114822554,-145.57115399783484,-220.91545055523798,-270.0601286020749,-136.09216265512342
-280.0898330740608,-164.97561833237847,-128.79604713261253,-215.09609915355338,-261.3537476968353,-117.37997743042602
-245.13548790585156,-134.49267324369575,-114.35040125029123,-210.0617769949589,-252.28566915689117,-98.29600520996453
-211.3024421797694,-106.4947390534106,-102.09116345488117,-205.6754432113667,-242.8216168614391,-78.9109019926803
-178.81997665583253,-81.00346248667438,-91.84811147034942,-201.79969331003988,-232.92936389937998,-59.295737115429034
-147.85330885659224,-57.9870345588332,-83.43468161118162,-198.30057804315663,-222.57979842560755,-39.52167353989108
-118.51321700419166,-37.37238519702071,-76.65645993623079,-195.0502661006531,-211.74781434803924,-19.659719216809773
-90.8649203983347,-19.055301276454703,-71.3174163442088,-191.92871975174378,-200.41305593938512,0.21945477853633122
-64.93562484086405,-2.9083334288827523,-67.22415503051172,-188.82459261088854,-188.56054732186263,20.04563842648544
-40.72049950629959,11.213342054419693,-64.1885723496977,-185.63557203717662,-176.18123525715754,39.74916220245938
-18.187154864073165,23.46773387245756,-62.029360163746745,-182.268380097449,-163.27246747967075,59.26094747210384
2.7210870680780097,34.02303896593368,-60.572781531535895,-178.6386221486295,-149.8384198543012,78.5125450706071
22.082709714996007,43.05533956259493,-59.65309208400424,-174.6706365561417,-135.89047500333814,97.43617954113688
39.99584603996998,50.74654646873806,-59.112901323645374,-170.2974579345891,-121.44754391276159,115.9648154632807
56.57602554661857,57.28223940125643,-58.803678517752644,-165.46096374153336,-106.536311611259,134.03226002061547
71.95349129378323,62.84917723303145,-58.58651991747398,-160.11223320529723,-91.19137948410349,151.57331256074409
86.26987800056007,67.63237632809361,-58.333216121550166,-154.21211055873704,-75.45527117749879,168.52396758900662
99.67417733421959,71.81176799194097,-57.92759521371316,-147.73193268121463,-59.37826719221289,184.82167268868258
112.31804448578251,75.55853640984608,-57.26707037007911,-140.65435521309843,-43.01803568099555,200.4056376323212
124.35060806952511,79.0313017013755,-56.264289140640386,-132.97419132902078,-26.439033806437656,215.21718586276427
135.91302547111837,82.37234882325154,-54.84876332720307,-124.69916382591929,-9.71166501943172,229.20013503523356
147.13307509619563,85.70411515130678,-52.9683505466994,-115.85046420836012,7.088807916137844,242.3011898793439
158.12009642645347,89.12614256251571,-50.590458614642145,-106.46301235303623,23.88357750165101,254.47032866175152
168.96058179514336,92.71267904710557,-47.70284992261969,-96.58531751924534,40.59179928325677,265.66116430062243
179.71469502353918,96.51108503787074,-44.313934046899234,-86.27885635512669,57.13224139432552,275.83126283230933
190.41394640052405,100.54116425560639,-40.45245283622289,-75.6169063609512,73.42500979375731,284.94240539175024
201.06019532266947,104.79550000423957,-36.166483764445346,-64.68280383341424,89.39327247560483,292.9607848530011
211.62608481629982,109.24083630329659,-31.521715229578987,-53.56763279970994,104.9649004989626,299.8571342911786
222.0569389409456,113.82049898753678,-26.598982338965314,-42.367394181196644,120.07394428630673,305.60679080878555
232.27407708584354,118.45780468765315,-21.491093433997833,-31.179749770836466,134.66187048968655,310.1897042623629
242.17942079052827,123.06035560388574,-16.299024972016667,-20.100480017037782,148.67849743295807,313.5904052722046
251.66119179181302,127.52506631504772,-11.127612875658684,-9.219833821548733,162.08258472553268,315.7979499468034
260.6004281606547,131.74371790937755,-6.080918252829036,1.3810219914238928,174.8420536333387,316.80585955587816
268.87798315165014,135.6087881447006,-1.257489619228835,11.633230539992354,186.93383738851216,316.61207177372233
276.38162391335845,139.01926880948662,3.254222970727625,21.48292935183663,198.34338288556427,315.21891624055667
283.0128198242771,141.88615806411775,7.380029376762451,30.89319257718408,209.06384530229374,312.6331215199585
288.69280769256693,144.1373110704524,11.063467226082338,39.84507359699997,219.09503352320883,308.8658537900911
293.3675467733501,145.72135028653074,14.268333268727815,48.33764956014086,228.44217569095332,303.9327806819708
297.01123174711506,146.6103791066937,16.980084794938534,56.38704113134732,237.1145801472568,297.8541474930921
299.62811496888685,146.8013082785027,19.205987878346065,64.02445892744413,245.12426738035464,290.6548483868311
301.2524959578391,146.3156902176392,20.973975115100416,71.29340511266362,252.4846438089126,282.36447275037733
301.9468589361369,145.1980558841375,22.330269889463864,78.24622644822074,259.20927915832397,273.0173069381336
301.7982686603945,143.51285414104007,23.335928302651496,84.94026647709028,265.3108369637681,262.65227414675934
300.9132598951057,141.34019515435932,24.06253458033072,91.43389387668834,270.80019364933474,251.31279979817094
299.41156555834016,138.7706879365358,24.58735248703445,97.78268817232546,275.6857669701876,239.0465959322163
297.4191128106375,135.89972908941678,24.988277172339195,104.03604269458678,279.973060538708,225.90536495012466
295.06076738271923,132.8216386692955,25.33894463871823,110.23440051798268,283.66441865708845,211.94442977727442
292.4533196129857,129.62404614711102,25.70433839921833,116.407277313956,286.75897546467706,197.22230337266595
289.6991800235917,126.38290413613393,26.13718681799321,122.57215259143808,289.2527749186927,181.80021491495236
286.8811905783344,123.1584525887675,26.675374947927054,128.73423557371837,291.13903353016957,165.7416125832807
284.0588661852097,119.99237705596252,27.340508533297992,134.88704172880648,292.4085159966343,149.11166352217776
281.2662683068661,116.90630905104103,28.137673776203016,141.01365741888418,293.04999462284854,131.9767704687124
278.5115891068806,113.90171350794841,29.05634341734553,147.0885281449137,293.050766252791,114.40412194997266
275.7784012395552,110.96110696696317,30.07229600921076,153.07958307714375,292.3972047850826,96.46128937406124
273.0284153804925,108.05045894177256,31.150347871223914,158.9505052770413,291.0753325788923,78.21588022316648
270.20549346777756,105.12255488477447,32.24765095401379,164.66297138372653,289.07139952614637,59.73525237191787
267.24059661812055,102.12104714315112,33.31728714371114,170.17871302047956,286.3724636422691,41.086290669138776
264.05730630293283,98.98489276804702,34.31189040654732,175.46129014861248,282.9669711529056,22.335243593157983
260.5775463087498,95.65287408019961,35.18705039960987,180.477509005905,278.8453367755153,3.5476151435463104
256.7271493643252,92.06791741619861,35.90429077736445,185.19845925527463,274.0005258985445,-15.211894825674236
252.4409520543747,88.18096364952841,36.43346723705402,189.60018237871398,268.4286394970392,-33.87940998227863
247.66715919114702,83.95419588161162,36.754488639346945,193.66401307341937,262.129499922072,-52.391865645409204
242.37078777038965,79.36348952496049,36.85832363431966,197.37665556313522,255.1072313768574,-70.68697530169128
236.5360744216836,74.40001224105053,36.74731001592019,200.73006669208007,247.37082333772457,-88.70318556397991
230.16780273560835,69.07096073582599,36.434830404253745,203.72121791057478,238.93465894416389,-106.37962997754065
223.29157278970783,63.39947403022563,35.94445294088632,206.35180018697895,229.81898414460886,-123.65609237885454
215.95309063437978,57.42380543479307,35.30865796025512,208.627921527691,220.05028790095602,-140.47299072276266
208.2165978940543,51.195866251170415,34.56728087582579,210.55982854623392,209.66155980386853,-156.77139230911678
200.16258989759103,44.77927263938713,33.7657987812518,212.16166387054545,198.6923897702435,-172.49307101242547
191.88498512656915,38.247033699919584,32.95357545109712,213.45125244045607,187.18887570624224,-187.58061627791625
183.48791064677627,31.6790151221349,32.182159132172,214.4498939175283,175.20330955781026,-201.9776021392238
175.08225980498997,25.159300912299685,31.503702696712942,215.18212703396904,162.7936202145169,-215.62882222085753
166.78216259939137,18.77355828251366,30.969549382142745,215.67542573168515,150.02256314830203,-228.48059357212853
158.70148874303595,12.606490404451748,30.629002242204876,215.95978680228762,136.95666097991085,-240.4811282882642
150.95048141008553,6.739440898372635,30.528273904836674,216.06717429705805,123.66491554607327,-251.5809673696656
143.63259849852557,1.2481947601772418,30.709596986709307,216.0307965959348,110.21732934860363,-261.73346641670264
136.84161991505866,-3.7989954737860643,31.210465566136726,215.88420665402867,96.6832911143508,-270.8953179169513
130.65906515762094,-8.343141173861312,32.06297475688359,215.66023321987814,83.12989505981416,-279.0270904789776
125.15195587190841,-12.335996567284852,33.29322827024002,215.3897691878502,69.62027481518085,-286.09376185458444
120.37095291393369,-15.74127775786718,34.920791936916146,215.10046108897126,56.212039463927795,-292.0652203972852
116.34889596013352,-18.53561344433976,36.95818307616833,214.8153594789196,42.955899757738685,-296.91670908166145
113.09977459147004,-20.709215554107487,39.4103996575459,214.55160225860436,29.89456670535676,-300.62918758180837
110.6181614545293,-22.266253498970812,42.274507596495425,214.31921063604793,17.061992399630103,-303.18959123855063
108.8791388850458,-23.224911608459053,45.53931750247655,214.1200797204918,4.483004753995855,-304.59097090489735
107.8387486734073,-23.617106891838688,49.18519219277859,213.94724222657243,-7.826635032439137,-304.83250432593604
107.43498914346097,-23.48784479771578,53.184032043758144,213.78447445872038,-19.859749263890002,-303.919377388087
107.58937352290083,-22.894194932204,57.49948592176463,213.60629904411337,-31.6168584728411,-301.86254163880176
108.20904836976908,-21.903877203249834,62.08743062495299,213.37841956054928,-43.10494315844758,-298.6783622372046
109.18945085743927,-20.593461557331153,66.89675156629865,213.05859936503944,-54.3359235900063,-294.3881772580712
110.4174598957233,-19.046200865724202,71.87044240604202,212.59797193608918,-65.32494546357266,-289.0177944238441
111.7749698242244,-17.349535649254165,76.94702250752266,211.94274445168398,-76.08856937802479,-282.5969544171831
113.1427886496682,-15.592329865641744,82.06224982089444,211.03623178744607,-86.64296502261644,-275.1587906653709
114.40473769281944,-13.861917302705919,87.151084741743,209.8211362829989,-97.00220663696138,-266.7393138521657
115.45180833024735,-12.241056460111977,92.14983943430352,208.24197102368026,-107.17675537973216,-257.3769456004692
116.18621639580613,-10.804906413930894,96.99842883744088,206.24751232850144,-117.17219796358236,-247.11212018566613
116.52518752691067,-9.618145480233153,101.64262571195462,203.79316160086313,-126.98829093859804,-235.9869663508863
116.40430853258223,-8.732357314087196,106.03621395764799,200.8430982387679,-136.61833821873844,-224.04507396173446
115.78029125933682,-8.183804671923994,110.14293290719262,197.3721139809981,-146.04890774782223,-211.33134304139747
114.63301619246795,-7.991699282530433,113.9381107388718,193.367034431424,-155.25987332020958,-197.8919062974542
112.96675213066334,-8.15705758379545,117.40989731565578,188.82765460289227,-164.22475090236932,-183.77411110655834
110.8104839835009,-8.662207547007782,120.56002486697774,183.7671407647813,-172.91128630073322,-169.02654341970936
108.21732078907078,-9.470982982194869,123.40404770719073,178.2118789475589,-181.28224315815484,-153.69907436494
105.26299781764536,-10.529610503540098,125.97103799102722,172.20077925104852,-189.29633702996463,-137.84291044541433
102.04352740597943,-11.768262810552187,128.30274149535597,165.78407269749334,-196.90926226798217,-121.51062998493609
98.67209039343263,-13.103222160634104,130.45222371399194,159.02166198520734,-204.07476288542284,-104.75619155072428
95.27529151571325,-14.439571711671846,132.48206042796792,151.9811076458707,-210.7457055410343,-87.63490409254882
91.98892620822923,-15.674311270558732,134.46214693186124,144.735345706684,-216.8751212387175,-70.20335304233355
88.95342198513991,-16.699778888390455,136.46721522469159,137.36024140524304,-222.41719128634202,-52.51928119270675
86.30912458407995,-17.407251159322257,138.5741581421751,129.9320856951487,-227.32816160845925,-34.64142742961155
84.19159774385741,-17.69059294753889,140.85926351589063,122.5251375813186,-231.56717695306048,-16.629330020586657
82.7270967107544,-17.449831060973267,143.3954603233016,115.2093065021017,-235.09703237723232,1.4568960733108107
82.02836066074812,-16.59453522254951,146.24967311695292,108.04805609703776,-237.88484336560302,19.55679662406004
82.19084974560901,-15.04690243046636,149.48037171124412,101.09659501109941,-239.90263796418628,37.60981834297115
83.28953006740804,-12.744456216927787,153.135391203258,94.40040319272221,-241.12787451714848,55.55554021066015
85.37628614070206,-9.64228919850693,157.2500839655437,87.99412469298338,-241.5438872402887,73.3338855162202
88.47801669640717,-5.714794586749235,161.84585123576852,81.9008413621896,-241.14025932679624,90.88530623778973
92.59544711713531,-0.956849130911877,166.92908813893584,76.13172693997329,-239.91312000611973,108.15093408356225
97.70267113143672,4.615574301567037,172.49056299118746,70.68606844844467,-237.86535845298218,125.07269564883727
103.74741604953039,10.96537195884656,178.50523989354647,65.55163184211713,-235.00674416798145,141.59339252820908
110.65200988673567,18.03484681342853,184.93254304245912,60.70534158532656,-231.35394090274468,157.65675063746775
118.31501501416638,25.746801510527433,191.71705177861014,56.11423901550044,-226.9303998148859,173.20744623174966
126.61348112601613,34.00615901290382,198.78960693739677,51.736681616612785,-221.76611767169078,188.19111893611407
135.40575983993682,42.70207330090234,206.06880124506023,47.52374415117702,-215.89724783545017,202.55438432543028
144.5348136607271,51.71048273171739,213.4628190050677,43.420782408416244,-209.36555558653254,216.24486000998397
153.83194292569505,60.89704887803643,220.87158288168177,39.369120567252516,-202.21771504466003,229.2112196438831
163.12084545640693,70.12041374207607,228.18915807277486,35.30782338265506,-194.50445233099646,241.40328865950698
172.22191492468892,79.23569827702981,235.3063565980483,31.175514264828994,-186.27954828535496,252.77219379227236
180.95667560429948,88.09815547677378,242.1134770243167,26.912199700544676,-177.59872344985024,263.27057561889103
189.15224367286473,96.56688247341003,248.50310810278717,22.461059430862242,-168.5184374393202,272.8528695003547
196.6456992139221,104.50848885155625,254.3729190545559,17.77016060681961,-159.09464342505305,281.4756556980153
203.28824935308316,111.80061359815551,259.62835525641503,12.794053201724012,-149.38154541637022,289.09807430352436
208.94906241107003,118.33518162601601,264.1851565206819,7.4952037695272224,-139.4304105362479,295.68229534656325
213.51865637893192,124.0212934119671,267.97161663507956,1.8452257246940036,-129.28848989441923,301.19402942004615
216.91173305909254,128.7876485471106,270.93050778463726,-4.174132857484167,-118.99809952822787,305.60305980396276
219.06936223736253,132.5844161761798,273.02060214001347,-10.570278035542316,-108.59590706228371,308.8837737646281
219.96043826429676,135.38448230055806,274.2177352020639,-17.33936243093102,-98.11246042029141,311.0156687777645
219.58235402966739,137.18402522227763,274.5153710657871,-24.466199172067945,-87.57198263149459,311.9838090936011
217.9608636969077,138.00239510308805,273.92464793062766,-31.924504338705262,-76.99244234301014,311.77920942214365
215.14913453415767,137.881300448895,272.4739020040375,-39.67746282523548,-66.3858941462558,310.39912551625747
211.2260182508681,136.883331803871,270.2076883060207,-47.67860002989272,-55.7590674560959,307.8472358736204
206.29360176233155,135.0898794273375,267.1853365856308,-55.872929637681665,-45.11416866528275,304.1337043415779
200.47412456218882,132.59852562971986,263.4790984337258,-64.19833681775825,-34.44984974678475,299.27511966724217
193.90637329714804,129.52001232511532,259.17195667776076,-72.58714714033866,-23.762288281709047,293.2943145054474
186.74168236831247,125.97489907168232,254.35517945317574,-80.96782501762002,-13.046319629148371,286.22007258327545
179.13968144783095,122.09003565715506,249.1257084266422,-89.26674186204913,-2.296561841459635,278.0867381608654
171.26393615103396,117.99497582632664,243.58347328235607,-97.40995357181957,8.49152219519737,268.93374624039205
163.27762666382924,113.81845517239717,237.82872287595782,-105.32492929707797,19.3206735537305,258.80509488620913
155.33940127075573,109.68504707520893,231.95945780213134,-112.94217839781673,30.1910350828267,247.74878238758373
147.5995282436043,105.71209676529168,226.06904013578105,-120.19672959226828,41.09952452893687,235.81623181739138
140.19645153700503,102.00701627332143,220.244044579609,-127.02942491723675,52.03939673742037,223.06172393940494
133.2538345127192,98.66500347917109,214.5624020544899,-133.3880006310652,62.99999651695882,209.54185662629206
126.87815289126861,95.76722801697214,209.09187278265102,-139.22793694620924,73.9666927763169,195.31504527982383
121.1568747026322,93.37950665600731,203.8888719582657,-144.51306789921276,84.92097548702544,180.44107454938333
116.15724244721132,91.55147202598282,198.99765788220003,-149.21595126767593,95.84069036043957,164.98070728546247
111.92565204984203,90.31622202253601,194.4498805149957,-153.31800586450316,106.70038207120469,148.99535248156585
108.4876052921373,89.69042347775618,190.2644781600357,-156.80942955400346,117.47171539084263,132.54679023743267
105.84819774642386,89.67483299553778,186.44790163859972,-159.68891585118888,128.1239444845348,115.69694873988605
103.9930930117651,90.2551902510207,182.99463890435075,-161.96319002036654,138.62440348043026,98.50772604377995
102.88992619667206,91.40343432491214,179.88800846701653,-163.64638732386953,148.93899574363564,81.04084810681714
102.49007479536559,93.07919139208693,177.10118703644733,-164.75929671368917,159.03266452509988,63.35775407224594
102.73073288018793,95.23148179155105,174.59843516078962,-165.32849309117853,168.86983325290598,45.519500124593534
103.5372242872875,97.80059559254975,172.33648397298094,-165.38538059453313,178.41480917817327,27.586674234621324
104.82549157476467,100.72008766227331,170.2660461297162,-164.9651685187953,187.6321489364284,9.619315596867642
106.50469938029438,103.91884541359983,168.333414306662,-164.10580070676713,196.48698849669412,-8.323165639009456
108.47989289070108,107.32318445209188,166.48211094662435,-162.84685879077423,204.9453427071436,-26.182070821821323
110.65465409008124,110.85892897444037,164.65455317397792,-161.22845965498468,212.9743810911882,-43.8994980571167
112.93370008051215,114.45343488148143,162.79369682564877,-159.2901679698321,220.54268669368616,-61.41842925480446
115.22536906137961,118.03751420995341,160.84462345539447,-157.06994556409762,227.6205037263876,-78.68281667869894
117.44394068264897,121.54721986642771,158.7560341029828,-154.60316058341112,234.17997771137772,-95.6376659044416
119.51173878390608,124.92545010387694,156.48161383533463,-151.92168058136073,240.19538904966382,-112.22911182114306
121.36096643990268,128.1233331473893,153.98123188292476,-149.0530745758721,245.64337778715773,-128.40448459898138
122.9352262598391,131.101354325037,151.2219439619596,-146.01994931399963,250.50315418821435,-144.11236337347145
124.19068353123741,133.83019145263444,148.17876642899898,-142.83944415697823,254.7566869418614,-159.30261670272515
125.09683648513095,136.29122944362848,144.83519653673054,-139.52290680018157,258.38885878122016,-173.9264305338118
125.6368669705012,138.47673242254965,141.1834594184481,-136.07576824213183,261.38757830013094,-187.9363263228338
125.80755624623133,140.3896610875709,137.22447054751981,-132.49762990160156,263.7438370245585,-201.28617391767986
125.61876426910841,142.04313455294593,132.96751214315418,-128.78256860030945,265.45170244620306,-213.9312056367721
125.09248635578066,143.45954903193598,128.42963298138727,-124.91965650532484,266.5082407230211,-225.82803946146112
124.2615177427335,144.6693798907373,123.63479279044493,-120.89368346620836,266.9133669210913,-236.9347202129259
123.16777345734899,145.70970801448217,118.61278417650618,-116.68605905322798,266.66962569903416,-247.21078784593442
121.86032697112098,146.6225251291959,113.39797604084568,-112.2758616985736,265.78191078342246,-256.6173814475326
120.39324518259373,147.45288470411333,108.02793187157774,-107.64099342358685,264.25713693057935,-265.1173861297338
118.82330824067174,148.24697432036965,102.54196331527058,-102.759391465652,262.1038827609914,-272.6756277772437
117.20770956974118,149.05019105791445,96.97968336638169,-97.6102433856176,259.33202635563384,-279.25911766259674
115.60183343527271,149.90530285741744,91.37962386412175,-92.17515047773043,255.95239737249878,-284.83734545731255
114.0572040609296,150.85077558677128,85.7779785269283,-86.4391858390317,251.9764693720552,-289.3826154031563
112.61969163768279,151.91933766036357,80.2075255592723,-80.39179834216908,247.41611391337557,-292.8704166615203
111.3280469360669,153.13684187571633,74.69677332459997,-74.02752176747862,242.28343388888626,-295.2798154520877
110.21281843596387,154.52146835816347,69.2693593780642,-67.34645898541602,236.59068780576422,-296.5938538320386
109.29568506801047,156.0832941617751,63.943718219599795,-60.35452359927134,230.35030978054016,-296.7999381192633
108.58921521803293,157.82423540910904,58.73301754755148,-53.06343495135233,223.57502251106928,-295.8901992186428
108.0970401174955,159.73834822380164,53.64534770758087,-45.49047586768498,216.2780331153749,-293.86180756678544
107.81440866436552,161.81245647043318,48.684135533087584,-37.658034981971696,208.47329516290807,-290.717227057307
107.72907248296026,164.02705868444323,43.8487427964325,-29.592966058783098,200.17581506724795,-286.46439502825706
107.82243577395354,166.35745453410505,39.13520173199148,-21.325804734205754,191.40197771289172,-281.1168189713926
108.07089500128924,168.77502336487035,34.53703594547865,-12.889888062087088,182.16986500388626,-274.6935847715896
108.44728908227768,171.24858412951124,30.046114562222122,-4.320424024168531,172.49954198871555,-267.2192756709575
108.92238143448361,173.7457672226443,25.65349044514184,4.346443160118433,162.41328815455168,-258.7238054329509
109.46630054558443,176.23433399127038,21.350179218744813,13.074530148098429,151.93575603655117,-249.24217303746067
110.04987490172152,178.68338827645582,17.127843951925712,21.828438482507934,141.09404495807436,-238.81414940178126
110.64581013857084,181.06443535158223,12.979359847014408,30.574277718028753,129.91768393895197,-227.4839089048336
111.22967004875721,183.3522560575938,8.899243293759902,39.28026842222029,118.43852400614145,-215.29961979051762
111.78063745763882,185.5255767904342,4.883939369279275,47.91721441018399,106.69054579461422,-202.31300783200024
112.28204492296896,187.5675283518794,0.9319706165576491,56.45884162111773,94.7095930181534,-188.57890702609575
112.72167784438332,189.46589776716974,-2.956042794210198,64.88200804318186,82.53304583875688,-174.154809702021
113.09186322913749,191.21318643703015,-6.777475938387717,73.16679470176098,70.19945023604909,-159.10042646484146
113.38936564048566,192.80649508376678,-10.527885889307193,81.29649176734264,57.74812018743867,-143.47726407384826
113.61511759135621,194.2472607463681,-14.201271467396893,89.25749629003596,45.21872895233704,-127.34822690414461
113.77381489941968,195.54087364938823,-17.79038500657694,97.03913903454207,32.65090424217212,-110.77724526625177
113.87340853560274,196.6962023469651,-21.28707637984965,104.63345757953329,20.08383984283472,-93.82893173994505
113.92452365675996,197.72505447451454,-24.68265169221374,112.03493152986107,7.555933649186797,-76.56826495045442
113.93983427464275,198.64159814252784,-27.968231772713793,119.24019367228843,-4.895540625821159,-59.06029896324386
113.93341886554316,199.46176591832196,-31.135098513011755,126.24772848901904,-17.234723332469816,-41.36989573645845
113.92011863605063,200.20265988353694,-34.1750198940868,133.0575669098496,-29.427417776038556,-23.56147783883565
113.9149165407049,200.88197279855115,-37.08054697318153,139.67098377296807,-41.44129718840411,-5.698798869098356
113.93235182097557,201.51743724661776,-39.84527801081963,146.09020236521107,-53.24606993300202,12.155270380182962
113.98598202244423,202.126311978301,-42.464086228436344,152.31810875516646,-64.81360362393367,29.93894108704826
114.0879022581395,202.7249126435799,-44.933308409093655,158.3579774896766,-76.11800888124505,47.591690925121355
114.24832992218944,203.32819270348762,-47.25089176709652,164.21320961124343,-87.13568311770106,65.05443290826072
114.47526202369394,203.94937948849793,-49.416496357468574,169.88708383571242,-97.84531421255298,82.26966653700552
114.77421163119237,204.59966997797306,-51.431549956392175,175.38252202612793,-108.22784334802408,99.18160846544845
115.14802936372732,205.28799072177446,-53.29925202746679,180.70187069509404,-118.26638584369893,115.73629946549754
115.59681517922016,206.02082618871725,-55.02452330862246,185.8467010232332,-127.94610868888594,131.88168442909318
116.11792464385547,206.8021194791088,-56.613897907090475,190.81763064224256,-137.25406378503092,147.5676625781882
116.70607220357878,207.63324857365683,-58.07535573292117,195.61417104365754,-146.17897676799592,162.7461059712208
117.35353157498588,208.51307995029424,-59.41809473460361,200.2346048006571,-154.71099273222208,177.37084579091695
118.05043017509799,209.43809939620175,-60.65224474733398,204.67589671980076,-162.8413822058087,191.39762771382712
118.7851305786715,210.40261717722262,-61.78852776040601,208.93364250609878,-170.56221324367817,204.78403979673755
119.54468750776438,211.39904150204825,-62.83787289742817,213.0020575133169,-177.86599835516608,217.48941862415566
120.3153641188396,212.41821063609788,-63.81099813349951,216.87400670716673,-184.74532794293543,229.47474176478585
121.08318675167058,213.44977036917413,-64.71797442433204,220.54107519457904,-191.19250472640476,240.70251667571935
121.8345133011072,214.48258017606332,-65.56779112051655,223.9936767226178,-197.19919595152885,251.13667785476147
122.55658744617946,215.50512871400826,-66.36794389740001,227.22119561697227,-202.7561217414532,260.7425050640493
123.23804956640456,216.50593764631247,-67.12406758603619,230.21215592053377,-207.85279844172587,269.4865756546972
123.86937564746472,217.47393247824502,-67.83963595320353,232.95441020602405,-212.47735504436193,277.3367632842152
124.44321803982308,218.39876034653264,-68.51574847234103,235.43533983705774,-216.6164386183387,284.2622935807068
124.95462661177471,219.27103758218658,-69.15102042378727,237.64205844397446,-220.25522113143705,290.23386459922017
125.40113545169598,220.08251426887895,-69.74158740090982,239.56161109149622,-223.37751525560495,295.22383635621276
125.78270843170256,220.82614867700983,-70.28122878752193,241.1811629861712,-225.96600097618298,299.2064895281758
126.1015460692968,221.4960909451691,-70.76160747129214,242.48817346011015,-228.00255846331095,302.1583488442459
126.36176550015097,222.0875821676973,-71.17261554058294,243.4705531624927,-229.46869618846654,304.05856212913557
126.5689742184585,222.5967815271808,-71.5028086098549,244.11680463544403,-230.34605719980814,304.88932172278044
126.72976577966188,223.02053968546647,-71.7399053542646,244.41614847921556,-230.61698131750342,304.6363114665628
126.85117121201264,223.35614078286812,-71.8713243578242,244.3586388772587,-230.26509722179247,303.28915990471745
126.94010294336331,223.60103769559953,-71.88472790130338,243.93527316768868,-229.2759163171338,300.8418790273033
127.00282833349404,223.75260544137262,-71.76854206592692,243.1381003056945,-227.63740005099572,297.2932678983179
127.04450739261432,223.8079357878833,-71.51242452253888,241.96033245248142,-225.34047405999848,292.6472618739541
127.06882420331209,223.763692396438,-71.10765541957342,240.39646263676835,-222.37946595187083,286.91321070970713
127.07773442287277,223.6160405967621,-70.54743249239043,238.4423896371119,-218.75244839741885,280.10607246440867
127.07134268064286,223.36065965033063,-69.82705836283561,236.0955491603159,-214.46147507245215,272.2465144366698
127.04791446214827,222.99283870836024,-68.94401536814968,233.3550483045285,-209.5127033541786,263.3609170656353
127.00401797234642,222.50765120852583,-67.89793052213247,230.22179845117546,-203.91640402169614,253.4812814304967
126.93478322038885,221.90019672902412,-66.6904397872229,226.6986403442364,-197.68686405263077,242.6450453476645
126.83425876485893,221.1658947683821,-65.32496624750539,222.79045434074266,-190.84219354562205,230.89481679918066
126.69584161901929,220.3008118346637,-63.806430689097496,218.50424872371497,-183.4040515425777,218.27803631168757
126.51275295084352,219.30200173209698,-62.140915352482054,213.8492195447449,-175.39730791949367,204.84658181367718
126.2785314240659,218.16783898506418,-60.33530222545005,208.8367766163837,-166.8496595378914,190.6563303917977
125.98751712853152,216.89832675367435,-58.3969063496515,203.48053185262637,-157.79121860084598,175.766691295114
125.63530170576435,215.49536307655083,-56.33312249088479,197.79624796836234,-148.25408983694774,160.24012362119856
125.21912405905576,213.96295246617856,-54.15110052155448,191.80174739462706,-138.271951007793,144.14165053743108
124.73819547330106,212.30735340037282,-51.85746136518834,185.5167829562115,-127.8796486011521,127.53837985311954
124.19394260101308,210.5371557470466,-49.45806172821439,178.96287323810918,-117.11281773290341,110.49903848354656
123.59016119678216,208.663285333276,-46.957812419741245,172.16310653124117,-106.007532511288,93.09352604517002
122.9330773973305,206.6989355149705,-44.36055208975304,165.14191774855658,-94.59999064298223,75.39249067848752
122.23131655510518,204.6594276084105,-41.66897586670761,157.92484274920997,-82.92623404490112,57.46692835924594
121.49578206700932,202.5620033973191,-38.88461672159906,150.53825416419616,-71.02190576347157,39.38780553736137
120.73944833596724,200.42555370634415,-36.007876413019375,143.0090821861936,-58.92204261878627,21.225703994634905
119.97707309655297,198.27028738420853,-33.038102486653514,135.36452300512417,-46.6609026472913,3.0504863560784186
119.2248350321039,196.11734516728916,-29.97370786252111,127.6317367890263,-34.27182652067171,-15.069019299884841
118.49990315502919,193.98836302123937,-26.81232985446549,119.83753647956566,-21.787132537600666,-33.06531686558756
117.81994506827121,191.90498990588893,-23.55102581969176,112.00806833165339,-9.238045356821797,-50.872522051313695
117.20258220490282,189.88836567075333,-20.186502825618476,104.16848519320119,3.3453408083381255,-68.42662408098678
116.66480163369076,187.95856610770193,-16.71537856284894,96.34261407412546,15.9340634551331,-85.66572760265589
116.2223361238926,186.1340241367714,-13.13447008428264,88.55262063152125,28.500256423202227,-102.53027215174845
115.88902689033466,184.43093866952285,-9.441105725711353,80.81867478709017,41.017077254122846,-118.96322563697292
115.6761866908497,182.8626857780206,-5.633453748396548,73.1586237263196,53.45859763255615,-134.91024773054912
115.59198451354496,181.4392501980279,-1.710858904258231,65.58768088043371,65.79965881365413,-150.31981884253878
115.64087665777265,180.16669862480686,2.325824590299092,58.11814197984391,78.01569599397132,-165.14333062424984
115.8231121792326,179.04671935608673,6.473918043310007,50.75914165661269,90.08253801750229,-179.33513472883143
116.13434297444584,178.07625518410532,10.728638305646932,43.51646608833894,101.97619142895354,-192.8525478672205
116.56536973740904,177.24725760067906,15.082872061096545,36.39243851603505,113.67262044253069,-205.65581299993704
117.10205416826335,176.5465899379691,19.527024901838708,29.38589483321934,125.14753659182396,-217.708018713458
117.72542476172268,175.9561046682163,24.048965698412317,22.49226555865263,136.37621335754787,-228.97498131188811
118.4119979913983,175.45291548395537,28.63408517231376,15.703778159545237,147.33334164342145,-239.42509673094443
119.1343286541654,175.0098778875178,33.26548416167304,9.009789768856464,157.99294135096267,-249.02917184233763
119.86179268508911,174.59628293903853,37.92430175540187,2.397254850816452,168.32834234475553,-257.76024683234414
120.56159328228381,174.17875786642864,42.59018635520282,-4.148674525931732,178.31224477744922,-265.5934218836592
121.19996732351166,173.7223549704418,47.241904098771045,-10.643926124051987,187.91686417545606,-272.50570216169234
121.743554668174,173.1917974077059,51.858069430545214,-17.104681575986575,197.11416113926384,-278.4758749531979
122.1608790483436,172.55283790890735,56.41797260188149,-23.546474485146646,205.8761493893445,-283.48443164193526
122.42387698650401,171.77367528657663,60.90246931491936,-29.98324790414057,214.1752696999797,-287.51354503447794
122.50940165955475,170.82636471295945,65.29488945005261,-36.42641291751107,221.9848115785019,-290.54710946273866
122.40062287517355,169.68815212229418,69.58191567557847,-42.88395434278516,229.27935993461404,-292.5708472734183
122.0882431337744,168.34266144465238,73.75437945968481,-49.3596311562831,236.03524094756807,-293.5724810320551
121.57145360144855,166.78086616995225,77.80792212835546,-55.85231777126433,242.23094025264757,-293.54196634172564
120.85856281459594,165.00178409089366,81.74347241140256,-62.355527610830336,247.8474676281746,-292.47177595191596
119.96724475448914,163.01284573003622,85.56749935687797,-68.85715266828072,252.8686455550478,-290.35722215356714
118.92437083485851,160.82990229672987,89.29201020984324,-75.33944235284783,257.2813041082746,-287.19680162233897
117.76541124022066,158.4768570946047,92.93427618067685,-81.77923255009964,261.07537119182695,-282.992545112138
116.53341356443545,155.98492390999562,96.5162840558227,-88.14842234822169,264.24385455623957,-277.75035384791533
115.27758930131463,153.39153571225512,100.06392725114007,-94.41468227348612,266.78271966468355,-271.4803051449573
114.05155988657933,150.73894562141942,103.60596503081703,-100.54236514034133,268.6906746032349,-264.19691160682476
112.9113322586274,148.07257828137148,107.17279211603429,-106.4935796792875,269.9688792319693,-255.919321041809
111.91308811462389,145.4392024646652,110.79507183670506,-112.22937872127241,270.6206001410699,-246.6714477282019
111.11088035175659,142.8850041769125,114.50229362015497,-117.71100842309605,270.65083538710013,-236.48202954209037
110.55433416940545,140.45364333026114,118.3213195365914,-122.90116307212818,270.06593332417424,-225.38460941261027
110.28644895459192,138.18437619511587,122.27498472145666,-127.76519138543634,268.8732282095558,-213.41744327829772
110.34159077260175,136.11032065367303,126.38081296804907,-132.27220462292297,267.0807119401933,-200.62333991869897
110.74375476203727,134.25693240111676,130.64990209426966,-136.3960437516008,264.6967566999641,-187.0494405266455
111.50516297039023,132.6407485321974,135.0860245085381,-140.11607165116803,261.72989799484884,-172.74694754652276
112.62524728295438,131.26844139874976,139.6849775299061,-143.41776618085754,258.188682082622,-157.77081309166235
114.09005025306911,130.13621124930754,144.43420630027168,-146.29310006504633,254.0815766953982,-142.17939720818853
115.87205992186088,129.22953192475438,149.3127103697767,-148.74070329574045,249.41693965752933,-126.03410547691436
117.93047905142302,128.52325060701438,154.29123394354275,-150.76581250809053,244.20303685087202,-109.39901409605791
120.2119152968426,127.98203092978892,159.33272989934048,-152.38001913505866,238.4480991668434,-92.34048885180268
122.65146716276985,127.56111906360272,164.39307938743372,-153.60083384241332,232.16040765674867,-74.92680246482594
125.17417131812464,127.2074048495658,169.42204228118584,-154.4510887184323,225.3483969567893,-57.22775289551788
127.69676992004794,126.86074462529992,174.36440895459793,-154.95820103895562,218.02076901236296,-39.31428348096734
130.12975176149882,126.4555088244504,179.16132066451303,-155.15332337447367,210.1866118566124,-21.258104411773495
132.37961789207662,125.92231536241246,183.7517239409413,-155.07040466984603,201.85552135151025,-3.131314152269404
134.3513203721277,125.1899087885449,188.07392350394622,-154.74518607496626,193.03772699010187,14.99398096607549
135.9508214947923,124.1871447107693,192.06719797517218,-154.2141541061624,183.74422570586617,33.04605056250042
137.08771969195277,122.84503864052408,195.6734427089802,-153.5134725076042,173.98692979330093,50.95392829270645
137.67788707824633,121.09883780871517,198.8388041667614,-152.67791322695678,163.77883622372153,68.64780384698338
137.64606198833923,118.89007343986475,201.51527022634815,-151.7398063962845,153.13422463369233,86.05941690746765
136.92833790995866,116.16854936796061,203.66218059125137,-150.72802919242463,142.0688899540248,103.12244925934505
135.4744880824389,112.89422082777911,205.24762109205943,-149.66705390915178,130.6004130271807,119.77290930641462
133.25006306605147,109.03891501594946,206.24966531136747,-148.57607637761015,118.74846873551888,135.94950138427177
130.23819728677057,104.58784298779469,206.65742686306615,-147.46824680930465,106.53516635346602,151.59397068583922
126.44106051885481,99.54085115031904,206.4718861317046,-146.35002593366,93.98541137624989,166.65141350277233
121.8808921185495,93.91336060514772,205.70645667802404,-145.22068965040327,81.12727239898769,181.07054201302637
116.60056017208488,87.73694447271001,204.38725919178404,-144.07200499967308,67.99233123137003,194.80389315111938
110.66359507657037,81.0594976240012,202.55307513258637,-142.88809877712526,54.61598989095181,207.80797227281965
104.15365777038592,73.94496037583141,200.25495827650764,-141.64553734773708,41.03770498010962,220.04332440073588
97.1734169795914,66.47256791228972,197.55549040172707,-140.3136319818972,27.301118731389025,231.47452876472138
89.84282728297867,58.735610494280834,194.52767727803783,-138.85497829737196,13.45405711325554,242.07011600714796
82.29682005791744,50.8397056641085,191.25349278713435,-137.22623121184265,-0.451630920839202,251.80241160044397
74.68244168948763,42.90060211574247,187.82209203082056,-135.37910839931024,-14.360412632817539,260.64731344670287
67.15549677341565,35.041554884288566,184.32772814762714,-133.26160594352402,-28.213599971976585,268.58401596391633
59.87677716928074,27.390331971002446,180.86742156452436,-130.8194001623433,-41.95006736421069,275.59469685016154
53.00797927912974,20.075932245308223,177.5384437492303,-127.99740001164558,-55.507146762030565,281.66418579639765
46.70743041954997,13.2251121413059,174.43568932244443,-124.74140570304709,-68.82167534898112,286.7796363697749
41.12575928442946,6.958832992012475,171.64901975860207,-120.99982183948163,-81.83115930529083,290.9302228633746
36.401654122400984,1.3887506433129175,169.26066804364567,-116.72536809520415,-94.47500666628815,294.10688296035767
32.65785454665236,-3.386126677220858,167.34279591691376,-111.87672774641177,-106.69577452491717,296.30212457069854
29.997518420662537,-7.282487995303541,165.9552932752218,-106.42007453569192,-118.4403714566692,297.50991128436334
28.50109404086286,-10.235360476361784,165.14390281815795,-100.33042155917029,-129.66115562261743,297.7256357954257
28.223810353864636,-12.200239294707337,164.9387422388822,-93.5927419933529,-140.31687274097183,296.94618475217237
29.193875133603953,-13.154623486958343,165.3532817112831,-86.20282018386129,-150.37338584040418,295.1700922263683
31.411444204176725,-13.098898245598825,166.38381688084291,-78.16780233960107,-159.80415988369126,292.39777286063384
34.84839549347976,-12.056530338120176,168.00945805388642,-69.50642808875735,-168.59047811964894,288.63182023119356
39.44891163468108,-10.073570752027805,170.19263596226216,-60.2489366396376,-176.7213822923727,283.87735148678547
45.130845673811585,-7.217485634487161,172.88010456241096,-50.4366534252791,-184.19334439053213,278.14237623271146
51.787817709150204,-3.5753615900073754,176.00440294407733,-40.1212741489164,-191.00969223897715,271.4381661363927
59.291967216207574,0.7484468733059373,179.48572253895253,-29.363872497753057,-197.17982382328074,263.77960191024346
67.49726726983916,5.635142460686566,183.23411314975368,-18.233665074251736,-202.7182549267608,255.18547610800204
76.24329331285188,10.954684777404424,187.15195227977378,-6.806572170220132,-207.64355087819087,245.67873335018584
85.3593305823133,16.569258836900133,191.13659693599965,4.836384023500363,-211.97719572780164,235.28663386635998
94.66870045978908,22.336903608004846,195.08313531304526,16.610801014191292,-215.74245109334979,224.0408312296102
103.9931862477587,28.115192968092302,198.88715711209545,28.43069484311139,-218.96325265329165,211.97736045333795
113.15744239001725,33.76486600077348,202.44746511253211,40.2103346111373,-221.66318544798628,199.13653782128927
121.99327708209657,39.153310705086625,205.6686563228506,51.866072481399115,-223.86457057228452,185.56277856704043
130.3437057309863,44.157814002482084,208.46350793060958,63.318130168142055,-225.5876863545399,171.3043425155623
138.06668113140452,48.668500673274465,210.75511077618017,74.49230374546514,-226.85013754737497,156.41302083325698
145.03841504250715,52.59089393527279,212.4787007667466,85.32154893616216,-227.66637714069878,140.943778982118
151.1562148318568,55.8480404243829,213.5831462812409,95.7474089707936,-228.04737774041666,124.95437179936516
156.34076800717844,58.382152214112395,214.0320571377468,105.72124692778874,-228.00044345519603,108.50494636667477
160.5378170062209,60.155728297900595,213.804488215307,115.20524461856775,-227.52914913235597,91.65764709277765
163.71917695134098,61.15212790502575,212.89521858267307,124.17313110548588,-226.63339163724328,74.47623536067276
165.88306067938896,61.37557848156112,211.3145952970625,132.61060640543903,-225.30953757284655,57.02573336600047
167.0536887114513,60.850612521117625,209.08794020736087,140.51543036459395,-223.55065314674002,39.37209859867285
167.28017732083725,59.62093999458412,206.25452836908818,147.89715350166765,-221.34680446270642,21.581932005656785
166.6347157008318,57.74777708455551,202.86615815926257,154.77647603755526,-218.68541991718212,3.722219434190909
165.2100633734356,55.30766725019289,198.98534578357578,161.18423335194905,-215.55171013845495,-14.139897297401586
163.11642105172925,52.38984705249388,194.68319029003388,167.16002045706338,-211.92914451656003,-31.937326213148744
160.47775145958536,49.09322610140032,190.03696889929068,172.75048419573406,-207.79998633571165,-49.60321666251754
157.4276500760379,45.52306712555104,185.12753567238903,178.00732892673108,-203.1458903736426,-67.07114677115705
154.10488806754975,41.787467472396784,180.03660832791235,182.98509839651473,-197.94856717505195,-84.27531776576329
150.6487692536422,37.99375613841045,174.84403736100677,187.73881209457323,-192.19051674493818,-101.15076568054636
147.19445818774636,34.24492948571081,169.62515747163022,192.32154736246014,-185.85583098884197,-117.63359950488997
143.86844575972574,30.63625299178132,164.44832275605563,196.78206763112877,-178.93105887642324,-133.66127236186378
140.78432080265787,27.25215479354486,159.37272345737742,201.16260131912958,-171.4061212544575,-149.17288893130174
138.039010072874,24.163528866004,154.4465729466251,205.4968743407781,-163.27525394026893,-164.10954825252773
135.70963426341106,21.425551309699387,149.70573907157598,209.80849144102433,-154.53794885870133,-178.41471655669326
133.85110464067884,19.07609281735948,145.17287458599966,214.10974774475477,-145.19985440514355,-192.034620254715
132.49455437652986,17.13478488209742,140.85707803925084,218.40093252907434,-135.27358891197835,-204.9186450658606
131.64666225232787,15.602768113513946,136.75409065523198,222.67016332142836,-124.77941609985508,-217.01972394817443
131.28988626356846,14.463119939602194,132.84700805495257,226.89376143207335,-113.74572967465554,-228.29469439208003
131.38358326720163,13.68192801424702,129.10746003147997,231.03715168506787,-102.20929657396196,-238.70460509082974
131.86595087875423,13.209946890287057,125.49718881155486,235.05624131600626,-90.21521525298219,-248.21495321334905
132.65669195971017,12.984750872003048,121.96993798704432,238.89920764840238,-77.81655691411754,-256.795836523343
133.66027254298774,12.93327701058179,118.47355187405209,242.50860296852656,-65.07367333600956,-264.422009280446
134.76962270246466,12.974640049782877,114.95217928326228,245.82366940030045,-52.0531740753275,-271.0728369071617
135.87011777196616,13.02309628521104,111.34847683272677,248.78274752327593,-38.82659697377807,-276.732151329727
136.84367477624,12.991035673318066,107.60571470112522,251.32566046931612,-25.468817432492646,-281.3880160986338
137.5728054882561,12.79189043568141,103.66970126627336,253.3959602555484,-12.056261943025422,-285.03241720103773
137.9444820041811,12.342862674446991,99.49046111449069,254.9429346498599,1.3349919926980753,-287.6609012341844
137.85369139602074,11.567391608278072,95.0236218341431,255.92328998084062,14.63113585021778,-289.27218674047765
137.20658075503545,10.397301215746182,90.23148704302885,256.30244671770896,27.762471070699096,-289.86777658134065
135.92312051483572,8.774589565536814,85.08379444886933,256.0554088461721,40.66507404803371,-289.451599018337
133.93924014568816,6.652840282314401,79.55817674143451,255.16719342026857,53.282197214894175,-288.02970267143974
131.20841421436413,3.998253077387332,73.64035835900482,253.63283153324198,65.56533402564366,-285.61002595977783
127.70269691543756,0.790303077554313,67.32413161931714,251.45697476699831,77.47489669238547,-282.2022554256668
123.4132185604169,-2.9779527250088904,60.61116074846923,248.65316057431585,88.98048020275365,-277.8177800778317
118.3501678330194,-7.299899264423942,53.51066185071111,245.2428049034056,100.06071236078232,-272.4697412317751
112.54228916699935,-12.155694350825769,46.03900119279476,241.25399989435027,110.70271516118319,-266.173169955041
106.03592621848458,-17.512886290827737,38.219244148238104,236.72019823388632,120.90122566960984,-258.9451977649757
98.89364137639015,-23.327302168506705,30.080673986573913,231.6788637177797,130.65744299599282,-250.80532117734663
91.19243916873093,-29.544195748740776,21.658284950933364,226.17016011164748,139.9776806598591,-241.77569740172402
83.02161998084605,-36.09964795949298,12.992239499469363,220.2357382797015,148.87190998532913,-231.8814470705693
74.48029132317245,-42.922214518626504,4.127267012798747,213.91766586759127,157.35228007077552,-221.15094033322313
65.67456830839215,-49.9348133081371,-4.888027586514859,207.2575259533716,165.4316938705809,-209.61604473444316
56.71450389583629,-57.05683774864804,-14.001980535492898,200.29569257402136,173.1225089957396,-197.31231669393208
47.7108030990373,-64.20647137439686,-23.160843957010243,193.07077351699493,180.43541731779453,-184.27912268981535
38.771393288804845,-71.30316332952508,-32.309942111426906,185.6191958083841,187.3785408564836,-170.559680980633
29.99794377719592,-78.27020551265376,-41.39501700473406,177.97489832299118,193.9567642758312,-156.20101945086904
21.482450157776235,-85.03733111990879,-50.36374997624409,170.16908997994256,200.171308011474,-141.25384957359324
13.304019941254731,-91.5432334494108,-59.16742078204632,162.2300317542884,206.0195317730858,-125.77236027892573
5.526013009680824,-97.73788549805434,-67.76263895166716,154.18280642121522,211.49494676426738,-109.81393853663297
-1.8062996784622065,-103.58452776181494,-76.11305657033228,146.04905119198196,216.5874069447857,-93.43882565014229
-8.667395693207254,-109.06118633502986,-84.19095013052656,137.84664426541806,221.28344518008936,-76.70971966122542
-15.052327849833834,-114.16158814419057,-91.97854470093498,129.58935531822823,225.56671901811396,-59.69133499798689
-20.976592854714966,-118.89535656482815,-99.4689490605781,121.28649012575652,229.41853267206884,-42.44993072898353
-26.47495691929872,-123.28739948057932,-106.66657770154978,112.94257852111927,232.81840594290944,-25.052818695090842
-31.599206914274635,-127.37644266311506,-113.5869558587438,104.55717026825498,235.744666534154,-7.567862541925649
-36.41486014141478,-131.21271254762394,-120.25583696470078,96.12481270289211,238.17504869285307,9.937021607627212
-40.996937499317944,-134.854831145693,-126.70760682192275,87.63528506628766,240.0872875712289,27.394352360979717
-45.424978646046156,-138.36604789747145,-132.98300264038522,79.07415581245829,241.45970443949994,44.73754791113122
-49.77754767769753,-141.8099937055428,-139.1262339406171,70.42371018649541,242.2717823151384,61.90135862750128
-54.126537298118265,-145.24619564130217,-145.18165117610562,61.66426653652233,242.504734292989,78.82225799887848
-58.53162198165429,-148.7256312301352,-151.19016114314704,52.775862865247696,242.14206763563323,95.43878345169847
-63.03523050832156,-152.2866236685626,-157.18563005233506,43.740253028314214,241.17014547898546,111.69182001097774
-67.65840119673628,-155.95137977568604,-163.19154024000684,34.54310881484656,239.57874497947026,127.5248218715519
-72.39784695514342,-159.72344857279995,-169.21817071373482,25.176284731043488,237.36160620510285,142.88396973511647
-77.2244922386484,-163.5863298786341,-175.26055256520112,15.639971747133036,234.5169605302658,157.71826516627843
-82.08365326017187,-167.5033913466201,-181.29740741903947,5.944549315965396,231.04802132353515,171.97956702023814
-86.89692223492597,-171.4191635048008,-187.2912126169762,-3.8880546265985583,226.96341398172606,185.62257886763962
-91.56569432479151,-175.26198228361312,-193.18945528449174,-13.823666091736449,222.27751755221496,198.60479986461337
-95.97615230345826,-178.9478455377614,-198.9270454462512,-23.815960944020844,217.01068696702927,210.88645422272478
-100.00540958821472,-182.38525331728368,-204.42976414056776,-33.80742880380954,211.18932388500113,222.43041588207672
-103.52841766974417,-185.48072013492174,-209.61853494382848,-43.731210393697154,204.8457657771902,233.202144840086
-106.42517814279509,-188.14458910599535,-214.4142350968178,-53.51373865641929,198.01796750222158,243.16964966594352
-108.58776902267357,-190.2967484506912,-218.74271289506206,-63.07804048738164,190.7489572907571,252.30348708831812
-109.92670305709102,-191.87185352147674,-222.5396563510091,-72.34749202423781,183.08605962779058,260.57680447626655
-110.37618183082276,-192.8236921417109,-225.7549666969563,-81.24977331307392,175.07989054371708,267.9654250668825
-109.89788943925205,-193.1283942947793,-228.35632824199638,-89.72074330257016,166.78314557288056,274.4479696250739
-108.48307597905688,-192.78627292799123,-230.33172949839786,-97.70795651370784,158.249216120472,280.00600263428504
-106.15280430640837,-191.82218256682435,-231.69077280798425,-105.17356851201934,149.53068499515544,284.6241868653488
-102.9563624486828,-190.28438719335603,-232.46470257630656,-112.09642568533141,140.67776509120577,288.2904278658026
-98.96796774370706,-188.2420290459751,-232.705176535504,-118.47320049652929,131.73675531091965,290.9959899205574
-94.28199744261924,-185.78137733603327,-232.48189140823925,-124.31850924832527,122.74859360778785,292.73556741556666
-89.00706653589522,-183.00110399630756,-231.8792464793626,-129.6640275437067,113.74758758391388,293.5073000180019
-83.25933211413908,-180.00687864835575,-230.99228056934916,-134.55669132322683,104.7603978817006,293.3127261023461
-77.15543280510101,-176.90559589249477,-229.92214699244352,-139.0561320041461,95.80533866743136,292.1566756167668
-70.8054726607346,-173.79954620206337,-228.7713971755073,-143.23153806629722,86.89204336809243,290.047110210256
-64.30643446180335,-170.78082056190837,-227.63932898581814,-147.15815988560954,78.02152358126274,286.9949240663127
-57.73636239746958,-167.92620320379484,-226.6176245446742,-150.91367945710655,69.1866262731262,283.0137228017573
-51.14959375414632,-165.2927614551848,-225.78645952298584,-154.5746536579493,60.372870855827756,278.1195995264866
-44.573248818498165,-162.91429157428036,-225.21121702331618,-158.21321220951387,51.559625448657144,272.3309265648922
-38.00511225733143,-160.7987282877053,-224.93988909689205,-161.89415376838977,42.72156243587233,265.668178572703
-31.412961507878414,-158.92657609996954,-225.00120167915156,-165.67254016907043,33.83031889325771,258.15379828383317
-24.73532110237337,-157.25037354500452,-225.40345691760916,-169.5918440530105,24.856278655895093,249.81211053626976
-17.88354873912415,-155.69515763302414,-226.13405184037842,-173.6826625728967,15.770390255002308,240.66928430492788
-10.745091601200663,-154.15985454889477,-227.1596042610509,-177.9619722726678,6.54593856436745,230.75333696446657
-3.187692605376803,-152.51948405160465,-228.4265951560012,-182.43286936566903,-2.8398029097237156,220.09417056785153
4.9357206295571,-150.62802963650543,-229.86242061344535,-187.0847163477908,-12.404098741061937,208.7236270358172
13.781762016205224,-148.3217962148634,-231.37673517026002,-191.8936003980374,-22.157500685702864,196.6755480642164
23.51123605744875,-145.42305514342965,-232.8629618726292,-196.8230011117164,-32.10284510985539,183.98582629262452
34.284001311118814,-141.74376749327416,-234.19984356108364,-201.82456436602737,-42.23450767396474,170.6924366405959
46.254294413346926,-137.08918578320686,-235.25291647163115,-206.8388851156897,-52.53790910741732,156.835440331939
59.5666847040521,-131.26116706420592,-235.87580379860725,-211.79621435467402,-62.98925390252559,142.45695849339734
74.35272505337383,-124.06108970899595,-235.91125620167992,-216.61702418789946,-73.55547564518339,127.60111677409257
90.72823876683807,-115.29235301762132,-235.19191077363803,-221.21238982415565,-84.1943588873866,112.31396662948825
108.79104779620548,-104.7625488995489,-233.54080084044182,-225.48417811368353,-94.85480794911167,96.64339225027491
128.618821305709,-92.28551917349897,-230.77172503366464,-229.32506846793825,-105.47723744187611,80.63901419408882
150.26662715749802,-77.68363549940716,-226.68967115768262,-232.61847248181047,-115.99406694098772,64.35210133335512
173.76372477223163,-60.79074166909764,-221.09158059114827,-235.23846135843522,-126.3303121530369,47.83550165123217
199.109166881264,-41.45625678945215,-213.76782065223082,-237.04985231228747,-136.40427599620753,31.143599748094726
226.26589476823995,-19.550929460832126,-204.50479063740636,-237.90864239539903,-146.12835398368293,14.332304862884591
255.153221429433,5.025362144346168,-193.0891053781197,-237.66300554963078,-155.40997787383046,-2.540931888111011
285.63789071553106,32.333562575472634,-179.3137617443623,-236.15508034811,-164.15272844791596,-19.417078038822908
317.52425322282943,62.383231752065896,-162.98658536615943,-233.2237659432554,-172.25765131819958,-36.23547077232568
350.5444711353421,95.11863480566798,-143.94107020936275,-228.70870695715112,-179.6248078675432,-52.93377626118973
384.3500013947635,130.40399932846026,-122.04946538640188,-222.45558085754774,-186.15508607154217,-69.4479792371103
418.50584980445115,168.00921771490013,-97.2376465198938,-214.32270289229106,-191.75228274038403,-85.71242701652059
452.4891800393754,207.59761228278333,-69.50096082636695,-204.18883671610223,-196.32544981271133,-101.65995244665746
485.69375487330643,248.71758837221049,-38.91989540252456,-191.96195061610447,-199.79147347925317,-117.222098117785
517.4413577779711,290.8000172089964,-5.674134946390581,-177.5885014871701,-202.07782746874216,-132.32945966027657
547.0007966072424,333.16297504919663,29.94660100768499,-161.06267732108807,-203.12541275957113,-146.91215919332905
573.6143664363331,375.02500449908104,67.53657445208495,-142.4349027760735,-202.8913677873889,-160.90045143263134
596.5308176890574,415.5273787775224,106.57436939602506,-121.81883116189496,-201.35170877791555,-174.2254552323112
615.0430362583592,453.76499726471235,146.43066651384078,-99.39602807038649,-198.5036421645882,-186.81999323131308
628.5279057774445,488.8246105689193,186.38401756530718,-75.41761055607446,-194.36738301422298,-198.61951269394234
636.4852973144255,519.8281774426084,225.64449888379352,-50.202247616057306,-188.9873173461308,-209.56305247894213
638.5729073498894,545.9784133048664,263.38436249620133,-24.130149693242885,-182.4323637190014,-219.59421515453138
634.6337942136173,566.6031093293587,298.77405404433597,2.367036498200065,-174.7954208691174,-228.66210022618796
624.7139531908783,581.1946622202528,331.0213215742138,28.820180005282538,-166.191832565934,-236.72215463265042
609.0680783551151,589.4414956945726,359.4106852214257,54.739874031039335,-156.75685584797912,-243.73690015790223
588.1526965719726,591.2486628170976,383.3403419973215,79.63599284713942,-146.64218073067627,-249.67650395099287
562.6070045611739,586.7458310080023,402.3536786386313,103.0384339806559,-136.01161359411722,-254.5191673939201
533.2228564618146,576.2819642092323,416.1629576988902,124.51772078682735,-125.03609737060496,-258.2513193300531
500.9063049316739,560.407198093811,424.66338818004255,143.70409497395048,-113.88829385535796,-260.8676112334055
466.6337853897534,539.8435157616557,427.93661924633767,160.30380860343297,-102.73699192705696,-262.3707232905015
431.40638145824147,515.4467473576987,426.24360835790117,174.1115252559297,-91.7416262064119,-262.7710006689694
396.2055978094375,488.1630420301875,420.00770905584943,185.01804082996682,-81.04719124117318,-262.0859476994441
361.9537195564514,458.98324132679727,409.7896001806423,193.01290435489022,-70.7798160740331,-260.3396137575454
329.4812203168278,428.8985129698325,396.25625843911774,198.18191911063116,-61.04322436856154,-257.56190801331115
299.5028870197958,398.8602203103806,380.1465099127351,200.69989263815717,-51.916249324156325,-253.7878808856945
272.60346340808866,369.7463776263388,362.23576692983465,200.81934222957096,-43.45150509975264,-249.05700819628606
249.2327775070408,342.3362680032239,343.3023811960214,198.85611923928371,-35.675243093985785,-243.41251003124694
229.7095959647971,317.2939782386376,324.097666024445,195.17307120068057,-28.58834829985051,-236.90073067474142
214.2328994282783,295.1608257468153,305.32112223242365,190.16290813767787,-22.168363930587276,-229.57059919482663
202.89892783736252,276.3559889457508,287.60181410496705,184.23138396593225,-16.372376641841143,-221.4731828494485
195.72220388656433,261.1841531206816,271.48625200022593,177.7817613599673,-11.140553710004113,-212.66133788122386
192.65878411937737,249.84866923765284,257.43260448023403,171.20132220485326,-6.4000996478405625,-203.18945484288258
193.63017042048807,242.46858962309577,245.8106271064978,164.85044272607277,-2.0693934534654943,-193.11328860578715
198.54659117128375,239.0979679105049,236.90638067210296,159.05449956597732,1.937922072442987,-182.48985683408762
207.32868035304304,239.74595402175402,230.93062420289908,154.09863427706006,5.709103140197172,-171.37738507592948
219.9268977904717,244.3964347867265,228.02969803470663,150.22519740701927,9.328888966869528,-159.8352718157935
236.33830583367995,253.02622368988085,228.29773929453975,147.63353154419156,12.876633953679075,-147.9240429256974
256.6205182574435,265.6210505990517,231.78916973841325,146.4816407835871,16.424070051311503,-135.7052620455844
280.90274738025374,282.18881366750793,238.53053615219088,146.88923166427145,20.033737060196437,-123.24136165288857
309.39388623719356,302.7697101054075,248.53094070790067,148.94159286939717,23.758078156402583,-110.59535914522571
342.387473414869,327.44294954528056,261.7904521315285,152.6938002070974,27.639163546293634,-97.8304234208954
380.2632059390927,356.32977246137193,278.3060243423312,158.1747807614305,31.70897819515951,-85.00926053173956
423.4844052302946,389.5924549084059,298.0745608251691,165.39083700794572,35.99019050740227,-72.19329238905685
472.5905262160514,427.4288965960123,321.09285110777205,174.3283107962895,40.49730730760311,-59.44161064923476
528.1834645090642,470.06228685449497,347.3541775460491,184.95515296755127,45.238115475483596,-46.80969920136708
590.9061084060135,517.7252546513644,376.841458656647,197.22125361173113,50.21531065925625,-34.347933460389505
661.4113634918687,570.6378733668926,409.51687562768103,211.05747904129174,55.428216936168496,-22.099883100636067
740.3198250569238,628.9789523570471,445.3080392098565,226.37345423839673,60.874506414093545,-10.100466831117235
828.1644767180304,692.8502511500733,484.09091205272523,243.05422418335678,66.55183311240935,1.6259672165731018
925.3213465788959,762.2336410384022,525.66992027813,260.9560241727871,72.4592999990831,13.067535019227925
1031.926040384722,836.9418450381954,569.7559745266221,279.9014869461701,78.59868137256561,24.226556550796673
1147.777552008908,916.5642230617307,615.9434716334364,299.67471024898424,84.9753251580104,35.120989625442014
1272.2327308269291,1000.410116468242,663.687747007697,320.01669707640764,91.59866217841382,45.78538583169352
1404.0971903923353,1087.4534656380183,712.2848626393228,340.6217544119669,98.48225378660443,56.27118628390059
1541.5210990155224,1176.2836576707296,760.8559980289119,361.1354846516018,105.64331761531884,66.64617746294886
1681.9109106597264,1265.06868950664,808.3389980932824,381.15501541019665,113.1016860085981,76.99294661287817
1821.8702725313462,1351.5375410700572,853.4897501532512,400.23207614805096,120.87817507007678,87.40621489590448
1957.1845984819743,1432.9889132808134,894.895936652942,417.8794336812249,128.99237556548337,97.98898620041336
2082.8636121370314,1506.3329704357368,931.0052763154649,433.5810364592949,137.45992021740528,108.84752941821026
2193.2540845244926,1568.1712533685582,960.169582663706,446.8059886340149,146.2893335558929,120.08530874061371
2282.230722352519,1614.9174080364699,980.704831764439,457.0261862623054,155.47862675910667,131.79608368130863
2343.4666771271905,1642.957849143395,990.9659871083662,463.737115311746,165.0118551739998,144.056508864993
2370.7767702193887,1648.8471650299127,989.433681791835,466.4809594453327,174.8559032052346,156.91866160552323
2358.516992615742,1629.5283633378265,974.8081649398073,464.8708277967878,184.95779196206385,170.40300024587765
2302.0142436559713,1582.5635109352777,946.1043826383736,458.61462732389083,195.2428117564389,184.4922958351532
2197.991993197413,1506.3565924102513,902.7409071553465,447.53691022176093,205.6137582223489,199.1270738564217
2044.9520426171368,1400.3481673543724,844.6148662027911,431.59695968546146,215.95149446254476,214.20304529459852
1843.4711174872316,1265.1612159446245,772.155225636852,410.9014629150043,226.11697329020984,229.57089677709428
1596.374521100675,1102.6797777157872,686.347833767963,385.710369959859,235.95473903891494,245.0386536811935
1308.7577348506695,916.0466512394178,588.7275264512753,356.43494386167106,245.29779776751982,260.3766402447076
987.8401015202611,709.5732096017639,481.3351837178733,323.627544919133,253.97361174278885,275.32485451723255
642.6512103788737,488.562617958597,366.64067313246125,287.9633147280524,261.81085445741604,289.60237457649276
283.56831320424607,259.0564520177738,247.43577894914426,250.2145747178097,268.6464714415974,302.9182377244577
-78.26032462162772,27.52279805894642,126.70412429239288,211.21936253699346,274.3325424078097,314.98310609281486
-431.5581332367367,-199.48972271448187,7.477383342300442,171.84603206554726,278.7424397651884,325.520964957326
-765.5732910533968,-415.70380616957016,-107.31154260468753,132.95618296449658,281.7758290430146,334.28010167685045
-1070.6852292873582,-615.4423755155984,-214.9674268155394,95.36832488028503,283.3621534461755,341.0426828940796
-1338.913230506688,-793.9083362645562,-313.15358158476704,59.824604004954665,283.46237676713423,345.632376719366
-1564.2871733109193,-947.394414184368,-399.9864279484275,26.96263514318997,282.0689108571021,347.91963957565383
-1743.056073818568,-1073.4098430037225,-474.09813988995666,-2.705975936347727,279.2038082459212,347.82448427412214
-1873.727625557235,-1170.7192412286695,-534.66479271768,-28.80941493164579,274.91544005278115,345.3167451913075
-1956.9490470168175,-1239.297513159255,-581.4005652889101,-51.12137853729209,269.2739895304372,340.4140379210463
-1995.2540515828907,-1280.2119967443793,-614.5213687338678,-69.55899097738924,262.3661624902061,333.1777580822414
-1992.71106004907,-1295.4485687208341,-634.683510469396,-84.17373390399547,254.28954311987889,323.70756620787233
-1954.5130422676496,-1287.7015503805794,-642.9044631572133,-95.1366427469919,245.1470086815165,312.13485823163967
-1886.5495667599828,-1260.147947407286,-640.4734223307378,-102.71930869964345,235.04156554586595,298.6157254946329
-1794.997427367055,-1216.2250510119338,-628.859144950092,-107.27234979787656,224.07189179931535,283.3238709123387
-1685.958780421307,-1159.427223379757,-609.621697558842,-109.20298458185042,212.32877985466524,266.4438789372948
-1565.166488412378,-1093.133427761819,-584.3334011050622,-108.95318066859073,199.8925777452679,248.16514788000885
-1437.7667439252832,-1020.4724082925256,-554.5126591017802,-106.97959182479522,186.8316402514883,228.67669567216404
-1308.1802435887003,-944.2279702732452,-521.5727078346979,-103.73617941440631,173.2017283399259,208.162954567166
-1180.036051396349,-866.7830104947849,-486.7858089174692,-99.66007568796178,159.04624217941284,186.80058459631766
-1056.1672919201164,-790.098076853521,-451.26214261476383,-95.16092088871247,144.3971407497668,164.7562651521193
-938.6550300491567,-715.7184002744419,-415.9417260820051,-90.61361956257633,129.27638861920494,142.18537148790347
-828.9059097822516,-644.8024945813615,-381.59709249493636,-86.35423074476162,113.69777465701695,119.23140849586312
-727.7499296096017,-578.1654094434779,-348.8442006473948,-82.67853983820154,97.66896386365319,96.02605635954114
-635.5466262589428,-516.3303357197974,-318.1590461161698,-79.84275714744467,81.19366727049591,72.68967890977767
-552.2904242448326,-459.5832722255768,-289.89764505999693,-78.06574337962726,64.27384131396022,49.33215251908027
-477.7085555948979,-408.026655693874,-264.31738747459764,-77.53216638375798,46.91185322839967,26.05388784764427
-411.3474367567121,-361.6290577683762,-241.5981419950739,-78.39603472553182,29.112569825148046,2.946935697175981
-352.64549783877106,-320.2691394887584,-221.8618853774795,-80.78412126769196,10.885341632048096,-19.90391086881143
-300.99208952551,-283.77294983950344,-205.18998832595213,-84.79887405922602,-7.754138028167617,-42.42008502087004
-255.77322757826425,-251.94432903425798,-191.63759275514798,-90.52050501959896,-26.782118641880214,-64.52833246074661
-216.4056163217323,-224.5886317534774,-181.24475531364084,-98.00804402855175,-46.16524738357226,-86.1599450647423
-182.36069853907247,-201.53024621925624,-174.0442106984616,-107.29924415937856,-65.85922695234666,-107.25015622704541
-153.18050162443805,-182.62449085156646,-170.06573662977024,-118.4093215888378,-85.8077211808256,-127.73769961100489
-128.4868796718696,-167.76446581111236,-169.33719577126357,-131.32861066852286,-105.94156411912151,-147.56452283576263
-107.98546935709228,-156.88336623578098,-171.8824056559517,-146.0193101976284,-126.17833663463904,-166.6756397327734
-91.46535061759573,-149.9526677300116,-177.71606236196456,-162.411589685151,-146.4223782316082,-185.01909900200604
-78.79508291036123,-146.97650698212362,-186.8360309486293,-180.39941140521336,-166.56529901627243,-202.54604319020586
-69.91551233185137,-147.98252848560878,-199.21342451005376,-199.83650051698604,-186.48704628750335,-219.21082974885292
-64.8295409187877,-153.00947172594266,-214.78102705646722,-220.5329547181222,-206.05756157754462,-234.97118538031373
-63.58893453944802,-162.09184306488493,-233.42076917382815,-242.25301862270348,-225.13903737574873,-249.7883658456162
-66.27822947914447,-175.24215513960712,-254.95112798040606,-264.71454747658663,-243.5887493865686,-263.62729578493844
-72.99588197267471,-192.4314164346082,-279.115475661155,-287.5906417790657,-261.2624020241716,-276.456666776366
-83.83298314498336,-213.56879713741273,-305.5725194244405,-310.51384291800366,-278.0178847345767,-288.2489766751446
-98.85011842642699,-238.48165676339,-333.8900323496982,-333.0831379627975,-293.71929806135296,-298.9804990299877
-118.05325971111225,-266.8973578194834,-363.543041681468,-354.8738325509519,-308.24107484969693,-308.63117779705203
-141.36990432909687,-298.4284653448586,-393.91749559664316,-375.45012394618516,-321.471997291511,-317.18444933521516
-168.6269725071993,-332.5630001441179,-424.32015755952034,-394.3799580008831,-333.3188978861502,-324.6270003768189
-199.53219409178047,-368.66133369751896,-453.9950791559179,-411.2515058995682,-343.70983422460574,-330.94847689161173
-233.66080538760167,-405.96105592139867,-482.14649506200044,-425.69037514175005,-352.5965450071635,-336.1411640411565
-270.4492943112252,-443.5907020038557,-507.96740346091565,-437.3765013509376,-359.9560276562878,-340.1996613132186
-309.19764760007143,-480.59260407088925,-530.6724948841114,-446.0595779197969,-365.7911245410278,-343.1205790376148
-349.08106064347777,-515.954377052907,-549.5335379345167,-451.57188788274834,-370.13006199733945,-344.9022825227348
-389.1713894326412,-548.6477218460334,-563.9148926441002,-453.8375159659544,-373.02494963543063,-345.5447078627224
-428.4678059040122,-577.6724200543002,-573.3065678095244,-452.8771359164854,-374.54931172783927,-345.0492690765261
-465.9352408516697,-602.1027023495687,-577.3522189520585,-448.80787372167924,-374.7947823878729,-343.41886988368617
-500.5483609599426,-621.1326944027364,-575.8697252733117,-441.8381142744181,-373.8671467266515,-340.6580255363092
-531.33813475639,-634.1174615552998,-568.8624822970273,-432.2575116066324,-371.88194704457464,-336.7730913360899
-557.4375956757333,-640.6063362419528,-556.5202629410514,-420.4228405897423,-368.9598935145284,-331.77258552861673
-578.1232851577852,-640.3657292412178,-539.2093634757599,-406.74065116453465,-365.22232149667576,-325.6675860063436
-592.8490939933454,-633.3894588302646,-517.4526689765964,-391.6479207547842,-360.7869230278897,-318.47217346246646
-601.2698091260854,-619.8956978208978,-491.90114143840145,-375.5920229628425,-355.7639501728479,-310.2038889977
-603.252560708693,-600.3108191485353,-463.2989524909458,-359.0113307720486,-350.253046123323,-300.88417216623594
-598.8754527117574,-575.2415789578306,-432.44496978473614,-342.31765459192627,-344.34081037481513,-290.53874626861545
-588.4138224947843,-545.4380753764287,-400.15350992585775,-325.8814973143992,-338.09915156942975,-279.19792128044867
-572.3156718320312,-511.750645524726,-367.2171769076709,-310.0208183726248,-331.58443013778174,-266.8967907867665
-551.1687144252041,-475.0842345996915,-334.3742372991952,-294.99367118745056,-324.83734662886616,-253.67530707711688
-525.6620916013319,-436.35375941689364,-302.28239951487325,-280.9947494110731,-317.8834936439836,-239.57822738666357
-496.54605985630366,-396.4436162686966,-271.5001455135547,-268.1555799449692,-310.73446158368415,-224.65493331562723
-464.59284196327934,-356.173816968633,-242.47600124433342,-256.5478608070178,-303.3893718448485,-208.95913391752737
-430.5613969014341,-316.2743786783553,-215.54541624490815,-246.1892761936311,-295.8367054814389,-192.54847012239856
-395.16818213874075,-277.3686604209633,-190.93432734299586,-237.05103594160576,-288.0562995858733,-175.4840435322504
-359.0651595859201,-239.96544846317954,-168.76805734812302,-229.06637883369726,-280.02139601332067,-157.8298958850976
-322.8254468390369,-204.45884256773044,-149.08397034712556,-222.1393377613846,-271.70064540168045,-139.65246653964718
-286.93624247201416,-171.13445430434174,-131.84626706863514,-216.1531733029948,-263.05999141955135,-121.02005429764912
-251.798039893671,-140.18013018876266,-116.96143039551377,-210.9780219290399,-254.06438354138356,-102.00230702753478
-217.72873906728108,-111.69935378089176,-104.29308045411999,-206.47745706499458,-244.6792893747642,-82.66975827029995
-184.97108530297072,-85.72562920610221,-93.67532124280412,-202.51380911351774,-234.87199796401904,-63.09342474354851
-153.70189382345765,-62.23645006591573,-84.92400724747003,-198.9522214163424,-224.61272230312488,-43.34447287577223
-124.04171761453429,-41.165848377168246,-77.8456863550386,-195.66352450513287,-213.8755216795335,-23.493956635935795
-96.06392882830536,-22.414934361101842,-72.2442529053146,-192.52608667244323,-202.63907204312224,-3.612623362018205
-69.80255038645885,-5.860224837671847,-67.92555288538277,-189.4268445185991,-190.88731534778742,16.229220642106117
-45.25853831791008,8.640124479771323,-64.70031540407592,-186.26173528304105,-178.6100170946194,35.961797021937755
-22.404531697124206,21.241842412725116,-62.385844441619305,-182.93574799167214,-165.80325575524972,55.515910057967304
-1.1883257851225153,32.11135490940899,-60.806903707001595,-179.36278827261646,-152.46985925030336,74.82298615309027
18.464528880375944,41.42338550675063,-59.79618076666583,-175.46551779245587,-138.61979325504484,93.8151156506993
36.64854253318107,49.35888182322115,-59.194641187102675,-171.17528885759853,-124.27049497175898,112.42511371412954
53.47608124012161,56.10289736388734,-58.8519948329878,-166.43225216856007,-109.4471353592905,130.58661494859982
69.07478722363649,61.842177138126644,-58.62740743947168,-161.18567434101726,-94.1827838292121,148.23421325227162
83.58439012237093,66.76232166110124,-58.39051025492738,-155.39446393339153,-78.51844317564198,165.30365422878978
97.15280929243788,71.04452011934447,-58.022694314367925,-149.02787179098453,-62.50291987441072,181.7320826420978
109.93157779868596,74.86193868606314,-57.418625838669,-142.06630432012372,-46.192496454864646,197.4583421894398
122.07073131471279,78.37591857912929,-56.487884928083204,-134.50216722382075,-29.650378642969006,212.42331971966627
133.7133909751432,81.73217963019991,-55.156609098197606,-126.34064246163987,-12.945900216666365,226.57032138542195
144.99032451398298,85.05724151424407,-53.369013572745885,-117.6002929379926,3.8465176136333383,239.8454645477885
156.01479503389035,88.455271047043,-51.088658946380534,-108.31338796650246,20.648639014086342,252.19806696698402
166.87800451511202,92.00554542685953,-48.299341818906115,-98.52584830401466,37.37988754454922,263.58101422952024
177.64541421683157,95.76069288346346,-45.00549412791207,-88.29672291919813,53.95897309588938,273.9510876482654
188.354181357303,99.74583767329656,-41.23199193414506,-77.69713094125396,70.3056082375257,283.26923799846446
199.01189540246452,103.95873806878336,-37.02329482195704,-66.80863134261202,86.34223893266027,291.50079517689977
209.59673167966776,108.37096494521046,-32.441863685955184,-55.72101916172679,101.99570806462575,298.6156097342778
220.05906780161664,112.9301248557121,-27.565838170219095,-44.52958896576027,117.19876961905797,304.5881285993914
230.32453194621098,117.56308484724713,-22.48599547362761,-33.33195134343731,131.89137702272978,309.39741344155595
240.2983737252346,122.18010675404307,-17.30205866327563,-22.22453312073202,146.02168077897858,313.0271152414821
249.87097091014903,126.6797472132483,-12.118472786973427,-11.298932561940859,159.5466872864048,315.4654220786537
258.9242121376018,130.95432830617645,-7.039817356038583,-0.6383325052407685,172.43255119511025,316.70499840147727
267.3384312382691,134.8957359670324,-2.1660694835906042,9.685807251330587,184.6544960888785,316.7429328981678
274.99951809154487,138.40126362761004,2.412032227439596,19.61655565622621,196.19638076233082,315.58070862154676
281.8057992508385,141.37919205295526,6.617252359236488,29.11360956911689,207.049949004382,313.224203648028
287.67427394575185,143.75378787342876,10.389480354410779,38.154519573396016,217.21381796727442,309.68372395158224
292.5458111637124,145.4694168391644,13.688459390639338,46.73493144245556,226.692272655895,304.97406321195984
296.38896304532557,146.49350543128793,16.49541774814901,54.86780198138587,235.49394109411753,299.1145778796005
299.2021278538804,146.8181458814403,18.81346448111978,62.58162548624474,243.63042613671905,292.1292608438365
301.0138983955529,146.46022189456286,20.666694586482606,69.91778491300855,251.11496604529142,284.0467941581896
301.8815521721129,145.46002982042285,22.098042238708018,76.92721204240081,257.96118761709846,274.90056084195874
301.88776853473405,143.87847487825604,23.166015529408952,83.66659598315347,264.1820039441831,264.7285978387571
301.1357849240543,141.79302512373044,23.94053334705987,90.19441328699715,269.7886950522686,253.573476477045
299.74331776787466,139.2926976230288,24.498155809013184,96.5670620815659,274.7901950219236,241.4821026716551
297.8356634442685,136.47242299688327,24.917046764686518,102.83536611201741,279.19259493042233,228.50543587203015
295.5384526165964,133.42717916514084,25.27202546920401,109.04167450862172,282.9988580879411,214.6981325740148
292.97055191486544,130.24629845265412,25.63005271229119,115.21772419792686,286.2087333440477,200.11812629086168
290.23758867969366,127.00833304398756,26.04645580589809,121.38336086976453,288.81884420397074,184.82616059777592
287.4265193685798,123.77681417576589,26.562131211619487,127.546139098764,290.822926338378,168.88529481867602
284.60157579496183,120.5971654590897,27.20187998383517,133.70175045945194,292.2121837630998,152.3604029609219
281.8018139698401,117.49493767272702,27.973937964883817,139.83516722544812,292.9757342577522,135.31768571617198
279.04036810483836,114.47543004074362,28.870668742172484,145.92234378127236,293.10111706341297,117.82421302488777
276.3053881644909,111.52466062950661,29.870301303383215,151.93229129130327,292.57484000373137,99.94751127537772
273.56252362743635,108.6115547581616,30.93952334946289,157.82933420686612,291.3829482885764,81.75520515840259
270.758717781439,105.69114252372131,32.03669062158809,163.57536838621786,289.51160273315895,63.31471999427307
267.8270026660764,102.70850000309306,33.11538528316642,169.13196669793814,286.9476603237835,44.69304638253744
264.6919387369612,99.6031363615295,34.12805283086982,174.46221450881697,283.6792544090676,25.956565575553
261.27532668295925,96.31352149970496,35.02946537779437,179.53219940348967,279.6963748167961,7.170931194439859
257.5018301536578,92.78146430834252,35.77979577807244,184.31212190408846,274.9914495486804,-11.598999180557712
253.30418377815093,88.9560865346364,36.34713695839844,188.77703252868105,269.5599292050303,-30.289190475632864
248.62771545421558,84.79718686328529,36.709358317002824,192.90723191710987,263.40087293328565,-48.83642354477372
243.43397915861425,80.27784853820968,36.85525041152438,196.68839284099403,256.517530657601,-67.17826508333256
237.70336788060047,75.38620604584915,36.784965135187505,200.11147483079662,248.91791099098623,-85.25302401608533
231.43664944591936,70.12634680242464,36.50980684449793,203.17250418353137,240.61531807887914,-102.9997047010205
224.65543555013198,64.51837801609423,36.05146732607122,205.8722855016128,231.62883432972706,-120.35796760070288
217.40165202656848,58.597733615847204,35.44082229241006,208.21609759197608,221.98372029741654,-137.26810830759845
209.73612341457562,52.413829294140115,34.71641883715985,210.21340887038744,211.7116986749358,-153.67106587319506
201.7364158972468,46.02819450102922,33.92278273346001,211.87762784724708,200.8510871863611,-169.50847114229808
193.494099654704,39.51221902386591,33.10866340118349,213.22588519022858,189.446745778435,-184.72274506543266
185.1115958134228,32.94464992495162,32.325315294069576,214.27882733379,177.54980738682337,-199.25725559368036
176.69876656413794,26.408964150877267,31.624890275028697,215.0603892608351,165.2171689201979,-213.05653962544991
168.36939236212916,19.990725567449743,31.058989269411946,215.59750701078968,152.51072989704005,-226.06659351600317
160.237660374637,13.775015162692057,30.677395948293203,215.91972919679569,139.49637997629003,-238.23523191046237
152.41476641706302,7.844002236028302,30.526992821708014,216.05869130891665,126.24275268438228,-249.5125102564792
145.00571112318488,2.274704760351085,30.650842756092842,216.04742629450465,112.8197798716643,-259.8512015417291
138.1063521001972,-2.8630295254566676,31.087407722551156,215.91949886109495,99.29709848425091,-269.20731292617944
131.800758734201,-7.508302252970793,31.869871962729256,215.7079678293244,85.74237660487765,-277.5406234172742
126.15890581245301,-11.610692677676951,33.02553846620916,215.44419914660975,72.21963786659286,-284.81522001699454
121.23473616945351,-15.13152741077215,34.5752748250157,215.15657024063648,58.78767087364312,-291.0000072913477
117.06462045621186,-18.044883671257764,36.532995832842175,214.86912266375285,45.49861206652098,-296.06916444494027
113.66624267491798,-20.338315063521293,38.905183980623434,214.60023302369908,32.39678587157805,-300.0025249809657
111.03794177644214,-22.013284473725435,41.69046347112743,214.36138082990314,19.517874862875885,-302.78585698458556
109.15854070214394,-23.08528434621512,44.879256755759414,214.15609525022933,6.888475523031042,-304.4110268942825
107.98769313918254,-23.583621759705892,48.45356327520895,213.97916039034104,-5.4739268811887065,-304.8760360353019
107.46677356733099,-23.550845599622747,52.38690674087909,213.8161504986484,-17.560556178723488,-304.1849267182889
107.52032693020563,-23.041796639066916,56.64449899115278,213.64335278915306,-29.37053449455071,-302.34756275045794
108.05808001637008,-22.12226902169526,61.183664710841114,213.42811706721304,-40.90970715408301,-299.37929708018225
108.97749753911381,-20.86728355414047,65.95456211079268,213.12964908216273,-52.18917046230739,-295.3005463012773
110.1668427275487,-19.358988955163355,70.90122050689699,212.7002398366603,-63.22358739571702,-290.1362972475099
111.50867633065205,-17.68422590532478,75.9628975414005,212.08689748013433,-74.02938776259627,-283.91557441331236
112.88370110897273,-15.931809124417214,81.07573786851106,211.23332354314903,-84.62295373400129,-276.67089813645185
114.17483328583897,-14.189603199760327,86.1746930837399,210.0821527876005,-95.01888868412821,-268.4377622924947
115.27136031908704,-12.54148674855692,91.19564128521365,208.57735741943355,-105.22845754554301,-259.25415683255176
116.07302791265342,-11.06431495782087,96.07762571247034,206.66670319725807,-115.25827151969334,-249.16015521429918
116.49389028009615,-9.825000994829836,100.7651170838428,204.30413812064072,-125.10927057856057,-238.19758017027974
116.4657576497371,-8.877840928317013,105.21019493472875,201.45199453697,-134.77603560465514,-226.40975397571157
115.94108454138487,-8.26220381673896,109.37454041857109,198.08289282753222,-144.24644015888651,-213.8413321031457
114.89516135693178,-8.000698241826328,113.23113712547223,194.18124896921702,-153.50163151346803,-200.53821252954623
113.3274994331766,-8.097909144548467,116.7655873851706,189.7443083573188,-162.51631320936613,-186.5475075349468
111.26233430497977,-8.539775305393661,119.97696856935413,184.78265300552258,-171.25928804145332,-171.91756099255875
108.7482113341491,-9.29364967091449,122.87817590378552,179.32015694604286,-179.69421160316696,-156.69799210866387
105.85665950810541,-10.309053814914776,125.49572366266116,173.39339345831903,-187.78050241898327,-140.93974635264522
102.68000038907641,-11.51910619575574,127.86900352608656,167.0505257252338,-195.4743549082948,-124.69513577643627
99.32837729116905,-12.842573602720876,130.0490254537119,160.34973783216026,-202.72980526891968,-108.0178537744124
95.92612250145983,-14.186468168620635,132.09669089306544,153.35728413084863,-209.49980692705105,-90.96295319696806
92.60760598113426,-15.449090114979214,134.0806689972089,146.14525072120034,-215.7372804504885,-73.58678117531946
89.51272635827382,-16.523400081993486,136.07496265660583,138.78913246014528,-221.3961117489709,-55.9468686068964
86.78221371645826,-17.30059504474518,138.1562618932693,131.36533228924105,-226.4320810739537,-38.10177659632875
84.55291391584991,-17.673758468091705,140.40118733308302,123.94868706058615,-230.803713034469,-20.110905914966835
82.95321675697994,-17.541458063325834,142.8835263159548,116.61011613174495,-234.4730440270744,-2.034278488395458
82.0987764564004,-16.811172452384838,145.67155934070541,109.41447681107044,-237.4063078201836,16.067698110760766
82.08865417732515,-15.402440127153469,148.8255658533127,102.41869548735536,-239.57454243188303,34.134471263377435
83.00199039240356,-13.249639089034119,152.39558690229498,95.67022627427146,-240.95412198057556,52.10557720706472
84.89529125320217,-10.304322244899225,156.41950896322297,89.20587150822894,-241.5272161083119,69.92085752050431
87.80038933361878,-6.537050909253722,160.9215192647235,83.05098158999927,-241.282177233872,87.52064937133031
91.72311625905616,-1.9386857127339994,165.91096906302943,77.21903637444001,-240.21385272282424,104.84594328702804
96.64270366200009,3.478889810143613,171.38166813717152,71.7115972465376,-238.32381554714942,121.83850527411737
102.51191009557095,9.68262305740572,177.3116216990841,66.51860854726723,-235.62050364543637,138.4409634625396
109.25785514271482,16.618720559199545,183.66321008995587,61.61901922295658,-232.11925547032732,154.59686287906655
116.78352784599778,24.213635653676477,190.3838020158458,56.98169030863828,-227.84222756762898,170.2506952372369
124.96992441011292,32.37558998245315,197.40678345746755,52.566550758332525,-222.81817984799193,185.3479135557757
133.67875942979123,40.9965930631806,204.65297647180932,48.32596270300318,-217.08211576833236,199.834943770366
142.7556851743293,49.95491442039649,212.0324145652042,44.2062568805756,-210.67476809201833,213.65920709214467
152.03394428222785,59.11795299193949,219.44643388299403,40.14939918011955,-203.64192624869568,226.7691675216766
161.33837229429957,68.34543863047394,226.79003196462006,36.09474948788424,-196.03360839756652,239.11441852729268
170.48965769444305,77.4928905445601,233.95443824609958,31.980873967760406,-187.9030897597903,250.6458213747945
179.30875868991868,86.41524775937422,240.82983303092152,27.74737138203921,-179.30580809417816,261.31570496175345
187.62136825057954,94.97057763928925,247.30814465743225,23.336673089179975,-170.29817665807033,271.07813335554647
195.2623125642185,103.02376091286129,253.28584858990826,18.695775164890577,-160.9363438224833,279.88924274443775
202.07976383925563,110.45004631163302,258.6666877854992,13.777860064931765,-151.2749458511003,287.7076444547205
207.93914715778354,117.13836575033746,263.3642316124483,8.543764871924346,-141.36590439317567,294.49488540886625
212.72662368174957,122.99430273934331,267.3041914418658,2.9632539699147458,-131.25732228797284,300.2159522941611
216.35203962435244,127.94261304739862,270.426415293754,-2.983943552009208,-120.99252984942218,304.8398011929696
218.751242446639,131.9292078588025,272.686491861192,-9.307366994199995,-110.60932868734035,308.33989089024095
219.88768280785018,134.92252576460862,274.05690585886657,-16.0053562122376,-100.13947144780752,310.69469585954016
219.75324256858738,136.9142404589251,274.52770162893313,-23.06490265002546,-89.60840408196843,311.88817427874
218.36825488223224,137.9192751416731,274.10662966704604,-30.46182843836172,-79.03528315679876,311.9101674600356
215.7807109890428,137.97512116370058,272.8187703144979,-38.16129086354185,-68.4332653341346,310.75670977299956
212.06467831247699,137.1404859255248,270.70564921096997,-46.118597023130874,-57.81005065236391,308.4302323259901
207.31798421175012,135.49332184721297,267.8238790261746,-54.28030120978205,-47.16864687671057,304.93964904867624
201.65924756614137,133.12831274745238,264.2433803013331,-62.58554632606622,-36.50831008070693,300.3003199790354
195.22436463601696,130.15391472667486,260.0452498587503,-70.9676011937375,-25.82560772401208,294.53389302654034
188.1625749641386,126.68906443139443,255.3193573097695,-79.35553859919098,-15.115545443197455,287.6680317617177
180.63224639124428,122.85967754525038,250.16175811456515,-87.675994730134,-4.3726978603919875,279.73604239977067
172.79652492667788,118.7950640999727,244.67201514201935,-95.85494949178207,6.407713149664289,270.77641770082425
164.8189950687166,114.62438477315686,238.950519786786,-103.81946898814755,17.22884254995308,260.83231870598314
156.8594895023853,110.47326421353277,233.09589876197444,-111.49935594058232,28.09138878891398,249.95101689884078
149.0701746259016,106.46066444690373,227.20258428430793,-118.82866053636523,38.99293165098051,238.18331949637695
141.59202111905262,102.69610467683526,221.35861426519511,-125.74701257649335,49.92745750209599,225.58299923167908
134.55174805295127,99.27729457510657,215.64371617754932,-132.20074518079906,60.88507579585823,212.2062474077453
128.0593062536953,96.28822777529942,210.12771436760698,-138.14379006495184,71.8519194355845,198.11116547404626
122.20594317931895,93.79776199516976,204.8692865603831,-143.53833393058767,82.81021211736129,183.3573062548043
117.06286875155762,91.85869312232799,199.91508189890146,-148.35523430175755,93.73847862827317,168.0052716026302
112.68052051198404,90.5073135847555,195.29920064950306,-152.57420081112193,104.61186950887776,152.11636900989788
109.08840799912625,89.76343100932434,191.0430251173921,-156.18375423612213,115.40256953363047,135.75232588084216
106.29550093217225,89.63081188590881,187.15538259308738,-159.18098039187365,126.080259923786,118.97505698543249
104.29111389833872,90.09800676923686,183.63301436653305,-161.5710993162021,136.6126067205537,101.84647823629335
103.04623175326404,91.13950829413585,180.46131992748792,-163.3668721561054,146.96575182827297,84.42835842983422
102.51521458930966,92.71719058802579,177.61534222103847,-164.5878689969695,157.10478834265135,66.78219996934818
102.63781844991726,94.78197803838363,175.060957960696,-165.25962084060646,166.99420734913915,48.96913977538695
103.34146739022972,97.27569224043947,172.75623618099198,-165.41267834413094,176.5983088872284,31.049862464359794
104.5437133747033,100.13302772884008,170.65292808609945,-165.08159909044718,185.88157477049668,13.084519281908653
106.15482225001327,103.28360925204628,168.69805149345237,-164.30388435827825,194.80900506560243,-4.867351969792628
108.0804261044218,106.65408544030961,166.83553350993805,-163.1188858283747,203.3464230102357,-22.746908860684663
110.22418432541352,110.17021544402223,165.007875325888,-161.56670255913997,211.46075484724042,-40.496089082839234
112.49039736413744,113.7589063317245,163.1578030831948,-159.68708895336226,219.12029144455187,-58.05769729774556
114.78651856394096,117.35015975713854,161.22986869657404,-157.51839527794024,226.29493773749346,-75.3754920048139
117.02551054963541,120.87888681157177,159.1719644191705,-155.09656344700664,232.95645415361844,-92.39426945334648
119.12799390657267,124.28655038862128,156.93671508189362,-152.45420199708576,239.0786915226359,-109.05994124197358
121.02413763111997,127.52259521972232,154.482712609214,-149.6197651569867,244.63781786474908,-125.31960242954199
122.65524360499052,130.5456274617136,151.7755589707711,-146.61686128511766,249.61253225974872,-141.12158770813332
123.9749816413292,133.32430879892408,148.78868651142318,-143.46371534356763,253.9842581123017,-156.41551441032638
124.95023791506439,135.837934867103,145.5039289053332,-140.17280816639868,257.73730591512594,-171.15231273971793
125.56154813943495,138.07667469973245,141.9118219965892,-136.75071180128828,260.8589943928808,-185.28424549146496
125.80309781058551,140.04145695156816,138.01162157442945,-133.1981350209594,263.3397189258713,-198.76492149724987
125.68228510328123,141.74349977238577,133.8110345671805,-129.51018622857302,265.17295753508864,-211.54930889674836
125.21885719226302,143.20349405629818,129.32567091871726,-125.67685261014198,266.35520745644607,-223.59375590251994
124.44364726349025,144.45046381864722,124.57823503954673,-121.68368488781675,266.88584929616155,-234.85602779488588
123.39695640037459,145.5203418861184,119.59748754167916,-117.51266693950396,266.7669406512401,-245.29536928854753
122.12664083768166,146.4543130038715,114.41701919195455,-113.14323954403096,266.0029464838571,-254.87260103015217
120.68597962384055,147.29698885492058,109.07388881257299,-108.5534383421656,264.6004189475273,-263.55025775205485
119.13140938007648,148.09448934696462,103.60718440134185,-103.72109853960272,262.5676442234541,-271.2927735337132
117.52022055620768,148.89251094029007,98.05657131791594,-98.6250736282725,259.914277695745,-278.0667168000471
115.90831254528103,149.73446505634044,92.46089245136267,-93.24641303710692,256.65099100715554,-283.8410742879815
114.34810273034535,150.65976728566548,86.8568825640533,-87.56944451024172,252.78915485682774,-288.58757947946464
112.88667687993961,151.70235111454772,81.2780525111389,-81.58271125969479,248.3405796708537,-292.28107722514596
111.56425558625284,152.88946849083513,75.75378909450437,-75.27972137997389,243.31733254500801,-294.89991278554805
110.4130343678354,154.2408243973096,70.30870355698407,-68.65947719197801,237.7316433877546,-296.42633060978295
109.45643471880939,155.7680746622482,64.96224704300066,-61.72676440602794,231.59590643318444,-296.8468661304039
108.70878113950201,157.47469672250753,59.72859580745777,-54.49219437508529,224.92277584666436,-296.15271288515197
108.17539655010822,159.35622331148718,54.61679368598841,-46.97200626379782,217.72534669255026,-294.3400474984396
107.85308701579349,161.4008104360932,49.63112545571173,-39.18764869157227,210.01740576238691,-291.41029647850854
107.73096783022358,163.5900947873852,44.77168319028823,-31.16517141178187,201.8137312942294,-287.3703313126802
107.79156790654642,165.90028293356832,40.035079292832776,-22.934466128427275,193.13041693144106,-282.2325817761607
108.0121389628942,168.3034059988573,35.41525503217838,-14.528401127535865,183.98519366857997,-276.01506143341965
108.36609061107154,170.76866940255138,30.904332244376846,-5.981896787990003,174.3977240898285,-268.74130367844566
108.82447219115069,173.2638276110007,26.493458209110187,2.6690117102491513,164.3898457879318,-260.44021098736147
109.35742666543338,175.7565183763376,22.1735991016364,11.38808173201685,153.985745127021,-251.1458240171986
109.93555038319029,178.2154989428495,17.93624517388642,20.13970371256776,143.2120480111243,-240.89702049960317
110.53110408947529,180.6117373203893,13.774000114229494,28.88964550802238,132.09782047979195,-229.73715634116982
111.11903407418988,182.91932396383746,9.681037012756597,37.605679654746844,120.67447819752213,-217.7136628342538
111.67777670381267,185.11618204681537,5.65341319457022,46.25808126335301,108.97560969797931,-204.87761437569037
112.18983367983196,187.18456703495494,1.6892451679541054,54.819992471365346,97.03672314805837,-191.2832806465652
112.64211831028693,189.1113576507684,-2.2112474781465465,63.26765661141608,84.89493010020391,-176.9876759556362
113.02608416084294,190.88814997243236,-6.045814553312368,71.5805311469226,72.58858204318942,-162.05011658057313
113.33765621115649,192.51117393623753,-9.810345508189528,79.74129277728903,60.15687652638747,-146.5317946715381
113.57699087082534,193.98105675065995,-13.499116755455304,87.73575086717742,47.63944933643822,-130.49537483867994
113.74809492749813,195.30246071546645,-17.105094995069578,95.55268659428941,35.07596786378857,-114.0046171408784
113.85833492105505,196.4836238760782,-20.620276464565407,103.18363512655569,22.505738693044577,-97.12402801390188
113.91786792048855,197.53583116100322,-24.03604404951068,110.62262699522296,9.967339895652833,-79.91853886411405
113.9390226732896,198.47284155510386,-27.34352683487218,117.86590292376933,-2.501714198339963,-62.45321070610686
113.93565708697719,199.31029389146815,-30.533949583098718,124.911614010455,-14.86527055052781,-44.79296238503335
113.92251446448012,200.0651104271023,-33.59896246346605,131.75951663105502,-27.088794327218388,-27.002319598531038
113.91459727305403,200.75491388506236,-36.53094387307222,138.41066897767215,-39.13958396965904,-9.14518207763434
113.92657382303057,201.39747041069583,-39.32327120664772,144.8671339779816,-50.98694441029187,8.715393172013565
113.97223030902241,202.01016812808194,-41.97055586016634,151.1316915894948,-62.60231905508511,26.51739382843077
114.06397835363978,202.60953882583635,-44.46883958443475,157.20756221818584,-73.95938127874373,44.200039650029495
114.21242651408862,203.2108287857077,-46.815749607095526,163.0981422970593,-85.03408591303636,61.70395447376018
114.42602308706027,203.82762384141742,-49.010609844337054,168.80675285136047,-95.80468069627322,78.97132097155412
114.710776815961,204.47153329268247,-51.05450520383832,174.33640210195327,-106.25167706631983,95.94601550951909
115.07006154552815,205.1519371166159,-52.95029564284603,179.68956370708082,-116.35777919824899,112.5737199423823
115.5045102290097,205.8758007970273,-54.702576503690025,184.86797297926864,-126.10776998203247,128.8020070562917
116.01200271787036,206.6475618024589,-56.31758190433523,189.87244418587835,-135.4883528517843,144.5803967087054
116.5877502301974,207.46909107360887,-57.80302878098743,194.70271269474293,-144.48794912570654,159.86038053911867
117.22447714026943,208.33973166029125,-59.1679006753711,199.35730611716622,-153.0964518519998,174.59541443092792
117.9126976862596,209.25641477474534,-60.42217257068582,203.83344861356298,-161.3049390774468,188.74087964628376
118.64108139300706,210.2138509854857,-61.57648096055631,208.12700208540832,-169.1053518879616,202.2540156385113
119.39689661017628,211.20479114661293,-62.64174674423175,212.23244705657993,-176.4901453721552,215.09382983558757
120.16651684754525,212.22034812364996,-63.62876224811352,216.14290467980948,-183.45192361709002,227.22099200801694
120.93596992750474,213.25036671361448,-64.54775736761927,219.8501995828614,-189.9830726972115,238.5977229834577
121.69150581869,214.28382570722687,-65.40796313933325,223.34496133892924,-196.07540805994273,249.18768923129832
122.42015584413083,215.3092531870015,-66.21719360238629,226.61676039325295,-201.71985443730074,258.95591600198634
123.11025422786287,216.31513427281214,-66.98146822028619,229.65427250900063,-206.90617713407678,267.86873208124416
123.75189303268124,217.29028994289666,-67.7046971026142,232.4454644132485,-211.62278303118669,275.8937586706339
124.3372836918646,218.22420650296482,-68.38844958883405,234.9777925007561,-215.8566077574348,282.9999533612219
124.8610026149106,219.10729784391162,-69.0318233748904,237.2384063071534,-219.59310220131462,289.15771763939983
125.3201046114492,219.93108675293095,-69.63142638310798,239.21434903710932,-222.81632696578887,294.3390729548617
125.71409577681607,220.68829698708245,-70.18147727414951,240.8927486852482,-225.50915775902465,298.5179062842737
126.04476647293576,221.37285418814116,-70.67402330952635,242.26099509090326,-227.6535984308762,301.6702816114741
126.31589442593074,221.97980049318284,-71.09926674959605,243.3069004225818,-229.23119187164826,303.77480914716415
126.53283697010136,222.50513428267004,-71.44598373967015,244.01884284456452,-230.22351280125562,304.81305978670423
126.70203931420684,222.94559230103073,-71.70201332661934,244.38589520820705,-230.61272111012252,304.7700086088895
126.83049168761781,223.29839583502738,-71.85478942813307,244.39794228258097,-230.38215033136493,303.63448846517133
126.92517179265224,223.56098531191162,-71.891885690036,244.045791090991,-229.5169033874354,301.3996331386007
126.99250981994297,223.73076832556774,-71.8015424783924,243.32127922849182,-228.00442717937185,298.0632893066443
127.03791130074771,223.80490465442765,-71.57314682342104,242.21738557021814,-225.8350389219377,293.6283776493169
127.06536846961814,223.78014845319794,-71.19763980464248,240.7283466112691,-223.00238024756655,288.10318581403385
127.07718402431087,223.6527628196156,-70.66783129230197,238.8497799623727,-219.5037797224402,281.5015793831562
127.07382282483192,223.418515847766,-69.97860863307845,236.57881448569384,-215.34051012841604,273.843121205117
127.05389791644268,223.07276066042544,-69.12703318679206,233.91422445052905,-210.5179331734409,265.1530941035608
127.01428807890974,222.61059536919973,-68.1123259527867,230.85656317901305,-205.04553068138804,255.46242670825055
126.95037563915203,222.0270930055441,-66.93575027414046,227.4082901636742,-198.93682728596866,244.80752660579955
126.85638616343866,221.31758666128653,-65.60040527443377,223.573884738032,-192.20921479183977,233.23002888396476
126.72580632338837,220.47799169501445,-64.11094790458345,219.35993915569026,-184.8836923567766,220.77647120556526
126.55185295867864,219.50514505687076,-62.47326405993944,214.77522438534348,-176.98453930974952,207.49790865096293
126.32796517957729,218.39714154818066,-60.69411014315371,209.83072298103514,-168.5389387031732,193.44948265535461
126.04829211178867,217.15364800388767,-58.780745823911445,204.53962489704057,-159.57656968199254,178.68995847387464
125.7081512752683,215.7761786881864,-56.740576834921,198.91728389997897,-150.12918561925306,163.28124484284726
125.30443619087502,214.26831827612597,-54.58082378220617,192.98113408547405,-140.23019297315273,147.28790803753793
124.83595615596029,212.6358822780028,-52.30822951511141,186.75056774019495,-129.91424326058817,130.77669056051062
124.30369575665108,210.88700828657684,-49.92881397402675,180.24677723929648,-119.21684772052986,113.81604244848528
123.710986177469,209.03217468212148,-47.44768194832635,173.49256471934675,-108.17402143792536,96.47567087399476
123.06358440076374,207.08414618909978,-44.86888610339,166.5121238575441,-96.82196115331197,78.8261115314807
122.3696597446073,205.05784781088508,-42.195345157725384,159.3307982191629,-85.19675886973306,60.93832339338622
121.63968977143804,202.97017014360318,-39.428815301570296,151.9748203588853,-73.3341517954037,42.88330691371598
120.88626943027019,200.83970994867587,-36.56991184935538,144.47103527673485,-61.269308166177474,24.7317447150563
120.12383849082775,198.68645028352495,-33.61817763322958,136.84661106547298,-49.03664804922208,6.553663243853732
119.368333082482,196.53138464375672,-30.572194633686934,129.12873879284132,-36.66969825662542,-11.581886196402294
118.63676770451622,194.3960896793721,-27.429735621838404,121.34432299079842,-24.200980867391937,-29.60712827735407
117.94675468171997,192.3022513363694,-24.187952949630002,113.51966371841378,-11.661935412334955,-47.45584689570056
117.3159689382424,190.27114994424142,-20.843601860515463,105.68013114554101,0.9171246548221283,-65.06365046386179
116.76156734411609,188.32311097362418,-17.39329561450353,97.84983405956014,13.507020167576288,-82.36821781310098
116.29957387201122,186.47693001428792,-13.833789175740051,90.0512846731119,26.079678014978732,-99.30952223726459
115.9442444138147,184.7492829778706,-10.162287100798508,82.30506360506911,38.60806570067035,-115.83003029596917
115.70742826966043,183.15413552657333,-6.376769562195733,74.62949086246583,51.06608881189962,-131.87487134550003
115.59794684808722,181.7021690882532,-2.4763281941149415,67.04031095404522,63.42845296150542,-147.3919734816282
115.62101371103785,180.40024426861646,1.5384992107519082,59.55040274395575,75.67049373059791,-162.3321617491614
115.77772337557852,179.25092566286233,5.66540897576796,52.16952708263431,87.76798051193252,-176.64921515378504
116.06463879291616,178.25209459468869,9.900043362101833,44.90412736158551,99.69690275778972,-190.29988022182752
116.47350868012043,177.3966777349686,14.235752818577318,37.75719963313891,111.433249725559,-203.2438405655649
116.99114540952,176.67251945054488,18.663429016491982,30.728249511340124,122.95279710555803,-215.4436440511581
117.59949155772944,176.06242373495095,23.17142929473382,23.813352445445773,134.2309155983737,-226.8645916075684
118.27589819159292,175.54438740819307,27.745611868542383,17.00533190591965,145.24241728819163,-237.47459428896718
118.99363040263091,175.09203982010612,32.36949809881003,10.294066407590478,155.96145528341575,-247.24400770337212
119.72260558917648,174.67529561599048,37.024573168406185,3.666931099321303,166.3614904014887,-256.1454551212236
120.43035786159228,174.26121650191737,41.69072972658481,-2.8906269941043945,176.41533561047655,-264.1536522491832
121.08320829570067,173.81506588015793,46.34685069586041,-9.394388792449313,186.09528459609214,-271.245247589745
121.64760639794903,173.30152742046317,50.971517938655325,-15.860555262666331,195.3733254367699,-277.398692341013
122.09159407407171,172.68604596885177,55.543823487222674,-22.304857644590854,204.2214343208538,-282.594152825665
122.38633072452052,171.93623765813805,60.04425032235416,-28.741619688853497,212.61193802062434,-286.81347645637976
122.50760795818195,171.02330668593555,64.4555810958162,-35.18281254316268,220.51792801065315,-290.04021932337565
122.4372758657147,169.92339990901556,68.7637865769011,-41.637147668358615,227.91370425633497,-292.2597397956702
122.16450067334384,168.61882794336407,72.95884172435834,-48.10925531406789,234.77522332360095,-293.45935831155265
121.68677645621442,167.0990833737577,77.03541672151877,-54.59899521589367,241.08052397702247,-293.6285791073434
121.01062160614468,165.36159315588452,80.99339339547554,-61.10094210706454,246.81010407368805,-292.75936534251747
120.1519036805233,163.41215315703087,84.83816419503117,-67.6040814544505,251.94722535154054,-290.8464552695075
119.13575345111427,161.26500747612388,88.5806810289464,-74.09174089932736,256.4781274606788,-287.88770407906685
117.99604938923801,158.94255281843135,92.23723415537785,-80.54177083285222,260.39213889712266,-283.88443407140795
116.7744761396867,156.47466761572372,95.82895609402551,-86.92697419832515,263.6816798087919,-278.84177501206995
115.51918324212625,153.89768545383893,99.3810611485047,-93.21577195071382,266.3421592859981,-272.76897697570394
114.28309190346428,151.25305132432484,102.92184643913289,-99.37307762279484,268.3717770268514,-265.6796795959821
113.1219165489945,148.58571596036825,106.48149423984678,-105.36134309303065,269.77124553057166,-257.5921242603247
112.09198294891544,145.9423369480332,110.09072690237039,-111.1417287234046,270.5434536856701,-248.52929916581357
111.24793502115587,143.36936460691408,113.77937396815173,-116.67534511600095,270.69309542381916,-238.51901098588795
110.64042743832849,140.91109534367035,117.57491572945003,-121.92451113885966,270.22628784819983,-227.593880860275
110.31390082494454,138.60777520553927,121.50106833302485,-126.85397362218237,269.150201973907,-215.79126619873426
110.30453093667131,136.49383196776762,125.57647266363031,-131.43203798108289,267.4727261903996,-203.15311310542774
110.63843343616651,134.59630586286772,129.81354311850612,-135.6315655020315,265.20217818226484,-189.7257468710654
111.33019265637816,132.93353782217355,134.21752362540516,-139.43080148744122,262.3470758383332,-175.5596098056326
112.38176717823958,131.51416082471357,138.78578764789802,-142.8140081349913,258.91597219838474,-160.70895664009137
113.78180830143145,130.33642565412768,143.50740730256487,-145.77188616464184,254.91735427006623,-145.2315178338862
115.50541066513328,129.3878780319584,148.3630049048916,-148.3017790730366,250.35960106648395,-129.18814047979086
117.51429834484135,128.64539057763653,153.32488899159551,-150.4076628812997,245.2509928237834,-112.64241524487822
119.75743546882657,128.0755410125992,158.3574667197973,-152.09993188845468,239.5997612794437,-95.6602961102907
122.17203826740628,127.63531792489847,163.41791592099727,-153.39499696765571,233.41417019995876,-78.30971777253714
124.68495572900301,127.2731274540748,168.45709320142964,-154.3147172448983,226.70261597534025,-60.66021364708695
127.21437867626858,126.93006843209226,173.4206493586556,-154.88568864592165,219.47373985799072,-42.78253565388993
129.67183186495828,126.54143961941602,178.2503198962744,-155.1384139905171,211.7365460297828,-24.748275523665836
131.96440025810418,126.03844035238833,182.88535631387597,-155.10637935847785,203.50052278243606,-6.6294863629052045
133.9971384520043,125.35002472318848,187.26406280096023,-154.8250607080173,194.77576730983938,11.501697263402143
135.6756108154079,124.40486886803063,191.32540261797485,-154.3308835680817,185.57311755271667,29.573442395295928
136.90850877569972,123.13341058968993,195.0106384680064,-153.66015739459354,175.90429685158028,47.51460492447027
137.6102904724299,121.46992001162806,198.26497127008736,-152.8480051594359,165.7820785516899,65.25512093604759
137.70378647121345,119.3545589979369,201.0391417467573,-151.92730812560401,155.22047793780388,82.72640052441407
137.12271333930497,116.73538557203068,203.2909590490376,-150.92768564649936,144.2349778227218,99.8617206479167
135.81403476372662,113.57025758793225,204.98672028819954,-149.87453020122837,132.84279174126252,116.59661164664827
133.74010786162393,109.82858767820386,206.1024844639578,-148.78811862922697,121.06316509512637,132.86923015917975
130.88055085965226,105.49289939647005,206.62516410489314,-147.68282145944937,108.91770995168285,148.62070952666767
127.23376798533586,100.56013298399802,206.55339827428,-146.56643307738116,96.43076383413859,163.79547755739208
122.81806884997435,95.0426488864957,205.8981717886105,-145.439645932923,83.62975716612053,178.34153091650904
117.67232342708131,88.96887861739158,204.68314789941044,-144.2956917464141,70.54556854681174,192.2106555529024
111.85610047378094,82.38357635578915,202.94468562189905,-143.12017141924798,57.212842283433275,205.3585835779689
105.4492472795754,75.34763122504903,200.73151860728987,-141.8910928475068,43.670239156872526,217.74507891381955
98.55088211494007,67.93740980243146,198.10408009398435,-140.57913189556064,29.960589770186125,229.33394679853342
91.27778758113053,60.2436111236262,195.13346804416648,-139.14812633632647,16.130920462613503,240.09296576537207
83.76221282803137,52.36963207467325,191.90005592333597,-137.55580565169842,2.232324953671779,249.99374480898064
76.14911460218292,44.4294591341872,188.49176738304755,-135.75475139044218,-11.680339294972052,259.0115128515142
68.5928903286545,36.54512219294319,185.00204685917618,-133.69357361914132,-25.548942686704443,267.12485200073013
61.25367970399009,28.843766638322727,181.52757213656335,-131.3182793215744,-39.31276531807759,274.31539009379424
54.29333321726553,21.45441985923467,178.1657684656285,-128.5737989586516,-52.909359369161635,280.56747128218916
47.87116520084,14.504546501321627,175.01219597762585,-125.40562842307587,-66.27556985945745,285.86782560408267
42.13962407975199,8.116501871348014,172.15789204826456,-121.76153596446521,-79.34867939433684,290.2052593450092
37.240022252215304,2.404003643411805,169.6867570786542,-117.59327794396765,-92.06763176171856,293.57038733895325
33.29847159592252,-2.5312525345842403,167.67307521081312,-112.85826403160422,-104.37428088722503,295.9554261646082
30.422167439139326,-6.602708471190468,166.1792602973095,-107.52111206049321,-116.21460657465718,297.35406353655935
28.69615389087069,-9.741671624253584,165.2539118002352,-101.55503537440738,-127.53983724666645,297.7614143032164
28.18068708904414,-11.899550651325818,164.9302553157372,-94.94301108921115,-138.3074228348241,297.17406768727193
28.909291050068045,-13.049511237742614,165.22502854272128,-87.67868593449096,-148.4818079525624,295.59022417499995
30.88757462466933,-13.187487871734298,166.13785647409773,-79.76698672640205,-158.0349660518311,293.0099142633539
34.0928491090411,-12.332513050307647,167.65114036848865,-71.22441434836942,-166.94666861266546,289.43528559800467
38.47455600720612,-10.526352713546338,169.73046480393566,-62.07901257683635,-175.20447848879965,284.870940327651
43.95548498151939,-7.832463883663614,172.32550702801103,-52.370015354301486,-182.80347212846152,279.32430112006546
50.433734721231524,-4.334315970089989,175.3714140573993,-42.14718741385364,-189.74571027949156,272.80598247427554
57.785345601655926,-0.1331396451965574,178.79059654901525,-31.469882871521694,-196.03948984445154,265.33014382125947
65.86751354171284,4.654814434159093,182.49487513244577,-20.405854102359367,-201.69841985339852,256.91480238916034
74.5222799302232,9.901411130643183,186.3879051360006,-9.029848716485139,-206.7403714390801,247.5820867396776
83.58058299805644,15.470055923324196,190.36779961724034,2.5779641917689986,-211.18635493351357,237.35841597141211
92.8665513048001,21.21930105489082,194.32986818789433,14.333695868342051,-215.05937680000827,226.27459446685788
102.20191951432328,27.00652458175209,198.1693899112447,26.151525111341073,-218.38332542095765,214.3658173273134
111.41044958485394,32.6915781579049,201.78434198004862,37.94552908540037,-221.18192838003722,201.67158688850404
120.32224602818665,38.14030608678962,205.0780112884598,49.631517264913455,-223.47781557375697,188.23554556844
128.777861160072,43.22784673300046,207.96142272480904,61.128829304563595,-225.29171310857788,174.1052344586498
136.63209454369093,47.84163700437716,210.35552543720104,72.36205855004627,-226.6417833246106,159.33179030217656
143.75739959281424,51.88405066739611,212.19308600448244,83.26266332316473,-227.5431171947261,143.96959566511578
150.04681925906235,55.27461133011957,213.4202451005414,93.7704281045394,-228.00737740189527,128.07589815076153
155.41638183727784,57.95173083688846,213.99770177855024,103.83473654906624,-228.04258405136557,111.71041445003092
159.80689737008962,59.87393360829468,213.90149700678663,113.41561831818554,-227.65303049690033,94.93493396145413
163.18510528158723,61.02053735057311,213.1233757790036,122.48453252478535,-226.8393142402363,77.81293478806008
165.54413519066512,61.391770890322675,211.6707153017207,131.02485272993758,-225.5984672235973,60.40922230507681
166.90325583647405,61.008321043642226,209.56601574412207,139.032022447541,-223.92417085956353,42.789597387661466
167.30690210671406,59.91031274049898,206.84596008362624,146.51335644150993,-221.8070435009615,25.02055800384268
166.82298754418227,58.155740307730824,203.56006082779194,153.48747201007575,-219.23499133178342,7.169034426880273
165.54052942237792,55.81838288507295,199.76892379780952,159.98334598540254,-216.1936173880591,-10.697844982615726
163.56663522387078,52.98525317800909,195.5421724575455,166.039007112315,-212.66668709560972,-28.512963425349504
161.02292248302848,49.75364563750297,190.95608996851627,171.69988930271097,-208.63665183760185,-46.20940914362641
158.04146748069851,46.2278669269821,186.09104952312643,177.0168882128421,-204.0852341654436,-63.72066280624668
154.7604009154672,42.51574719017316,181.02881565234156,182.04418064101495,-198.9940789271675,-80.98078966266866
151.3192889077416,38.725044005646936,175.84980909876015,186.83688219900193,-193.34547349079347,-97.92464713255488
147.85445389386132,34.95986078380352,170.63043445035072,191.44863228932144,-187.12313720300529,-114.48811725073617
144.49440054554302,31.31720657026139,165.44057208959657,195.92920536200364,-180.3130752340035,-130.6083711093549
141.35551541200428,27.883823804392662,160.34133337921202,200.3222526085164,-172.90448520859252,-146.22416922377477
138.5382044976528,24.73340390601038,155.38316994478083,204.6632778195122,-164.89069692254134,-161.27619778643054
136.12361993992454,21.92429742526913,150.60441439806846,208.9779445973629,-156.2701166242303,-175.70743633858612
134.1711054440162,19.497806194706214,146.03031130074373,213.28079943427753,-147.0471386313854,-189.46354784250215
132.71646094722647,17.477120302447034,141.67257449271062,217.57447679235463,-137.23297942152925,-202.49327788707382
131.77109157353325,15.866934090970261,137.5294814195526,221.84942918910758,-126.84638381389266,-214.74884624604485
131.32206632815488,14.65374450948849,133.58648843618772,226.0841987652208,-115.91415044050603,-226.1863116428444
131.33307062729318,13.806804002582012,129.81732507365157,230.24621858255907,-104.47142521398408,-236.76588970890307
131.74619633353313,13.279670777266588,126.18550179082996,234.29310384865815,-92.56171749070417,-246.45220498549858
132.4844761240657,13.012273715515775,122.64614649517749,238.17436729585458,-80.23660426335547,-255.21446049403482
133.45503813932845,12.933389048091499,119.14807148710304,241.83347082639352,-67.55510270572637,-263.0265127876682
134.5527338382362,12.963412379845565,115.63596538678755,245.21010875079688,-54.582709949744256,-269.86684621660424
135.6640780538838,13.017303390867085,112.052604420901,248.24260756869083,-41.390129862445406,-275.7184469383294
136.6713358699926,13.007581554555571,108.34098398644063,250.87032386004955,-28.051728189893392,-280.56858440003987
137.45659580679458,12.847258940178875,104.44628392886398,253.0359255462418,-14.643777901552568,-284.40851495463585
137.9056818735311,12.452609514531204,100.31759826278571,254.68745212326616,-1.2425740042395326,-287.2331282795746
137.91177667452988,11.745691844866357,95.90938056988392,255.7800655999161,12.077490240100907,-289.04056175142694
137.37865189568862,10.656562020107444,91.18257827236407,256.2774245704352,25.245787250145558,-289.8318104267193
136.22342889833942,9.12513417268714,86.10545059804215,256.1526376389537,38.19716127824164,-289.61036051906353
134.37881858297627,7.102665524466232,80.65408462447692,255.3887776737749,50.873386584189404,-288.38187219516635
131.79481416321946,4.55285996893835,74.81263985171779,253.97896345245155,63.22430193626782,-286.1539333187297
128.4398314245561,1.452597771551325,68.57336318706099,251.92603858359558,75.20856589322841,-282.93589984183996
124.30130738020925,-2.207691607996054,61.93642233623011,249.2418977418972,86.79400145046783,-278.73883143282126
119.38577953029889,-6.4239914463367995,54.909606159202454,245.94652605634394,97.95752471880408,-273.5755232937121
113.71847434991157,-11.178971174678253,47.50793582869346,242.0668280859092,108.68467816507422,-267.46062764371663
107.34243591726458,-16.44255011051098,39.75322135753755,237.63532770022272,118.96881247590068,-260.41085166570497
100.31722495808268,-22.172734545512682,31.673585393069587,232.68881924650213,128.80998049312214,-252.4452133598914
92.71721656885748,-28.316716223031264,23.30296160754954,227.2670439235472,138.21362055189365,-243.58533309188573
84.62952318439088,-34.81222453542743,14.680560270745168,221.4114539858158,147.18911414379045,-233.85573684596412
76.15156962437456,-41.589126942261196,5.85028049298262,215.16411230446317,155.74830395168064,-223.28414729237414
67.38835069698906,-48.571270913191505,-3.1399610699046576,208.5667572455821,163.9040533718998,-211.9017405720211
58.44940983093518,-55.678555237343424,-12.239020031843047,201.6600443156002,171.66891856302666,-199.74334987668652
49.44558994305349,-62.829208392795934,-21.393466317251566,194.48295818973438,179.05399011645008,-186.84760105296033
40.48562492501027,-69.94223699332525,-30.548704222735573,187.07237317185024,186.0679451210014,-173.2569701375415
31.672660710578583,-76.93998891254806,-39.65028182287564,179.46272826996537,192.71633322935918,-159.01775750955878
23.100817112113106,-83.75075494524243,-48.64538079735696,171.68577606954767,199.0011037679433,-144.17997784375103
14.851923128657406,-90.31131177858822,-57.48445324266396,163.7703632179301,204.9203661856026,-128.79716897848655
6.992576431133054,-96.56929001741405,-66.12294540649813,155.74220488787665,210.46836412996217,-112.92612598868237
-0.4283107657459446,-102.48523667447624,-74.523022213474,147.62362581463273,215.63563474707217,-96.62656910269935
-7.381315117436266,-108.03423452674384,-82.65518391103942,139.43325557300014,220.40931964173612,-79.96075564853697
-13.85750025106651,-113.20694338907352,-90.49965017361106,131.1856842958162,224.773592205702,-62.99304706526436
-19.86847824504072,-118.00994243178226,-98.04738033009508,122.89110514966045,228.71016733610543,-45.789442328752216
-25.445440684316374,-122.46527908067944,-105.30060322730951,114.55498931414557,232.19886333019363,-28.41708909772985
-30.637116592047356,-126.60916862963813,-112.27274795255644,106.17785547749284,235.218191221844,-10.94378365666513
-35.506677177559304,-130.48983807729604,-118.98769743499444,97.75520649308588,237.74595322171945,6.562529551340734
-40.12767801037617,-134.1645652096897,-125.47832976005729,89.27770863551804,239.75983844569404,24.03424827399408
-44.57920309159234,-137.6960257217517,-131.784364429732,80.73168220379793,241.23801004131104,41.40458239946646
-48.940446465786515,-141.1481223461878,-137.94958905186957,72.09995522929245,242.15968254541747,58.6079935209943
-53.2850290052496,-144.5815250383288,-144.01860122046068,63.36310501589437,242.50569137988157,75.58059460677931
-57.675394268256284,-148.0491945798762,-150.0332551038923,54.501076655219336,242.25905755102022,92.2605010863355
-62.157651966037264,-151.59218823304622,-156.02904670015968,45.49512626608789,241.40554978936754,108.58812599378531
-66.75723595771703,-155.2360510109657,-162.03170041225147,36.329993384316666,239.93424366908474,124.50641377680257
-71.47571316840954,-158.98807700884007,-168.05422809506794,26.99616639323753,237.83807297769235,139.96101003714355
-76.28902019831429,-162.8356813869364,-174.0947171704657,17.492072227378223,235.1143632178144,154.90036776133118
-81.14731823330457,-166.7460566847747,-180.13506602761748,7.826001672894288,231.76533118462874,169.27579434380073
-85.9765495456816,-170.6672012726035,-186.14082434392506,-1.9824215797564442,227.7985287280182,183.0414475945343
-90.68165824984706,-174.53030922673042,-192.0622172461501,-11.901403925674245,223.22720376520115,196.15429254827046
-95.15131379619476,-178.2534077984173,-197.83634166114436,-21.886916956877638,218.07054803496317,208.57403379386182
-99.26385868148823,-181.74602997463688,-203.39042873645627,-31.883491266311985,212.3537995926735,220.26303976280863
-102.89410266467233,-184.91462451807166,-208.6459766884089,-41.8258884074984,206.10816914076122,231.18627559466802
-105.92051379854126,-187.6683425102225,-213.52348263481022,-51.64159594584132,199.37056331295597,241.31125961853738
-108.23231889767962,-189.92480411200796,-217.94744758132344,-61.254016113197565,192.18308511740227,250.60805516429525
-109.73602657400696,-191.61544565297325,-221.85130142289697,-70.58615223079221,184.59230178013092,259.04930459013354
-110.36092493230804,-192.69007578318394,-225.18189752025427,-79.56454621499128,176.6482828276233,266.61030656958695
-110.06317994623325,-193.12032755318816,-227.90325890296305,-88.12319100146757,168.40342573153515,273.2691314925615
-108.82826259894358,-192.90177526896642,-229.99931708053515,-96.20713714496088,159.91110186733886,279.006764074498
-106.6715536830768,-192.0545828710935,-231.47546371820718,-103.77553386607235,151.22417074540718,283.8072577056279
-103.63710385718963,-190.6226551604696,-232.35882697586754,-110.80388917750022,142.39342415009884,287.65788235428465
-99.79465206947431,-188.67136496862886,-232.6972790549213,-117.28539656316119,133.46603263016786,290.54924738616086
-95.23511769027418,-186.28401975570063,-232.557270503704,-123.23125018860901,124.48407348857465,292.4753825954577
-90.06487255213526,-183.55730332630543,-232.02066231330187,-128.6699489500849,115.48322103664177,293.4337648565334
-84.3991631824896,-180.59597804094312,-231.1807830060605,-133.64566397825226,106.49167580914137,293.4252835803238
-78.35508840704152,-177.50715843808365,-230.13797151206953,-138.2158076170411,97.52939957780015,292.45414484806724
-72.04454362542191,-174.394469532398,-228.99487704716788,-142.44798923220966,88.60770779680311,290.52772081747173
-65.56752319447153,-171.35238530186328,-227.85177630302235,-146.41657148355466,79.72925155677548,287.6563568763727
-59.00613091677469,-168.46100951946158,-226.80213982080727,-150.19904923727813,70.88839867621884,283.85315330696983
-52.419590844083906,-165.78151719997965,-225.928638435807,-153.8724635233669,62.072000022934986,279.13374040245594
-45.84048174438231,-163.35242538578618,-225.299732559718,-157.51003793587216,53.260504481853495,273.5160658299593
-39.27234338354541,-161.18681079597627,-224.9669368914214,-161.17818876518635,44.42936606391878,267.0202106589486
-32.6887251397666,-159.27054179135249,-224.96280509442548,-164.93401748993404,35.55067111196047,259.6682462642053
-26.033670447153114,-157.56154463522643,-225.2996359737611,-168.82334942715656,26.5949035935758,251.48413887950875
-19.22355660437597,-155.99007955164188,-225.96886630567582,-172.8793391198327,17.532762709029775,242.49370266222374
-12.150140862356984,-154.4599603839593,-226.94108610348755,-177.12162433073297,8.336949502806316,232.72459648829377
-4.684603007961734,-152.85061253330122,-228.16658927622208,-181.5559782458316,-1.0161527191250883,222.2063550109248
3.3176748403181477,-151.019827745667,-229.57635549957251,-186.1743847068845,-10.544966671120854,210.97044129976106
12.011884704628606,-148.80704281715822,-231.0833469271846,-190.95544431115724,-20.261424735992748,199.05030693308063
21.558433105846902,-146.0369454249132,-232.58399592854516,-195.86500987740368,-30.169917296176827,186.48144580863433
32.11774218157249,-142.5231984421666,-233.95975800441482,-200.85694768479667,-40.26649785110091,173.30143001272933
43.84546886906816,-138.07207949025502,-235.0786090113877,-205.87392561722424,-50.538341458416774,159.54991949584542
56.88832921463784,-132.48586030222876,-235.79638023940387,-210.84814055809156,-60.96344035886707,145.26864156603546
71.38061549844534,-125.56580462115393,-235.95785154677796,-215.70191488854158,-71.51051173927308,130.50134077913495
87.44137145245074,-117.1147449988214,-235.39756421863638,-220.34811563166693,-82.13908793379358,115.29370411196095
105.1720567110797,-106.93930504519098,-233.94037292687727,-224.69037947974493,-92.79975903665672,99.69326984338113
124.65440226340748,-94.85195622312509,-231.40182952421006,-228.62316217976152,-103.4345415919874,83.74933091262767
145.94805470180845,-80.67322332799212,-227.58857685764926,-232.03167053652845,-113.97735410542218,67.51284438700768
169.0875511211415,-64.23446124581052,-222.29902119321088,-234.7917778291768,-124.35458968396836,51.03635790709339
194.07818007243512,-45.38169471927026,-215.3246362506913,-236.7700659337555,-134.48578705447042,34.37396160268392
220.89038334197198,-23.981019087949054,-206.45231591384064,-237.8241760099484,-144.28441230296778,17.58127016079554
249.45254550304043,0.07401730081652858,-195.46821988206443,-237.8036793153519,-153.65877362213732,0.7154347928396732
279.642297080442,26.852802259583605,-182.16353019194293,-236.55169486431424,-162.5130988628395,-16.164820765088905
311.2768011609715,56.3758456753489,-166.34244259979698,-233.90747531063593,-170.7488095558223,-32.99915184545734
344.1028649018846,88.60114309397567,-147.83254704641604,-229.71015117164166,-178.26602426689126,-49.72554898099892
377.7880657162902,123.4095061669712,-126.49750660889137,-223.8037623498039,-184.96531790714425,-66.2803198036851
411.9143479595634,160.59006230140773,-102.25163686460112,-216.0436133771349,-190.7497515398219,-82.59812063872099
445.9756706970508,199.82748395035398,-75.07564269207624,-206.3038669422868,-195.52716937883525,-98.61206239083322
479.3812213710864,240.69274594983182,-45.03242467616492,-194.48614536312144,-199.21273668771306,-114.25391366535925
511.46542454016225,282.6392665979653,-12.28156919410926,-180.5287526286636,-201.7316654002464,-129.45441999923912
541.5054683563487,325.0061196407769,22.909064382347538,-164.41597562115697,-203.02204534834033,-144.14375172660493
568.7463765305125,367.02959052956294,60.15630169884987,-146.1867905307917,-203.03767040545824,-158.25208475177374
592.432836145369,407.86370514218135,98.96067389902996,-125.94220906902251,-201.75072345494357,-171.71030893672486
611.8461454293974,446.6095329275288,138.71269527448572,-103.85046756261349,-199.15416488473267,-184.45084871034368
626.3438804226221,482.3521430974939,178.70708142818367,-80.14930512008948,-195.26365921121948,-196.40857075287522
635.3993059899972,514.2031807043725,218.1649278086964,-55.14470278732496,-190.11887593367516,-207.52174511206346
638.637268839965,541.3462482659781,256.2631158475081,-29.20566285436402,-183.78401553148444,-217.7330197023365
635.8633692253625,563.0817399725456,292.1694551617378,-2.7548847499823523,-176.34744027104392,-226.9903644978869
627.0836302752757,578.8675663108502,325.0813979259095,23.744480537850023,-167.92033150981104,-235.24794127886818
612.5126360509576,588.3523739667651,354.2656646184222,49.80547230125839,-158.63434838279184,-242.46685765540616
592.5691111860087,591.3984065610094,379.09587081280506,74.93650784705696,-148.63832369019718,-248.6157700833353
567.8590500309144,588.0920127293184,399.08528550482015,98.66199572269726,-138.09409690554548,-253.6713092059472
539.1476360689142,578.7408917960223,413.91218900753137,120.54307221177096,-127.17164618683272,-257.6183113646209
507.3221883969032,563.8583462790853,423.4359003522513,140.19708977206625,-116.04373557058393,-260.4498516114331
473.3491172713836,544.1359459475333,427.7023433567663,157.31454178856205,-104.88033499239654,-262.1670850566761
438.2282876097646,520.4069704348276,426.9389248824448,171.67228610287484,-93.8430951806242,-262.7789139614612
402.948246430749,493.6036840850939,421.53940439355193,183.14221328338397,-83.0801640305,-262.30150684480816
368.4454838160074,464.7118457520456,412.04024002995175,191.69486505909896,-72.72161479954772,-260.7577024263845
335.5703254477906,434.72585213585245,399.0905193123771,197.3979057052921,-62.87572034104457,-258.176335133798
305.0612868408099,404.6075853605229,383.4179661480967,200.40974287533678,-53.62625445929993,-254.59152008730533
277.52885895329604,375.2514501307996,365.7936370127718,200.96894478263056,-45.03093576961567,-250.04193409184322
253.44884522992803,347.4573332271073,346.99778849565973,199.38037498379697,-37.12105673208322,-244.5701255590247
233.1646202209732,321.91239767409974,327.7890549842008,195.99914211437317,-29.902266879628286,-238.2218809161509
216.89709444425904,299.1818298042832,308.8785786581813,191.213530161268,-23.356410635688547,-231.0456684552868
204.7607847016654,279.7079670078258,290.9101537709903,185.42803825997018,-17.444261757691663,-223.09217324704895
196.78421007828973,263.816700376585,274.4468527717858,179.04753163665677,-12.108952381213598,-214.41392914962933
192.93284267498987,251.72969585181926,259.9640535026779,172.46330931228505,-7.279867374485676,-205.06504646032616
193.13300165309494,243.58081035815468,247.8483296682499,166.04165610423618,-2.8767650718967985,-195.1010266663722
197.29534167692253,239.43507518490213,238.40132803935944,160.11519353689602,1.1861073432130382,-184.57864925171967
205.33690148032312,239.30874240120002,231.84754426108873,154.9771011426686,4.996113657309294,-173.55590973532347
217.20099727981344,243.18909863606123,228.34481777908337,150.8780659301139,8.638720138992781,-162.09198314495973
232.87452867955201,251.0530002723475,227.9963766392275,148.02564679020114,12.194514203737256,-150.24718304290434
252.40248076805847,262.8833351909499,230.86334911216196,146.5856189478509,15.736840965537027,-138.0828831116573
275.8995347290169,278.68283641826173,236.97679324222526,146.68479187083204,19.330103746815247,-125.66136630369127
303.55872958921793,298.4848396375768,246.34845113455853,148.41476821061755,23.028733225601076,-113.04556584848919
335.65704748287004,322.3606769270341,258.97959028325437,151.83612411635644,26.876794206226457,-100.2986632386138
372.5576296229156,350.4234306168327,274.8674341941075,156.98253390060518,30.90817054606852,-87.48351100575242
414.7080833245586,382.8277404642674,294.0088009867579,163.86442579481223,35.14724818546581,-74.66185302472252
462.63403371425494,419.7652797054491,316.4006609271675,172.4718327741488,39.61000330625556,-61.893322668111274
516.9267392368546,461.4554143038208,342.0373979835596,182.77618731964202,44.30539649114225,-49.23420979259225
578.2232723474293,508.1304657686099,370.9046280980374,194.73089774410295,49.23697297823497,-36.7360016273903
647.1775250424457,560.0149489635007,402.9695035085474,208.27063447418067,54.40457203395742,-24.44372036123934
724.420207562368,617.2981954242161,438.16753581535784,223.3093470302367,59.80605339233786,-12.394101535692505
810.5061551341678,680.0999455389408,476.38611801955176,239.73712668897724,65.43895410675094,-0.6136818078066284
905.8477359610638,748.4288432133399,517.4451319610785,257.41612615399515,71.30199390748776,10.883108715664441
1010.6340522000605,822.134329222519,561.0753008610977,276.17584523498755,77.39635070756515,22.095727147086556
1124.737009101436,900.8532213461251,606.8952859907166,295.80818804526007,83.72663040041697,33.03902356488587
1247.6072134646233,983.9532791330549,654.3889181398301,316.0627877635374,90.30145744914392,43.74430314242666
1378.1649954831964,1070.4772281082273,702.8843696055974,336.643172204536,97.1336165768697,54.25976350666676
1514.6944746614704,1159.0919640512736,751.5374655583419,357.2043975541957,104.23968327366345,64.65012591763028
1654.7512437171333,1248.0488230585981,799.3216443167244,377.3527971848736,111.63909421923569,74.99529458643234
1795.0965429655414,1335.1616913423063,845.0272325654514,396.6484654920576,119.35263030363781,85.38791324935202
1931.6722689536305,1417.8101131227413,887.2726286042109,414.6110123875709,127.40031626241057,95.92974374849067
2059.6312918485132,1492.9742053979014,924.529616419765,430.72897487247616,135.79878238597033,106.72686756568051
2173.43587173218,1557.306910568858,955.1643187014784,444.4730558417346,144.558184005783,117.88380515175322
2267.0331294791376,1607.2467996444386,977.4942260535985,455.31308218504284,153.67883021676545,129.4967536769273
2334.1104560241242,1639.1712960471812,989.8603486685272,462.73824839059625,163.14772927052945,141.64625277250067
2368.4256889405096,1649.5860034524255,990.7119175750113,466.27986148817064,172.93530727974348,154.3896887843078
2364.1974976398296,1635.341151459687,978.6993635023897,465.53545985613886,182.99259134662896,167.7541284446557
2316.531734621999,1593.8615468916182,952.7697174114749,460.19287964055115,193.24916010049816,181.7300201705388
2221.8508629003113,1523.3724786817857,912.2573294754047,450.05262782277464,203.61214744317948,196.2663047268196
2078.287416776592,1423.1014448180931,856.9621115416571,435.0468269170666,213.9665353637974,211.26742974535114
1886.0001417149176,1293.4349474082474,787.2075525871489,415.25305101984975,224.17688921536177,226.5926628385575
1647.373962836312,1136.0113393454992,703.8716446647436,390.90159092719705,234.090578649914,242.05795036987763
1367.072611855683,953.7349104075466,608.3855934042646,362.3750640526026,243.54239888002002,257.44038441624014
1051.925188927876,750.7028206006253,502.6976596680314,330.19980005089997,252.360373245596,272.4851358396512
710.6439345972958,532.0445091543965,389.2024598656438,295.0290436511155,260.3723946389782,286.91450732552295
353.3881383231312,303.681911541607,270.639221910511,257.6186652784495,267.4132657204628,300.43857874120965
-8.793907471043724,72.02710833808175,149.9654806892854,218.79669174628637,273.3316393886892,312.7667785931311
-364.59906067470405,-156.35919879202802,30.215131707926133,179.4284969924812,277.9963506319282,323.61963560125315
-703.1248748047306,-375.1206755338935,-85.64866740718821,140.37986790853247,281.30167172466264,332.7399525567155
-1014.4893398618534,-578.4408542106931,-194.87475521883255,102.48034025501632,283.17111118547035,339.9027016554834
-1290.361897128927,-761.334188612981,-295.0490225160129,66.48916406226348,283.55950318594927,344.923059160915
-1524.3631912980986,-919.8706610617006,-384.1945812874522,33.0660114130562,282.4532835593763,347.66216319489433
-1712.3059762441071,-1051.3191408918979,-460.8408642305316,2.7481110785535066,279.86900386791706,348.0303724008261
-1852.266952392469,-1154.2031518322738,-524.0584779113727,-24.0650666773395,275.85027864549596,345.9880037103359
-1944.4966873339627,-1228.2713017226915,-573.459770255895,-47.1190832427651,270.4634777303499,341.54371380473594
-1991.189924052461,-1274.3923000520301,-609.1679785286204,-66.30390538969391,263.7925546034407,334.75084379867826
-1996.1497870318874,-1294.3903896925801,-631.7601914213934,-81.64609667390704,255.93343739543405,325.70215816309025
-1964.3856617991382,-1290.8406244002988,-642.1909785057813,-93.29500639888172,246.988402003657,314.52347113544494
-1901.6856615933812,-1266.8445751424586,-641.7043177702107,-101.5044526742393,237.06080199599864,301.36666719458077
-1814.2011547459547,-1225.80593326172,-631.7414079337896,-106.61155154067353,226.25045693641488,286.40259224349353
-1708.073906035214,-1171.2225547044188,-613.8512045520441,-109.01434253573774,214.6499108462288,269.81422837610523
-1589.127381490466,-1106.5073784620313,-589.6092527326919,-109.14972285114598,202.34167747786864,251.79047897366684
-1462.6341154912793,-1034.8460232283555,-560.5488216948706,-107.47295938434524,189.39649947022136,232.52079415871071
-1333.161998634923,-959.0943329269087,-528.1066924833169,-104.43973858865473,175.87257246539792,212.19076997811368
-1204.4948436492248,-881.7151874144449,-493.58439517580825,-100.49137679857105,161.81562808844384,190.9787665977767
-1079.617159413853,-804.7508316205972,-458.1243733024532,-96.04348343627808,147.2597334153881,169.05351712329204
-960.7498609255342,-729.8249401420685,-422.6995527765918,-91.4780738064348,132.22864848964366,146.57264254379677
-849.4225006917327,-658.1676053953393,-388.1141384526877,-87.13888580687697,116.73758474647957,123.68195043812295
-746.5681431104387,-590.6562808120091,-355.01313644584724,-83.32947547817021,100.79522163740707,100.5153742820001
-652.6287274643737,-527.8662221244916,-323.8980553097498,-80.31355141637985,84.40586147640789,77.19540397038094
-567.6611730144422,-470.1249206447076,-295.14640657244007,-78.31695285641483,67.57162880131386,53.83386335661411
-491.4371243878818,-417.5661948200524,-269.03293208957064,-77.53067166940372,50.29464620494678,30.53290389516559
-423.5317696779965,-370.180817900688,-245.75086409399455,-78.11435352718141,32.57914042751355,7.386101768539225
-363.39935516864557,-327.8616757731928,-225.43191722577382,-80.19977681028172,14.433448403752926,-15.520433429187419
-310.43474664512263,-290.4423855449752,-208.16407885870828,-83.89388943276737,-4.128098075784614,-38.107009311467536
-264.02161560051684,-257.7290230954373,-194.00657916153702,-89.28107566637064,-23.083428373033218,-60.29941146385409
-223.56859223777008,-229.5251032723242,-183.00167444644342,-96.4244216999872,-42.40115293583616,-82.02810711742215
-188.53509864962888,-205.65025172105067,-175.18306720576481,-105.3658467481118,-62.03917885780608,-103.22760881643694
-158.44864540600963,-185.95313966087298,-170.58092319192835,-116.12506443455936,-81.94356367975308,-123.83600203130021
-132.91523505769462,-170.31926624282363,-169.2235447217928,-128.69743632168814,-102.04766116358789,-143.7946300231171
-111.62425012013145,-158.67411206980762,-171.13583721957798,-143.0508753528724,-122.27162177367715,-163.0479209484095
-94.34888046317472,-150.98209330260673,-176.33477972720854,-159.12205043846313,-142.52231531578454,-181.54333599952523
-80.94282017186418,-147.24165409036112,-184.82219408301063,-176.8122318510097,-162.69374176335043,-199.2314131173555
-71.33367741858822,-147.47677449947105,-196.57521172205264,-195.98319606440285,-182.66798739822974,-216.06587832183726
-65.51332149726623,-151.7251627003031,-211.53496577133802,-216.45367180264435,-202.31676632703872,-232.00379585416226
-63.525258105848465,-160.02345675737746,-229.59418659016603,-237.99684838190598,-221.50356231076037,-247.00572900439934
-65.44908825390155,-172.38988697253728,-250.5845410154762,-260.33947414410835,-240.0863536427443,-261.03588561249535
-71.38217117678178,-188.80503881198408,-274.2647119721303,-283.1630384808635,-257.9208663844197,-274.0622256649313
-81.41877262246058,-209.1915933433281,-300.3103423661624,-306.1074491281138,-274.86426128555803,-286.0565130204848
-95.62722304880776,-233.39418100878135,-328.3070379573655,-328.77748411762616,-290.77912047981783,-296.9942988899286
-114.02591182210531,-261.16073049615255,-357.74761026704863,-350.75211713436437,-305.5375652385664,-306.85483101454446
-136.55926935629526,-292.1268857029846,-388.03461819331477,-371.5965943720741,-319.02530939960207,-315.62088921320407
-163.07519598247347,-325.80515586989736,-418.48901995067445,-390.8768952300551,-331.1454379149434,-323.27855472258193
-193.3056345916337,-361.580415346796,-448.3653723075486,-408.1759593116959,-341.8216988706082,-329.8169271066682
-226.85210277934,-398.71314829715266,-476.8735256665559,-423.1108335490731,-351.0011117825307,-335.2278080096647
-263.17795370672803,-436.35142479996455,-503.20619364345964,-435.34971302636256,-358.6557250330895,-339.505375218407
-301.60889067463205,-473.55200596314336,-526.5711745040012,-444.6277427060285,-364.78339953083764,-342.6458729826317
-341.3428067801084,-509.31024112593195,-546.2264329699975,-450.7604348920252,-369.4075511250243,-344.64734499586643
-381.46937316773096,-542.5976011852306,-561.5157852107043,-453.6536501585341,-372.5758468127883,-345.50943468400686
-420.99900230449293,-572.4048723872406,-571.9026354609562,-453.30928744107433,-374.35791430686004,-345.2332734725208
-458.8999397866196,-597.7883123478626,-576.9991447803511,-449.8261192169154,-374.84218570494556,-343.8214716984513
-494.14138471730746,-617.9155436389987,-576.5884031076652,-443.3955653621728,-374.1320486597219,-341.27821919952197
-525.7398106365755,-632.107715488671,-570.6376265721411,-434.29258997029433,-372.34151820921863,-337.60949394089045
-552.8051582345386,-639.8745582503811,-559.3010806536896,-422.86228923915746,-369.5906661541328,-332.8233680683934
-574.5833794751467,-640.9394055572536,-542.9122717077792,-409.5030751253455,-366.00105098656996,-326.93039232192154
-590.4919775377952,-635.2520363108875,-521.9658649828339,-394.64761334848833,-361.69137999877836,-319.94403261180736
-600.1457105884847,-622.9882179350213,-497.0906735109191,-378.74281963622195,-356.7736080648241,-311.88112746244144
-603.3704638184201,-604.536001228911,-469.0158170410662,-362.2302419289757,-351.34963778520535,-302.76233247964467
-600.204353162233,-580.469990692744,-438.5326870792339,-345.52806014130465,-345.5087372724804,-292.6125182700247
-590.8862827441305,-551.5158540420463,-406.4556148818447,-329.01573432197665,-339.3257393717105,-281.4610913087931
-575.8332983744518,-518.5081194492326,-373.58410203184394,-313.0220532042451,-332.86003407815656,-269.3422128107909
-555.6090284763656,-482.34475233767466,-340.66915478661025,-297.81701192101286,-326.1553183968439,-256.2948981518166
-530.8861735958963,-443.9420657940932,-308.38571540341627,-283.60761622930954,-319.24002813073355,-242.36298807966037
-502.40632830956577,-404.1932118014103,-277.3124836976965,-270.53740479247404,-312.12834629499594,-227.59499202439434
-470.9403759471958,-363.93288405187343,-247.91966115072296,-258.689228463861,-304.8216641189795,-212.04381244753327
-437.25231756444225,-323.91003299899563,-220.5644186863903,-248.09064466537978,-297.3103629217171,-195.76636663935696
-402.0687545823174,-284.76946611415866,-195.49326577414308,-238.72118424097567,-289.5757876059928,-178.82312812362906
-366.05544060285166,-247.04229907455155,-172.85003870224455,-230.52072612999382,-281.5922934736586,-161.27761350933895
-329.80146490255703,-211.14443992173764,-152.68795851098798,-223.39826212958883,-273.32926542357467,-143.19584210661674
-293.81083520688026,-177.3817033225817,-134.98413550061667,-217.2404343508647,-264.7530300494617,-124.64579497525096
-258.50057754137794,-145.95980604534319,-119.65499496420657,-211.91936312389575,-255.82860442188675,-105.69689754433617
-224.20402311081665,-116.99739160765118,-106.57132821174703,-207.29943411853546,-246.52124833027463,-86.4195459006882
-191.17772895997504,-90.5403441563292,-95.57198531468892,-203.24286324754553,-236.79780772189383,-66.88469173186557
-159.61047072736716,-66.57592841639598,-86.47557145683629,-199.61399287398623,-226.62785465274885,-47.16349519115485
-129.63291594778602,-45.04567112534765,-79.08984307843758,-196.28238358945873,-215.98464235166773,-27.327049067953013
-101.32688181715169,-25.856315265721605,-73.21878911734372,-193.1248473727131,-204.8459025109003,-7.446172000446111
-74.73344198350645,-8.8885746169257,-68.667605076822,-190.02661923707274,-193.1945155835132,12.40873661024196
-49.859515216940814,5.996250596657268,-65.245914439343,-186.8818876187628,-181.01908396935949,32.16779156256497
-26.682897151223862,18.95149228046183,-62.7696650542736,-183.59390299134566,-168.31443309878102,51.76168146780299
-5.155951569489325,30.14171753180882,-61.06213761279376,-180.07486492098587,-155.0820574113357,71.12170980175658
14.791657115270688,39.74021518442794,-59.95446412723791,-176.2457557105347,-141.3305181022732,90.17983492829659
33.25073545916299,47.926891630056275,-59.28598317966406,-172.03624925856508,-127.0757884231831,108.86872607957817
50.3303908391689,54.88618472254267,-58.90467154919257,-167.3847813253668,-112.34153148702678,127.1218504623897
66.15554632400077,60.804720134126896,-58.66780205796145,-162.2388255852747,-97.15928613670137,144.87360367525767
80.86388138749275,65.86856074494206,-58.44289494382687,-156.5553811591119,-81.56852959079993,162.05949163300048
94.60207241944909,70.26001880390427,-58.10896085980262,-150.3016433586264,-65.616582196427,178.61636745479942
107.52133954147982,74.154100454458,-57.5579803850201,-143.45580103391745,-49.358320346885705,194.48272160439228
119.77242312058043,77.7147261533083,-56.696527691190155,-136.00788163496279,-32.85566876451857,209.59901837756487
131.50020479307017,81.09091685718462,-55.44742294767664,-127.96054909903387,-16.176852806535116,223.90806705803672
142.83824908202132,84.41315669652872,-53.751286512328505,-119.32975014194582,0.6045953082847371,237.3554121730098
153.9035723709863,87.7901425801436,-51.56786523142894,-110.14510173496413,17.41106638581001,249.88972469740378
164.79194869510172,91.30611509034121,-48.87700506552042,-100.44991687119625,34.16231270898017,261.46317512759026
175.57404085098466,95.01893818404389,-45.67915343853437,-90.30077759744049,50.7770499962463,272.03177026530363
186.2926056252484,98.9590616431344,-41.99528876953417,-79.76658403363197,67.17466205193688,281.5556383372415
196.9609681298199,103.1294625364259,-37.866193957434945,-68.92703573241293,83.27693493539225,289.9992515205475
207.56289621198516,107.50662141462547,-33.35101593716895,-57.87053669453424,99.00973990902463,297.33158063271105
218.053934752945,112.04254577942511,-28.52508556234541,-46.691556322161475,114.30458264041643,303.5261830706574
228.36418386440067,116.66780730919834,-23.477011214222443,-35.487523301258875,129.09994058591897,308.5612313189415
238.40242684678927,121.29551032499687,-18.3051049459651,-24.355374646312583,143.34232101810744,312.4194947210058
248.06143590153386,125.82605774544942,-13.113249642094871,-13.387923893765446,156.9869880154219,315.0882910163048
257.22420929897726,130.15252918074253,-8.00636626459763,-2.6702461879226576,169.99832660932577,316.5594258513273
265.7708271767018,134.16643704103407,-3.0856872556451265,7.723700741491442,182.34983448728934,316.82913779171406
273.5855593360961,137.76358491475628,1.5559196888986264,17.733995852844757,194.02375427136815,315.89806332223765
280.56382265886623,140.84972302228576,5.838309346509163,27.317004649534724,205.01038052761888,313.77123127097025
286.61857315584746,143.34568327056675,9.697825102587984,36.44678402571522,215.3070936089969,310.45808966783943
291.6857322022018,145.19168548694637,13.090217664756409,45.11551910244455,224.9171858730881,305.97256108411807
295.7282903531051,146.35053931469852,15.992501188903333,53.33293650997827,233.8485539154243,300.33311592281285
298.7388048745107,146.80952322452612,18.40359430964625,61.12471513719351,242.11233294216186,293.56284782108185
300.7401054414492,146.58080068314538,20.34367416869179,68.52999377485685,249.72154652081977,285.6895319921599
301.78414008274535,145.7003285863624,21.85226360554202,75.59814736276957,256.6898374052598,276.7456464118021
301.94902158635506,144.22531717937727,22.985166964561188,82.38506205172733,263.0303339759912,266.76833734752967
301.3344626879641,142.23040486084335,23.810459358405666,88.94917766349256,268.75469331564716,255.79931460523952
300.05590526941626,139.8028059457878,24.403808796075054,95.34758020494357,273.87234735217476,243.8846675026418
298.2377439145033,137.0367656434654,24.843462718396665,101.6324154508893,278.389964078705,231.07459924078782
296.00610874368306,134.02770681362614,25.20525480918289,107.84785878602636,282.31112265618725,217.42308421162053
293.48170054623233,130.86647263070552,25.55798199329533,114.0278207549595,285.6361900422899,202.98745905377433
290.7731604320086,127.63405631797819,25.959466007720778,120.19449851078512,288.3623782148194,187.82796328946924
287.97140788579236,124.39716507593619,26.453552620038124,126.35780824623566,290.4839553418312,172.0072486891715
285.14530014220384,121.20489472019567,27.068220817701757,132.51566066404095,291.992581407111,155.58987791802406
282.33886007917533,118.08670132239473,27.814882218167696,138.6549777962685,292.8777386189281,138.64183256440754
279.5701992480197,115.0517548909243,28.688856464633744,144.75330066241045,293.1272290201766,121.23004859701061
276.8321380267475,112.08965705405177,29.670920169802784,150.78080690166342,292.7277155542175,103.42199404488082
274.094406772155,109.17240867880035,30.72975260189949,156.7025468161687,291.6652878107847,85.28529972936211
271.3072095564744,106.25743200897753,31.825046472389417,162.48071416002193,289.92603913166664,66.88744966692278
268.40585280816316,103.29139096205948,32.9110202664659,168.07679154892838,287.49664705425187,48.29553372550711
265.3160895212219,100.21451610846289,33.94006048587664,173.4534452668671,284.36495362346193,29.576061551181702
261.9598074186369,96.96512855659056,34.86623654736624,178.57608554267006,280.52054541092673,10.794833865847956
258.2606956109484,93.48406818654152,35.6484645414983,183.41405106121329,275.9553347737876,-7.983134981874578
254.1495556007734,89.71876319433002,36.253143822339226,187.9414160807637,270.66414374866144,-26.69365090333113
249.56897389259274,85.62672509679653,36.65614688081607,192.13745150723548,264.6452899682566,-45.27333913838584
244.4771388078156,81.17831075511256,36.84410238578664,195.98679526383285,257.9011702526482,-63.65961793793235
238.85065678961797,76.3586549274239,36.81496827786364,199.47940118395434,250.4388323898134,-81.79065676619749
232.68629713782792,71.16873799924579,36.57794183605748,202.61033952184383,242.27051957395742,-99.60532929838841
226.0016631180913,65.62560925785456,36.152793333234726,205.37951709647325,233.41416564765464,-117.04317181013313
218.8348472603997,59.76183283215023,35.568737208013076,207.7913728827605,223.89381342696808,-134.04435780921787
211.24317629543077,53.62425890481512,34.862968914733884,209.85458782884044,213.7399237549589,-150.5496998666662
203.30118492919934,47.2722459853325,34.078997326177046,211.58182828229138,202.9895402916717,-166.50068942863996
195.09797727769893,40.775471063363554,33.26489335570139,212.98952306010204,191.6862750806129,-181.83958476738036
186.73414125689493,34.211464515392734,32.471557720283876,214.0976570376872,179.8800831516979,-196.50955599654853
178.31837649007562,27.662997650960037,31.75108733173664,214.92955087843671,167.626801108957,-210.45489409516358
169.96398296303792,21.215435197205665,31.155293700180046,215.51158837883312,154.9874348047049,-223.6212880859451
161.78533865715912,14.9541454697804,30.73440084836097,215.8728504996509,142.02719447450363,-235.95617090855578
153.8944726713298,8.962040045411413,30.53592708977201,216.04461856355843,128.81429140900542,-247.4091302343217
146.39781858469675,3.3172947203230905,30.603736580321808,216.05971787103653,115.41852734159976,-257.93237571232464
139.39321320370718,-1.9087137752127603,30.977234102266344,215.9516862164084,101.90972493229566,-267.48124924309064
132.96718992213565,-6.653234202753325,31.69067064857336,215.75376821714403,88.35606354133297,-276.0147602517527
127.19260452091679,-10.86371809978344,32.77252791287019,215.49775450739813,74.82239737223998,-283.4961240233612
122.12662443500062,-14.499139935797729,34.24495599922129,215.21270308234952,61.36864158311603,-289.8932784136919
117.8091097437563,-17.53105249334905,36.1232492922348,214.92359681594158,48.04831493993199,-295.17935304616014
114.26141428503983,-19.944367216044085,38.41535887092007,214.65000494248088,34.90732425081658,-299.3330657307159
111.48563686296885,-21.7378450069007,41.121454329279025,214.40482585466071,21.9830659449525,-302.33902342123025
109.46435384487573,-22.92427849961817,44.2335615900693,214.1931930019144,9.303904114864421,-304.18790951037425
108.1608638715862,-23.530343593453935,47.73531461082041,214.0116244175261,-3.110936891439785,-304.8765453961047
107.51997149505611,-23.596097311891427,51.6018663987135,213.84748930463638,-15.251052134017918,-304.407821610501
107.469328242662,-23.17410180560816,55.80000745599963,213.67885241785515,-27.1141214170674,-302.7905017982168
107.92133633256543,-22.328161177450568,60.288537097643925,213.47473932380504,-38.704799872708875,-300.03891079332436
108.77560206177004,-21.131668922219944,65.01892491864922,213.19584399149448,-50.03329689824625,-296.17252526843566
109.92190341134018,-19.665578829685074,69.93628642982922,212.7956758251645,-61.1137254966557,-291.215491267634
111.24361090094338,-18.016030413079974,74.98067937188792,212.22211769952406,-71.96231689657026,-285.1960968560829
112.62147391549917,-16.271680098221054,80.08870670486209,211.41934141565756,-82.59560109021622,-278.1462297771389
113.93765871219588,-14.520810015370316,85.19539030903891,210.33000392706822,-93.02865235222374,-270.10084927728883
115.07990135644245,-12.848305550662602,90.23625777546003,208.89762828075774,-103.27349030296729,-261.0974982488682
115.94562114241229,-11.332609062450956,95.149565113108,207.06905888709477,-113.33771268895757,-251.17587688080175
116.4458295697969,-10.042768696439396,99.87856246229144,204.79687259160426,-123.22341728806924,-240.377492609198
116.50866813707968,-9.035706676745292,104.37369943304549,202.04162579772552,-132.92644903007485,-228.74539395475938
116.08241589013222,-8.353829880574636,108.59466254472002,198.77382384056762,-142.43598647185638,-216.3239885057681
115.13782489468366,-8.023096544059726,112.51213998991372,194.97551168485413,-151.73446099843517,-203.1589385109911
113.66966785376826,-8.051636827883257,116.10921857857414,190.64140405059442,-160.79778407377043,-189.29712185460255
111.69741549633959,-8.429002531782658,119.38233366103853,185.7794970255733,-169.59584367410798,-174.78664201710882
109.26500003487996,-9.126093864279653,122.34171398284961,180.41113049868517,-178.09322136016252,-159.6768682312949
106.43966241586364,-10.095780639014649,125.01128827378142,174.57049949240098,-186.25007645550588,-144.01848647750086
103.30992256480832,-11.274203615834438,127.42804713045032,168.3036407520578,-194.0231432255393,-127.8635431182128
99.98275070820236,-12.582711019082197,129.64088053287972,161.66694690867692,-201.36679016198562,-111.26546558063137
96.58005178239459,-13.930357488784281,131.70893633407874,154.72528255527706,-208.23409659082336,-94.2790481974863
93.23460204045472,-15.216869482602519,133.699566714259,147.54979341368056,-214.57790982629092,-76.96039568128607
90.08559598939154,-16.33596363407844,135.68594669903752,140.21551062792088,-220.3518549652047,-59.36682130386028
87.27397215941373,-17.17889345656556,137.74446065232465,132.79885680491245,-225.51127821458024,-41.55670127349442
84.93768802527413,-17.638095199699976,139.95195889090084,125.37515892497292,-230.0141125881043,-23.58929070406085
83.20710836488077,-17.610805261428226,142.38298740032232,118.01626628628956,-233.82166131385168,-5.524509689393316
82.20065862411431,-17.00252857080126,145.10708961471164,110.78836019351328,-236.8992990068344,12.57728983858191
82.02087694600147,-15.730248733327585,148.18627119543154,103.75002734218131,-239.21709343257146,30.655564663354657
82.75097705316807,-13.725285262893124,151.67270771493403,96.95065208487398,-240.75035157208666,48.64981635879246
84.45201076740254,-10.935719679718574,155.60676218507297,90.42916527363174,-241.48009290715123,66.49981188877562
87.16069508221966,-7.328329493399053,160.01536547281924,84.2131703217917,-241.39345071339764,84.14577948873125
90.8879455908853,-2.88998616121809,164.9107986896471,78.31845148154594,-240.4839991019678,101.52857304749183
95.61813660754842,2.3715106878957073,170.28990329047787,72.7488558010246,-238.7520000637699,118.58980119497016
101.30908905410709,8.427175574769848,176.1337323104732,67.4965292350958,-236.204561340479,135.27192061317038
107.89277032620993,15.227155403252539,182.40764510007506,62.5424790808988,-232.85569306339127,151.51829651843997
115.27667582223839,22.701610907352332,189.06183808089406,57.85742918184485,-228.7262492180058,167.27323658995252
123.34584930437694,30.762137666803838,196.03229525456297,53.40293086381797,-223.84373950253408,182.48200763055638
131.9654883172378,39.30369285903738,203.24213417018782,49.132690857242864,-218.2419983525533,197.09084672503587
140.98407101585715,48.20698410568231,210.6033154683343,44.994076956053995,-211.96070098507698,211.04698041048331
150.2369315005819,57.34126702256195,218.0186766822892,40.929762300245194,-205.04472130815412,224.2986662205098
159.5502017961266,66.5674882124929,225.38424349882166,36.879469437383776,-197.54333331301967,236.7952707750921
168.7450298167288,75.74170046509789,232.59176411978902,32.78177534029987,-189.5092657976136,248.48739728496705
177.6419741358677,84.71866708931077,239.53140486178287,28.575938126653657,-180.99762946484464,259.32707291500395
186.0654684845216,93.3555630764288,246.09453801160055,24.203705330505336,-172.06474493538775,269.26800298269484
193.84824222180708,101.51567285038834,252.1765467161136,19.611062403035845,-162.76690923119116,278.2658946203137
200.83557831785905,109.07197852640289,257.67956694435804,14.749879024291111,-153.15914597850588,286.2788475579903
206.88928851540268,115.91052974256793,262.51508398830305,9.579410265429644,-143.29399012215254,293.2678044197262
211.89128713824854,121.9334870753993,266.60630120805695,4.067610175056544,-133.220360613064,299.1970477537776
215.74665121260873,127.06173646180773,269.89020229922005,-1.8077825306627773,-122.98257379784562,304.0347263549045
218.38606564332292,131.2369823205133,272.3192355831831,-8.058422931766017,-112.6195458387401,307.75338968283904
219.76756830065415,134.42324224443516,273.8625597494428,-14.684832548734349,-102.16422447934221,310.3305066892202
219.8775307800092,136.60768586323215,274.5068048552125,-21.676187810849115,-91.64327924512304,311.7489444004834
218.730835645805,137.80078399527056,274.2563196508579,-29.010435710388876,-81.0770654461458,311.99738230984866
216.3702391042679,138.0357603857402,273.1328956047346,-36.65473631123854,-70.47986212207726,311.0706410142805
212.8649378871783,137.3673657444295,271.1749782930324,-44.566219346613124,-59.86036850200853,308.96990745052824
208.30838905979596,135.87002085949095,268.4363969197948,-52.693029759003224,-49.2224288729766,305.7028442610639
202.81545979147955,133.6354006463843,264.98466144438606,-60.975625534483555,-38.56594313020694,301.28357686588964
196.51900919916926,130.76955257781083,260.89889301386177,-69.34828134407049,-27.887910705699397,295.7325582637925
189.56602474196748,127.38965976034731,256.267466211129,-77.74074397708742,-17.183549747258375,289.07631793997683
182.11345017732052,123.62057005855692,251.1854503847134,-86.07998079647295,-6.447431705547032,281.34710703579486
174.32385006561663,119.59121762533469,245.75194168154832,-94.29196069345764,4.325426133710348,272.58245672306396
166.3610569686781,115.43106193716153,240.06737734097695,-102.30340826010632,15.138561539006211,262.82467020100677
158.3859420353302,111.26666235099921,234.23091961150715,-110.04347589637929,25.993203879743575,252.12027070543903
150.5524382386165,107.21849407027703,228.33798886335057,-117.44528490032542,36.887577307566396,240.51942833027437
143.00392911501635,103.39809529592667,222.47801482213623,-124.44729469592991,47.81638918645639,228.0753873869794
135.87009570614384,99.90561649566861,216.73246219194885,-130.9944685976373,58.77050995994955,214.84391366346418
129.2642919042453,96.82782246530769,211.1731731515627,-137.03921424504662,69.73683910361916,200.88277757148606
123.28149497332664,94.23657745915861,205.86105515017147,-142.5420864545922,80.69834194712223,186.25128513631293
117.99685498324023,92.18782426797875,200.84512885115595,-147.47224920289085,91.63423452208983,171.00986444355226
113.46484541055395,90.72105065268917,196.16193859512776,-151.80770136694943,102.52028852011783,155.21971086973593
109.71899813278853,89.859221669123,191.8353168285862,-155.53527742118925,113.32922599473994,138.9424904942823
106.77219009204778,89.60914453516074,187.87648485033452,-158.65043938819173,124.03117346017306,122.24009776846442
104.61743634908566,89.96222391487834,184.284465071549,-161.15687994713824,134.59414719140787,105.17446097494036
103.22913511885008,90.89555969594647,181.04677471909284,-163.06595882515165,144.98454535132097,87.80738733852466
102.56470445050893,92.37333618569035,178.14036736033594,-164.3959956289804,155.1676275218376,70.2004388605344
102.56654706389214,94.34845066982498,175.5327865195701,-165.1714423831997,165.10796773923659,52.41482998752186
103.16427892005625,96.76432990314275,173.18349466139207,-165.42195853019393,174.7698726936276,34.51133898032871
104.27715776013753,99.556884748201,171.04534058357933,-165.18141033020743,184.1177618780465,16.550226165677465
105.81664947346358,102.65655529801103,169.06612845679018,-164.48681576941112,193.11651077921238,-1.4088460464533072
107.68907220187322,105.9904009514051,167.19025208597225,-163.3772554853664,201.7317614124734,-19.306894601986514
109.79826012522702,109.48419172267486,165.36035824369048,-161.8927700253755,209.93020645339396,-37.08570001639067
112.04819063764677,113.06445838216777,163.51900303178553,-160.07326404662516,217.6798538588987,-54.6878929431577
114.3455200348707,116.66045983044756,161.61026517213332,-157.957438828082,224.9502782636637,-72.05704124882831
116.60197399361374,120.20602655497757,159.58128002532874,-155.58177556904204,231.71286374357555,-89.13773475257034
118.73654030848661,123.64123939830606,157.38365820887051,-152.97959317644643,237.9410400075032,-105.87566430368395
120.67741296671234,126.91390358140734,154.97475322991292,-150.18020529131508,243.61051102856848,-122.21769194296878
122.36363917526897,129.98077943933984,152.31874390644322,-147.20820182014864,248.6994719209543,-138.11190951777047
123.7464249190032,132.8085341113787,149.38749987238936,-144.08287984928816,253.18880689305198,-153.50768425290258
124.7900604835936,135.3743829057787,146.1612024532713,-140.817847183814,257.0622587371386,-168.35569132943107
125.47243546958245,137.66639554276992,142.62869887620224,-137.4208185913261,260.3065588834393,-182.6079353633316
125.78512331949703,139.68345111754763,138.7875752260109,-133.89361998093204,262.91150681052477,-196.21776464064672
125.73302821802056,141.43483636343524,134.64394269489816,-130.23240919214214,264.86998871873664,-209.13988386837778
125.33360208566356,142.9394943499333,130.21194222656473,-126.42811396302815,266.1779278634345,-221.33037283884403
124.61565568648305,144.2249446043436,125.51298416699251,-122.46707832827381,266.83416269237426,-232.7467195849023
123.61780478515834,145.32591006889365,120.57475137268858,-118.33189867409232,266.8402536733973,-243.34787714788663
122.38660880134466,146.2827003994854,115.43000563100142,-114.00242059810456,266.20022504170424,-253.0943528564457
120.97447438806472,147.13941387854885,110.11524738328067,-109.45685833113075,264.92025314686555,-261.948337946548
119.43740865220039,147.9420306369199,104.66928677920656,-104.67299054652554,263.00831808913387,-269.873883435911
117.83271527860512,148.73647702557903,99.1317892859883,-99.62938063628376,260.47383935501455,-276.8371254781682
116.21673074635251,149.56674408745675,93.54186085150724,-94.30656657635559,257.32731870598354,-282.80656011739916
114.64269657222047,150.4731416623511,87.93673563991075,-88.68816574583047,253.5800142777853,-287.7533636742866
113.15885688407909,151.49076355036567,82.35062357441554,-82.76184366991852,249.2436685151281,-291.6517512043073
111.8068588382541,152.64822856994874,76.81376560579355,-76.520102508138,244.33030920717925,-294.47936189280796
110.6205170876916,153.96674785194446,71.35173235240426,-69.96085480820126,238.85213772378367,-296.217657207958
109.62498369943512,155.45955122191856,65.9849873709976,-63.08775993844981,232.8215119992127,-296.8523154056704
108.83634292529958,157.1316862101052,60.72872085227205,-55.910313844593084,226.2510244447393,-296.37360479342567
108.2616275494662,158.98018342231893,55.59294412430901,-48.443696375792925,219.15366746455058,-294.776718148382
107.89923172275401,160.9945630752206,50.58282111473401,-40.7083933911594,211.54307229560604,-292.06205188085175
107.73967571033498,163.15764073057602,45.699200875833355,-32.72962225838518,203.43380113008584,-288.2354158603401
107.76666207405759,165.4465767396998,40.93930621279421,-24.536598417954337,194.84166842343868,-283.30816309901377
107.95835140629629,167.83410442340556,36.29752788926294,-16.161686859868738,185.78406527530683,-277.29723245365756
108.28877935874229,170.28986700211033,31.766272013554495,-7.639485366559015,176.2802609169908,-270.2251018426225
108.72933547414493,172.7817928171402,27.33680990721725,0.9941137833541731,166.35165755035052,-262.1196538356806
109.2502279333925,175.27744215042634,23.00008460988569,9.702840015796788,156.02197876639326,-253.01395952910298
109.8218661185613,177.7452663459713,18.747435531710764,18.4509004091456,145.3173770745268,-242.9459900767764
110.41610394823925,180.1557301274355,14.571211830719285,27.203744489994254,134.2664521524186,-231.95826788681057
111.00730017362727,182.4822600114664,10.465255004112088,35.92871529583003,122.90017769753385,-220.09747117813748
111.57316609899077,184.70199452537605,6.425241105584732,44.595572779583456,111.25174068171859,-207.41400627527088
112.09538541520308,186.79632458598144,2.4488821970437513,53.176883959998584,99.35630191354994,-193.9615617476703
112.56000406314354,188.75122405488696,-1.4640054661607422,61.64828167446248,87.25069076590552,-179.79665739217626
112.9575995264153,190.55738050777563,-5.311552822874397,69.98859996554796,74.97304953580765,-164.97819929093993
113.2832481835589,192.21014421159956,-9.089990964259933,78.17989878888244,62.56244412904836,-149.56704996801824
113.53631607182875,193.70931898650002,-12.793885238575946,86.2073937882763,50.05845769460377,-133.62562024019613
113.7201026056688,195.05882203782554,-16.41642938529928,94.0593084033569,37.5007826738803,-117.21748693109555
113.84136863327025,196.26624115321147,-19.949779336309263,101.72666572828295,24.928824749172634,-100.40703838190063
113.90978003827973,197.3423171788612,-23.385408169527764,109.20303657740169,12.381329683402656,-83.25914780088577
113.93729633677047,198.30037781361983,-26.714466254370663,116.48425843048003,-0.10395865306509755,-65.83887305074748
113.93753086498953,199.15574592404022,-29.928133510394474,123.56813763237739,-12.490603393100784,-48.21118053594761
113.92510568216807,199.92514222086157,-33.01795357454088,130.45414470283433,-24.743739563968113,-30.440690428959414
113.9150206611759,200.62609864040633,-35.97614226660592,137.14311012839522,-36.830297257478605,-12.591440534152733
113.92205276840882,201.27639547141862,-38.79586486552027,143.63692577059072,-48.7191828821221,5.273333441484969
113.96019850424716,201.89353240159727,-41.47147825322945,149.93825518476177,-60.38141903759481,23.091402649119342
114.04217004018997,202.49424137902008,-43.99873492638166,156.05025479788168,-71.79024376861,40.80173533555776
114.17895379004841,203.09404754551446,-46.37494627170828,161.97630707763972,-82.92116975369476,58.344671925405265
114.37943893098884,203.70688346715156,-48.599102468521494,167.71976652338356,-93.75200350718733,75.66208328807589
114.65012259861972,204.34476134788753,-50.6719460894558,173.28371945792836,-104.26282408700048,92.69750967011666
114.99489790724442,205.01750769198773,-52.59599611983029,178.670759095595,-114.43592028582965,109.39627719643559
115.4149303423057,205.73256476524693,-54.37551892016663,183.88277807346898,-124.25568501193891,125.7055886421558
115.90862718034738,206.49486296521886,-56.01644282090341,188.92078141022466,-133.70846569092146,141.5745854220645
116.47170318060458,207.30676762872093,-57.526213738169844,193.7847235441796,-142.78237015841094,156.95437847365594
117.09734368621233,208.1681027009326,-58.91359055918025,198.47337355387438,-151.46702873488124,171.79804692646903
117.7764633808558,209.07625194706787,-60.18838111993901,202.9842127574884,-159.75331498532546,186.06060511322045
118.49805528380672,210.0263359709197,-61.361122357235345,207.3133685373793,-167.63303001015487,199.69894050514665
119.24962026664555,211.01146027713082,-62.442711539233756,211.4555874068722,-175.09855785805752,212.67172741513608
120.01766269209944,212.02302613965077,-63.44399915016044,215.404249050076,-182.14250259935625,224.9393236413034
120.788233069342,213.0510923753043,-64.37535772833338,219.1514214025506,-188.75732049253867,236.46365942250648
121.54749432942452,214.08477260143573,-65.24624437549151,222.68795493765546,-194.93496322321934,247.20812992933122
122.28228492691909,215.1126495574149,-66.06477738248665,226.0036123592444,-200.66655008152588,257.1375038077774
122.9806499338406,216.1231859725684,-66.83734907420978,229.087228080946,-205.94208787963362,266.21786083146907
123.6323110062472,217.10511060751628,-67.5682972429804,231.926890400535,-210.75025715057996,274.41657135618857
124.22904784536959,218.04775873385358,-68.2596561891548,234.51013833594175,-215.078281555169,281.7023289196357
124.7649676463958,218.94134857183056,-68.91100533191894,236.82416480677608,-218.9118944068956,288.04524498589683
125.23664492988556,219.77717904298478,-69.51942866509185,238.85601828096065,-222.23541188954175,293.417011582978
125.64312177161786,220.547739410509,-70.07959225658385,240.5927961347392,-225.03191710764924,297.7911335985651
125.98576727658062,221.24672760859318,-70.58393993127225,242.02182468498012,-227.28355292326293,301.1432280428745
126.26800451284912,221.8689808041033,-71.02299977040079,243.13082295792898,-228.97191504032355,303.45138297817897
126.49492226438181,222.41032840528948,-71.38578672234048,243.90804951628232,-230.07853051003966,304.69656440942606
126.6727970906264,222.86738372413072,-71.66028008425816,244.34243380931053,-230.58540126676453,304.8630555870681
126.80855757018433,223.23729524596018,-71.83394946768902,244.4236952810744,-230.4755879425177,303.93891021677035
126.90922667339368,223.51748150517446,-71.89429957429647,244.14245465581104,-229.73380643270758,301.91639925782425
126.98137958049134,223.70537461408784,-71.82940298465073,243.490342276624,-228.3470087425589,298.7924304855617
127.03065281548136,223.79819644597285,-71.62839130255497,242.46010805548337,-226.304920614788,294.5689208431013
127.06133644267047,223.79278844360385,-71.28187828656193,241.04573654912824,-223.60051123226475,289.2531037462175
127.07607466477683,223.68551131852126,-70.78229372261197,239.24256904911582,-220.23037464876944,282.85775675457285
127.07569206119159,223.47222498678434,-70.12411326922764,237.0474325769343,-216.19500813775613,275.40133911177554
127.05915364362696,223.1483525230356,-69.30397674986567,234.45877356253828,-211.49897888276817,266.9080332542909
127.0236576683281,222.70902531034102,-68.32069474495016,231.47679201817306,-206.15097684605638,257.4076891316328
126.9648514873168,222.14930049476618,-67.17515024051386,228.10357043480164,-200.16375774129142,246.93567471345693
126.87715329954474,221.46443680692914,-65.87010799868497,224.34319060496114,-193.5539853637762,235.53264006677344
126.7541569678399,220.65021113883677,-64.40994883708849,220.20183121727848,-186.34198676221214,223.24420562047325
126.58909339108371,219.7032561518243,-62.80034891046145,215.68783939269105,-178.55143666114466,210.12058752883138
126.37532034416279,218.62139866118983,-61.047925319235574,210.81177027809053,-170.20898909004836,196.21617432931234
126.10681310346722,217.40397946163165,-59.159869026048526,205.5863902480943,-161.34387439848499,181.58906937902307
125.77863028040431,216.05213736757867,-57.143584373520994,200.02664101182054,-151.98747890132205,166.300612946425
125.38733268933314,214.56904320372527,-55.00635178957248,194.14956377806064,-142.17292254712808,150.41489648715495
124.93133731681034,212.96007291686564,-52.75502691422825,187.97418440296488,-131.93464752826185,133.998279745821
124.41119306629301,211.2329125219541,-50.395785764084735,181.5213619590211,-121.30802795653287,117.11891911656642
123.82976949960121,209.39759092246825,-47.933922014321695,174.81360429763345,-110.32900790278023,99.84631337987136
123.19235393757904,207.466439512891,-45.37369930808343,167.87485485872952,-99.03377248686076,82.2508707100371
122.50665578018855,205.45397973005657,-42.71825889998047,160.73025519806635,-87.4584544980001,64.40349887730227
121.78271964066012,203.37674131945448,-39.96958101553591,153.40588749873996,-75.63887734216283,46.37521897889164
121.03275085785025,201.25301506756944,-37.12849707965883,145.92850079879878,-63.61033400798033,28.23680189737133
120.27085825570927,199.10254424593978,-34.19474937303063,138.32522392618299,-51.40740119805413,10.058426039690348
119.5127198406966,196.94615920110954,-31.167094585860795,130.62326733252905,-39.063787718001876,-8.09064525409278
118.77517770052901,194.8053596247319,-28.0434479768047,122.8496153109318,-26.612216530699136,-26.142367972234858
118.07576894529208,192.70184927559734,-24.821065207064265,115.03070961588311,-14.084340416604725,-44.03020407038518
117.43220035796304,190.65702850737102,-21.49675919567349,107.19212540152323,-1.5106917609519144,-61.689390303886555
116.8617756979876,188.69145104734866,-18.067149337350685,99.35824075295494,11.079332558370757,-79.05718803129213
116.38078646346993,186.82425317430318,-14.528939978103239,91.55190195918436,23.6574500453951,-96.07311171206682
116.00387941096415,185.0725657802879,-10.879224047240385,83.79408807332578,36.19643434755678,-112.67913287599136
115.74341719984096,183.45092270452648,-7.115806153883099,76.10358017925074,48.67001980879686,-128.8198556327341
115.60885200397459,181.97068203524947,-3.2375373057247288,68.49664303142207,61.0527700564452,-144.4426594274568
115.60613554272334,180.63948053310375,0.7553491855837962,60.98672919474211,73.31991373413967,-159.49780482614986
115.73719235595073,179.4607446014984,4.860913882477504,53.584218269057686,85.44715279918216,-173.93849869320135
115.9994858424739,178.4332839169789,9.075215551448082,46.2962059767066,97.4104513782252,-187.72091623359975
116.38570811535017,177.55099550311093,13.39206213344901,39.12635952804346,109.18581578959797,-200.8041789901693
116.88362462468518,176.80270625551637,17.802828509959973,32.07485645568192,120.74907871206955,-213.1502899529338
117.47610233331868,176.17218031715623,22.296361748529158,25.13842373421739,132.07570230488636,-224.72402933150155
118.14134568876923,175.63831397109527,26.858993559561846,18.31049224025235,143.14061605787123,-235.49281710560916
118.85335755874829,175.17553470758602,31.47467699693771,11.581478298853483,153.91810501459383,-245.4265510006007
119.58263273870301,174.75441286059765,36.1252598509061,4.939199166917675,164.38176257902677,-254.49743081113394
120.29707988545613,174.3424839307677,40.790900736865595,-1.6305770782549587,174.50451931388412,-262.6797817875813
120.96315431820125,173.9052678745035,45.45062579252381,-8.14345438425471,184.2587550274261,-269.9498908908994
121.54716983087518,173.40745891282222,50.083014573152894,-14.615619853347368,193.61649623546612,-276.2858699398821
122.01674344771085,172.81424664776517,54.666993779759764,-21.062967357131498,202.54969512886595,-281.66755890566293
122.34231402572573,172.0927174403281,59.18270761918819,-27.50016605176053,211.0305799483353,-286.0764808199169
122.49866490110863,171.21327511581697,63.612424719515836,-33.939713263623496,219.03206072000495,-289.4958570123034
122.46637346217766,170.15101308459987,67.94143446567844,-40.391016397519266,226.52816921452555,-291.9106878307325
122.23310750311356,168.8869667131036,72.15888116127888,-46.8595512075534,233.49450829480344,-293.3078998597244
121.79469008511498,167.40917582551117,76.25848318582293,-53.346143507117425,239.9086839449231,-293.67655624004334
121.15586165720448,165.71349281703132,80.2390866835944,-59.846417944766536,245.750693494434,-293.0081223482237
120.3306802125143,163.80408190982,84.10500938074874,-66.35045087008496,251.00324593703206,-291.2967751662961
119.34251669441278,161.69356909689333,87.86613964025,-72.8426548729711,255.65199463951882,-288.53974148031034
118.22362275961686,159.40281947123822,91.53776828302817,-79.30191087860815,259.685668786414,-284.7376478505017
117.01427006766615,156.96033780810217,95.1401451961434,-85.70195051884315,263.0960970725285,-279.8948642684722
115.76148301924789,154.401308159234,98.69776829198418,-92.01197782327888,265.87812478890146,-274.0198236241792
114.51740875270698,151.7663074540486,102.23842784236048,-98.19750608412359,268.02943284886044,-267.12530050485907
113.3373877426115,149.09974536592676,105.7920434609425,-104.22137401300519,269.55027380556413,-259.2286352914749
112.27780423856697,146.44809684495593,109.38934302782994,-110.04489585991746,270.4431449589803,-250.3518927725038
111.39380705866398,143.85800386528678,113.06044182668282,-115.62909363208595,270.71242184139,-240.52194826492595
110.73699731676805,141.37432854939271,116.83338555390677,-120.93595630055742,270.3639765088907,-229.77049819574927
110.35318034409187,139.03824074860162,120.73272242854651,-125.9296709981485,269.4048041686794,-218.13399593390218
110.28027460352882,136.88541958152533,124.77816746186542,-130.5777744992357,267.8426789553313,-205.6535170869488
110.54646139701319,134.94444088710313,128.98341640640714,-134.85217929297858,265.6858555175105,-192.37456126059575
111.16864652532607,133.23541182038812,133.35515859605545,-138.73003669371786,262.94282798812276,-178.34679926892133
112.15128985658927,131.7689008569754,137.8923275715107,-142.19440893906807,259.622152439462,-163.6237759071753
113.48564215124716,130.54519729603658,142.58561689624338,-145.23473233325302,255.73233361834707,-148.26257866524335
115.14941160246435,129.55391995499554,147.41727673557386,-147.84706346417823,251.2817721002531,-132.32348225068765
117.10686638251794,128.77398101573334,152.36119534870988,-150.03410971941182,246.27876437866456,-115.86957764012901
119.30936483767914,128.1738986205888,157.38325924215968,-151.80505325873997,240.7315460633886,-98.96639276909754
121.6962924019312,127.71244131914841,162.44197679427054,-153.17518395178928,234.64836740347633,-81.6815100972196
124.19637409306374,127.33957909081691,167.48934293177456,-154.1653614237557,228.03759073532464,-64.0841843528706
126.72932364698895,126.99770944349338,172.47191698279113,-154.80132930560444,220.90780101832496,-46.244961956370894
129.20778474708928,126.62312284387853,177.33208204421226,-155.11290623764899,213.26792308908904,-28.235302106985586
131.53951605149393,126.14766914117648,182.00945185338378,-155.13307841498826,205.12734230055992,-10.127198426553115
133.629769339585,125.50058527057158,186.44238992947294,-154.8970178427672,196.4960284342461,8.007200532223653
135.38380857604335,124.61044388888259,190.56960529590674,-154.4410493618566,187.3846657970855,26.09597363491194
136.70951654067488,123.40718223969445,194.33178906922384,-153.8015882637617,177.80479487599666,44.06781357099023
137.52003449803038,121.82417007508266,197.67325630812817,-153.01406923366824,167.76897251028834,61.852417479618566
137.73637892393083,119.80027459487896,200.5435575490074,-152.1118866562204,157.29095801203405,79.38088049680616
137.28997747957308,117.28187896730729,202.89902430271275,-151.12536610445096,146.38593186476146,96.58608915333853
136.12506432836472,114.22480909533883,204.70421245807404,-150.0807871174027,135.07075151007305,113.40310962410379
134.20087280986112,110.59612108675212,205.93320714723194,-148.99947806364798,123.36424535144013,129.76956391527233
131.49356186195,106.37569972048047,206.57075239264253,-147.89700480382987,111.28754164120815,145.62598536870868
127.99781198082621,101.55761655192255,206.6131690681507,-146.78247575233019,98.8644236611032,160.91614354786725
123.72802755346794,96.15119572166942,206.0690257077029,-145.65798649763303,86.12169695547773,175.58732783350803
118.71908571669987,90.18173661576806,204.9595288388947,-144.5182270554783,73.08954881183305,189.5905790476701
113.02657804206892,83.6908458307525,203.3186031342841,-143.35027379344024,59.80187524734126,202.88085925824336
106.72650072802985,76.73633689353481,201.1926370282782,-142.13358581646614,46.29654701623689,215.4171516447388
99.91436180289637,69.3916651906068,198.63987670926372,-140.84022194719043,32.61558413713753,227.1624849153282
92.70369004907465,61.74487768185839,195.72946060192095,-139.4352892760016,18.80520860923484,238.08388015982504
85.22394960357059,53.89707206841598,192.54009748232536,-137.87762761505942,4.9157476621878855,248.15222202927
77.61788582385176,45.960377733668054,189.15840392511723,-136.12072622121417,-8.998634798023076,257.34206049714305
70.03835109730947,38.055490284360374,185.67693039783052,-134.11386014626805,-22.88039301997465,265.63135386793226
62.644682643169325,30.308811932724282,182.19191935905852,-131.8034239525662,-36.669244916105406,273.00116780136193
55.5987266628007,22.84927012241294,178.80085241491165,-129.13443083422902,-50.30300096700731,279.4353485526229
49.06062302005857,15.804905424743012,175.59985608373216,-126.05213602726339,-63.71855674565385,284.92019104928977
43.1844805942184,9.29933549866594,172.68104612480735,-122.50373542841119,-76.8530169585595,289.44412355441466
38.11408431425049,3.4482135790952384,170.12989785940556,-118.44008420686104,-89.64490778080236,292.99743031404086
33.978779695577835,-1.6441935078838128,168.02273373311027,-113.81737643520198,-102.03542537350204,295.5720316857907
30.889678858917726,-5.888182152892746,166.42441901368244,-108.59872579822554,-113.9696627033844,297.1613378580804
28.93632336047584,-9.211423525169252,165.38635173405817,-102.75558947413975,-125.39775479423724,297.76018759566455
28.183924006051146,-11.561301551685652,164.9448238224642,-96.26898231228986,-136.2758846696303,297.36487781106274
28.671276929559543,-12.906686317726816,165.1198171876827,-89.13043619770089,-146.56709847527858,295.97328358252264
30.409429756283902,-13.239073886337444,165.9142820272905,-81.34266951495663,-156.24188819819582,293.58506199697734
33.38114312292606,-12.573048874677418,167.31392574130638,-72.9199432319777,-165.2785132877367,290.2019273833068
37.541162851766344,-10.946053277037386,169.28752068372359,-63.88809252756906,-173.66304731530101,285.8279805755057
42.81728837527049,-8.41747235477699,171.78771877153218,-54.284235252196126,-181.38915140151084,280.4700711865811
49.1121951748531,-5.067074338175253,174.75234186959005,-44.15617005328505,-188.4575912583526,274.13816974801506
56.30594438941496,-0.9928638064239053,178.10609992114968,-33.56148705493881,-194.8755281833334,266.845726104655
64.25909238274014,3.69157216927573,181.76267481737702,-22.566422091870002,-200.6556252348084,258.60999163509945
72.81629754905791,8.860131440242043,185.6270975297332,-11.244491424792773,-205.81501742142265,249.4522855385419
81.81031117985503,14.377574415749521,189.59833928929265,0.3250523801844807,-210.3741986901384,239.3981893215024
91.06623361908878,20.103103776365273,193.57203450463328,12.058900912624564,-214.3558787756755,228.47765837667973
100.40591568316248,25.89403773836041,197.44325331975332,23.87146395037841,-217.7838598747972,216.72504477191123
109.65238767332295,31.60947169239408,201.10924468293294,35.676695057082526,-220.6819771898373,204.17903064875088
118.63420340953105,37.113829287986846,204.4720758762855,47.389928009071454,-223.0731393882314,190.88247659166169
127.1895937066074,42.28021229928369,207.44110096532145,58.929684624897,-224.97849578677085,176.88219364238836
135.17033184701717,46.99346807737702,209.93519795695764,70.21941557092039,-226.41674743719165,162.22865106000233
142.44522230585721,51.152903402194525,211.88472211305358,81.189136234239,-227.40361004337927,146.97563430285103
148.90313291512032,54.6745836360321,213.23313053982048,91.77691981250962,-227.951428432509,131.17986896759828
154.45549972666373,57.49316602511804,213.93824073314215,101.93020958839013,-228.06893562097932,114.90062657150143
159.03824319153395,59.56322579576867,213.97309325781077,111.60691232108951,-227.76114466584852,98.19932718817891
162.61304425238407,60.86004353896783,213.32639637223306,120.77623530834062,-227.02935859609187,81.13915217500445
165.16794000155244,61.37983259436764,212.0025384702893,129.41923151458656,-225.8712827288539,63.784677734574494
166.71721118290787,61.13939611069108,210.02116301731036,137.5290207784025,-224.28122440202608,46.20153702653971
167.30054844763904,60.17521552638473,207.416310484063,145.1106609677211,-222.2503672855856,28.456115199703905
166.98150120122293,58.541985624287946,204.23514279582866,152.18065135259855,-219.76711057029277,10.615278259146034
165.84523215799683,56.31062612691521,200.53627800834664,158.7660615015398,-216.81746701194004,-7.253866665347687
163.99562211118942,53.565815835669895,196.3877760802455,164.9032925102273,-213.38551753626243,-25.08418511769539
161.55179235294983,50.403112128527454,191.86483028051177,170.63649289080462,-209.45392338042058,-42.80871117062315
158.64413572064657,46.925735495679945,187.04723227021353,176.01566825752457,-205.0044990796941,-60.36083515140412
155.4099701654928,43.24111474730631,182.01669135454108,181.0945410641732,-200.0188505749002,-77.67449402566619
151.98894956126966,39.45730243559812,176.85409881265855,185.92823291427027,-194.47908197688295,-94.68437522317042
148.51838357531332,35.67938067168579,171.63683552943496,190.57085610250093,-188.3685718685792,-111.32614364890227
145.1286302043457,32.005983708959775,166.43622439833774,195.0731117821983,-181.67281540381927,-127.53669953684876
141.93872958602265,28.526064394495407,161.31522733854,199.47999833182803,-174.38032202585396,-143.25447175908857
139.05244482280665,25.316026152713945,156.3264797713405,203.82873419609717,-166.48355074553763,-158.4197473646797
136.5548641702522,22.43733026629613,151.51074291761967,208.1469941369913,-157.97985617951204,-172.97503375474025
134.50969902601958,19.934670062465656,146.89583664838415,212.45154631514316,-148.87240974570705,-186.86544534290093
132.9573843592876,17.834779930363965,142.49609365092985,216.7473602876045,-139.1710524942382,-200.03910221049912
131.9140538677752,16.14591912710125,138.3123506067929,221.02723369877265,-128.89303004415794,-212.4475245757726
131.3714231678856,14.858039740456846,134.3324655060889,225.27195944584122,-118.06355700693395,-224.04600428038586
131.29757310067905,13.943616921125766,130.53232395777104,229.45102705685312,-106.71615897674621,-234.7939333176701
131.63858442182203,13.359089649980874,126.87727326331343,233.52382378386278,-94.89274526787717,-244.65506994552985
132.32093741239933,13.046833863544904,123.3239028487556,237.4412743994152,-82.64337532780422,-253.59772525391696
133.25455775252422,12.937568454104081,119.82207485132308,241.1478356990838,-70.025695948589,-261.59485713081216
134.33636534437014,12.95307978944679,116.31710025354305,244.5837438025565,-57.10404435262829,-268.62406414443836
135.45416702494666,13.00914271018145,112.75195444019107,247.68740067062666,-43.9482327814353,-274.66747851104344
136.49072789269252,13.01851560197062,109.0694313384072,250.39778150288328,-30.632051818445046,-279.711564487432
137.32785911765043,12.893893642349227,105.21414674899711,252.65674702610403,-17.231550509586075,-283.74683556400464
137.8503717035879,12.550716690283153,101.13431796018341,254.41115379812646,-3.823169509744041,-286.7675100706135
137.94976418439336,11.909745103934767,96.78326675394561,255.61467075152385,9.51818281094685,-288.7711296260292
137.52753567922426,10.899336357564152,92.12061473897272,256.22923012594634,22.721013585486688,-289.7581677701569
136.49804187211876,9.457375904073928,87.1131617660724,256.2260642527349,35.71898939357827,-289.73165680416037
134.7908380754138,7.532835588934319,81.7354582710164,255.5863047610033,48.45244869031053,-288.69685923399356
132.3524785299644,5.086950578508848,75.9700992275548,254.30114601817945,60.869603747156575,-286.66100640501554
129.14776281255612,2.094020077398028,69.80777978806354,252.37159839851262,72.92737230537426,-283.6331212818172
125.16043749927921,-1.4581526418263167,63.247159859143096,249.80787783566782,84.59180265293956,-279.6239353956403
120.39337350594343,-5.568159432874921,56.29458648798591,246.62849483501054,95.83808171193695,-274.6459023939063
114.86824684504478,-10.221202368463622,48.96371919098677,242.85911777087279,106.65014179695355,-268.7133030666824
108.62475354013277,-15.389602950124768,41.27509488462685,238.53129129977347,117.01990583924086,-261.84242984660193
101.71938925448647,-21.03358756000715,33.255656958067,233.68109089613057,126.94623117974248,-254.05183313553349
94.2238223135462,-27.102336233596134,24.938258695842222,228.34778908035835,136.43362705841952,-245.36260780748262
86.22288690971956,-33.53528637777323,16.361136408237556,222.57259847358063,145.49082976448634,-235.79869609202342
77.81222304826767,-40.2636857441947,7.56733407152128,216.3975423542053,154.12932176929777,-225.38718278901243
69.09559269392065,-47.21238850286525,-1.3959492012920265,209.86448618726064,162.36187734311898,-214.15856025245077
60.18190868186366,-54.30188367032517,-10.478123363120773,203.0143451444519,170.2012079829117,-202.14694352054718
51.18202477861761,-61.45053590944053,-19.626117767526516,195.8864645417393,177.65876766871182,-189.39021996425848
42.205351656386554,-68.57700487296655,-28.785465479103053,188.51815399841357,184.74376198147226,-175.93012243922283
33.3563835814837,-75.6027914762893,-37.90157615810552,180.94434344262285,191.4623879962331,-161.81221971606192
24.73124269376249,-82.45483905426947,-46.921192889620414,173.19732107531365,197.8173150795749,-147.08582254244564
16.414369612385823,-89.06809616087307,-55.7940044879234,165.30651091039238,203.80740154142876,-131.8038077469963
8.475508014163935,-95.38792814319548,-64.47435839414284,157.29825092361352,209.42762950052997,-116.02236612642277
0.9671438203246989,-101.37224917445197,-72.92299288358288,149.19554202131997,214.6692309628017,-99.80068236613015
-6.0774362345876725,-106.99323781284033,-81.10868384065341,141.017752269036,219.51997227037236,-83.20055694016153
-12.645309161910923,-112.23849978184523,-89.00968387827244,132.7802788188677,223.96456171001893,-66.28598090927697
-18.744166501570234,-117.11155343770784,-96.61482291475912,124.49418995134126,227.98514583814494,-49.12267493933455
-24.401549195658102,-121.63153739973309,-103.92414181231524,116.16588939834085,231.56186342503963,-31.77760387377633
-29.66301301442082,-125.83207612913219,-110.94894585513133,107.79686218723684,234.6734311305436,-14.318477988222948
-34.58923164116957,-129.7592867119359,-117.71119316022393,99.38357314765067,237.29774130573998,3.1867482244861494
-39.25211398012257,-133.46896630837932,-124.2421737569751,90.91759367833934,239.41245887271725,20.670369163266045
-43.73008592941391,-137.02306103318423,-130.5804858747041,82.38602760198259,240.99561032626048,38.065402790824315
-48.10275904464821,-140.48557873473206,-136.76937344437087,73.77229194868497,242.02616289656572,55.306036817130234
-52.44527279510203,-143.91816484093823,-142.85354831725692,65.0572833382574,242.4845953306106,72.32803677159994
-56.82264690526264,-147.37560645425768,-148.87567678174446,56.220926521558084,242.3534632894895,89.06910708179755
-61.2845094894229,-150.90155980739462,-154.87275683327854,47.24406109777236,241.61796190997214,105.46919749659682
-65.86057040971062,-154.52480550807604,-160.87264476949812,38.11057912694506,240.26648572360557,121.47074902896182
-70.55718443665559,-158.25632164098005,-166.8910023554393,28.80968489126594,238.2911821304107,137.01887611946717
-75.35529466462434,-162.0874256564432,-172.9289258252027,19.33811348654989,235.68848941001798,152.061484901107
-80.2099652606249,-165.9891732661839,-178.97148415249114,9.702122210173957,232.4596443721128,166.54933112358364
-85.05160884359994,-169.91311992197012,-184.9873374800007,-0.08093793277747885,228.61113884032554,180.43602518512537
-89.78889502183632,-173.79345379100369,-190.9295309535778,-9.98165104370094,224.15509891418117,193.6779954323044
-94.3132023016391,-177.55040622645708,-196.73747034612717,-19.958313908652553,219.10955704517875,206.23442396454374
-98.50435634417568,-181.0947454817778,-202.33999146551773,-29.95756045054682,213.49858502635263,218.06717116201673
-102.23729413625358,-184.3330710110011,-207.6593441645207,-39.91586625365206,207.3522565585553,229.1407056520082
-105.38921577813565,-187.17355757833315,-212.61583267784093,-49.76189270726745,200.70641149843172,239.4220551979754
-107.84674087628021,-189.53175730462297,-217.13279497775972,-59.41955525090384,193.60220038936998,248.8807909934747
-109.51257953575771,-191.33605791889272,-221.14157098907896,-68.81163168966306,186.08539736602694,257.48905327625437
-110.31125965048149,-192.53241800354056,-224.58610633223105,-77.863672191495,178.2054816698284,265.2216204820062
-110.19351981047592,-193.08805281870508,-227.426865176024,-86.5079386207411,170.01450219881704,272.05601797724756
-109.13907444808291,-192.99382223166873,-229.6437800104489,-94.68709133596741,161.56575484649983,277.9726565060334
-107.15757585628262,-192.26516780290063,-231.2380420814536,-102.3573577441836,152.9123177326985,282.9549856362418
-104.28772576578196,-190.94155011287947,-232.2326260956774,-109.49095706673594,144.1055035066263,286.98964437634476
-100.594616128311,-189.08444043943823,-232.67153764674333,-116.0776155310916,135.1932993648149,290.0665902252271
-96.1654942497705,-186.7740140724775,-232.61786258280057,-122.12507905077223,126.21887300898733,292.17918939742333
-91.10424290632594,-184.10476868579303,-232.15077614636118,-127.65860867179592,117.21922542732523,293.324254689933
-85.52493560742084,-181.18034542784739,-231.36172994898828,-132.71951972573598,108.22406843540618,293.5020229641198
-79.54486774339061,-178.10786058938726,-230.3500729191015,-137.36289160081716,99.25499615338603,292.7160707946788
-73.27747587458987,-174.99206234463702,-229.21837717479826,-141.65462577958573,90.32500536227705,290.9731736237029
-66.82554226167787,-171.92961287020904,-228.06773273905677,-145.66806186965815,81.43840086325801,288.2831198643348
-60.2750440649583,-169.0037654084773,-226.99324959503403,-149.48037365223666,72.59109994283551,284.65849604199406
-53.68995158944213,-166.2796635932553,-226.07996659620272,-153.16896073792583,63.77132656907097,280.11446167384685
-47.1082128334334,-163.80044155382473,-225.399319586103,-156.8080290522717,54.96066295100079,274.66853288950415
-40.53908729318874,-161.58425217654923,-225.00627094406195,-160.46551905626134,46.13540550178658,268.3403918288949
-33.96191455022773,-159.62230045931207,-224.93715404124163,-164.20049885540953,37.26815575456703,261.15173495480025
-27.326325825203316,-157.87791086208406,-225.20824194912572,-168.0610946226957,28.329565671175555,253.1261681655746
-20.553831955024034,-156.2866125066609,-225.8150120219695,-172.08298697532385,19.290151804999248,244.28915071067084
-13.540651413045378,-154.75718386927113,-226.73204726888417,-176.28846218514823,10.122094066650757,234.66798416120557
-6.161579537312157,-153.17355898389323,-227.91349140400115,-180.68597348734815,0.8009419340452979,224.29183777154194
1.725351822898439,-151.39746039940647,-229.29395629672328,-185.27014148128612,-8.69283713898119,213.19179803721352
10.273712535471507,-149.27159155482366,-230.78976743619995,-190.02210413222053,-18.372517006931723,201.4009284558843
19.643316972690005,-146.62319559903952,-232.30042464446626,-194.91011609627233,-28.24401251211667,188.9543255427129
29.99497244648916,-143.26777312455113,-233.71015209843017,-199.89029363584694,-38.30503489797959,175.88915892271802
41.48560059819246,-139.0127529326672,-234.88941518103385,-204.90740483316915,-48.54450230476756,162.24468650833572
54.263934724193966,-133.6609330817846,-235.6962940609334,-209.89561479048393,-58.94219138106819,148.06223991018572
68.46690194493478,-127.01355834437099,-235.97762797998791,-214.77911180858277,-69.4686063610677,133.38517978169128
84.21668044173491,-118.87297662352488,-235.56988267559538,-219.47256304207818,-80.08503646573583,118.25882519895438
101.61828897883387,-109.04491879383306,-234.29974791221582,-223.88137668957393,-90.74377133637662,102.73036489876026
120.7574341367325,-97.3405667243726,-231.98454260890549,-227.90178200349197,-101.38844716715901,86.84876080130773
141.69823007255275,-83.57870014239838,-228.43258860655988,-231.42077742310806,-111.95450269122223,70.66465540679879
164.4803386602594,-67.58832633890134,-223.44380430636932,-234.31603932423008,-122.36973333907795,54.230294210109165
189.11507652162607,-49.21227529300881,-216.81085599796296,-236.45592665207454,-132.55494265761638,37.5994722039758
215.5801173847488,-28.3122629160342,-208.3212739273689,-237.6997563815109,-142.42470124186133,20.82750998605554
243.81259250728914,-4.775865271942877,-197.76097579382247,-237.89855658801008,-151.8882336988608,3.971260236948119
273.70065525270223,21.47430814335759,-184.9196255707725,-236.8965223366424,-160.8504622395145,-12.910860185710476
305.0739097859278,50.46920758859684,-169.59817551495541,-234.5333986615936,-169.2132401525876,-29.758823067945556
337.69347375088273,82.18000974082244,-151.6187843422426,-230.6479890158338,-176.87680858338751,-46.510942557140126
371.24280205001605,116.50356622663003,-130.8370736298104,-225.082932382551,-183.74150489042057,-63.10385028636057
405.3206854836602,153.2477589853886,-107.15638754710517,-217.69080572192664,-189.70973990991206,-79.47251545898834
439.43799429085766,192.1182611707943,-80.54338077123275,-208.3414918684856,-194.6882446928627,-95.55033453548617
473.01971065105823,232.7084684376009,-51.04391116580755,-196.93061183359342,-198.590565207566,-111.2693139729197
505.4135520210354,274.49446174074507,-18.797902778469627,-183.38866471215658,-201.3397572395843,-126.56036586091304
535.9060218143472,316.8367402338863,15.9483786283418,-167.69036244349627,-202.87120500894343,-141.3537303676835
563.7460612126464,358.99009638534847,52.834282275788695,-149.86350842017185,-203.13545816862876,-155.57953098250852
588.1756755717995,400.1224020917039,91.38251785485764,-129.99666806049564,-202.1009556043266,-169.16845917560286
608.4660599561713,439.3422776751399,131.00396206134985,-108.24483507605245,-199.75648381889908,-182.05257503073514
623.9569586871953,475.7347031794229,171.01032151558266,-84.83232501305675,-196.11320561761136,-194.16620051608498
634.096375270562,508.4027081873466,210.63480910721466,-60.05223721656216,-191.2060939100386,-205.4468732491315
638.4774001954444,536.5124608269714,249.0602494093519,-34.262018452957506,-185.09461760134235,-215.83632174539463
636.8689134473645,559.3384834501594,285.4532641398356,-7.874926586237052,-177.86255262095082,-225.28141892472823
629.237271835345,576.3054446780499,319.0024923905825,18.652488958527528,-169.61683071724605,-233.735069563059
615.7567846582941,587.0230705710829,348.95826329573663,44.836430680945256,-160.48538991737274,-241.15698960775956
596.807743002636,591.311188935623,374.67083718811523,70.18462961901909,-150.6140503176759,-247.51434069179749
572.96188754002,589.2127263471095,395.6243144171029,94.21678083297739,-140.16250275691846,-252.78219134533657
544.9563437603797,580.9935274794238,411.46359265474547,116.48536243531137,-129.29956073099885,-256.9437866149913
513.6580857568944,567.1290376861541,422.0123086827754,136.5954706322255,-118.19788210575726,-259.9906191767645
480.02179059888533,548.2790443054213,427.2804683883334,154.22233459631292,-107.02841148881724,-261.92230660198226
445.04442948960025,525.2526768849676,427.4613607101224,169.1253303609518,-95.95482208254711,-262.7462902581407
409.72006856379033,498.96661256143886,422.9182647759651,181.1575780503274,-85.12824436324206,-262.4773805699767
374.99812865479265,470.39984966312,414.1622919750662,190.2705543297705,-74.6825566679338,-261.137180397468
341.74783065750654,440.5484756091875,401.8233682820568,196.51354521825687,-64.73048030909291,-258.75342271896994
310.7308152170989,410.38358556205554,386.6167947165283,200.02816203621137,-55.360671683457184,-255.35926051166587
282.58307460712683,380.81496609763525,369.30799580891494,201.03850484599155,-46.63594015806325,-250.9925458117854
257.8064754149953,352.6624301661918,350.67798157943224,199.83784885303848,-38.59264869014336,-245.69513172547326
236.76937562342064,326.63587460293576,331.4917420109959,196.77292543493448,-31.241280192287093,-239.51222609486936
219.71521878668773,303.3243255870525,312.47132068290733,192.2269586446523,-24.568082622779627,-232.49181911799263
206.77756259803866,283.1935220646151,294.2747446178006,186.60260086825204,-18.537645084687426,-224.68419999418373
197.99978109733956,266.59102044305314,277.48139063662086,180.30579993493464,-13.096210153556399,-216.14157009221876
193.3576547921348,253.75741718985083,262.5838072567757,173.73144522775195,-8.175497032301237,-206.91775260830755
192.78319692406893,244.8420844885549,249.98553384461627,167.25140822857801,-3.6967971051353885,-197.06799149752814
196.18831071591933,239.92178084737373,240.00409595145328,161.2053408313054,0.42489245441367984,-186.6488258360757
203.4871809063345,239.02060063114493,232.87811974827443,155.89434803024065,4.276912095711253,-175.71801984466754
214.6166244537222,242.12992209378805,228.77739508035108,151.5774309700849,7.94534396928448,-164.33452366903848
229.553917883009,249.22725854857055,227.81470915610245,148.47041638516805,11.511920453970312,-152.55843574995973
248.33184961548272,260.2931709162149,230.05834659889888,146.74695705429127,15.051536598266907,-140.45093430826418
271.05089223994923,275.3256281411658,235.54427864275596,146.5411067605498,18.630420996766844,-128.07414324240847
297.88843937497364,294.35138020873796,244.287217678635,147.95093905364237,22.304977382845415,-115.49089675667626
329.1050007176528,317.43402217406094,256.28987030106833,151.04268509032752,26.121272279642387,-102.76436754895967
365.047101207588,344.6784721883032,271.549865805167,155.85490340303397,30.115114123936785,-89.95752568778846
406.1463977233029,376.23156688287753,290.06395832282243,162.40225477410058,34.31264716696566,-77.1323997734598
452.91422941722846,412.27840731331196,311.82919743750836,170.67853055051762,38.731369106954325,-64.34911901583874
505.93048558636957,453.0339897976002,336.84083900517135,180.6586665055101,43.381474045551606,-51.66472489704732
565.8253498771867,498.7295578935134,365.08683565670344,192.29956256492284,48.267420670372445,-39.13175449225478
633.2522179023559,549.5930509129041,396.53882001407936,205.53961916354962,53.38962791488656,-26.796614541338247
