t1,t2
74.525,109.81
74.59147817756212,109.73057375633232
74.6423565020296,109.60236463483444
74.67736115362256,109.425469828477
74.696240575787,109.20002072756054
74.69876659408956,108.9261826299456
74.6847354446383,108.60415437947466
74.65396870599669,108.23416793440875
74.60631412917621,107.81648786806117
74.54164636095376,107.35141080415535
74.45986755645966,106.83926478975735
74.36090787771101,106.28040860893826
74.24472587552094,105.67523104060017
74.11130875298485,105.02415006415447
73.96067250952915,104.32761201696717
73.7928619652937,103.58609070768497
73.607950666403,102.80008648972328
73.40604067245368,101.97012529933505
73.18726222830172,101.09675766278555
72.95177332296547,100.18055767723247
72.69975913916221,99.22212196995305
72.43143139766309,98.22206864057209
72.14702760127588,97.18103619092385
71.84681018384516,96.09968244713203
71.53106557018754,94.97868347841302
71.20010315335438,93.81873251700031
70.85425419603109,92.62053888345598
70.49387066323953,91.38482692147711
70.11932399380377,90.11233494612466
69.73100381827231,88.80381420920162
69.32931663115657,87.4600278852873
68.91468442544958,86.08175008169852
68.48754329742911,84.66976487539853
68.04834202972835,83.2248653796119
67.5975406605749,81.74785284263305
67.13560904696001,80.23953578103672
66.66302542930474,78.70072914921592
66.18027500494378,77.13225354688768
65.687848517453,75.53493446591973
65.18624086850842,73.90960157754921
64.67594975858596,72.25708806078282
64.15747436239747,70.57822997249477
63.63131404451504,68.87386565947216
63.097967120165144,67.14483521240018
62.55792966568359,65.39197996153327
62.01169438261587,63.61614201356414
61.4597495189295,61.8181638289815
60.9025778502808,59.99888783900036
60.34065572375287,58.15915610095758
59.774452165958635,56.299809990888875
59.20442805688656,54.42168993184388
58.631035370361985,52.52563515635299
58.054716481506674,50.61248350133266
57.47590354110753,48.6830712336065
56.8950179163548,46.73823290412626
56.31246969698392,44.778801228900186
55.72865726545553,42.80560699457536
55.1439669294379,40.819478986575646
54.5587726145154,38.82124393766692
53.973435614739486,36.81172649480497
53.38830439836364,34.79174920211995
52.8037144658634,32.76213249790133
52.219988257136805,30.72369472347043
51.63743510460915,28.67725214186095
51.056351228829755,26.623618964272467
50.47701977304619,24.56360738231426
49.89971087317289,22.498027604119436
49.3246817595355,20.427687892477604
48.75217688676838,18.35339460321017
48.182428088269724,16.275952222093863
47.615654751673986,14.196163398723254
47.05206401188552,12.114828975793584
46.49185095832577,10.032748012377906
45.93519885318021,7.950717799867829
45.38227935758647,5.869533869344073
44.833252762880605,3.7899899892414584
44.28826822421219,1.712878152270501
43.7474639940485,-0.3610114493432395
43.21096765331161,-2.4308904611438225
42.67889633812725,-4.495972416998896
42.15135696040927,-6.555472803573386
41.62844642075519,-8.60860913927991
41.11025181238609,-10.654601068172713
40.59685061512391,-12.692670469162609
40.088310878660856,-14.72204158084478
39.584691394635605,-16.74194114214795
39.086041857288066,-18.751598548932996
38.59240301271603,-20.75024602659098
38.10380679700228,-22.737118818616842
37.62027646371584,-24.71145539106217
37.14182670151685,-26.67249765270231
36.66846374280629,-28.61949119068676
36.20018546456093,-30.55168552137875
35.73698148267624,-32.468334356029175
35.27883324130547,-34.368695880872636
34.82571409883081,-36.252033051177804
34.377589412229334,-38.11761389873132
33.93441662170339,-39.96471185218462
33.49614533752974,-41.79260606964422
33.06271743114396,-43.600581782840386
32.63406713251537,-45.38793065216522
32.2101211358826,-47.153951131829416
31.790798715910924,-48.897948844346544
31.37601185629846,-50.619236963516975
30.965665392800634,-52.317136605046365
30.559657172559852,-53.990977223900366
30.157878231521487,-55.64009701746515
29.76021299158816,-57.263843333552636
29.36653947901261,-58.86157308226215
28.97672956535714,-60.43265315068338
28.590649232154288,-61.97646081940246
28.20815886019239,-63.492384179751056
27.829113544121185,-64.97982255071986
27.453363432829388,-66.43818689444042
27.080754095789633,-67.86690022912698
26.711126915299296,-69.26539803835776
26.34431950427019,-70.63312867556823
25.980166148938864,-71.96955376262385
25.618498275585083,-73.27414858133906
25.259144940061354,-74.54640245681155
24.90193333865437,-75.78581913144703
24.54668933852289,-76.99191712856039
24.193238025688288,-78.16423010445307
23.841404268297733,-79.30230718788563
23.49101329263747,-80.40571330588729
23.141891269148946,-81.47402949487189
22.793865905495068,-82.50685319606282
22.446767043541833,-83.50379853426557
22.100427256962703,-84.46449657906913
21.75468244604306,-85.38859558760419
21.409372426160957,-86.27576122803717
21.06434150635028,-87.1256767830362
20.71943905431483,-87.93804333250495
20.374520044257554,-88.71257991494704
20.02944558391929,-89.44902366689213
19.68408341728611,-90.14712993989046
19.33830839952387,-90.80667239465839
18.992002940832364,-91.42744307204126
18.645057416078863,-92.00925244054274
18.297370537270975,-92.55192942025884
17.948849686159505,-93.05532138314383
17.59941120452209,-93.51929412962863
17.24898063996543,-93.94373184170493
16.89749294539488,-94.32853701268384
16.544892630633022,-94.67363035393294
16.19113386501954,-94.9789506789905
15.836180530190418,-95.24445476555101
15.480006222611296,-95.47011719590868
15.122594205824335,-95.65593017653775
14.763937312755457,-95.80190333757712
14.404037798816459,-95.90806351307288
14.042907146919358,-95.97445450291487
13.680565825894773,-96.00113681748115
13.317043004168525,-95.98818740607759
12.952376220896568,-95.93569937032764
12.586611017084973,-95.84378166372976
12.219800529524875,-95.71255877865445
11.85200505064981,-95.54217042210293
11.483291557670496,-95.33277118158975
11.113733214559385,-95.08453018254714
10.743408850639934,-94.797630738673
10.372402419683375,-94.47226999666476
10.000802443526807,-94.10865857678884
9.628701444299836,-93.70702021073882
9.25619536938245,-93.26759137822688
8.88338301321407,-92.79062094373849
8.510365440033741,-92.27636979485591
8.137245411553993,-91.72511048352504
7.764126823458678,-91.13712687159867
7.391114154468375,-90.5127137819435
7.01831193153858,-89.85217665634134
6.645824214548203,-89.15583122135466
6.2737541036006,-88.42400316325707
5.902203271800894,-87.6570278130554
5.531271526093352,-86.85524984255002
5.161056398445307,-86.01902297229549
4.791652769352556,-85.14870969223414
4.4231525253190345,-84.24468099568315
4.055644251634456,-83.30731612726008
3.689212961440697,-82.33700234523346
3.323939861745318,-81.33413469868707
2.9599021567110864,-80.2991158197852
2.597172888228167,-79.23235573132683
2.2358208134628725,-78.13427166967722
1.8759103187771515,-77.00528792306625
1.5175013691288086,-75.84583568514793
1.1606494917959882,-74.65635292362023
0.8054057930237057,-73.43728426361538
0.4518170059654292,-72.18908088548247
0.09992556809286235,-70.91220043650299
-0.25023027392922614,-69.60710695600112
-0.5986163340560857,-68.27427081323872
-0.9452023336404913,-66.91416865741732
-1.2899617275486328,-65.52728337904888
-1.6328715120583475,-64.11410408190129
-1.973912017028102,-62.675126064677194
-2.3130666848436405,-61.21085081154092
-2.650321838642558,-59.72178599057447
-2.985666442287304,-58.20844545921381
-3.3190918545043395,-56.67134927569496
-3.650591579533799,-55.111023715523444
-3.980161016541338,-53.52800129197245
-4.307797209933579,-51.92282077961181
-4.633498602592923,-50.296027239873084
-4.957264793908369,-48.64817204766647
-5.279096304328114,-46.979812918079176
-5.598994347999724,-45.291513932205575
-5.916960614896485,-43.58384556118486
-6.232997063655574,-41.85738468755105
-6.547105726178501,-40.11271462303503
-6.859288524866923,-38.35042512199491
-7.169547103190915,-36.5711123896928
-7.477882670113026,-34.77537908467997
-7.784295858721954,-32.96383431459801
-8.088786599265845,-31.137093624752925
-8.391354006618627,-29.295778978868405
-8.691996282064643,-27.440518731475997
-8.990710629148513,-25.571947591451618
-9.287493183208916,-23.690706576260204
-9.58233895409888,-21.797442956522396
-9.87524178149058,-19.89281019056894
-10.16619430207113,-17.977467848699654
-10.45518792785721,-16.05208152691364
-10.742212834790976,-14.117322749925705
-11.027257960727887,-12.173868863332398
-11.310311011888441,-10.22240291483357
-11.591358476820414,-8.26361352446101
-11.870385646905827,-6.298194743804995
-12.147376642446812,-4.326845904268307
-12.422314443376656,-2.350271454413205
-12.695180923666122,-0.36918078649989283
-12.9659568885289,1.615711947654363
-13.23462211357496,3.6036880313386117
-13.501155385113858,5.594024387952108
-13.765534540871897,7.5859937961444945
-14.027736510456418,9.578865114868314
-14.287737354976336,11.57190351810294
-14.545512305308996,13.56437073899447
-14.801035798589119,15.55552532314405
-15.05428151258456,17.544622890767343
-15.305222397714829,19.53091640744026
-15.553830706560674,21.513656463140393
-15.80007802080577,23.492091559290014
-16.04393527564332,25.465468403504154
-16.285372781769887,27.433032211747026
-16.524360245176005,29.394027017600298
-16.760866785025577,31.347695988349518
-16.994860949994415,33.29328174759547
-17.226310733510022,35.23002670410411
-17.455183588400494,37.15717338660929
-17.681446441518155,39.07396478428866
-17.90506570895313,40.97964469263709
-18.126007312492803,42.87345806446593
-18.34423669801429,44.75465136576102
-18.559718856517833,46.622472936135686
-18.77241834851961,48.47617335361832
-18.982299332521844,50.31500580351663
-19.189325598266315,52.138226451102156
-19.393460605454703,53.945094817859705
-19.594667528584264,55.7348741610457
-19.792909308502086,57.50683185629849
-19.988148711223996,59.2602397830409
-20.180348394496757,60.99437471241168
-20.369470982503973,62.70851869745745
-20.555479149028383,64.40195946531097
-20.738335709286105,66.07399081107339
-20.918003720542902,67.72391299311045
-21.094446591510113,69.35103312946215
-21.267628200398164,70.95466559505488
-21.437513021381505,72.53413241939344
-21.604066259100208,74.0887636843965
-21.76725399069231,75.61789792202744
-21.927043314718848,77.12088251135665
-22.083402506211176,78.5970740746774
-22.236301176940124,80.04583887228233
-22.38571043987957,81.46655319549231
-22.53160307671541,82.85860375751429
-22.673953707135418,84.22138808168948
-22.812738958529014,85.5543148866788
-22.94793763462868,86.85680446811787
-23.07953088153935,88.1282890762616
-23.207502349529193,89.36821328912394
-23.331838348896817,90.57603438060947
-23.452527998186923,91.75122268312157
-23.569563362999777,92.89326194412435
-23.682939583631253,94.00164967612886
-23.792654989789593,95.0758974995682
-23.89871120066344,96.11553147802448
-24.001113208663575,97.12009244526858
-24.099869445228375,98.08913632357577
-24.19499182716956,99.02223443278366
-24.286495782141646,99.91897378956534
-24.37440025194282,100.77895739639929
-24.458727672498597,101.601804519728
-24.53950392953955,102.38715095681277
-24.616758289160092,103.1346492908065
-24.690523302636237,103.84396913358628
-24.76083468508302,104.51479735590881
-24.82773116774657,105.14683830447467
-24.89125432394911,105.73981400551418
-24.951448368934585,106.2934643545356
-25.008359934097548,106.80754729190603
-25.062037816313854,107.28183896396843
-25.112532703328014,107.7161338694309
-25.15989687638478,108.1102449908006
-25.20418389152075,108.46400391067047
-25.24544824115007,108.77726091270523
-25.283744997788713,109.04988506721084
-25.319129441956647,109.28176430121155
-25.351656676478818,109.47280545299714
-25.38138122956884,109.62293431114333
-25.408356649223872,109.73209563804673
-25.432635091581737,109.80025317805527
-25.454266905992263,109.82738965031304
-25.47330021963078,109.81350672647505
-25.489780524533863,109.75862499348484
-25.50375026996256,109.66278390164089
-25.515248462998716,109.52604169821223
-25.524310280252887,109.34847534689388
-25.53096669351008,109.13018043342237
-25.535244112060635,108.87127105769865
-25.53716404436079,108.57187971279004
-25.536742781539758,108.23215715120561
-25.533991105120748,107.8522722388584
-25.528914021152325,107.43241179714583
-25.521510522756728,106.97278043359285
-25.51177338289426,106.47360036151511
-25.499688978921473,105.93511120916753
-25.485237150285055,105.35756981885012
-25.46839109044963,104.74125003644606
-25.449117273904307,104.08644249186816
-25.4273754188361,103.39345437088768
-25.40311848579835,102.66260917881546
-25.376292712443252,101.89424649649834
-25.34683768413131,101.08872172908545
-25.3146864399797,100.24640584800747
-25.279765613669095,99.36768512659947
-25.241995608095298,98.45296086978304
-25.201290802732768,97.50264913820749
-25.157559792370513,96.51718046723201
-25.110705655691586,95.4969995811124
-25.060626251994886,94.44256510273573
-25.007214544205134,93.35434925922628
-24.950358946183243,92.23283758372523
-24.88994369223692,91.07852861362424
-24.825849226639946,89.89193358551346
-24.757952610899217,88.6735761270808
-24.68612794645991,87.42399194618031
-24.610246810512997,86.14372851726532
-24.53017870256334,84.83334476536294
-24.445791499430943,83.49341074774644
-24.356951916392067,82.12450733344475
-24.26352597221885,80.72722588071025
-24.165379455945597,79.30216791255094
-24.06237839327443,77.849944790418
-23.954389510632424,76.3711773861271
-23.84128069500354,74.8664957520807
-23.722921447781253,73.33653878984786
-23.599183331018665,71.78195391715201
-23.46994040459174,70.20339673330852
-23.335069652934642,68.60153068315255
-23.194451400153433,66.97702671949244
-23.047969712473204,65.3305629641257
-22.89551278712245,63.662824367455315
-22.736973326904913,61.97450236674652
-22.572248899852955,60.26629454307125
-22.40124228349435,58.538904276993094
-22.223861793396434,56.793040403055095
-22.040021595775613,55.029416863143155
-21.84964200407517,53.24875235881009
-21.652649759519477,51.45177000265922
-21.44897829574708,49.63919696890162
-21.23856798770731,47.811764143217935
-21.02136638507577,45.97020577207333
-20.797328430501132,44.11525911165364
-20.566416663040712,42.24766407661049
-20.328601407173252,40.368162888824045
-20.083860947795827,38.47749972641411
-19.832181691616807,36.576420373251935
-19.57355831534929,34.66567186924805
-19.307993901089585,32.7460021617139
-19.03550005923352,30.818159758118234
-18.756097039240494,28.88289338058133
-18.469813828502247,26.940951622473023
-18.17668823951012,24.993082607501684
-17.87676698544403,23.04003365170282
-17.570105744227078,21.082550928755133
-17.256769211005327,19.121379139072744
-16.93683113892153,17.15726118313674
-16.610374367958133,15.190937839548152
-16.27749084152832,13.223147448296839
-15.938281610395755,11.254625599753588
-15.59285682340687,9.286104829902495
-15.241335704423019,7.318314322338401
-14.88384651474751,5.351979617558985
-14.520526500253702,3.3878223300834245
-14.151521822338314,1.426559873928558
-13.776987471748338,-0.5310948030302622
-13.39708716426368,-2.4844334752938675
-13.011993217160793,-4.432752886060365
-12.621886405337246,-6.375354983137726
-12.226955795943724,-8.311547143971477
-11.827398560351291,-10.240642389331246
-11.42341976227582,-12.161959585228281
-11.015232120893131,-14.074823632662902
-10.603055747805001,-15.978565644835857
-10.187117856760679,-17.872523111494605
-9.7676524451003,-19.756040050126657
-9.344899945967267,-21.62846714375756
-8.919106850434734,-23.48916186515968
-8.490525298809224,-25.337488587330604
-8.059412640509862,-27.172818680155924
-7.626030962076346,-28.99453059323013
-7.190646583030805,-30.802009924871875
-6.753529519508195,-32.59464947743441
-6.314952915776491,-34.37184929907982
-5.875192443989107,-36.13301671225473
-5.434525672748364,-37.877566329176744
-4.993231405307522,-39.60492005471318
-4.5515889884994,-41.31450707710723
-4.109877593748898,-43.005763847080395
-3.6683754718040724,-44.67813404591401
-3.227359183102628,-46.33106854318549
-2.787102805975824,-47.96402534490743
-2.347877125177124,-49.5764695328875
-1.909948803506257,-51.16787319619557
-1.4735795395769955,-52.73771535568945
-1.039025215046955,-54.28548188261246
-0.6065350348865692,-55.81066541233383
-0.17635066450923276,-57.31276525435616
0.2512946321874807,-58.79128729976174
0.6761768496120837,-60.2457439273127
1.0980820876580744,-61.675653909454724
1.5168073846701482,-63.080542319504815
1.9321615314655745,-64.4599404413243
2.3439658615791856,-65.81338568279389
2.752055012834518,-67.1404214944135
3.1562776553136125,-68.44059729434758
3.5564971808047616,-69.71346840122688
3.9525923488541217,-70.95859597599784
4.344457884633638,-72.1755469740827
4.732005023965513,-73.36389410907648
5.115162001013141,-74.52321582916043
5.49387447435951,-75.65309630735662
5.868105887447504,-76.7531254466848
6.237837759649013,-77.82289890120835
6.603069904564267,-78.86201811387818
6.963820572522305,-79.870090371992
7.320126514660954,-80.8467288809919
7.672042966404096,-81.7915528572191
8.019643548624177,-82.70418764013601
8.363020085274561,-83.58426482441008
8.702282336796454,-84.43142241213445
9.037557649143832,-85.24530498533525
9.368990518823518,-86.02556389878914
9.696742074910851,-86.77185749304337
10.020989479569913,-87.48385132740003
10.341925249175848,-88.16121843249343
10.65975649869991,-88.80363958195773
10.974704112571027,-89.41080358255174
11.287001845764692,-89.98240758197895
11.596895359386643,-90.51815739351618
11.90464119550942,-91.01776783644324
12.210505696479853,-91.48096309115003
12.514763874340296,-91.9074770676879
12.817698236391657,-92.29705378642896
13.119597573267708,-92.64944776940146
13.420755716184937,-92.96442444078278
13.721470270276406,-93.24176053495287
14.022041331109914,-93.48124451044319
14.322770191627344,-93.68267696805734
14.623958046822693,-93.84587107139245
14.925904703499292,-93.97065296795259
15.22890730241229,-94.05686220902123
15.533259060010456,-94.1043521664438
15.839248036842845,-94.11299044447009
16.147155939492244,-94.08265928481345
16.457256962640194,-94.0132559631042
16.76981667756119,-93.90469317494572
17.08509097298815,-93.75689940982237
17.40332505389216,-93.56981931116168
17.724752503280065,-93.34341402091462
18.04959441163834,-93.07766150708919
18.378058578144937,-92.77255687275347
18.710338787238843,-92.42811264511236
19.046614163582657,-92.04435904335863
19.38704860788483,-91.62134422410129
19.731790315467812,-91.15913450328382
20.080971378883948,-90.65781455361733
20.434707475296406,-90.11748757667362
20.793097638764152,-89.53827544890277
21.156224117001173,-88.92031884096582
21.524152311629585,-88.26377730989687
21.89693080041276,-87.5688293637375
22.27459143944865,-86.83567249841133
22.657149542824516,-86.06452320673326
23.04460413678789,-85.25561695957184
23.436938285077986,-84.40920815930437
23.83411948168851,-83.52557006582411
24.23610010700047,-82.60499469547314
24.64281794293281,-81.64779269338513
25.054196742511596,-80.65429317982915
25.470146849055205,-79.62484357124445
25.890565860014135,-78.55980937675247
26.315339330389605,-77.45957397102012
26.744341510584142,-76.32453834443066
27.177436113508968,-75.15512083159413
27.614477105785923,-73.9517568192976
28.05530951793382,-72.7148984350577
28.499770268518496,-71.44501421749163
28.947688997370157,-70.14258876977084
29.398888903127926,-68.80812239746189
29.85318758055703,-67.44213073209224
30.31039785329594,-66.04514434180518
30.770328597925165,-64.61770833048848
31.23278555550403,-63.16038192677379
31.697572126991915,-61.6737380643119
32.164490149254334,-60.158362954729135
32.633340648646865,-58.61485565466593
33.10392456946947,-57.043827628288085
33.57604347488615,-55.44590230664613
34.04950021820712,-53.82171464523753
34.52409958273041,-52.17191068110186
34.999648888633544,-50.49714709074975
35.47595856569178,-48.79809075019313
35.95284269087449,-47.07541829830776
36.43011949013382,-45.32981570471811
36.90761180394789,-43.561977843351556
37.38514751641287,-41.77260807276237
37.86255994789241,-39.96241782427628
38.33968821142911,-38.132126198955184
38.816377533299075,-36.28245957432712
39.29247953824647,-34.4141512217703
39.76785250007169,-32.5279409353816
40.242361558361004,-30.624574673099662
40.71587890224109,-28.70480421079015
41.188283922115815,-26.76938680993704
41.6594633303981,-24.819084899516636
42.12931125228421,-22.854665772567078
42.59772928763753,-20.876901297890612
43.06462654504733,-18.886567647261078
43.52991964911433,-16.884445038432535
43.99353272198382,-14.871317494171777
44.45539734010473,-12.84797261746119
44.91545246713807,-10.815201382940348
45.3736443638729,-8.773797944575252
45.829926475935714,-6.724559459462787
46.28425929999844,-4.668285927594897
46.736610229106084,-2.605780047322417
47.18695337765715,-0.5378470861722834
47.635269386480864,1.5347052334157716
48.08154520836658,3.611066833955948
48.525773874314694,5.690425368999585
48.96795424069578,7.771966296138968
49.40809071742812,9.85487293772784
49.84619297721464,11.938326530206883
50.28227564581963,14.021506263015059
50.71635797331521,16.103589308159705
51.148463486189925,18.183750841610028
51.57861962018533,20.261164057768887
52.00685733371565,22.335000178366585
52.43321070172939,24.404428457206972
52.85771648989092,26.468616182279895
53.28041370899705,28.526728676834168
53.70134314959658,30.57792930108163
54.120546896852375,32.62137945627373
54.538067825774064,34.65623859295795
54.953949077056265,36.68166422528033
55.3682335138811,38.696811953252286
55.780963160185316,40.700835494943746
56.19217862104931,42.69288673059969
56.601918486039295,44.67211576070206
57.010218716521024,46.63767098001419
57.41711201816449,48.58869916964787
57.822627200071835,50.52434560918474
58.22678852218304,52.44375421086232
58.6296150328447,54.34606767779974
59.03111989866365,56.2304276881898
59.431309729007225,58.09597510732027
59.830183897753315,59.94185022920884
60.22773386513238,61.76719304954257
60.62394250273952,63.57114357150324
61.01878342502185,65.35284214593514
61.41222033076457,67.11142984717185
61.80420635830262,68.84604888567993
62.19468345837352,70.55584305851106
62.5835817886944,72.23995823836319
62.97081913449186,73.89754290185405
63.35630035933363,75.52774869739642
63.73991689070208,77.12973105283797
64.12154624480965,78.70264982279194
64.50105159518328,80.24566997533736
64.87828138953412,81.75796231751067
65.25306901938177,83.23870425874816
65.62523254681375,84.68708061116894
65.99457449263195,86.1022844253157
66.36088168996541,87.48351785969582
66.7239252072147,88.82999308219125
67.08346034393449,90.1409332011331
67.43922670295944,91.41557322356957
67.79094834173547,92.65316103799503
68.138334005433,93.85295841855564
68.48107744399485,95.01424204750663
68.81885781480963,96.13630455246948
69.15134017220483,97.21845555482494
69.47817604442666,98.26002272538501
69.79900409821742,99.26035284331348
70.11345089052192,100.21881285411214
70.42113170625541,101.13479092236327
70.72165148045279,102.00769747481507
71.01460580249534,102.83696622932261
71.29958199948544,103.62205520510851
71.57616029521488,104.36244770979032
71.84391504055543,105.05765329863334
72.10241601049708,105.70720870153085
72.35122976247577,106.31067871328729
72.58992105007465,106.86765704288538
72.81805428565585,107.37776711755404
73.03519504499138,107.84066283761993
73.24091160651396,108.25602927832179
73.43477651741094,108.6235833349909
73.61636817843686,108.94307430825228
73.7852724390317,109.21428442617878
73.94108419410193,109.43702930063051
74.08340897365747,109.61115831533394
74.21186451639782,109.73655494359774
74.3260823183118,109.81313699391892
74.42570914739377,109.84085678210631
74.51040851569024,109.81970122893131
74.57986210007047,109.74969188270707
74.63377110336451,109.63088486659493
74.6718575478298,109.46337075083497
74.69386549329028,109.24727435049576
74.69956217273803,108.98275444973227
74.6887390386913,108.67000345392663
74.66121271416276,108.30924697146376
74.61682584270035,107.90074332725578
74.55544783261648,107.44478301047718
74.47697549121386,106.94168805930073
74.38133354554003,106.39181138573208
74.2684750469534,105.79553604392521
74.13838165755281,105.15327444562007
73.99106381730405,104.46546752657619
73.82656079148279,103.73258386807932
73.64494059883887,102.9551187777727
73.44629982166121,102.1335933342079
73.23076329968306,101.26855339962185
72.99848371050395,100.36056860552772
72.74964103991397,99.4102313157562
72.48444194617898,98.41815557160018
72.20311902297973,97.38497602370298
71.90592996628605,96.31134685528575
71.59315665098606,95.19794070123667
71.26510412357581,94.0454475674826
70.92209951764264,92.85457375493674
70.56449089924425,91.62604079216199
70.19264604959272,90.36058438071477
69.80695119269595,89.05895335693548
69.40780967578947,87.72190867373683
68.9956406105074,86.35022240570736
68.57087748279389,84.94467678059986
68.13396673954696,83.50606324001515
67.68536635991586,82.03518153182065
67.22554441904532,80.53283883656728
66.75497765187484,78.99984892988462
66.27415002436521,77.43703138254945
65.7835513192388,75.84521079963699
65.28367574298959,74.22521609987902
64.77502056054841,72.57787983607301
64.25808476358095,70.9040375571104
63.73336777795855,69.20452721192443
63.201368215475426,67.48018859539883
62.66258267439984,65.73186283603006
62.11750459294201,63.9603919248993
61.56662315920613,62.1666182852861
61.01042228067024,60.351384382047264
60.44937961571202,58.51553236968775
59.883965669174984,56.65990377787514
59.314642953451155,54.78533923298068
58.74186521604968,52.89267821408924
58.16607673412731,50.982758841786904
57.587711675980906,49.05641769792384
57.00719352904753,47.11448967445298
56.4249345935263,45.157807849365504
55.84133554033174,43.1872033876804
55.25678503171158,41.20350546539719
54.67165940251604,39.20754121428792
54.08632239979187,37.200135685386186
53.50112497809274,35.18211182902609
52.91640514765105,33.15429048929231
52.33248787234315,31.117490410762922
51.749685014202626,29.07252825545828
51.1682953210926,27.020218627951323
50.58860445403971,24.961374106646204
50.010885050657336,22.896805279292263
49.43539682104371,20.82732078086805
48.862386672530754,18.75372733204437
48.292088859680455,16.676829776515653
47.7247251559758,14.597431115573968
47.160505043731625,12.516332538388994
46.59962591885515,10.434333446550028
46.04227330721454,8.352231471520685
45.48862108952561,6.270822483753884
44.93883173183801,4.190900592312411
44.39305651889323,2.1132581339387344
43.85143578783284,0.03868565061600204
43.31409915995685,-2.0320281452402
42.78116576846485,-4.098096418723085
42.252744480356,-6.1587342741773945
41.72893411091402,-8.21315883131875
41.20982362946089,-10.260589316213316
40.69549235532162,-12.300247167512476
40.1860101432047,-14.331356158250685
39.68143755746272,-16.35314253343083
39.18182603495589,-18.364835163540334
38.687218036493555,-20.365665714063198
38.19764718707572,-22.354868830977708
37.713138405393785,-24.331682342157468
37.233708023277174,-26.295347474523663
36.759363895987406,-28.245109086730245
36.290105504462744,-30.180215917099765
35.825924050802186,-32.09992084646661
35.366802548446685,-34.00348117552611
34.912715908666144,-35.89015891623306
34.46363102509264,-37.75922109673674
34.01950685814987,-39.60994007929423
33.58029452131906,-41.44159389054961
33.145937371247456,-43.253466563523325
32.71637110374892,-45.04484849061122
32.29152385776604,-46.81503678684992
31.87131632935825,-48.56333566266561
31.455661897751646,-50.2890568052848
31.044466765432873,-51.99151976794928
30.63763011419183,-53.67005236604313
30.23504427891654,-55.32399107920731
29.836594940818724,-56.95268145848671
29.442161341621524,-58.5554785375261
29.05161652007201,-60.131747246805375
28.664827571951996,-61.68086282987963
28.28165593455285,-63.20221126056846
27.901957696354863,-64.69518966001883
27.525583932410886,-66.1592067125491
27.15238106568021,-67.5936830791676
26.782191254293345,-68.99805180764746
26.41485280445426,-70.37175873803133
26.050200608406584,-71.7142629024344
25.688066606606057,-73.02503691801176
25.328280272956974,-74.30356737195918
24.970669121687692,-75.5493551974204
24.615059234162118,-76.76191603918475
24.261275803654705,-77.94078060807207
23.909143695857065,-79.08549502291922
23.558488022639377,-80.195621139106
23.20913472636098,-81.27073686258377
22.860911171815633,-82.31043644840271
22.513646742709767,-83.31433078276883
22.167173439409495,-84.2820476477038
21.821326474556685,-85.2132319674256
21.475944863047317,-86.1075460356195
21.130872002789378,-86.96466972282332
20.785956242613477,-87.78430066321161
20.44105143369849,-88.5661544201279
20.09601746089821,-89.30996462978295
19.75072075041286,-90.01548312261025
19.405034750342132,-90.68248002184713
19.058840380783796,-91.31074381899091
18.712026450302744,-91.90008142586314
18.364490035789366,-92.45031820310285
18.01613682295106,-92.96129796499862
17.66688140493548,-93.43288296066173
17.31664753686559,-93.86495383163626
16.965368344374294,-94.25740954613542
16.61298648455372,-94.61016731019076
16.259454258083135,-94.92316245609412
15.90473367166177,-95.19634830860805
15.548796450248123,-95.42969602951429
15.191623998990408,-95.62319444116062
14.833207315120294,-95.77684982975765
14.473546850469857,-95.89068572926205
14.112652325655802,-95.96474268676718
13.75054249735135,-95.99907801040025
13.387244880431279,-95.99376550079927
13.02279542712484,-95.94889516731271
12.657238165642113,-95.86457293012724
12.290624801047052,-95.74092030958577
11.923014281433339,-95.57807410400872
11.554472332712766,-95.37618605737373
11.18507096554909,-95.13542251824498
10.814887958159733,-94.85596409137051
10.44400631886257,-94.53800528338606
10.072513732362909,-94.18175414407457
9.700501993856886,-93.78743190463459
9.328066435069914,-93.35527261440396
8.955305346353764,-92.8855227774729
8.582319398932697,-92.3784409905968
8.209211071319023,-91.83429758379026
7.836084083812743,-91.2533742649439
7.463042844859562,-90.63596376976055
7.090191912869557,-89.98236951825317
6.717635476895869,-89.29290527898635
6.345476859343409,-88.56789484217636
5.973818043622458,-87.80767170269019
5.602759229386995,-87.01257875390786
5.232398417702111,-86.18296799332438
4.862831028176943,-85.31920024068357
4.494149549778584,-84.42164486934107
4.126443226714416,-83.49067955146054
3.759797780438131,-82.52669001754911
3.3942951685016194,-81.53006983073887
3.0300133806448404,-80.50122017612193
2.6670262721916984,-79.44054966534617
2.3054034345053207,-78.34847415657845
1.945210101953542,-77.22541658984493
1.5865070945480948,-76.07180683765951
1.2293507951509426,-74.88808157075928
0.8737931598911821,-73.67468413867249
0.519881760207225,-72.43206446475892
0.1676598547239223,-71.16067895527762
-0.18283351100637013,-69.86099042195906
-0.5315633790250125,-68.53346801748528
-0.8784987300052727,-67.17858718321236
-1.2236123131647503,-65.79682960840873
-1.566880457484423,-64.38868320022537
-1.9082828667165188,-62.954642063564876
-2.247802400686041,-61.495206489972475
-2.5854248453898485,-60.01088295463595
-2.9211386743708943,-58.50218412055041
-3.2549348037975854,-56.9696288488818
-3.5868063436080426,-55.41374221454468
-3.9167483469903885,-53.8350555260012
-4.244757560362878,-52.23410634828289
-4.5708321758951875,-50.61143852824024
-4.894971588475052,-48.967602221032756
-5.2171761588761,-47.30315391688617
-5.537446984724113,-45.618656467162964
-5.8557856806929145,-43.91467910881623
-6.172194169189485,-42.19179748632632
-6.486674482612322,-40.45059367025226
-6.799228578090645,-38.69165617156753
-7.109858165435213,-36.91557995098977
-7.4185645488573755,-35.122966422557404
-7.725348482842357,-33.31442345075227
-8.030210042398053,-31.490565340515417
-8.333148507742134,-29.65201281955246
-8.634162263340777,-27.799393012376623
-8.933248711071613,-25.933339405588463
-9.230404197153646,-24.054491803944327
-9.525623952368111,-22.163496276817195
-9.81890204498741,-20.261005094705748
-10.11023134573546,-18.347676655498628
-10.399603504021123,-16.42417540025116
-10.687008934619058,-14.491171718280444
-10.972436813917383,-12.549341841432334
-11.255875084810569,-10.599367727419157
-11.537310469288165,-8.641936932170433
-11.816728487754794,-6.677742471180206
-12.094113484114846,-4.707482669873254
-12.369448655664755,-2.7318610030490227
-12.642716086857504,-0.7515859234955222
-12.913896786036034,1.2326293201032286
-13.182970724274853,3.2200668758145774
-13.44991687552075,5.210004491482021
-13.71471325728433,7.201715727927284
-13.977336971201535,9.194470182109347
-14.237764242859129,11.187533720002547
-14.495970460358379,13.180168718940902
-14.751930211175747,15.171634319163353
-15.005617316968134,17.161186684284207
-15.25700486606063,19.14807927040537
-15.506065243447473,21.13156310358059
-15.75277015822931,23.110887065338254
-15.997090668501876,25.085298185966522
-16.23899720380154,27.054041945264014
-16.47845958530061,29.016362580459518
-16.715447044028856,30.97150340100592
-16.949928237476936,32.918707109956046
-17.181871265010535,34.85721613163146
-17.411243682590868,36.78627294529903
-17.638012517356707,38.70512042457427
-17.862144282674226,40.613002182275025
-18.083604994303553,42.50916292045305
-18.302360188363828,44.39284878533556
-18.518374941801454,46.263307726912345
-18.731613896079025,48.11978986290754
-18.942041284803437,49.96154784687755
-19.14962096600292,51.7878372401784
-19.354316459741277,53.59791688754874
-19.556090991725522,55.39104929604805
-19.754907543519966,57.16650101709976
-19.950728909924507,58.923543031375274
-20.14351776400973,60.661451136258385
-20.33323673022489,62.379506335622494
-20.519848465909405,64.07699523164732
-20.703315751442585,65.75321041839497
-20.88360158916277,67.40745087685642
-21.060669311075674,69.03902237117035
-21.23448269525336,70.64723784570519
-21.405006090702056,72.23141782268425
-21.572204550349,73.7908908000204
-21.736043971668007,75.32499364901422
-21.896491244330928,76.83307201155476
-22.05351440414032,78.31448069644811
-22.20708279236756,79.76858407448361
-22.357167219493256,81.1947564718322
-22.503740132223744,82.59238256135659
-22.646775782541063,83.96085775139768
-22.78625039743507,85.29958857158663
-22.922142347867467,86.60799305521782
-23.05443231542946,87.88550111770476
-23.18310345507958,89.13155493062789
-23.30814155228677,90.34560929087158
-23.42953517285776,91.52713198433817
-23.547275803697875,92.67560414371715
-23.661357982742395,93.79052059978083
-23.771779416301168,94.87139022567314
-23.878541082084332,95.9177362736532
-23.981647316220467,96.92909670375627
-24.081105882642866,97.90502450383346
-24.17692802330234,98.84508800043663
-24.269128487767638,99.74887116001923
-24.357725540896023,100.61597387993316
-24.442740947396217,101.44601226871163
-24.52419993226281,102.23861891514164
-24.60213111623421,102.9934431456455
-24.67656642561412,103.71015126950877
-24.74754097599706,104.38842681151378
-24.815092929651122,105.0279707315596
-24.879263326532307,105.6285016308765
-24.940095889133616,106.18975594446937
-24.997636801605957,106.7114881194553
-25.051934463823848,107.19347077899168
-25.10303922130528,107.63549487152497
-25.151003072129104,108.03736980512485
-25.1958793522216,108.39892356670578
-25.23772240060574,108.72000282597389
-25.27658720641743,109.00047302397716
-25.312529039691732,109.24021844617442
-25.345603068106286,109.43914227997884
-25.375863962035933,109.59716665677091
-25.403365490420335,109.71423267841494
-25.428160110074405,109.79030042835248
-25.450298551175063,109.82534896738413
-25.469829401740267,109.81937631428862
-25.48679869397176,109.7723994114647
-25.501249495364355,109.6844540758156
-25.513221507489106,109.55559493513
-25.52275067533619,109.38589535024458
-25.52986881005586,109.17544732330238
-25.534603227861993,108.92436139244992
-25.536976407764364,108.63276651333972
-25.53700567067311,108.30080992782852
-25.53470288227312,107.92865702028134
-25.530074181899437,107.5164911619091
-25.523119739458103,107.06451354358262
-25.513833542233197,106.57294299757731
-25.502203213200954,106.04201580871316
-25.488209862239867,105.4719855153605
-25.471827971382105,104.86312270078639
-25.45302531500088,104.21571477531752
-25.43176291557117,103.53006574979437
-25.407995035382623,102.80649600078748
-25.381669204323178,102.04534202804025
-25.352726283595427,101.24695620459497
-25.321100564975687,100.41170652004699
-25.286719904980966,99.53997631736073
-25.249505893074733,98.63216402366595
-25.209374052819495,97.68868287543731
-25.1662340746753,96.70996063844268
-25.119990078950742,95.6964393228273
-25.070540907236943,94.64857489368141
-25.01778044049823,93.56683697741825
-24.961597941856038,92.45170856426915
-24.90187842198589,91.30368570718028
-24.83850302495186,90.12327721737499
-24.771349432229055,88.91100435682374
-24.70029228261273,87.6674005278424
-24.625203605681094,86.39301096001947
-24.545953266469905,85.08839239465178
-24.462409419027118,83.75411276684994
-24.374438966546045,82.39075088545397
-24.281908025824595,80.99889611088761
-24.184682393863802,79.57914803105533
-24.08262801450101,78.13211613537936
-23.97561144306961,76.65841948705625
-23.8635003071864,75.15868639360194
-23.74616376188788,73.63355407574451
-23.62347293746654,72.08366833471523
-23.495301378495608,70.50968321798214
-23.361525472673005,68.91226068346614
-23.22202486826242,67.29207026227593
-23.07668287905789,65.64978871999847
-22.92538687594661,63.98609971658195
-22.768028664292927,62.30169346485155
-22.604504846509514,60.59726638770309
-22.434717169321893,58.87352077402623
-22.258572855365237,57.13116443341794
-22.075984918878042,55.37091034975654
-21.886872465374445,53.59347633371895
-21.69116097528364,51.79958467433725
-21.488782571641593,49.98996178970572
-21.2796762720049,48.165337876965694
-21.063788224829285,46.32644656171358
-20.841071930615332,44.47402454699611
-20.61148844817125,42.608811262076564
-20.37500658637596,40.731548511177046
-20.131603081847185,38.84298012242259
-19.88126276292627,36.94385159723575
-19.623978700386605,35.03490976045222
-19.359752345255167,33.11690241145119
-19.08859365410669,31.190577976616606
-18.810521202149772,29.25668516346853
-18.52556228437264,27.315972616825867
-18.23375300495539,25.369188577383838
-17.93513835508603,23.417080543110433
-17.629772279240235,21.460394933886796
-17.317717729900753,19.49987675983511
-16.999046710603462,17.53626929379575
-16.67384030710337,15.570313748431523
-16.342188706358314,13.602748958451436
-16.004191202929697,11.634311068458999
-15.659956192303024,9.665733226940421
-15.30960115053362,7.697745286916194
-14.95325259953037,5.731073513784895
-14.591046057200245,3.7664403008909693
-14.223125971592985,1.8045638933478134
-13.849645638108406,-0.15384187935566018
-13.470767098760572,-2.1080678614435477
-13.0866610224341,-4.057409819125066
-12.697506565020298,-6.001168678552377
-12.30349120828533,-7.938650752983513
-11.90481057630042,-9.869167958690879
-11.501668228256165,-11.792038019180543
-11.094275426490938,-13.706584657316508
-10.682850878587093,-15.61213777497671
-10.267620452429597,-17.508033619904264
-9.848816863180357,-19.393614939457915
-9.42667933119808,-21.268231121010185
-9.00145321002864,-23.13123831878972
-8.573389583704628,-24.98199956701626
-8.142744832725224,-26.81988487923191
-7.709780168237991,-28.64427133379082
-7.2747611341133585,-30.45454314553128
-6.837957076788669,-32.25009172371841
-6.399640582961737,-34.0303157164127
-5.960086885432677,-35.794621041488774
-5.5195732376261155,-37.54242090459952
-5.078378257572496,-39.27313580445336
-4.636781242385425,-40.986193525845344
-4.195061454539616,-42.681029120956765
-3.7534973815304618,-44.35708487951192
-3.3123659707771083,-46.01381028845362
-2.8719418419159375,-47.65066198187169
-2.432496478917038,-49.26710368198924
-1.9942974047398465,-50.86260613207989
-1.5576073415232514,-52.436647022255315
-1.1226833595772483,-53.98871090912453
-0.689776018704297,-55.51828913038513
-0.25912850562643186,-57.024879715460905
0.16902422847455156,-58.50798729334883
0.5944563260845257,-59.96712299888255
1.0169518727433449,-61.40180437865582
1.4363057331168747,-62.81155529788126
1.8523243690456432,-64.19590584948183
2.2648266347551314,-65.55439226672982
2.6736445443403376,-66.8865568407552
3.078624006599828,-68.19194784424539
3.479625522294544,-69.47011946264983
3.876524838944965,-70.72063173418513
4.269213558359326,-71.94305049990976
4.6575996922051495,-73.13694736510267
5.041608161098095,-74.30189967313473
5.421181232885093,-75.43749049296903
5.796278896044429,-76.543308621365
6.166879164409398,-77.61894860078549
6.532978309750479,-78.66401075393524
6.89459101911196,-79.67810123576314
7.251750474200527,-80.66083210367142
7.604508350556408,-81.6118214065711
7.952934734701877,-82.53069329331507
8.297117957954471,-83.41707814092615
8.637164346107195,-84.27061270291836
8.973197884714413,-85.09094027788578
9.305359800272589,-85.87771089840729
9.633808058147244,-86.63058154018469
9.958716778665256,-87.34921635120126
10.280275573360653,-88.03328690055541
10.598688803926539,-88.68247244649163
10.914174766981315,-89.29646022302096
11.226964808297925,-89.87494574439326
11.537302370665786,-90.41763312655891
11.84544198005107,-90.92423542463484
12.151648175187322,-91.3944749852736
12.456194386160274,-91.82808381272253
12.759361767943833,-92.22480394725665
13.061437995194439,-92.58438785457048
13.362716024915063,-92.90659882462683
13.663492833854226,-93.19121137837982
13.964068137707487,-93.43801168071914
14.264743099336396,-93.6467979579228
14.5658190333112,-93.81738091785496
14.867596114117939,-93.9495841711076
15.170372095347052,-94.04324465125563
15.474441047099786,-94.09821303237965
15.780092118710977,-94.11435414200493
16.087608333693474,-94.09154736761151
16.397265423562768,-94.02968705488802
16.70933070690239,-93.92868289593062
17.02406201968429,-93.78846030562795
17.341706702467484,-93.608960784523
17.662500649666196,-93.39014226650355
17.98666742561,-93.13197944974148
18.314417451617935,-92.83446410938137
18.645947267780233,-92.49760539056459
18.981438872591823,-92.12143008047032
19.321059143014466,-91.70598285815691
19.66495933696652,-91.25132652109356
20.01327467965492,-90.75754218738642
20.366124034579165,-90.22472947281969
20.723609659457026,-89.65300664195398
21.085817046751167,-89.04251073264685
21.452814847920568,-88.39339765348733
21.824654879984358,-87.70584225376129
22.201372212473565,-86.98003836569215
22.582985332362,-86.21619881882681
22.969496384114457,-85.41455542656152
23.360891481572942,-84.57535894492426
23.757141088020525,-83.69887900385032
24.158200460422588,-82.78540401130233
24.564010153545738,-81.83524103069885
24.974496579399663,-80.8487156322216
25.389572617234865,-79.82617171867331
25.80913826916219,-78.76797132665398
26.233081356337046,-77.6744944039132
26.661278250571666,-76.54613856381962
27.093594636202607,-75.38331881796516
27.52988629704554,-74.18646728799233
27.96999992331417,-72.95603289779451
28.41377393346255,-71.69248104729671
28.861039306027916,-70.39629326907166
29.311620416701235,-69.0679668690887
29.76533587603318,-67.70801455292721
30.221999363389976,-66.31696403881445
30.68142045300408,-64.89535765886882
31.14340542821538,-63.44375194994359
31.60775808026645,-61.9627172354754
32.07428048829631,-60.452837199742916
32.54277377746895,-58.914708455938054
33.01303885247091,-57.348940109442964
33.484877103914414,-55.75615331769099
33.95809108548526,-54.13698084797121
34.43248515997466,-52.492066634511524
34.90786611262992,-50.82206533614693
35.3840437305457,-49.12764189584757
35.86083134709559,-47.40947110334466
36.33804635066841,-45.668237162052414
36.81551065722495,-43.90463326144182
37.293051146425974,-42.11936115597546
37.770500061300055,-40.313130751664396
38.247695371619784,-38.48665970125647
38.72448110133453,-36.64067300901195
39.200707620568735,-34.7759026459662
39.67623190283405,-32.89308717652147
40.1509177482231,-30.992971397149383
40.62463597345136,-29.07630598792412
41.09726456969167,-27.14384717754273
41.5686888292053,-25.19635642242113
42.038801441811245,-23.234600100394154
42.50750256225891,-21.259349219467236
42.97469984957087,-19.271379142008396
43.44030847941151,-17.271469324689626
43.90425113050928,-15.2604030744152
44.3664579461202,-13.238967320397997
44.82686647146726,-11.20795240246758
45.28542156802746,-9.168151875614308
45.742075305466585,-7.120362330692913
46.19678683194314,-5.065383231126162
46.64952222341889,-3.004016765365017
47.100254312526275,-0.9370677147757207
47.54896249745386,1.1346566634630553
47.99563253122233,3.2103467389586533
48.44025629163662,5.289190596794045
48.88283153211627,7.3703741129951155
49.323361613528746,9.453081017553938
49.76185521707915,11.5364929458785
50.198326038247735,13.619789479631908
50.63279246171418,15.702148178016296
51.06527721716699,17.78274460064841
51.495807015868095,19.860752323264474
51.92441216782889,21.935342947581145
52.35112617945411,24.005686106726255
52.775985331527096,26.070949467737535
53.19902823744279,28.130298732708354
53.62029538164481,30.182897640236646
54.039828638291134,32.22790796890516
54.45767077025794,34.26448954458825
54.87386490869451,36.29180025344045
55.288454013462825,38.3089960624758
55.70148031493337,40.315231049692045
56.11298473776328,42.309657445730736
56.52300630745293,44.29142568909136
56.931581540662464,46.25968449693437
57.33874382046803,48.21358095351369
57.744522757947756,50.15226061827304
58.14894354170882,52.07486765562134
58.55202627719561,53.980544988370326
58.95378531785508,55.86843447677146
59.35422859047432,57.73767712502826
59.75335691724706,59.58741331708508
60.1511633373657,61.41678308340224
60.54763243117162,63.22492640032137
60.942739650126,65.01098352350274
61.3364506560834,66.77409535677886
61.72872067355709,68.51340385761549
62.119493858856664,70.22805248020312
62.50870269015007,71.91718665701836
62.89626738265292,73.57995431949772
63.282095333272764,75.21550645825498
63.666080599133146,76.82299772305014
64.0481034144686,78.4015870624823
64.42802975041502,79.95043840313366
64.80571092221692,81.46872136763673
65.1809832483328,82.95561203087547
65.55366776583956,84.41029371326196
65.92357000641601,85.83195780975906
66.2904798370212,87.21980465304442
66.65417136917782,88.57304440893711
67.01440294052011,89.89089800193499
67.3709171719732,91.17259806844272
67.72344110359526,92.41738993500769
68.07168641173647,93.62453261862716
68.41534970975232,94.79329984594742
68.75411293405377,95.92298108794536
69.08764381678716,97.01288260646817
69.41559644591459,98.06232850881023
69.73761191291467,99.07066180632812
70.05331904774908,100.03724547293899
70.3623352401437,100.96146349921506
70.66426734562333,101.84272193767882
70.95871267411711,102.68044993482411
71.2452600583255,103.4741007453338
71.52349099841487,104.22315272394226
71.79298087898623,104.92711029039705
72.0533002536587,105.58550486301039
72.30401619202011,106.19789575635994
72.54469368313413,106.76387103879676
72.77489708926001,107.28304834554893
72.99419164294426,107.75507564336914
73.20214498018831,108.17963194286544
73.39832870198744,108.55642795487303
73.58231995618006,108.88520668747125
73.75370303124464,109.16574398052241
73.91207095344151,109.3978489749051
74.0570270785187,109.58136451393328
74.18818666908935,109.71616747478983
74.30517844874517,109.80216902815899
74.40764612399597,109.83931482461126
74.49524986522232,109.82758510667624
74.5676677379945,109.76699474592863
74.62459707634844,109.65759320480942
74.66575578991231,109.49946442330194
74.69088359714988,109.29272663098175
74.69974317741911,109.03753208535336
74.69212123503877,108.73406673777534
74.66782946910487,108.38254982865338
74.62670544339795,107.98323341394708
74.56861335136803,107.53640182538632
74.49344467186921,107.04237106712594
74.4011187120341,106.50148815187825
74.29158303442449,105.91413037985365
74.16481376636057,105.2807045641018
74.02081579011093,104.60164620608506
73.85962281341148,103.87741862552411
73.68129732056639,103.10851204873619
73.48593040516297,102.29544265983532
73.27364148619418,101.43875161928247
73.04457791012595,100.5390040543601
72.79891444216,99.59678802620023
72.53685265062421,98.6127134780188
72.25862018906453,97.58741116920126
71.96446998120993,96.52153159984564
71.65467931453036,95.4157439303022
71.32954884860384,94.27073490015218
70.98940154494817,93.0872077509455
70.63458152535281,91.86588115686902
70.2654528660656,90.60748816734494
69.8823983354452,89.31277516536608
69.48581808288208,87.98250084516152
69.07612828691948,86.61743521255669
68.65375977057073,85.21835861114604
68.21915659183092,83.78606077713988
67.77277461732288,82.3213399254775
67.31508008689943,80.82500186952399
66.84654817685026,79.29785917638559
66.36766156913491,77.74073035959381
65.87890903378717,76.15443911062255
65.38078403131388,74.53981357041735
64.87378334154798,72.89768564183453
64.35840572501475,71.22889034361081
63.835150622437794,69.53426520621528
63.30451689755026,67.8146497096738
62.76700162789385,66.07088476320575
62.22309894778712,64.30381222627388
61.673298947130476,62.51427447042167
61.1180866291927,60.70311398106022
60.55794092999892,58.871172998169264
59.99333380141452,57.019293194694605
59.42472935950097,55.14831539125828
58.85258309920944,53.25907930564837
58.277341175982016,51.352423335421896
57.699439754351104,49.429184371838666
57.119304423168316,47.49019764324391
56.53734967665838,45.53629658593508
55.95397846008357,43.56831274048065
55.369581778421946,41.58707567140855
54.78453836611092,39.59341290814531
54.19921441558709,37.588149905066196
53.61396336206583,35.57211001850916
53.02912572175062,33.546114498611125
52.44502898044227,31.5109824938435
51.86198752933457,29.46753106615327
51.28030264463187,27.416575214656017
50.70026250750987,25.358927905877373
50.12214226085891,23.29540010859745
49.54620409920096,21.226800831419606
48.972697388155616,19.153937161257495
48.401858809845564,17.077614301013945
47.8339125306766,14.998635604809166
47.26907038800039,12.917802609204205
46.70753209226752,10.835915058957614
46.14948544140286,8.753770925947551
45.595106544282096,6.672166419988127
45.0445600503564,4.591895990366389
44.49799938265945,2.5137523170246525
43.95556697163412,0.4385262904111409
43.41739448743528,-1.63299302088022
42.88360306859527,-3.700018415463154
42.35430354518078,-5.76176461819229
41.82959665481849,-7.817448353469285
41.309573250223046,-9.866288433322977
40.794314497119885,-11.907505860675265
40.28389206171668,-13.940323948117307
39.77836828713818,-15.963968452436365
39.27779635849748,-17.97766772505196
38.78222045653074,-19.980652878441315
38.2916758999703,-21.972157968558204
37.806189277070374,-23.951420193176432
37.32577856692904,-25.917680106019226
36.85045325146778,-27.87018184646865
36.38021441913376,-29.808173384584943
35.91505486157924,-31.730906781104125
35.45495916474481,-33.637638462023055
34.99990379592694,-35.52762950732728
34.54985718854753,-37.40014595335613
34.10477982645453,-39.25445910825994
33.664624329679334,-41.089845879943624
33.229335543645625,-42.90558911585083
32.79885063387282,-44.70097795389605
32.373099188241476,-46.47530818380972
31.952003328888022,-48.22788261812077
31.53547783577199,-49.958011471962465
31.1234302839103,-51.66501275085045
30.715761196200084,-53.348212645547825
30.312364213654973,-55.00694593309821
29.91312628475901,-56.64055638307798
29.517927875499943,-58.24839716808909
29.126643201478522,-59.82983127748792
28.73914048330541,-61.38423193332023
28.3552822262929,-62.910983007410515
27.97492552522656,-64.40947943853385
27.59792239476423,-65.87912764858063
27.22412012575808,-67.31934595661048
26.85336166753246,-68.72956498967862
26.48548603587741,-70.10922808931011
26.120328746238776,-71.4577917124906
25.757722271302182,-72.77472582604041
25.39749652188344,-74.05951429323954
25.039479349754583,-75.31165525157618
24.683497070755728,-76.53066148049976
24.329375006271334,-77.71606075807262
23.976938040888168,-78.86739620543148
23.62601119380401,-79.98422661799087
23.276420201324363,-81.06612678234715
22.92799210757122,-82.11268777787183
22.58055586033638,-83.12351726201886
22.233942908844647,-84.0982397384098
21.887987800050897,-85.03649680680628
21.542528769982717,-85.93794739412876
21.197408326558055,-86.80226796573459
20.852473820256847,-87.62915271622838
20.507577999008667,-88.4183137391404
20.162579543674823,-89.16948117487789
19.817343580555104,-89.88240333642563
19.47174216743516,-90.5568468123495
19.125654749811325,-91.19259654673601
18.7789685840842,-91.78945589578477
18.43157912469993,-92.34724666085754
18.083390372437254,-92.86580909787659
17.734315181287585,-93.34500190305636
17.38427552165203,-93.78470217504594
17.03320269788162,-94.18480535365457
16.681037518511534,-94.54522513542669
16.327730417884467,-94.86589336642926
15.973241528218526,-95.14675991270863
15.61754070154814,-95.38779250896803
15.260607481348272,-95.58897658610948
14.90243102403915,-95.75031507837345
14.543009970956994,-95.87182821089728
14.182352271760895,-95.95355326859703
13.82047496062474,-95.99554434735718
13.457403886930123,-95.9978720885876
13.093173402529064,-95.96062339827786
12.727826007979907,-95.88390115174221
12.36141196047228,-95.76782388530765
11.993988846444653,-95.61252547624814
11.625621122157874,-95.41815481231305
11.256379625716802,-95.18487545223452
10.886341064228914,-94.9128652786274
10.515587479949673,-94.602316144717
10.144205699390263,-94.253433516343
9.772286769450972,-93.86643611069148
9.399925384693784,-93.44155553320468
9.027219309879685,-92.97903591410457
8.654268801870437,-92.47913354594662
8.28117603493158,-91.94211652359088
7.908044533374267,-91.3682643879404
7.53497861534012,-90.75786777475322
7.162082851366714,-90.11122806978065
6.7894615411746715,-89.42865707142641
6.417218211892306,-88.71047666205463
6.045455140684069,-87.95701848900259
5.674272904476702,-87.16862365627648
5.3037699591861625,-86.34564242782494
4.934042250541879,-85.48843394319879
4.565182858286478,-84.59736594631244
4.197281675202156,-83.67281452792989
3.830425122083078,-82.71516388239958
3.464695899440297,-81.72480607906506
3.1001727763943965,-80.70214084867746
2.7369304168859205,-79.64757538503643
2.3750392430166247,-78.56152416198591
2.0145653350298733,-77.44440876579245
1.6555703671475115,-76.29665774283646
1.2981115782075285,-75.11870646245251
0.9422417757923984,-73.91099699466227
0.5880093723048958,-72.67397800245482
0.23545845123960518,-71.40810464818857
-0.11537113828928547,-70.1138385136024
-0.46444366086117483,-68.79164753285602
-0.8117273501357012,-67.44200593794619
-1.1571942426521815,-66.0653942157833
-1.500819992462091,-64.66229907615511
-1.8425836690688193,-63.233213429753704
-2.182467541177484,-61.778636375396516
-2.5204568487605634,-60.29907319553478
-2.856539565924013,-58.79503535911131
-3.190706157014546,-57.26704053080432
-3.5229493283430457,-55.715612585676965
-3.8532637778138366,-54.14128162823954
-4.181645944645506,-52.54458401492755
-4.508093761249459,-50.926062378998665
-4.832606409197801,-49.28626565685981
-5.155184081065798,-47.62574911484786
-5.4758277497774515,-45.94507437550567
-5.7945389469179105,-44.24480944241887
-6.11131955130568,-42.5255287227066
-6.426171588942793,-40.78781304629172
-6.739097045284559,-39.032249681112376
-7.050097690593592,-37.2594323434768
-7.359174918968172,-35.469961202805514
-7.666329601463445,-33.66444288005103
-7.971561953557931,-31.84349043913286
-8.274871417058222,-30.007723370774556
-8.576256556383242,-28.157767568180784
-8.875714969027026,-26.2942552940438
-9.173243209867017,-24.417825138420852
-9.468836728863721,-22.529121967076424
-9.762489821588673,-20.628796859935033
-10.05419559192097,-18.71750703934186
-10.343945926168857,-16.795915787878684
-10.631731477802688,-14.864692355532021
-10.917541661928066,-12.924511856057721
-11.201364658584609,-10.97605515243238
-11.483187423925159,-9.020008731325632
-11.762995708312932,-7.057064566569057
-12.040774080369271,-5.087919971636861
-12.316505956012396,-3.1132774411901245
-12.590173631546513,-1.1338444817707956
-12.861758319891084,0.8496665682369162
-13.131240189080444,2.836538729231312
-13.398598402214336,4.826050581431404
-13.663811158098284,6.817476476132727
-13.92685573187979,8.810086756963976
-14.187708515059288,10.803147990909878
-14.44634505433411,12.795923208850114
-14.70274008881795,14.787672155351144
-14.956867585265723,16.77765154743716
-15.208700771024297,18.76511534205795
-15.458212164521974,20.749315011965088
-15.705373603201835,22.7294998297035
-15.950156268896482,24.704917159422585
-16.192530710732495,26.67481275621015
-16.432466865740682,28.638431072652498
-16.66993407743301,30.595015572325316
-16.904901112686904,32.54380904992277
-17.13733617735211,34.484053957734865
-17.367206931063564,36.414992738187316
-17.594480501804373,38.33586816216207
-17.819123500816072,40.24592367282114
-18.041102038497698,42.14440373466045
-18.260381741969614,44.03055418752519
-18.476927775003453,45.903622605321296
-18.690704861033744,47.76285865916178
-18.9016773099707,49.607514484688856
-19.10980904952618,51.436845053315224
-19.315063661746343,53.25010854712852
-19.517404425414135,55.04656673720379
-19.716794364943976,56.825485365067124
-19.913196306337763,58.586134527052074
-20.106572940708325,60.32778906128715
-20.296886895801933,62.049728937047966
-20.484100815867635,63.75123964620226
-20.668177450127445,65.43161259646875
-20.849079749999078,67.09014550620303
-21.026770975113028,68.72614280041387
-21.201214808048846,70.33891600770349
-21.372375477592755,71.92778415781336
-21.54021789019199,73.49207417944505
-21.70470776915061,75.03112129801235
-21.86581180097985,76.54426943296664
-22.023497788183477,78.03087159432367
-22.177734807627544,79.49029027800417
-22.328493373515695,80.92189785958628
-22.475745603867043,82.32507698605178
-22.61946538927586,83.69922096509401
-22.759628562622133,85.04373415153913
-22.896213068300845,86.3580323304194
-23.02919912944795,87.6415430962223
-23.15856941156282,88.89370622782691
-23.284309180863282,90.11397405862883
-23.40640645565928,91.3018118413389
-23.524852148999596,92.45669810694086
-23.63964020082903,93.57812501727683
-23.750767697896457,94.66559871072907
-23.858234979675192,95.71863964046082
-23.962045728597214,96.73678290467802
-24.062207042962896,97.71957856837349
-24.158729490967104,98.66659197601875
-24.25162714438168,99.57740405467355
-24.34091759055179,100.45161160699067
-24.426621921500143,101.28882759360427
-24.50876469908651,102.08868140440248
-24.58737389534026,102.85081911820016
-24.662480807268352,103.5749037503461
-24.734119945639872,104.26061548781873
-24.802328897458374,104.90765191138746
-24.867148162053173,105.5157282044419
-24.92862096094813,106.08457734811827
-24.986793021899608,106.61395030238216
-25.041712337730992,107.10361617275788
-25.09342890082774,107.55336236242762
-25.141994414391327,107.96299470945901
-25.187461981780434,108.33233760895483
-25.229885775490704,108.66123411995679
-25.269320687537512,108.94954605697302
-25.30582196320773,109.1971540660374
-25.339444820333195,109.40395768524921
-25.370244056409252,109.56987538977984
-25.398273646033314,109.69484462137362
-25.423586331269938,109.77882180240834
-25.446233207658203,109.82178233461966
-25.46626330866287,109.82372058263132
-25.48372319143241,109.78464984246952
-25.49865652676246,109.70460229527492
-25.51110369617322,109.58362894645961
-25.52110139899308,109.42179955058819
-25.528682272297633,109.21920252229216
-25.5338745264851,108.97594483355466
-25.53670159917509,108.69215189772804
-25.537181829999604,108.36796744067021
-25.53532815871388,108.00355335940657
-25.531147848891948,107.59908956874136
-25.524642239288585,107.1547738362591
-25.515806524749117,106.67082160616845
-25.504629568331467,106.14746581245087
-25.491093746074846,105.58495668178423
-25.475174825608253,104.98356152671496
-25.456841879542225,104.3435645295553
-25.43605723433113,103.66526651748008
-25.412776455034805,102.94898472929563
-25.386948366148204,102.19505257434591
-25.35851510841014,101.40381938401464
-25.327412231249312,100.57565015627081
-25.293568820279237,99.71092529369321
-25.256907659017365,98.81004033539597
-25.21734542377823,97.87340568326069
-25.17479291047909,96.90144632286467
-25.129155291900247,95.89460153947542
-25.0803324037631,94.85332462946339
-25.028219057828586,93.77808260746339
-24.972705380077105,92.66935590959581
-24.91367717191089,91.52763809303636
-24.851016292219757,90.35343553220103
-24.78460105807379,89.14726711179675
-24.714306661749035,87.90966391695432
-24.640005601758833,86.64116892065942
-24.561568125547844,85.34233666865246
-24.47886268151462,84.01373296197502
-24.391756378052857,82.65593453729483
-24.30011544734896,81.26952874515126
-24.203805711734283,79.85511322621898
-24.10269305047138,78.41329558570085
-23.996643864945447,76.94469306591805
-23.885525540341128,75.44993221718457
-23.769206902000846,73.92964856701016
-23.64755866479139,72.38448628770105
-23.520453873938774,70.81509786238641
-23.387768335935792,69.22214374952836
-23.249381038270275,67.60629204593552
-23.105174556872722,65.96821814833366
-22.955035450328708,64.30860441351257
-22.79885464005154,62.628139817106806
-22.636527775752608,60.927519611035734
-22.467955585690653,59.2074449796723
-22.293044211311965,57.4686226947797
-22.1117055260244,55.71176476930403
-21.92385743796329,53.93758811008345
-21.729424176719775,52.146814169586825
-21.52833656409703,50.34016859677015
-21.320532269050837,48.51838088719504
-21.10595604704197,46.68218403253076
-20.884559964094443,44.832314169620496
-20.656303605899087,42.96951022927128
-20.421154272342804,41.09451358498923
-20.179087157862444,39.20806770186079
-19.9300855180373,37.310917785845376
-19.674140822826466,35.40381043372442
-19.41125289684746,33.48749328401754
-19.14143004705948,31.562714669155955
-18.864689178182275,29.630223269269766
-18.58105589612588,27.69076776792427
-18.290564599653734,25.745096510206338
-17.993258560427304,23.793957163539236
-17.689189991510744,21.838096381668958
-17.378420104325137,19.878259472239936
-17.061019153959887,17.91519006844076
-16.737066472649733,15.949629805172579
-16.406650491136936,13.982318000252086
-16.069868747533732,12.013991341129623
-15.72682788320984,10.045383577658267
-15.37764362512528,8.07722522141363
-15.022440753942856,6.110243252114785
-14.661353057155985,4.145160831655325
-14.294523266391003,2.1826970262986345
-13.92210297795637,0.2235665375439586
-13.544252555649706,-1.731520557791308
-13.161141014764294,-3.681859057781786
-12.772945886195256,-5.626748875373671
-12.379853059499084,-7.565495267671649
-11.982056603744127,-9.497409054047136
-11.57975856497005,-11.42180682265009
-11.173168739087949,-13.338011124890611
-10.762504419064413,-15.24535065753256
-10.34799011527953,-17.14316043203326
-9.929857247994683,-19.030781930847137
-9.508343810948581,-20.907563250411048
-9.083694005181844,-22.77285923061989
-8.656157842310392,-24.62603157060925
-8.22599071658668,-26.466448930758993
-7.793452945245118,-28.293487020847397
-7.358809276783372,-30.106528674388578
-6.922328367024075,-31.904963909207957
-6.4842822229916734,-33.68818997441867
-6.044945614864655,-35.455611383989165
-5.604595456484159,-37.20663993720388
-5.163510155154437,-38.94069472635036
-4.72196893171596,-40.657202132079334
-4.280251112149127,-42.35559580691862
-3.8386353922302554,-44.03531664753391
-3.397399077051631,-45.69581275636904
-2.956817297495583,-47.336539393392115
-2.517162206038684,-48.95695891874472
-2.0787021545516353,-50.55654072713955
-1.6417008570320704,-52.134761174951635
-1.206416540490526,-53.691103500974236
-0.7731010874635196,-55.22505774190685
-0.3419991738878885,-56.73612064366192
0.08665259370413736,-58.22379556966166
0.5126265374843832,-59.68759240730688
0.9357047597533601,-61.12702747387201
1.3556799819416838,-62.541623423078704
1.7723563665080384,-63.93090915365904
2.185550316931632,-65.29441972120341
2.5950912509280215,-66.63169625463071
3.000822341963044,-67.94228587858744
3.4026012241418826,-69.22574164310726
3.8003006555716965,-70.48162246181518
4.193809135376796,-71.70949305996665
4.58303146964761,-72.90892393354837
4.967889281767622,-74.0794913206535
5.348321462748505,-75.22077718626468
5.724284557449398,-76.33236922154443
6.095753082825615,-77.41386085863692
6.462719774678796,-78.46485130193366
6.825195759728061,-79.4849455766436
7.183210650223808,-80.47375459544097
7.536812558744334,-81.43089524383805
7.886068031282701,-82.35599048484787
8.231061897209777,-83.24866948336461
8.571897035219203,-84.10856775059469
8.908694054883822,-84.93532730872668
9.241590894009798,-85.72859687592235
9.570742332526631,-86.48803207156267
9.896319424226508,-87.21329564157016
10.218508848227554,-87.90405770347867
10.53751218260923,-88.55999601080741
10.85354510321811,-89.18079623614736
11.16683651119357,-89.7661522722558
11.477627593280646,-90.31576655031247
11.786170819505987,-90.82935037438281
12.0927288832578,-91.30662427100204
12.397573589256806,-91.74731835269498
12.700984695299088,-92.15117269412816
13.00324871401741,-92.51793771950362
13.304657681214097,-92.8473745997035
13.605507897589018,-93.13925565762193
13.9060986508922,-93.39336478004026
14.206730925695133,-93.6094978343467
14.507706108070538,-93.7874630883434
14.809324692522525,-93.92708163134836
15.111884998489842,-94.02818779476421
15.415681903681978,-94.0906295702727
15.721005601374145,-94.11426902380123
16.02814038861145,-94.09898270341603
16.337363492028977,-94.04466203930942
16.6489439377131,-93.95121373407606
16.96314147118522,-93.81856014151144
17.28020553321339,-93.64663963221196
17.600374296725814,-93.43540694431692
17.92387376964546,-93.18483351779753
18.25091696796276,-92.89490781077882
18.58170316284768,-92.56563559646122
18.916417205048894,-92.19704023930754
19.255228929271276,-91.7891629492545
19.598292640638878,-91.34206301282236
19.945746684774832,-90.85581800009976
20.29771310243667,-90.33052394670612
20.654297369071863,-89.76629550994544
21.015588219077998,-89.16326609849779
21.381657554001116,-88.52158797510997
21.752560433357427,-87.8414323318843
22.12833514625492,-87.12298933787866
22.5090033614927,-86.3664681588708
22.89457035336551,-85.57209694925025
23.285025299967298,-84.74012281613892
23.68034165040841,-83.8708117559455
24.080477557003928,-82.9644485636928
24.485376368192654,-82.02133671555052
24.89496717767283,-81.04179822513376
25.309165425029992,-80.0261734742097
25.72787354294686,-78.97482101857283
26.150981645963046,-77.88811736991845
26.578368255655345,-76.76645675465157
27.009901057074156,-75.61025085062255
27.44543768125924,-74.41992850287691
27.88482650870482,-73.19593541954575
28.327907488709776,-71.93873384908575
28.774512969669466,-70.64880224010275
29.224468535500215,-69.32663488506172
29.67759384357209,-67.97274154919475
30.133703459717587,-66.58764708597712
30.592607686119987,-65.17189104053347
31.054113378123304,-63.72602724237976
31.51802474627606,-62.25062338889869
31.9841441402,-60.74626062094929
32.45227281115896,-59.21353309202687
32.922211650509375,-57.653047532352566
33.393761901505265,-56.06542280929107
33.86672584224388,-54.45128948544258
34.34090743782837,-52.81128937576688
34.8161129601311,-51.146075105033965
35.292151573819595,-49.45630966690051
35.76883588759725,-47.742665985839
36.24598246986798,-46.005826483144645
36.72341232829863,-44.24648264816493
37.2009513529804,-42.465334615889894
37.67843072312286,-40.66309075195375
38.155687277406415,-38.840467246087464
38.63256384831383,-36.99818771496834
39.10890956091481,-35.13698281539802
39.58458009673235,-33.25758986864117
40.059437923431375,-31.36075249673962
40.53335249118457,-29.44722027151248
41.006200396640736,-27.517748376932335
41.47786551549493,-25.57309728545927
41.94823910469153,-23.614032448890825
42.41721987532657,-21.641324004173892
42.88471403731267,-19.655746494597757
43.35063531687017,-17.65807860667158
43.8149049478741,-15.649102922960022
44.27745163805816,-13.629605691030578
44.7382115110163,-11.600376608633956
45.197128024891825,-9.562208625114499
45.654151868563225,-7.515897759012705
46.10924083606896,-5.46224293169356
46.56235967992012,-3.402045816796559
47.01347994387323,-1.3361107051713406
47.46257977563661,0.7347556150776617
47.90964371990478,2.8097439639494044
48.354662492017944,4.888042860861905
48.7976327324696,6.968838602617847
49.23855674239628,9.051315328757093
49.67744220012093,11.134655075172386
50.11430185874775,13.218037816909758
50.54915322476153,15.300641501214853
50.9820182175319,17.381642071930692
51.41292280960182,19.46021348649094
51.84189664761314,21.53552772679467
52.26897265372946,23.606754805383382
52.69418660742025,25.673062768378905
53.11757670750972,27.733617696769382
53.53918311443116,29.787583707661444
53.959047472701464,31.834122957236893
54.377212413702686,33.872395647172915
54.793721038967306,35.90156003639368
55.20861638427104,37.92077246002899
55.62194086498199,39.92918735754947
56.03373570325605,41.92595731203961
56.44404033784571,43.91023310264544
56.8528918174621,45.88116377220654
57.26032417883543,47.83789671213532
57.666367810817974,49.779577766557544
58.071048806101956,51.705351357756676
58.474388302343364,53.61436063488988
58.876401814725966,55.50574764794498
59.27709856223038,57.37865354880559
59.676480790122284,59.23221882126269
60.07454309140592,61.06558354167986
60.4712717302353,62.877887671958916
60.86664397049684,64.66827138629162
61.26062741300895,66.4358754330901
61.65317934498428,68.17984153329745
62.04424610560389,69.89931281615522
62.43376247171973,71.59343429328403
62.82165106786556,73.26135337177847
63.207821804877355,74.90222040676974
63.59217135153621,76.51518929372725
63.97458264371015,78.09941810049894
64.35492443551998,79.65406973888408
64.73305089704965,81.17831267524228
65.10880126309772,82.67132167941827
65.48199953738505,84.13227861095848
65.85245425652948,85.56037324136037
66.21995831793448,86.95480411078502
66.58428887554868,88.31477941742472
66.94520730720348,89.63951793740897
67.30245925695982,90.92824997289674
67.65577475555901,92.18021832570604
68.00486842171169,93.39467929360823
68.34943974654206,94.57090368613841
68.68917346306405,95.70817785656992
69.02374000207564,96.80580474645538
69.35279603534899,97.86310493896272
69.67598510644073,98.87941771702708
69.99293834888391,99.85410212220437
70.30327529092403,100.78653800995293
70.60660474535788,101.67612709697133
70.90252578241362,102.52229399613286
71.19062878298169,103.32448723448859
71.47049656888558,104.0821802497982
71.74170560625458,104.79487236103004
72.00382727745789,105.46208970832126
72.25642921646119,106.0833861579321
72.49907670190431,106.65834416784008
72.73133410165357,107.18657560972673
72.95276636208352,107.66772254327898
73.16294053487373,108.10145793889961
73.3614273336938,108.48748634514502
73.54780271277703,108.82554449744062
73.72164945907679,109.11540186490024
73.88255878944142,109.3568611323592
74.03013194405864,109.54975861505302
74.16398176729125,109.69396460370078
74.28373426697287,109.78938363811028
74.38903014324254,109.83595470778451
74.47952627808175,109.8336513783916
74.55489717686876,109.78248184334731
74.61483635349052,109.6824889001553
74.65905765084159,109.5337498515482
74.68729648889976,109.33637633187126
74.69931103298838,109.0905140595469
74.69488327531865,108.7963425168459
74.6738200234434,108.45407455857499
74.63595378984434,108.06395595165405
74.5811435775117,107.62626484791664
74.5092755570532,107.14131119279496
74.42026363158186,106.6094360728759
74.31404988637301,106.03101100559893
74.19060492104444,105.40643717464498
74.04992806279,104.7361446147985
73.89204745998376,104.02059135029084
73.71702005625622,103.26026249080611
73.52493144592596,102.45566928950001
73.31589561243369,101.60734816749121
73.0900545521763,100.71585970939388
72.84757778685399,99.78178763450364
72.58866176813687,98.80573774829692
72.31352917910145,97.7883368788825
72.0224281374999,96.73023180303213
71.71563130647742,95.63208816633298
71.39343491886545,94.49458940193728
71.05615772162267,93.3184356522424
70.70413984739426,92.1043426977156
70.3377416204839,90.85304089688583
69.95734230480849,89.56527414136065
69.56333880160241,88.24179882949102
69.15614430478755,86.88338286210752
68.73618692199261,85.49080466348009
68.30390826922965,84.06485223042807
67.85976204717846,82.6063222122103
67.4042126069327,81.11601902358157
66.93773351288938,79.59475399308907
66.46080611025548,78.0433445484308
65.97391810436903,76.46261344037814
65.47756215872849,74.853388006514
64.97223451825765,73.21649947572047
64.458433663951,71.55278231410762
63.93665900460556,69.86307361276803
63.40740961090176,68.14821251751579
62.871182996604524,66.40903970047795
62.32847395116989,64.64639687320405
61.77977342751831,62.86112634069067
61.22556748822699,61.05407059554318
60.66633631285616,59.22607195125579
60.102553268611175,57.37797221344639
59.53468404600928,55.510612387673135
58.96318586072101,53.62483242234726
58.38850672224391,51.7214709850798
57.811084769596626,49.80136527072156
57.231347673744956,47.86535083921144
56.64971210604418,45.91426148130395
56.06658327155347,43.94892911013465
55.48235450570368,41.970183676570706
54.89740693242892,39.97885310621211
54.31210918155874,37.97576325592858
53.72681716296064,35.96173788776316
53.1418738946757,33.937598658081406
52.557609382050614,31.90416511981601
51.974340544692,29.862254735729294
51.392371187898114,27.812682900608777
50.811992015115685,25.75626297040474
50.23348067786711,23.69380629632951
49.65710185955315,21.626122262049478
49.08310738950006,19.55401832212615
48.51173638364311,17.478300039987275
47.94321540826404,15.399771123745529
47.377758663281114,13.31923345831698
46.81556818167172,11.237487132336357
46.256834041738884,9.155330458501451
45.70173458906825,7.07355998604943
45.150436665187144,4.992970504165049
44.60309584012661,2.914355035245063
44.05985664627791,0.838504816999893
43.52085281116254,-1.233790727481702
42.986207486950974,-3.301744032529566
42.456033474817566,-5.364569446232063
41.93043344245442,-7.421483300953499
41.409500133334056,-9.471703998524227
40.89331656655718,-11.514452110555585
40.38195622639496,-13.548950494197596
39.87548324088442,-15.574424423618987
39.37395254910627,-17.590101737360563
38.877410057017826,-19.59521300167998
38.38589278197461,-21.588991689883393
37.899428986303626,-23.57067437761196
37.41803830053418,-25.539500953935015
36.94173183710107,-27.494714848079266
36.47051229555271,-29.435563271513743
36.00437406047766,-31.361297475092726
35.5433032935499,-33.271173020855215
35.087278021240195,-35.164450068066856
34.636268219890454,-37.0403936729922
34.190235899956605,-38.89827410187685
33.74913519133275,-40.737367156526524
33.3129124317353,-42.5569545118654
32.88150626018738,-44.35632406476884
32.45484771766332,-46.134770293464534
32.0328603569673,-47.891594626713314
31.615460363891053,-49.62610582198346
31.202556691661254,-51.33762035175416
30.794051210609297,-53.02546279708902
30.389838874913544,-54.688966247547725
29.98980790813867,-56.32747270651166
29.593840009167604,-57.94033350093164
29.20181057995165,-59.52690969451663
28.81358897633217,-61.08657250331991
28.429038782977223,-62.61870371269305
28.048018113267148,-64.12269609452179
27.670379934718724,-65.59795382367483
27.295972420297858,-67.04389289254718
26.924639325700433,-68.45994152260047
26.556220392418894,-69.84554057176045
26.190551776125325,-71.20014393655742
25.82746649962763,-72.52321894786088
25.466794929361747,-73.81424675909072
25.10836527410795,-75.07272272576154
24.752004104330474,-76.2981567752535
24.3975368902749,-77.49007376568709
24.044788556685912,-78.6480138328228
23.693584051765278,-79.77153272390022
23.34374892774658,-80.86020211738288
22.99510993025431,-81.91360992757852
22.647495593410895,-82.93136059316454
22.300736837491364,-83.91307534866257
21.954667565770592,-84.85839247797435
21.60912525709832,-85.76696754911598
21.26395155064072,-86.63847362936481
20.918992819178705,-87.47260148006825
20.57410072732162,-88.2690597304489
20.22913277101302,-89.02757502978699
19.88395279474191,-89.74789217745179
19.538431482960227,-90.4297742303116
19.192446822313485,-91.07300258714828
18.845884531447382,-91.67737704976868
18.49863845532666,-92.24271586060749
18.150610921223667,-92.7688557166892
17.801713053769596,-93.25565175992297
17.451865046740807,-93.70297754378265
17.10099638954244,-94.11072497653231
16.749046046679922,-94.4788042412395
16.395962588841584,-94.80714369292627
16.04170427458139,-95.09568973329166
15.686239081953355,-95.34440666354348
15.329544689837814,-95.55327651596134
14.971608409078057,-95.72229886491071
14.61242706394178,-95.8514906181095
14.25200682479996,-95.94088578903819
13.890362993303619,-95.9905352514612
13.527519741700628,-96.00050647710627
13.163509808298688,-95.97088325761746
12.798374151410918,-95.90176541196428
12.432161564445478,-95.79326848054805
12.064928255085348,-95.64552340729931
11.69673739177797,-95.45867621110673
11.327658620981074,-95.23288764795464
10.95776755882237,-94.96833286517958
10.587145260990622,-94.66520104927542
10.2158776748163,-94.32369506869598
9.84405507758715,-93.94403111310436
9.47177150520945,-93.52643833052261
9.099124175337293,-93.07115846381816
8.726212909080665,-92.57844548795003
8.353139555342784,-92.04856524936801
7.9800074217449355,-91.4817951089202
7.606920715974516,-90.87842358958855
7.233984001224446,-90.23875003031065
6.861301669209323,-89.56308424710005
6.488977434015472,-88.85174620259987
6.117113849805403,-88.10506568514714
5.745811855120348,-87.32338199833374
5.3751703462456195,-86.50704366198369
5.005285781791418,-85.65640812536282
4.636251820333353,-84.77184149336449
4.268158992623423,-83.85371826630214
3.9010944095592155,-82.9024210938623
3.5351415067575775,-81.91834054365367
3.1703798262559815,-80.90187488470815
2.806884835529404,-79.85342988616912
2.444727783700369,-78.77341863132334
2.0839755945039116,-77.66226134701192
1.7246907952839976,-76.52038524838139
1.366931481012525,-75.34822439881592
1.010751312072692,-74.14621958482536
0.6561995443025506,-72.91481820554796
0.30332108958902637,-71.65447417646838
-0.04784339489615341,-70.36564784684411
-0.39725739088391165,-69.04880593028524
-0.7448883788309786,-67.70442144783392
-1.0907076756955476,-66.33297368285423
-1.4346902530761412,-64.93494814695504
-1.7768145381755822,-63.51083655614623
-2.11706220009329,-62.06113681635213
-2.455417923949007,-60.586353017397755
-2.791869175332593,-59.08699543451919
-3.1264059575266536,-57.563580536456016
-3.459020563895354,-56.016630999130825
-3.7897073277429847,-54.44667572394239
-4.118462371853404,-52.854249859658054
-4.445283359796743,-51.23989482692602
-4.770169250965942,-49.60415834439862
-5.093120061153485,-47.94759445550515
-5.414136630331708,-46.27076355489423
-5.733220399128886,-44.574232413624465
-6.050373195331069,-42.85857420217189
-6.365597031558217,-41.1243685103926
-6.6788939150937345,-39.372201363575655
-6.990265670662854,-37.60266523379964
-7.299713776786728,-35.816359045809094
-7.607239216159968,-34.01388817671169
-7.912842340339253,-32.19586444880461
-8.216522748862502,-30.36290611492735
-8.518279182772016,-28.515637835748866
-8.81810943236384,-26.65469064848873
-9.116010258858292,-24.78070192658329
-9.411977329556695,-22.894315329901357
-9.706005165944543,-20.996180745124178
-9.998087104095703,-19.08695421599831
-10.288215266652738,-17.16729786317802
-10.576380545578637,-15.237879793465918
-10.862572594822222,-13.299373998265729
-11.146779831986763,-11.352460241150432
-11.428989448064684,-9.397823934449695
-11.709187424274948,-7.436156004846506
-11.987358555039073,-5.46815274796864
-12.2634864761304,-3.4945156720420822
-12.537553697054843,-1.515951330663862
-12.809541636742654,0.4668288551715527
-13.079430661676614,2.4531087856735496
-13.347200125622983,4.442167881294126
-13.612828410195828,6.433281292034968
-13.876292965543982,8.425720116787328
-14.137570350527945,10.418751632496043
-14.39663627182659,12.411639532877512
-14.653465621502122,14.40364417645367
-14.908032512633493,16.394022843607203
-15.16031031272399,18.382030002400043
-15.410271674674863,20.3669175828449
-15.657888565215394,22.347935259360202
-15.903132290766386,24.324330741090616
-16.145973520810642,26.295350069818756
-16.386382308927328,28.260237925149013
-16.62432811173757,30.218237936690237
-16.859779806084465,32.168593002921575
-17.092705704851408,34.110545616473416
-17.3230735718868,36.04333819551452
-17.550850636570917,37.966213420984914
-17.776003608609948,39.878414579374166
-17.99849869369319,41.77918591079312
-18.218301610681305,43.667772962047565
-18.435377611025096,45.54342294446992
-18.64969150112616,47.40538509622505
-18.86120766836133,49.25291104885239
-19.06989011148292,51.085255197765946
-19.2757024760949,52.901675076476856
-19.478608095873327,54.701431734266336
-19.678570040162462,56.48379011705979
-19.875551168528002,58.24801945125006
-20.069514192784307,59.993393630192884
-20.260421746944985,61.71919160312904
-20.448236465459022,63.42469776624219
-20.632921070007594,65.10920235559495
-20.81443846503146,66.77200184163807
-20.992751842054567,68.41239932501784
-21.167824792749663,70.02970493335786
-21.339621430574276,71.62323621871796
-21.508106520674996,73.19231855538382
-21.673245617632304,74.73628553766419
-21.835005210482493,76.25447937732278
-21.993352874324557,77.746251300293
-22.148257427684744,79.21096194227384
-22.299689094686066,80.64798174282502
-22.44761967094176,82.05669133752909
-22.592022691975544,83.43648194780812
-22.7328736028569,84.78675576793326
-22.870149927639417,86.10692634878413
-23.003831437095034,87.39641897786953
-23.133900313159703,88.65467105513792
-23.260341308435862,89.88113246406553
-23.383141899048216,91.07526593752698
-23.50229242911015,92.2365474179164
-23.617786245041536,93.36446641100662
-23.729619817975262,94.45852633300086
-23.837792852509313,95.51824485025392
-23.94230838009573,96.5431542111113
-24.043172835416023,97.53280156934126
-24.140396114165988,98.48674929861086
-24.233991610770474,99.40457529748743
-24.32397623466033,100.28587328442964
-24.41037040387896,101.13025308226544
-24.493198014933853,101.93734089164403
-24.572486387977975,102.70677955298521
-24.648266186585357,103.4382287964467
-24.7205713115842,104.13136547946863
-24.789438768616,104.78588381145931
-24.854908509309805,105.40149556522746
-24.917023246185135,105.97793027477692
-24.975828241630477,106.51493541912505
-25.031371071538615,107.01227659182106
-25.083701364417823,107.4697376558885
-25.13287051703175,107.88712088393666
-25.178931387853076,108.26424708323401
-25.22193796983923,108.60095570556247
-25.26194504425511,108.89710494171985
-25.299007817470244,109.15257180056693
-25.33318154284902,109.36725217256333
-25.36452113002516,109.54106087776832
-25.39308074400821,109.67393169832911
-25.418913396704458,109.76581739551175
-25.442070533549106,109.81668971137383
-25.462601618036246,109.82653935521229
-25.480553716999978,109.79537597495822
-25.495971089540276,109.72322811372567
-25.508894782502484,109.61014315175485
-25.519362235407435,109.45618723402373
-25.527406897692313,109.2614451838302
-25.533057861057845,109.02602040267872
-25.536339509629183,108.75003475682665
-25.537271190523832,108.43362845087466
-25.535866907283317,108.07695988880121
-25.53213503846624,107.68020552286515
-25.526078083521497,107.24355969081054
-25.517692437862785,106.76723444182767
-25.50696819885187,106.25145935172702
-25.493889004170367,105.69648132779932
-25.478431903820464,105.10256440383013
-25.460567266746537,104.46998952575026
-25.440258722814967,103.79905432839155
-25.41746314063093,103.09007290382698
-25.392130641410493,102.3433755617557
-25.36420464886928,101.55930858239984
-25.333621974833335,100.73823396235525
-25.300312940031425,99.88052915384277
-25.264201529288275,98.98658679777553
-25.225205580111506,98.05681445106084
-25.18323700344994,97.09163430851933
-25.13820203520239,96.09148291980577
-25.090001516872885,95.05681090167617
-25.03853120360462,93.98808264594736
-24.983682097679306,92.8857760234519
-24.925340805444502,91.75038208429353
-24.86338991552755,90.58240475466269
-24.797708396112764,89.38236053047514
-24.728172008997415,88.15077816804992
-24.65465373810408,86.88819837204774
-24.57702423010746,85.5951734808443
-24.49515224483872,84.27226714952008
-24.40890511315075,82.92005403060243
-24.318149199971888,81.5391194527019
-24.222750370333397,80.13005909715403
-24.122574456232666,78.69347867276026
-24.017487722285562,77.22999358872656
-23.907357328224847,75.74022862585682
-23.79205178641908,74.22481760608102
-23.671441412711303,72.68440306035404
-23.545398769013058,71.1196358949897
-23.413799096228054,69.53117505645298
-23.276520736227347,67.91968719466678
-23.133445541743903,66.28584632485051
-22.98445927320546,64.63033348794617
-22.829451981670175,62.95383640965175
-22.668318377178085,61.257049158123706
-22.50095818196944,59.540671800379016
-22.327276468160033,57.80541005747223
-22.147183979589027,56.051974958495066
-21.96059743767875,54.28108249349559
-21.76743983125294,52.49345326538816
-21.567640690364847,50.689812140978916
-21.361136344271557,48.87088790120794
-21.147870163772733,47.03741289076652
-20.927792788192384,45.190122667225815
-20.700862337339295,43.32975564987345
-20.46704460881536,41.457052768434274
-20.22631326107266,39.5727571119136
-19.97864998262688,37.67761357778196
-19.72404464784027,35.772368521784344
-19.462495459668844,33.85776940863756
-19.19400907974934,31.93456446394462
-18.918600746158745,30.003502327634823
-18.636294379138707,28.065331709304164
-18.347122675012667,26.12080104580909
-18.05112718846436,24.17065816153186
-17.748358403264696,22.215649931712562
-17.43887579145973,20.256521949306382
-17.122747860937896,18.294018195798948
-16.800052191210007,16.328880716473687
-16.470875457133257,14.361849300596106
-16.135313440220106,12.39366116703754
-15.793471027068609,10.425050655827754
-15.445462194360317,8.456748926179415
-15.091409979770223,6.489483661489133
-14.731446438049502,4.5239787818683705
-14.365712581447895,2.5609541647137943
-13.994358303571037,0.6011253738690883
-13.617542285687978,-1.3547966021195705
-13.235431884449927,-3.306105602116375
-12.848202999920698,-5.252100534395829
-12.456039922787461,-7.192085608019774
-12.059135159584372,-9.12537055314556
-11.657689234756813,-11.051270829798503
-11.251910468386964,-12.96910782471322
-10.842014728427632,-14.878209035835535
-10.428225156316604,-16.77790824415578
-10.010771864904846,-18.667545672539564
-9.589891607691676,-20.546468131308565
-9.165827418458004,-22.41402915032733
-8.738828220485352,-24.26958909744549
-8.309148404683299,-26.112515283156043
-7.877047376081933,-27.942182051430052
-7.4427890683175875,-29.757970856706606
-7.006641425910093,-31.5592703271219
-6.568875854335957,-33.345476314085836
-6.129766638105277,-35.11599192842437
-5.689590327287817,-36.87022756333458
-5.248625093165227,-38.60760090451255
-4.807150053950554,-40.32753692784627
-4.365444571770421,-42.02946788517977
-3.923787522388391,-43.71283327868874
-3.48245653941742,-45.37707982452085
-3.041727235063348,-47.021661406387636
-2.6018723997167577,-48.6460390199051
-2.1631611830053608,-50.249680708511036
-1.7258582591903213,-51.83206149189204
-1.290222980074823,-53.39266328787956
-0.8565085188487487,-54.93097482887148
-0.4249610085566786,-56.44649157385508
0.004181320895494167,-57.93871561719402
0.43068900305040714,-59.40715559535302
0.8543421881918398,-60.85132659280706
1.274931485102492,-62.270750048382624
1.6922587866313599,-63.66495366333698
2.106138074288168,-65.03347131246846
2.516396197006113,-66.3758429595935
2.922873619153414,-67.69161457869818
3.32542513286921,-68.98033808209703
3.723920529813242,-70.24157125688778
4.118245227491226,-71.47487771099713
4.508300845412787,-72.67982683005206
4.894005726492777,-73.85599374629805
5.27529539928571,-75.00295932070829
5.652122976880037,-76.12031013939556
6.024459488541689,-77.20763852534746
6.392294140511657,-78.26454256644445
6.755634502711128,-79.29062616063487
7.114506618489505,-80.2854990790369
7.468955034979139,-81.24877704765801
7.8190427520647585,-82.18008184829507
8.16485108846613,-83.07904143908739
8.506479463930878,-83.94529009505723
8.84404509707134,-84.7784685688707
9.177682618916604,-85.578224271906
9.507543602817263,-86.34421147560735
9.83379601189875,-87.07609153295229
10.156623565835918,-87.77353311974754
10.47622502928078,-88.4362124953178
10.792813424842539,-89.06381378203791
11.106615174058497,-89.65602926301254
11.417869170330768,-90.21255969709651
11.726825788302897,-90.73311465030984
12.03374583463589,-91.21741284259754
12.338899445581703,-91.66518250875703
12.642564937167899,-92.07616177226186
12.945027614167447,-92.45009903059828
13.246578544356794,-92.78675335065084
13.547513304832117,-93.08589487257895
13.84813070738321,-93.34730522056233
14.14873151008604,-93.57077791872018
14.449617122395338,-93.75611881046257
14.751088311067884,-93.90314647948273
15.053443914253089,-94.01169267057284
15.35697957102155,-94.0816027084196
15.661986473493432,-94.11273591253085
15.968750148549535,-94.10496600644302
16.27754927588842,-94.05818151937463
16.588654548907556,-93.97228617851455
16.902327584565214,-93.84719929016943
17.218819887998873,-93.68285610804081
17.538371877265998,-93.47920818695854
17.86121197311115,-93.23622372046425
18.187555758181432,-92.95388786071169
18.517605209587057,-92.63220301923822
18.851548008169047,-92.271189147249
19.189556927267745,-91.8708839941597
19.53178930321875,-91.43134334324286
19.878386589212873,-90.95264122334139
20.22947399357905,-90.43487009571949
20.585160202958967,-89.87814101525143
20.945537190274955,-89.28258376525974
21.310680106823423,-88.64834696545161
21.68064725728953,-87.97559815251553
22.055480155949077,-87.26452383308052
22.435203661836248,-86.51532950885188
22.819826190181857,-85.72823967387869
23.209339997004,-84.90349778401405
23.603721533328557,-84.04136619876772
24.002931865170098,-83.14212609584973
24.40691715507946,-82.20607735883543
24.815609200800893,-81.23353843847188
25.22892602634393,-80.22484618826915
25.64677252059955,-79.1803556750976
26.069041118481195,-78.10043996562564
26.495612519484226,-76.9854898894964
26.926356438495123,-75.83591378024404
27.361132383680754,-74.65213719499918
27.799790456307733,-73.43460261412316
28.242172167419895,-72.1837691219444
28.68811126639673,-70.9001120698472
29.137434576563184,-69.58412272298169
29.589962833180746,-68.23630789192798
30.045511519356463,-66.85718955064995
30.503891695618265,-65.44730444212719
30.964910819158654,-64.00720367304032
31.428373548999794,-62.53745229892673
31.894082533620114,-61.03862890119625
32.36183917785974,-59.5113251574277
32.83144438622886,-57.956145406326655
33.30269928003328,-56.373706208746185
33.775405886045206,-54.764635906120716
34.24936779473771,-53.12957417767531
34.72439078640992,-51.46917159771091
35.20028342380971,-49.78408919427085
35.6768576101531,-48.07499801042295
36.15392911169887,-46.34257866938974
36.63131804430442,-44.58752094468042
37.10884932361935,-42.81052333637136
37.58635307880925,-41.01229265459552
38.06366502989756,-39.19354361129008
38.54062682901233,-37.35499842115911
39.01708636598187,-35.49738641279323
39.492898038881506,-33.621443650790255
39.96792299025034,-31.727912569702696
40.442029309814245,-29.81754162053511
40.915092204626426,-27.891084930493566
41.38699413761396,-25.949301976582433
41.857624935555876,-23.99295727361476
42.32688186755224,-22.022820077110886
42.7946696950541,-20.0396641014891
43.26090069451201,-18.044267253905257
43.725494653688564,-16.03741138398546
44.18837884263414,-14.01988204966503
44.64948796028758,-11.992468299224841
45.10876405759373,-9.95596246958298
45.56615643797162,-7.911160000773635
46.02162153588062,-5.858859266508974
46.475122774160184,-3.799861420589971
46.92663040072196,-1.7349702588932356
47.37612130509539,0.3350079034725786
47.823578815227904,2.409264340288585
48.26899247486375,4.486988008209916
48.712357801730136,6.567365627240265
49.153676026689574,8.649581748463055
49.59295381393338,10.73281880984054
50.03020296223549,12.816257181031798
50.46544008721969,14.899075198225633
50.8986862845576,16.98044919012377
51.329966773972025,19.05955349625345
51.75931052391045,21.135560478925704
52.186749856738125,23.20764053019613
52.612320034320874,25.27496207531778
53.03605882388422,27.336691574210825
53.45800604408891,29.39199352259946
53.87820309131392,31.440030454493655
54.29669244622657,33.479962947809064
54.7135171608058,35.51094963493473
55.128720326108464,37.53214722016102
55.542344521190145,39.54271050588216
55.954431243749795,41.541792429574514
56.36502032322224,43.52854411353629
56.77414931723169,45.50211492944143
57.18185289250303,47.461652579724564
57.58816219154353,49.40630319785782
57.993104186614964,51.335211469521305
58.39670102275179,53.24752077668665
58.798969351805184,55.14237336654792
59.199919659739976,57.01891054722342
59.59955558964365,58.87627291203825
59.99787326315604,60.71360059415608
60.39486060325747,62.53003355318553
60.79049666159486,64.32471189531287
61.18475095373976,66.0967762283393
61.57758280599376,67.8453680528957
61.96894071754566,69.56963019090381
62.358761741973154,71.26870725221633
62.74697089223215,72.94174614013576
63.13348057342078,74.58789659634627
63.51819004770462,76.20631178553448
63.90098493587688,77.7961489197828
64.2817367600648,79.35656992253959
64.66030253211372,80.88674213175598
65.03652439214585,82.38583904148356
65.41022930173469,83.85304108099668
65.7812287960225,85.28753643019746
66.1493187989693,86.6885218698221
66.51427950572364,88.05520366465862
66.8758753358808,89.38679847774574
67.23385496110916,90.6825343132193
67.58795141031435,91.9416514852399
67.93788225514191,93.16340361014625
68.28334987822494,94.34705861876238
68.62404182613517,95.49189978552161
68.95963124852736,96.59722677087778
69.28977742444846,97.6623566732433
69.61412637625133,98.68662508653362
69.93231157097861,99.66938715920908
70.24395470850153,100.61001865058613
70.54866659508589,101.50791698005055
70.8460481004464,102.36250226473565
71.13569119571885,103.17321834114335
71.41718006915991,103.93953376617193
71.69009231575566,104.66094279298885
71.95400019631444,105.3369663172308
72.20847196101784,105.96715278905185
72.45307323183584,106.55107908664385
72.6873684376614,107.08835134695587
72.91092229551302,107.57860574950311
73.12330133067752,108.02150924932064
73.32407542824278,108.41676025533813
73.51281940808724,108.76408925067636
73.68911461507639,109.06325935163872
73.85255051594567,109.31406680244913
74.00272629415257,109.51634140310652
74.13925243383832,109.66994686804826
74.26175228397399,109.77478111367114
74.36986359376115,109.8307764731173
74.46324001042996,109.83789983711318
74.54155253071401,109.79615272003545
74.60449089749412,109.70557125077184
74.65176493337886,109.56622608834343
74.68310580333731,109.37822226265405
74.69826719890813,109.14169894112709
74.69702643698035,108.85682912238424
74.6791854666696,108.52381925849892
74.64457177839382,108.14290880773362
74.59303920988155,107.71436972002017
74.52446864451572,107.23850585778986
74.43876859812251,106.71565235507106
74.33587569105168,106.14617491808026
74.21575500315228,105.53046907079532
74.07840031002513,104.86895934925988
73.92383419971532,104.16209844857512
73.75210806979746,103.4103663267406
73.56330200558419,102.61426926965193
73.35752454096257,101.77433892170939
73.1349123041091,100.89113128657381
72.89562955106462,99.9652257026905
72.63986759084088,98.99722379821914
72.36784410639214,97.98774843003105
72.07980237639568,96.93744261138845
71.77601040335885,95.84696843288462
71.45675995408071,94.71700598111708
71.12236551896426,93.5482522594755
70.77316319707211,92.34142011526393
70.40950951416805,91.09723717723865
70.03178018126039,89.816444807432
69.64036880138737,88.49979707095368
69.23568553252976,87.14805972721004
68.81815571463397,85.76200924577039
68.38821846874588,84.3424318498273
67.9463252762291,82.89012258996357
67.49293854593785,81.40588445063389
67.02853017707037,79.89052749152215
66.55358012521361,78.34486802561774
66.06857497884124,76.76972783560265
65.57400655321264,75.1659334298205
65.07037050828238,73.53431533885129
64.55816499683283,71.87570745340051
64.03788934863192,70.19094640397564
63.5100427959571,68.48087098252103
62.975123245362,66.7463216059654
62.43362610005706,64.98813982135472
61.8860431367766,63.20716785204899
61.33286144047338,61.404248184206644
60.7745623996697,59.5802231926147
60.21162076475501,57.735934804695496
59.64450377101191,55.8722242013888
59.07367032762496,53.989931553411196
58.49957027343852,52.08989579129656
57.9226436997301,50.172954407457105
57.34332033981157,48.23994328844058
56.762019024812524,46.29169657542742
56.17914720459279,44.32904655098169
55.59510053232475,42.35282354996883
55.01026251093553,40.363855892555975
54.42500419925333,38.36296983713895
53.83968397541494,36.35098955107267
53.254647354811354,34.328737097037035
52.67022685962919,32.29703243292955
52.08674193683433,30.256693423155436
51.50449892129416,28.208535859267975
50.923791040593116,26.153373487912024
50.34489845801498,24.09201804412514
49.768088350091205,22.025279288067736
49.19361501509965,19.95396504337074
48.62172000888814,17.878881235319657
48.0526323044437,15.800831927223019
47.48656847167793,13.720619353352987
46.923732874001026,11.63904394698395
46.36431787835931,9.556904362100912
45.80850407556209,7.474997487492846
45.25646050787166,5.394118451995898
44.70834490102216,3.3150606197969017
44.16430389801852,1.238615574758617
43.62447329229185,-0.8344269071264794
43.088978258001546,-2.903278897996985
42.55793357552454,-4.96715437179779
42.03144385040622,-7.025269272022199
41.50960372431322,-9.076841594033777
40.992498076774254,-11.12109148243723
40.48020221676813,-13.15724134383291
39.972782063467186,-15.184515975250699
39.47029431571563,-17.20214270842991
38.972786610067025,-19.209351570078297
38.48029766746663,-21.205375458120173
37.99285742889595,-23.189450333915634
37.51048718054164,-25.160815430315864
37.033199669262004,-27.118713475396987
36.56099920934484,-29.062390931604263
36.09388178173453,-30.991098250020666
35.63183512709588,-32.904090139369735
35.17483883423333,-34.800625849348506
34.722864425536116,-36.679969467793555
34.27587544123692,-38.54139023115465
33.833827524373326,-40.384162847700495
33.39666850842656,-42.207567832810014
32.96433850966012,-44.01089185569433
32.5367700262241,-45.79342809680979
32.11388804609036,-47.554476615222455
31.695610165879017,-49.29334472510434
31.281846722587517,-51.00934738054437
30.872500940179606,-52.70180756778181
30.467469092894426,-54.37005670397592
30.06664068703401,-56.01343504155437
29.669898662843707,-57.63129207719288
29.277119617953048,-59.22298696441173
28.88817405365777,-60.7878889287878
28.502926645135823,-62.325377684720046
28.12123653646546,-63.83484385270219
27.74295766109099,-65.3156893760016
27.36793908812581,-66.76732793566332
26.9960253946326,-68.1891853627101
26.62705706374254,-69.5807000464333
26.260870908206755,-70.9413233376289
25.897300518682975,-72.27051994566219
25.536176735783876,-73.56776832821186
25.177328144621047,-74.8325610725794
24.820581590305935,-76.0644052674258
24.465762712585843,-77.26282286383922
24.112696497535843,-78.42735102462262
23.761207843965487,-79.55754246073984
23.411122141969003,-80.65296575385341
23.06226586081883,-81.71320566394476
22.71446714321014,-82.73786342101357
22.36755640267915,-83.72655699991714
22.021366920874513,-84.67892137742913
21.675735441229243,-85.59460877066854
21.33050275549467,-86.47328885607921
20.985514279527067,-87.31464896822013
20.640620614695354,-88.11839427766701
20.295678091274148,-88.88424794741287
19.950549290232082,-89.61195126720649
19.605103539890287,-90.30126376536103
19.259217384041115,-90.95196329762612
18.9127750182509,-91.56384611281631
18.56566869125342,-92.1367268949573
18.21779906854009,-92.67043878181592
17.869075555498465,-93.16483335975504
17.51941657770924,-93.61978063496169
17.16874981631242,-94.03516898117739
16.817012396661962,-94.41090506416666
16.46415102883288,-94.74691374324425
16.11012209889181,-95.04313795028641
15.754891710218057,-95.29953854673728
15.398435674533566,-95.51609415922235
15.040739452693336,-95.69280099446462
14.681798045668058,-95.82967263429418
14.321615836545478,-95.92673981162132
13.96020638475023,-95.98405016832955
13.597592174062113,-96.00166799611813
13.233804316363452,-95.9796739613982
12.868882213396253,-95.9181648154122
12.50287317912332,-95.81725309080637
12.13583202559306,-95.6770667859419
11.767820615470507,-95.49774903827453
11.398907384646472,-95.27945778817603
11.029166838537554,-95.022365434599
10.6586790258731,-94.72665848401513
10.287528993896533,-94.39253719406842
9.915806229018951,-94.0202152133981
9.543604087019663,-93.60991921907927
9.171019216923147,-93.16188855312745
8.798150982662444,-92.67637485948775
8.42510088659851,-92.15364172291247
8.051971998871448,-91.5939643110878
7.678868396447412,-90.99762902133874
7.305894615562559,-90.36493313318049
6.933155121088626,-89.696184467941
6.560753796121709,-88.9917010566018
6.188793454863892,-88.25181081694888
5.817375381594836,-87.47685124103491
5.446598898254862,-86.66716909388856
5.076560962851666,-85.82312012430413
4.707355800597107,-84.9450687884726
4.339074569347824,-84.0333879871037
3.9718050606017528,-83.08845881661102
3.605631436960996,-82.11067033481497
3.240634006647916,-81.10041934153891
2.87688903532481,-80.05811017435279
2.5144685951554617,-78.98415451964019
2.153440450728647,-77.87897123904305
1.7938679811755662,-76.74298621126374
1.4358101375243084,-75.57663218908394
1.079321434081299,-74.38034867139217
0.7244519723797413,-73.15458178989654
0.3712474960239298,-71.89978421013625
0.01974947455839704,-70.6164150463096
-0.3300047856788151,-69.30493978935928
-0.6779820058992492,-67.96583024769976
-1.0241527767085152,-66.59956449988096
-1.368491379840325,-65.20662685845122
-1.7109755922407182,-63.78750784419924
-2.0515864749931723,-62.34270416993823
-2.3903081495961835,-60.872718732923005
-2.7271275640849026,-59.37806061499
-3.0620342514610748,-57.85924508944882
-3.3950200828301718,-56.3167936337681
-3.726079017574353,-54.751233947049165
-4.055206852785378,-53.16309997130924
-4.382400974075313,-51.55293191555849
-4.707660109746293,-49.921276281696585
-5.030984090166207,-48.2686858912284
-5.352373614036516,-46.59571991185146
-5.671830023084187,-44.90294388295237
-5.989355086533326,-43.19092973911256
-6.3049507965461125,-41.4602558307175
-6.618619175639356,-39.711506940835314
-6.930362096912951,-37.94527429753215
-7.240181117743802,-36.16215558087088
-7.548077327433024,-34.36275492384579
-7.854051209118406,-32.547682906592186
-8.158102516109654,-30.71755654321856
-8.460230162641245,-28.872999260699725
-8.760432128899449,-27.01464086927979
-9.058705380036496,-25.143117523927177
-9.355045798766582,-23.259071676394424
-9.64944813101786,-21.363152017529664
-9.94190594401972,-19.45601340949601
-10.232411596109404,-17.538316807648467
-10.520956217473014,-15.610729171824904
-10.8075297009669,-13.673923366898862
-11.092120702123523,-11.728578052445188
-11.374716647403531,-9.775377561458015
-11.655303749739744,-7.815011768058785
-11.93386703040317,-5.848175944216852
-12.21039034623012,-3.875570605498318
-12.484856421257845,-1.8979013459386458
-12.75724688184878,0.0841213378774448
-13.027542294413777,2.0697822333707876
-13.295722204897185,4.058361609016764
-13.561765179236424,6.049135421678801
-13.825648844078327,8.041375534039876
-14.087349927099098,10.034349941881391
-14.346844296358071,12.027323010987637
-14.604106998191845,14.019555723394669
-14.859112293247271,16.01030593273641
-15.111833690335963,17.998828628386025
-15.362243977890238,19.984376208128932
-15.610315252886949,21.966198759053217
-15.856018947204404,23.943544346385302
-16.09932585146287,25.915659309951625
-16.34020613649408,27.881788567992025
-16.578629372665734,29.841175928006447
-16.81456454737406,31.793064404363562
-17.047980081089186,33.73669654235785
-17.278843842413565,35.67131474845017
-17.507123162672592,37.59616162638609
-17.732784850617932,39.51048031893491
-17.955795207866018,41.413514854952794
-18.176120045738422,43.30451050152133
-18.39372470419431,45.18271412087327
-18.608574073568693,47.04737453186442
-18.820632619833322,48.89774287571016
-19.029864414098984,50.733072985750596
-19.23623316705866,52.552621760967064
-19.439702269050198,54.35564954301548
-19.64023483637559,56.141420496499826
-19.83779376447007,57.909202992248616
-20.032341788450605,59.65826999331374
-20.223841551507377,61.387899443447346
-20.412255681517564,63.097374657767254
-20.597546876174594,64.78598471535457
-20.779677996823136,66.45302485348033
-20.958612171086763,68.09779686318765
-21.134312904257026,69.71960948590797
-21.306744199296038,71.31777881081639
-21.475870685175323,72.89162867258185
-21.64165775314825,74.44049104919182
-21.804071700418156,75.96370645948123
-21.963079880535616,77.46062436001664
-22.118650859722692,78.930603540937
-22.270754578196133,80.37301252037142
-22.41936251543212,81.78722993700572
-22.564447858198008,83.1726449403871
-22.705985670060073,84.52865757850884
-22.843953060974485,85.85467918223458
-22.978329355471217,87.15013274607587
-23.109096257860816,88.4144533048543
-23.236238012821715,89.64708830574033
-23.359741559672194,90.8474979751669
-23.479596678592017,92.01515568010528
-23.595796127034376,93.14954828316782
-23.708335764566797,94.25017649101943
-23.817214664390544,95.31655519554937
-23.92243520982362,96.34821380727756
-24.024003174082353,97.34469658044489
-24.12192778177064,98.30556292926289
-24.216221750575308,99.23038773477907
-24.306901311778518,100.11876164184325
-24.39398620832542,100.97029134564863
-24.477499669334552,101.78459986735251
-24.557468360099648,102.56132681827754
-24.633922306813893,103.30012865222926
-24.706894795438256,104.00067890546711
-24.776422244344015,104.66266842390561
-24.842544050573633,105.2858055771297
-24.90530240979116,105.86981645885076
-24.964742110222417,106.41444507344318
-25.020910301122093,106.91945350824646
-25.0738562365398,107.38462209133696
-25.12363099539416,107.80974953451957
-25.170287179094586,108.19465306131426
-25.213878588177668,108.5391685197595
-25.25445987964106,108.84315047988271
-25.29208620686542,109.10647231573559
-25.326812844206195,109.32902627192296
-25.358694798515522,109.51072351460084
-25.387786410012495,109.65149416695212
-25.41414094506053,109.75128732919322
-25.437810183527866,109.81007108319889
-25.458844003502726,109.82783248187461
-25.477289966205095,109.8045775234394
-25.493192903983477,109.74033111082025
-25.506594514304034,109.63513699639206
-25.51753296263402,109.48905771233031
-25.52604249708824,109.30217448687468
-25.53215307764899,109.0745871468291
-25.535890022685486,108.8064140066531
-25.53727367539029,108.49779174451908
-25.536319092617152,108.14887526573743
-25.533035758450623,107.75983755396402
-25.527427324661854,107.33086951062788
-25.519491380011548,106.86217978302366
-25.509219250149414,106.35399458153157
-25.496595829635258,105.80655748642783
-25.481599447368755,105.22012924476348
-25.46420176646845,104.59498755778121
-25.44436771938701,103.93142685935238
-25.422055478790956,103.22975808590091
-25.397216464474234,102.4903084382895
-25.3697953863153,101.7134211361221
-25.33973032303315,100.8994551649225
-25.306952836247586,100.04878501662144
-25.2713881191093,99.1618004237879
-25.232955178534908,98.23890608800795
-25.191567049865185,97.28052140281655
-25.147131042562407,96.28708017154968
-25.099549015377164,95.25903032048686
-25.048717679246337,94.19683360761175
-24.994528926036253,93.10096532732064
-24.93687018111511,91.97191401136473
-24.87562477763243,90.81018112631398
-24.810672350295548,89.61628076778481
-24.741889246369706,88.39073935167752
-24.669148951583914,87.13409530262233
-24.592322528603948,85.84689873983939
-24.51127906573176,84.52971116057039
-24.425886133510673,83.18310512124877
-24.33601024695247,81.80766391652871
-24.241517331160633,80.40398125630564
-24.14227318819445,78.97266094081542
-24.03814396310971,77.51431653391566
-23.928996607211083,76.02957103460938
-23.81469933666799,74.5190565468911
-23.695122084767576,72.98341394795474
-23.570136946214394,71.42329255482758
-23.439618612022993,69.83934978945531
-23.30344479369764,68.23225084229401
-23.161496635537688,66.6026683344274
-23.013659114059177,64.95128197826426
-22.859821423668784,63.27877823683532
-22.699877347875145,61.585849981750755
-22.53372561546177,59.873196149846976
-22.36127024118625,58.14152139859701
-22.18242085069668,56.391535760329525
-21.997092989482567,54.62395429535182
-21.805208415785856,52.83949674404465
-21.606695377505012,51.03888717805133
-21.401488873212287,49.222853650658884
-21.18953089748814,47.392127846526144
-20.970770670840295,45.54744473089223
-20.745164854533126,43.689542198453545
-20.51267775069227,41.819160722095795
-20.273281488077494,39.9370430016878
-20.02695619393508,38.04393361318916
-19.77369015233851,36.140578658309096
-19.513479949420983,34.227725415017886
-19.246330605875478,32.30612198919278
-18.972255697069063,30.376516967745886
-18.691277461067177,28.439659073560723
-18.403426894814373,26.496296822630033
-18.10874383864668,24.547178183765148
-17.807277049244476,22.593050241312106
-17.49908426104784,20.6346588612852
-17.18423223607683,18.67274836139166
-16.86279680200105,16.70806118539396
-16.53486287821548,14.741337582316188
-16.20052448957522,12.773315290970194
-15.859884767351502,10.804729230333464
-15.513055936866571,8.836311196275478
-15.160159291177443,6.868789565180983
-14.801325150078611,4.902889004978217
-14.436692803614854,2.9393301941263754
-14.066410439205942,0.9788295490703849
-13.690635051420028,-0.9779010392889447
-13.309532333359648,-2.9301544596140285
-12.923276548578436,-4.877228624110439
-12.532050382395422,-6.818426701998764
-12.136044771452383,-8.753057341984075
-11.735458710334743,-10.68043488329556
-11.330499034083854,-12.599879554851146
-10.921380175434312,-14.510717662176624
-10.508323895649411,-16.412281761699035
-10.091558987867558,-18.303910822116308
-9.671320951947461,-20.184950372543625
-9.247851639875044,-22.054752637226432
-8.821398870907569,-23.91267665661654
-8.392216015742232,-25.75808839470398
-7.960561549146544,-27.590360832511234
-7.526698570636309,-29.408874047758967
-7.090894292973054,-31.213015280732684
-6.653419498436655,-33.00217898648766
-6.214547963048226,-34.775766873555284
-5.774555849133858,-36.53318792942564
-5.333721066868602,-38.273858433111286
-4.892322605681795,-39.997201955211
-4.450639836677727,-41.702649345925266
-4.0089517874864775,-43.38963871158925
-3.5675363912489537,-45.05761538032299
-3.1266697117128146,-46.706031857510744
-2.6866251467116626,-48.334347771854326
-2.247672612574874,-49.94202981285347
-1.8100777123076348,-51.52855166059582
-1.3741008906472132,-53.09339390884095
-0.9399965793787146,-54.63604398240712
-0.5080123365401938,-56.15599604996193
-0.07838798339728115,-57.65275093333533
0.34864525671804003,-59.12581601455399
0.7728656133976344,-60.574705141803925
1.194061613500267,-61.99893853559511
1.6120329102082849,-63.39804269639778
2.0265910920453507,-64.77155031507195
2.437560467000754,-66.11900018739293
2.844778816857545,-67.43993713401188
3.2480981167903167,-68.733911927155
3.6473852153238795,-70.00048122538362
4.042522469790356,-71.23920751768621
4.433408332527126,-72.449659078172
4.8199578831864525,-73.63140993256839
5.202103302715834,-74.7840398377042
5.579794284779874,-75.9071342750753
5.952998380665642,-77.00028445955161
6.321701274007568,-78.06308736418208
6.685906982018013,-79.09514576199828
7.045637980281008,-80.09606828560166
7.400935248588729,-81.06546950524556
7.751858235739647,-82.00297002599513
8.098484741701403,-82.90819660446074
8.440910716036123,-83.78078228546129
8.779249972018295,-84.62036655887471
9.113633816410367,-85.42659553678719
9.444210595424835,-86.19912215094398
9.771145157959324,-86.93760637035564
10.094618237767492,-87.64171543879944
10.414825756788728,-88.31112413180654
10.731978052428705,-88.9455150326101
11.046299032125084,-89.54457882638397
11.35802525907293,-90.10801461198821
11.667404973488253,-90.63553023030036
11.97469705427939,-91.12684260810393
12.28016992644101,-91.58167811637912
12.584100419908792,-91.99977294174396
12.88677258598129,-92.38087346968152
13.188476477753536,-92.72473667810623
13.489506901284196,-93.03113053972736
13.790162144454483,-93.29983443159875
14.09074269065622,-93.5306395501755
14.391549924566721,-93.72334933014027
14.692884837341703,-93.87777986522104
14.995046738560424,-93.99376032918276
15.298331982216608,-94.07113339515732
15.603032713936825,-94.10975565145982
15.909435646453492,-94.10949801204292
16.21782087013686,-94.07024611974892
16.528460705128435,-93.99190074054377
16.841618601292716,-93.87437814694951
17.1575480918454,-93.71761048893536
17.476491806100597,-93.5215461505841
17.798680546338463,-93.28615009091108
18.124332433304872,-93.01140416729143
18.453652124349183,-92.69730744002845
18.786830107660837,-92.34387645669106
19.124042075515337,-91.95114551494156
19.465448378860373,-91.51916690268386
19.811193564998916,-91.04801111446679
20.16140599953345,-90.53776704319849
20.516197573159616,-89.98854214633941
20.87566349331329,-89.40046258587236
21.23988216011802,-88.7736733414622
21.608915125524113,-88.10833829635584
21.982807134012212,-87.40464029568669
22.361586242724858,-86.66278117698775
22.74526401842664,-85.882981772829
23.133835808246474,-85.06548188563303
23.52728108076171,-84.21054023482836
23.925563833611086,-83.31843437663443
24.3286330635094,-82.38946059686879
24.736423294246887,-81.4239337772952
25.14885515802819,-80.42218723611619
25.565836025303568,-79.38457254333399
25.987260678105624,-78.31145931177502
26.413012021790934,-77.20323496468302
26.842961830034294,-76.06030448084327
27.27697151789511,-74.88309011829804
27.714892937806884,-73.67203111775628
28.156569193392148,-72.42758338688517
28.60183546611239,-71.15021916669866
29.050519849884658,-69.84042668133029
29.502444188969655,-68.49870977248916
29.957424914617945,-67.12558751995776
30.415273876188365,-65.7215938494864
30.87579916268173,-64.28727712948725
31.338805910901854,-62.823199757912256
31.804097096718927,-61.329937740735865
32.271474306207054,-59.808080263431734
32.74073848371174,-58.25822925685875
33.21169065421405,-56.68099895892711
33.684132617650356,-55.07701547343281
34.1578676131588,-53.44691632739226
34.63270095151214,-51.79135002821916
35.108440614298736,-50.11097562201847
35.58489781868692,-48.406462254275844
36.06188754689071,-46.67848873414544
36.5392290397039,-44.92774310353583
37.01674625372442,-43.15492221211115
37.494268282108635,-41.36073129931646
37.97162973891588,-39.54588358444677
38.44867110728457,-37.71109986576725
38.925239051863734,-35.857108129596504
39.401186696064656,-33.98464317024936
39.87637386483934,-32.09444622163506
40.3506672937921,-30.187264601287687
40.823940805531684,-28.263851367501218
41.29607545423025,-26.324964990218835
41.76695963941686,-24.37136903621771
42.23648919005403,-22.403831869105357
42.70456741997001,-20.423126364530304
43.171105155706016,-18.430029640982575
43.63602073782907,-16.42532280644174
44.09923999671784,-14.409790721100464
44.560696203793135,-12.384221776269484
45.02032999909732,-10.349407689537406
45.47808929607032,-8.30614331613269
45.93392916428466,-6.25522647639972
46.387811690831356,-4.197457799171037
46.839705820952545,-2.1336405807794065
47.28958717843864,-0.06458065932021251
47.7374378662089,2.0089136962665854
48.18324624741565,4.08603188286176
48.62700670731722,6.1659610461896985
49.068719396093364,8.247886150947474
49.50838995269176,10.330990038833681
49.946029209736906,12.414453475410077
50.3816528794642,14.497455186774296
50.815281220604874,16.57917188716137
51.246938686101366,18.65877829863552
51.676653551520694,20.735447164171575
52.104457524015274,22.80834925546577
52.53038533169776,24.87665337694873
52.95447429331109,26.939526367514794
53.37676386812089,28.996133101587102
53.79729518601442,31.045636491212985
54.21611055786074,33.08719749092842
54.6332529662873,35.119975107235405
55.04876553713043,37.14312641454808
55.46269099195342,39.1558065795593
55.87507108216282,41.15716889597594
56.28594600542316,43.14636483164903
56.695353805238014,45.122544090102686
57.10332975476553,47.08485468852316
57.50990572613094,49.03244305422487
57.91510954672252,50.96445414164366
58.31896434417348,52.880031571838465
58.721487881973076,54.77831779648904
59.122691887878744,56.658454288280744
59.52258137755085,58.51958175954469
59.92115397606348,60.36084041089613
60.31839924019235,62.181370211559525
60.71429798460616,63.98031121291347
61.10882161532193,65.7568038967022
61.50193147399095,67.50998955917456
61.893578196791765,69.23901073229308
62.283701091880914,70.94301164294035
62.67222753952453,72.62113871090075
63.05907241916495,74.27254108615323
63.44413756779902,75.8963712258326
63.82731127412025,77.49178551095076
64.20846781293875,79.0579449027666
64.5874670244022,80.59401563840704
64.96415394253134,82.09916996512003
65.33835847751814,83.57258691223923
65.70989515614606,85.01345309970655
66.07856292454382,86.4209635816891
66.44414501731183,87.79432272358748
66.80640889682644,89.13274511042526
67.16510626626788,90.43545648436927
67.51997315959831,91.70169470883398
67.87073011137136,92.9307107563944
68.21708240885256,94.12176971745183
68.55872042850474,95.27415182638919
68.8953200584146,96.38715350169987
69.22654320774136,97.46008839639411
69.55203840372522,98.49228845477148
69.87144147624004,99.48310497150445
70.18437632928267,100.43190964880756
70.49045579819622,101.33809564736772
70.78928259080124,102.20107862659255
71.08045030999209,103.02029776968548
71.36354455472217,103.79521678899616
71.63814409568502,104.5253249071018
71.90382212137752,105.21013780907698
72.16014754963851,105.84919856147616
72.40668639917138,106.44207849361771
72.64300321501455,106.98837803688684
72.86866254139854,107.48772751790145
73.08323043495491,107.93978790157405
73.28627601080007,108.3442514802903
73.47737301363499,108.70084250566877
73.6561014056634,109.00931775961288
73.82204896285934,109.26946706165774
73.9748128708962,109.48111370991259
74.1140013119032,109.6441148532332
74.23923503312845,109.75836179259835
74.35014888857688,109.8237802100308
74.44639334474412,109.8403303237741
74.5276359416957,109.80800696882585
74.5935627009359,109.72683960231811
74.64387947177669,109.59689223363455
74.67831320824916,109.41826327955337
74.69661316899878,109.19108534510015
74.69855203306348,108.91552493119008
74.68392692495289,108.59178207051995
74.65256034301665,108.22008989354751
74.60430098570993,107.80071412675098
74.53902447102745,107.33395252571042
74.4566339450761,106.82013424586948
74.35706057648906,106.25961915414685
74.24026393413736,105.65279708483625
74.10623224636942,105.00008704349733
73.95498254079094,104.30193636275408
73.7865606643855,103.55881981412736
73.6010411845571,102.77123868018099
73.39852717245135,101.93971979141241
73.17914987066368,101.06481453240826
72.94306824817767,100.1470978218743
72.69046844607398,99.18716707117395
72.4215631182198,98.18564112603838
72.13659067176746,97.14315919606969
71.8358144128741,96.06037977662992
71.51952160357499,94.93797956760649
71.18802243622213,93.77665239345922
70.84164893230742,92.57710812879816
70.48075377285157,91.34007163360332
70.10570906782718,90.06628170200389
69.71690507231479,88.75649002833092
69.31474885725976,87.41146019395376
68.89966294279232,86.03196667814831
68.47208390211988,84.61879389602322
68.03246094396792,83.17273526623808
67.58125448147135,81.69459231100643
67.11893469526697,80.18517379056645
66.64598009835117,78.64529487405066
66.16287611000861,77.07577634836817
65.6701136458317,75.4774438664596
65.16818773050082,73.85112723596815
64.65759613962533,72.19765974912416
64.13883807652064,70.51787755433168
63.612412889362055,68.81261906971609
63.07881883367422,67.08272443859691
62.53855188463557,65.329035026643
61.99210460315739,63.55239296019406
61.43996505919211,61.753640705051666
60.882615815188096,59.933620684796495
60.32053297209533,58.093174937538215
59.75418527979088,56.23314480978749
59.18403331329002,54.35437068602252
58.61052871559173,52.45769175233762
58.03411350753041,50.54394579247766
57.455219464521996,48.613969014410856
56.87426755965538,46.6685959055424
56.29166747214238,44.70865911455217
55.707817159753304,42.73498935782341
55.123102493483394,40.74841534834037
54.53789695236852,38.74976374494809
53.95256137605018,36.7398591198078
53.3674437724267,34.71952394191864
52.78287917748333,32.68957857456792
52.199189564184536,30.650841284580235
51.616683797155275,28.604128261315783
51.03565762972812,26.550253643361117
50.456393739843236,24.49002955094955
49.879161801210294,22.4242661221699
49.30421858612064,20.353771551143687
48.73180809628148,18.279352126374498
48.1621617180827,16.20181226759521
47.59549839875194,14.121954559483996
47.03202483995372,12.040579780762837
46.47193570548245,9.958486927232318
45.91541383984586,7.876473227433278
45.36263049467959,5.795334149681361
44.81374556012462,3.7158633993719015
44.26890779847891,1.638852905497556
43.728255077656165,-0.4349072045392264
43.19191460219746,-2.5046286426807396
42.660003139830856,-4.569525011247899
42.13262724180553,-6.628811867924077
41.60988345548974,-8.681706805225271
41.09185852796886,-10.727429544943178
40.57862959965355,-12.765202047906586
40.07026438715606,-14.7942486393733
39.566821354962954,-16.81379615024064
39.06834987567924,-18.82307407422283
38.574890378883595,-20.821314741014024
38.08647448886566,-22.807753505433137
37.603125151761965,-24.781628952434705
37.124856752821856,-26.742183117841037
36.6516752247592,-28.688661724534093
36.18357814833134,-30.62031443383331
35.720554846478294,-32.53639511168595
35.26258647351085,-34.43616210927736
34.80964610099476,-36.31887855756418
34.36169880209273,-38.183812675229895
33.91870173624123,-40.03023808947383
33.48060423611371,-41.85743416903413
33.04734789889523,-43.664686368751184
32.61886668391923,-45.45128658498239
32.19508701874078,-47.21653352110023
31.77592791570139,-48.959733062301936
31.361301101017336,-50.680198658875526
30.95111115835303,-52.377251717076746
30.545255688767078,-54.05022199670223
30.143625488802847,-55.698448014446676
29.746104748376577,-57.32127745205803
29.352571269952772,-58.91806756832028
28.962896710331748,-60.488185613834354
28.576946846172284,-62.03100924757573
28.1945818641708,-63.54592695414575
27.81565667657931,-65.03233846065503
27.44002126250836,-66.48965515212981
27.06752103519677,-67.91730048434883
26.697997235172387,-69.31471039296895
26.331287348942503,-70.68133369782893
25.967225552578835,-72.0166325012861
25.60564317927028,-73.32008257946877
25.246369209641355,-74.5911737652938
24.889230783343415,-75.82941032213971
24.53405373015462,-77.03431130705651
24.18066311855692,-78.20541092240862
23.828883819497182,-79.34225885488327
23.478541082806807,-80.44442060079007
23.129461123520656,-81.51147777663603
22.78147171513892,-82.54302841396978
22.43440278668691,-83.53868723754758
22.088087020280128,-84.49808592588846
21.742360445763804,-85.42087335336078
21.397063028903034,-86.30671581297202
21.052039249523794,-87.15529721911105
20.707138665977592,-87.96631928952769
20.3622164622904,-88.73950170592529
20.01713397439503,-89.47458225259274
19.67175919190496,-90.17131693259388
19.32596723199739,-90.82948006108947
18.979640782099285,-91.44886433546904
18.6326705082459,-92.02928088203912
18.2849554261753,-92.57055927911661
17.936403232463363,-93.07254755644853
17.586930593255968,-93.53511217098936
17.236463388449586,-93.95813795914788
16.884936909476934,-94.34152806572078
16.53229600919623,-94.68520384981427
16.17849520272526,-94.98910476816044
15.823498718434621,-95.25318823632313
15.467280498684584,-95.47742946838629
15.109824150283472,-95.66182129580312
14.751122845024671,-95.80637396617954
14.391179171053215,-95.91111492284675
14.030004936188911,-95.97608856616401
13.667620924716054,-96.00135599756543
13.304056609502414,-95.98699474744265
12.939349821662756,-95.9330984880203
12.573546380300677,-95.83977673244296
12.206699685174236,-95.70715452134847
11.838870275397934,-95.5353720982506
11.470125357547651,-95.32458457509571
11.100538306743664,-95.07496158938983
10.730188144477896,-94.7866869543223
10.359158997088516,-94.45995830332558
9.98753953890225,-94.09498673052411
9.615422424129168,-93.69199642852114
9.24290371163859,-93.25122432497233
8.870082286731073,-92.77291971937184
8.497059283987255,-92.25734392145893
8.123937515188794,-91.70476989261232
7.750820906202043,-91.11548189157169
7.377813946558113,-90.48977512576516
7.00502115529091,-89.82795540947683
6.632546566378194,-89.13033883001424
6.26049323690471,-88.39725142298349
5.888962780797,-87.62902885768814
5.518054930706636,-86.82601613360195
5.147867130313234,-85.9885672887653
4.7784941590160965,-85.11704512088623
4.41002779065151,-84.21182092181391
4.04255648755054,-83.2732742259733
3.6761651309122794,-82.30179257323435
3.3109347881440865,-81.29777128661296
2.9469425174820962,-80.2616132650774
2.584261209890281,-79.19372879165321
2.222959467916933,-78.09453535689885
1.8631015208975654,-76.96445749775397
1.5047471756002135,-75.80392665163822
1.1479518011506222,-74.61338102560687
0.7927663468225603,-73.39326548025636
0.4392373910640188,-72.14403142801558
0.08740721992138667,-70.86613674534699
-0.26268606714414133,-69.56004569832751
-0.6110084262097004,-68.22622888098184
-0.9575297148891693,-66.86516316570662
-1.3022235177573478,-65.47733166503033
-1.6450669536433011,-64.0632237039248
-1.98604046728612,-62.623334801808895
-2.325127607855247,-61.158166663378296
-2.6623147968390306,-59.66822717732491
-2.997591087767521,-58.15403042200843
-3.330947920188777,-56.61609667709228
-3.6623788702353153,-55.054952440178255
-3.9918794000325235,-53.471130447427605
-4.319446608083432,-51.8651696971842
-4.645078982644556,-50.23761547558733
-4.968776159959649,-48.58901938321255
-5.290538689075223,-46.91993936175289
-5.6103678047951355,-45.23093971980572
-5.928265210170231,-43.522591156822486
-6.24423286973817,-41.795470784351664
-6.558272814560976,-40.05016214369617
-6.87038695992446,-38.28725521917824
-7.1805769363940755,-36.50734644621109
-7.488843934739727,-34.711038713465655
-7.795188565080998,-32.89894135842373
-8.099610730435625,-31.07167015568158
-8.402109514698537,-29.229847297419273
-8.70268308493458,-27.374101365475365
-9.001328607722769,-25.505067294564448
-9.298042179170054,-23.62338632618034
-9.59281876809047,-21.72970595281644
-9.885652171747818,-19.824679852149558
-10.176534983460755,-17.908967810932353
-10.465458571299362,-15.983235638341643
-10.752413067030695,-14.048155068615639
-11.037387364425907,-12.104403652822366
-11.32036912599548,-10.1526646396955
-11.601344797201975,-8.193626845467739
-11.88029962718172,-6.227984512710812
-12.157217695013106,-4.256437158190854
-12.432081940574506,-2.2796894098335585
-12.704874199065923,-0.2984508328765756
-12.975575238297509,1.686564254643887
-13.244164797898488,3.674636976936931
-13.510621629646728,5.665044105820385
-13.774923538188204,7.657058276221298
-14.037047421480288,9.649948211571946
-14.296969310373271,11.642978958882555
-14.554664406819924,13.635412133206469
-14.810107120294607,15.626506171252517
-15.063271102087942,17.615516593849996
-15.314129277238969,19.601696277003754
-15.562653873952861,21.584295731220458
-15.808816450451516,23.562563388834274
-16.052587919290733,25.53574589901868
-16.293938569272406,27.503088430210028
-16.53283808516078,29.463834979618525
-16.769255565500444,31.417228689554793
-17.00315953890694,33.362512170263635
-17.234517979277452,35.298927828999126
-17.46329832042808,37.22571820502898
-17.68946747072792,39.14212631031046
-17.91299182834502,41.047395975545754
-18.133837297763733,42.94077220136732
-18.35196930825845,44.8215015143588
-18.567352835034825,46.68883232766976
-18.77995242375496,48.542015305947814
-18.98973221916708,50.38030373435147
-19.19665599854178,52.20295389136088
-19.400687210599884,54.00922542515225
-19.6017890205771,55.79838173326438
-19.799924362029145,57.569690345320794
-19.99505599591854,59.3224233085218
-20.187146577461075,61.055857575663765
-20.37615873112796,62.76927539540179
-20.562055134115127,64.46196470450096
-20.74479860848882,66.13321952176915
-20.92435222211615,67.78234034340066
-21.100679398371927,69.40863453941508
-21.27374403449802,71.01141675089939
-21.443510628361604,72.59000928770593
-21.60994441323504,74.14374252628932
-21.773011500085424,75.67195530731874
-21.932679026732583,77.17399533271964
-22.088915313098525,78.64921956174443
-22.241690021644708,80.09699460569566
-22.39097432196436,81.51669712088093
-22.536741058377988,82.9077141993914
-22.67896491926159,84.26944375724443
-22.81762260673465,85.60129491945322
-22.952693005235258,86.90268840154353
-23.084157347427258,88.17305688705147
-23.211999375808603,89.41184540048994
-23.336205498335858,90.61851167529375
-23.45676493633424,91.79252651621775
-23.573669862939596,92.93337415567866
-23.686915530307267,94.0405526034933
-23.79650038383599,95.11357398949193
-23.902426161681824,96.1519648984593
-24.004697977887936,97.15526669687722
-24.10332438752127,98.12303585091591
-24.19831743229766,99.05484423515361
-24.289692665281663,99.9502794314884
-24.377469153375227,100.80894501773494
-24.46166945645012,101.63046084538612
-24.542319582142834,102.41446330605658
-24.619448915504577,103.16060558612467
-24.69309012289242,103.86855790912372
-24.763279029688327,104.53800776543504
-24.830054471650016,105.16866012887925
-24.893458119919295,105.76023765981267
-24.953534279944698,106.31248089437854
-25.010329664808385,106.82514841957509
-25.063893143685156,107.29801703385235
-25.114275466396276,107.73088189297059
-25.161528965254625,108.12355664089895
-25.205707235623816,108.47587352555767
-25.246864796834075,108.78768349925622
-25.285056735306043,109.05885630371152
-25.32033833192857,109.2892805395708
-25.352764675917793,109.478863720406
-25.38239026754667,109.62753231118
-25.409268612278222,109.73523175123101
-25.43345180895761,109.80192646185516
-25.45499013481818,109.82759983860926
-25.473931630131634,109.81225422848917
-25.49032168538359,109.7559108921784
-25.504202633880702,109.65860995159497
-25.515613352693947,109.52041032299626
-25.52458887481547,109.34138963593551
-25.531160015352633,109.12164413838981
-25.53535301450354,108.86128858840907
-25.53718919995429,108.56045613265631
-25.536684671209898,108.21929817223717
-25.53385000822053,107.83798421623068
-25.52869000649305,107.41670172335476
-25.521203440687255,106.95565593220857
-25.511382858488542,106.45506968055349
-25.499214406326093,105.91518321409484
-25.48467768827045,105.33625398523972
-25.467745659199267,104.71855644230047
-25.448384553067367,104.06238180962707
-25.426553846859843,103.36803785913654
-25.402206260547086,102.63584867371392
-25.37528779310149,101.86615440294032
-25.3457377943799,101.05931101161141
-25.313489072424765,100.2156900214816
-25.278468035495017,99.33567824667031
-25.240594867905195,98.41967752313624
-25.19978373853202,97.46810443263041
-25.155943040642057,96.48139002149985
-25.108975661505173,95.45997951471257
-25.058779280086505,94.40433202543541
-25.005246690958124,93.31492026050113
-24.94826615243786,92.19223022205544
-24.887721756851725,91.03676090567242
-24.823493820725368,89.84902399518481
-24.75545929264156,88.62954355448205
-24.683492176453,87.3788557164797
-24.60746396751401,86.09750836946556
-24.527244099588913,84.78606084098405
-24.44270040011174,83.44508357943286
-24.353699551504356,82.0751578334957
-24.260107556314875,80.67687532954314
-24.16179020400604,79.25083794709188
-24.058613537310862,77.79765739243174
-23.950444316170582,76.31795487048336
-23.83715047738307,74.8123607549651
-23.71860158821083,73.28151425690916
-23.594669292332195,71.72606309159725
-23.465227746654588,70.14666314394178
-23.330154047655363,68.54397813236478
-23.189328646060375,66.91867927119279
-23.04263574882221,65.27144493162682
-22.889963707505988,63.60296030130685
-22.731205392339124,61.91391704252602
-22.56625855132256,60.205012949121915
-22.395026153942226,58.47695160212245
-22.217416719147632,56.73044202418989
-22.033344627391113,54.966198332950526
-21.842730416632612,53.184939393276025
-21.645501062324357,51.38738846864044
-21.44159024147877,49.57427287164773
-21.230938581008775,47.74632361387659
-21.013493890595683,45.90427505517121
-20.789211380402065,44.048864552572326
-20.558053863985712,42.180832109056624
-20.31999194680618,40.300920022309704
-20.075004200728447,38.40987253374243
-19.823077324938836,36.50843547803098
-19.56420629367472,34.59735593343494
-19.298394491153328,32.677381873208546
-19.025653834048544,30.749261818404783
-18.746004881827375,28.81374449244374
-18.459476935198033,26.871578477789882
-18.166108122863434,24.923511875142868
-17.8659454766973,22.97029196552895
-17.559044995388042,21.012664875749742
-17.245471696503284,19.051375247614335
-16.925299656843496,17.087165911436717
-16.59861204085281,15.120777564257777
-16.26550111676679,13.152948453315087
-15.926068260070839,11.184414065245813
-15.580423943752372,9.21590682155693
-15.228687714726892,7.248155780865263
-14.870988155734409,5.281886348465207
-14.507462831905855,3.317819993733492
-14.138258221123245,1.3566739759188078
-13.763529627215888,-0.6008389211792018
-13.38344107497737,-2.5540106450941735
-12.998165185923092,-4.50213812065272
-12.607883033667868,-6.444523485508304
-12.212783977771153,-8.380474314766355
-11.813065474872317,-10.309303834266998
-11.408932865944308,-12.230331122069437
-11.000599138494966,-14.142881297761141
-10.588284662581021,-16.046285699210436
-10.172216899536703,-17.939882046456482
-9.75263008239168,-19.82301459242334
-9.329764867023822,-21.695034260239005
-8.903867953199576,-23.555298766951317
-8.475191674764467,-25.4031727335227
-8.04399355839362,-27.238027780994063
-7.61053585045622,-29.059242612814913
-7.175085011729379,-30.866203083362578
-6.737911179878132,-32.658302252774305
-6.299287599836639,-34.43494042823754
-5.859490022436173,-36.19552519199911
-5.418796071871281,-37.93947141639011
-4.9774845828356575,-39.6662012662704
-4.535834908431372,-41.375144189325646
-4.094126200213694,-43.06573689476843
-3.6526366620198267,-44.737423321033845
-3.211642779503457,-46.389654593167464
-2.771418527593795,-48.021888970632006
-2.3322345583713826,-49.633591786372456
-1.8943573721451585,-51.22423537801431
-1.4580484747838618,-52.793299012167
-1.0235635246358683,-54.34026880282481
-0.5911514726184173,-55.86463762495691
-0.16105369931058888,-57.36590502439852
0.2664968468974429,-58.84357712523476
0.6912765063279949,-60.297166535871234
1.1130717547685407,-61.72619225505996
1.531680035843081,-63.130179579149164
1.9469105742709338,-64.50866001187535
2.358585165172336,-65.86117117799431
2.7665389345266718,-67.18725674208994
3.170621065851602,-68.4864663338702
3.570695488188278,-69.7583554812751
3.9666415205150525,-71.0024855526684
4.358354467810514,-72.21842370939027
4.745746164108144,-73.40574286988428
5.1287454580637135,-74.56402168659082
5.507298636759245,-75.69284453671186
5.881369783731904,-76.79180152791932
6.2509410675033,-77.8604885199823
6.616012957226687,-78.8985071632302
6.976604362432079,-79.90546495465115
7.332752694266915,-80.88097531235697
7.684513846063119,-81.82465766902149
8.031962091539874,-82.7361375848091
8.375189899439935,-83.61504688016994
8.714307663926963,-84.46102378878345
9.049443350604022,-85.27371313078814
9.380742058574215,-86.05276650632577
9.708365499519118,-86.79784250927605
10.032491395348355,-87.50860696094774
10.353312796535082,-88.1847331633445
10.671037323821725,-88.82590217150538
10.98588633652451,-89.43180308427256
11.298094031210212,-90.0021333527277
11.607906475027761,-90.53659910540067
11.915580578473305,-91.03491548924501
12.221383012818194,-91.49680702524472
12.525589077860646,-91.9220079774218
12.828481526039416,-92.31026273390019
13.13034934929389,-92.66132619859629
13.431486535339966,-92.97496419200816
13.732190800281606,-93.25095385950878
14.032762304661347,-93.48908408547298
14.333502360194203,-93.6891559115156
14.634712134499756,-93.85098295706428
14.936691361176287,-93.97439184046085
15.239737062518053,-94.05922259875484
15.544142292088942,-94.10532910434236
15.850194904207385,-94.11257947659763
16.158176357199594,-94.08085648665667
16.468360557013327,-94.01005795353062
16.78101274748126,-93.90009712975802
17.096388453158244,-93.75090307484811
17.414732480264025,-93.56242101481831
17.73627798081585,-93.33461268619351
18.061245584565455,-93.06745666290308
18.389842602839224,-92.76094866459712
18.722262307855143,-92.41510184498772
19.058683290529387,-92.02994705892097
19.39926889922204,-91.60553310698374
19.744166761283005,-91.1419269565654
20.093508388682615,-90.63921393840087
20.44740886842073,-90.09749791774686
20.805966637836562,-89.51690143945554
21.169263344364992,-88.89756584634694
21.537363788742695,-88.23965137039454
21.91031595013105,-87.5433371963722
22.288151091116767,-86.80882149773815
22.670883940078948,-86.036321444647
23.058512947957077,-85.22607318412263
23.451020616054038,-84.3783317925283
23.84837389112963,-83.49337120060352
24.250524623716338,-82.57148409143593
24.65741008529011,-81.61298177186863
25.068953539693357,-80.6181940179273
25.48506486399768,-79.5874688949693
25.90564121384481,-78.52117255333263
26.330567728180924,-77.41968900037556
26.759718268240263,-76.28341984985528
27.19295618559918,-75.11278404968924
27.630135114144494,-73.90821758918815
28.071099780842275,-72.67017318694224
28.515686830295294,-71.39911996056503
28.963725658193923,-70.09554307957134
29.415039248931592,-68.75994340268034
29.8694450128311,-67.3928371009008
30.326755618652044,-65.99475526774935
30.78677981727609,-64.56624351799749
31.2493232527309,-63.10786157632992
31.714189256972666,-61.620182857338506
32.1811796251431,-60.10379403824152
32.65009536830057,-58.559294625741124
33.120737440933965,-56.987296518392355
33.59290744085831,-55.388423565879464
34.06640827940561,-53.7633111265365
34.54104482011409,-52.11260562445471
35.01662448442258,-50.436964107457854
35.49295782314941,-48.737053807235036
35.96985905282271,-47.01355170284189
36.44714655618108,-45.26714408877306
36.9246433464211,-43.49852614873198
37.40217749498682,-41.70840153622079
37.87958252292295,-39.8974819629801
38.35669775599856,-38.06648679629126
38.83336864399379,-36.2161426660636
39.30944704468526,-34.347183082619274
39.784791473212934,-32.46034806598333
40.2592673176169,-30.55638378746267
40.73274702143504,-28.636042224197794
41.20511023431503,-26.700080827355645
41.67624393166015,-24.749262204517258
42.14604250435373,-22.78435381678436
42.61440781963401,-20.806127691021107
43.08124925417893,-18.815360147625753
43.54648370045642,-16.812831544104604
44.010035547356225,-14.799326034684926
44.47183663608475,-12.77563134608763
44.93182619223779,-10.742538569554034
45.38995073491216,-8.700841969089756
45.846163963635234,-6.651338805847695
46.30042662382006,-4.594829178448416
46.752706351357375,-2.5321158790038103
47.202977496879754,-0.4640042644714941
47.65122093013471,1.6086978570796477
48.097423824824446,3.685180325842341
48.541579424171715,5.764630715869117
48.983686787401204,7.846234407626753
49.42375051724003,9.929174648288633
49.861780468480966,12.012632600680288
50.29779143758058,14.09578738183263
50.731802833225984,16.177816092242864
51.163838327757134,18.25789383699307
51.59392548931531,20.335193740008275
52.02209539456646,22.408886952771343
52.44838222186327,24.478142658951537
52.872822824722036,26.54212807644614
53.295456285535025,28.600008458455623
53.71632344948305,30.650947095236038
54.13546643869527,32.69410531829617
54.552928146784325,34.728642508831385
54.96875171400039,36.753716112285595
55.3829799833621,38.768481660932345
55.79565493827408,40.772092806461565
56.20681712229178,42.76370136455283
56.61650504187482,44.74245737348083
57.02475455314932,46.70750916876171
57.43159823391014,48.658003475903406
57.8370647422997,50.59308552327403
58.24117816383089,52.5118991771198
58.64395734864149,54.413587100678605
59.04541524111549,56.29729093933564
59.4455582042379,58.1621515336654
59.84438534129943,60.0073091621626
60.2418878177963,61.83190381532269
60.63804818661546,63.6350755026704
61.03283971981572,65.4159645941725
61.42622575053967,67.17371219736586
61.818159028785104,68.9074605713294
62.208581094961744,70.61635357850119
62.5974216753206,72.29953717513033
62.984598103488054,73.95615994095274
63.37001477246148,75.58537364849036
63.75356262150347,77.18633387210436
64.13511866244106,78.75820063673947
64.5145455498935,80.3001391060146
64.8916911999488,81.81132030909072
65.26638846174981,83.29092190544347
65.63845484637152,84.73812898643826
66.007692317232,86.15213491230253
66.37388714611474,87.53214218284454
66.73680983865282,88.87736333995656
67.09621513287622,90.18702189970533
67.45184207411288,91.46035331151727
67.80341416919633,92.69660594173179
68.15063962253699,93.895042078511
68.49321165619826,95.05493895488735
68.83080891564775,96.17558978647871
69.16309596236394,97.25630482021349
69.48972385394055,98.29641239018545
69.81033081178344,99.29525997661509
70.12454297590745,100.25221526372097
70.4319752457478,101.16666719219828
70.73223220527885,102.03802700187472
71.02490913011832,102.86572926006444
71.30959307366194,103.64923287107632
71.58586402867572,104.38802206233207
71.8532961601482,105.08160734254281
72.11145910461065,105.7295264274569
72.35991933054379,106.3313451287523
72.59824155393906,106.88665820176521
72.82599020254972,107.395090147869
73.04273092188595,107.85629596749926
73.24803211555857,108.26996186000764
73.441466512183,108.6358058667609
73.62261275070503,108.9535784541434
73.79105697572831,109.22306303341004
73.94639443419254,109.44407641463049
74.08823106459207,109.6164691922943
74.21618506982418,109.74012606048166
74.32988846473302,109.81496605587064
74.42898858945395,109.84094272721907
74.51314957977868,109.8180442303461
74.58205378594064,109.7462933480277
74.63540313147584,109.62574743461968
74.67292040413199,109.4564982856197
74.69435047118529,109.23867193277613
74.6994614119712,108.97242836574821
74.68804556094258,108.65796118170475
74.65992045513005,108.29549716462792
74.61492968048876,107.88529579644569
74.55294361227251,107.42764870247103
74.47386004526757,106.922879033946
74.3776047104459,106.37134079080208
74.26413167534646,105.77341808802367
74.13342362626543,105.12952436927145
73.98549203111571,104.44010157164149
73.82037718260499,103.70561924564933
73.63814812216229,102.92657363468793
73.43890244582272,102.10348671836906
73.22276599403477,101.23690522425058
72.989892428094,100.32739961254552
72.7404626966107,99.37556303844134
72.474684396097,98.38201029669467
72.19279103038528,97.3473767531307
71.89504117418136,96.2723172676486
71.58171754658788,95.15750511324106
71.25312600092286,94.0036308954591
70.90959443757819,92.81140147659877
70.5514716470348,91.58153890875315
70.17912609044907,90.31477937967398
69.7929446254761,89.01187217521915
69.39333118516346,87.67357866191506
68.98070541787077,86.30067129295362
68.55550129621238,84.89393264066976
68.1181657030194,83.45415445831833
67.66915700223397,81.98213677366635
67.20894360252723,80.47868701666476
66.73800252123627,78.94461918315339
66.25681795598965,77.38075303630515
65.76587987109144,75.78791334719138
65.26568260541151,74.16692917559567
64.75672350814786,72.51863319189246
64.2395016084306,70.84386104057126
63.71451632428561,69.1434507456794
63.182266216019045,67.4182421582299
62.64324778858627,65.66907644533862
62.09795434701757,63.896795620663255
61.54687490844318,62.10224211544921
60.990493173747495,60.28625838931285
60.42928656134531,58.44968657966322
59.863725305063745,56.59336818853089
59.29427161758218,54.71814380536535
58.721378920383316,52.82485286424215
58.14549114067621,50.91433343379236
57.56704207526882,48.98742203802744
56.98645482092782,47.04495350618417
56.40414127031849,45.08776084958648
55.82050167222555,43.116675163495685
55.235924254367994,41.1325255518348
54.65078490679221,39.13613907268981
54.06544692349854,37.12834070242304
53.48026079968918,35.1099533162685
52.89556408176719,33.08179768324808
52.31168126702046,31.04469247331975
51.72892374973226,28.99945427464949
51.1475898103305,26.946897618981378
50.56796464406813,24.88783501309138
49.99032042566854,22.82307697442336
49.414916406314035,20.753432069021102
48.84199903935861,18.679706949985878
48.27180213115621,16.602706394728045
47.7045470134624,14.523233339419686
47.14044273393126,12.442088909091277
46.579686261346396,10.360072441949452
46.022462702343105,8.277981506546379
45.46894552654548,6.196611910581299
44.91929679720002,4.116757700159429
44.37366740458963,2.03921114847311
43.83219729970833,-0.03523726707296504
43.29501572591193,-2.105798900119942
42.7622414464801,-4.171686983780249
42.23398296627877,-6.232116692877877
41.7103387459528,-8.286305220598734
41.191397407348475,-10.333471870002253
40.67723792911234,-12.372838160809234
40.1679298316841,-14.403627951753617
39.66353335115187,-16.425067578742677
39.16409960170869,-18.436386008937212
38.66967072668866,-20.436815010837137
38.18028003841749,-22.425589340342597
37.69595214733948,-24.401946942728262
37.21670308112228,-26.36512917034806
36.74254039464323,-28.314381015872282
36.27346327197085,-30.248951360755807
35.809462621631795,-32.168093238614276
35.35052116663308,-34.07106411307703
34.89661353084824,-35.95712616967958
34.4477063235155,-37.825546621267115
34.00375822369712,-39.67559802636697
33.5647200666488,-41.506558619891806
33.130534934102215,-43.317712655536596
32.70113825051515,-45.10835075915168
32.276457887354006,-46.877770292367806
31.856414277478493,-48.62527572566301
31.440920541658066,-50.35017902006918
31.029882629203573,-52.051800016644215
30.62319947461101,-53.72946683283599
30.220763172022433,-55.38251626478811
29.822459169173264,-57.01029419465081
29.42816648235495,-58.612156001898335
29.037757933744807,-60.1874669776603
28.65110041227522,-61.73560274100948
28.26805515899543,-63.2559496561673
27.888478077661617,-64.74790524953795
27.512220071041718,-66.2108786254949
27.13912740317719,-67.64429087979173
26.76904208756828,-69.04757550949537
26.401802300982784,-70.42017881830306
26.037242822300385,-71.76156031612696
25.675195495530097,-73.0711931117929
25.315489715844144,-74.34856429773801
24.95795293719635,-75.59317532556943
24.602411199808287,-76.80454237138287
24.248689675546263,-77.98219668971997
23.89661322894414,-79.1256849550949
23.5460069913898,-80.23456959001743
23.196696945757836,-81.30842907849083
22.848510518571857,-82.34685826396469
22.50127717658452,-83.34946863078878
22.154829024508686,-84.31588856823292
21.80900140049183,-85.24576361620451
21.46363346582845,-86.13875669182018
21.118568785321887,-86.99454829606974
20.773655894670394,-87.81283669985066
20.428748851236477,-88.59333810873505
20.083707764591523,-89.33578680587667
19.738399303278563,-90.03993527256236
19.392697174336654,-90.70555428597198
19.04648257225211,-91.33243299380733
18.699644594172913,-91.92037896551628
18.352080618408475,-92.46921821994404
18.003696643470363,-92.97879522931929
17.654407585158047,-93.44897289958718
17.304137529485455,-93.87963252718015
16.95281993954328,-94.27067373242615
16.60039781472606,-94.62201436988086
16.246823801101556,-94.93359041596707
15.8920602520582,-95.20535583440379
15.536079238750855,-95.43728241999266
15.178862510239194,-95.62935962142964
14.820401403607807,-95.78159434389389
14.460696704737645,-95.89401073225608
14.099758460791454,-95.96664993582684
13.737605745842927,-95.99956985564953
13.374266381450692,-95.9928448754123
13.009776614320055,-95.94656557712497
12.644180753534407,-95.86083844276759
12.277530770136199,-95.73578554317565
11.909885862126012,-95.57154421547654
11.541311988194012,-95.36826673043242
11.171881373729104,-95.12611995108395
10.801671992830286,-94.84528498411225
10.43076703020522,-94.52595682535997
10.059254326950711,-94.16834400095829
9.687225814298525,-93.77266820551571
9.31477693944191,-93.33916393881319
8.94200608756905,-92.86807814244034
8.569014004187647,-92.35966983777885
8.195903221763354,-91.81420976671804
7.822777494577747,-91.23198003643883
7.449741245578063,-90.61327376956459
7.076899028809669,-89.9583947609128
6.70435501082851,-89.26765714203539
6.332212474250322,-88.5413850546533
5.960573346345559,-87.77991233402945
5.589537755304798,-86.98358220323131
5.219203616514298,-86.15274697916945
4.849666250861995,-85.2877677911902
4.481018036781281,-84.38901431292491
4.113348097403964,-83.45686450798569
3.7467420238709988,-82.49170439002266
3.381281635507106,-81.49392779753659
3.017044777242976,-80.46393618375791
2.654105154337355,-79.40213842178505
2.2925322041467098,-78.30895062509947
1.9323910043785322,-77.18479598345155
1.5737422169849538,-76.03010461403503
1.2166420665767532,-74.84531342775153
0.8611423519977386,-73.63086601030496
0.5072904894624468,-72.38721251774834
0.15512958546289823,-71.11480958604622
-0.1953014625365146,-69.81412025411278
-0.5439678397422298,-68.48561389974361
-0.89083866427573,-67.12976618776017
-1.2358868163760341,-65.74705902964838
-1.5790887489992365,-64.33798055389073
-1.9204242822933324,-62.903025086176235
-2.2598763844577867,-61.442693138594656
-2.597430941488028,-59.957491406912276
-2.933076518285283,-58.447932774968606
-3.2668041135544357,-56.91453632524667
-3.5986069108510215,-55.35782735461653
-3.928480028041786,-53.7783373942707
-4.256420267342634,-52.176604232835864
-4.58242586796554,-50.55317194168808
-4.906496263277592,-48.908590901466596
-5.228631844219475,-47.243417828827674
-5.548833730578757,-45.55821580246615
-5.867103551538264,-43.853554287499605
-6.183443236756858,-42.13000915729648
-6.497854819057405,-40.3881627118962
-6.810340249627103,-38.62860369217239
-7.120901226449799,-36.85192728897477
-7.42953903652468,-35.05873514648502
-7.73625441224857,-33.24963535910189
-8.041047402180787,-31.42524246118444
-8.34391725624359,-29.5861774090771
-8.644862325269774,-27.733067554845682
-8.94387997466265,-25.866546611241482
-9.240966511810178,-23.987254607425534
-9.536117126768694,-22.095837835085433
-9.829325845633683,-20.192948784581112
-10.120585495914693,-18.279246070844366
-10.40988768315729,-16.355394348769497
-10.697222777979597,-14.422064217929927
-10.982579912644852,-12.479932116454108
-11.265946986244344,-10.529680203977646
-11.547310677544104,-8.571996233593381
-11.826656464526273,-6.607573412811938
-12.103968649661994,-4.637110253534445
-12.379230389956952,-2.661310411113993
-12.652423730838304,-0.6808825125770426
-12.923529642976934,1.303460025842801
-13.192528061189346,3.2909991917282246
-13.459397924609863,5.2810125798639245
-13.724117217389832,7.272773605806148
-13.98666300924215,9.265551729386896
-14.247011495230485,11.258612687935472
-14.505138034279433,13.251218738957023
-14.761017185966796,15.242628911995183
-15.014622745251096,17.232099269424225
-15.265927774872388,19.21888317585839
-15.514904635262823,21.202231575911558
-15.761525011891557,23.18139327999625
-16.005759940065026,25.15561525788865
-16.247579827287645,27.124142939734398
-16.48695447338189,29.086220524221336
-16.723853088644827,31.0410912936076
-16.958244310402357,32.98799793533526
-17.19009621838905,34.9261828699126
-17.419376349454133,36.85488858480258
-17.64605171214891,38.77335797401982
-17.87008880180593,40.68083468318173
-18.091453616757263,42.57656345971442
-18.310111676376813,44.45979050796711
-18.526028041650527,46.32976384895475
-18.739167338994324,48.18573368448943
-18.949493788035383,50.0269527654153
-19.156971234068056,51.852676763712296
-19.3615631858702,53.662164648196686
-19.563232859537177,55.454679063584166
-19.761943228941554,57.229486712632294
-19.957657083376734,58.98585874112395
-20.15033709287269,60.723071125413846
-20.339945881599423,62.44040506229078
-20.526446109682507,64.13714736085689
-20.709800563664196,65.81259083616368
-20.889972255735948,67.4660347043007
-21.06692453175978,69.09678497865767
-21.240621187973435,70.70415486702682
-21.411026596154766,72.2874651692435
-21.578105836889538,73.8460446750176
-21.741824840459678,75.37923056162691
-21.902150534731845,76.88636879108898
-22.05905099929888,78.36681450645347
-22.212495624992577,79.81993242681176
-22.36245527776163,81.24509724063452
-22.508902465782242,82.64169399699529
-22.651811508556527,84.0091184942605
-22.791158706642285,85.34677766578321
-22.92692251056235,86.65408996215048
-23.059083687350178,87.93048572948668
-23.18762548311743,89.17540758333662
-23.312533779965676,90.38831077761468
-23.43379724552108,91.56866356812094
-23.551407473339026,92.7159475700852
-23.665359112416848,93.82965810922364
-23.775649984057054,94.9093045657644
-23.882281184351232,95.95441071091727
-23.985257170596675,96.96451503523285
-24.084585830024867,97.93917106832667
-24.18027852930295,98.87794768942481
-24.272350143374293,99.780429428214
-24.360819062324094,100.64621675546225
-24.445707175098416,101.47492636291148
-24.52703982906115,102.26619143193912
-24.604845764548134,103.01966189051727
-24.67915702376436,103.73500465799684
-24.750008833573084,104.41190387728474
-24.817439461937028,105.05006113399075
-24.881490047994966,105.64919566215953
-24.94220440598411,106.20904453621486
-24.99962880345454,106.729362848789
-25.05381171445653,107.20992387413028
-25.104803548619287,107.65051921682601
-25.152656357271724,108.05095894559938
-25.197423517985797,108.4110717119893
-25.239159399143173,108.73070485374912
-25.277919006337157,109.00972448284747
-25.313757612619334,109.24801555798297
-25.34673037478479,109.44548194157402
-25.37689193805503,109.60204644121784
-25.40429603166612,109.71765083565626
-25.42899505799496,109.79225588532026
-25.451039677961354,109.82584132756836
-25.47047839552384,109.8184058567682
-25.487357144142464,109.76996708940808
-25.501718878111785,109.68056151445973
-25.51360317167118,109.55024442924677
-25.523045828777207,109.3790898611063
-25.53007850637395,109.16719047515704
-25.534728353922844,108.91465746851969
-25.537017671854322,108.62162045135568
-25.536963591479676,108.28822731511698
-25.534577778755484,107.9146440884148
-25.52986616412526,107.50105478093927
-25.522828700475785,107.04766121587016
-25.513459151041303,106.55468285123678
-25.501744908868403,106.0223565906864
-25.48766684922203,105.45093658413859
-25.471199216068964,104.84069401879563
-25.452309543524436,104.19191690098612
-25.43095861289029,103.5049098293192
-25.407100445653615,102.77999375961286
-25.38068233255597,102.01750576206983
-25.35164489858544,101.21779877114982
-25.319922203493174,100.3812413285891
-25.285441877190465,99.50821731999123
-25.248125289149797,98.59912570541853
-25.207887750709475,97.65438024437717
-25.1646387489745,96.67440921558857
-25.118282210812914,95.65965513190265
-25.068716795272877,94.61057445071307
-25.015836212588457,93.52763728019033
-24.959529567806626,92.41132708164666
-24.89968172695081,91.26214036830497
-24.836173703543178,90.0805864007499
-24.7688830632336,88.86718687928993
-24.697684344232396,87.62247563346072
-24.62244949121314,86.34699830885515
-24.543048300344054,85.04131205147684
-24.459348873116504,83.70598518976303
-24.371218076671155,82.34159691442939
-24.27852200837024,80.94873695624571
-24.18112646243321,79.52800526186972
-24.078897396533392,78.0800116678171
-23.971701396351857,76.60537557265997
-23.859406136192597,75.10472560750598
-23.741880833886366,73.57869930483714
-23.618996698337707,72.02794276574245
-23.490627368209555,70.45311032560126
-23.356649340380265,68.85486421823906
-23.216942386957527,67.23387423861486
-23.071389959779815,65.5908174040585
-22.9198795814865,63.9263776141088
-22.762303222382922,62.241245308974364
-22.59855766247374,60.536117126685554
-22.428544838173934,58.81169555897124
-22.252172173342167,57.06868860593512
-22.0693528944038,55.30780942958324
-21.880006329451337,53.529776006310165
-21.68405819131292,51.73531077842076
-21.481440844678453,49.925140304814256
-21.272093557453996,48.099994910938236
-21.05596273659198,46.26060833818419
-20.833002148699716,44.40771739286857
-20.603173125778707,42.542061595
-20.36644475647726,40.66438282701661
-20.12279406326397,38.77542498274724
-19.872206165931786,36.87593361682414
-19.614674431841063,34.966655594835146
-19.350200613287168,33.048338744487715
-19.078794972354835,31.121731508129233
-18.800476393573724,29.187582596941763
-18.515272484643333,27.24664064718965
-18.223219665428562,25.299653878882193
-17.924363245364614,23.347369757283914
-17.618757489324835,21.39053465767593
-17.30646567192727,19.42989353382931
-16.98756012015973,17.466189590630684
-16.66212224411811,15.500163961365981
-16.330242555548114,13.532555390133345
-15.992020673789778,11.564099919907022
-15.647565318619503,9.595530586745838
-15.296994289396956,7.6275771206976986
-14.94043442982223,5.660965653906981
-14.57802157752603,3.6964184364731674
-14.209900497625295,1.7346535605697682
-13.836224799309331,-0.2236153066205926
-13.457156834444085,-2.1776791806560993
-13.072867577131301,-4.1268340077429215
-12.683536483104572,-6.070380902324517
-12.289351327818395,-8.007626373845401
-11.89050802205589,-9.937882542252787
-11.487210403880272,-11.86046734178586
-11.079670005756196,-13.774704712669799
-10.668105795701532,-15.679924780315147
-10.252743891361384,-17.575464021709404
-9.83381724596352,-19.4606654186899
-9.411565305183501,-21.334878597869796
-8.98623363405395,-23.197459956988418
-8.558073513156533,-25.047772777557924
-8.127341503476156,-26.885187323695945
-7.694298979440166,-28.709080927129573
-7.259211629845474,-30.51883805837061
-6.822348926552735,-32.313850384173655
-6.383983561038669,-34.09351681141919
-5.944390849108416,-35.857243517668834
-5.503848104314887,-37.60444396866522
-5.062633980867805,-39.3345389231669
-4.62102778708244,-41.046956425546895
-4.179308770677608,-42.74113178669173
-3.7377553775197647,-44.416507553767595
-3.296644485680794,-46.07253346953644
-2.85625061696809,-47.70866642195247
-2.41684512837109,-49.32437038484055
-1.978695386146054,-50.91911635054958
-1.5420639255501776,-52.49238225549931
-1.1072075994969524,-54.04365289964247
-0.6743767196734538,-55.5724198608912
-0.2438141938994498,-57.07818140564147
0.1842453362504486,-58.56044239653817
0.6095763533399285,-60.018714198706945
1.0319633130607535,-61.45251458568496
1.4512014797455315,-62.86136764634286
1.8670977436839422,-64.24480369407608
2.2794714154291533,-65.60235917959666
2.6881549922015147,-66.93357660863586
3.0929948914688943,-68.23800446589495
3.4938521467735058,-69.51519714653753
3.8906030609259723,-70.7647148965341
4.283139811759076,-71.98612376311536
4.67137100576333,-73.17899555658144
5.055222175079054,-74.34290782463691
5.434636213534636,-75.47744384039906
5.809573747659321,-76.58219260514136
6.180013438893511,-77.65674886678445
6.545952213537051,-78.70071315503935
6.907405417350466,-79.71369183404886
7.264406892117911,-80.69529717325547
7.617008971922692,-81.64514743714392
7.965282397342246,-82.56286699437081
8.309316146271746,-83.44808644670618
8.649217180594786,-84.30044277807289
8.985110108462756,-85.11957952386388
9.317136762487426,-85.90514696056799
9.645455694721916,-86.65680231562787
9.970241589866848,-87.37420999730477
10.291684598713562,-88.05704184420914
10.609989594392626,-88.70497739400355
10.925375354558874,-89.31770417067433
11.238073673178082,-89.89491798962356
11.548328406106533,-90.43632327972189
11.85639445514192,-90.9416334213239
12.16253669569721,-91.41057109914756
12.467028853673213,-91.842868668797
12.77015233750378,-92.2382685356127
13.07219503168804,-92.59652354442582
13.373450058434287,-92.91739737871603
13.674214514286591,-93.20066496758426
13.974788188811099,-93.4461128988889
14.275472272556996,-93.65353983682618
14.576568061604076,-93.82275694219317
14.878375666035103,-93.95358829352891
15.181192729651663,-94.04587130730465
15.485313168161566,-94.09945715531451
15.791025932933767,-94.1142111774168
16.098613807215706,-94.09001328778112
16.408352241465316,-94.02675837281424
16.720508234142304,-93.9243566789677
17.035339263963305,-93.78273418866922
17.3530922792267,-93.60183298267226
17.674002749385977,-93.38161158717472
17.998293783572105,-93.12204530413332
18.3261753202722,-92.82312652327423
18.65784339183626,-92.48486501439156
18.993479466939522,-92.10728819861615
19.333249873552607,-91.69044139744429
19.677305304401116,-91.23438805841879
20.02578040630562,-90.73920995647254
20.378793454215028,-90.20500737005466
20.736446110157406,-89.6318992312924
21.09882326677148,-89.020023249553
21.465992974520113,-88.36953600790605
21.83800645115874,-87.68061303210106
22.214898171511447,-86.95344883181801
22.596686035133175,-86.18825691405799
22.98337160897781,-85.38526976867911
23.37494044178255,-84.54473882618983
23.771362446490336,-83.66693438805136
24.172592346702714,-82.7521455298361
24.578570182850477,-81.80067997771663
24.989221873523313,-80.81286395884942
25.404459827179274,-79.78904202634111
25.82418359929918,-78.72957685955843
26.248280589921816,-77.63484904065092
26.676626776426136,-76.50525680821787
27.109087476380964,-75.34121578915574
27.545518135300178,-74.14315870976337
27.985765134178674,-72.911535087268
28.429666611777126,-71.64681090296679
28.87705329673105,-70.34946825825776
29.327749344722477,-69.02000501484548
29.78157317612505,-67.65893442046489
30.23833830974983,-66.26678472146894
30.69785418853913,-64.84409876368055
31.159926993318052,-63.39143358289059
31.624360440975497,-61.90935998641036
32.09095656372775,-60.39846212708967
32.559516466416255,-58.85933707118704
33.02984105907816,-57.29259436150525
33.501731762342075,-55.69885557715373
33.97499118349508,-54.07875389130892
34.44942376137624,-52.432933628289234
34.924836378535,-50.762049821272505
35.40103893939198,-49.06676777191106
35.87784491340714,-47.34776261309531
36.35507184253473,-45.60571887604337
36.83254181248235,-43.84133006289475
37.31008188753857,-42.055298225896664
37.787524508941104,-40.24833355425675
38.26470785696604,-38.42115396964965
38.74147617708596,-36.574484731356456
39.217680070716206,-34.70905805191489
39.693176751198656,-32.82561272413513
40.16783026579972,-30.92489376023997
40.64151168458549,-29.007652043873456
41.114099257126604,-27.074643995610394
41.58547853803393,-25.12663125257138
42.055542482374086,-23.164380362642117
42.524191512022554,-21.188662493776384
42.991333554027165,-19.200253158741674
43.456884052032414,-17.199931955632803
43.92076595179702,-15.188482324365312
44.38290966178343,-13.16669131933544
44.843252989757616,-11.1353493983047
45.30174105626433,-9.095250227527986
45.75832618578042,-7.047190503022324
46.21296777625825,-4.991969787842977
46.66563214769893,-2.9303903650970518
47.1162923702983,-0.8632571063794915
47.564928072629115,1.2086226448120332
48.01152523022218,3.2844391751629
48.456075934834075,5.363380489750149
48.89857814459705,7.4446323870461235
49.339035415178124,9.527378521522301
49.777456611992086,11.610800454697607
50.21385560346279,13.694077695621072
50.6482509352665,15.776387731829677
51.08066548545908,17.856906051955264
51.51112610035045,19.934806161191723
51.939663210986936,22.00925959097606
52.36631043009491,24.07943590428243
52.7911041293648,26.144502698053827
53.214082996977154,28.203625604323822
53.6352875753344,30.25596829171072
54.05475977902157,32.30069246899722
54.47254239311401,34.336957892616354
54.88867855204282,36.36392237987181
55.30321119936113,38.380741829826725
55.71618252888442,40.386570253799164
56.1276334078414,42.3805598174794
56.53760278283234,44.36186089665919
56.94612706958744,46.32962214863131
57.35323952770919,48.282990601282904
57.758969621800986,50.221111761938836
58.16334237059556,52.14312974794154
58.566377685936196,54.048187440971475
58.96808970369178,55.9354266670265
59.36848610893409,57.803988403956225
59.767567457936764,59.653013018321445
60.16532649980551,61.48164053330752
60.5617475007775,63.289010929274916
60.95680557446447,65.07426447844519
61.35046602152392,66.83654211503551
61.74268368245901,68.5749858420477
62.13340230743054,70.28873917571349
62.522553947143855,71.9769476284485
62.91005836901239,73.63875923092517
63.295822502934264,75.27332509370815
63.67973992110621,76.8798000086372
64.0616903563722,78.45734308994028
64.44153926362617,80.0051184547716
64.81913742879408,81.52229594265646
65.19432062987103,83.00805187302997
65.5669093544151,84.46156983981976
65.9367085777674,85.88204154171103
66.3035076061119,87.2686676464973
66.66707998827374,88.62065868761555
67.02718349991002,89.93723599072034
67.38356020344372,91.21763262784746
67.73593658676312,92.46109439649075
68.08402378332387,93.66688082063574
68.42751787587956,94.83426617057616
68.7661002856012,95.96254049807841
69.09943824786477,97.05101068327644
69.42718537545507,98.09900148945931
69.74898230938997,99.10585662175895
70.0644574569842,100.07093978556293
70.37322781618411,100.99363574037184
70.67489988458865,101.87335134469927
70.9690706509506,102.70951658753341
71.25532866632997,103.50158560183952
71.53325519143853,104.24903765553863
71.8024254161043,104.95137811542712
72.06240974617208,105.6081393795237
72.31277515257554,106.21888177341356
72.55308657674655,106.78319440624225
72.78290838600265,107.30069598216053
73.00180587205264,107.7710355631699
73.20934678531194,108.19389327952103
73.40510289730585,108.568980984024
73.5886515830905,108.89604284688957
73.75957741531786,109.17485588798483
73.91747376133631,109.40523044369064
74.06194437453817,109.58701056585869
74.19260497106156,109.72007435071401
74.30908478290866,109.80433419589711
74.41102807857489,109.83973698421516
74.4980956423784,109.82626419304933
74.56996620385223,109.76393192875898
74.62633780879803,109.6527908858184
74.66692912390864,109.49292623082007
74.69148066723858,109.28445741187741
74.69975595723835,109.0275378943542
74.69154257356396,108.72235482423667
74.66665312342359,108.36912862083848
74.62492610782505,107.96811250090074
74.56622668273471,107.51959193649213
74.49044731084469,107.02388404945212
74.39750830036455,106.48133694542332
74.2873582280015,105.89232899081803
74.15997424405836,105.2572680363167
74.0153622583605,104.57659059074165
73.85355700650588,103.85076094934604
73.67462199672215,103.08027028075341
73.47864933838738,102.26563567691474
73.26575945403766,101.40739917058045
73.0361006774216,100.5061267248554
72.78984874088049,99.56240719947904
72.52720615600762,98.57685129847405
72.2484014921846,97.55009050381551
71.9536885581836,96.48277599971385
71.64334549257816,95.37557759206143
71.31767376919196,94.22918262747037
70.97699712425833,93.04429491622572
70.62166041233493,91.82163366330641
70.25202839834276,90.56193241148412
69.86848449334508,89.26593800028557
69.4714294418773,87.93440954441495
69.06127996875884,86.56811743497687
68.63846739338922,85.16784236662784
68.20343621952182,83.73437439349317
67.75664270845482,82.26851201644381
67.29855344345165,80.77106130402422
66.8296438930376,79.24283504907585
66.3503969805812,77.68465196278092
65.86130166729745,76.09733590759222
65.3628515554795,74.4817151702011
64.85554351841077,72.83862177545302
64.33987636299678,71.16889084180437
63.81634953073089,69.47335997867586
63.285461842137366,67.75286872576541
62.747710289363475,66.00825803417477
62.203588881078566,64.24036978892381
61.65358754333307,62.450046372233174
61.09819107949793,60.63813026671057
60.53787819189283,58.805463697423114
59.973120567173254,56.952888311612064
59.404382027038466,55.08124489467595
58.8321177453021,53.19137312086266
58.25677353188564,51.2841113370265
57.67878518380246,49.36029637764243
57.09857790275222,47.42076340920872
56.516565778499995,45.466345802048444
55.933151336819265,43.49787502750344
55.3487251503828,41.516180578414364
54.76366551064562,39.52208991078403
54.178338158433746,37.51642840446097
53.593096070680716,35.50001934072445
53.00827930048686,33.47368389460713
52.42421486746945,31.438241139850476
51.841216695177245,29.394508064377167
51.2595855922091,27.34329959425763
50.67960927354736,25.285428624145776
50.10156241854814,23.22170605225839
49.52570676197209,21.152940817998434
48.952291214439015,19.07993994044834
48.38155200869149,17.003508555986294
47.81371286810949,14.924449953403677
47.248985193980786,12.843565604949317
46.68756826814705,10.761655191871224
46.12964946775596,8.679516623069425
45.57540448900646,6.597946045599478
45.024997576942035,4.51773784586399
44.478581758527326,2.439684640398136
43.93629907646112,0.3645772553052593
43.39828082138348,-1.7067953065567905
42.8646477603771,-3.773645911399789
42.3355103598939,-5.835189354046598
41.81096900150112,-7.89064243175025
41.291114189083444,-9.939224032812074
40.77602674640758,-11.980155240389834
40.26577800420636,-14.012659451840792
39.76042997621396,-16.03596251380786
39.260035523828215,-18.04929287322799
38.76463850934073,-20.05188174432269
38.27427393791243,-22.042963291594965
37.78896808872439,-24.021774828732937
37.30873863594989,-25.987557033301574
36.83359476042055,-27.939554176997646
36.36353725305355,-29.87701437121764
35.89855861130723,-31.79918982757715
35.43864313009235,-33.70533713301133
34.983766988729045,-35.594717538991425
34.5338983356651,-37.46659726437661
34.088997372796584,-39.320247811320414
33.64901644131297,-41.154946293651015
33.2139001110678,-42.969975777059915
32.78358527551439,-44.76462563042616
32.358001254280396,-46.538191887513484
31.937069905443316,-48.28997761828434
31.52070574955245,-50.01929330899988
31.108816107384783,-51.72545725027379
30.701301253359336,-53.4077959321682
30.29805458642615,-55.065644445431886
29.89896282013299,-56.69834688791602
29.503906193421205,-58.3052567752069
29.112758703547115,-59.885737454446605
28.72538836232875,-61.439162520329624
28.34165747672099,-62.96491623220927
27.961422954491645,-64.46239393125909
27.58453663554249,-65.93100245657698
27.210845649157605,-67.37016055914522
26.840192797205095,-68.77929931251721
26.47241696303834,-70.15786251912147
26.107353545572614,-71.50530711103198
25.744834917720176,-72.82110354408721
25.38469090808929,-74.10473618421426
25.026749304562163,-75.35570368484557
24.670836378097512,-76.57351935429124
24.31677742482243,-77.75771151197642
23.96439732422499,-78.90782383244473
23.61352111100407,-80.02341567607444
23.26397455791057,-81.10406240545025
22.915584766692962,-82.1493556863941
22.56818076407631,-83.15890377267084
22.22159409953043,-84.13233177344712
21.875659441451887,-85.06928190259893
21.530215168263823,-85.96941370904086
21.18510395086392,-86.83240428728391
20.840173322794186,-87.6579484675069
20.495276234499503,-88.44575898446735
20.15027158805085,-89.19556662466879
19.805024748768638,-89.90712035125716
19.459408030262026,-90.58018740621065
19.113301149530812,-91.21455338944875
18.766591648923466,-91.810022314589
18.419175281940447,-92.3664166411521
18.070956360085347,-92.88357728311841
17.721848058225376,-93.36136359381472
17.371772676191686,-93.79965332721889
17.02066185465972,-94.19834257585318
16.668456743668663,-94.55734568554165
16.315108122492404,-94.87659514739153
15.960576469926794,-95.15604146746355
15.604831984437954,-95.39565301468352
15.247854553991775,-95.59541584764443
14.889633675780718,-95.75533352103243
14.530168326442961,-95.87542687250334
14.169466783761056,-95.95573379091586
13.8075464011979,-95.99630896690975
13.444433337004112,-95.99722362689003
13.080162239973788,-95.95856525154979
12.714775894266591,-95.88043728012795
12.34832482601862,-95.76295880165517
11.980866874760618,-95.60626423449376
11.612466732911319,-95.41050299552009
11.243195456848959,-95.1758391603367
10.873129953251762,-94.90245111592657
10.502352444567745,-94.59053120718816
10.130949917588921,-94.24028537879684
9.759013559198753,-93.85193281384848
9.386638183403427,-93.42570557072908
9.013921653777299,-92.96184821965197
8.640964305416752,-92.46061748027387
8.267868370437668,-91.92228186177694
7.894737410951246,-91.34712130676759
7.521675763312895,-90.73542684029053
7.148787997280767,-90.08750022521663
6.776178393512986,-89.40365362519069
6.403950442614275,-88.68420927626978
6.032206368684577,-87.9294991682978
5.661046680058885,-87.13986473700105
5.290569749626345,-86.31565656768935
4.920871426817273,-85.45723411137328
4.552044683020361,-84.56496541400178
4.184179291874845,-83.63922685944999
3.817361545540944,-82.68040292676964
3.451674007726167,-81.68888596213235
3.087195303907066,-80.66507596577793
2.723999948869997,-79.60938039420407
2.362158211368836,-78.52221397770933
2.001736015400363,-77.4039985533225
1.642794877300453,-76.25516291303288
1.2853918776012208,-75.07614266716976
0.9295796663260205,-73.86738012265873
0.5754065001747666,-72.62932417581781
0.22291630983566613,-71.36243021924761
-0.127851204515812,-70.0671600623217
-0.47686045163826307,-68.74398186467812
-0.8240798037992647,-67.39337008206779
-1.169481429850805,-66.01580542382746
-1.5130411092225096,-64.61177482122046
-1.8547380293127453,-63.18177140580485
-2.194554568777715,-61.72629449696984
-2.5324760692278794,-60.24584959771669
-2.8684905978104602,-58.74094839776475
-3.2025887031203872,-57.212108783003195
-3.53476316680932,-55.65985485031915
-3.865008753182682,-54.08471692679265
-4.193321958961686,-52.48723159228213
-4.519700765275875,-50.86794170438732
-4.844144393809717,-49.22739642481374
-5.166653068887086,-47.56615124614479
-5.487227787111507,-45.88476801808707
-5.805870096023732,-44.18381497223647
-6.122581883060647,-42.463866744473805
-6.43736517593107,-40.7255043940971
-6.7502219553390965,-38.969315418878395
-7.061153980817192,-37.195893765228476
-7.370162630250054,-35.40583983273063
-7.677248753505445,-33.59976047231484
-7.982412540414025,-31.778268977437026
-8.285653403189254,-29.941985067631833
-8.586969873220703,-28.091534863894235
-8.886359512038457,-26.22755085536015
-9.183818836106568,-24.3506718568556
-9.479343254991004,-22.461542956889463
-9.77292702233266,-20.56081545575301
-10.06456319896581,-18.649146793403993
-10.354243627431739,-16.72720046691147
-10.641958917074739,-14.795645937238241
-10.927698438845145,-12.8551585252234
-11.211450328896795,-10.90641929663478
-11.493201500028785,-8.9501149362545
-11.772937660011799,-6.986937610952706
-12.050643335829598,-5.017584821782705
-12.32630190287935,-3.0427592451281846
-12.599895618187436,-1.0631685630177952
-12.871405656734737,0.9204747172964982
-13.140812150021059,2.90745345433303
-13.408094226054004,4.897046073795045
-13.673230050000107,6.888526780181349
-13.936196864809254,8.881165778398257
-14.196971031192035,10.874229505120557
-14.45552806641441,12.866980869673519
-14.711842681450989,14.85867950414408
-14.965888816133443,16.848582022469685
-15.217639672015462,18.835942288205374
-15.467067742773153,20.820011690702962
-15.714144842045961,22.800039429380902
-15.958842128721606,24.775272805811667
-16.201130129754453,26.744957523312863
-16.44097876069937,28.708337993767977
-16.678357344221183,30.664657651353487
-16.913234626926293,32.61315927290201
-17.14557879493181,34.55308530459534
-17.375357488660818,36.48367819472355
-17.602537817406485,38.40418073220103
-17.827086374266717,40.3138363905842
-18.048969252090124,42.211889677301585
-18.268152061112986,44.09758648784924
-18.484599948986144,45.97017446465949
-18.69827762391015,47.82890336040329
-18.90914938159622,49.673025405451284
-19.11717913676703,51.50179567925798
-19.322330459886906,53.31447248538697
-19.524566619785627,55.11031772994144
-19.723850632795582,56.88859730313671
-19.920145318968896,58.64858146375002
-20.113413365879985,60.389545226204476
-20.303617400439773,62.11076874999556
-20.490720069068296,63.811537731208105
-20.67468412647449,65.49114379582981
-20.85547253319333,67.14888489459338
-21.033048561915418,68.78406569902631
-21.207375912531464,70.39599799842068
-21.378418835688223,71.98400109738985
-21.54614226452818,73.54740221369987
-21.710511954150927,75.08553687600786
-21.8714946282065,76.5977493211678
-22.029058131894708,78.08339289071725
-22.183171590517563,79.54183042617498
-22.33380557259861,80.97243466272464
-22.48093225646412,82.37458862088377
-22.62452559905981,83.74768599571244
-22.764561505670034,85.0911315431293
-22.90101799910188,86.40434146285249
-23.033875386810784,87.68674377750551
-23.163116424363672,88.93777870738721
-23.288726473575196,90.15689904042019
-23.41069365360013,91.34357049674782
-23.52900898323638,92.49727208747456
-23.64366651267516,93.61749646701152
-23.754663442940426,94.7037502785068
-23.862000231278373,95.75555449180796
-23.96568068080166,96.77244473343048
-24.065712012751685,97.75397160798558
-24.162104919824,98.6997010105437
-24.25487359909946,99.60921442938957
-24.344035763244023,100.48210923865848
-24.429612628775963,101.3179989803343
-24.511628880354436,102.11651363512016
-24.5901126102122,102.87729988168645
-24.665095232043047,103.60002134384041
-24.736611368851314,104.28435882516558
-24.804698714483628,104.93001053071747
-24.869397868780563,105.53669227536821
-24.930752146516177,106.10413767843865
-24.988807360524703,106.63209834427279
-25.043611579651056,107.12034402845228
-25.095214862396475,107.5686627893676
-25.143668967366885,107.97686112491162
-25.189027041859795,108.34476409408748
-25.231343290149375,108.67221542336748
-25.270672623241044,108.95907759766902
-25.30707029206877,109.2052319358617
-25.340591506294118,109.41057865075224
-25.371291041036205,109.57503689353852
-25.39922283401242,109.69854478275764
-25.42443957570082,109.7810594177977
-25.446992295243295,109.82255687707745
-25.466929944893963,109.82303220103805
-25.48429898587715,109.78249936012534
-25.49914297855449,109.70099120797829
-25.511502179809742,109.57855942007221
-25.521413150542166,109.4152744180957
-25.528908376115947,109.21122528037331
-25.534015902543437,108.96651963867043
-25.53675899108574,108.68128356174543
-25.5371557938345,108.35566142603307
-25.535219052697364,107.98981577386965
-25.530955824045527,107.58392715968246
-25.5243672310985,107.13819398458648
-25.5154482459197,106.65283231983703
-25.504187502679642,106.12807571960694
-25.490567143612417,105.56417502355322
-25.474562698850104,104.96139814965221
-25.456143001069165,104.3200298777721
-25.43527013562735,103.64037162446644
-25.41189942661027,102.92274120945348
-25.385979458947368,102.16747261425274
-25.357452136498953,101.37491573342814
-25.326252775763813,100.54543611889562
-25.29231023461029,99.67941471772194
-25.255547075198024,98.77724760384255
-25.215879760031953,97.83934570409455
-25.173218879880473,96.86613451896493
-25.127469412092598,95.85805383841448
-25.078531007671646,94.81555745313622
-25.026298305302113,93.73911286156687
-24.970661270386934,92.62920097297555
-24.9115055570314,91.48631580690704
-24.84871289081251,90.31096418925463
-24.782161470093293,89.10366544519636
-24.711726383588697,87.86495108923401
-24.637280041852726,86.59536451252627
-24.558692620345838,85.2954606677085
-24.475832511746596,83.96580575134894
-24.388566785201675,82.60697688420441
-24.296761650251717,81.21956178938902
-24.2002829232351,79.80415846857183
-24.09899649405165,78.36137487630467
-23.992768791261014,76.89182859254763
-23.88146724359989,75.39614649348303
-23.76496073611928,73.87496442066234
-23.64312005927243,72.32892684855014
-23.51581834941855,70.75868655049361
-23.3829315193524,69.16490426317866
-23.24433867761267,67.54824834959324
-23.099922535473247,65.90939446054716
-22.9495698006676,64.24902519476673
-22.793171557047593,62.56782975762722
-22.63062362951935,60.86650361854874
-22.4618269337417,59.14574816712028
-22.28668781020395,57.40627036799174
-22.105118342430796,55.64878241462662
-21.91703665917632,53.874001381977095
-21.72236722058102,52.08264887818962
-21.52104108836057,50.27545069542993
-21.312996180186122,48.453136459977316
-21.09817750848604,46.61643928171039
-20.87653740396478,44.76609540316078
-20.648035724179653,42.90284384829452
-20.41264004755751,41.02742607124887
-20.170325853251015,39.140585605226136
-19.92107668724793,37.2430677118055
-19.664884315139243,35.33561903091838
-19.401748861942526,33.418987231804216
-19.131678939342713,31.493920665237944
-18.854691760678953,29.561168017380933
-18.570813243950962,27.621477965591296
-18.280078103065502,25.675598836600972
-17.98252992746902,23.724278267438685
-17.6782212502411,21.768262869536947
-17.36721360463511,19.808297896441854
-17.049577568971387,17.845126915612198
-16.725392799687995,15.879491484761287
-16.39474805226437,13.912130833248353
-16.0577411896293,11.943781549000374
-15.714479177575463,9.975177271506151
-15.365078066597615,8.00704839138267
-15.009662959484356,6.040121757058679
-14.648367963895929,4.07512038908463
-14.2813361290854,2.1127632026284786
-13.908719365833036,0.1537647386639236
-13.530678348601384,-1.8011650956094787
-13.14738239885062,-3.7513212766232957
-12.759009348414018,-5.6960039040462505
-12.365745381786017,-7.6345184296778985
-11.967784856158865,-9.566175875150341
-11.56533009802557,-11.490293038021008
-11.158591175182611,-13.406192685818372
-10.747785642976602,-15.313203737684013
-10.333138263685534,-17.210661433252064
-9.914880697972663,-19.097907488485113
-9.493251167435638,-20.97429023818066
-9.068494087354736,-22.839164764958603
-8.640859668863616,-24.69189301455353
-8.210603489886584,-26.531843897327967
-7.777986034345378,-28.358393375932696
-7.3432721992934695,-30.170924539149468
-6.906730769828137,-31.96882766197827
-6.468633861822237,-33.75150025213442
-6.029256332745362,-35.518347083143034
-5.5888751610637435,-37.268780214335465
-5.147768794961969,-39.00221899808862
-4.706216471377026,-40.71809007475646
-4.2644975066129405,-42.41582735577179
-3.8228905600680534,-44.09487199551504
-3.3816728728962246,-45.754672352586056
-2.9411194836988095,-47.39468394122032
-2.501502423641579,-49.01436937362012
-2.0630898936632533,-50.61319829408205
-1.626145426731206,-52.1906473058359
-1.1909270383645811,-53.746199891605514
-0.7576863689185558,-55.27934632891949
-0.3266678213633938,-56.78958360129685
0.10189230146633932,-58.27641530644941
0.5277666559696002,-59.739351562719136
0.9507377088371065,-61.177908914967034
1.3705985755258574,-62.59161024120141
1.78715384145654,-63.97998466122769
2.200220361138175,-65.34256744864817
2.6096280303356743,-66.67889994751332
3.0152205263640184,-67.98852949496266
3.416856011577835,-69.27100935115972
3.8144077951664084,-70.52589863783423
4.207764948425538,-71.75276228668749
4.596832868801798,-72.95117099891561
4.981533788151543,-74.12070121703717
5.361807220861431,-75.2609351101832
5.73761034770588,-76.37146057391767
6.108918331605853,-77.45187124561436
6.475724561767171,-78.50176653632337
6.838040823034531,-79.52075167997357
7.1958973876971015,-80.50843780067896
7.549343027400722,-81.46444199879056
7.898444943290915,-82.38838745625388
8.243288612991817,-83.27990356169985
8.583977553545004,-84.13862605559648
8.92063299995639,-84.96419719564261
9.253393499557044,-85.75626594248219
9.58241442293737,-86.5144881656702
9.907867392788273,-87.23852686970689
10.229939632543218,-87.92805243980436
10.548833237289566,-88.58274290693777
10.864764369967919,-89.20228423158713
11.17796238642812,-89.78637060546006
11.488668893426608,-90.33470477034304
11.797136744158365,-90.8469983531223
12.103628976381515,-91.32297221588634
12.408417698636663,-91.76235681991982
12.71178293045433,-92.16489260228097
13.014011402809256,-92.53033036356878
13.315395325385627,-92.85843166538699
13.616231127485397,-93.14896923593857
13.916818179614804,-93.40172738210303
14.217457502947838,-93.61650240629643
14.518450473960002,-93.79310302635577
14.820097531574554,-93.93135079665356
15.122696894141905,-94.03108052861393
15.426543293508129,-94.09214070878753
15.731926733294081,-94.1143939126337
16.039131278327766,-94.09771721216292
16.34843388192655,-94.04200257560845
16.66010325744321,-93.94715725732347
16.974398800145057,-93.81310417613822
17.291569565117104,-93.63978228045818
17.611853306446697,-93.42714689844613
17.935475582491428,-93.17517007169614
18.2626489315303,-92.88384087088788
18.59357212158012,-92.5531656919907
18.928429477604244,-92.18316853168737
19.26739028878435,-91.77389124078098
19.610608297942782,-91.32539375446116
19.958221274625906,-90.8377542984105
20.310350672765253,-90.31106956985951
20.667101373260653,-89.74545489280746
21.028561511250494,-89.14104434675971
21.394802387283036,-88.4979908684465
21.7658784610543,-87.81646632612805
22.141827425870694,-87.09666156620473
22.522670361498776,-86.3387864319873
22.90841196261347,-85.54306975459477
23.299040839623267,-84.70975931608754
23.694529888273877,-83.83912178504549
24.09483672407709,-82.93144262493158
24.499904177314313,-81.98702597567747
24.909660844091235,-81.00619450905768
25.324021688711795,-79.98928925849823
25.742888692457072,-78.93666942408122
26.166151543733154,-77.84871215357774
26.593688364455133,-76.72581230045184
27.02536646750195,-75.56838215983016
27.461043140067165,-74.37685118352402
27.900566447777777,-73.15166567523154
28.343776054518862,-71.89328846713533
28.790504053025277,-70.60219857913012
29.240575801438297,-69.27889086198235
29.693810761209715,-67.92387562573361
30.150023331927333,-66.53767825472241
30.609023678874244,-65.12083881058733
31.07061854937316,-63.67391162465706
31.53461207424131,-62.197464881113476
32.00080655094906,-60.6920801923546
32.469003205377255,-59.15835216794378
32.939002929356455,-57.59688797855286
33.41060699148219,-56.00830691626315
33.883617718991424,-54.39323995260846
34.35783914879772,-52.75232929568186
34.83307764607004,-51.086227947631485
35.30914248903769,-49.395599263806254
35.7858464189717,-47.68111651481889
36.26300615457142,-45.94346245271253
36.74044287022978,-44.183328882407665
37.217982637897414,-42.4014162395266
37.69545683247446,-40.59843317568885
38.172702500873875,-38.775096152275324
38.649562695073385,-36.93212904364091
39.12588676964655,-35.070262750663574
39.601530644393904,-33.19023482550697
40.076357032830145,-31.292789108367188
40.55023563737525,-29.378675376949186
41.02304331218907,-27.448649009317727
41.49466419463768,-25.50347066075072
41.96498980643469,-23.543905955108755
42.43391912551738,-21.570725191192793
42.90135862972404,-19.584703064491993
43.367222313336015,-17.58661840462317
43.83143167751095,-15.577253928738871
44.293915695607,-13.55739601105483
44.754610754338216,-11.527834468609809
45.21346057164813,-9.489362363251715
45.67041609210722,-7.44277581981506
46.1254353605735,-5.388873860320435
46.57848337476319,-3.3284582539831775
47.02953191730103,-1.262333382691926
47.47855936771862,0.8086938784167951
47.92555049479272,2.883814265802944
48.37049622951825,4.962216218350013
48.81339341893649,7.043085954870554
49.25424456094815,9.12560753902444
49.69305752018086,11.208962932529541
50.129845224907505,13.292332037595436
50.56462534496719,15.374892729644651
50.99741995058632,17.455820881424465
51.42825515197849,19.534290379756364
51.85716071957687,21.609473136218252
52.28416968475949,23.68053909318342
52.70931792093088,25.74665622667168
53.13264370486506,27.806990547602943
53.55418725825383,29.860706103079924
53.973990269477426,31.906964979440584
54.39209539568674,33.94492730883605
54.80854574539745,35.97375128120376
55.22338434190594,37.992593163519345
55.636653567980375,40.000607328297896
56.048394592421744,41.9969462933018
56.458646779268314,43.98076077449242
56.867447080591006,45.951199754241735
57.27482941403223,47.90741056686689
57.68082402643881,49.848539003495475
58.0854568451693,51.7737294383034
58.48874881887602,53.68212497809764
58.89071524980495,55.572867637211004
59.29136511988507,57.44509853956849
59.69070041313058,59.29795814976054
60.08871543711141,61.1305865348328
60.48539614649269,62.94212365843446
60.88071947186427,64.73170970880156
61.27465265731318,66.49848546196245
61.667152610393195,68.24159268136702
62.058165268347395,69.96017455500946
62.44762498460484,71.65337617088942
62.83545393973671,73.32034503150544
63.22156158117797,74.9602316078318
63.60584409613095,76.57218993304116
63.98818392212801,78.15537823595963
64.36844929977912,79.70895961403967
64.74649387222567,81.23210274534969
65.12215633579491,82.72398263885009
65.49526014626589,84.18378142191845
65.8656132850529,85.6106891638541
66.23300808944788,87.00390473378847
66.59722115087114,88.36263669118169
66.95801328482712,89.68610420677601
67.31512957598491,90.97353801164365
67.66829950146747,92.22418137167605
68.01723713506973,93.43729108463143
68.36164143470569,94.61213849658058
