t1,t2,t3,t4,t5,t6,t7,t8,t9,t10,t11,t12,t13,t14,t15
1153.6249999999998,1061.3799999999999,978.9449999999999,906.3199999999999,843.505,790.5,747.3050000000001,713.9200000000001,690.345,676.58,672.625,678.48,694.145,719.62,754.905
562703.2131806732,479926.0083478789,399275.6713717856,321870.3785337335,248893.5685052968,181602.62802768347,121321.35182499059,69406.05936374632,27171.673628102824,-4239.5682536654895,-24067.210219583707,-32241.655988763076,-29814.661260560322,-19528.047723962885,-6527.378980889059
833657.6961019125,720514.591788904,608602.0873187135,498864.5058098689,392630.1490382236,291701.5149065084,198394.184045819,115490.33953557005,46063.89227547371,-6869.525739109971,-40917.24753015076,-55103.608535034065,-50858.931623265984,-33092.28089330686,-11135.973398445107
752853.5728925004,667307.552969117,579779.1896943959,489865.87564426265,397897.4694106451,305184.6337516835,214212.21761958685,128695.98016420919,53391.18661441033,-6467.4176780425905,-46179.66868140651,-63029.67316822729,-57967.14770881355,-37067.97671121572,-12082.906856836556
482179.43727825297,446622.8828668518,406655.4871831293,360561.00189636,307338.75453322235,247097.57515352967,181476.97281929257,113963.14491343695,49888.8853934674,-4133.838093164246,-41539.39943956552,-57857.982740182226,-53049.48882069068,-33195.976860536044,-10321.153378497413
221571.7900029548,222525.10567172614,219135.62372223468,209315.6034475362,191295.23540797926,164041.3325781972,127835.65356400127,84872.50430153469,39594.073047145146,-1622.627309620821,-31764.413733150883,-45476.97060961316,-41743.29612124075,-25637.433923138065,-7596.916758834214
67017.6584179332,80473.97326425716,91304.2772425282,97923.1204616747,98629.79995852026,91911.82765735859,76992.46994465221,54535.374948716635,27242.677323244974,-88.43262826044958,-21497.07430697983,-31894.946134997244,-29615.793490426782,-18106.97858707414,-5213.046039801888
8787.913191840098,19588.851998631177,29471.18008654254,37622.346954796216,42929.54537462887,44109.88996127885,40062.45777028452,30436.28959852816,16258.515217408847,275.8462417227746,-13433.703981585482,-20829.622019363134,-19933.326831103303,-12448.188022501565,-3612.5445978846838
-443.0223621685347,4011.958377090699,8425.569524352935,12563.38621022482,15961.823366643797,17922.294954674246,17620.381789053783,14384.425749562513,8136.989592766359,-146.81642283453004,-8288.731690452121,-13457.96850026992,-13551.807706387068,-8850.786518275243,-2664.412887399983
3646.6650090999533,3703.6449821696947,3889.217861817033,4247.143023678701,4769.9918492566585,5329.61893601186,5591.39019653116,4988.625770795503,2895.3113894966973,-907.0437972417824,-5636.560534288264,-9359.830207320556,-9914.201335685617,-6735.51998473788,-2088.9754057058667
6657.37516456612,4864.637123438433,3084.661056943851,1445.5155173291012,182.06730823585397,-448.65554827298877,-379.31959659334353,8.780382966282787,-155.0822039921381,-1746.2733478213997,-4718.852625476439,-7547.755869972413,-8054.213937332275,-5455.7541954857925,-1686.9810528918622
6515.9290935499885,4282.93709211864,1944.2383629314909,-353.3616563714562,-2261.627363672364,-3323.706095426891,-3271.5416214380084,-2427.6850189901706,-1824.8063806169962,-2606.1448368224387,-4871.061380255813,-7081.414464130292,-7145.9243199902385,-4578.7211242442945,-1371.4787637360948
4693.631944748728,2461.5974228570226,91.18271359660373,-2245.4734584479365,-4134.264232587481,-5042.820217736278,-4696.209467363974,-3539.771900630412,-2776.785089101757,-3538.2352866702095,-5631.311276375537,-7276.396481133888,-6652.36242991708,-3890.07294514602,-1122.0481567916272
2459.5190263611603,253.44928196332734,-2046.983330068387,-4217.239314936168,-5785.865938304715,-6222.874666352605,-5399.075277823314,-4029.8070027847934,-3475.536713030023,-4615.428429335923,-6695.636429459343,-7691.5152513842195,-6280.112167455028,-3312.0528888610133,-942.002987613387
289.9286557648233,-1929.9730409945355,-4151.363251208609,-6077.004154021983,-7186.279898472946,-7017.990323791477,-5704.515209515818,-4300.320533072451,-4221.28755053805,-5866.460502219529,-7833.597485902454,-8050.175164778876,-5894.337531235746,-2834.4765511377377,-838.2321090570947
-1767.9403926089853,-3969.6622056946458,-6053.294600717543,-7648.1411270300405,-8215.974403917104,-7439.789904197946,-5787.227502469239,-4610.123457997437,-5174.10296978996,-7219.930684162047,-8819.710061864886,-8178.415272609709,-5459.440457810028,-2478.5145342590704,-815.679634517157
-3707.544778040248,-5762.096158858459,-7577.748944535144,-8737.839016662003,-8747.708754421048,-7505.975364833601,-5808.6117094870915,-5127.712312861449,-6323.607612540049,-8456.562308538621,-9411.996695424761,-7989.023396427021,-5012.843537701771,-2280.7934445078113,-876.0408194890013
-5311.047307153916,-7031.503853664846,-8437.847836890474,-9125.986222138503,-8713.914778298955,-7326.065021499057,-5941.28285287522,-5870.479892725326,-7415.919506595145,-9207.843724880915,-9402.931958195697,-7508.193965705476,-4654.587890667388,-2281.847827630055,-1015.0250192696349
-6026.310631804748,-7284.483330688348,-8272.560678076035,-8668.884229419533,-8215.48189443236,-7124.105620040906,-6263.979064652583,-6560.662460006437,-7924.604145991328,-9071.28264212029,-8747.490762581658,-6915.142083796353,-4529.626597908342,-2508.9563650144937,-1216.433508878867
-5050.3171550863735,-5984.823396162187,-6880.732892368239,-7515.903082046572,-7607.479993872298,-7124.104659322619,-6540.7055802952245,-6533.545914286368,-7216.42201414823,-7884.19027777029,-7718.258834493555,-6545.159123125523,-4785.196756090469,-2950.6801960171547,-1443.800550383769
-1763.113642490039,-3008.2278770937614,-4610.480266607671,-6305.859637269394,-7410.712532267565,-7266.536052565063,-6051.439805685021,-4943.087677900903,-5012.2993927933785,-6069.680235291833,-6969.922289631004,-6808.742080821741,-5500.8458130810195,-3527.881472999368,-1632.9218124258805
3495.159518133296,765.4349138244294,-2657.723760859713,-6089.061056889004,-7953.129080429094,-6937.570359281442,-3811.3203400465404,-1429.9761704214425,-1989.8538028177277,-4797.006002209405,-7384.561579132352,-8020.062212358814,-6610.523500949341,-4073.6176837331345,-1691.6181426706569
8724.051461542385,3186.7507775326385,-2871.0620738292832,-7802.487281280604,-8926.192711316202,-5125.100140395428,601.035749287831,3006.266347056501,-39.35034643671881,-5669.197518581216,-9679.586637236498,-10197.17506618195,-7854.871405070152,-4339.5406332282255,-1514.5556209161164
10410.228450884086,1446.7308190131068,-6860.50785078243,-11523.388166610703,-9349.557381564257,-1271.511730332818,5981.044743480574,5707.095501834095,-1664.7851720485742,-9924.854853442546,-13955.242404835291,-12947.27209249733,-8803.198131649388,-4043.655898143731,-1017.0133832032825
4999.388343155634,-6416.156976639615,-14829.480964684375,-16145.345832837898,-8295.251816564012,3615.1837577691404,9220.393022013852,3337.320344604206,-8599.559098165157,-17588.16682462645,-19477.239405339926,-15530.093738576525,-8959.810916325216,-2958.509846069421,-179.97458930250355
-8907.145287086367,-20001.80861056805,-25059.880730076187,-19972.359915491354,-5973.175088558028,6695.110074359505,6599.593854132274,-6129.097215333152,-20511.667207153398,-27193.458684213907,-24884.22048489458,-17096.701158474425,-7925.953626904358,-1012.9601683783604,915.4113235685165
-29195.867690668223,-36276.76762279304,-34659.060609441636,-21903.86459320123,-4141.007674429764,4588.107548026741,-3905.3517849210475,-21819.838199632577,-34839.40301025924,-36358.07348655634,-28727.534149405357,-16992.41746555445,-5551.451632846055,1640.2147755486658,2090.5862805713477
-50938.83551334981,-50956.83826420143,-41119.95973194291,-22209.266386199935,-5214.323765900703,-4492.113298248787,-21049.24824437411,-40107.989038500236,-47973.11990567354,-42843.29379625053,-30026.475899507936,-14974.271210719948,-2006.3447063465337,4634.74649059129,3120.570720407262
-68761.49474764,-60595.66271501811,-43522.20046397443,-22224.938073201294,-10690.327585551935,-19450.952403213312,-40792.04795370305,-56428.916875334886,-56935.69423248993,-45417.51616943597,-28543.323482894677,-11251.603485968082,2260.762579676843,7488.4408503327,3813.9799749499516
-79203.21315033939,-63932.3382277858,-42599.408444536035,-23328.513540477466,-20184.685014827577,-36878.89780432873,-58401.715868241,-67392.30447593724,-60451.93725108534,-44080.71387327889,-24702.563916843454,-6363.080520435873,6656.146114307437,9750.06378625275,4080.7443136584116
-81643.45472314407,-61836.2295455729,-39912.3101662316,-26105.517719566407,-31751.11596404306,-52873.45919923911,-70561.37569205853,-71839.94989372803,-58955.05093047647,-39713.6830015742,-19292.481264897026,-977.4981143706419,10606.108251391744,11130.63748434991,3952.2793799945634
-77675.55447164056,-56304.56137694875,-36922.341229442885,-30237.987575504787,-43015.74827213808,-64701.72065144248,-76232.59619444191,-70571.1345415211,-53876.791037793075,-33518.92012946722,-13149.329703525882,4287.536662938406,13690.930626517511,11565.312570408245,3549.3500081667726
-69800.01062072863,-49387.463479742284,-34517.17279081083,-34935.46721785398,-52202.45488254679,-71409.43905960984,-76231.54393663515,-65368.91141613977,-46841.385116736084,-26579.48027652924,-6951.212411139235,8976.48353695303,15710.861556096666,11191.25584286893,3022.9557967920696
-60334.42036944964,-42577.54427349748,-33011.28074052383,-39430.167864164694,-58525.6803022511,-73464.05172822504,-72248.78434165772,-58080.72721269274,-39154.385935261205,-19654.32647626158,-1143.3251632600982,12831.410619908514,16680.87479208443,10266.996898038384,2501.8072294123117
-50901.948395119885,-36692.7640590605,-32362.998683681446,-43235.54435703661,-62023.60623268969,-72023.19114785729,-66005.99989361549,-50114.70861486583,-31639.765156810157,-13163.848315786825,4046.5809382936804,15774.031664960947,16774.56575486738,9077.223909951768,2066.2807594638107
-42395.61902392102,-32027.557033521905,-32382.226268831546,-46156.8354302343,-63172.870614495725,-68322.34348215538,-58821.88560264949,-42326.903107699625,-24696.36938690232,-7267.764797929795,8553.660669872073,17860.131505807567,16246.331024992494,7860.297290687725,1748.8906171093445
-35164.12211051504,-28559.5061433205,-32847.218167847466,-48182.93903252595,-62556.84333485987,-63355.842151500794,-51525.03079048579,-35120.66091115662,-18430.859389465222,-1960.5944401014447,12415.944686884779,19225.29166303853,15358.320226428512,6774.908276558049,1549.480705585538
-29226.320316535013,-26108.566285280365,-33546.52327731263,-49374.87179098559,-60683.03445519856,-57798.88632013401,-44543.62362369892,-28602.047360334203,-12782.787112917644,2849.4197966673087,15722.225468887647,20033.554124758597,14329.824387608518,5901.883998194224,1452.568577383068
-24431.87701558691,-24432.17932312552,-34286.26510054054,-49798.39282513199,-57925.347842472,-52052.82856660005,-38037.9866397365,-22712.163932051462,-7614.424023476436,7283.3672256822865,18569.94401811275,20437.084341578862,13315.806359706947,5265.954479953414,1439.533801205088
-20559.585216625277,-23275.460603208026,-34890.37848547604,-49499.56463417048,-54533.15962569833,-46324.545734561834,-32012.74589061859,-17317.33527067108,-2768.934718558691,11450.744961419396,21033.44009772429,20553.33826083251,12410.96996763175,4861.285839915778,1493.8576372310765
-17373.31958584818,-22399.242817367245,-35205.25899220518,-48506.70486642811,-50663.8863808897,-40698.862671130475,-26395.51403456123,-12265.880312143034,1891.0629472056712,15419.577901098331,23146.224534258683,20462.9759380653,11668.343754732554,4669.830302692756,1600.785973281338
-14656.490331167659,-21600.814444542048,-35111.146491713254,-46845.371481859096,-46419.1888569841,-35195.08029745852,-21089.727901970542,-7424.854484108806,6456.575990596581,19198.99792017848,24902.72417359321,20224.79486754476,11118.68475232443,4668.445486979789,1743.8254217188774
-12236.655499937777,-20732.656753070834,-34537.883429545866,-44558.46538034681,-41878.67395576246,-29810.156483594303,-16010.833120971898,-2704.174446121333,10956.837414579324,22740.233592011642,26279.998045675427,19895.658248985565,10779.969946031266,4826.395409190125,1900.555316574616
-10001.969694417507,-19716.488534620312,-33478.83611226744,-41724.6187946349,-37127.62607971817,-24550.09879705677,-11109.139128436926,1931.8146981824982,15359.99376567464,25958.7085393065,27268.746354106755,19539.991362959867,10653.72276602495,5098.235493309554,2040.103859617652
-7905.243759433454,-18545.636143671156,-31994.315314323278,-38466.77035934554,-32273.35095256158,-19447.202460012668,-6377.892524542121,6467.938178415054,19591.401871052065,28768.690396318965,27894.05232043344,19219.9661516624,10713.407213215092,5418.14675743158,2124.291800593924
-5952.1778356598525,-17270.637883321626,-30198.088256540592,-34944.46852996887,-27445.1802594504,-14560.552904706567,-1845.8818724364353,10855.412135195198,23561.557974723535,31111.453167118,28210.47206918886,18971.591519803846,10895.053077354543,5700.717615442462,2113.4524615952287
-4177.0159947914835,-15970.860571200172,-28228.640347251938,-31330.54651523317,-22778.953911538953,-9962.274346859092,2440.4848232307695,15033.769536403135,27188.269327197155,32960.42474065671,28274.227971331926,18783.327471264845,11098.882277566525,5850.357252578141,1976.0576930052125
-2616.0475666769676,-14723.419264239337,-26216.149506537844,-27781.792168253105,-18394.580057577674,-5718.350213278007,6435.644237902418,18945.673603561463,30401.700099679547,34304.272856829215,28113.276709023503,18592.914716828258,11204.17559509929,5777.817151838753,1699.044277559954
-1290.3267194535028,-13582.456341207524,-24259.073829349396,-24416.877028435516,-14378.48545585524,-1874.4248723220117,10105.071741894704,22538.94913422295,33135.389053002174,35126.71736692718,27717.08822324956,18305.534364511124,11092.387491282467,5419.08175446426,1294.4272683532445
-202.16191342567208,-12574.640091564774,-22417.727888136043,-21309.540253294756,-10778.221496867931,1548.1313240024306,13425.548371666766,25760.71456633597,35318.04860792449,35402.465056756104,27051.10614925782,17822.904977962793,10669.980024091883,4750.559811304565,798.6263618655387
658.7895741079396,-11706.684974957281,-20721.725664889065,-18495.32835915219,-7608.15430759245,4547.935189051297,16380.581896934968,28553.580891454047,36878.298976795486,35111.98436425734,26082.58252629154,17068.698707607466,9883.901869341078,3795.6445612478633,263.9458410842047
1307.4191518856849,-10976.063227003162,-19182.3775081693,-15984.141709510812,-4860.006363277712,7136.597210380371,18956.906644684776,30859.55364856994,37761.24797419536,34261.63056140581,24800.32600832841,16001.455380970678,8726.994584255634,2620.6732383976387,-254.71532959147586
1757.8656755465638,-10378.705745501009,-17802.897801222396,-13771.678330061102,-2512.660319261365,9332.999942881432,21144.20054309578,32629.57456319269,37946.0854352123,32894.240927574276,23220.185166798532,14614.958205607927,7234.66299110018,1321.6877191754968,-712.7638554550444
2021.673497887413,-9912.345222337664,-16584.142187188878,-11847.024964090017,-538.9602192335294,11159.856263426534,22936.84760768582,33833.203590458186,37454.99695300995,31085.41334546982,21379.01007292796,12931.20811079023,5476.034615206047,5.882321803382524,-1083.9146619719172
2108.3453183327533,-9576.59167266036,-15526.55261157065,-10196.545834658618,1090.4742995454062,12642.087836426224,24336.01907243674,34464.50472645804,36350.71151691221,28930.06224775526,19324.15409084239,10991.429789621076,3542.6965539741136,-1227.388047150948,-1361.521460451991
2027.2953260296197,-9371.000004107007,-14629.550347825552,-8805.041876579335,2405.7003834930338,13806.326972458208,25350.97056486899,34542.8346115014,34725.39657983411,26526.498630896625,17104.050248165735,8848.422393672518,1537.0924397558454,-2301.65306885407,-1554.4452063320962
1790.2077900144757,-9292.35765339817,-13889.666430581738,-7655.3400910769,3437.212832587051,14680.750278859163,25998.871424288463,34108.952887796644,32685.602814935064,23963.471745372586,14762.38418702787,6561.457284997143,-438.26974148471874,-3171.6345967092143,-1680.321604598565
1412.7749949676875,-9332.47278160927,-13298.761317482482,-6727.519833914624,4216.0642162886215,15294.632993199015,26303.13586139848,33218.271475609596,30338.06159212717,21312.895419213266,12336.277469482377,4193.597231982625,-2290.20773075077,-3824.1618951198984,-1759.010486729545
915.4514371040129,-9477.134834841061,-12843.157645937354,-5998.4926970485385,4773.935224438159,15677.728212479109,26291.258647997827,31934.012752036342,27779.92245551227,18628.57767594579,9857.723312731116,1810.5399859460322,-3942.5244138241246,-4273.006851359474,-1807.857294987602
323.6421958082296,-9706.044211645576,-12503.660796416561,-5441.933538200285,5143.338839594906,15860.093123756247,25993.50598339189,30322.501205031484,25094.60640440683,15949.401615137287,7356.834096324071,-520.3553138430916,-5341.666660437728,-4550.115227793853,-1839.1169061001178
-332.4082018912744,-9993.419230042718,-12256.216339327895,-5028.420775953791,5358.055370512696,15872.597899808581,25442.923487168624,28450.993784841095,22352.031975050868,13304.465825229228,4865.166876490865,-2732.2450346557443,-6459.995025196102,-4695.832095622522,-1859.0900603364398
-1018.6323951731395,-10309.642916110022,-12073.420181045174,-4726.108715411369,5453.282310580824,15747.486603201778,24675.889777427423,26386.88212583026,19610.823963976716,10717.802220550371,2417.540121622752,-4763.015544664224,-7296.071453066047,-4750.076541135977,-1868.3175642464375
-1700.0425225559504,-10624.59937721326,-11927.344444520912,-4502.529395012851,5464.663232038545,15517.957534457668,23731.95396275569,24196.703375283138,16920.32080956613,8211.071780948216,51.376638479791154,-6561.1785191210665,-7871.35136951332,-4745.56708445072,-1862.3691939410805
-2345.6892212509015,-10912.58009727162,-11793.547573933283,-4327.664040053244,5425.794015734502,15216.150527616759,22652.10592611431,21943.92625703512,14321.116095027883,5803.726000198217,-2196.294575275615,-8091.6311860673695,-8223.17748273783,-4703.566082681998,-1833.0709912800642
-2934.324290734148,-11157.279471663365,-11655.062223956224,-4177.484242354855,5364.75243751643,14869.864069850855,21475.534304748977,19685.450019537588,11844.078118379086,3511.3589234582087,-4292.714459151486,-9338.615489751252,-8395.112095538801,-4632.276489666395,-1770.2105977840165
-3458.2328752012645,-11354.517575151634,-11504.48586561765,-4036.4189414967136,5301.091758407378,14499.297707377897,20235.964971290305,17467.875886439164,9509.004034730666,1344.033496551848,-6211.855714236907,-10303.93085563662,-8426.95190374959,-4527.804552065469,-1663.738023996203
-3922.8258280437162,-11510.791358784776,-11342.726979873723,-3897.268258128684,5244.988689866352,14115.593121317494,18959.360941623298,15325.341606385402,7324.667575550603,-693.4548070459726,-7933.766617509056,-11000.835532636025,-8347.347947263212,-4377.317005181652,-1506.2656719640158
-4341.395388128272,-11637.688116581214,-11174.53939798045,-3758.1956270984974,5199.415897833382,13722.37268553526,17664.404004464945,13280.2865126678,5291.3644439327345,-2598.6198598434644,-9441.213463744634,-11446.681458568939,-8171.129226823176,-4163.6649825725435,-1295.395755283435
-4727.2043351409075,-11744.653175390167,-11002.912525927282,-3618.1331176843455,5164.506842416782,13319.814610377956,16365.584820921997,11346.86430982735,3405.3445990206073,-4366.9221505693085,-10716.294119957,-11658.027979056307,-7901.442260952579,-3870.460182901581,-1035.2318003438809
-5086.915966703973,-11833.824493412725,-10825.271396068016,-3473.0613000729913,5141.792823996233,12909.085298433125,15076.927207244436,9535.006419130536,1663.0399941158971,-5988.595882806401,-11740.014066284439,-11649.951991619624,-7534.824609998309,-3486.5327289582474,-736.502465627061
-5418.531273698887,-11899.344048857633,-10633.302269985465,-3315.077255564431,5136.05733698473,12494.681058310462,13813.965614084138,7852.893110812152,63.12105913476216,-7448.528739820838,-12495.559287896296,-11438.158038520194,-7066.546679408809,-3008.946867197542,-415.0881508777523
-5713.768757739908,-11930.42792595707,-10415.678244419174,-3134.1181100254216,5154.376772145423,12083.882975304945,12593.121192043045,6307.136907368149,-1393.8446430852125,-8728.78415282033,-12973.06142268709,-11040.96342408279,-6494.297361289001,-2444.2241018845352,-89.28493777956757
-5961.830876149213,-11915.07334072167,-10161.081355114675,-2920.328589575772,5204.012790614852,11684.742124381724,11429.754684718126,4901.914023473826,-2706.5924054043485,-9811.641722430359,-13172.759033632226,-10479.310873837423,-5819.787733659809,-1807.9114866816458,223.3915235610567
-6151.414827295483,-11841.723051897228,-9859.374998318292,-2665.059529946936,5291.275107738473,11304.757262170948,10336.91772898334,3638.7771984293563,-3873.5678003991297,-10681.476136542582,-13105.24015475746,-9775.15499696533,-5048.992961968803,-1122.913479030584,508.9242037912332
-6270.549852026711,-11698.93106010103,-9501.063401111447,-2360.3126487155396,5421.923645313631,10951.071710344308,9325.579750889809,2517.606277093274,-4892.4076547002705,-11325.690769847757,-12789.791177773152,-8949.734881551367,-4191.985302174983,-417.0193235039968,758.3567419573756
-6306.474732626763,-11475.263979744646,-9076.974570137587,-1998.2207576735982,5601.788376396111,10631.095716304715,8405.310309894036,1537.5930987615873,-5759.765625259714,-11736.027208053536,-12252.472483353666,-8022.770162938026,-3262.86866538825,280.05023268300033,968.0027898707617
-6247.639411611612,-11161.189011489414,-8579.679089703002,-1572.087974670228,5836.003502178016,10351.960656647521,7583.941696068328,696.9969522131465,-6472.512848341744,-11910.72469015185,-11524.419511768276,-7012.541771192219,-2279.7986481748503,939.7880265969771,1138.549197690437
-6087.39735667044,-10752.289131935699,-8006.127423392173,-1078.7955896904382,6126.760376412015,10118.523510008494,6865.961217367163,-8.289587836775638,-7029.827991219506,-11856.415918878502,-10639.856442815038,-5936.306626586793,-1264.837828658316,1537.8604998579012,1273.534708902728
-5826.88801492882,-10251.483533344772,-7359.5567641129755,-520.8714477980136,6471.107831797121,9931.255552772278,6250.84733594122,-586.0607722697453,-7434.665478566645,-11588.305510561995,-9633.564148247222,-4810.714432057181,-243.4305403440585,2056.4183182218253,1377.6964721443444
-5475.113683392924,-9668.67221211386,-6649.277381602036,93.28233952102534,6860.428302764986,9785.603987700748,5732.7388965079745,-1047.802079608312,-7693.660536080605,-11128.449112301616,-8538.423077651147,-3652.25831968355,756.6264235814748,2485.3517745402387,1455.5474554274822
-5046.56455710058,-9018.399657836806,-5888.741072179851,750.9720094206045,7281.850790137323,9673.199893613235,5301.678141862299,-1407.4098258127865,-7815.971930790614,-10503.327159364508,-7383.914390987231,-2477.8237094603455,1706.7959678846616,2822.3056128975204,1510.3808342150055
-4558.437937265329,-8317.44835284221,-5093.436300995259,1437.3279395386087,7720.497806514659,9583.931279172897,4945.478475368194,-1679.6584050976394,-7812.294562005024,-9741.953350718168,-6195.820305361485,-1305.1612523918257,2579.9921789566106,3071.5379189221712,1543.757012767288
-4029.0200293886382,-7583.594184881408,-4279.669485443886,2136.8153610796894,8161.315154488181,9507.632621766554,4651.142638681064,-1879.2879303828972,-7694.654125457748,-8874.684368926293,-4996.573508035846,-152.96309227361132,3353.1073274261685,3241.909938091538,1555.4336092649694
-3477.006280062867,-6835.085158225475,-3463.9534341919357,2834.083504833868,8590.119826483715,9434.922529551994,4405.56691971676,-2020.6502739530235,-7476.489430789835,-7932.042187684616,-3805.5367652199848,959.6074356549065,4009.2881697879884,3344.403370514171,1543.6467253583348
-2920.467507802722,-6089.595855162588,-2662.0439334238126,3514.8274139606356,8994.296705585239,9357.549117954977,4196.010704813349,-2117.2478472251273,-7172.189405295877,-6943.063390898256,-2638.976157095337,2013.7130698851538,4539.202827592938,3389.625537858177,1505.6438785864407
-2374.8687717152047,-5362.233521539668,-1887.301886811028,4166.992429325591,9363.505562617269,9268.69152846797,4010.764245658886,-2180.824538775704,-6795.963793506189,-5933.535175397548,-1510.0640911897817,2991.5150133305096,4940.807577421295,3385.801134906923,1438.3977619677087
-1851.147791452841,-4663.677334763859,-1149.2565860576678,4781.736007752571,9690.11933381606,9163.160704025722,3839.8257332689263,-2220.4773135998953,-6360.835473328707,-4924.974665488977,-429.3850332155562,3876.422556892236,5217.789262255977,3337.698463140624,1339.4549779701952
-1355.593073023149,-4000.104952065471,-453.68350840049607,5353.182489096641,9968.80019999158,9037.087523497858,3674.9909947401948,-2242.625710119229,-5878.656579638884,-3934.86273379148,593.9582752652389,4653.08643932642,5377.490165284482,3246.7102980754767,1207.8382790119636
-892.2172432991176,-3375.4815349643104,195.4039819138861,5876.722590724215,10195.126577101184,8886.968263815108,3509.0733511722965,-2252.151312705267,-5361.22562382269,-2977.8026111950576,1551.0868756345997,5307.691970756825,5429.220233086786,3111.92531046375,1044.821449248849
-466.29156777865853,-2794.8846379485626,793.0180818786122,6346.866931142217,10364.088318402799,8708.602753934147,3334.75152603731,-2254.031050945673,-4821.576506707218,-2066.6630874665466,2432.65012642531,5829.019073458934,5383.342664285732,2931.672249442128,854.3232144504016
-86.48326924118717,-2266.463366177612,1331.7230850589435,6756.288056214637,10469.644875645952,8496.801961060844,3144.0369772305025,-2254.2362873329093,-4274.230973961972,-1212.8576457337917,3229.1427235086317,6210.12408317644,5250.839530209205,2704.9290792829643,642.7316752749591
236.173477182687,-1800.4290033946156,1802.6829908771547,7096.965598130551,10505.87931062576,8246.308903785042,2929.0169302942213,-2259.113361268491,-3733.9250061481707,-425.62391922521203,3932.023841182057,6449.812493862927,5042.806114300678,2432.2288269934115,418.1764369508039
491.9139912865767,-1405.6506819279462,2198.6167873073728,7362.74481066394,10469.028335469373,7953.441626445552,2683.552286429873,-2273.614128830785,-3213.4776001272717,289.0226239624786,4534.8431168007055,6552.942064581342,4769.644049539431,2116.0761191922875,189.47912904168712
675.8990421572495,-1086.2813955635932,2516.5380258509035,7551.445161917894,10358.892094668496,7617.318991217116,2404.7833890847096,-2299.686912165109,-2722.150461386015,928.6843346008252,5033.568501098107,6529.24617080776,4440.244944509585,1761.1251055272169,-34.90800772597041
789.2542973360595,-840.8454919785133,2758.2807281625296,7664.9550652088865,10178.55748222246,7239.775645302897,2093.347582183886,-2336.0775842529747,-2265.507864480682,1493.8083562721313,5425.970070663669,6391.319481931409,4061.6698611907495,1374.3172466748047,-247.73955264017567
836.875826900745,-664.3309295789307,2928.5277303540847,7707.337730333066,9932.703276281205,6824.068271097757,1752.1532440528758,-2379.7414326169956,-1846.6881572150248,1986.125396260339,5710.748068980333,6152.862864084837,3639.5712906604717,964.941450133953,-443.4852316488795
823.8592723604272,-551.5436649990987,3031.990610195072,7682.554183065872,9625.889885928298,6373.421584340957,1384.6459163050126,-2427.8529197167427,-1467.9941700884058,2407.3232255329704,5887.37432881177,5827.876923785011,3179.139117114958,544.3969939923866,-618.499768216934
753.3771881449728,-499.10173128073086,3071.99013241247,7593.676857619145,9262.223203410183,5890.582125826816,993.8670786772232,-2478.976402815764,-1131.5629667651642,2758.832799813601,5957.0391197604295,5430.63917322435,2686.0750073596078,125.47485179869707,-770.8902097291883
627.5773108836512,-504.6154603254058,3051.50324940824,7444.214633881896,8846.639361589903,5378.739485289387,582.9591884076535,-2532.6355480391053,-838.6666853253827,3042.7578698942652,5924.115399852832,4975.760106507756,2167.1867137547542,-278.803691264908,-900.1426562459885
450.65739668169243,-563.8387378055639,2975.755030102471,7240.429832175015,8386.72054131887,4843.078024025871,156.62907905225137,-2587.7402436614507,-588.2904611130912,3263.086342223829,5797.011512367956,4477.76685411828,1630.507628420627,-656.5139762324509,-1006.5960588367032
231.5713675886495,-668.1479034580312,2854.1932721315734,6992.672844208715,7893.464712198928,4291.67586519284,-277.68123951939003,-2641.165535698602,-376.2065888279921,3426.081051088983,5587.648591196727,3950.2339136821633,1085.1113668695455,-997.9552450265132,-1090.870978184159
-15.950522922119102,-804.4944721062558,2700.077870644635,6714.40281646771,7380.121197811249,3734.8542887102553,-710.0112762307606,-2687.6488861156913,-195.43374214610466,3539.3357835504826,5309.746993316916,3404.9098259662587,540.8344620390912,-1296.3116840455834,-1153.367833792612
-276.5083022487527,-958.2467972719026,2527.5722492390023,6419.160156186522,6859.508828344678,3183.089697078382,-1129.6592877021747,-2721.2378132895406,-38.02960171734827,3609.937646543734,4976.84954651913,2851.271894970544,7.984542674310262,-1547.7745674001042,-1193.940633992525
-537.5756845825247,-1117.3705173014691,2347.9211581770023,6117.142311167817,6341.228658712297,2644.532959023008,-1527.661007360161,-2737.4686928757737,102.70653993744975,3642.798525913262,4601.017860174239,2296.616165893978,-503.02490865941235,-1751.2179678774469,-1211.8231351823551
-792.8105884977159,-1275.4922619876495,2166.9294805511563,5813.322523535041,5830.273978536971,2123.4715421631,-1898.6212347693095,-2734.9684872120374,230.80068744715368,3640.1126144761924,4192.548334215867,1746.5063236215742,-982.1652335947631,-1907.590876193819,-1205.8246219837831
-1042.1444983267897,-1432.0140118283337,1985.2261819369799,5508.175345112013,5327.781867137263,1620.6078273193725,-2240.8537077675724,-2715.4879996975865,347.6731085833144,3602.2162461182766,3760.43275257504,1205.3740862103782,-1420.3257648862973,-2019.176715672364,-1174.727677563031
-1288.4734232918156,-1589.1072042467724,1801.2516641485138,5200.659485650724,4833.578672478859,1135.1152523647233,-2554.6697424242902,-2682.248432187749,453.62088574190244,3529.365596478461,3313.0621580055777,677.2046077814852,-1809.7002331075057,-2088.8320276524983,-1117.7489241905694
-1532.6420994263158,-1747.1314270972816,1615.4460074880215,4891.95586789777,4349.311418717764,667.535709344839,-2839.644298160841,-2637.4062050693783,549.8959917240727,3423.5427134982433,2858.8144125111558,166.31247109106562,-2143.9064358861215,-2119.298389729095,-1034.9167699777267
-1769.379878220254,-1900.9112241858734,1433.4591119799013,4588.08223418191,3880.6637355632297,222.09399084751215,-3092.290691123491,-2579.9459792667717,640.2622740438227,3289.474954026976,2406.3647310555707,-321.91913983295774,-2417.9390805456724,-2112.6947316613164,-927.2902574712851
-1986.473739172079,-2038.9649037404422,1266.613582199418,4299.9974341943225,3437.4986518346873,-192.8485904938351,-3305.4820831620905,-2505.1612879975287,731.1515502002213,3134.4561375327194,1964.6106723265375,-780.6799810231594,-2628.22203989201,-2070.3050851714675,-797.0366618821297
-2167.931267606501,-2146.3776534829467,1129.1233420752646,4040.9264318671817,3031.627837054846,-566.6998687047549,-3470.1576619508023,-2406.138685331757,830.1936709478762,2967.0561339728715,1542.0930832806437,-1202.1230698330835,-2772.944872365982,-1992.729434405841,-647.4234936467476
-2299.8791639926712,-2210.1770789413545,1033.1574332697899,3821.93677746205,2672.9930203939116,-890.2572146697232,-3578.676326598316,-2276.6592435618722,943.6884865165044,2795.2257817980585,1145.9293998650933,-1578.5478265198776,-2852.568739690024,-1880.3518642632039,-482.73810075232984
-2376.4002522133405,-2224.662559897058,984.029276992431,3647.7429223407157,2365.9275218418034,-1159.4033210798482,-3628.2115887133423,-2114.152429733558,1074.1654840643835,2624.545158305859,780.5990856419537,-1903.9044978408713,-2870.1240810660497,-1733.9545512462696,-308.0859713837777
-2402.2526848141842,-2193.905315917349,977.971960902992,3514.8319498948763,2107.376412209454,-1376.9539289682755,-3622.3785547508223,-1921.198600588688,1219.2432771096667,2457.352512806545,447.2143595107459,-2174.8281959387446,-2830.9426751094084,-1555.250437013171,-129.02203307256866
-2390.7184159791327,-2129.822605692142,1003.9137278295409,3413.1072986115296,1888.2390175146822,-1551.4501269297964,-3570.05206464208,-1704.7056855744095,1372.4685056066353,2293.185892392274,143.8698220232647,-2390.594568497508,-2741.773314747956,-1347.1631082567424,48.946073705494285
-2357.186925232183,-2046.3710851392939,1048.777375418591,3330.6285288942267,1697.5573872261452,-1693.16579865367,-3481.7425010648712,-1473.0165330623292,1525.8895013113029,2130.4238921215515,-132.81327139075472,-2552.025766853313,-2609.5900701964315,-1113.815731718185,220.85004239186256
-2311.34954239506,-1952.461098983144,1103.9843707886935,3259.4232606965907,1527.7739194924961,-1809.110382123496,-3365.208309710014,-1232.2765432541803,1673.2455519533219,1968.4293942586896,-385.51978180682715,-2660.049838512727,-2440.5639120235855,-860.3207076895203,382.59900645840634
-2251.8376898794963,-1847.061850692349,1170.0291488540674,3199.6123399838407,1378.5392703510686,-1899.5012166667316,-3222.4711631078435,-983.838050284123,1812.2891222323342,1809.1767576084617,-614.4845728627292,-2714.847240388935,-2239.5585829230827,-592.51619897672,531.0902007533898
-2166.1776440388385,-1719.1018004778325,1256.7189249646258,3159.700661673939,1257.0596045774732,-1957.6023101694198,-3049.7667337746207,-724.0370908056619,1945.126617946281,1657.4997904720221,-817.079827093638,-2716.129097038983,-2010.2427783335288,-316.75333044185584,664.1236533011264
-2036.4542727857288,-1552.532083840669,1378.6663384478659,3152.628046979256,1174.5595047648019,-1973.2185202209669,-2840.533179821215,-446.5539387924386,2076.398923994916,1519.714808851818,-989.0184526527805,-2664.355071037092,-1755.6548310149335,-39.73649517420921,780.2111332783638
-1848.3026210026264,-1334.418659295151,1547.9063086950189,3189.207135487163,1140.3244389612096,-1938.3207045025101,-2590.059000118537,-146.32562058849203,2210.155166741943,1401.1622293690612,-1126.5931231521656,-2562.123099372805,-1478.9258543573137,231.66529807201368,878.3583037087039
-1599.173373541342,-1062.4156170755896,1766.9428730434297,3271.8793700953975,1156.0117307007454,-1852.1994625079544,-2299.62746146376,176.766617102469,2346.884722676377,1303.7671374546671,-1228.8156956045482,-2414.907476775551,-1183.8808202710834,490.7197605119727,957.8525154203932
-1302.067250838024,-748.1858664070757,2025.4102169686428,3391.646081794659,1212.863077969912,-1723.7384575988376,-1978.2550825325684,516.1128514768426,2482.078272750932,1224.753971372772,-1298.3767423341262,-2230.7524601089035,-875.3448511605599,731.2435373315493,1018.0594466609226
-982.9532634181569,-415.1424481845388,2301.9320014358445,3529.62682860189,1293.1557485080812,-1569.7306251726159,-1641.2404630392446,859.3068502574175,2606.967059061016,1157.1452306793378,-1340.9628549890795,-2019.1021151327463,-559.1130171721913,948.0193515212575,1058.2454205002477
-672.8844539289851,-91.39676721952029,2570.4657929031173,3662.648526499495,1375.3368678710467,-1409.9496454514867,-1306.1493424153048,1191.4096617396049,2711.110030586397,1091.8800816538483,-1363.296268167235,-1789.3061702783123,-241.64405975484146,1137.0782728468862,1077.4808878317835
-398.1039387928383,199.14379342530952,2808.4899400898107,3770.5307275622813,1440.6852749347509,-1261.0879992923078,-987.9245080282656,1499.1724264858146,2785.715059456435,1020.6818383656425,-1370.8593254597101,-1549.3569085334689,70.40314925836287,1295.774710194361,1074.699159374819
-172.2099181363167,443.87205592880235,3003.667073758148,3842.0642916043985,1478.7396775789136,-1132.0828709958967,-695.1032593820147,1774.487221084276,2826.3166234741284,938.4970857419476,-1366.3560151497463,-1305.1954451762958,370.6487821632033,1422.6930624953598,1048.9461241513075
6.542548842975673,643.9856291909712,3156.3619096408866,3877.3256986221327,1489.3379439289497,-1022.6587728568347,-428.5853186518457,2015.7230717730172,2833.761138014874,844.5419395404228,-1349.5470554802503,-1060.6661045456835,653.3561141734383,1517.4859237739909,999.7659611985899
151.97493596875526,811.6255142199543,3277.216833349989,3885.5896799441066,1480.6125021405412,-925.4863061136464,-183.29128577608952,2226.542579232515,2813.196025095457,741.6126957719933,-1318.4194371172703,-818.0050433130024,913.6050876060702,1580.7099387205765,927.5776368728086
282.42261440313837,963.1220636936885,3381.0701757189586,3879.96118688931,1463.999646014061,-830.8367115224429,48.13887752125032,2412.8638673101327,2771.5881041020916,634.0696098906045,-1271.0546938919297,-578.6314848639597,1147.2939346373496,1613.6418853516561,833.8761241932538
412.21898524660656,1111.3417349744625,3479.9367296496544,3871.1362473320087,1448.5035198537887,-731.6482040909027,271.2433059914184,2579.367756015134,2714.863117668467,525.4533678517114,-1207.3071822446261,-343.9497535454964,1351.0716910956235,1618.0136399023625,721.1704926535923
545.7431472785055,1260.3021539736976,3577.9680173084043,3862.8906770169474,1436.6214392365353,-626.8942281191381,486.93036536120223,2727.039776757949,2645.8364161000477,416.8027592688536,-1129.5746328158298,-115.88489554337127,1522.31515214358,1595.6495583314045,592.7057102575102
676.2223798190871,1404.0419856249337,3670.2499325274002,3850.9640834790725,1423.4635857297185,-522.0168514674851,691.0016962507898,2852.6695596223167,2563.6876034956613,306.3694907071015,-1042.4162985609523,103.00904221002713,1659.1872246643627,1548.089758341816,452.116415870084
789.3204354257183,1529.790927214586,3745.524397990529,3825.4381252981425,1399.1319774508584,-426.52545045870795,875.9778689170297,2950.3042989481696,2465.030999004571,190.75884237326312,-951.3000251505407,309.83688636149225,1760.7162069252756,1476.3550081039853,303.1619240170699
869.5498691382887,1623.6894790446847,3791.277573869695,3775.2451201691256,1353.050843414079,-350.0415019776267,1034.2296863991241,3013.821633739118,2345.974966458349,66.88500882930748,-861.0934798978053,501.8395095595466,1826.808730449612,1380.9920101151788,149.60196970172586
906.5762777037428,1676.4324074393403,3798.8329468040292,3692.717610906433,1278.2579392943362,-298.59017150877565,1160.970651588702,3039.419846206757,2204.2256241035166,-66.19019980476827,-774.9344295500725,676.793646619986,1858.1766259904493,1262.4332376260381,-4.833017816549756
898.854274501067,1686.5429538918393,3766.3830327938304,3576.3336780684735,1173.901100318796,-272.63814526323307,1255.8890072464933,3027.026358181186,2040.3810153445997,-206.3468394634348,-693.8620197323637,833.1551324472221,1856.2466715882474,1121.5658691566734,-156.47027033278007
853.4401056732313,1660.2454063403986,3699.0234596638807,3430.798418190229,1045.1303890214815,-267.4775922497363,1322.9181912075233,2980.2241192977995,1857.9893813374986,-348.7696447346537,-617.2210833279031,969.9410981218753,1823.1341777708926,960.2965769591713,-301.78512538013183
782.5400878156246,1608.4367149825327,3606.2184871687164,3264.807430672378,900.742694367616,-275.5158163115193,1368.4861922842636,2904.9623305939767,1662.4900957806499,-487.3557800257746,-543.5397106827259,1086.4996373035613,1761.6742996548924,781.8743075032061,-437.55070425056385
698.6128073202957,1542.375751725279,3498.110184686553,3087.722682263271,749.8022647295943,-289.3077095614891,1399.1654943290828,2807.7531660765067,1459.5815885365384,-616.5191766829785,-471.4432529120313,1182.3578058684516,1675.3969449514234,590.8115441519863,-560.994570009037
610.1778412201706,1469.99556037947,3382.3229646623795,2906.6318240444143,598.7057232251127,-304.0251515981085,1419.750125253915,2694.1178312040965,1253.7124113629154,-732.6417059217525,-400.23143308016347,1257.2533064381835,1568.3078533344144,392.40327018486414,-669.9024995639236
519.8834606742976,1394.1975967518206,3262.425133056133,2724.8593356071933,449.7698798781148,-318.4735777634878,1432.4383534962467,2567.7825441719915,1047.248156441256,-834.6460201706351,-329.95242213822746,1311.3041600387892,1444.4371579562676,192.01653624004118,-762.6331515460488
425.2398302132215,1313.464412601601,3138.3191103320783,2542.227700272122,301.6529471666224,-334.48474334425407,1437.2205543899936,2430.719735376576,840.531798334917,-923.5789759441252,-261.05222615455233,1345.1577791572981,1307.275790598867,-5.571888916196599,-838.0388221598628
321.29901507044394,1224.138707613888,3007.9951887459456,2356.619186767955,151.15430920128895,-355.1871567622134,1433.0549873707669,2283.7883504440965,632.6947715292372,-1001.4963074163493,-193.85076126604253,1359.9654087626022,1159.3313739324722,-196.53457793930772,-895.3132625552341
203.92691577178763,1123.176425915754,2869.6535065850144,2165.976097675151,-4.509094711382403,-383.0076600928228,1419.1781546021818,2127.5794562142264,422.8364443664234,-1070.1629973513666,-128.13265123931978,1357.1499995754018,1002.024929417723,-377.93765254732364,-933.8084761952273
72.34114253850345,1010.2356128056998,2723.2823710213797,1969.9054712673264,-165.8584487879063,-418.2011363142961,1395.9927443861075,1963.1278458349313,211.13448668063415,-1130.0698231668202,-63.04435499090454,1338.0925354807605,836.0213493106288,-547.354443637535,-952.8811813343968
-69.8628453390825,888.4677729268125,2571.231754388636,1770.4120130854212,-330.3067265116738,-458.34506392973947,1365.2933636392477,1792.3198072420369,-0.44875118278542914,-1180.0663839280119,2.6791573034114435,1303.943630553637,661.9062715435316,-702.3849755348672,-951.8384542323831
-215.2489944306035,764.0206013932107,2417.8542861127517,1571.7366324254601,-492.4034462994308,-498.78498747258584,1329.9363942238715,1617.9966299113678,-208.01859582053203,-1217.6393712003933,70.2921096892021,1255.7126054892208,480.97232846928637,-840.3525503726572,-930.0344851945824
-354.1334013283174,644.732454683816,2268.639646396027,1379.6045288560356,-644.8827074426498,-533.6814686950685,1293.2683954888862,1443.8432678731278,-406.1393426888466,-1239.637709594514,140.63245615067427,1194.6235498715023,295.8176175884294,-958.3509192604397,-887.1172451093016
-476.5213891350699,538.6380877753987,2129.3204554638446,1200.2759993771137,-780.0630621617094,-557.1985901293757,1258.6285063887922,1274.1465292577452,-588.6262935239151,-1243.1364296462252,213.91765852884373,1122.5537123371548,110.50812167277513,-1053.6341159558096,-823.350199624314
-573.8120122689497,452.74227340627004,2005.2305530757146,1039.6768684608282,-891.196575639282,-564.4746977968928,1229.0789494302371,1113.4484899327117,-749.5463414069509,-1226.152731435436,289.8105968723073,1042.2869454774047,-69.80250073480624,-1124.1665376202372,-739.879236469038
-639.9919646067599,392.22260899477624,1900.9203143968862,902.6944486301089,-973.524255995498,-552.2212515624551,1207.314627990914,966.0753780396701,-884.2233619989744,-1188.0420390061909,367.6804889541025,957.3746525152497,-239.710254418313,-1169.0704627267214,-638.8190899368726
-672.2989393096834,359.99081635530473,1819.8596335036855,792.6009364454815,-1024.9433025804647,-518.975428815001,1195.5840429863879,835.5414611841339,-990.0494901790026,-1129.5418035771238,446.8857972818177,871.5731789556141,-394.5888387331617,-1188.7593026375462,-523.1064592871163
-671.4328118881067,356.4831924661409,1764.0766579830215,710.5764974297293,-1046.2591813886127,-465.10545411773126,1195.4808935558501,723.913275547097,-1066.9194705774396,-1052.5355747868966,526.9063822676446,788.0336657355678,-531.4428234678137,-1184.6948124974715,-396.17345083293975
-641.3497463692893,379.641431006873,1733.744722682815,655.4086628273049,-1040.9974359578816,-392.6385837135381,1207.6046511791058,631.3176958038835,-1117.1537229669157,-959.6535896886465,607.2484101383601,708.5551628360494,-649.2596179362461,-1158.8741790706824,-261.5740974942766
-588.6028002863421,425.1658684533765,1726.9059283030933,623.534281814186,-1014.755114495724,-304.91880597569076,1231.2378656013213,555.8108039013437,-1144.8802019005825,-853.8216940784774,687.1811844419643,633.206933785058,-748.7185776831818,-1113.2587322562451,-122.70341959382621
-521.2044632867593,487.15450838698973,1739.577139635484,609.570444392368,-974.1367438886448,-206.07824806338544,1264.248806407093,493.7473110909019,-1154.997222369667,-737.8472121116686,765.464595381926,560.4842944523966,-831.380399816382,-1049.3636460302796,17.31582238842124
-447.11243421438496,559.1417647572381,1766.3781325811974,607.3359128784957,-925.4419979055801,-100.34971975565517,1303.363716273313,440.6224978758072,-1151.9863529425654,-614.1075261495882,840.2399400637439,487.95372045095314,-898.7041762646106,-968.1512297124226,155.59505543100974
-372.61804282789825,635.3732224414798,1801.6084577662848,611.1628032758476,-873.391971124761,8.671544493677573,1344.8019616062597,392.1755486032583,-1138.9148822056438,-484.38471851447434,909.1853648966852,413.16301282389554,-951.3078560226862,-870.250367039216,289.3726871321445
-301.04256002990587,711.9977685814865,1840.4901383022475,617.1428109398814,-820.2260771945047,118.64594296526633,1385.108950158021,345.4294536680645,-1116.9172981773804,-349.8604015935512,969.9199199898594,334.51167357637496,-988.7600517856107,-756.4042300975582,415.9319750766181
-232.13800615889008,787.8131346346253,1880.1878834111633,623.9219308145821,-765.4335426950594,228.81286741311754,1421.9279521048143,299.34719888978657,-1085.2880947919198,-211.24940582938035,1020.5302030804053,251.81221627157356,-1009.9313396957268,-627.9629102518321,532.6034780954128
-162.42630036706566,864.297545209174,1920.2631919598505,632.7722562014977,-706.216309637192,339.90943218629894,1454.4576901798468,254.90224825182054,-1042.1179459442453,-69.02083644607984,1060.0334584339687,166.3938357168962,-1013.6767666897449,-487.21576343150355,636.8581233989494
-86.44173272081721,944.8685689665007,1962.3950039413191,646.8887768442282,-638.5699706219652,453.6849737616343,1483.4401900754292,214.5462480573327,-985.2414506885184,76.35653795855882,1088.601172387609,80.7527890724723,-999.4976163909528,-337.4163877724599,726.4521558783704
1.4383265313533227,1033.5537749504028,2009.4384507286804,670.1032279863568,-558.6891138007212,572.1281432494648,1510.673563822709,181.24235572719093,-913.1946913053424,224.19604738201008,1107.4428567510154,-2.1113626880686525,-967.890709046131,-182.47928378708986,799.5640313048868
105.07584857559497,1133.4442096631299,2064.1041843672115,705.3873313565445,-464.315724697203,696.6046000129804,1538.1927529152183,157.35722189824065,-825.9187798836351,373.4265908898266,1118.363516326157,-79.45376981256169,-920.2865640795154,-26.47169542145116,854.8682332532479
225.09021444992416,1245.3614640988492,2127.6480491667244,753.5710240591229,-355.68275400197393,827.1219936115342,1567.3579199355534,143.73114260725436,-725.0622788701571,522.4758363446192,1123.119421429757,-149.4080112573365,-858.6873446746124,126.88449013418443,891.5175797355314
358.18705224188386,1367.0872303193717,2198.935751741151,812.6164328307651,-235.84142589150366,961.8939009389621,1598.1082361105082,139.17338289209067,-613.8755608119102,669.1908630218277,1122.7659323502585,-211.30831693140925,-785.2320327242135,274.50052815250353,909.045063317933
497.4248011397744,1493.3268005789898,2274.1178479616733,877.6104735286019,-110.34209041627007,1097.2909724007254,1628.5829779937635,140.4928504842594,-496.79780028145507,810.7973050028917,1117.1958127371845,-265.65157790641456,-701.8972413450665,413.9151689052077,907.2349853097523
633.2998732401904,1616.384207842575,2346.980727116891,941.4438079247844,13.605556167234568,1228.1821954478012,1655.2110416044625,143.02648700268492,-378.87973911855346,943.9279072748352,1105.008821846946,-313.7574956628715,-610.4248851893074,543.0675569472311,886.0337520906659
755.369233620566,1727.382873409327,2409.88954552385,995.9967644532845,128.28231508234356,1348.6069039048607,1673.2586949545707,141.51560353291097,-265.1654631315286,1064.7766592850433,1083.756487349102,-357.2697052448397,-512.433583831772,660.0255410871723,845.5590817428985
854.073473492966,1817.7921173035159,2455.1358046877535,1033.5786145209493,226.69744945521438,1452.6795093509622,1677.7274853880872,131.12534180137058,-160.10619049807133,1169.430323644208,1050.502446082824,-397.66499907447627,-409.5893918577921,762.844813096965,786.2218972841958
922.440547977012,1880.9945001536892,2476.4383475092204,1048.350204534471,303.72176955631517,1535.597182033921,1664.4197007672271,108.39911341066325,-67.03877654254472,1254.3820830760292,1002.5578429191329,-435.8996714638604,-303.70834085779927,849.6369328915446,708.9161690624595
957.3911331002968,1913.620343595156,2470.306712360631,1037.4728274544943,356.95409509908836,1594.5832415298908,1630.9421925839,71.96931581843123,12.243604896842953,1317.1525975425827,938.2103671842222,-472.24587784333175,-196.71982000349203,918.7970185689865,615.189103840437
960.4091267395789,1916.378037100114,2436.9634621421724,1001.755739168352,387.1789854763282,1629.56527708434,1577.4093616259684,22.89193560557817,77.7745894549858,1356.8651455330269,857.2688386875689,-506.29594241412013,-90.49803135942824,969.2597363619768,507.30310191827306
937.4032182529675,1894.1486330074142,2380.5633419987685,945.6330441560259,398.2989985999884,1643.3875963560058,1506.6460239336668,-35.4686987457886,131.46738740491213,1374.5851496883313,761.2883604712698,-537.0722936984424,13.365834105234399,1000.6523059974795,388.1453184210983
897.7002408629554,1855.2240468384407,2308.567371669995,876.4072686865775,396.68561890161857,1641.4230446853758,1423.7881304488892,-98.00527252608161,176.85447555287948,1373.2686387122815,653.4151043128993,-563.185185382323,113.74696875901901,1013.2791296100895,261.0075350390548
852.2846872250117,1809.7520935460072,2230.3227201969503,802.8504388337793,390.001647004132,1630.5831610844473,1335.3214425345768,-158.79738867361004,218.48410094152763,1357.2672666682977,537.8814036033791,-583.0126614428443,210.03387353147207,1007.9557718875708,129.31241100164522
811.5910817431806,1767.6625308704856,2155.113825984712,733.4177443877069,385.68164631197817,1617.8928735201048,1247.748383351624,-212.23813363973727,261.036932037706,1331.474618490601,419.27041163803807,-594.9071055302376,301.99734202902215,985.7661319480003,-3.624705939424942
783.2973751400273,1736.5112228849264,2090.1121935123992,674.4469060358649,389.3676448699563,1608.9365088740333,1166.1823359998996,-254.1358741938854,308.3244544082111,1300.3167602222848,301.72929480064965,-597.4373068248311,389.5118800292496,947.82948508083,-134.73852468390692
770.600888415467,1719.7321614506204,2038.7023420274058,628.7423105409534,403.6389769290418,1606.542042022655,1093.1986281277793,-282.56575675287456,362.3917084055662,1266.8434547231263,188.31952365684072,-589.6521722717143,472.2250895419977,895.143810792174,-261.252112555214
771.3707928430631,1715.7121685509735,1999.5850107759497,594.8674189706737,427.3302954915307,1610.0291496717134,1028.2139386023894,-298.29389472767144,422.94464420079703,1232.1475713943723,80.64789830386948,-571.3190134851643,549.2998707580384,828.5378662804015,-380.64583792073086
778.3947937976915,1717.9301662961552,1966.8870060383026,567.3197880522785,455.6160049345991,1615.2208862752136,967.543716012321,-304.68255034164594,487.2572292855236,1195.2454885642633,-21.160187677538943,-543.0685490023642,619.331776110939,748.7307737210995,-490.6101836782201
780.7241194848416,1716.184321224462,1931.2935122471963,537.5853470803675,480.8872116355012,1615.2495301664212,905.1399326043065,-307.0819714763247,550.6078258777416,1153.4300856577627,-118.1715047124462,-506.3844785839242,680.4773025934537,656.4706242716493,-589.0255096181797
765.9142550518119,1698.7148673353536,1882.0130936063003,495.901802155261,494.29346499821696,1602.0184399069117,833.876309585447,-311.80290465753546,607.1790826481954,1103.0020109201682,-212.12949632185249,-463.40672736579904,730.7489634499407,552.7065037831952,-673.984422433877
722.7868588703147,1654.8519146610147,1809.2217887804982,433.42910993116385,487.6911232205488,1568.0473479844397,747.1481904725682,-324.8324171877829,651.2575762526983,1040.2201502849048,-304.82785957083064,-416.5624103350274,768.3777800297536,438.74556141538136,-743.8435811716329
644.2199396708216,1577.6993093782808,1706.5308860145515,344.4403764252777,455.64987518662406,1508.3485875770555,640.4980528618457,-350.50188424666396,678.5058336887114,962.2913584451434,-397.4833694424203,-368.083734352697,792.1369905162487,316.35913436288615,-797.2747479656388
529.4281285072238,1466.3268625282144,1572.996451650093,228.11871323189905,397.1322390716258,1421.9655028785137,512.9657196309016,-390.3384775485132,687.0579844350241,868.228593317699,-490.2013965350194,-319.50793902816923,801.5573137499989,187.8225909690291,-833.2862504030364
385.24117248394685,1326.997863053982,1414.2450056689838,89.58349543759746,316.48879968359597,1312.8525338581162,367.8936884148521,-442.3250803200566,678.21275541178,759.4296562617417,-581.6146330263086,-271.27435602804434,797.0154082677124,55.89016780056687,-851.2041996325996
226.03259469285328,1173.1065593689364,1242.4256708981795,-60.123432575800294,223.50831571022943,1189.8819317064865,212.99197740505053,-500.75028943142615,656.5611563730718,639.8601122276237,-668.7666268064,-222.53054947269885,779.7118717714875,-76.28959653426205,-850.6285717657141
72.17511382430096,1023.720203264252,1074.8959270144478,-205.19406061788453,132.41698846759715,1065.9089725145266,59.57977818225942,-556.7458871462638,629.483218207604,515.7695284764516,-747.2937552589838,-171.22662503410766,751.5602043500026,-205.31665771157645,-831.3988137291366
-52.833873101193554,900.873085284987,931.7730930703367,-327.2531344107527,59.91055873608363,955.9927978947744,-78.93849751108945,-599.4908167365163,606.0639124310312,394.9376942682387,-811.9191840739942,-114.51470115395398,714.9944591720422,-327.73987547772583,-793.6048920001505
-126.17428477350093,825.9995046850721,832.6980760524269,-408.2973694899036,22.492023452377964,875.0268686621461,-189.1585665497383,-617.9285702647876,595.59201406459,285.5347242139661,-857.2106943772707,-49.392737723258506,672.6933385223048,-440.30146511297824,-737.6593902174949
-129.8260278279108,816.077143626162,793.32550789025,-433.9079029750836,33.540748836999796,835.155574468715,-259.99351060328956,-602.7277268910962,605.8942854233517,194.7691614114761,-878.4878982954152,26.537457117890767,627.2282140053394,-540.1893684529441,-664.4132282641369
-54.29377809397306,880.1499734814124,822.1457140763641,-396.1752382988943,100.62524930335803,843.4199337568448,-284.81751869968605,-548.1414058671016,641.8020077628807,127.56578770367611,-872.7168680857354,114.36506494707999,580.6712133468741,-625.2452869686117,-575.2689881566296
98.77711078283502,1016.8883161903073,918.2371483980763,-295.7777591335866,223.5707710234289,900.0694570124601,-263.02619843149057,-453.4104958930432,704.037027447526,85.53629861065104,-839.2184442310042,213.37674488262925,534.2324156690458,-694.081542811494,-472.23768182614924
315.66452839866804,1213.7119124690782,1070.4314069652078,-142.76337766836923,393.69510869221534,997.8915358496372,-200.67997548611365,-323.41488305452066,788.739835260822,66.46935401679008,-780.0434791595621,320.8841824482072,488.0138773721436,-746.088018448002,-357.9025011799304
571.6209608914577,1447.7578171557386,1258.1532464282395,44.20962014577915,594.4399294621356,1122.7503062409548,-110.0471066350722,-168.39930696997914,887.753161721938,64.47590681462032,-699.9251487723114,432.40845101392836,440.96021518062054,-781.3462371003554,-235.28823804870706
833.873302454621,1688.6548249982282,1453.9079506657908,240.14547977727793,803.3800592512272,1255.3184915889592,-8.059797418980892,-2.7642570903425394,989.6416114610507,70.80054794416031,-605.7910638809675,542.1812548616515,391.04934630766,-800.4908193479491,-107.67025174292777
1066.1712264512105,1902.7331384586498,1627.085391017492,417.18992465332826,995.338720422836,1373.7695442712686,86.10034334744499,156.91544942475394,1081.2980328770614,75.17889994460978,-505.892353436983,643.8652130416863,335.71207547149595,-804.5576616425334,21.624560312900385
1234.1880371987313,2058.0253704931124,1748.5006277231078,548.7782553304343,1146.127942605154,1457.0199139635001,153.90685006364467,294.3372403426132,1149.8868410230893,67.5144107293859,-408.67198440679647,731.3666425124873,272.4114767338625,-794.8380144182556,149.37761955356788
1310.9093209194123,2129.260860021928,1794.947608623907,613.7856496975966,1236.3138588226054,1488.0084508243372,180.40942461861582,395.98741204391763,1184.8204640767187,39.586684125222945,-321.5419402579281,799.6150986743687,199.26903382189573,-772.7348581016143,272.57635172936455
1281.131666003824,2102.044767504501,1753.0286739267171,600.0026954043926,1254.3954355254032,1456.4871872776077,156.69087298916222,453.3156021980087,1179.4617229471114,-13.503073453185664,-249.76212570146373,845.2051869488326,115.60655494221135,-739.6093413037438,388.4564012371592
1144.3279401988905,1975.5373784036574,1621.6311313542317,506.36291617040854,1198.8761433148575,1360.8702184731847,81.45382044690804,464.2072547109694,1132.2865616569559,-92.39780945123091,-195.60835021433905,866.8254705779993,22.28642282806237,-696.6167371972709,494.51607316093424
915.3843125352398,1763.1759993693354,1412.626155825964,343.5415229644278,1078.8778538872616,1208.8274408656423,-38.53049785375071,433.50285645485036,1047.318084595116,-193.22154077833613,-157.9807974899989,865.427459377198,-78.22456910607778,-644.5560575147374,588.5345654868454
623.0340592521659,1491.2720862434471,1149.629601027981,132.79185027701175,913.1643956194167,1016.4943410194156,-189.20168217909588,372.4577618241792,933.7435738407373,-308.03374271681815,-132.5414167500465,844.1118394870393,-182.08122244118067,-583.779595585669,668.6125258334272
306.15904772625987,1195.6304128943,864.9527951164574,-96.8483256158623,727.6779336050748,806.3732703265813,-351.11989342073525,297.19588302616575,804.7402712258463,-425.9299104876176,-112.38749817139518,807.7320221839411,-284.5262600613007,-514.2133346166848,733.2312964850116
8.457844074330719,916.6381890354314,595.148882802273,-312.5987820249839,551.9165947963606,604.201320281108,-502.2352735141775,226.3642980616579,675.6522025933189,-534.6159128267985,-89.1808588310816,762.2422295220027,-380.5007573224623,-435.51904097307363,781.3073860441004
-227.75261630938104,693.5236954551032,375.79211805163345,-482.64320216388484,414.67082434660045,435.23093053001276,-621.1108225811373,178.32709733745037,561.7674116122348,-622.2129783967683,-54.56886982405939,713.8532450065093,-465.2830907304907,-347.3871708649573,812.211642923973
-367.6679917860363,558.6480330556411,236.27824664484916,-580.7899524555297,339.7624412793545,320.48642223579407,-690.1103352859502,168.32912982242442,476.0279929476914,-679.0153691168802,-1.6668724411393328,668.1024251560317,-535.0487908992144,-249.89976745561378,825.7330252175349
-389.09816879456815,532.7313318582837,195.46880838725605,-590.3544049062941,342.4654170534719,273.5957008700207,-698.0494239961228,206.09353814325246,427.04461729323475,-698.9262874378901,73.66277028946803,628.9844562817311,-587.2707224753267,-143.86446697408164,821.9908992156495
-285.7130035380736,621.797277677166,258.89508651057497,-506.63005493079373,427.2058667414637,298.72841265316356,-641.8760564032725,294.2696636792605,417.7616547256264,-680.3426177588025,171.98295455614368,598.3061429280123,-620.9151856028983,-31.014436204918923,801.3258381248038
-67.9006192666918,816.3461477399212,417.9881759512916,-337.53911908798455,586.9349889713794,389.9948685101505,-527.1001180083099,428.0106238706196,445.0177853935308,-626.3468585671662,290.074619403195,575.4044806264016,-636.4273981212073,85.99627817809463,764.2129426353396
238.8849317541554,1092.8794498337938,651.4494156294463,-102.36693630432666,804.2726955305044,532.4009363799282,-366.9088087612836,595.7511568074706,500.0834059144089,-544.1850504086085,421.38925856302507,557.2997401839514,-635.5335506264016,203.8066873739165,711.2351542870443
597.9736425820447,1417.4827383813463,928.4967391479248,171.17811657066363,1054.197644688159,704.1714930394211,-180.1396929117619,781.0258592047021,570.0697624711671,-444.13705643261113,557.0555089853206,539.2622384178677,-620.9101043327016,318.70717815513143,643.1290444581783
966.8497019906885,1750.8262315522013,1213.4071061461702,451.05599402991703,1307.7919889195223,880.0194763271636,11.522080873230664,964.9788687046776,639.946404426042,-337.98707928282346,687.221453194958,515.6831739387728,-595.7794206119555,427.03547444170385,560.8841823532402
1303.1490949117963,2053.7417425439116,1470.5917456442412,705.4508420436734,1536.3982940826224,1034.8023777342348,186.64648017938305,1129.116242834517,694.8119650287699,-237.35324684803464,802.4675117667637,481.08276997490026,-563.4848300119869,525.5073018019768,465.85448021364806
1570.3551611623552,2292.5060023254737,1669.413236170727,907.080976300999,1715.5316510638756,1146.9897744023888,326.97546515224417,1257.8543682158831,722.0498921192727,-152.13090162403842,895.0482157651687,431.07387774342214,-527.0853305906568,611.4223098265982,359.8357091779129
1742.3835859044807,2443.081123185853,1788.0602165939226,1036.650382230045,1827.989906987803,1201.4456568291694,419.741661455842,1340.5002539570385,713.0519273833407,-89.25872677554804,959.7919758751339,363.12143935329937,-489.0002439556531,682.7439456038924,245.07779403893565
1806.4755922035877,2493.779969270014,1815.9900378140533,1085.0060757613694,1865.774658043044,1191.1715053540001,459.1006568722575,1372.4250060282138,664.2831037895733,-51.951035867566816,994.5732433923872,276.9852614030627,-450.73313295385805,738.0957962309428,124.22525244703431
1764.095612497143,2446.0827285370187,1754.6836503337324,1053.7776191976204,1830.6314970434394,1117.8251622326484,446.5322925022398,1355.3264800860654,577.5703577297037,-39.470276987101784,1000.3454515829151,174.79249922871912,-412.709866697322,776.728797266479,0.2027606384531424
1629.8145095709874,2313.591840107167,1616.6956069032415,954.4898074355735,1733.211011184824,991.0026608840407,390.2082058754367,1296.6016610018876,459.607889992398,-47.44870299085869,980.7754731823296,60.74675754721659,-374.2690867658385,798.4941567371882,-123.92382475627903
1428.4258025425356,2119.35472722677,1423.205653960967,806.3389405167075,1591.0286423563132,826.432413616773,303.4532937326334,1207.9577264864643,320.7778243276159,-68.70698702143648,941.5541687703237,-59.46492754350666,-333.83403022335284,803.8215220014526,-245.08100248955992
1190.774417547358,1891.9958612211287,1200.4750018598895,632.996871918381,1425.555458424828,643.375265606808,202.54371682120262,1103.4829939678793,173.47839119190064,-94.45712586158783,889.4822652092225,-179.46310449764195,-289.2664231143855,793.6724540146043,-360.29709310301604
948.957230428711,1661.2663350492896,975.7650065576886,458.9430297890136,1258.8935582284187,461.63874922504993,104.17777076941417,997.4723239766837,30.225910029498266,-115.71763687991546,831.4536129593454,-293.0329817300505,-238.3586236612024,769.4328650609516,-466.78460962585524
731.6543529348523,1453.7139625727582,773.364231212838,305.9022884018047,1110.5600499867696,298.6808994539083,23.014838368396,902.3452397873339,-98.16095452576674,-124.72016823343773,773.4781490653314,-394.9059645894671,-179.37265497499882,732.7296297387642,-562.004713400024
560.3359183805408,1289.1665211801937,611.3613065117992,189.95907369171076,994.8963886035017,167.2747404980858,-30.319161034975593,826.9913619096279,-203.99120229272557,-116.06676200270209,719.8948840967897,-481.33631228351135,-111.50451532073086,685.1961716456103,-643.7265048706386
446.9374356504553,1178.5812136484733,499.67378728899644,119.80492639130392,919.5155906770658,74.11127294227606,-50.43276842114193,775.8112630920064,-283.50643665082805,-87.42602911248036,672.9072735042657,-550.3805880182905,-35.157323728364645,628.2488528131219,-710.0881339943753
393.315445971381,1123.5512831048934,439.6027899062082,96.36140118078504,885.0018083985274,19.539169933604995,-37.39745924388603,748.5909870609464,-336.9429428503331,-39.64241561041587,632.5211741855144,-601.8470965591725,48.047175672077174,562.9489836572953,-759.6557238094882
392.436119585199,1117.424927656824,424.8738224270859,113.74148513986893,885.8215337752097,-1.5938609852377965,3.9758863536598597,741.1781243961527,-367.88971591238464,23.73867567632658,596.8844775396487,-636.9535891863909,135.51525979014218,490.0033463901703,-791.4668313615206
430.90109766032515,1147.6660132574843,443.8227122818429,161.24003727146692,912.1577950939679,1.738749602507113,65.59187282086623,746.7600318587193,-382.1322998398559,97.39178764895149,562.9378079503945,-657.7953282559707,224.1074922187009,409.9061343387336,-805.0437631945905
492.1741593936964,1198.8617814611512,482.1766174641095,225.85453977257393,952.2090259589031,18.840242126653592,137.89476071258923,757.4299750546252,-386.27233297766657,175.34247408267356,527.2162271717732,-666.7616458206262,310.61908634699523,323.169809684956,-800.3701891229047
559.8062725547684,1255.7223814826098,525.8229415401685,294.78621993582396,994.4516883735664,39.34579519689339,211.66037565648656,765.6996976339134,-386.4302862620109,252.04583589311912,486.6177861185797,-666.0343971058435,392.18759741454153,230.55872277695505,-777.8379815160991
620.0729248540941,1305.52707953611,563.060821258415,357.46526070588163,1029.455088434036,54.8576699092327,279.4237850490953,765.6815974767019,-387.271780350805,323.2002149920209,438.985010204379,-657.2580918387949,466.5436178880052,133.24395593370798,-738.1823173658559
663.6792095245261,1339.698367709271,586.0410150742305,406.8368211433462,1051.0154116873912,59.94928278328004,336.35564164098804,753.7906644515161,-391.4758570531186,386.1869602914236,383.41685357534004,-641.406900960757,532.0856116341736,32.836932128945136,-682.425407833651
686.457420174131,1354.4366002192594,591.3349896960948,439.8584850388926,1056.571808474508,52.50996254257113,380.5604838184943,728.954245389389,-399.6359738090875,440.1395352549635,320.31088458025783,-618.8149441094959,587.8193927116415,-68.68891284400067,-611.8418024110797
689.1852484796851,1350.5370365144029,579.7504487986379,457.3192131460557,1047.0118656876195,33.536124423465665,412.88842959332453,692.4170308505203,-410.497244829993,485.7247479733889,251.1956029888251,-589.3059735651718,633.2326559044474,-169.1409781766485,-527.9458455834045
676.7425240377568,1332.5942885845998,555.5866841070649,463.15705369567803,1026.0330024194948,6.527691134287213,436.3987221059202,647.264783385916,-421.407679661185,524.7451450502176,178.43263155470174,-552.363802476606,668.1683807355063,-266.2585012227362,-432.49148773519266
656.816579714045,1307.7911264346624,525.513067459002,463.4413218101728,999.2130693617796,-23.366803776090748,455.60026385549384,597.773255653576,-428.8852376100184,559.6531658192429,104.85323742357832,-507.3138117242859,692.7286656142601,-357.83329374366554,-327.4708402930466
638.3224260005925,1284.4268929746072,497.21237161817726,465.14522523696996,972.9041678722476,-50.352700056993115,475.55974126021397,548.6537105039139,-429.24225009508757,593.033158592513,33.36628885821119,-453.5156574234496,707.2036158165367,-441.79124156699083,-215.1007154089083
629.6897248380362,1270.3266345039938,477.9156755626376,474.8205625325504,953.0476515664001,-69.05308625821606,500.9534089140958,504.25098751090087,-419.22917643022106,627.0866776678749,-33.439581528149176,-390.57727352896995,711.9982071837528,-516.2492211573131,-97.79272359108019
637.2123677972991,1271.3119046825202,472.9926860751924,497.3203311443664,944.0370995183978,-75.52297414055475,535.1619551890917,467.7711321674526,-396.64516836605276,663.1634130603924,-93.66684540145775,-318.5835173588707,707.533568015422,-579.5697220836764,21.891432641810113
663.7314330963354,1289.9833108385155,484.8271865914887,534.7765620616971,947.8110403489138,-68.0528858072359,579.5532862479026,440.65964260477494,-360.82516718260354,701.4060485859428,-146.39455317538034,-238.29953119681238,694.1246707604239,-630.4267392260867,141.29441899683363
707.9617825782088,1325.101507651286,512.2437165129002,586.0759544489717,963.3901886346329,-47.570826949465,633.1255328537362,422.28201917690683,-312.8836674274123,740.5977377856973,-191.80126533955516,-151.28087579663537,671.869540387712,-667.8782412525936,257.7223027132657
764.7096356568579,1371.7953030024391,550.6995912309778,647.0306042268251,987.0354743217927,-17.486333808265883,692.6514209750555,410.03717652976974,-255.6072784980928,778.2897284828113,-231.05934032464967,-59.82185348445154,640.6059503252038,-691.4227496350858,368.5054478505134
826.0385617818258,1422.6497310359805,593.2937616360682,711.2941960880629,1013.0732144630138,17.062365391718828,753.3592563309983,399.9443443587172,-192.95794504296111,811.2316231483165,-265.98444357604944,33.28939075229363,599.9838804262201,-701.0100404312409,471.0620450742273
883.1659220724762,1469.4715130969591,632.4060720895669,771.8569012594608,1035.239674475276,50.422375384657244,810.0279998354431,387.60375177064253,-129.26301780330465,836.0381791892984,-298.5012081769378,125.17417552866439,549.6623482469197,-696.9849203502139,562.9673483369368
928.6095551235848,1505.2857669933364,661.5527251708858,822.7427336544804,1048.2085230362522,77.79694804700432,858.2215747267037,369.29174856411737,-68.28622038734966,849.9361628955857,-330.0603384271785,213.3215540301029,489.582133532211,-679.9675534035954,642.030699662932
957.9713846595315,1525.994003990163,676.9273231392997,860.424223021509,1048.86525569182,96.38153989479301,895.3092673178536,342.8753637808493,-12.441737904977913,851.3835143255119,-361.178925523453,295.96053787856187,420.2195646108689,-650.7040508184584,706.3774225860692
970.818967697711,1531.1925138887993,678.1605223462564,884.525073629253,1036.9412129145437,105.9199755168309,920.9619914962664,308.2648110909264,37.60818026057916,840.3720531952417,-391.25100154726425,372.22215041165373,342.71866915244584,-609.9409260247735,754.5255127733376
970.4045041486994,1523.9093523299466,668.0727740571709,897.601112469361,1014.8166184275201,108.51450073922433,936.976918517102,267.26627635296563,82.84818388998235,818.3178227335987,-418.691537626731,442.0377170544375,258.83997451691465,-558.3726673322486,785.4420054937799
962.3492484029036,1509.3795876563045,651.5318961413511,904.0988959232213,986.5806572182698,107.7740159818174,946.5095398071446,222.90174308291805,125.34546463754361,787.5797251063426,-441.36408677883384,505.8162997873497,170.73812705866985,-496.6811724202963,798.5653815350331
952.7691707658341,1493.3019815646726,633.8291012949711,908.8693111249512,956.6881938651851,107.60868688429034,952.9930821637523,178.44578369277895,167.43293165293738,750.773628010742,-457.14578170792504,564.0242810171085,80.65157267496652,-425.64310467414117,793.789682334121
946.4844748767744,1480.1747919215784,619.1309841254371,915.7470410908168,928.6744160572205,111.08474861527253,959.1176012608266,136.5145845747282,210.92498003920798,710.1124934023857,-464.443660739179,616.8181883218085,-9.380054054199732,-346.24954994907614,771.4193633600764
945.8761519578997,1472.233579652084,609.4945615541279,926.6433399093592,904.332372598273,119.69912080237395,966.1889203721347,98.49598454868875,256.61622338879994,666.9768704106356,-462.50841570031355,663.847728458554,-97.67663894633061,-259.7796769057521,732.1140180534318
950.6689924193453,1469.2493285146297,604.6850003332289,941.3730045015848,883.5541768884309,133.24828263109953,974.0189681629773,64.45635903424822,304.18508874134903,621.8181758488482,-451.47846956314197,704.2694785737921,-182.92361825502542,-167.79715910680704,676.8427740281215
958.56031326914,1469.1104873974195,602.7231863861792,958.1497927935262,864.7775681835939,150.23417926665786,981.2916027861406,33.471981399106106,352.4623962236342,574.3666244051713,-432.1888211407953,736.9304254522976,-264.0583663418629,-72.07784554487301,606.8588315966524
966.3289280602019,1468.8490275248714,600.844818967879,974.459399257049,845.7755212449259,168.5699782858802,986.1898510216257,4.1898917773509154,399.9006363086061,524.012808697421,-405.85291997766245,760.629199881376,-340.1134243989547,25.493518236059828,523.6909751813811
970.9550317822657,1465.675668202696,596.4649599432723,987.9388072820826,824.453214162826,186.28641124928487,987.0190220698189,-24.62153451353055,445.0392013314099,470.1953486057611,-373.7466631725905,774.3566399793024,-410.09375542337006,123.01488652668755,429.13897009356356
970.3753486778703,1457.6775076992326,587.8250432739845,996.967128105221,799.3848484830972,202.00313843837284,982.6198182599312,-53.715986436830946,486.80807827065576,412.6619455194455,-336.991992515145,777.4488336983287,-472.9333293018798,218.62160487253868,325.2584988732932
963.7203525852206,1444.0377822598698,574.1926377912556,1000.8499243610362,769.9823867174184,215.07295683825424,972.4934656241405,-83.27320020049875,524.6128614661516,351.5516760561376,-296.47536539376483,769.6339729382385,-527.5332747983695,310.5045171516149,214.32779436236257
951.1188687621442,1424.8576692760898,555.6899423158882,999.6667105069175,736.3583633406839,225.4574158409235,956.692757647764,-113.01114870877969,558.2459463862061,287.3313325894702,-252.87395613854312,750.997194317277,-572.8502677815889,396.9104835390831,98.79724920105954
933.3075628200621,1400.7996569086238,532.9571289636873,993.9694963844022,699.0528045112447,233.48647718891806,935.6135194173962,-142.3829426487211,587.7290713740196,220.67142717864886,-206.7253233676886,721.9106595178312,-607.9906309203845,476.14884305022565,-18.770350876104466
911.2983305972105,1372.78517517171,506.8685357475404,984.5302378841102,658.8043879644231,239.66169033258228,909.82519300529,-170.73347295359346,613.1924242602134,152.35037323398626,-158.4762098667785,682.9748343265662,-632.2728856606076,546.6196069055769,-135.76019790157676
886.2509870405335,1341.8809444209212,478.42741940500315,972.2501555605265,616.4694791660011,244.5927441361519,880.01756365574,-197.3482334473334,634.8452824790439,83.23435203222739,-108.47828246337593,634.9952728289325,-645.2424412650369,606.8658302312512,-249.56094226219312
859.5390233542582,1309.3611374418886,448.82673030751135,958.2175684859259,573.0775431897506,249.05421428707774,847.0508027842766,-221.40820424282612,653.0233581992183,14.320501013403373,-56.94435435727348,578.988075905146,-646.6470917210578,655.6401983515175,-357.61486505462767
832.8674643630768,1276.8143528949468,419.55249927911916,943.800325106705,529.9187810666886,254.06727008835554,812.0249967077754,-241.9277521950648,668.2454551173156,-53.21546691837395,-3.913367090581005,516.1817225407216,-636.4008548406608,691.9684099274205,-457.4666062766653
808.2676274257684,1246.134049171685,392.3777806457641,930.6341743783292,488.5360430690272,260.89121068222613,776.2685722312749,-257.76601795557707,681.2030518537628,-118.0348285501073,50.723309434851274,447.9772827682091,-614.5679239554559,715.191270724059,-546.8160569986002
787.8671671823905,1219.3003443853145,369.15993974525855,920.429441580314,450.5481998106825,270.86070266817035,741.1899658951352,-267.7605148835247,692.6446463017944,-178.74857815188798,107.1117690557881,375.84856512556706,-581.384876924073,724.9738137730019,-623.579407884761
773.4721505761065,1197.9896388554948,351.4747589965963,914.6300017383314,417.33472832381074,285.0978959501894,708.0186404428516,-270.9578024809154,703.1807385055943,-234.10383472778156,165.2680915689864,301.1998789714779,-537.31339623905,721.2815130679063,-685.9575479375042
766.1234049051275,1183.164129946539,340.2296771693363,914.0580183247312,389.7037708520361,304.2120517332587,677.5346712010492,-266.85113707158973,713.0891266755773,-283.1717777607481,224.91974773705834,225.2313841431341,-483.0915772774792,704.3362584948346,-732.5045804900999
765.8308276519538,1174.830065506289,335.43359473054767,918.70819993844,367.6953684062655,328.1248731761601,649.9085803007067,-255.51622523393974,722.2123729829683,-325.4538135172669,285.4280979319999,148.86952046426586,-419.74494679530017,674.571932102329,-762.1841761432111
771.6215054004103,1172.0887318731184,336.2405453032814,927.7972417807106,350.61947764076035,356.1108070345705,624.7303279155362,-237.57588742748737,730.0014547241326,-360.85678419650696,345.83044811526264,72.79523229601543,-348.53530608062215,632.6066247713311,-774.4011919243104
781.8958818535187,1173.4716028457674,341.2607431630622,940.0580403763182,337.3220484482019,387.0435400167902,601.2205765277708,-214.00199414459445,735.6919301588364,-389.5489597566817,404.9845677510659,-2.4420176947103585,-270.85813534959453,579.2367447193818,-769.0020083273448
794.9467665578471,1177.4220202414388,349.0116195102285,954.1567908969611,326.5692596192281,419.7456867731176,578.5348928351835,-185.83667093639747,738.5384657185718,-411.76270098692896,461.75233782694187,-76.27585187577797,-188.128103564643,515.4444465015176,-746.2472825114301
809.4308725535658,1182.727274125454,358.3260754967972,969.0623217601942,317.3936554637889,453.2976001276289,556.0355117570457,-153.94613554684116,738.0119603385629,-427.6287954116224,515.1471708016015,-148.00384024759748,-101.69929969668098,442.4025163314416,-706.7700003783328
824.6197382401386,1188.7420561613417,368.56873176230414,984.2316888055562,309.2758635667398,487.1908506432645,533.4306990802886,-118.89662408531154,733.8887881014726,-437.1049086071659,564.395603838232,-216.74181580852732,-12.848043335781313,361.4640980298674,-651.5344701502244
840.368097468543,1195.3494249328871,379.60793200600574,999.568794339568,302.11905399871716,521.2905434106619,510.7494531446823,-80.98021648759152,726.2157790809341,-440.01286781947795,608.9089248959247,-281.45889689044577,77.18626253342018,274.13504898091753,-581.8065675731046
856.8605163117853,1202.7196036911225,391.5970346149636,1015.2115079586431,296.063073273782,555.6539518048173,488.1908047889231,-40.35360437860231,715.1869243690426,-436.1534912267353,648.1996035331741,-341.067733979138,167.1333911519341,182.0364645001722,-499.13552213923725
874.2731235326366,1210.9959124015427,404.68308788721873,1031.2606800982899,291.2388539262491,590.3014369738423,465.92856468869354,2.7847317469473865,700.9944104997735,-425.4439557906092,681.7918826045121,-394.5307963859768,255.63614152884895,86.86788435905993,-405.33898216883796
892.4919872990281,1220.0389766888811,418.76412018394495,1047.5636913770757,287.5650158368786,625.0344867324361,443.9519418969225,48.05283626606047,683.7115104895124,-408.0261220414725,709.1651141783655,-440.9497770337704,341.23200092969444,-9.622470636773784,-302.4806917765544
910.9774932779167,1229.3096278936812,433.3711825237803,1063.619648026937,284.6497368095324,659.3569775009569,421.99072822196626,94.82351161278507,663.2388378885304,-384.31585880597635,729.7444328613308,-479.6218643183454,422.3774717829742,-105.66091284381591,-192.83421148211937
928.7916391655571,1237.9026260397964,447.68963799633923,1078.6139591801423,281.80920325756296,692.5056473627151,399.5328181217164,142.24846078075666,639.3158463479299,-354.98916642914884,742.9312713413397,-510.0624308909679,497.502149299258,-199.46983458989416,-78.8332078318711
944.74796305127,1244.6907300739213,460.6859360996873,1091.5453928752474,278.1741887970292,723.5582559671751,375.9112309662656,189.345030517106,611.5796575886804,-320.91979130319186,748.155416664693,-532.0023374757019,565.072984013796,-289.29237398770306,36.98558972577506
957.6200804939303,1248.518245502953,471.2861454516137,1101.3924683870678,272.8403585849269,751.574377442026,350.4261824654887,235.11088413545298,579.6478013973642,-283.09064600393754,744.9316714391546,-545.3693914264773,623.6536157850752,-373.4218860372942,152.03933231385082
966.352455622499,1248.3923507310776,478.5587032911724,1107.275280961308,265.02333639227106,775.7317392957167,322.4725427939336,278.6370879843007,543.2067535639793,-242.49907231026967,732.9125584137389,-550.2606845025374,671.9539868889304,-450.23479674796,263.75129483845524
970.2407761323856,1243.6442695363598,481.87322322713226,1108.5902625905567,254.19534514918806,795.4393222632672,291.6551652393081,319.2037411883419,502.09692496039645,-200.06843070155617,711.9369239085626,-546.9088753981725,708.8749757642365,-518.2243489027157,369.59873829249733
969.071186402642,1234.0534754733762,481.024902411306,1105.1139345755535,240.19410891245414,810.4243963734353,257.8844652017576,356.3548129244882,456.39012028260197,-156.57109906802447,682.0774108232674,-535.6431287492258,733.5564138367187,-576.0337170503165,467.1610458753368
963.215929365013,1219.9354334229874,476.32055246197683,1097.0777662762512,223.29917122796158,820.7960038780022,221.44669281802115,389.9535205613813,406.4540758535323,-112.56492401322083,643.6857469356991,-516.845475194639,745.4325562165802,-622.4884567384162,554.1743362924655
953.6767409112022,1202.1861565383283,468.61706393599326,1085.2092395929967,204.2659367025198,827.0814120694735,183.0382359480961,420.2152776051132,352.99202048158185,-68.34770773952835,597.425928777249,-490.9060112104131,744.2886793574523,-656.6285802667189,628.5963712465716
942.0559372944475,1182.2641922446005,459.29421454153373,1070.7221804406718,184.3006660266255,830.2214683724916,143.74734821284147,447.7068974534261,297.03914362586846,-23.939711358911325,544.2774673725295,-458.1844742959612,730.3013558272238,-677.7390706401368,688.6795940084512
930.4324493448689,1162.0862025729023,450.1428628106198,1055.2344822754062,164.96026967460486,831.5059976831424,104.96837308840199,473.2967009216543,239.89970573653125,20.893200245222488,485.4907649927551,-418.9886445647403,704.0402569696238,-685.3751584590341,733.0427327432973
921.1358539383452,1143.8259116886134,443.16465470978204,1040.6024034771185,147.97535711844964,832.4392030192971,68.24784032577577,498.0470795778662,183.0223389831865,66.56834746991353,422.4883357849897,-373.57868982533216,666.4163604555933,-679.3769919650288,760.726278271235
916.4438102523433,1129.6365638254642,440.3081102566076,1028.686813758659,135.02085463099976,834.5469693404865,35.08564039310821,523.0588325152806,127.83361544297225,113.57306494550079,356.72627226786483,-322.19984822269555,618.5796775875071,-659.8691666680784,771.2180005822828
918.2625548152441,1121.3505103621708,443.1951209024085,1021.096284306049,127.48347072826706,839.1630563599331,6.73653904691394,549.2971597658354,75.5706298250322,162.33181977420443,289.55049213939014,-265.13611844712636,561.7913265307745,-627.2444496021411,764.442750633941
927.866499779135,1120.2272038984752,452.90428740230425,1018.9681625162099,126.28428684249621,847.2452355523404,-15.935931154066068,577.440846026286,27.159696432193797,213.08564112630495,222.0900705714676,-202.76987307453277,497.3083147275288,-582.1365278049918,740.7231564236096
945.7591914987502,1126.8103722147823,469.86307516017547,1022.8407509149201,131.79961983177256,859.2660956845972,-32.51647453274255,607.7911395014761,-16.825893984856812,265.8130094297884,155.21886812833608,-135.63076242744162,426.31610770293526,-525.390817435667,700.7281457220594
971.6778696340143,1140.9192851237344,493.86400549030964,1032.6395834813686,143.8891732739196,875.1983518912534,-43.00115422134513,640.2567444909055,-56.12562232987999,320.2068077709336,89.59056916468293,-64.42235263569933,349.92428454336186,-458.0424373003691,645.4284513460644
1004.7162792101369,1161.754650919502,524.1783061284497,1047.7629054491326,162.00352934468253,894.5831284117688,-47.69521196775274,674.4062245718153,-90.6962309679771,375.703316444275,25.723803327442084,9.976881838904035,269.21405284530545,-381.3055641965108,576.0707480188574
1043.507400430228,1188.0674114700769,559.7132385140198,1067.2234417756674,185.3207349778874,916.6464591219705,-47.093009132632346,709.5607322611806,-120.60524359204206,431.5454369523083,-35.90285842195901,86.53482885219736,185.30645192746775,-296.5707617043066,494.16908446237164
1086.4021925076295,1218.3309886844268,599.1572505785462,1089.7960182733761,212.86272799577543,940.4227024906563,-41.784531392563906,744.8947737967216,-145.95447594840118,486.85794308859283,-94.78453143195733,164.1027189514359,99.41570303400664,-205.4007584683124,401.5012825750556
1131.5999438688934,1250.8730565303235,641.0769125288627,1114.1325892159596,243.5625884171106,964.8526285608617,-32.412532860058434,779.5192909760295,-166.85495667596354,540.7161295867901,-150.3734784364314,241.46066671424677,12.86347940412162,-109.51427092252439,300.09481090452886
1177.2168284870615,1283.9500140837793,683.9583401728241,1138.828173616317,276.28064030821247,988.8408616924828,-19.678583248521903,812.5334320279721,-183.45007833658352,592.1960474631273,-202.11063399992634,317.36434957226555,-72.95056246586252,-10.7526192792877,192.19207580430984
1221.3064702433585,1315.7724467220553,726.2096254814635,1162.4421152132822,309.7885753270227,1011.2737124936757,-4.37684931934308,843.0429128484491,-195.96526490159079,640.4007478193874,-249.4852112408987,390.58454085720314,-156.6085643214568,88.96759958816776,80.1950740055411
1261.8606121421096,1344.5046495210756,766.1519336417306,1183.4923026106642,342.74935143324444,1031.0094728051927,12.5725774757544,870.1511258670569,-204.7558253989924,684.4618107988686,-292.09504212853443,459.93111268120447,-236.7415059994002,187.7052159351673,-33.4018059478479
1296.8188393435687,1368.2647660200935,802.0255686873331,1200.4446730918426,373.7173456675192,1046.8586290782787,30.114462458287505,892.9346138492433,-210.3294493528364,723.5203240803744,-329.68412195174733,524.256100745068,-312.08129436013655,283.5358830155874,-146.0784104208109
1324.1089083106322,1385.1481748531141,832.028735375451,1211.719260819285,401.17343062600906,1057.5730957983592,47.08607353789188,910.4186216972173,-213.33129111008049,756.6976379452842,-362.1450540955132,582.4376153796568,-381.4847828416007,374.57602916030373,-255.34489834423138
1341.7296915733996,1393.2900897795016,854.3968709867062,1215.7303309203944,423.59916117448927,1061.86306529514,62.283007735626256,921.5714289396767,-214.4920900602591,783.0728976304063,-389.48740036421975,633.356317772704,-443.9294543118059,458.99088859778476,-358.7840143258626
1347.8803930739018,1390.9762464825217,867.5225747470602,1210.972911611223,439.58651012861003,1058.4572257330012,74.55628837976798,925.3364269084543,-214.54902688657182,801.6885524740211,-411.78357275274203,675.8848457471157,-498.4921815892744,534.9988998033289,-454.08416377690276
1341.1320749897468,1376.8023057415026,870.1100355052638,1196.160201779776,447.97463082346667,1046.2151880716958,82.92950161891002,920.7157540359926,-214.1533387270705,811.6028647923663,-429.1089033474557,708.9128850119498,-544.3288631362082,600.8914747505456,-539.0735690323045
1320.6280298381262,1349.8710009637405,861.3509454830524,1170.4040532203464,448.0007063151805,1024.2882848758309,86.72260055151185,906.9068047713338,-213.77891837416882,811.9972342002831,-441.4913153822589,731.4227191862468,-580.671471687963,655.0852984864158,-611.7665291023882
1286.286457661939,1310.000299798535,841.099231019083,1133.4139073698373,439.44585831959773,992.3069662097648,85.66669097513716,883.4739612929438,-213.6444556172743,802.3267089282899,-448.88027969510046,742.611988011583,-606.8504761443617,696.2122910896919,-670.4273576080847
1238.9645183515313,1257.8991537261256,810.0108416795828,1085.6719857438968,422.74962042938853,950.5542261718142,79.99078140425473,850.5175063951201,-213.66017502546768,782.4798733436191,-451.1375775903948,742.037281926463,-622.3380525068944,723.2333470293852,-713.6472310654816
1180.5340376647441,1195.2574186598804,769.6077933253501,1028.5319639345284,399.0614958218294,900.0729286867474,70.45909742851057,808.7884826361028,-213.4092112711518,752.8987259658929,-448.0468346376841,729.7339145462595,-626.7964941760523,735.5441063030698,-740.4182765896117
1113.8246558164794,1124.7022209913564,722.2300416764926,964.1935108802993,370.2014979910662,842.6592005440123,58.34015776708401,759.7011501536639,-212.1715061129217,714.6097517153828,-439.33640105914253,706.2642812372264,-620.1121565022501,733.0344006471913,-750.1838180129124
1042.414764205568,1049.5989377209041,670.8589319362839,895.5301150588117,338.5171927453681,780.7181528419143,45.29957708197401,705.2175863065847,-208.9926879330248,669.1384769464855,-424.7105701704532,672.665007358689,-602.4006077056255,716.0740690162168,-742.8482628907033
970.2897536261997,973.7160362653129,618.8285862066714,825.7874518244145,306.65041472754456,716.9968958224993,33.226502302534925,647.6166236944497,-202.79141575013077,618.3162438088517,-403.8858057086243,630.2971487910528,-573.9812840691359,685.4241569982576,-718.7440457233818
901.4269574725009,900.814608569278,569.4750567127462,758.2098472194216,277.25345463264375,654.2490275914131,24.02251475896179,589.197701505603,-192.48888416952488,564.025633003472,-376.6301109146991,580.6400382243905,-535.3338135138423,642.1023951210688,-678.5698005122476
839.3900112889792,834.2477092049828,525.7927840128573,695.6759051246618,252.7103281135053,594.9076603544446,19.393233217322972,531.9926406079201,-177.1380776453807,507.9531077692762,-342.804198862044,525.0909544887835,-487.0562941683828,587.2500394262054,-623.3243646613839
787.0113195228327,776.6503977184858,490.16456976877146,640.4203044925375,234.91616132950236,540.8401095956192,20.681129802711496,477.55449591539383,-156.03107137402662,451.41362497652545,-302.40260243330056,464.82899560493263,-429.84399335223304,522.0438961416926,-554.2593202818582
746.2119703502083,729.7708017838429,464.20664659667614,593.889173625982,225.14817088174664,493.2285846341292,28.764243172696638,426.86443423576526,-128.7696643283087,395.28412191373747,-255.59139221574262,400.77437690052363,-364.49605733205357,447.67453196782526,-472.85976864479557
717.9674261721188,694.4496467693853,448.73615184916446,556.7349095445136,224.03463685655797,452.5808192031309,44.026458561733534,380.35809878957707,-95.2941343273879,340.0441057029103,-202.7371261034988,333.6372915796262,-291.943396995998,365.38160822383617,-380.8464986929548
702.3917514820175,670.7183292646614,443.83883964014535,528.920084162098,231.60522913010897,418.83943540348565,66.38905695376639,338.03886819571653,-55.872759571402526,285.88888971480617,-144.42006814079002,264.020470781284,-213.28007839602694,276.5150205236153,-280.18157071763824
698.8944002385217,657.9658429993577,448.9995477200848,509.8810397776649,247.39422123271007,391.54069032491924,95.38503335438583,299.6285294397494,-11.059122078775147,232.8661094992138,-81.42518688094555,192.5281495652408,-129.77834365877072,182.58524988024408,-173.05844193737926
706.3629973761314,655.1245228195523,463.2574869079973,498.7019435148033,270.5676140035289,369.9742941765977,130.25675493996255,264.70840915838056,38.37390303704598,180.9910633556484,-14.7082045720486,119.84251504155145,-42.87439536412043,85.27740327715705,-61.86584414714332
723.3365850028158,660.837203543749,485.35706675689926,494.26336060371005,300.05110885322017,353.3103489860736,170.06014741437764,232.82002856600158,91.51306346786407,130.31473876971393,54.659296359435785,46.74937130451349,45.8754413375668,-13.57731283521774,50.87373262712643
748.1479032199593,673.5850078384046,513.8755952943097,495.34699964216554,334.64273495197915,340.67828423693294,213.7612591490293,203.5146672395464,147.38402779368323,80.9401862235461,125.55422444736504,-25.883095373686672,134.8564189225258,-112.06144693323726,162.58071276527215
779.0249246432552,691.7692343122036,547.3176090434075,500.6935567646142,373.0990435722587,331.19890978712374,260.31277885274585,176.3581860542374,205.0168627772864,32.99985420436872,196.85938159385012,-97.15352674045936,222.4564321193979,-208.24226972362828,270.6963455616725
814.1502839781597,713.7509593427294,584.1717567508231,509.0211375208022,414.18787180759045,323.98129949352216,308.7004269132185,150.90740427080112,263.4845643153372,-13.38537565278854,267.49797660885065,-166.18124686506835,307.10906569727405,-300.23475566008347,372.7503569234425
851.6847634116192,737.8595453837194,622.932518219922,519.0184659640462,456.70624049122625,318.1015556678533,357.95448269325937,126.67743092779078,321.9073023134551,-58.14495665493847,336.43618351693516,-232.14621610942694,387.3096088168579,-386.2459530292464,466.41352444518566
889.7698105552814,762.3882360280928,662.0976104457377,529.3317991734391,499.4706786546533,312.5824659887934,407.13112506965876,103.11795847172839,379.4255923371714,-101.28012266157464,402.6565644318457,-294.3060895613785,461.6075810172365,-464.60105221681823,549.5382753550716
926.5334499502193,785.6012028586214,700.1618817126347,538.5675737905742,541.2980321193692,306.39295057818987,455.2800444110875,79.6130848124574,435.15833455203614,-142.85963083160678,465.11840523323764,-351.990790051301,528.5915300439775,-533.7599261521277,620.1961853784102
960.129405270961,805.7784911166593,735.6354329539529,545.3323815800275,581.0031880374709,298.48353439646246,501.42428610852244,55.51474104161002,488.171616562776,-182.98722592497447,522.7304148348363,-404.5809970511462,586.8887396428149,-592.3355750691677,676.7220222550386
988.8344288336275,821.318414507323,767.1114203870086,548.3245508203925,617.4399988989545,287.8669178459144,544.5794829126646,30.213456466776115,537.4856227097692,-221.74311241714258,574.3616755395703,-451.47895596773157,635.200008572853,-639.1221191392855,717.768625597972
1011.2098292266461,830.8982578147678,793.3933259066482,546.4753890837212,649.5986990970412,273.7395425219155,583.8282923996848,3.24058914222009,582.1361937219805,-259.1071829066227,618.9054403804873,-492.07972578462216,672.3767541562781,-673.1320919953096,742.367338431931
1026.3031203665319,833.6668701497969,813.6646175662813,539.1156042155101,676.7487472413063,255.62247463111112,618.4431481637428,-25.61634180173466,621.2859184748518,-294.87872073964434,655.3894532568801,-525.7505906637864,697.5280004391196,-693.6351553813087,749.9797591568371
1033.8362317133679,829.4173895248349,827.6558369125019,526.1220127388661,698.5892966597498,233.48416231652047,648.0246011214153,-56.21500563476171,654.3549908702562,-328.61392464144114,683.1037533795359,-551.8264761621494,710.1266304991663,-700.1871628727863,740.5238812861554
1034.3137129159863,818.6789226375392,835.7498460392479,507.99276751916204,715.3539470238967,207.80258713756098,672.6062939982634,-88.00972282592538,681.1263640033926,-359.604336008664,701.703449041029,-569.6282210772972,710.0773322518419,-692.6413848572636,714.3640255160354
1028.998870332974,802.6818167616366,838.9760915978545,485.8136292377883,727.8227735865152,179.53635344186108,692.681422104907,-120.07700383814397,701.7827409919271,-386.91186537913904,711.2481459156011,-578.5062312993061,697.7185310012491,-671.1407824944313,672.2668321308438
1019.7454583866328,783.1892469563613,838.8783594281001,461.1106728173424,737.2231240193953,150.00149873374997,709.1303545538441,-151.21745385452107,716.8555980257232,-409.4598915464492,712.1615855249267,-577.9042405753121,673.7542783731536,-636.0973201116897,615.3380993576191
1008.7205932533931,762.2321828287352,837.2832857891087,435.62257396212976,745.0391153138652,120.68211845265989,723.0642106508981,-180.1111178276658,727.0988159641042,-426.1612075045333,705.1247518512928,-567.4298081280401,639.1384271028398,-588.167645701237,544.9604281565428
998.0883170160505,741.8144949464181,836.0285465651555,411.0503919274004,752.7797702863521,93.02336618007806,735.627698073137,-205.48673960502796,733.3258841980426,-436.0516652517577,690.9386784778411,-546.914488248817,594.9492893549266,-528.2328349101348,462.74690165059354
989.7276798310578,723.6566701944141,836.7159395428672,388.84323118437914,761.7636901980578,68.25543281148221,747.8133815956998,-226.26544370113643,736.2578566997353,-438.3992624378983,670.3988154559399,-516.4499150133585,542.2910607646703,-457.3849681318684,370.51470663485753
985.0357336047022,709.0225420988204,840.5357154266835,370.0565202886417,772.9631893090854,47.27857920650657,760.3271919792514,-241.65456992507444,736.4177106153933,-432.7707073326893,644.2105449379499,-476.3946516287589,482.24134204215926,-376.91820654349146,270.27131739887034
984.8303158962314,698.6391860272819,848.1778730667685,355.28966779116274,786.9241657512092,30.61395517152223,773.521118879528,-251.1880576777744,734.0843751608916,-419.0534751590489,612.9541305581853,-427.35573811059305,415.84244658641603,-288.31930553403674,164.20017102465576
989.3393645306068,692.6941391224237,859.8207866202737,344.6876801060355,803.754819186591,18.40652882468224,787.3873982242541,-254.72456477600883,729.2991711516205,-397.44250305289137,577.088911547338,-370.1539945045208,344.1189341312878,-193.252909938821,54.6342712901742
998.2539080061334,690.886606610141,875.1777394978533,337.98571242444933,823.1662827798084,10.462297243583265,801.5982516309399,-252.41760477060276,721.9073877188015,-368.40305992460037,536.9786578208852,-305.7820201753776,268.1006223926996,-93.53946467172608,-55.98739124814112
1010.8286516322145,692.5176828609737,893.5864447245434,334.58388411407293,844.5509494874566,6.309596500881739,815.5766998252432,-244.66574168132385,711.618989426722,-332.61720428943664,492.923117408134,-235.36040761864245,188.83764052495627,8.873794172408424,-165.17825819878556
1026.0252362003064,696.6169262472706,914.1355371173742,333.6513413390518,867.0916368054509,5.284476781631568,828.5904939636553,-232.0430353754832,698.0794373463942,-290.91628995197186,445.1896486057703,-160.0940540156706,107.4056202872242,111.94714422127406,-270.4699859903088
1042.6954711299563,702.1058505428117,935.8240568735563,334.26195147813837,889.8971042669226,6.642927280395185,839.8644761181029,-215.20820953642402,680.9470397998759,-244.2011547653571,394.0465598566564,-81.22880054190375,24.90799092109276,213.58703856211022,-369.4769173453904
1059.7886256151828,707.9866278719537,957.739409911175,335.5534965858705,912.1516165860038,9.69357750992404,848.701881831455,-194.79860489246465,659.9724188795782,-193.35641890534976,339.80152151155136,-0.00960192637774071,-57.515822245411144,311.6896418732016,-459.9531480898779
1076.5426453020136,713.520680390435,979.2196148503847,336.8813313884134,933.2505942624704,13.92655851588816,854.593578398327,-171.32885952227554,635.0686215632813,-139.17342369774047,282.8431499595484,82.35547681376877,-138.67331694377748,404.19017604379394,-539.8409502995036
1092.5983104233892,718.3405700801416,999.9485899383195,337.9180505692723,952.8803378642776,19.097594691291278,857.2831651351655,-145.12641275974275,606.3517892819245,-82.30298070296612,223.67463437254247,164.71729914059264,-217.3004064001468,489.1171799561536,-607.3140178172528
1107.9760851109488,722.4372442748696,1019.9339756673342,338.64813653332646,970.9999514791868,25.224040472075956,856.755250730186,-116.33673219743787,574.1295215857818,-23.258873407237218,162.92118792378483,245.98352767308666,-292.05819223520245,564.6473327263016,-660.8209187607425
1122.8900132435276,725.9954519104422,1039.3460599509365,339.2318311110857,987.7070991253935,32.470700276934,853.1317562550557,-85.01411549889434,538.8237678297552,37.517937207571265,101.2949983956935,325.0853200537373,-361.56321617206186,629.1539506219443,-699.131647224283
1137.4376882057593,729.1101380015235,1058.2510319677365,339.7637852987722,1003.0145113841266,40.94641700791493,846.4962218839175,-51.280518600973494,500.83865699008606,99.54604133763189,39.51596196021676,400.91681512921605,-424.4591029646793,681.24348553958,-721.3840070406974
1151.2755864522126,731.483320550587,1076.3317655041435,340.01045251560595,1016.61481092102,50.48177385015384,836.706433523208,-15.497157827685385,460.4137662774299,162.17857250520512,-21.78961599927804,472.2682689931954,-479.51765819109,719.7798882092632,-727.1201878638626
1163.4268092239513,732.2384757737855,1092.7222620253035,339.24460035503614,1027.740034119709,60.487657583967035,823.2796868616985,21.62863428284055,417.52447326284437,224.5210483223836,-82.16871153503396,537.7883199465981,-525.737675253369,743.9033681973052,-716.3018458980343
1172.341258307009,729.966742573611,1106.0596334120296,336.27795920226373,1035.2047245971155,69.98027375139691,805.4225375588867,59.067681017442,371.8866984991296,285.44198616946676,-141.3523210168717,596.01155029061,-562.402891314435,753.0525213987937,-689.2968261285575
1176.233199620053,723.0320694174293,1114.7763018206153,329.71891839119314,1037.6533972765155,77.79593984746975,782.2235125005038,95.64246906890872,323.0871352510685,343.69423720588907,-199.17295248640832,645.4671373619652,-589.0745768092223,746.9936632237839,-646.8405677349554
1173.5948415191197,710.0443436514806,1117.5458625843974,318.37948720284135,1033.9400630615335,82.93218684558349,752.9526744464351,130.30038520320772,270.80398186269395,398.11570120573754,-255.40801985927678,684.8482719923848,-605.5245710265983,725.8507729257692,-589.9846781336512
1163.6905907016824,690.3200444125837,1113.7137157849118,301.6761606857909,1023.4962493526168,84.88416156675771,717.353760325413,162.38400056190818,215.03504979346374,447.8355241564829,-309.61030659578034,713.1883653619632,-611.6446377245245,690.1209482643617,-520.0484345321319
1146.8307533453176,664.1419669373008,1103.537118917582,279.8599314788561,1006.5371861867712,83.83712305115142,675.8078027679082,191.78850583995057,156.23864095729,492.4015477976296,-361.001661419217,729.979847432645,-607.3792321726589,640.6606854688946,-438.58416703768864
1124.3173591101763,632.7152439941375,1088.1399699460492,253.98344100874743,984.0240374408922,80.63726266475544,629.3009699867305,218.9438768741981,95.32858343192166,531.7768212338631,-408.481767069713,735.1936907682963,-592.7135238627113,578.6387350487422,-347.35770751741836
1098.1039015156202,597.8554439197641,1069.2172899428992,225.63352771470176,957.4110026391925,76.56475378920715,579.2183452050199,244.63912915903734,33.53177905843755,566.2130808029707,-450.7512089647517,729.2019186761078,-567.7160776210881,505.46573444315436,-248.33610043867657
1070.3366437466534,561.5628159891166,1048.6347106469818,196.56147886008569,928.3010713447002,73.02078684944473,527.0622462870243,269.7758566616528,-27.82124710598913,596.0651072807855,-486.4960946030766,712.6464942163625,-532.6059450477162,422.72053588135765,-143.67105517816066
1042.9802561078852,525.6712708823557,1028.0999610765064,168.37510318800304,898.1619796525337,71.26709235273239,474.21704022805943,295.1606227949267,-87.47896605550666,621.6308798034228,-514.5590721378856,686.3133578859985,-487.8041528216944,332.0927820838185,-35.669014286365964
1017.6576811569022,491.69453597012995,1009.0207391076543,142.40077557069586,868.2009523348745,72.30935470970843,421.8411001643748,321.40993394772283,-144.35805128516574,643.077681967679,-534.0397304572822,651.0536867752922,-433.9432467033501,235.3518557155446,73.25517528523542
995.6958616466381,460.8641577761708,992.5432035057847,119.7133002824482,839.3946703147091,76.92349840745709,370.8855948656694,348.9691950333076,-197.53351966005354,660.4593125712165,-544.3131189896296,607.7585947458493,-371.83518304456834,134.339417885923,180.637640199718
978.2433029405122,434.23697233643475,979.655505615599,101.22951586436186,812.5775922512759,85.73870550378973,322.1651665101647,378.17923320047043,-246.18367871882504,673.7763614276656,-545.0008458667653,557.3608136747716,-302.421334861524,30.97237890355089,284.03055221390275
966.2831090102884,412.7092238418044,971.2030040004746,87.72531750318463,788.4595413934967,99.2605729175047,276.378498128571,409.2981400003175,-289.56854563598176,683.0100403098184,-535.9493992829554,500.82500332485836,-226.73685428131668,-72.7610580460517,381.0649531671241
960.4327702122288,396.8358205336644,967.7194750527769,79.68722558494397,767.4916431947199,117.75966555864551,234.01264962771836,442.41702876562385,-327.0963142024408,688.0820811759321,-517.2553030440682,439.10131025105784,-145.91244405099772,-174.8266915545123,469.50605243989634
960.5687796539457,386.4882008362772,969.105309128861,77.02486671970814,749.6054611590216,141.04473692945902,195.14657692398217,477.28125018044346,-358.47096272338024,688.7471294069303,-489.3360253658061,373.04568782380943,-61.215037810688614,-273.1960445822314,547.3005029553156
965.4660247319235,380.5247190546544,974.315443704849,78.7913181604554,733.9597598075015,168.23828761681006,159.25531284978217,513.1071049178315,-383.84643111911987,684.4814437489092,-453.00152494131237,303.3401016147466,25.895704615978644,-365.9163442995275,612.6200375240544
972.71521164178,376.71604857458624,981.2843415648041,83.11794826943338,718.882687984433,197.72139606341761,125.16052587809168,548.526046569835,-403.87565821215844,674.461024624704,-409.4577794368963,230.46184510936868,113.73562695009402,-451.1782610981393,663.9080823735076
979.1222432152152,372.1144596601534,987.2655894019495,87.52580316286526,702.1557175219674,227.38004077915127,91.24470202687665,581.7648985607847,-419.5618115439239,657.7033871999827,-360.1855650992319,154.74484901162236,200.43080675666695,-527.3564913477055,699.9333060629525
981.6060425665338,363.88346394079866,989.6028787260842,89.62925176911662,681.6524715879191,255.1682199412623,55.94522373871254,611.0806734029433,-431.89573230717053,633.3813540416162,-306.6848775843852,76.54557907555707,284.0404438407463,-593.0075358133745,719.8466150920812
978.3652186627594,350.3767467999015,986.7364306283183,88.05330842871842,656.169754714199,279.8467314467259,18.406998264977915,635.343832672544,-441.3706759558532,601.2290845729193,-250.14107652006336,-3.5204842025047185,362.75123734713117,-646.8312507417097,723.2294500466664
969.8902580622744,332.0751048460348,979.0800506532697,83.23136887812129,626.1487747061615,301.6304999293212,-20.94104724948339,654.5595653483592,-447.55463919436886,561.8900485352074,-191.12483625064246,-84.35140263644931,435.0844356972006,-687.6277195570476,710.1171045848996
959.3615105268833,311.9549571365302,969.3702917531114,77.71900511287032,593.9572703484095,322.449783044538,-60.1482993950915,670.0891586000157,-448.92288881312606,517.042342904032,-129.45499380400975,-164.24167779918557,500.0330251005808,-714.2927655801776,680.985374734518
952.1394571726297,295.0149460633618,962.2311811551617,75.78953891897515,563.5215769188559,345.63298937419285,-96.01866746482807,684.4114511674892,-443.0842770499292,469.1961542792861,-64.31500759160474,-240.95634639852187,557.0600188752317,-725.8825083571312,636.7011801352971
954.3765865132624,286.98638647166905,962.976958943832,82.33305499928588,539.3293713720459,375.0242449497759,-124.89394200613492,700.4287178649936,-427.3921765871674,421.17511491097395,5.372477314872697,-312.01366433104175,605.9411741082929,-721.7426158269768,578.4514582384741
971.1333957184594,292.581880050327,975.9821949367936,101.3619781911932,525.0780723071795,413.77705824236193,-143.73221144978876,720.5077472533748,-399.77148231239767,375.4212527818529,80.41033287537573,-375.10958519598586,646.5054217951689,-701.6595279511231,507.67167642105073
1004.6122056570247,313.85224807536065,1003.1506923937903,134.61102685161984,522.4100681369698,463.21721214774414,-151.13000395559718,745.5729892678203,-359.4885872705953,333.345630215002,160.80175907586622,-428.5501650652523,678.3785223004452,-665.9718817250468,425.9917242709138
1053.1251113382964,349.22526617797274,1043.0182332703046,180.72135157004652,530.1766932391788,522.1725309274476,-147.92938088590083,774.5742950447711,-307.5918640579954,294.94481668233004,245.41629191566147,-471.54229305696026,700.8405429742163,-615.5930376031105,335.20534335504465
1111.1780042549774,393.5821056473092,1090.8213860607093,235.31110307043576,544.5024863302253,587.0174560273324,-137.1838455395294,804.5299394343797,-246.85893966706863,258.81590484932417,331.96769939814817,-504.239868747557,712.86060818301,-551.9332410171314,237.2567352296673
1170.675190071585,439.37630774250965,1139.5369561439454,291.93342827755123,559.6489560372647,652.4371351652215,-123.47580900458716,831.1465927670304,-181.2578976281576,222.56685180672326,417.3178170560457,-527.5323403567463,713.2962851988706,-476.75132963564215,134.23118468049952
1222.8801492738776,478.45675820291257,1181.5763380314531,343.6298743151655,569.4133307560962,712.6778732656603,-111.79386634730442,849.8243568850844,-115.09086408443113,183.4908335566919,498.01186340414966,-542.6552627231927,701.1782268017265,-391.9893472688287,28.33764279459416
1260.5465860205722,504.05018238225415,1210.6273437314671,384.6135329413555,568.6426963158613,762.9089991748649,-106.30737962970142,856.7422309431222,-52.077818823218934,139.3016007661024,570.8832310754983,-550.7583242579905,675.9745431194585,-299.6396672230015,-78.12235781640844
1279.6278676331676,512.3531551583843,1223.1317871719189,411.614890950936,554.4444170006743,800.3189224022719,-109.37875649273897,849.7222169352831,5.370073426859221,88.73153910107534,633.5611165634729,-552.5651150969534,637.7515347687004,-201.6696914578103,-182.79806198787048
1280.15730519768,503.3550048690946,1219.0478586864624,424.5725067599336,526.8091029240579,824.6879626938788,-121.04587496591131,828.6720701064723,56.52733750496452,31.861730128408794,684.7659902857758,-548.2083969139803,587.2005832206606,-99.9995147782756,-283.33979132223806
1266.1707138410773,480.77200360960296,1201.788259174677,426.5725868053902,488.5618727168477,838.3592998107196,-139.04562309486525,795.5533550614632,102.34335358579546,-29.852521399883656,724.3570032771222,-537.2531414760224,525.5553869510157,3.492093185836069,-377.45100264219155
1244.8000766726097,451.21183848616,1177.4469756706699,423.14353007516604,444.7377523303985,845.6916751731181,-159.30295381269303,753.9504292959828,145.1097183344831,-93.81643432547658,753.1666782596769,-518.8601683369825,454.4542748818833,106.96133307163234,-462.9398795604918
1224.8189292883098,422.82779065114585,1153.5569044563551,421.1277495730601,401.579260916056,852.1698496581406,-176.72656143745553,708.3848222119307,187.92349028251414,-156.70504793751402,772.6964343074071,-492.01771742206944,375.80008277514725,208.6088167675624,-537.7717382160769
1214.9459651480909,403.74580330836636,1137.6404291514336,427.3690324853006,365.36654646276327,863.3597989423961,-186.14257593830516,663.5213587708026,234.06024436192183,-214.9621503587198,784.7465054128911,-455.7792354355562,291.64331552811143,306.70181334287184,-600.1255180062327
1222.1548149743844,400.4934360923678,1135.762455260105,447.40381315213244,341.2447393601142,883.8539801070715,-183.23557143012187,623.3730855064198,286.33482361972256,-265.32907224877164,791.030213457041,-409.4778819905236,204.08151232183894,399.58994298348824,-648.4567374343815
1250.1667056856518,416.59416902408947,1151.2332696934907,484.2869520394131,332.16205113702244,916.3059617434019,-165.40832610879707,590.5719499650161,346.4943567124876,-305.36578125287554,792.7997509889267,-352.9184032389903,115.14790139079685,485.69081504734686,-681.5651600312618
1298.276517517507,451.46709406179946,1183.5873674267302,537.6631990950028,338.0170628473783,960.6417911247006,-132.4835584527116,565.7623724957871,414.68438683033474,-333.92502431457723,790.5081648531127,-286.55586353544663,26.667028333230007,563.4351960463466,-698.6591513895877
1360.691519569109,499.7997088332564,1227.992349450879,603.2220945503575,355.1409095532812,1013.5636465509182,-87.14679886128528,547.1994566973267,489.0581636774025,-351.51288254651087,783.5526845816106,-211.65317191082295,-59.91683901166837,631.1883088538624,-699.4032245832964
1426.6025108083625,551.5999804610268,1275.280671140534,672.7113415658937,376.2770326317202,1068.4989495486047,-34.99676372285279,530.6674112773308,565.6381316135462,-360.43611029769903,770.1710930035232,-130.37734744578785,-143.69478865072162,687.1918030634682,-683.9344325211247
1481.189742471299,593.1183743580251,1312.7848565310608,734.6750014907849,391.21581327030344,1116.1459409479867,15.928248878595525,509.8372299976388,638.5501624257469,-364.6296773750081,747.5691034881156,-45.770849693689286,-224.36175613473344,729.5818376466659,-652.8395377028695
1507.6396612632113,608.7133342783817,1326.0484130443201,775.9860817479176,388.1548959492771,1145.6877543319476,56.20960073772682,477.12633556004334,700.7059227588794,-369.1012077275478,712.3237762982219,38.460142450046646,-302.132686486097,756.5202000010307,-607.0968145936192
1490.0167671857578,583.5177824796286,1301.2830735260363,784.0603463142781,355.68979839578424,1146.5924335389,76.61867476817292,425.00735465977004,744.9051800973921,-379.02229410969403,661.0380508157598,118.35761608393994,-377.4813541822113,766.4307139692339,-547.9982481089681
1416.5629529284126,506.5100782855326,1228.2055262261238,749.4216970364101,285.14066235232804,1110.7308021487763,69.96130015918305,347.57268740665353,765.1983360545219,-398.6113151306263,591.1387720142093,190.27719130574482,-450.74121946848453,758.2825578018148,-477.07298576562323
1282.7845773275928,373.39377541864593,1102.7013275682793,668.1197455237918,172.76312355057317,1034.3969161655668,32.83195883473081,242.048946845548,758.2396915680321,-430.04341463218424,501.64921914490554,251.4996727441485,-521.6691156859496,731.8322393438018,-396.0279044724046
1093.624417680284,188.63014934878737,928.7083052426833,543.4488716414902,21.34032628282828,919.7687871235323,-33.12408405211977,109.91750774118353,724.3193286313077,-472.65099556602877,393.75340816026136,300.74832314308816,-589.1030103307696,687.7441256698289,-306.70892169143343
864.1398746723517,-33.91761418233793,718.8195895387632,386.51543568788077,-159.26196080637118,775.4263270404945,-120.76869656805817,-42.645977635378614,667.8065409910405,-522.6270254919476,271.0095913743643,338.48002471110715,-650.828909851909,627.5527188822408,-211.07454194018595
618.3923468712562,-272.0050795068756,493.3523647930608,215.42256978799318,-352.79427054592946,615.7292727742806,-218.01114952882983,-205.16417142189437,596.8581568414949,-573.3294030719348,139.1493694708072,366.86519393143544,-703.7135977544025,553.4869665030112,-111.1681314434327
386.61527425575156,-497.6294682830414,277.94192584367767,53.125231932011985,-538.5353235899379,459.0950068662934,-309.28649212201816,-364.0599548623412,522.4030817559267,-616.1464283182687,5.4889455114115435,389.4398604965179,-744.0818027206598,468.2203829400049,-9.079972844429648
201.0717312992798,-680.871293938994,100.01589233944198,-75.72620570281032,-694.1321799037084,325.43837339052925,-377.73954377883575,-504.48292844260027,456.5640258509536,-641.7648234229987,-121.94708771341226,410.4827683942105,-768.2485712305618,374.622010064979,93.0990839959572
91.25724491133037,-794.3436441708695,-15.288165737944922,-148.4492534936946,-798.9124710711949,233.19068615965128,-407.7561749641403,-612.4640701464026,410.7827060624576,-641.6128661383942,-235.44747090128567,434.2238423880781,-773.0836419355007,275.5611594803227,193.32040007419977
79.21172078041546,-817.5394634581303,-49.108885903143744,-147.91542786592478,-837.1392450707037,196.38001318495515,-387.43646153052873,-677.0559480241094,393.9601100932912,-609.2388551869849,-328.6308374156898,464.01977324790266,-756.4916467136002,173.77870216714962,289.6016040560928
175.6798860617999,-740.3927810804635,7.877238334807203,-65.49683268927555,-800.6984725018016,222.23457339811227,-310.62710102865293,-692.1288552027121,410.912213310253,-541.4162444198864,-397.3196180526136,501.6376000841839,-717.729758046762,71.80187584532803,380.02329115473333
377.73153070095583,-565.4904768064686,153.43494962811127,97.09059651208318,-690.7981386954206,309.68674219772765,-178.2022365460908,-657.5478812738016,461.3878190334823,-438.8206127687046,-440.1555700690079,546.7714773978875,-657.5330055629062,-28.133675903147605,462.7036815779587
668.2542109110358,-308.5543611990542,373.3363078119207,327.36132018974183,-518.391280980685,449.02945477698506,1.6166556775697245,-579.5360818221445,539.8137886069296,-306.1840235970012,-458.86436071063446,596.8848818612729,-578.058035888196,-124.17616217792406,535.7716647714667
1017.486487378785,2.963694858142219,642.6534716671159,603.1829951105798,-303.1972683762458,622.8258562426349,213.99073775647082,-470.12645704691715,635.8346415300648,-151.89303111027738,-458.10334249903923,647.4234408279234,-482.6784945818322,-214.95222125257226,597.3671970416672
1386.4854242572378,333.08104831420957,928.6879015241742,895.3731921899041,-71.37843957856263,808.0064764691824,439.19771351639116,-345.71928726646456,735.6053631750352,12.941000670612652,-444.865619470534,692.3863917120792,-375.6699280751483,-299.61915520094425,645.6942071928271
1732.1357500773242,641.9220289416843,1195.2055220996206,1171.4786817009376,147.87453512924492,978.9149270353272,655.179526134246,-224.8905243845951,823.6846608089618,175.8436131312937,-427.47298723478576,725.183529567198,-261.8172527562442,-377.8192320004193,679.1341241397004
2013.0404918771253,891.1871794940952,1407.4208974318572,1400.240455208217,326.4033128405605,1110.8989785937445,840.5731109074082,-125.73180732565936,885.2708064196222,324.60562430404514,-414.2698767811409,739.6478991804344,-145.9739396651181,-449.5030434752001,696.4032629084574
2195.432171743309,1049.653497220362,1537.0005181650988,1556.0901200759192,441.1899941899904,1183.9166671947285,977.7812032283834,-63.119028909138294,908.4407657178948,448.95094872498714,-412.2146953310966,731.0336731852971,-32.60627646153824,-514.6398122744491,696.7149426350371
2258.1669566827686,1097.8258592608806,1566.285875881199,1622.9592508002806,477.8454330157814,1185.573919615881,1055.5895232495639,-46.367692400230055,886.0196991332784,541.9817353873899,-425.62456136796607,696.8169435503637,74.63196754954532,-572.8894298520579,679.8984695486427
2195.95617896099,1030.9413898522907,1491.012601540211,1596.7500053789277,432.8665921837249,1113.064152249716,1070.8768981272378,-77.70469379191533,816.7451244553447,601.1508383392991,-455.33248132196104,637.1455719151853,173.23716103054622,-623.3442922703967,646.4380681926923
2020.2569469804337,859.7804259110936,1321.031284185308,1486.0200445258633,314.24323091789444,973.6504020123109,1029.1039891375474,-151.85537999233338,705.5050791431402,628.579897096266,-498.44675336242994,554.8532700821224,262.0463262735771,-664.4382213752126,597.4221828158562
1757.6404731766904,609.1163916532472,1078.8797817112352,1310.7418656795792,140.2868842829152,783.5879465134345,943.4795957070589,-256.83623247222,562.602011760446,630.6544381419484,-548.7748480714022,455.0464314292179,341.2345607437435,-694.0665373875277,534.4250729672763
1445.8952769241826,314.0551901345346,796.4372517062955,1099.335458257414,-63.12208038506202,565.6685356385462,832.9394327455022,-375.8128585139357,402.1790878981926,616.9565051822724,-597.8285608583657,344.360601188351,412.10083134124693,-709.8894128742052,459.36321004726824
1128.5036169714128,14.8743792711036,510.21751556682375,884.4649798612304,-266.40017229251464,345.8063630278248,719.2738966819614,-489.6920472274579,240.0933294203074,598.70801183346,-636.2100452423693,230.0387837325455,476.6594776273231,-709.7321735390844,374.36915017564024
848.378249658426,-248.79960952670797,256.06712065698264,698.2775418400295,-440.60252419724526,149.2306609683818,623.8694385499243,-580.0064620470155,91.5982269853684,586.9732491558433,-655.1185259039312,118.9941917077291,537.0930029052854,-691.9740849972584,281.70674954008643
641.8303721930207,-443.57005800085733,64.09536407743326,567.8232322143778,-561.5601234468012,-3.115861434426506,564.5704211935962,-631.6298016689099,-30.797704140591634,590.9010777875092,-647.7180881667138,16.994004299790845,595.1562294244517,-655.834897825708,183.72489319934377
533.6651421289671,-546.778744702526,-45.41036525886145,511.33817066536983,-613.1982679902976,-97.43734155885721,553.1320951809133,-634.914022707208,-118.98499669093843,616.2788664556074,-610.1530954750024,-71.94205577130288,651.6442511996472,-601.5124392057337,82.8263938178867
534.0986906859996,-549.3147040306918,-64.51027332872317,535.9198415000885,-589.5708466949166,-128.8050690980591,593.6349830860938,-586.9465514775568,-170.20086256931336,664.6240226173027,-542.0710353856848,-145.87641231212044,706.0366966702559,-530.1739302630524,-18.576031385989936
637.8993014320207,-456.36388034007354,1.7448595176157653,636.9037411390908,-495.3482351203888,-101.52170009050033,682.0817234495297,-491.7655273274775,-187.16291033797012,732.9576533410903,-446.5985853767481,-205.0028577831646,756.4022443012841,-443.83992046514345,-118.13271481554165
825.8169125016309,-286.0499736238034,136.59217791110265,798.9918940500538,-344.72828285063326,-28.11733927874917,807.2170236258605,-359.52895786373193,-177.3988195833874,814.2964392697888,-329.8040486822193,-251.4171204572858,799.5936490152278,-345.21237730178785,-213.65296245444915
1068.022073483835,-66.22804956380759,314.51022495860843,998.9194932438136,-158.97376611440734,72.8333485830988,952.423010053575,-204.79141858772644,-151.89344415872182,898.7795905333724,-199.75645444798164,-288.63873258458415,831.6987380896409,-237.48765094413955,-303.1974311254142
1328.972377400074,170.03209506920612,505.3508939620738,1209.2113338581016,37.01333394674825,179.7100911540574,1098.373538525091,-44.17848127605936,-123.26965295823481,975.2393346740141,-65.34735771093273,-320.9397877926746,848.6554526752296,-124.17085195537868,-385.13213760267286
1572.9064223882133,389.53631762977557,678.9750145360772,1402.4109929977622,218.52155482640768,271.1773165812663,1226.0096468638526,106.15748518740958,-103.7864400181311,1032.9462248442208,64.93167883007902,-352.56548651380007,846.9045292205835,-8.886576330677883,-458.11895635198505
1769.0739050723196,563.8086477799745,809.6436864235836,1555.0950111445388,364.64308476029083,329.3133841178394,1319.3475666378354,232.88451937423838,-103.46667299996454,1063.2298175816395,184.06650401669515,-386.95944621737107,823.9498958859339,104.82429044942847,-521.042605170481
1895.8723314653178,672.9197782676947,879.4719363771565,1651.032010118752,461.0948397387451,342.0472770630006,1367.6646493339326,327.26523268215954,-128.64803079501846,1060.6990263212838,287.29456105420826,-426.12285635013836,778.7241553019669,213.71742874599948,-572.903935527713
1943.2739371747766,707.730775984328,880.4316551564182,1683.0112334274772,501.82266593599536,304.5401138032303,1366.7262408489055,386.0898160385086,-181.1810062223003,1023.8635320901719,372.47144113708583,-470.2285919585541,711.7068712027585,315.03930298048806,-612.7289998718968
1913.2509232433297,670.2802838427393,814.6638460374548,1653.1165090652023,489.19262168702164,219.3432311819961,1318.8974349584525,411.6568055206702,-258.385567475158,955.0749080240378,439.9946643128033,-517.5727775175445,624.8026866418809,406.6589792595045,-639.5413579273036
1818.2724436455628,572.380690049196,693.1666942243089,1571.5062909026249,432.8311022158987,95.38377412485956,1232.1898092221172,410.8644180164982,-353.7438695149735,859.8388477538226,492.32504926388293,-564.8808664271702,521.0374476352274,487.10086331751944,-652.4200970165095
1678.2741582555257,432.7913165099501,533.1997567628703,1454.0168496795693,347.40705756775185,-53.97390040461086,1118.4798986895516,393.62968048544644,-458.17779836295335,745.667558467841,533.2156120267405,-607.9076401710875,404.1588625818184,555.4709056363772,-650.6289193874665
1516.729296040334,273.54861238925366,354.9347272258552,1319.0844501913868,249.8106823457681,-213.40414747543878,991.2655940929064,370.9573596736676,-561.6628334631031,620.7170122335941,566.8071466128747,-642.2019809425877,278.22741698898596,611.3046062998127,-633.7704345320091
1356.5489974620853,116.12770927604812,177.96552476524636,1184.557760110053,156.25080643318978,-368.18545721288217,863.3780327005802,353.0184749057157,-654.8813083506261,492.47222490869234,596.7652059357279,-663.8693319696347,147.25832731067726,654.3871418432859,-601.9100733904959
1216.5081245260365,-21.914464528868926,18.264999516081787,1064.9420048779245,79.76556183916838,-506.4253976460226,745.03814660143,347.56628103678105,-730.6257320813215,366.7060460564038,625.6093146999989,-670.171011132095,14.941403109660826,684.5935063195783,-555.6301217364083
1108.7487552514854,-129.2918347359734,-113.94224110666488,969.4974443523823,28.53093230948724,-620.6010498210597,642.552955908506,358.92747284277317,-784.7228219290521,246.8594094752766,654.3294260533775,-659.8487541553242,-115.55861553340515,701.7761088010957,-496.00681235444677
1037.6875493529712,-202.02053987730247,-215.10713793662134,901.4342899005101,5.183838513887707,-708.2068272890386,557.8115026730371,387.6811543320668,-816.3477649854303,133.8990286325303,682.3170845286137,-633.1379085321337,-241.7219349314004,705.7060153638259,-424.53466249993346
1000.3861657233844,-243.06055788814754,-288.0218211603785,858.2395530499127,7.183138294752723,-771.4640542664833,488.5927745625346,431.0072784441703,-827.7151367596155,26.626110793599764,707.5825220474746,-591.5080150968937,-361.7012707405236,696.0653746639887,-343.0368012019016
988.1850956404453,-260.7467278806058,-340.3821552222115,832.9764472365837,28.049712868661572,-816.2090861108182,429.5642875957772,483.57682585388443,-823.2449267971515,-77.65072725334039,727.1963923794156,-537.2233776631804,-474.2344564386243,672.49182445592,-253.59269649917354
989.1984241934085,-266.3893454016962,-382.58663858075226,816.2466015366406,59.187909853290336,-850.2129848141286,373.7483953119434,538.7843183891437,-808.3900189520318,-182.20535476546672,737.8814142413166,-472.83937018682656,-578.4333434470763,634.6788406601459,-158.49206094584017
991.1528560301794,-271.54459427989053,-425.2235712538956,798.4194397461209,91.91517636190912,-881.2747418779121,314.1725139398111,590.092241758219,-788.3628853641126,-289.90246391239475,736.6700139067907,-400.7452596484509,-673.4822772032471,582.528189823849,-60.19919442954344
984.0378949842456,-285.47992530356066,-476.7287731285629,771.7163149916898,119.31968542366212,-915.4586878268873,245.40145647981603,632.2603021045715,-767.0082449770573,-402.3000183907187,721.529067881361,-322.83867376125124,-758.3295316457461,516.3321751673966,38.70144645801564
962.1040552120279,-313.29434576131234,-541.6452535822506,731.7833261756443,137.620326033979,-955.8103947207749,164.67549400587313,662.2625100115497,-746.0336853022466,-519.0233869089858,691.8374160474582,-240.37740841448414,-831.4802365600215,436.9447107813399,135.60301223828435
924.8827274702154,-355.0146965364129,-619.7937554210213,678.4868190922099,146.8074821936704,-1001.7873366036531,72.44758776385333,679.7481114190697,-724.7349778297804,-637.5555045161735,648.6041508705079,-154.00817492956133,-890.9765922409001,345.8927139235891,228.02011394348847
877.0860164168045,-405.7964651340878,-706.4839281565446,615.8097420687826,150.48253476344246,-1049.4930183110791,-27.774633143051858,686.977411804784,-700.2473889461385,-753.5088334213327,594.3528568536598,-63.9299947154488,-934.5848629878678,245.38714779993518,313.7514055938133
827.4571449672824,-457.13709698746135,-793.6836105933482,550.9002777685015,154.9703067630226,-1092.6303673921718,-130.2346064810083,688.2561451473492,-668.238966447419,-861.3307015409715,532.6701665614436,29.873958727643526,-960.128985586897,138.2137750293175,391.0097135045487
786.84943506516,-498.7996071537233,-871.8572552914526,492.49780419901333,167.92351265278623,-1123.929523909102,-228.188893667275,688.9882478282532,-623.8655659509876,-955.2758685697298,467.50660268667895,127.39893924989224,-965.8556108778563,27.513207620225273,458.46630465914006
765.9660865950086,-520.9964239241374,-932.0369252167937,449.09229440575257,196.7354594598712,-1136.7017135732256,-315.3280413590542,694.5434882248945,-562.7599262678065,-1030.402126790655,402.39149577586466,228.41171358788193,-950.7094775383839,-83.50562938172072,515.182993700766
773.2451487464884,-516.346303778052,-967.6501828702931,427.2192825276056,247.09595682860694,-1126.1603872099472,-387.0267693184619,709.1699422015876,-481.84520188938166,-1083.3406478357597,339.753190170339,332.2780240903464,-914.4409876723105,-191.84301032118367,560.454651789391
813.3040037003262,-481.2076936893534,-975.7173002092187,430.235625016988,321.9593942070591,-1090.2394301740617,-441.15041123816223,735.1611363052665,-379.83921351386283,-1112.669164020966,280.5098921801638,437.813348108113,-857.5381567815386,-294.8892518943885,593.6319981106967
886.1934773164091,-416.17726965047154,-957.2157633648651,457.7834092966311,421.07108457668164,-1029.793204082065,-478.2707990173175,772.423045977285,-257.41655316000146,-1118.8452433531916,224.02587622562692,543.1601845225462,-781.0426166841302,-390.44719507856576,614.0123231522048
987.5187718754833,-325.75195095568114,-916.6250405973858,505.98316049282084,541.0679363395078,-948.2254857994632,-501.2971131567561,818.5006491121159,-117.0789865251088,-1103.788254901642,168.43620615654527,645.7293957797168,-686.3487352999219,-476.6020718210137,620.8591093730505
1109.3269463361214,-217.3166101013688,-860.8382585511674,568.256343401626,676.0750163515572,-850.7089957705198,-514.6582728846579,869.0407880848798,37.17913164447606,-1070.2825468698147,111.25538818329255,742.2700533493733,-575.0830685832109,-551.5275958380079,613.5507949465832
1241.5643817231396,-99.70657352226512,-797.7222550885975,636.5864855034686,818.6720061959048,-743.2008248770647,-523.253476415907,918.5990576140887,200.33492998631272,-1021.3856024704064,50.11953784800568,829.1233550131928,-449.1183139916166,-613.3668284778046,591.7959538493722
1373.8542615579752,18.381019292483558,-734.6294737807507,702.9803869745647,961.0823864735588,-631.4459469126643,-531.4113576398324,961.6429839785903,366.88725727325243,-959.9721429586323,-16.520600444402476,902.6621652329376,-310.7041040917438,-660.3003727243159,555.8210435089268
1497.301336218847,129.8546270452839,-677.1433470658832,760.8657853692182,1096.4145014840976,-520.1245653706341,-542.0765680764238,993.5606189501004,531.4675469767961,-888.4628399581233,-88.92925028560768,959.8372153163721,-162.62205953953247,-690.8121184533136,506.45295306280804
1605.9925792166375,230.3126617608384,-628.2933575619531,806.1545244389905,1219.7491253596606,-412.2645417103698,-556.3877263013687,1011.4612724608918,689.4676037842507,-808.7152350970075,-165.95802964888367,998.6818175047861,-8.231562130457576,-704.0364012628364,445.0701983611471
1697.8616575547671,318.5188681991467,-588.40239708444,837.7308413200186,1328.8465298282615,-309.0089216660084,-573.7290586486317,1014.5720575723911,837.5927653760439,-722.021422014567,-245.2918148171243,1018.6059418209227,148.69964186878866,-699.9979362846511,373.45437379432803
1774.6722047254607,396.13717259766054,-555.6109973636005,857.2210127602398,1424.2777163963558,-209.78401018292874,-592.2344575315694,1004.1070895219973,974.2035260782341,-629.1642853497381,-323.99396349863844,1020.3547476680001,304.3828286977347,-679.589740216322,293.60908756901614
1841.0690922543254,466.7589689674992,-526.961788242594,868.0680534995327,1508.8942798985659,-112.84216582631089,-609.6107971224739,982.6136402341253,1099.3063056917795,-530.5130373168395,-399.1884162850529,1005.6054943547646,455.4786691821583,-644.2630867971003,207.61460902444378
1902.9056141392434,534.4542818317332,-499.7618027952604,874.1344085313164,1586.723042444079,-16.06394438387389,-624.0554717712594,952.9509188145632,1214.1192242990087,-426.16416587168084,-468.6752543152223,976.2966975421666,599.4217078836,-595.555913030968,117.55866059256178
1965.283325206858,602.2353284455988,-472.8358625898393,878.2135318497812,1661.5480786191513,82.17257802348098,-635.0064469447663,917.1808215649182,1320.2628485051298,-316.1385660817348,-531.3006293515258,933.8821414097292,734.393248634349,-534.6754267689855,25.5433670832017
2030.8421044956106,670.8626733887869,-447.29833963643523,880.8770957263545,1735.5534031688512,182.27574198184305,-643.5051514845471,875.69544083405,1418.7665938847256,-200.62766810980645,-586.9863304989583,878.7447956079311,858.8915400937177,-462.3293020041705,-66.26805648110543
2098.7625984130395,738.3214459207851,-426.61486465993664,879.9888559029722,1808.3960386590109,283.05925450274077,-652.0686125358402,826.8481705638303,1509.1797604886378,-80.25205249306237,-636.4400008641542,809.974845793523,971.0666113818886,-378.884498452159,-155.62172400026807
2164.7179008701237,800.0818216180852,-415.9545819828116,871.0076220791009,1876.957841358176,381.78202318428066,-664.1220062702005,767.2064348516992,1589.0820855450875,43.72763954993758,-680.6728438074517,725.6160772847936,1068.1496402450402,-284.78701730309183,-240.21445424548057
2221.7224045225926,850.014755250736,-421.0631351287036,847.954861632126,1935.8265197447424,474.5748256937155,-683.182901429852,692.3508405972606,1654.1852263903459,169.31165914471632,-720.5095957815087,623.3394448224664,1146.3103290095364,-181.0679492970719,-317.83077066186024
2261.5798154726967,881.6522621516879,-447.0289492368865,804.7269450120477,1978.350479194317,557.1184921411676,-712.0620218024827,597.9732431863557,1699.0323114563234,293.818437443417,-756.2644623041881,501.35293910782394,1201.099839015103,-69.72913340525633,-386.5506358174975
2276.513428721371,889.4267348057365,-497.3143076024272,736.3588803066344,1997.9695318096653,625.3919675788463,-752.32089123367,480.9380412255893,1718.1055419537647,414.10769079564085,-787.6792427298087,359.25612843130517,1228.36244484074,46.153189080246875,-444.95225239444636
2260.5986720902347,869.6079645720326,-573.2786440033914,639.9191186145777,1989.489944227733,676.3315886152095,-804.1087165267472,340.00359181935715,1707.0213659701792,526.9430323480013,-814.1035176778468,198.54556837415964,1225.266771352474,162.66796542750762,-492.21172314831836
2210.769914866497,820.8285734670812,-674.1994842973271,514.8943887262392,1950.0459128328725,708.3160432884424,-866.336851911537,176.04241406914525,1663.4805079119103,629.440286220691,-834.7888508697711,22.59249457256817,1191.0378523072209,275.5886656050304,-528.0308456542582
2127.34580526578,744.2515910466763,-797.606055896834,363.11816883133315,1879.6180891109107,721.4659179275698,-937.0176707665175,-8.21330490001992,1587.7409485203543,719.525850891923,-849.1211235433846,-163.88742009381428,1127.0969103697944,380.9974975045463,-552.4026119064363
2014.111479976446,643.4952128618949,-939.6826979021653,188.40719264528363,1781.0893088615844,717.7710956704202,-1013.5674850008976,-208.72780419815,1482.5387982074053,796.3064310938889,-856.6572902454474,-355.6539487690569,1036.5672812770888,475.78576130612885,-565.3129207401721
1877.9753561146374,524.3630151668831,-1095.6017404702698,-3.948439513634156,1659.8625071837328,701.0195148976919,-1092.967718105662,-420.80326774564577,1352.5244174708241,860.2325245574484,-856.949476731925,-547.7283755004348,923.357173994205,557.8408373835774,-566.522379006209
1728.143040627315,394.30332158059963,-1259.8324597191092,-207.80100709050535,1523.063493766917,676.4411131407172,-1171.8352930612389,-639.6498589421343,1203.3686924293634,912.9472029617348,-849.2693661951124,-735.8627457049553,791.1742917510286,625.8622247280867,-555.5406757225521
1574.743641919064,261.46869351415404,-1426.6019350333145,-416.9098539040523,1378.3690086033612,649.9796701677936,-1246.5648267340662,-860.8283801148614,1040.731195399637,956.7760170959755,-832.4149102036403,-916.5752499675103,642.8209846788417,678.9211336720747,-531.8123387326862
1426.9970316809438,133.36356196830968,-1590.6393764511909,-625.8652248692158,1232.596309445192,627.2162382201911,-1313.6853395858466,-1080.5773535668466,869.2943129867087,993.9352001766888,-804.7477978986705,-1086.8429984158402,479.9874612115684,716.0046197962105,-495.0311570233566
1291.3001638590397,15.337389418941882,-1748.114136221416,-831.0244821884799,1090.3536888165195,612.167890737647,-1370.4183286476489,-1296.0323386639125,692.0692871837987,1025.6750143529375,-764.4905054067175,-1243.6909216868278,303.56887914769874,735.7954329503309,-445.44793506567356
1169.8810075207134,-90.54329936870683,-1897.4052126015986,-1031.1300689461464,953.1899896735248,606.3721237309414,-1415.219660127359,-1505.2892888635154,510.15800617095533,1051.6664879664381,-710.1694515061608,-1383.9310576671608,114.34944390786814,736.8214390881412,-384.05420342503476
1060.7104707011326,-185.62901526793237,-2039.2067878285602,-1227.2163311950908,819.6705580029782,608.7094566260823,-1447.9673464339512,-1707.2162066207866,323.08055501250965,1069.921347011448,-640.999060252743,-1504.1880187795277,-86.220566110856,717.9205373528537,-312.59084394414765
959.039978885367,-273.4616701792355,-2175.6235860607185,-1421.5795644808363,686.5691500836822,616.2308912249526,-1469.5241928466066,-1900.9410330326723,129.63840810952854,1077.3828650610358,-557.0083708371926,-1601.165136541317,-295.4452032414954,678.8022635144301,-233.4017093564254
860.2901832369931,-357.3751022437892,-2308.3416666993653,-1615.9713455353908,550.9352671435634,625.8669380092915,-1480.6693805310315,-2085.0644128931613,-70.90191696058082,1071.072595843153,-458.8213390320772,-1671.9695487614815,-509.1999299724881,620.4276906037629,-149.19501290532375
763.3039413372317,-437.74480932918823,-2436.5011083339245,-1809.6268849185792,412.33693333909144,636.446856494229,-1480.7520281370143,-2256.8274015916936,-277.68659663956197,1049.4141385030557,-347.17205840891097,-1714.3039737964377,-722.1777832666284,545.005174623386,-62.783089953136
672.55819671591,-510.1043012622994,-2555.2611375386855,-1998.0177557530506,274.32450094020726,650.1704944989683,-1466.6875393380267,-2411.6105894127927,-487.6563858593259,1013.2019227283183,-222.39088658184443,-1726.4478368053085,-928.423466101915,455.575399853021,23.14231784661871
598.1054133354546,-565.21778605279,-2655.977057925518,-2173.1120169177384,144.30428977782927,672.7427005907879,-1432.9155569928578,-2543.138233525766,-695.761343836688,965.7425727751927,-84.15610486639173,-1707.107482939771,-1121.9166213223934,355.3497568028327,106.1617873229652
552.8389359082602,-591.4883979250691,-2728.326413292943,-2325.384616126242,31.581506531900317,711.8521387674807,-1372.599828421879,-2644.545292117631,-896.047351821753,911.988803512745,68.27770770794803,-1655.304856543014,-1296.9952071754974,247.07811944792275,184.1914198704278
547.8694206775796,-579.0273490866773,-2763.820677401485,-2447.0244273653507,-55.86033141433768,774.4003915469335,-1279.7833600923507,-2710.083604555953,-1083.28124667472,856.9141975148846,235.37004910105685,-1570.4361674450051,-1448.5458438361527,132.70333013584877,255.469890175438
587.8352521874759,-523.7808950076892,-2759.3243482036355,-2535.0866237443224,-114.58580713308788,863.5497259849079,-1151.672715669397,-2736.858047074473,-1254.4880305557426,803.7542928583239,416.3458213912828,-1452.4952403774892,-1572.0388847072968,13.426049059351726,318.51270074065
668.30694005505,-429.79903393454526,-2718.9155881430183,-2593.1163779966755,-147.471446415542,976.9196213505124,-990.000961855249,-2725.8058157342803,-1409.7152608889783,752.8723276623502,608.4228303928721,-1302.3149713035905,-1663.5494805262572,-109.8741497445859,372.09311663027313
776.8004800782736,-308.2948987434736,-2652.909423746864,-2630.2260890554458,-162.99323762181095,1106.927849113869,-800.6806379503863,-2681.31319877469,-1551.5858745257901,701.7987929075277,806.6342030218518,-1121.6319255267304,-1719.8486396038415,-236.0548863653538,415.28804450644185
897.4445060722734,-173.45332111310705,-2574.021925305772,-2657.6416931042577,-172.0319667873227,1243.409680145464,-591.6545792852787,-2609.396535273271,-1683.6864779859889,646.5012557880773,1004.464834242383,-912.8631179796837,-1738.5359630225971,-363.20500719037784,447.5676174946525
1017.638618751042,-36.4760656576509,-2492.0191379199514,-2683.934773542542,-183.3495798683888,1377.5970559393409,-369.7024519761114,-2515.057796361479,-1808.3748063442467,583.3696992596607,1195.173333020603,-678.6573488726453,-1718.126273031772,-488.40352025909306,468.8459628835316
1133.8895029730586,99.61579123014938,-2409.121261140818,-2710.961225706582,-199.66027763304348,1505.782065971616,-137.56250234556003,-2399.9336880439696,-1924.9337547665862,511.0216099340279,1373.3163005152924,-421.44333294441134,-1658.046277438595,-607.8062744934552,479.4026323435328
1254.0496831494154,241.93793074310832,-2318.393060114241,-2732.4756339537385,-216.17384762664878,1630.9346026757594,107.25210616892957,-2261.390722212234,-2028.9587060488805,431.04685223742064,1535.809740339455,-143.24175977408197,-1558.5909591242723,-716.9868812789371,479.65501436014426
1394.5357353232275,405.1924477620334,-2206.2333231606826,-2736.3888070880325,-222.5466719197115,1761.3053141152845,371.20413821695644,-2093.6811304312255,-2113.4061608748057,347.2550169427474,1681.9827381046218,154.09532739023155,-1420.9306095809595,-811.3762833054354,469.8730681157135
1573.256644635318,605.2859965624621,-2058.3011651412203,-2710.059033511598,-207.69741571324465,1906.340540116972,661.3656591669867,-1890.8644477039518,-2171.023383624154,263.67358718849573,1812.4935180099517,468.24839402035224,-1247.2019512994625,-886.6582479774897,449.9961647440623
1800.986559443895,851.5889954139624,-1866.5810837442937,-2646.560793294147,-165.5903858886401,2071.4939425842554,981.2402497605128,-1650.3378018580713,-2197.231895614551,182.15358637658852,1927.5179783797137,795.6056094062346,-1040.6136827900275,-939.0671507891063,419.67743464580576
2074.8220101698894,1141.1094111391467,-1634.582418955306,-2549.258486693396,-99.50877633808926,2254.1457078718877,1327.5400088132958,-1375.4343456649283,-2192.2595213361546,100.67380546668682,2025.0241464659052,1130.5427857438788,-805.4424610963476,-965.6251119021653,378.5600725946202
2376.6906141865234,1457.2314650074588,-1378.2814261170179,-2432.5710528500945,-22.847308181274713,2442.506977450649,1689.3800067586903,-1075.8558830682905,-2161.5571303986158,13.173736347108616,2099.9900173025458,1465.0897081684495,-546.8337553822403,-964.373134190503,326.6645828362395
2677.8499124076775,1773.8337739755316,-1122.1346447429041,-2318.355081426214,44.12857662732418,2618.192722750143,2050.3952809936327,-765.5895633663579,-2114.2172268789886,-88.90115672157924,2145.043601899528,1789.1861430159486,-270.41741414807973,-934.586971839623,264.7174874236698
2947.771917963595,2063.316757058732,-891.597019872663,-2229.210515246081,80.37822757217526,2761.5780986739514,2393.064735368781,-459.04028750634063,-2059.955694115391,-213.90653718988307,2152.3470026916457,2091.5912891633056,18.165498170044316,-876.8922589347359,194.30055672858242
3163.855234041569,2305.327544471769,-705.1442368288667,-2181.398601537021,70.57150211305839,2857.789468159629,2703.551799577557,-166.91727763776822,-2005.866186885366,-367.2436119326935,2115.9146789802385,2361.291321829807,313.6855934705592,-793.1889440156831,117.79785244093921
3317.941103398886,2492.5717461950067,-569.101542844694,-2180.311393853979,9.25805180521533,2900.810315606588,2975.0743001858805,106.42192578079175,-1954.3110839575363,-549.6799342158556,2033.2791147164553,2588.9852330770914,611.5578846305032,-686.3803427336279,38.196386904214705
3416.9177271154476,2631.2916654109495,-477.42532047651855,-2220.37838078759,-99.0232677817371,2893.935661579181,3208.3729906272974,363.04879558842447,-1902.8672843235804,-757.4315584860904,1905.6782058317444,2768.0637598876347,907.77687837969,-560.0092388987518,-41.184605547769706
3477.2692971097767,2736.3067694928245,-416.42965183141985,-2289.3615854951795,-243.6548980074266,2846.4120533661303,3409.0791040399185,608.9496677792602,-1846.3554562357567,-983.9164487810631,1736.6500540584889,2894.6156712732263,1198.5186672249552,-417.94047834710403,-116.99034424835779
3516.1226652509954,2822.93116704458,-372.2561250158394,-2375.040754074426,-414.0290653540976,2767.841194841494,3583.173908534681,850.062923502666,-1780.0307657159024,-1222.3446827199432,1529.7328125068539,2966.449247936292,1479.4902207446235,-264.16503828221863,-186.14255266493927
3542.891948026116,2899.4644471606757,-337.6850393285527,-2471.247524788793,-605.0135481394934,2662.9593957078273,3732.6357684333257,1088.6720024378576,-1702.4551913127862,-1467.9556091057864,1286.4388168299727,2981.690730043446,1745.238133381364,-102.69096517974242,-246.1566826994488
3555.24385691482,2963.602947172155,-315.2770030460222,-2580.5899835918394,-819.3633658350412,2529.1867985970002,3853.3028149613897,1321.7846538545655,-1616.7044868868684,-1718.9245575191096,1005.5256327838479,2937.8285430272545,1988.7157672257883,62.57648253425532,-295.4152382182144
3540.965040639161,3004.184078332629,-315.6385220972953,-2712.83583981817,-1066.1695118837229,2357.9490799281425,3935.9170924834298,1542.1737818567956,-1529.351201806836,-1975.6323005553518,683.8913562150956,2831.838093063186,2201.379515306868,228.03079975905666,-333.30719281262714
3484.47156042994,3007.1136791586578,-351.9269877563206,-2879.9783480372075,-1356.3370950736266,2138.9166683917038,3969.760393419123,1741.4768250803445,-1447.7281543114996,-2238.770256078931,318.5737869916965,2661.342206918751,2373.9088281140375,390.60163644535703,-360.1527686608496
3374.587470713178,2962.4207070968882,-433.3918945465447,-3090.4689914946744,-1697.4001429035666,1864.9486575264302,3947.039530224048,1913.7883069328525,-1376.7780086182433,-2507.2503193414286,-91.1801464857378,2426.081412807866,2497.3677257490267,547.9071485373969,-376.9116149388201
3209.858931366534,2869.059877318935,-560.9914519984966,-3345.283683714426,-2090.0859196502365,1535.353166438862,3865.8860483944827,2058.014099029189,-1316.935704624577,-2776.8857543906024,-542.7174829756229,2128.7616735874553,2564.3871495131225,698.1799253233895,-384.77695980159854
2999.1407684942646,2735.4149887017193,-726.9026408494449,-3637.4073741622924,-2527.986977725016,1156.099373828233,3730.6371666039017,2177.944870414105,-1263.9288167764648,-3040.37442840834,-1030.0176241022723,1774.7553119989484,2569.9170395406286,839.9078181434103,-384.80854022724935
2757.631986016266,2575.667797069682,-917.7722226552554,-3954.6186689040505,-3000.1267252399994,737.2127325468298,3549.49575742609,2280.1656193130116,-1210.436017269371,-3288.5134090614843,-1544.6626091109047,1370.8518055581567,2511.3391968440933,971.2715458813035,-377.70970280735463
2500.6704891233744,2404.1359625985674,-1119.848748305878,-4283.997682531542,-3494.9348749846286,288.8878788182823,3330.943815991561,2370.9455009243316,-1148.7003414734786,-3512.0867620889053,-2077.083096586216,923.7841981894725,2388.106964677407,1089.578470204738,-363.75191455562015
2238.4333390706975,2230.4458982847464,-1323.4571632922068,-4615.9900541083125,-4003.7233213438735,-181.74121686668582,3080.7617452103873,2453.654193970917,-1072.8382977828978,-3703.6539245503527,-2617.5118970912363,439.270737688559,2201.312488938492,1190.9137284510894,-342.78616789740516
1973.9690546433856,2057.7517729689093,-1524.81880617834,-4946.2724792290655,-4522.214898521709,-671.7893968997246,2801.0207404426897,2527.882753484472,-979.8329570856158,-3858.540373580319,-3156.4139215146447,-78.11338211597388,1953.4995126834756,1270.145044024363,-314.30497068374797
1705.199122238987,1884.5788360008087,-1724.6102493413289,-5274.779115750271,-5049.676296799533,-1181.487637948609,2491.313833318865,2590.545439816939,-868.8822448402625,-3974.6381813364837,-3684.4400182323748,-624.4122824029674,1648.7311513622474,1321.2866405701436,-277.58592533875674
1429.5695854339542,1709.0808182345775,-1924.2173380082966,-5602.548089754607,-5586.26303721893,-1711.5274508477382,2151.37666892414,2638.2677163968483,-739.5615841125737,-4051.0827199008077,-4192.026824297147,-1195.510364626402,1292.6688261963798,1338.1316070503779,-231.9697783415785
1148.8062242857861,1533.378832109336,-2121.6919421232,-5928.012151253935,-6129.906026837763,-2260.279781318398,1783.6476367251134,2669.7806857059277,-589.809578750609,-4086.3637834577307,-4668.752762987187,-1786.3838826823612,892.423423573716,1315.0358168534551,-177.26516149239
871.2779928509427,1365.6983890859226,-2309.499897308233,-6244.593091772748,-6674.220696646289,-2822.2240779417266,1394.45665295063,2687.102711745424,-414.8192859512821,-4076.755447710678,-5102.662252986642,-2390.45121943185,456.1497109383917,1247.751954233638,-114.17792667380763
610.7962458055979,1219.2364097178313,-2475.1905325199123,-6540.812432154788,-7208.431041279045,-3388.2742639287944,993.2993061972261,2694.963018843506,-207.46197575575047,-4015.880595348804,-5479.984699589461,-2999.0188538613597,-7.454442157456015,1134.2179553667909,-44.61432871583486
382.64828950820464,1108.4994041031116,-2604.5363159483963,-6802.822381024782,-7719.318551525068,-3947.73626895582,590.6665433275953,2698.8876088545144,39.934434426759765,-3895.6802507641587,-5785.7297107033155,-3600.936417995,-489.5734130328208,975.1762836648026,28.261601064778233
199.22824154479756,1045.2889696896077,-2685.305853018194,-7017.925380833676,-8194.151219515274,-4490.81147691049,195.64950046988642,2703.1173626677773,333.3851580984002,-3708.2648753092735,-6005.272024949518,-4182.6841145965045,-981.587282303087,774.4624451562986,100.25501627830988
67.80841745234858,1036.6726432758253,-2709.499289888238,-7177.092517664417,-8623.011503395892,-5010.3148901133,-185.39980576746012,2709.601339810666,675.8081815453818,-3447.578188209561,-6126.365479450245,-4729.0014735787045,-1475.3444648071093,538.8084438972062,166.61074318436704
-8.449816910120486,1085.9450324735706,-2672.9135157404285,-7275.169113443339,-8999.338886807282,-5501.80278218794,-548.5800282891089,2718.5928417841546,1067.0442685003156,-3109.9336483625043,-6140.570494599357,-5223.83586426971,-1963.4210127395204,277.10714710177643,222.63728557561151
-27.37262004069642,1195.5311761246144,-2572.7322352783917,-7309.0321177657515,-9318.684989768997,-5962.338009111879,-891.0314654016071,2730.2756621859153,1505.0696992915132,-2693.2750397420236,-6043.333501403675,-5651.125659743055,-2439.2385424387253,-0.7322194253272301,264.3731551742281
14.853699322600537,1369.4169787627447,-2405.208767341695,-7275.378928761293,-9576.890071067572,-6389.004097471361,-1209.6537835673605,2746.104999911983,1987.3181553851025,-2195.9295371593657,-5832.8451884813585,-5995.059325129267,-2896.8169983306093,-285.02836376087123,289.18094748443076
123.61882485341458,1613.0733658917227,-2165.3769670998845,-7170.0124865940625,-9769.237380373548,-6778.378311063272,-1501.0511827956072,2768.7373596397797,2510.9773954279963,-1615.9758077426472,-5508.646418636842,-6239.977766646391,-3330.05515235219,-567.3153885865665,296.1657371962338
303.0496593690067,1930.793004992023,-1849.1055103466747,-6989.239235312638,-9891.310880387075,-7127.3837245739405,-1762.838844326408,2800.471151645458,3071.933529122939,-951.8550311975811,-5071.030841657786,-6370.5872509597175,-3731.7374068923814,-840.8605832268306,286.33686030080764
552.5621309338385,2322.444050793899,-1455.9070059141513,-6732.251367126643,-9940.87837104087,-7434.837446340671,-1995.3648358640585,2841.268956900847,3663.130129003664,-203.8877646412468,-4521.533603295718,-6373.090944049273,-4092.73603508737,-1100.753123843932,262.4565228227211
865.5704019148823,2782.2147602215896,-990.2373721567772,-6402.520453535249,-9919.261004433065,-7702.451219133526,-2202.5470756984023,2887.7892653181334,4273.650918077443,624.3203602449685,-3863.854418688773,-6237.140844655725,-4401.853170866361,-1343.783204889585,228.54575882196633
1231.5263015454682,3300.461251008828,-460.15279955110975,-6006.992506740552,-9831.045023402527,-7934.467914243678,-2391.18485593931,2934.111262155353,4889.373832795867,1525.4766166532336,-3104.2394657517993,-5957.71673531922,-4646.377708463693,-1568.2931667860194,189.0754623254528
1639.897659205241,3867.395603254374,125.75510931941523,-5553.625307711309,-9682.319261741774,-8136.180557026861,-2569.2536697538058,2973.558965242024,5494.909036185318,2489.2958624006546,-2250.8650231377283,-5535.889041213344,-4812.987297333987,-1773.9596595685823,147.98187184299957
2083.2063030507506,4475.946976982499,760.9038160627308,-5049.100906553129,-9478.7723735776,-8312.40896439754,-2744.4090195758768,3000.228797308515,6075.595828901591,3503.556609891695,-1312.6257798950276,-4978.103427846425,-4888.502045343016,-1961.2639356991212,107.7722201889544
2557.010275660056,5121.7963037092995,1440.9531208833446,-4498.341369127166,-9225.018349872762,-8466.952123706522,-2923.660775832751,3009.1191827188904,6618.322217274864,4554.554142541372,-298.20938766767983,-4294.566313182847,-4860.3461883677355,-2130.4439779796185,69.02130301473699
3057.0605372722275,5800.741995446128,2161.733812006318,-3905.998055057502,-8925.479630137697,-8603.207372079192,-3114.2086111549715,2994.877266243216,7110.849047497233,5626.498298277207,783.8868278882983,-3497.735824642343,-4717.094081722273,-2280.028801395092,30.431986280057913
3575.870498971399,6505.451709104494,2916.5333443301815,-3278.634624216878,-8585.98494572142,-8725.295225598313,-3324.5833476929265,2950.192941071154,7540.43923053908,6700.254001273207,1924.4109997444893,-2601.564832439054,-4449.640211423095,-2405.42270843822,-10.594977219621683
4101.066072097931,7223.848235522445,3694.6407882153408,-2626.0304862505036,-8214.897965520022,-8838.842945872688,-3565.1789098947465,2864.993954265769,7893.0273465855735,7752.384367851039,3112.0736310212897,-1621.4095407987384,-4053.1015418789507,-2498.152471277126,-57.107053952202364
4616.221210448618,7939.8777495672375,4481.847388655647,-1960.972504888199,-7823.225968601696,-8951.09686662158,-3847.9251626489086,2726.816840175317,8153.589853809671,8755.311417231907,4332.610285557034,-574.0411445273595,-3528.863368782424,-2546.199504031289,-111.70223448687625
5102.985141563376,8635.596200459719,5262.094026981123,-1298.1098808959882,-7424.032236376458,-9070.648517368254,-4185.558670129143,2521.792966197669,8307.315942683173,9678.654524090793,5568.4790494076915,522.7130679641944,-2885.824353048176,-2535.4494996962467,-175.73374815204033
5542.807482685293,9292.922608222269,6018.944672492828,-652.8322881599742,-7031.731123489116,-9207.136166920483,-4591.0298176560245,2235.433995355601,8340.59528099982,10491.045266638546,6798.937360592448,1650.7084551569933,-2140.193463079443,-2451.945213909724,-248.67855742277004
5917.737075627105,9894.413875995182,6736.357206559202,-40.48044828322696,-6661.339287846699,-9370.801681948353,-5077.027228539939,1852.9926405303186,8241.265525078928,11161.63155403766,8000.004358336455,2792.211570012263,-1313.8908068543587,-2284.463587301131,-327.71843528497686
6211.273973407837,10423.885001363768,7399.389400006107,524.6535159010452,-6327.205555196236,-9571.393381569835,-5655.082693667375,1359.9300745265373,7998.535335392771,11661.18119986003,9144.119232992416,3930.2033478527615,-432.1755102051766,-2026.9296290217778,-407.61427811885414
6410.413933374331,10868.04568404513,7995.72709543135,1031.0881457653309,-6040.959970873939,-9816.254078739625,-6333.940626444037,743.0600223976992,7603.436361754108,11963.443999135603,10199.92072620936,5048.152955246789,478.76100627967026,-1680.2318325948968,-480.97322612649293
6508.536688317146,11219.085140972818,8517.901894011686,1472.2605549658604,-5809.370194965367,-10108.36431016672,-7117.753000122215,-7.875832080556734,7049.987891083308,12047.294297206012,11132.89690368864,6129.496685898738,1393.758182633885,-1253.0776718949617,-538.9856372407472
6507.196786353922,11476.57298760394,8964.830165938985,1847.6470052030688,-5633.459779930287,-10445.649581442802,-8005.268484352082,-899.2506239165712,6336.153366542116,11899.11008637549,11907.250184843162,7157.12473949933,2290.0582349626716,-761.6606241934298,-572.6438268217046
6415.0878841760405,11646.968324995549,9341.318113018995,2161.878956318263,-5509.666117920457,-10822.192970869728,-8990.679065878108,-1934.041079016692,5463.434901197805,11513.996686625685,12488.47445223936,8112.96607055095,3148.1240014934497,-228.1358992919684,-574.3465417824387
6244.60693126404,11740.829767520294,9655.703851423137,2422.3509372234066,-5432.272970137609,-11230.511752665023,-10065.450790724462,-3113.365821381547,4435.0459969817675,10894.985898371518,12845.733442169632,8977.574171292326,3951.9943080421194,321.8346177290228,-539.6433208536665
6008.460818150747,11769.785888690658,9917.408862815091,2637.0873755658286,-5395.319518341712,-11663.19648647662,-11219.625913944596,-4437.672396307265,3253.942646607483,10050.889102809864,12953.678737579612,9729.771495965595,4689.3263211376625,862.0345130858442,-468.71115621793456
5718.402771972912,11745.303922809626,10136.094056654912,2814.248814829905,-5392.847193482624,-12112.988587285021,-12441.746576073361,-5906.54990718738,1922.0615579639616,8994.35572513316,12794.175371962921,10346.800308168415,5351.368697389899,1368.706083067434,-367.05962450389495
5385.651240808878,11679.11858597007,10322.265120718152,2962.8625409935503,-5418.1564944225565,-12572.109466101043,-13718.142465673587,-7517.610722174774,440.7462166629238,7740.814484623639,12358.256781360838,10805.463842902982,5933.080120377491,1823.2929978053385,-245.0329004826799
5020.525714632994,11583.120173173262,10487.434730681836,3093.002560714769,-5463.817953360937,-13032.49964401122,-15033.122380290706,-9265.848095267964,-1188.939001829413,6307.385433538242,11647.383493996806,11083.983294899404,6433.267864833264,2214.6343299599407,-115.97997853241327
4629.687116279405,11466.914006470268,10642.26874131851,3214.2394139945,-5523.273657224291,-13487.539832434632,-16370.603138043529,-11144.179202082816,-2966.974485799781,4710.582768907975,10672.333204086437,11163.254817778978,6854.061929125082,2540.256570681012,6.562326972932965
4212.402829968725,11333.945351726783,10793.358949567259,3333.215878293086,-5592.836020993499,-13933.847159988458,-17715.855012046784,-13144.194500516358,-4895.537797555975,2963.2047121532128,9449.31229163013,11026.169134240286,7198.747353972598,2806.314722056312,111.89314400518424
3759.3293135276817,11179.340614226197,10941.1810554616,3452.6062253483924,-5671.860857397295,-14370.974402429241,-19055.34249688998,-15255.315294099877,-6978.705699825176,1072.4669307688753,7995.3493907272705,10655.305152022094,7467.499511090794,3025.820532912939,194.45137530628767
3256.1622151972983,10992.086326139803,11081.463340943963,3573.030716786789,-5759.978375675213,-14798.208721837998,-20373.978289220453,-17461.638242779027,-9219.594467626112,-958.8346917748404,6326.10835593218,10031.409472671838,7651.917876646395,3215.1551241152947,254.72514733072285
2691.0866798955026,10761.231654786397,11209.861781547203,3697.3411280830687,-5852.506955338189,-15209.936223714021,-21651.280690168824,-19737.777196408,-11615.805379919022,-3128.481570972498,4457.517319531274,9135.401200579072,7730.637601371415,3389.3708202078255,298.6083473035894
2062.2719094420863,10483.019903842745,11327.550884397178,3834.985728907354,-5936.543940860499,-15592.161715997676,-22858.914299918346,-22046.087096027506,-14155.395152122983,-5430.636128221619,2409.566824595843,7954.3885611476,7668.605105640343,3557.2056700770254,335.54925950499364
1381.736921638133,10165.370780530942,11444.851057302694,4004.192926305829,-5989.71126711858,-15921.926248256515,-23961.1162086349,-24336.836447517548,-16815.1318221989,-7853.670148782426,209.08050051729907,6489.112704992129,7421.3579849452235,3716.8869502789285,376.10896486428805
674.2745812356841,9827.935999266372,11581.378280528019,4231.165394337437,-5981.820174264477,-16169.497574483785,-24917.59750408153,-26551.020843929025,-19561.066637470038,-10380.671878751476,-2110.63870016239,4758.986346256751,6943.513711567841,3853.6597660438715,429.5336891455827
-27.245112262804163,9498.415293668382,11763.164867903128,4547.097825095425,-5878.210222438209,-16301.823729250413,-25687.244631188227,-28624.16772601446,-22349.966089787267,-12991.360157315627,-4512.939517880717,2802.377104989424,6198.961439601758,3939.6512831601904,501.72742618004656
-687.5625859124327,9207.347628323676,12018.469451839448,4984.630947187338,-5643.045963447509,-16285.532493607068,-26230.970983858162,-30489.47598800944,-25129.91365968781,-15663.35756057967,-6961.65658379685,672.554660006757,5169.893423218729,3936.3380908522586,593.7403402871773
-1273.4335316553302,8983.58429475707,12374.042421536644,5575.121634589972,-5241.361925152923,-16088.453154317822,-26512.93562561304,-32079.569625251832,-27839.264190458518,-18371.306254346367,-9423.494659691414,-1568.3313489849697,3862.7181821349914,3799.6315255479794,700.7252910954304
-1755.8819639554924,8851.505886813542,12852.724483695203,6347.22874236013,-4639.622293540375,-15679.649809215312,-26500.380341703672,-33327.25713921335,-30404.39131724316,-21083.48483682875,-11867.898400935203,-3854.7123373572986,2310.234625401611,3487.368652480403,811.3625918589589
-2110.8373718166354,8829.762543496958,13472.243063335267,7326.459032597228,-3805.4050827789943,-15028.782152032883,-26163.133204900787,-34166.558605896666,-32737.813483212925,-23756.791784388795,-14264.656420536272,-6121.122647870503,570.4050518999724,2968.5872482013233,907.9988691653525
-2319.1359363264482,8930.875882116849,14244.742990492561,8535.095006484727,-2707.019227283331,-14105.787571220872,-25473.99349802651,-34535.56722401226,-34739.04899701156,-26331.97532574671,-16580.447633822252,-8303.851233853988,-1277.6263265249474,2233.2422433854226,968.043268686241
-2366.212872499855,9161.563283219308,15177.008360525795,9992.349979042478,-1313.3702978684935,-12881.254799964452,-24410.42794441781,-34381.93635574813,-36300.39895172937,-28731.61276743121,-18776.00996160016,-10341.799647958494,-3139.7447356794128,1300.1773977065518,967.2624510805704
-2241.052304269369,9524.16302956046,16271.656050916328,11714.937116929175,406.13545618326145,-11327.039105793794,-22956.739922428325,-33669.974624936985,-37318.24817948948,-30863.14948458453,-20805.617985655852,-12177.972228424005,-4914.982213804182,220.70379259543074,885.240641212106
-1934.1539732050915,10019.136315850608,17529.090614594996,13717.86186945797,2481.6976420418064,-9416.575163162935,-21105.33082874482,-32386.77093994746,-37707.89201295272,-32628.04028357677,-22620.137679093572,-13762.836171683955,-6505.284339363827,-924.4346091749899,712.2946026383735
-1435.155418516962,10647.706696589838,18949.157135718513,16014.506776228638,4942.614795856983,-7125.035754709838,-18856.358880565338,-30544.758593497405,-37417.78614820331,-33935.966776542344,-24174.11838593554,-15060.250809142775,-7826.550448172462,-2035.4794187421435,455.8112316967753
-731.1878965549073,11413.322431580636,20531.116543201955,18614.770054410354,7815.155248459969,-4430.071256774507,-16216.095944326491,-28179.332012426792,-36438.32679799887,-34720.580886240816,-25435.975411303076,-16055.761707181802,-8820.228313568652,-3010.146685708484,143.05484040631075
193.0772468498506,12320.73772904891,22270.68155701084,21520.14475578154,11117.903266085332,-1313.9005889051864,-13194.787633850621,-25341.559254870223,-34800.81849934115,-34950.560767671326,-26397.847927625124,-16765.48830383088,-9464.067298445601,-3762.8394392891314,-182.08970062502362
1352.6148090836552,13371.397072255288,24152.901255108398,24714.875977413743,14853.973122661671,2232.568733320046,-9805.3195962134,-22088.0299938551,-32565.206914163336,-34628.89268923454,-27078.760369527656,-17241.559893446738,-9779.618381974553,-4241.932807498458,-468.81566794940875
2755.6345932572135,14554.444689986194,26140.801549897173,28153.672182870738,19000.566888265275,6203.3850927592875,-6064.488966482359,-18472.57079259096,-29801.54140453368,-33778.0686012465,-27514.545870129947,-17568.357495366075,-9833.204818280621,-4440.415616459619,-672.8125308289682
4395.340038630765,15836.075838038834,28163.52076638609,31750.027444422805,23499.176489814392,10570.79589931908,-1997.3206342316066,-14544.919877908995,-26576.25415981593,-32419.619213860173,-27734.647116644668,-17845.446504910033,-9727.470840632926,-4396.633356549104,-768.4326699012768
6245.9503241649545,17154.78996137365,30112.260588244484,35372.93678996684,28252.723809692165,15282.906106713259,2359.067576827128,-10356.229576772566,-22952.159050052716,-30564.182843544626,-27737.615654644876,-18159.762407928174,-9583.237408895031,-4184.725221636735,-754.8436816604327
8270.311331606232,18430.81955353756,31852.03313966765,38858.63264860126,33134.91762289749,20270.81179527787,6958.416067850766,-5963.62110373587,-18998.83675019603,-28221.833610283127,-27483.301898227637,-18558.337721961678,-9515.825772260394,-3897.743919470991,-654.1543754640037
10440.8779678286,19591.089933710857,33249.23156538142,42036.09199428005,38010.37266362356,25465.178771900253,11758.583106289248,-1424.3433328726628,-14798.752148398973,-25423.85569189,-26910.446905369157,-19036.07470717127,-9613.80123477974,-3628.9718722834577,-503.165294052602
12766.82883249167,20600.90878294974,34204.808612329805,44755.86779469523,42756.1096836411,30814.861705808136,16740.932622002547,3222.2292835025983,-10436.667320176035,-22234.436721694565,-25968.42134047274,-19545.383275595483,-9928.077417243161,-3457.334602817993,-342.8261906208917
15315.319974444228,21488.85352969754,34679.04219773588,46909.17638250253,47272.80641896704,36296.88657453516,21925.872330867616,7976.311972579055,-5974.178270296442,-18737.785019042716,-24639.37962966328,-20019.95698913265,-10474.306357809613,-3440.7867466309067,-209.58178618575096
18218.275726672153,22355.78850061402,34699.46330759233,48430.162539518074,51479.42343494006,41910.67928000195,27375.642655456875,12891.30469245736,-1423.4379859569208,-15006.088937740802,-22934.530305859345,-20395.232073701376,-11243.910668205195,-3618.0100334498147,-131.04326337136933
21663.911868638326,23368.074046423506,34353.23482747394,49283.37840320433,55292.647034568305,47656.030589935246,33181.40211849619,18072.52247863078,3265.9414640319683,-11067.438834699085,-20868.332707060872,-20611.572379426863,-12213.818797513226,-4015.1877733333577,-126.19382215348696
25877.415828072237,24741.371113646022,33771.73980773328,49443.9993594183,58596.779437983576,53497.903546209105,39436.17926169263,23661.417678019094,8202.048415413647,-6890.351154136388,-18429.076464738457,-20599.81320553468,-13345.665632049371,-4652.259490060958,-208.71680317922278
31093.798427621437,26721.23441003849,33115.60461088914,48878.529945364404,61208.8445388286,59319.38292280873,46194.11700628749,29807.782203979783,13531.237348115157,-2389.445022760495,-15563.57487841077,-20261.392599002444,-14571.807941094057,-5542.613822258793,-391.2791791292216
37518.38225449591,29560.96049632512,32565.184231856198,47532.67718092207,62842.32184267867,64860.14980602152,53410.636626213425,36627.843994238545,19407.873524090453,2552.4567577585817,-12182.795327033382,-19458.51378883355,-15774.311552983052,-6681.984634319621,-688.3433629946161
45259.99800449536,33488.48689434515,32317.585607228477,45335.60342782057,63078.51601856011,69639.66506043216,60853.49297122853,44138.45766601996,25950.715952226954,8050.951780450652,-8185.416566947976,-18023.982460770763,-16769.522187104536,-8026.565060467592,-1114.9639476507573
54214.56964821883,38644.6013045974,32585.77553451315,42235.738561353675,61372.07670787653,72881.55258770958,67980.85426072012,52153.7709890579,33175.91565041997,14174.683610916902,-3493.745926747207,-15791.734632242906,-17312.00647833992,-9466.778361551527,-1679.3004011080197
63884.07740665409,44968.83878352403,33584.00817609015,38282.893602413424,57141.02671065657,73494.33398616992,73811.75321778831,60141.213055748936,40895.4417640916,20881.796374908507,1900.6110638226767,-12643.039061133986,-17127.0629575624,-10810.099404933166,-2368.2333273663457
73157.04742978705,52020.541650732346,35466.744346369866,33746.75779031465,49996.4272564379,70211.61628231818,76873.38722272619,67071.11328439515,48584.25703741967,27934.27989290777,7881.571056354184,-8560.857134874179,-15971.973852198544,-11790.072417963684,-3129.564035979838
80165.82084553305,58773.230601473384,38182.67135543305,29203.43779463416,40109.080741052625,62003.695856532075,75378.7441511144,71363.39685231687,55259.1337015008,34802.87676873168,14148.574108288758,-3683.0114904550283,-13714.899601551926,-12114.304922909176,-3860.244739303346
82444.67836734357,63520.72570571857,41249.70329215405,25460.13891274552,28564.765637095727,48761.30695570172,67792.86716665748,71105.87412822073,59474.202692225444,40609.125020798296,20171.025585760068,1659.8058137788428,-10409.478097985648,-11548.972543901544,-4414.057152901967
77627.44381646856,64130.42526322475,43577.06390839727,23212.34190209098,17392.055974864274,31978.903227689956,53770.715759597195,64700.084009781436,59584.54661065365,44190.8489433291,25197.52822241679,6942.736119089473,-6336.162904350851,-10014.98355820725,-4637.854315658959
64674.43491126561,58824.25079883267,43592.75540237337,22524.999056613393,8960.226240749626,14869.023377272124,35056.73738082065,51861.1355285856,54371.1878723317,44383.50309607374,28371.930118359003,11508.00865075538,-1982.6848152910325,-7653.228771535861,-4429.832832873405
45083.19178657904,47316.14278889056,39885.92405800923,22523.13362929729,4836.954471824563,1396.6599689977438,15571.717574322574,34467.52811058431,43878.292075895624,40523.408466693385,28983.02120334575,14703.66462333592,2049.4139979230395,-4818.153379120078,-3793.500285123432
23099.837708929615,31614.34143845751,32185.514804422066,21737.79329544478,4808.973903229547,-5572.349916713643,103.04092470766811,16463.102568494327,29968.062400146995,32985.38096622564,26794.360988611712,16079.809629677207,5196.679926344663,-1987.0140048935882,-2853.6418448798795
4266.72416894723,15643.798178298242,21984.225088951425,19086.343849238645,6955.3769073261,-5848.650724163405,-7983.5467263405935,2382.7634273546482,15989.388791682795,23385.26115002216,22294.892359968708,15573.244843868515,7095.628287876887,384.5979709585056,-1817.7042068296369
-7141.821825201796,3538.0178033141533,12093.797499588532,14760.89149263214,8919.664011423616,-1906.363475123406,-8494.01820988678,-4848.60922324817,5423.785501048116,14136.566641451745,16671.790642501583,13582.118036611133,7688.9029493217695,1998.731097047882,-899.3588760389582
-10119.253752076515,-2395.5519798721707,5204.318992267729,10181.245928060844,9400.967873752877,2834.079695460337,-4207.00085035811,-5325.932115596397,225.77561657711752,7452.692256989281,11423.26584997067,10861.777876873255,7226.405274859446,2783.6274691951417,-244.95509818749815
-6945.94891144577,-2591.5255184972884,2462.057741161344,6981.117135023372,8643.124483454269,6039.879039925348,1123.3024786007732,-1699.6301546707057,5.967006935687749,4364.839528258268,7767.289866065032,8263.639002907867,6159.501537724486,2873.504349146083,101.27464792884052
-1392.5460409557734,536.1133062864666,3120.6472630911517,5915.808907012843,7704.784202694243,7276.799902922248,4914.406140220743,2715.6427105781063,2623.137842116667,4402.756273620455,6177.925770441756,6436.13554269396,4977.762393185641,2523.8474490120975,185.0732128836729
3394.5850703712063,4247.794258603999,5361.876398025159,6566.537216031936,7393.176630103257,7361.770986532842,6547.533578260927,5729.090029825508,5634.057185606573,6107.183113002852,6316.989042534614,5635.390775524048,4060.6579882283877,2010.645503250968,101.59480581812215
5962.006173628147,6764.092711033501,7468.08261268067,7874.730381337433,7778.847480811857,7235.439643584345,6729.396490462169,6830.903306329645,7498.112923711882,7934.962965990842,7357.7338392558795,5725.410305866483,3599.277241290771,1555.226344012187,-47.06234585143682
6353.50110002253,7566.482316435808,8510.605225253521,8877.204719656229,8417.563983648934,7322.096838176652,6416.86547124934,6619.128209699976,7882.723928938381,8934.870949759183,8450.494932329528,6334.02427990166,3601.1542890958463,1291.7738056650414,-179.1078871332527
5313.347867275727,6966.833081017968,8351.818770300639,9093.550108353298,8810.857514387562,7554.06888771485,6174.053449049248,5928.1797830376945,7236.170951627423,8893.651850136732,9051.42815607523,7055.514459075395,3952.705279802899,1271.644739267831,-242.1233503928293
3593.192031128463,5522.509844953965,7278.215375112241,8490.229235538407,8683.31043851727,7682.866356214109,6111.60470624315,5302.443150771637,6190.108637924844,8083.083270504575,8999.246775148573,7597.227221030539,4498.011275204637,1487.8173520576647,-209.78334406368919
1638.213121814596,3666.091138501915,5643.277878518305,7253.890718902563,7999.248889488323,7516.168636926844,6101.825527588364,4909.9451261212325,5188.841800256561,6915.131705885004,8406.5268852592,7830.584435747219,5101.06382102853,1903.4372594483614,-73.74063276600629
-417.85272285524445,1608.303154706203,3696.142607536589,5601.981196633818,6855.740247824838,6980.634716645573,5971.701148844237,4672.548079529606,4400.158081692058,5715.108137796622,7502.216862201884,7770.38923593038,5679.4855722960065,2474.759542009074,164.08999211302154
-2587.567733518245,-566.7019733733317,1595.1580330938232,3718.7667465855916,5384.813961354469,6073.379241168697,5565.192604782125,4392.385477821306,3772.0074027530836,4649.519298295995,6524.279334497929,7533.987973092374,6217.814757194868,3166.2370933472425,496.4982462704447
-4736.812694950014,-2679.0939029901924,-458.10176312008923,1787.3105947269928,3693.168936222661,4761.409082817214,4683.192978276888,3777.4348862290253,3097.7241067992295,3748.041397635513,5692.046115444473,7324.6532887873145,6780.331736724589,3962.614888610228,913.2155344307499
-6166.223376575231,-4175.624847717296,-2083.450686958534,-12.716622673258513,1743.4594909424616,2795.8949834073237,2909.4809253624744,2353.861689492728,2027.7368487365984,2955.553613689851,5243.894763088526,7460.6324118075245,7545.378548290137,4889.723316035534,1403.1630687581726
-5388.3158984337215,-4145.183973055495,-2936.001858693109,-1858.616730670238,-1066.7356177383404,-698.0902193261691,-713.5057949347178,-716.6019467513282,35.04032637362076,2189.4632844497933,5513.312256327919,8444.44429923234,8872.629613018256,6059.635425811435,1963.6956883190342
-1409.1236512602477,-2708.4277572734954,-4110.34340709085,-5586.638385587394,-6993.172686917725,-8020.480820081723,-8174.044175631699,-6852.123341881267,-3605.3018775134074,1411.8635080819909,7008.763679259583,11030.409409573664,11382.13387708378,7745.827692562173,2627.3911918630843
1028.234151220718,-5503.703226301513,-11793.694873280709,-17451.08592559415,-21808.405617724544,-23954.987092450243,-22928.781609298585,-18103.61255628865,-9711.243537711796,726.537907580926,10429.132520905741,16188.966224038973,15956.818477008183,10449.216859484608,3508.791696700202
-18474.89296856672,-31126.132828423048,-42381.925387213756,-51188.57703949878,-56212.1482715214,-56024.96386629125,-49535.54655105375,-36630.095209529914,-18825.53725071823,460.09140753854535,16482.46935351171,24797.16960414081,23493.210557605205,14828.135237938863,4835.747572061626
-101804.80351488943,-113796.64647090479,-122540.96023286898,-126231.58231707783,-123058.74056069327,-111561.19257678934,-91208.70573544846,-63105.62892569138,-30533.8113007083,1101.8156452770115,25350.46896920053,36896.20276985597,34213.92303329825,21297.638241228855,6867.6673361985895
-291815.56407537195,-284254.23134217097,-272055.10217865446,-253127.20142565403,-225840.42056638034,-189453.93383321856,-144664.91047671562,-94132.76683418495,-42711.13659846752,2963.2272189755613,35817.999780990205,50620.27836581371,46604.17212436758,29232.78229597174,9597.538249518057
-571680.2820737687,-521001.09426318604,-466399.5433402315,-406486.8563222488,-340643.3859939232,-269376.6388412124,-194672.63705837232,-120221.47853901604,-51337.20118979171,5635.00273226847,44576.46308550075,61484.26697527289,56626.59382627628,36187.317834931906,12323.045129498356
-806823.2246151313,-708454.0328543865,-609142.4662297625,-508961.3644605205,-408631.57090017624,-309717.14793526026,-214759.1460102894,-127283.11191363998,-51594.86244741468,7726.656945015883,46705.494882083985,63206.6360085406,58395.946523518694,38097.09036713558,13522.366766804675
-788091.2766099974,-677500.5383593226,-568759.6417115016,-463029.5147201987,-361732.9707311026,-266609.73098050075,-179731.27014301106,-103451.28146447185,-40261.0345065803,7484.989214409805,38005.86976182111,50714.317085294984,47014.800741583975,31230.331841045234,11545.044872196802
-407157.24244994833,-346370.1684025024,-287271.9835084031,-230732.6819704839,-177644.14273747493,-128920.954172782,-85492.41084274536,-48279.44013641968,-18147.661027799557,4175.092028048481,18231.444460862695,24034.86888521996,22357.606894774413,15127.201543017463,5952.260081893106
191423.89264574237,162702.29490759823,134835.8913433392,108249.23203137904,83368.39476616174,60619.59997336684,40424.75279396562,23191.336613696512,9292.88770859316,-965.1363733450034,-7400.905196723421,-10041.79511591155,-9250.563054826513,-5904.718710431488,-1643.765746656477
686178.3836866341,587017.4878011958,490079.4201339788,396594.11022428167,307928.8649124304,225612.44375295172,151333.03200857696,86894.80945448668,34113.15114763352,-5375.464846826429,-30414.64881639675,-40764.114105826084,-37685.86183395743,-24678.647641752395,-8330.425227285272
841691.690872409,732080.8038443353,622819.0308731041,514511.9198104936,408275.0460326937,305867.6001417398,209766.54500806553,123134.93508316421,49625.06258233833,-7046.83400376585,-43803.23520703542,-59191.10975851295,-54575.72422975788,-35348.02580244861,-11807.656801311192
678864.6101945201,608455.2968890448,535092.6122976617,457903.4666363749,376792.0973419003,292740.65562074917,208070.661591266,126566.207591694,53317.957128772156,-5868.023874843049,-45607.72861360811,-62595.30530249859,-57503.05270252025,-36531.96324495139,-11747.256550273067
393291.67564294755,371529.10226597585,345108.40545784874,312082.1145598801,271123.3070765597,221943.45980966437,165777.4671013653,105794.46963422434,47195.09275566682,-3301.6270260106253,-38816.1832025976,-54483.635015091415,-49938.82602060292,-31045.38733115266,-9502.823666376715
161280.791834324,168480.9220068375,171776.21517753546,169165.9770455107,158818.9428816824,139468.82847196597,111005.12450141185,75129.43854197997,35790.47979196937,-1016.5755578229712,-28465.711763994866,-41169.11674319023,-37867.88891083842,-23175.385479339737,-6785.209646503174
40777.77086961683,54421.4486042236,66030.75488187678,74259.44861050468,77556.5233749867,74417.06034337118,63882.08306436445,46225.082212518966,23587.0939907442,137.70538251117006,-18697.36752504789,-28099.20998489539,-26274.545153753716,-16119.888329980844,-4632.5920810522575
2806.614176142798,11640.311559830621,19923.457765797997,27054.893296960312,32133.674460867456,34040.0208065477,31711.41508596091,24630.534920762027,13413.64578009607,205.75059890809217,-11533.920776794776,-18149.808357629037,-17612.277678703835,-11133.371623515359,-3262.3161317479535
436.11329741592994,3224.8247540656207,6080.8215733055185,8885.061948596049,11340.532845210773,12939.230815192408,13003.384060965604,10865.90870813384,6230.150377403311,-362.89224239544393,-7234.98350186491,-11880.925915368283,-12175.653944274081,-8070.069624617161,-2458.0630967451984
4934.038881375702,4189.94458573678,3551.458809784551,3102.432099388773,2930.1955270090507,3048.127334611036,3264.251692874378,3073.8571698329256,1755.1539205589486,-1164.5600368895346,-5201.662579191884,-8602.122029258237,-9191.872185435852,-6274.9024106033785,-1951.8521583719416
6898.5846976365665,4875.170028452133,2820.867670004813,871.9276114870161,-692.3688550846716,-1535.8607724186406,-1506.4111166276743,-948.5307649614836,-785.0154632068829,-2009.291798323886,-4677.109916893436,-7296.831918826898,-7701.847859251834,-5154.639731915365,-1581.7787363518105
6055.005022045822,3804.3785147535373,1428.2069628527695,-921.3023084109775,-2873.146785040866,-3936.623915280251,-3822.664850968255,-2872.8730849083527,-2171.05016343008,-2883.5201547672928,-5058.122673024322,-7095.838545365062,-6966.376954144317,-4350.800628609305,-1287.18771800254
4009.9475623037683,1790.8369159898757,-559.8674872171619,-2856.7174592350366,-4667.5787921775245,-5453.683231494359,-4970.804217722188,-3735.1752129708448,-3003.4586327687284,-3853.692806848685,-5939.966573006878,-7396.892104674829,-6532.8014773270625,-3700.538874262375,-1058.5170817541884
1773.9492361590912,-434.1890381144338,-2711.9947443765664,-4813.855629852627,-6251.449595111708,-6508.740160565224,-5526.782773865485,-4123.107081314905,-3691.2815955900146,-4985.253893890422,-7050.471233526491,-7818.4534518347145,-6165.316403756792,-3152.804110936268,-901.4187112402537
-357.809616372582,-2580.15764311098,-4768.84955602221,-6602.808817108381,-7551.141779008924,-7188.806692261268,-5746.845465123036,-4382.360868196186,-4490.860572843497,-6281.79346659065,-8166.414220389547,-8120.422089851997,-5764.4424114244,-2709.7001469886673,-822.4062758102712
-2385.7667615320224,-4559.743442373131,-6576.718390168611,-8047.310318029674,-8439.10876443404,-7495.582987862681,-5792.196872920828,-4743.347027083638,-5515.524403918353,-7630.200541961756,-9056.547570861017,-8155.106896899578,-5318.818157194595,-2398.408730905506,-825.556324056514
-4259.039871042657,-6230.497061941353,-7931.884326355365,-8942.929935832903,-8797.433996074686,-7468.040658696038,-5830.6114295491525,-5339.425593475586,-6687.699566029377,-8761.160976079762,-9480.261826265118,-7866.163793132772,-4886.271314036833,-2258.133879970639,-911.142085618802
-5662.394352171515,-7245.725889887294,-8511.980333461071,-9075.849117089982,-8597.855473574342,-7253.416178634184,-6023.441987070833,-6113.437271257521,-7666.323976150024,-9275.997606393963,-9263.769799058908,-7323.572791199669,-4583.565031977458,-2327.539207430755,-1071.9662379181948
-5943.358794216191,-7067.230657229157,-7970.922002794567,-8366.892139133906,-8015.624399886485,-7096.520500161626,-6378.356955875277,-6669.034966986958,-7860.91758061434,-8810.514088762247,-8445.264165213086,-6757.753597512334,-4562.329686718846,-2624.9602900626123,-1286.4965942020378
-4290.159151779554,-5225.679499548724,-6233.27550121802,-7103.320888224178,-7478.98743447737,-7169.485703317013,-6516.839628255639,-6242.592288736642,-6685.736581137621,-7348.787770705446,-7416.953282214008,-6540.615000172367,-4957.276839199497,-3120.980660228956,-1510.286951733511
-287.9650768252884,-1847.9476131121614,-3892.7708846201963,-6079.648610187961,-7498.4697709246875,-7259.35369753011,-5585.746150938731,-4047.385157320279,-4097.824124407252,-5545.489432580618,-6932.885442387308,-7074.359578483938,-5810.631864579062,-3710.542069165297,-1669.9377120551599
5260.265281608393,1789.192935242057,-2401.2854133776777,-6386.809112846341,-8244.45402122056,-6580.562496601371,-2660.5369910734016,-59.97259236066057,-1155.7685259863013,-4764.102051458385,-7874.137667948896,-8601.230344246882,-6998.971116998614,-4199.076042034592,-1666.727586181617
9809.843564794686,3217.219226914726,-3656.7240139561054,-8770.240512711218,-9170.625803104425,-4141.573725381561,2276.704789662826,4186.788842655584,-49.99206452858934,-6594.809640894018,-10810.24919487532,-11017.156856650801,-8203.506349951267,-4320.586601110942,-1397.2811663696111
9619.743183418326,-297.0036583117437,-8947.496345856,-12936.470469349333,-9202.201752810272,233.617961026201,7394.66162975309,5654.921189644142,-3212.6194021553897,-11975.472163101267,-15587.878215480632,-13805.5611240363,-8958.454841585664,-3799.132207062656,-792.3638294980267
1573.1835053544812,-10109.230054398548,-17881.765051376424,-17489.83177455294,-7657.121198450855,4928.611046389771,9184.03289738814,1187.128602625215,-11839.395756292004,-20458.241155553427,-21236.15352572362,-16161.036952471184,-8779.810685341718,-2445.3566916698073,138.43161513945824
-14701.934358996457,-24950.50660608941,-28240.45039365668,-20789.71213469991,-5239.4146128204775,6730.2149345463695,4199.4974872355615,-10451.07635528111,-24855.464531771835,-30196.950659594237,-26301.043551291332,-17263.651793549274,-7332.158870901279,-253.23919578519053,1281.2018750966768
-36043.39527183848,-41190.07443202407,-37076.014347117925,-22122.88788876539,-4061.244518081761,2529.059645804612,-8655.232527704155,-27423.50039350122,-39201.112398972145,-38735.88879822523,-29428.288155575417,-16570.398014562175,-4561.988165912355,2552.8638123488204,2435.5357202272744
-57094.29519224421,-54588.91930549466,-42291.12624088518,-22171.52746783574,-6418.541446311386,-8625.304290310027,-27117.277931257366,-45571.345428888424,-51292.92839677456,-44081.727264366,-29855.456671233824,-13982.908148494613,-735.2747787776639,5556.906242574104,3377.986152043765
-72869.71024864343,-62297.526416135915,-43525.68867128047,-22403.384737541197,-13270.843482147175,-24776.818438665814,-46672.212455985195,-60498.30939547058,-58615.94487953917,-45392.74443296887,-27572.78214960798,-9831.315034072715,3637.3079514708256,8269.967645358813,3943.054483865978
-80772.67508713814,-63781.78796316952,-41878.782991988155,-24009.541282893428,-23660.067923188828,-42148.162967263605,-62844.98853099396,-69460.32681053458,-60468.997778316865,-42997.11045825273,-23153.822800833143,-4716.652217696696,7950.957088692629,10279.510662828961,4078.8291384404065
-80988.45549629994,-60387.33215994038,-38964.162450162265,-27273.488147821045,-35374.18458173975,-57062.43751142437,-73002.09363920122,-71984.47872322504,-57686.51022501405,-37934.27569158914,-17431.841043070846,691.4944498030458,11668.121002068341,11363.426112117519,3849.785384069878
-75534.67932042331,-54226.44866844006,-36090.39729827321,-31672.652059685803,-46140.194109003955,-67326.98807969513,-76767.85634066172,-69288.61361283174,-51836.590046855286,-31406.240735748077,-11209.61124955033,5817.642476332024,14433.706097653578,11525.326939079781,3392.6700522514534
-66946.43316445104,-47215.669132215655,-33951.65930348761,-36378.707654197926,-54478.6122770206,-72496.28914262485,-75337.96468657418,-63257.424828058894,-44481.68296166657,-24406.838992260953,-5095.783753316299,10266.708168595593,16117.95444069288,10950.175350817124,2856.157989528557
-57353.99439266357,-40633.49257397513,-32726.164762010103,-40696.78860779551,-59894.17012990919,-73331.1282118595,-70485.07291975916,-55634.97824895075,-36782.140193187224,-17585.48605260494,536.1868317471249,13840.087111646048,16792.577188571253,9914.295043595783,2355.3767953193674
-48142.85309886764,-35113.68310522535,-32307.925175559238,-44238.027935439255,-62603.31301251447,-71065.69226487313,-63833.16248550514,-47656.74193916622,-29418.240107273363,-11271.579404788044,5515.557342637561,16506.59884216282,16664.755960313054,8694.056463478964,1954.8592244873269
-40013.4554495943,-30831.60899757192,-32488.82888480851,-46877.95669129299,-63144.650969271934,-66881.40896924752,-56546.792605219394,-40022.88396962089,-22683.415297066975,-5563.889472068358,9815.517325060851,18352.594965239365,15998.302549344853,7504.836765545457,1675.062662508466
-33191.156182589126,-27702.17656339714,-33048.1973214817,-48638.022500823055,-62090.657919962236,-61674.05787796652,-49316.946509728084,-33028.24443638766,-16620.686120845075,-422.85741793195376,13494.919656877799,19527.59225802039,15046.17123416175,6479.73602441758,1509.3829158678277
-27628.387951764988,-25518.397367036614,-33779.94723139405,-49585.62759978652,-59909.393235733,-56026.276824377164,-42474.95200869428,-26715.60586427976,-11137.75859346046,4257.554552914878,16649.283265334107,20195.56134611617,14008.673686114607,5679.412890538409,1440.3910874335108
-23144.79797577145,-24029.95823023679,-34495.602078073476,-49781.4757154434,-56933.495743419284,-50270.58738996357,-36122.50668013996,-20995.105254592458,-6085.91404302727,8598.656310076294,19371.740151430764,20499.403350905748,13020.728559969644,5116.582321749038,1449.8609667946598
-19509.92437565314,-22984.389621570146,-35025.23820444593,-49265.1144916732,-53379.988888652275,-44569.056605062906,-30233.391411104225,-15722.586789650633,-1310.8507015492353,12699.801076231284,21725.064212366917,20544.450384967287,12161.837953661796,4780.169283278265,1522.0543091732152
-16490.600069276476,-22151.716216838475,-35224.232609537685,-48062.039173352336,-49385.202203186884,-38980.86284257517,-24722.996287899026,-10748.905047011629,3312.8528149337044,16611.899994283118,23729.46347321028,20402.458066449024,11476.362005344534,4650.308086444795,1642.13268599487
-13881.617185540246,-21344.42784486498,-34986.43613789872,-46200.96459795302,-45040.55731589449,-33514.3096764532,-19495.23703905601,-5952.349546374408,7858.060445947017,20325.0305637379,25370.90457457031,20129.691731692514,10990.716382351637,4702.1041079032575,1792.1813075406208
-11528.01952384536,-20435.348622910104,-34260.19597506036,-43734.18658415608,-40424.86338276502,-28166.390854646208,-14474.558122117507,-1259.1293042423886,12334.14494859424,23776.087984782687,26627.419594104285,19785.18070068992,10718.71488019294,4901.075979341074,1947.2941292989726
-9338.271704368488,-19368.86218487961,-33059.9673084271,-40753.821802499166,-35629.176213371335,-22950.172738320678,-9624.454426773558,3349.5457528923466,16693.33579493504,26876.311397685346,27499.16025745338,19434.601530662265,10654.540329774825,5195.851140233064,2074.001253325656
-7283.556108470244,-18158.355403903006,-31464.902122953215,-37395.802680028915,-30768.440063207956,-17906.975354681894,-4950.6244901882055,7845.792394751108,20853.34392665256,29546.18528468371,28022.19189912117,19134.839781984414,10760.676528599664,5514.065226750001,2132.8247010014165
-5381.368628193249,-16866.73600185955,-29599.979991758006,-33826.825438462976,-25976.214660113743,-13101.864779154754,-489.4749260340155,12174.981210160347,24725.242242941185,31737.645354549575,28255.169480535627,18908.837882855158,10961.23946358679,5765.750697311165,2085.47732890279
-3669.1776621532217,-15575.735824398662,-27604.444874892964,-30217.79797565091,-21385.79705895951,-8607.063135161394,3711.135795551115,16276.61307527668,28230.992655724924,33431.27017567301,28248.167566429805,18728.603370775672,11147.837500440637,5855.289145891573,1905.130808002436
-2179.758881391729,-14356.82860782099,-25600.406099049884,-26715.41889669218,-17108.100666765262,-4483.324597809878,7608.483252844793,20095.28421992455,31303.064072901987,34615.876365707016,28017.057150069722,18519.0455327321,11197.793020189061,5699.28275404791,1586.0737881106995
-928.1419146822328,-13255.406715916637,-23674.39763584809,-23424.419160669593,-13217.475895597863,-768.7147180499464,11171.879024514365,23579.322613616605,33873.91016658766,35271.80939798968,27541.415045786358,18181.067327939134,10998.104458432375,5244.942367238369,1148.3437387561307
88.17232363139838,-12290.830208120458,-21876.00998920276,-20405.54376795924,-9750.220593684891,2522.2831240986757,14380.718802154266,26674.53324829064,35871.00435054643,35373.382636153576,26784.472027699598,17620.965127675725,10466.581533433167,4483.018599197008,634.5045397793319
881.7224401889184,-11465.871421845864,-20227.86729705489,-17685.003762019005,-6712.512105190266,5393.047969236587,17219.734935941957,29322.56081011454,37226.00790817525,34907.15235125393,25718.66861623392,16772.486031178443,9564.27347910726,3451.125332612878,99.17429447912338
1467.5570979299628,-10776.914636853697,-18737.88431715472,-15267.23895780095,-4091.1718073099337,7857.946806610484,19676.47005461197,31467.044629988617,37892.97765982796,33890.32632564728,24341.267599676616,15605.513876727766,8297.88930822937,2226.5574788851372,-404.7205996936295
1859.0735552120252,-10220.27173567811,-17408.13298693275,-13145.276927577837,-1862.634919999549,9937.31845620881,21741.82814168106,33063.78571425576,37864.01265664688,32376.884971500935,22675.61793818309,14123.508035273708,6714.391851114369,910.9129312359746,-837.7094481485466
2067.041783520645,-9794.365266804383,-16239.275918566644,-11307.093589580285,1.228977502353871,11654.666639161533,23412.0930242669,34089.53716030764,37174.60730957593,30450.09899873833,20762.97595872213,12355.366615301078,4891.117504056128,-389.1207745406821,-1179.7500611285247
2100.687472531264,-9499.057296991095,-15231.589841351248,-9738.542899576043,1530.0935846698933,13035.464334995499,24690.860059398852,34546.35318019593,35898.08061297586,28207.580684858356,18651.89460103856,10346.607332366839,2924.235298430727,-1579.9476098437417,-1429.6253853171022
1969.887530462124,-9333.335134149122,-14383.821425345372,-8423.897121839838,2754.1444998380853,14106.845956060462,25589.933323773366,34460.81873498515,34132.71500702607,25745.82912069656,16389.76677838272,8152.45574836808,917.305464799397,-2594.224231232468,-1599.6728133986999
1687.4300228816076,-9292.629469541213,-13691.210406638647,-7345.205067254179,3704.037740313955,14897.394015294958,26128.646482132863,33879.0157552748,31986.48066599212,23148.86197841862,14018.264396857332,5833.550227776503,-1029.1247090650393,-3396.8456253791737,-1708.8521723530553
1270.4400809341848,-9366.940404136738,-13143.946450287818,-6481.588448445618,4411.0130461157,15436.590000848424,26331.892246502815,32859.43756370284,29563.920139245714,20482.868411693762,11572.649478329966,3453.8560353424423,-2826.403544525865,-3983.762033197386,-1776.6470671532697
740.8978097018895,-9540.145916902768,-12726.608911696212,-5808.953939558363,4906.973369458755,15754.264678908323,26228.09898620563,31466.64200043587,26958.127721699668,17796.549364643422,9083.947017409297,1079.720767994681,-4404.845765473153,-4375.407313396047,-1819.0084704173523
125.74184363453928,-9790.148309766251,-12418.397015540859,-5299.988709729291,5224.775224808974,15880.650760296987,25848.34365861263,29767.378640990493,24248.17514588123,15125.185341233904,6582.404195900358,-1221.336261761932,-5718.702271810678,-4607.3604577642745,-1846.377451724953
-543.419130086573,-10089.733047935344,-12194.003089255039,-4924.406409804588,5398.658582810213,15847.01016820501,25226.654505637533,27829.01177840569,21500.21914957287,12495.872846183089,4100.4987831005055,-3383.3871721346195,-6748.577355651009,-4720.696928325471,-1863.2155887719694
-1231.8168331844456,-10408.684355701705,-12025.491362401464,-4649.911659196386,5464.133635535196,15685.99706835298,24400.473104728175,25718.81852824819,18769.846835538618,9931.740214940835,1674.050293065595,-5346.937791551621,-7500.657466174646,-4753.717047790884,-1868.4184030040083
-1905.1104686119743,-10717.681671404793,-11885.552996668128,-4444.420183145197,5456.542111556622,15430.77232141946,23410.061041866273,23502.69122616388,16103.711469467778,7453.856927838835,-659.2385601553673,-7065.036907999986,-8002.226184752077,-4735.922141023358,-1856.2439193518308
-2534.7803705190104,-10993.452459910803,-11751.685703923362,-4279.406422883915,5408.154234401449,15112.513752160487,22296.246941615304,21242.47908492347,13539.548107089147,5080.698840598607,-2863.26609327188,-8508.45761094251,-8293.657709673704,-4684.576711836616,-1817.68026186306
-3103.52130368947,-11223.326070371324,-11609.799684600512,-4133.294181992957,5344.658514607087,14756.965027840983,21096.892452685013,18992.254210483337,11104.908771166449,2826.2685873832747,-4907.221779463779,-9667.308935565377,-8418.350133732609,-4603.920476461631,-1742.3096746189717
-3607.9663371217007,-11406.8021013361,-11455.372267963792,-3993.2588708734324,5282.657298528693,14381.547709239292,19843.45236677329,16794.867253923218,8816.062778196134,698.8406125484429,-6767.189118189964,-10547.72915461369,-8413.243208973858,-4486.866733938796,-1620.6361126294432
-4056.720726401048,-11552.697512872983,-11291.090019827303,-3854.1994142526073,5229.727205210203,13994.763630493753,18559.438616404364,14680.60229769203,6678.7675071094745,-1297.930749131191,-8424.485692875376,-11164.981893226062,-8302.74870320642,-4318.708133497077,-1446.5937883376898
-4463.934998025074,-11672.685300612478,-11121.732154054034,-3715.019381820567,5187.447175567486,13598.66199105781,17261.82362581248,12668.88672765868,4691.552641622916,-3161.388006376382,-9861.94192000544,-11536.50457223552,-8097.65992475649,-4081.997487704284,-1219.6930044007622
-4841.358776532102,-11774.3129012603,-10948.81648414957,-3574.02709644147,5156.008433675272,13193.310857747927,15964.596862370927,10772.170085933936,2850.3463398560048,-4885.588402033744,-11061.174639394456,-11678.287964439245,-7798.469730435514,-3761.54128212918,-946.1514690352517
-5192.948976577144,-11857.094600387394,-10767.834782978956,-3425.951155510924,5137.896580530446,12780.799011492834,14682.16442541374,8999.690273557631,1152.1816911295014,-6458.968701174931,-12003.381173651467,-11605.326141931704,-7400.804238720755,-3348.479709944771,-638.5220081470782
-5514.365182507118,-11913.217449895115,-10569.176551866569,-3261.9558189822346,5138.808048682765,12366.656300791157,13430.504741334396,7359.208750150863,-403.56647766894423,-7865.2001754385265,-12673.411119780563,-11333.996632942148,-6900.391557886088,-2842.759680759743,-313.7661353196097
-5796.181087775836,-11931.186024274512,-10341.255567689244,-3071.825338254377,5166.090714255176,11958.623099926446,12225.921418806722,5856.6725104995,-1816.0003453178351,-9086.124583874438,-13064.324288574338,-10883.529388318753,-6296.0789315452885,-2253.811906397017,9.72486082138181
-6027.352261684619,-11899.080113886246,-10073.100566067676,-2846.0612166722535,5226.751849419217,11564.646540034873,11083.12141148746,4495.403821565169,-3083.77995258979,-10104.535718319981,-13179.66312511319,-10275.389574909646,-5590.908033207436,-1599.6861644485805,315.27314518762694
-6196.440815713527,-11805.45369305532,-9754.865384341803,-2576.313706124232,5326.839988984355,11192.039585850625,10014.433406942448,3276.302980003552,-4205.170621846009,-10905.655095423044,-13032.925413142984,-9531.461934490455,-4792.14088386124,-905.0924270328167,590.3263456511811
-6291.168554387752,-11638.798311570108,-9377.12152954739,-2254.6262385612354,5472.112118380426,10847.991055752474,9030.344693905508,2198.971829031984,-5177.467839580392,-11478.04388538597,-12645.687566546692,-8672.550401911774,-3911.0977829694502,-198.7491040879814,827.5979535256026
-6298.821098497817,-11387.968990715666,-8930.998138695475,-1873.2968827922778,5668.350330224301,10539.96281803795,8139.993247425475,1262.4110619386327,-5997.198192042116,-11815.204974598057,-12045.764028058336,-7717.893679595787,-2963.138020568294,489.66282904673403,1024.8918145149808
-6208.953937032843,-11044.67110675212,-8410.132824929795,-1426.4565361114956,5920.054206308587,10274.636591216904,7350.382172924863,464.3263034956798,-6661.721880705499,-11917.833435572371,-11265.488000990777,-6685.408570083119,-1967.6574995682045,1132.6335941400569,1183.9559622642143
-6017.134249077592,-10606.630302631233,-7813.306137488386,-912.5820348777681,6228.002416347808,10055.692133027174,6664.583266104198,-200.43743664857539,-7171.297388583392,-11795.299411398202,-10339.54228270131,-5592.1203864565105,-947.8442457690544,1707.6340793330794,1308.8720107352865
-5727.073529311027,-10079.090185032617,-7145.764130915942,-336.09766838359417,6587.443373045915,9882.018765748491,6080.373816494448,-740.8909400192108,-7530.101309253573,-11465.177466980002,-9302.351364098104,-4454.57713551121,69.99265830525468,2199.1351692921426,1404.4422281763582
-5349.792288127127,-9473.682051550637,-6418.347297849075,293.040747001619,6988.222772582637,9747.684522217898,5590.436345221852,-1169.4393014276534,-7745.690047200732,-10951.145411486072,-8185.843079541406,-3289.332475275297,1057.6261923363202,2599.485697105039,1474.8856637610102
-4900.878486734939,-8805.856122327783,-5645.331211089162,961.2533537448436,7416.608317711257,9643.556508628597,5183.927921552528,-1500.395588211,-7827.768486670517,-10280.629827800032,-7018.3386841818965,-2113.5016682912456,1986.7109790683287,2908.548672104361,1522.9914388436193
-4397.975119252962,-8092.7792624650065,-4842.542702149692,1653.3432813501036,7857.511429247232,9559.365619042943,4848.29649044484,-1748.5848987615739,-7787.4345440686875,-9483.170806204445,-5824.537017436611,-945.1445588891942,2831.1205433606265,3132.2536293301578,1549.7504986070385
-3859.55808821079,-7352.430523767335,-4026.4157646078456,2353.7560257763134,8296.063959424562,9485.134200821321,4570.460199491957,-1928.6559430805858,-7637.15502069922,-8589.321644648817,-4625.905648878735,196.82749448774803,3569.473844965485,3280.3942782688996,1554.4054862908906
-3304.286677150808,-6603.042137466687,-3213.368074289217,3047.3550627869654,8718.495653420758,9411.80130163983,4337.372220176379,-2054.7681215308776,-7390.751097671015,-7629.340719454318,-3440.859776386419,1293.2634778757854,4187.177561194364,3364.090289785241,1534.8198008504507
-2749.6667697279927,-5861.733420000192,-2418.6058614383146,3720.3958991025447,9112.821665526695,9331.524322416855,4136.52956418449,-2139.9913463129824,-7062.692359342208,-6631.429070920245,-2284.690920535127,2325.5809237147464,4677.2548310157745,3393.389554597098,1488.0723221263306
-2209.9143934904905,-5142.384624465981,-1654.4088116764544,4361.755576499278,9469.525213428149,9237.98202478108,3956.6945378602295,-2195.3197647006155,-6666.894048276628,-5620.1047188103175,-1169.6844017997846,3276.321026498522,5039.647554586969,3375.5081752989163,1411.2179492834439
-1694.4196184245945,-4454.1723380339745,-929.0393891944952,4963.611295786605,9781.784644718422,9126.460765689862,3788.4541474786597,-2228.966946319381,-6215.954308473952,-4615.551879594617,-105.82712688689327,4129.277037565968,5279.393913499336,3314.106790594139,1302.1654707395446
-1208.4136713391465,-3802.253235945296,-247.4431584644396,5520.712768512295,10044.722375270934,8993.328081903459,3624.037237551214,-2246.709249834243,-5721.556041123146,-3634.215882172554,897.9696787160889,4869.513258568686,5404.5908857972745,3209.7153101379595,1160.5648002786932
-755.9341659615085,-3190.5970652846236,386.33791428201573,6028.383497708399,10253.867569933896,8834.95879607648,3456.3299593085862,-2253.292939398342,-5195.7701101892435,-2690.0687199318554,1832.7118156498113,5483.866323301439,5424.939339159894,3061.017209734002,988.4913084172442
-343.2065528705568,-2625.1472834173223,966.6075180010869,6480.573802780449,10403.863268668652,8646.82200167722,3277.8071832699334,-2253.9713800974696,-4652.136445535949,-1795.550760250293,2688.918481103592,5962.250011823702,5351.033997302125,2866.411413254623,790.6758473589837
20.102072176158096,-2114.9448509856143,1485.264509800845,6869.52430355554,10488.51757943006,8423.557018251948,3080.363545764429,-2254.9707372089756,-4105.442359472848,-961.5127603452033,3457.2443506447285,6299.382932647906,5193.960636485616,2625.2871444837824,574.1448389319619
322.8995734074306,-1670.2049897595261,1933.5999362416999,7187.49905651903,10502.361686532095,8160.214219023771,2856.4366031116733,-2262.4172920005954,-3570.062836162754,-196.29375062863323,4129.700937170437,6495.985065116557,4964.6960814778595,2338.760470483905,347.3609588378318
556.6382981460188,-1298.6182908750334,2305.4451357288954,7429.423267437835,10442.653394795396,7853.89900197226,2600.7865765487445,-2280.456713047544,-3057.831852550633,495.2211817400997,4700.601534282753,6558.609706299615,4673.247644854119,2009.9868499669938,119.13788455647872
718.3794662298146,-1002.5389479480791,2599.3819385436154,7594.4776586839525,10310.32570789823,7504.649771253525,2311.6894507471898,-2309.9827813759034,-2576.801622506249,1111.6509435910034,5166.569817851289,6498.101174172915,4327.940107819622,1644.3148241110343,-102.37087793107199
810.7702603993338,-779.0622882089086,2818.42298051498,7685.48591089538,10109.173826886854,7114.913620106565,1990.6669440435203,-2348.979331056418,-2131.606766041822,1654.018824894783,5525.741088184238,6327.546322171733,3935.320359106214,1249.415482808302,-310.4130786347203
839.1354904028696,-622.7759107742005,2967.5361981251267,7706.684063880056,9843.97893375045,6688.064480007637,1640.9657391377875,-2394.267552609234,-1724.9794016556361,2124.143661403558,5777.018826013471,6060.777719398059,3500.7846723244916,835.2772171891213,-500.03931469947577
808.071179409071,-528.9559274691114,3051.042100172976,7661.738885039294,9519.112040852446,6227.159328363838,1265.9421592953213,-2443.3977105746867,-1359.1649213227438,2523.5942188573026,5920.261963258271,5711.86518476859,3029.589445222376,413.83120700365765,-668.174025409086
720.1961750307203,-494.74589300027833,3071.9355935785643,7553.634333584179,9138.743181569245,5734.930913775249,868.5505122031959,-2495.350657647656,-1036.1623742303298,2853.8745127425414,5957.49600024523,5295.199149257292,2527.738875291192,-1.9212411676728607,-813.4004751552914
577.9248985716832,-517.5229311105642,3033.595634894314,7386.491302019505,8708.453677979516,5215.025774719855,452.247733772059,-2549.6496795059106,-756.6890141449237,3117.5614203724913,5894.30963857238,4825.435805401987,2002.4266124039298,-399.15904654658027,-935.5295753102343
386.7313400183185,-591.8696932749324,2942.432714611169,7167.790346675021,8236.885514953647,4673.49113290913,22.512264727348253,-2604.6814041880925,-518.7792758291579,3319.366575013935,5740.323701877385,4316.910908609194,1462.035815143309,-766.5441131741685,-1035.0475885039718
157.2057589583849,-707.6502459143684,2809.251795411978,6909.066267660423,7735.94966592572,4119.249107623068,-412.33065110641843,-2656.5912087751126,-317.23045387705025,3466.124714681273,5508.233916431695,3782.7128556137313,915.9066687990924,-1095.224278255814,-1112.5542599205146
-95.95616439346492,-850.9143615899349,2647.9890708535127,6624.186186182266,7219.086579240807,3562.937139255973,-841.8435835347339,-2699.6900508591293,-144.52903797863814,3565.484384305296,5211.900151238477,3233.9079117068977,374.0544495132866,-1379.3259560729427,-1168.3049504752348
-357.76349630817776,-1007.3914072090731,2472.293830200307,6325.983211715825,6698.376463749183,3014.557303912942,-1255.601222777022,-2728.2545776667785,7.1039175327612725,3623.998856923223,4864.498270961381,2679.266388604963,-153.13561713930557,-1615.9227750630712,-1201.9564557892115
-617.3767274336336,-1166.5873406844528,2291.8819906530903,6023.124509830281,6182.046462872675,2481.153159500687,-1645.6139950270667,-2738.667576685219,143.63121124242997,3645.728435643337,4477.529178444781,2125.489527219245,-655.3117226251027,-1804.605384255688,-1212.5785312011442
-870.5618163688129,-1324.0654007589385,2110.7830529832872,5718.986921517546,5673.714625671247,1965.7789309474929,-2007.7136068705222,-2730.6058355454343,268.18865379169955,3632.1417492612527,4060.814939924226,1577.7222808812714,-1122.6754690621988,-1946.8181954390238,-1198.923574792444
-1118.6493201517928,-1480.5236410078778,1928.5323082364819,5413.184492044787,5173.783339280765,1468.379060823933,-2341.0875423646576,-2706.516495400337,381.64123070467815,3583.340219463497,3623.0865429368987,1040.1802643527617,-1546.4907206657026,-2045.1020340152,-1159.8607375477004
-1364.4462967583465,-1638.072030492711,1743.7439437227254,5104.981262869955,4682.321939770765,988.2388020427339,-2646.122761744429,-2669.569244949753,484.36199231764397,3499.9450326399865,3172.6790501692994,516.8647989959923,-1919.3915610085335,-2102.3452821331143,-1094.824577986431
-1607.2213014781512,-1795.6477127552887,1558.2310076891736,4796.875190922391,4202.071089450742,526.8599621484236,-2921.634477242532,-2621.107163992253,578.2673221543188,3384.732094106642,2718.0448359251777,12.351930627302863,-2235.4284635033573,-2121.1392561655184,-1004.147027899985
-1839.4519741677025,-1946.031109189545,1379.507365695151,4496.5400868009065,3740.1084242809316,89.81031740257825,-3162.9639881106914,-2558.9327089536105,668.0096647927878,3243.3009218536167,2267.9575084674607,-467.54217715075185,-2490.021466602203,-2103.350509730524,-889.2271358921503
-2047.246077612947,-2076.2142252847084,1220.224609202012,4216.035861473133,3307.2385672835044,-313.5504088896713,-3362.1025398658053,-2477.4103543930596,760.6165480275693,3083.519897457459,1831.2915058900132,-915.6036823265049,-2680.092121248599,-2050.018065905034,-752.5768386283813
-2214.5759787922834,-2171.253180959173,1094.5366983892904,3968.4255766801507,2915.1367736208317,-672.6311636105019,-3510.0311615005817,-2369.4977777825497,863.5976912211879,2913.9788476997583,1416.2777943188448,-1323.8756338665016,-2804.480633154825,-1961.6138500501968,-597.7925110461337
-2329.50004218663,-2219.940941583063,1012.9263317518655,3763.186044840723,2572.350018232257,-979.4602661763179,-3600.287332998921,-2229.8313251024006,982.3065316620828,2742.053330721807,1029.3377704125282,-1685.0136824201995,-2864.4335561480766,-1838.5789956604626,-429.44392538219586
-2389.3292386663584,-2219.529161679617,977.95780802518,3602.529836280534,2280.9792266903582,-1232.0008731377504,-3631.9881368673373,-2057.37599760331,1117.7866397802618,2572.3552745353645,673.9443730487228,-1993.732113725674,-2863.754313786332,-1681.9365242170988,-252.82297983196727
-2401.9269688259915,-2176.9388892841403,983.218528754838,3480.5595288143804,2035.7996874557493,-1435.1221853582415,-3610.6396318451207,-1856.2537007802937,1266.210535674697,2406.2443331729487,350.17796612825293,-2247.5453844806007,-2808.3312731441865,-1493.7586942047665,-73.52603873645343
-2382.051671627603,-2105.465523542298,1016.3336844448293,3385.9989632814177,1826.5913233357414,-1598.4220265279746,-3546.088449988797,-1634.1944132920194,1420.3286037333905,2242.682163945862,55.465262028358154,-2446.359896123036,-2705.1120992650717,-1277.3539010231,103.05835815056562
-2344.1229013965653,-2018.2254868169168,1064.9527251908105,3307.539727525333,1642.9046601419036,-1731.67758628672,-3448.437496422149,-1399.2348622310199,1572.3836034312487,2080.1263391757143,-213.59216730503852,-2591.174467726717,-2560.9125186930064,-1037.1796006363409,272.207751950176
-2294.7692525500447,-1921.3838817117269,1122.9880826113342,3239.4246723598944,1479.1410326230075,-1840.0399489339034,-3323.8693515110394,-1156.220393253113,1717.1872254091124,1918.6262371156693,-459.05945511944367,-2682.728489488503,-2381.5227963477123,-778.6000643247144,430.13614758398614
-2228.9010494924705,-1810.5520090779592,1194.0289288482277,3184.5501221665163,1337.4454332923003,-1921.407068273419,-3172.4638107247815,-904.8446446943108,1853.9117090947536,1761.0937892098627,-680.2507487458197,-2720.9727375747116,-2171.398303474643,-507.63168379838373,574.0364463162463
-2131.5289758235294,-1672.3716646182593,1290.042683100912,3153.3877637621904,1226.8044560694152,-1967.4538453793723,-2989.1546328520926,-640.265928328616,1985.7291031014538,1613.0372535076015,-873.8286090906976,-2705.693908720726,-1933.9384810676404,-230.75139364172435,701.9520098437868
-1984.824140941172,-1490.8450614187432,1425.683750231382,3158.968500127966,1158.5246743927655,-1968.021635925778,-2767.4351301481665,-356.10822967004316,2117.4549118254977,1480.757030782836,-1035.4261885525789,-2637.8821070235153,-1672.133992980729,45.26113922851863,812.5708514608045
-1777.3472309651754,-1255.6518533244268,1610.662412070554,3210.079134625124,1140.0456034992496,-1916.8932597171427,-2504.0901681671644,-48.507085002733675,2252.303928322651,1368.7621431934058,-1161.987386653557,-2520.993887327975,-1389.2782237844383,313.5407718342288,905.0081808186147
-1511.251341181779,-968.675459978644,1843.6212419548601,3305.740012313739,1169.907968386753,-1816.2676771460262,-2202.7592123305453,280.64118292370284,2389.2731892747033,1277.5812856664752,-1253.6362000847635,-2361.380982785305,-1089.4892287988325,567.4781426186812,978.5968140981249
-1204.1234257093377,-645.7242884447479,2110.340199272227,3433.505773823013,1236.220911220823,-1677.8401317523571,-1874.7042515431021,622.7040565766026,2522.353295046726,1202.997489439536,-1314.138296117052,-2167.6736550677197,-777.9106176053873,801.1483561879094,1032.6882993273205
-884.5235771827286,-312.57831191006017,2387.168419949414,3572.4319486322893,1319.4019423345044,-1519.9568821829266,-1536.4358912448427,964.0635884695323,2641.9196953677456,1137.1043648650177,-1349.7475275726313,-1949.445237006056,-460.58581844137325,1009.6999500993998,1066.4927358648647
-583.0545179554308,3.0156118624395987,2648.2846210812204,3699.4961142427014,1398.067068597301,-1362.0679788745294,-1205.2157433731718,1289.8554287917893,2737.69067237358,1070.7740483063312,-1367.0296203406833,-1715.7375581782144,-144.08870592511278,1189.5754817301463,1079.0229238897573
-322.6836671579177,280.06665201620115,2873.765063661468,3796.7943534273118,1455.6004080733971,-1218.837913527619,-894.3074986512695,1588.133593769121,2801.992108528466,996.5180331992594,-1370.7133932552078,-1473.9508310796443,164.96016015971134,1338.5256095819725,1069.2119545791272
-112.25852536446527,510.23311934928836,3055.1728986096846,3856.5747791020262,1484.7052985727216,-1096.3299418125882,-609.874426994502,1852.773575178895,2831.9938306868617,910.5749187307944,-1362.5392182744927,-1229.3529789340098,460.34941292773004,1455.4836299666267,1036.2158217568083
54.31012261358959,698.6378974829272,3196.529266428511,3882.177250078323,1488.1779501130545,-991.7018550605601,-350.6650316429893,2084.0193617563273,2830.0685766134416,813.4200534023548,-1341.5440903088406,-985.2184237791699,736.586099676106,1540.3996022870315,979.8146809202756
193.16942234183375,859.5505872193886,3310.5314731000162,3884.7318953252866,1475.7929992932861,-896.3186244860156,-110.4430212827254,2286.609704534251,2802.2348590260726,708.5889401253589,-1305.535788057263,-743.4391520670282,989.0092373095433,1594.0755359945795,900.751022311917
322.26839029826516,1008.997362624917,3411.853600277988,3877.2305915568527,1458.8122363800762,-800.7785207079897,117.99547327836996,2466.4311007024025,2755.4269287261313,600.4295061881971,-1252.9973275621705,-505.35161858764616,1213.756623648192,1617.9625895021218,800.8528548720653
453.2962433589347,1157.503470029778,3510.456054796909,3868.5692325484138,1444.5286263279856,-699.6533397476794,338.9572070784868,2627.2014243552358,2694.765156799165,491.830309326136,-1184.5426704788442,-272.4825438502379,1407.7011398155182,1613.863298011588,682.8935416173208
587.0618017735432,1305.8974159291688,3607.6118644151775,3859.9770399703716,1433.0800235414747,-594.0209829906765,551.7012863917369,2768.5597623082026,2621.9144598219045,382.9246286514431,-1103.3304018162587,-46.96125133049952,1568.4540278821933,1583.5509680093114,550.2743777534624
713.8809027691483,1445.6032623714907,3695.9977315653,3845.0497551782382,1417.6440447075474,-490.94614952011085,750.7303316754712,2886.2163418767796,2535.0823959980316,271.27744912065475,-1014.3607948510546,168.5076788824582,1694.4394800001178,1528.4189481654653,406.6904849642015
818.3203270181649,1562.8517231164913,3763.374054042261,3812.9861776009975,1387.6107737428329,-400.42027687512314,928.1611030144456,2973.8705550843006,2430.4847740709556,153.36707386855414,-923.0704709986672,371.01879254101095,1784.9610735510298,1449.3210353666832,255.90850191462226
885.8988026041774,1644.664941382056,3797.934586465963,3753.3402114172986,1333.1207376232155,-331.2887573686411,1076.9696764734595,3025.8879203305323,2304.5238341018153,26.606959881426462,-833.8807313429522,557.9460945856295,1840.185425280219,1346.717001781206,101.68035879983486
908.787579604064,1683.9655264013932,3792.9408860430244,3660.1733294270607,1248.9540309786232,-287.95701448669,1193.6662947949496,3039.539135869859,2155.7174724741585,-109.03309642230175,-749.279411044597,727.2751812574487,1861.053648309839,1221.1147102408377,-52.276130495376904
888.3039853929026,1681.834342475418,3748.8602120666887,3534.0092360171793,1136.2513774552563,-269.14142011625785,1279.3635450239133,3015.9592908297577,1985.6307010236192,-250.50120812745814,-669.7074549036608,877.6574943257024,1849.2047037477516,1073.6636845978128,-202.3209846662831
833.5793337097193,1646.3651502263292,3672.4998651107153,3381.108494340253,1001.6214137481015,-268.93416696428505,1339.004037873285,2959.642191458939,1798.5509883119075,-392.3990455226117,-594.1523477549956,1008.2371119691657,1806.9732117920194,906.6687146957327,-345.00418756038584
757.4290793558623,1589.0343691170913,3573.9362183955795,3210.7382537869125,854.3121055912193,-279.46644641318807,1379.3104646841914,2876.9063031262954,1600.1802206738662,-528.5935301958862,-521.084436499511,1118.4260251492215,1737.4190136816776,723.7990397126418,-477.22431469334754
671.4555495035125,1520.3907878016757,3462.811255713724,3031.8173660239772,702.8191123207084,-293.8961014819962,1406.4668221869613,2774.0942731334444,1395.9677338385156,-653.9871065969623,-449.29879363936374,1207.8044266736392,1644.2543253932456,529.8764880896117,-596.3745031049148
582.438206047283,1446.8793761694558,3345.563966466129,2850.3434148556767,552.3389812226986,-308.4913614695991,1424.4905832929096,2656.215902420767,1189.7649432576466,-765.7356022967076,-378.342500769818,1276.2070074780488,1531.5497282980955,330.2979193863965,-700.4209876922046
491.24172260201027,1369.8692074863168,3224.5044604642653,2668.452962956866,403.9309689413571,-323.12725263141726,1434.806000047328,2526.4146207152035,983.2636639581469,-863.5055983266199,-308.43845300464255,1323.9056952291912,1403.2280319229126,130.30831100725044,-787.8878401866733
394.2714736424309,1286.888749646909,3098.7172421661267,2485.1614998334944,255.44314237958585,-340.2526397229042,1436.9384551458634,2386.231888860462,776.3188255322193,-948.7953080442776,-240.0495204025799,1351.7172379287463,1262.5107107544786,-65.59019357176169,-857.7518625617657
286.4933889233123,1194.188186189597,2966.0412437376776,2298.1603718814094,103.56517409321567,-362.980974930204,1429.8033789793767,2236.3541299819726,567.920848492681,-1023.7031939257581,-173.36162113061187,1360.909383733271,1111.5598044023973,-253.87178016413378,-909.2753788671903
164.6022233099958,1089.391258328187,2825.1047394658026,2105.7715739707414,-53.94279369035144,-393.18283172070164,1412.9332161907578,2077.4463762381774,357.3981912091307,-1089.6793644148383,-107.9561214850832,1352.923937240671,951.5072365153096,-431.8109463191963,-941.8249902319923
29.14037124677133,973.2194386300823,2676.615641912124,1908.311692333841,-216.6762454421956,-430.28919292955675,1387.1684643254844,1910.779035915634,145.43065385117174,-1146.7134203829464,-42.81486821112952,1329.079519992776,782.9102154004888,-597.0373577175767,-954.7414770182771
-114.98676372924061,849.8555122622164,2523.6165027327233,1708.5308402278981,-381.08927088276096,-471.1015125012418,1354.6862858282843,1738.5352730871696,-65.40968122464727,-1193.1766677956557,23.37255788542103,1290.4590198422036,606.4922474274438,-747.0833438625195,-947.328498620001
-259.44647899160526,726.1310274033814,2370.914455838682,1511.2266748451716,-541.0313361455645,-510.47083643144754,1318.5577923526348,1563.8369527314198,-270.6867539241723,-1226.2678431890731,91.76823734866088,1238.0914487940067,423.902830371874,-879.1780896076943,-918.999236035865
-394.2534593888815,610.0988763862722,2224.1612044499107,1322.3916441038666,-688.9538366729768,-542.4365387887493,1282.1708824823438,1390.586125949108,-464.63440989449236,-1242.815588343375,163.02714591602881,1173.359673450113,238.20230493893064,-990.4109950909067,-869.5576728745982
-509.6837754646757,509.5862991528917,2089.0202394868456,1148.2677343691826,-817.3308092435852,-561.3770219936155,1248.7967678751843,1223.1910091739921,-641.0346894606716,-1240.1231021102367,237.17609366170404,1098.410186601456,53.859103047445615,-1078.1968805933657,-799.5184595601264
-597.8364663747584,431.0978162523569,1970.6157324152348,994.5271508560096,-919.9348776647123,-562.8717817446968,1221.3893394556785,1066.1835745290612,-794.2416133343903,-1216.5968011290759,313.75420310476534,1016.3006108241682,-123.79051704981248,-1140.8225845949096,-710.3291729640946
-653.6570911993126,379.14313493746266,1873.1962092065132,865.6140549325178,-992.777591782707,-544.1844082107946,1202.5178978918136,923.706773846406,-920.1472835673949,-1172.0307006424346,392.1012993837201,930.7227180935533,-289.4742445710888,-1177.8140844149798,-604.3852818572022
-675.4526694212701,355.88112445260634,1799.8280711125071,764.1979355888892,-1034.6500852871632,-504.4278012630471,1194.2580015375763,798.8919689081531,-1016.8945892863132,-1107.5525468210985,471.609647406827,845.3357491681302,-438.99789488600385,-1189.9515462415307,-484.8170792328409
-664.9739119569057,360.96705917918916,1752.0075585206016,690.7375593507688,-1047.2419719371953,-444.51013056569025,1197.934830882984,693.2446168994188,-1085.1638731695582,-1025.3243322789833,551.7876250036297,762.9398162791067,-569.9721693088159,-1178.9248143608875,-355.13244937811095
-627.0745250449644,391.6050419382243,1729.2639973804073,643.266944540343,-1034.8110974508068,-366.91167311429876,1213.7678967345291,606.2422272397,-1127.9250611744342,-928.1158931552419,632.1002475556813,684.8150080384191,-681.9688769811787,-1146.7774329463978,-218.85902072492797
-568.9024729113114,442.9108468326841,1728.9774476430157,617.5777733537557,-1003.3965088587377,-275.285725312723,1240.5964640503094,535.3499308241956,-1149.6690286918158,-818.856945445015,711.6835750853281,610.5006925189208,-776.0433884918792,-1095.3640192576772,-79.31140060904619
-498.62677497794425,508.68087842369516,1746.6402731163116,607.9113236715316,-959.6532864202379,-173.87435466744475,1275.887261720351,476.5483611789308,-1155.28981456916,-700.2487257875403,789.1061986492202,538.1174548876379,-853.8264544180714,-1026.023935646077,60.469461690569986
-423.8553972620573,582.5301692740983,1776.643067142503,608.1003118370802,-909.5173642060078,-66.78987051514542,1316.1278913179872,425.2864739361911,-1148.9197725826114,-574.4943674426798,862.3362675275928,465.1244008363911,-916.5744783417614,-939.5791720049522,197.64630886608663
-350.07300683729704,659.1804469835405,1813.4407949850086,612.9026592007057,-857.0119799429752,42.70604031917185,1357.5470474777521,377.60225398988723,-1133.0551369633363,-443.1832590981622,928.9814026034672,389.25008879925485,-964.5743932354015,-836.6399321025958,329.4769766601237
-279.5178664738945,735.5510823696317,1852.7690430181412,619.1464804439236,-803.5191715736291,152.74596325842515,1396.9579699236335,331.07441454250875,-1108.2219774711493,-307.33282258851926,986.7482786169621,309.2915445269937,-997.1191885748544,-718.0883646152298,453.254518046242
-210.8595195910564,811.3039721551658,1892.5194942948492,626.3210759052874,-747.737114461186,263.06195182985783,1432.4569800750678,285.3108462322798,-1073.2536406503757,-167.55576911610848,1033.970452078479,225.54267814882138,-1012.9954992608222,-585.5423828640552,566.3395377328555
-139.8353716786097,888.6305608100536,1932.9739882572253,636.4024681784308,-686.3562709851401,374.7732737217131,1463.745733598483,241.8249247267113,-1026.0536660190674,-24.295325940078385,1070.0136689825426,139.75001911215543,-1011.1980610339715,-441.6036681443664,666.2749907989883
-60.72049318386709,971.2981111672873,1976.30125336344,652.9386588139508,-615.2785728683771,489.7945660654114,1491.9649973507671,203.34315905479812,-964.5790793121873,121.93336005819333,1095.4000134626199,54.6458288621825,-991.5185558717627,-289.7761721933532,750.9353085944442
31.756564078692005,1063.207726541032,2025.4603656381262,679.6530875031232,-531.0467583386435,610.0118272355319,1519.0833797161954,172.76006371668595,-887.7431300430511,270.3397847502565,1111.5835223703484,-26.77025877842044,-954.7674652495125,-134.08016364838772,818.648757681339
140.57920402661745,1166.8691649636123,2082.8402109828758,718.9704151794012,-432.0998107841318,736.4373605590097,1547.0213591904123,152.05279844268443,-796.0036619465591,419.70809315165394,1120.427494060245,-101.97047472323476,-902.5993584177388,21.477443372671587,868.2442568702969
265.1824116285294,1282.2119272945197,2149.0308297099896,770.8775944369887,-319.5399825078769,868.5524828910119,1576.7647023432014,141.46220161589073,-691.5337657924908,568.2930370063505,1123.535511442205,-169.4426672984826,-837.1022416142526,173.3536226526614,899.0056027640271
401.0709794008748,1406.0333186450941,2222.059763510953,832.4125374066937,-197.25470806128294,1003.9862402688452,1607.714602408602,139.14936297804041,-578.0067643806725,713.7512172361915,1121.6386663864487,-228.9015217188765,-760.3866722980815,318.6677002307341,910.5569971511512
540.3621021139511,1532.1928906370285,2297.277227646594,897.881026009975,-71.41714943559154,1138.590568771961,1637.4483449703073,141.39076348330468,-460.11692903928656,853.1169155780899,1114.225480697289,-281.14589615902617,-674.3538106162966,455.112778011336,902.7387720308577
673.0716504189883,1652.4790774553198,2367.9052336503846,959.7167912752673,50.47392256039106,1266.8925198739726,1661.956839270665,143.23420729682329,-342.9785008482078,982.8629684916955,1099.5280347113448,-327.6519775181152,-580.689900378193,580.693682356606,875.5439091010838
788.835039150569,1757.9520212912385,2426.1294919190827,1009.7746679378031,160.7940487292668,1382.8502839490225,1676.3163799331473,139.4424163814889,-231.51198644278975,1099.105657601019,1074.8753104087878,-370.0597195441774,-481.0110106539167,693.4801466389837,829.1633527614949
878.7257156649375,1840.5115947894424,2464.523629704556,1040.7933334317509,253.01751115421325,1480.8053008580382,1675.660757641872,125.51368900373036,-129.8755296331223,1197.9954477138156,1037.3255701361109,-409.71388687590957,-377.0244907730258,791.5284207132786,764.1363497063535
936.863385801682,1894.4221186425295,2477.5399520499936,1047.7595932951008,322.7840146965495,1556.489771144813,1656.253431546866,98.5780220090591,-40.96824385557528,1276.2759638295477,984.4198807314299,-447.367502192695,-270.59240687169176,873.0093049727687,681.5445873674506
961.5457778377842,1917.518930569368,2462.7680378076943,1028.9243200917597,368.6529294159047,1607.9103402192384,1616.422971866423,58.00298573515708,33.96126698259417,1331.910100942898,914.8717541824193,-483.07536705777636,-163.64972139066248,936.4603249948957,583.1570337464194
955.6830691151547,1911.831964105223,2421.6633285733333,986.2564127891311,392.4088131594459,1635.9017962297617,1557.1290012528993,5.593737325839882,95.5365098181984,1364.6023778131057,829.0242643745505,-516.2383705423262,-58.00736240433582,981.0216945528457,471.4464113212202
926.3897109899466,1883.4205750605288,2359.5118068804277,925.1927842001174,398.8153676506274,1644.1628133867666,1481.983437245678,-54.66548396950424,146.2163156666703,1376.0302850428702,728.9597968076379,-545.733191838184,44.87323247748327,1006.540123183926,349.4530736004376
883.7228293090615,1841.3493180847302,2284.5423760211556,853.6652435885732,394.79085714853113,1638.6738467825155,1396.6655227741478,-117.30291747200579,189.92762792036336,1369.6547924297236,618.2288031737055,-570.0779238060506,144.0293577520065,1013.5014472388392,220.53859383966315
838.7421688796994,1795.9336370346584,2206.3052735445235,780.5473372639526,388.09850988274775,1626.5469517049642,1307.8186398176522,-176.37136299315006,231.3636420173297,1350.0987960336417,501.25716387960335,-587.6189815871938,238.99011983623961,1002.8314806365184,88.11414653651583
801.2508487895909,1756.5888040867092,2133.641217559203,713.8204049648396,385.77771777227684,1614.5230644361159,1221.6595127693536,-226.5920289731921,275.0426263509671,1322.2193976669112,382.57420448420254,-596.7483195192017,329.59299934334325,975.6474473924127,-44.57230210755635
777.6886108632299,1729.7491659732536,2072.697883305145,658.8511328138972,392.6350375571773,1607.4525310359254,1142.6178827258332,-264.4015962706687,324.3135963403817,1290.101970139598,266.04929501087537,-596.1552462875123,415.6766350318695,933.043035835419,-174.54491667742872
769.6441141688528,1717.3372556166855,2025.4603426708495,617.1664189146645,410.1290884994911,1607.123731872684,1072.3268967851036,-288.6867935791557,380.5380034409333,1256.232143039547,154.31710894765757,-585.0886946513415,496.7594089920665,875.9636021789612,-299.11160664424176
773.3328186562891,1716.1522247123844,1989.1512432024147,586.0087140503252,435.9136665345793,1611.7338009464909,1009.2033214792092,-301.05307165549107,442.65353225908484,1221.0493727854937,48.51239345645814,-563.5741734891336,571.827409651848,805.1931138753539,-415.8222582974905
780.193569165172,1718.3541227026906,1956.665842563927,558.7920673788996,464.1723191635167,1616.1513099753406,948.7222996044627,-305.56570741718417,507.24534493288024,1182.978079893065,-51.652420096490744,-532.5162288096452,639.3171324123707,721.4422988480419,-522.4263725496054
778.5416277176462,1712.9983589685812,1917.9912614800432,526.401258708355,486.72162098694935,1612.9472960064923,884.3443973334065,-307.99805009776,569.1381944348734,1138.9118622793253,-147.51633641748867,-493.63163792832665,697.3035392773272,625.5029231814178,-616.8658124700675
756.0176566992843,1688.367683118077,1862.363820879346,479.11856822359516,494.711617515561,1594.0099700038274,808.9267023433923,-314.70452482567646,622.4104342616921,1085.0314311311674,-240.90740044665696,-449.1955711164379,743.8279931272441,518.4200488513474,-697.3088190812346
702.4148309379699,1634.6869716487654,1780.7719815165474,408.84441975249143,480.63234808604466,1552.4393327429423,716.3629555341406,-331.2977627343306,661.6422554294865,1017.7864786566097,-333.50500397106043,-401.62927763101357,777.259043860288,401.63626247363084,-762.2051296562088
612.3683639894351,1546.7105688024385,1668.3327149257534,311.21011695320055,440.2602879921383,1484.3571613246986,603.1553370400084,-361.348361696119,683.1594741321529,934.8619998192319,-426.23218697757517,-353.00095109030804,796.5875628195572,277.07793847114345,-810.3303723977432
487.37318934563723,1425.6610742053656,1526.067848580277,187.17257926338215,374.160890962505,1390.2718407693494,469.6220768035453,-405.34007670137146,686.0264334848634,835.9643922899835,-518.7666169687142,-304.5430709232042,801.602517049606,147.17434121485124,-840.7950312506099
336.672333083003,1280.082857920445,1361.6889285179375,43.74043375546671,288.4126760966251,1275.7046543357164,320.48973565660947,-460.09624727101436,672.5772884797644,723.2882655658616,-609.2480078960425,-256.3031697641141,792.9426525205635,14.813590956178416,-853.0150948070914
176.73031971045947,1125.3469505945047,1189.1566901824685,-106.3918008951265,194.33464569980725,1150.9045274664736,164.70571574255536,-518.8373441381725,648.350045360685,601.5596847709938,-694.2497396066972,-207.033177269642,772.0450843129654,-116.75983669043072,-846.6668853828292
29.24856622451705,981.7788500020198,1026.9907331421514,-246.34348508134462,107.1678208545907,1029.6335462540105,14.429626895344484,-571.9332958998772,621.3924522851654,477.6033807134805,-769.0585821112302,-154.37996132547374,741.0089867960987,-244.1061289712834,-821.6634567613635
-82.05049033971417,871.6344109661436,895.5308804223644,-357.5171997874271,43.85490130512929,927.1711331550351,-116.69294870966016,-608.2889218833734,601.0263825230442,359.45601659374785,-828.2587616073831,-95.37064844080015,702.3776011604971,-363.80661827858523,-778.1843152550521
-135.396934094195,815.3754944970813,813.5552032092279,-422.6785792064642,20.243668998421555,857.833618399283,-215.72762215680913,-617.1700702196381,596.2656128816399,255.13815572928894,-866.5510979369876,-27.108281158665477,658.8369064411614,-472.7156013782716,-716.7644876882316
-115.05178926383137,827.8576075586172,794.8064515102676,-429.1416111356653,48.17500515284726,832.4132016357757,-272.75979517590775,-590.1715183019887,614.1585914456227,171.28364561022448,-879.6749788860809,52.46815287603249,612.8457778749485,-568.2048183700092,-638.4153082979824
-14.760402325575837,915.1075534939972,845.0415110217666,-371.4881781009093,132.97750136688148,855.9857072807911,-282.8995282182372,-522.9716709272643,658.3562167467325,111.88055358815808,-865.2633039449045,143.92875515967998,566.2444049274152,-648.3473027651564,-544.7256751684539
160.1010877781627,1072.3208543876115,960.1782963317821,-253.2850683738771,271.8598710554513,926.5062322169587,-247.58773905248052,-416.52983970376835,728.1773509033411,77.38180815340837,-823.4611152456744,245.95012447819994,519.9180858717953,-712.0004825401396,-437.89246497595065
392.1875348893054,1283.540120831018,1125.964197778037,-87.40257257640108,453.56543366021765,1034.5017789342428,-174.90973091857748,-277.4622431197907,818.3647811359082,64.38911881174312,-757.1762161385941,355.2533163300239,473.604798870232,-758.7810333551631,-320.6533842303115
653.8612074318733,1523.202645564174,1319.3438849026875,105.2299842175849,659.4443906232485,1163.9918234995832,-78.79028897243552,-117.47103970931471,919.6052948599125,66.00975836449908,-671.8934073540934,466.89384019222626,425.9178435699884,-788.9578977623901,-196.13272873104722
910.7298678470694,1759.413698633145,1511.4031983638902,298.31589942861746,865.845927259875,1294.5519699819195,22.851841586971673,48.12902314316909,1019.7525145966546,72.85558805968247,-575.0585195310736,574.8431839025052,374.6114838567827,-803.3061059617589,-67.64203941706693
1126.544451601017,1958.4800937206428,1671.4725362477357,463.9430715372201,1047.48614667857,1404.22687083766,110.71695369494428,202.5743864584026,1105.5678851027733,74.5275177544386,-475.1110188698467,672.751772602038,317.0598805627261,-802.9559211403671,61.51097835678232
1268.6923163749548,2089.9977995463914,1771.7521009193879,576.8069619540087,1181.263060168729,1472.8412424855674,167.08670282087584,330.1654348690045,1164.7078741322905,61.334250635017355,-380.30434746298346,754.7641945825702,250.86447454403964,-789.2488101736012,188.16409193186223
1313.4004525861174,2131.6767907059484,1791.717232139719,618.2214644292983,1249.9031476572013,1485.1822809474613,178.65075465178776,418.720039214635,1187.6472187656211,25.949473669316376,-297.493654517332,816.2659291938182,174.4680391561973,-763.5918884719088,309.3790643405565
1249.797946532031,2073.119800024953,1721.5880640200212,579.2615825185098,1244.8461449007132,1433.5417105197457,138.7321518134661,461.5649043336958,1169.2395397645155,-35.27793374484105,-231.08530881122664,854.465850066246,87.64519669447128,-727.3001486101826,422.4717514293315
1082.1609101499876,1917.9314960196548,1564.2893266894935,462.5162989507144,1167.8930920114078,1319.201369197008,48.54237043702779,458.73334131500036,1109.670220459826,-121.58546156524987,-182.3276198113083,868.7484392957637,-8.23760005025801,-681.4328281985511,525.0246643316981
829.9386627848727,1683.7855061937464,1335.55268549399,282.14329367244756,1031.3308093533096,1152.6026201701595,-82.74955696813204,417.1603076387194,1014.6416228610731,-227.75681231991817,-149.07723752201457,860.7565731136685,-110.24966600288153,-626.6559731091049,614.9110888684053
525.49264597858,1400.3784618300888,1062.0896554728492,62.17398779662476,856.4727544604611,952.1330847585734,-239.16569168134,349.8173928401187,894.7367409018677,-344.78929518219087,-126.10594599027235,834.1890421792381,-214.20447485951956,-563.1813144755054,690.3429009691808
209.82449247157138,1105.5142308907866,778.0519161278492,-166.71830960715818,670.7915535351881,741.6696007888247,-400.1313906047105,273.8901145437354,764.0234325548704,-461.16357285077424,-105.92806945206024,794.3205708574858,-315.18240317389046,-490.8288783396254,749.931496890599
-73.11642099485415,839.8512268086424,520.2629219640098,-371.53627383718714,504.0352521190409,547.2097032053243,-543.433659844977,208.2483767121136,638.0762885105265,-564.5178139991891,-80.0411365474402,747.2816345799763,-408.1624667298546,-409.2330997240308,792.7344541753436
-282.7146218838642,641.0743884850677,322.91526215513454,-521.7300293928903,383.8919539035621,393.0810357431749,-648.4875465872493,170.58202602060587,531.6946127070779,-643.4683531517023,-40.39297322068006,699.1741652099895,-488.64728877919333,-318.16612563189597,818.2587571290117
-387.60049670499006,538.3823105870848,212.5465707136361,-593.6929916309342,331.86880919508627,298.3129685730428,-699.4099304791031,174.6498362746589,456.6667896767327,-689.295778062431,19.17019133081442,655.1432843197707,-553.1805144818275,-217.90340249897773,826.4068927886956
-370.25450378421,548.1718515994762,204.09948045631012,-574.2665174986118,360.05240685269496,273.76047464849125,-687.410708351747,228.10060496918342,419.9525906202064,-697.2313359557642,101.74042293330467,618.5602135186957,-599.6867289296572,-109.52658115231432,817.3782773223184
-229.5526674609559,671.6349400452385,298.7183518457043,-462.6774569763716,469.2974054450403,320.46783531173554,-612.1065760978747,331.24983121684676,422.60619961004284,-667.1370438166393,206.69979665059657,590.4770937517006,-627.6013010369047,4.9350370753829225,791.5621957342257
19.160447734893218,894.6667221631299,483.6481694856052,-270.5893560137795,649.1528178819234,429.5527843937731,-481.53908744690773,477.0324761998122,459.6394427501287,-603.4725832472845,329.72026029177823,569.4762458792096,-637.7947801100529,122.5769638535125,749.4665828285031
346.45762952159464,1190.0775945148505,734.2311286026871,-20.27734395688873,879.5229387558728,583.6179323367433,-310.9074026537874,652.1303963763987,520.848867001985,-514.5680732265293,463.40539121300446,551.9581931111505,-632.3276934765547,239.8878782891665,691.713934918939
713.2358330575609,1521.6964370076214,1017.6280736430057,258.73488850020055,1133.7463971134212,759.4209797691324,-120.25475045083769,839.0487845831434,592.4473030493331,-411.3447755876443,598.4279855698328,532.8178019265358,-614.0907444631988,353.1317877847837,619.1070727261304
1076.3813771333455,1849.6444254884293,1297.6119182264692,533.9876136803448,1382.5405924997947,931.3265745582789,68.48052167463243,1018.7508428266738,659.1998724568515,-305.71345763035805,724.9227419296035,506.37702469130323,-586.3889549807441,458.7333453378311,532.7372717365256
1394.7704172539254,2135.9109015624913,1539.644773027227,774.6381984780975,1598.1502420891886,1074.9637886697044,234.55996385324352,1173.392141994049,706.6971832869909,-208.91347616913512,833.8693154325155,467.39828378815554,-552.5191211635937,553.5735186861853,434.08966990862996
1634.6978526490764,2349.38496465855,1715.4684167539322,955.5635002883156,1758.0636509823396,1170.5286669251002,361.2155587161818,1288.7266040540428,723.407372553973,-130.036577341964,918.2424252837263,412.0000648006122,-515.376981861209,635.1540464300404,325.10287991436684
1773.9879292939681,2469.653204083763,1806.5771946837795,1060.4474754658406,1847.7869816053542,1205.2748253016566,437.71805288378096,1355.856025584125,702.2149013481728,-74.92538581620681,973.7844707926376,338.3276826624052,-477.123104716704,701.6456331205968,208.15850646567804
1804.288267993775,2489.1092109919364,1806.1538814146425,1083.4820627491051,1862.3487417434285,1174.888929767849,460.4985389449463,1372.1263974848957,641.2524187790707,-45.568273180610106,999.3399835529198,246.88420087189363,-438.93813483339494,751.869838592256,86.00188746946566
1731.3325480546011,2413.1830145386025,1719.2873946921527,1029.524949578433,1806.403964675058,1083.6198737411357,433.2234380322616,1341.1071797347502,543.9423788268821,-40.04393376046596,996.7589000815202,140.4868890470144,-400.90408124587213,785.2658624212443,-38.38343854908989
1573.2382373676196,2258.755248865777,1561.5267198349334,912.769194855517,1692.99637946351,943.2005361822046,365.8620004471992,1271.7094247555938,418.2750912078575,-53.00539666547576,970.4214609044463,23.873916157100098,-362.0487948389499,801.8668270398892,-161.91586686895414
1357.1630793431586,2051.0549629596503,1356.0418636085594,754.172142393046,1541.2070918202476,770.7585046859517,272.9114207149271,1176.6020134991272,275.4523314586583,-76.63256592691914,926.4674820661195,-96.96275807186792,-320.5759546841943,802.2743548418174,-281.5430799948438
1114.8622134257762,1819.540074501268,1129.848258976391,578.0547541131007,1373.0636544883046,586.048679846182,171.05393811590164,1070.1722745237992,128.11425024271455,-101.92190480298603,871.8363419102305,-215.60380957638802,-274.2688040466283,787.5965333450799,-394.34274386264417
877.8461991060417,1593.407232884008,909.6881802879525,408.4030651811533,1210.1916623620264,408.4430331791925,76.6050913110306,966.3430092782061,-11.566974192507132,-120.12428624729989,813.2465825921715,-326.0512590500547,-221.00853565538418,759.3167925189882,-497.5979828728075
672.9081726766067,1397.4436371670852,718.2241995806205,265.4576636963217,1070.740067073401,254.1602569084272,3.1563345205907467,876.5889912833143,-133.61405951506615,-124.09985623011141,756.2618793841883,-423.4591376920408,-159.3037540954032,719.0900635052217,-588.8589772050854
518.7330335488163,1248.8844727243747,571.155821530878,163.1382835431903,967.0755199630036,134.1874426945917,-40.203138232259505,808.4740882551981,-231.50192280435311,-109.35217850947504,704.5914899593471,-504.62554880127936,-88.70663239806251,668.5038589353842,-666.0025382587946
424.1069101084267,1155.7595152332049,475.70584629044237,107.70386658362071,904.6059099468199,53.2243002017228,-49.79657089786491,764.9430807423532,-302.73815259663587,-74.55062941172946,659.7451119619195,-568.1701543551145,-10.00943307900053,608.8735068415793,-727.2935038199655
387.9321152462562,1116.9202812486005,430.65467473831814,97.80763205610566,881.872029674925,9.779252238423254,-27.281127121142447,744.4562599653032,-348.6952421549346,-21.45181745997843,621.0996374352335,-614.3858260606967,74.82809848044903,541.1433520195068,-771.4405506966702
400.88647324308846,1123.5964709452667,427.78462788391073,125.82149006589322,891.7856223016029,-2.692025793405435,21.334062359375196,741.8801712841389,-373.7829739632267,45.733925477985906,586.3487489288407,-644.8242902108791,162.992397709314,465.9335156972267,-797.6316802092338
448.2411853332003,1162.027075118761,454.3149988220616,180.04948353459184,923.6612724785688,6.072087928315256,87.29998964235148,749.8918074997712,-384.18917681958925,121.35660760823868,552.219696633068,-661.7328321338666,251.27355417845916,383.71721476875473,-805.5362769985671
513.1599828332947,1216.5335527214231,495.7423739730417,247.29952113602585,965.5558200723283,25.27139234362741,160.98362629277858,760.5633180767381,-386.4937829860369,199.46851936632686,515.2840530281919,-667.4833362856807,336.53547029565607,295.06228138619593,-795.2711189317675
579.7951646130279,1272.3972096941227,538.4948810656556,315.27815772835294,1006.4290892831111,45.002668514989914,233.57672580063252,766.7967045762834,-386.45112819784026,274.8392919125808,472.682017946038,-664.1171556571406,416.08107380689125,200.8478074527635,-767.3413342956052
635.6599771289594,1318.0571827686974,571.9523586526361,374.404611953898,1037.7632059267075,57.71299850569562,298.3649318847108,763.3665135685783,-388.1468523730986,343.65991617544444,422.62527207441974,-653.0766479842641,487.8473956216724,102.38355062296037,-722.5761778565961
673.0181592260244,1346.3900186840053,589.6128171863252,418.8487099538402,1054.4699405237782,58.994924136996524,351.4211375469594,747.464822530364,-393.6064039847565,403.8626717149478,364.62188854074196,-635.1284764485613,550.4320220758295,1.405614115407019,-662.0786035906234
689.288872224248,1355.071926089658,589.4099186519139,446.8013368348735,1055.101640759538,47.74426721135245,391.7396064068601,718.77328426225,-402.8129528539726,455.089890189445,299.4453280046599,-610.4319388089275,603.0045479156676,-100.02798344252552,-587.1979518703519
686.635568251316,1346.1831186407474,573.3334566333003,460.11851113909165,1041.500855633382,25.811722662153528,420.92472769717324,679.1677805039395,-414.0235982676644,498.4083169313007,228.91810222658506,-578.6864718026291,645.175105562785,-199.68829488778448,-499.52260765189806
670.9624527024489,1325.2643561123477,546.5502805370564,463.51928477896104,1018.05708345794,-2.6920581031284865,442.5737150429067,632.1782801540162,-424.2650750500215,535.8760842869018,155.58802549345899,-539.3070836865022,676.8756613576443,-295.3198587167833,-400.88085515819375
650.5154566689516,1300.0101313846546,516.1964310038646,463.4910933784332,990.7119802990204,-32.3065845474205,461.46780454511986,582.2994727085992,-429.92324416089906,570.0423657193676,82.35302845543208,-491.60832759353303,698.2736422955704,-384.7488884519719,-293.3365971759639
634.2439771744979,1278.7442348791433,489.97260490636506,467.01945925423274,965.8178229201187,-57.2525768430303,482.6544427144519,534.2153456236033,-427.3775549727359,603.4268539090671,12.06490031391084,-435.00280796599907,709.7034500712002,-465.95487705536124,-179.17095673797252
630.0829198707983,1268.8255269340661,474.6757636290716,480.25920288278235,948.9514027755272,-72.49449232839696,510.49979977599605,491.9963019678277,-413.6416715846368,638.013647870534,-52.864756578423936,-369.2218273797746,711.5870662973591,-537.1245452307568,-60.84738966374846
643.373364070549,1275.1855823616343,474.850332457528,507.3112271597389,943.8262560934322,-74.7089258068955,547.8243085055184,458.35842363572135,-386.947318505506,674.8088505369689,-110.8164356227939,-294.5421044620006,704.3262433342232,-596.7092547340251,59.03665225052932
675.7121911142449,1299.2663825509703,491.8062340469201,549.3287710720981,951.5001647645477,-62.98418356854363,595.2786287996942,434.11883414006076,-347.1693218102854,713.5384187008322,-161.20632751075198,-211.96825174125274,688.1786127222255,-643.4943747359217,177.80607680207532
724.5347051456416,1338.6390585510371,523.2652519613355,604.1921950610254,970.090164343574,-39.06223719644832,651.1303894119718,417.99923743727356,-295.97000183349235,752.575834314702,-204.54390474677743,-123.29913036852105,663.1615125818147,-676.6698610061496,292.76789046232994
783.631762049148,1387.4899666346562,563.8108323878125,666.9145709256754,995.1405820560141,-6.994550390427065,711.5777790800751,406.8875812081434,-236.5704635236826,789.1647673525842,-242.2488272769706,-31.01697245823084,629.0406626549877,-695.8757635846396,401.27267485957174
844.5789378296191,1437.9528795251483,606.1239442553222,730.7657733045312,1020.6345998871117,27.77683370885717,771.579767614188,396.5585240949258,-173.14275068065928,819.9342320160016,-276.23312843995205,62.01377592605547,585.442772970009,-701.1935555154892,500.7795222521688
898.7715653906769,1482.0028308443102,642.7420792572755,788.8781762899507,1040.438567715661,59.720748790583286,826.0293949875065,382.706695294964,-109.93764044453957,841.6104440070005,-308.3346250363326,152.98050192629466,532.0837333912299,-693.0684498065616,588.9276216980071
939.5254954499568,1513.4097487224587,667.8749419966749,835.9092530096675,1049.798614799833,84.55756903587675,870.9601755099687,362.02037090896283,-50.37093511859098,851.746998840689,-339.7536724659558,239.56951172978515,469.0469304492151,-672.1756213844462,663.6154270712925
963.6293909221663,1529.1810774041119,678.745141069438,869.2741557098639,1046.4514846617737,100.24645497068869,904.4317579853139,332.9781920087769,3.6655873520235787,849.2631645253739,-370.6643955100367,320.284028785823,397.0093470281208,-639.27210206092,723.0823385177409
971.8767690263311,1530.0549887450563,676.0450814795362,889.5715978828002,1031.00921137148,107.3170550518563,926.8238323629448,296.12157960374026,52.05513232967661,834.623152118596,-400.12686945801613,394.52591046906014,317.3204370423024,-595.0895943297247,765.9808041444935
968.4323241781542,1519.909426971801,663.3843794937674,900.0846611884988,1006.5092444937654,108.45359059975476,940.4579849848355,253.72551025822713,96.19505434972302,809.6003173652566,-426.32957528126934,462.4164741908216,231.89285035768916,-540.3104478729191,791.4233314857095
959.2800111365596,1504.3178493381333,645.9433308378367,905.5513106829385,977.3042832254685,107.49267719125902,948.6959477128664,208.99748650346984,138.32644385783976,776.7099660518768,-447.07847620747486,524.4279101033953,142.9413802210976,-475.6326062361943,798.9928912803481
950.3047719559013,1488.7654337258568,628.8118790118936,910.6428082078594,947.6866901790323,108.19169127193177,954.8372718584783,165.09422334079113,180.6962751547772,738.5062864077471,-460.3667150524883,580.9636389542172,52.668813511383235,-401.8875081905118,788.716395041899
945.6524111758633,1477.1249322910405,615.5728117524626,918.6624492770006,920.7105137896567,113.181846920254,961.1880037338183,124.29099955154314,224.83864307881618,696.9755886557004,-464.84135942707,632.0344042683323,-36.98664748300369,-320.1509545337663,761.0141137926439
946.8600181179504,1470.8489519347377,607.5543969923377,930.8555132030624,897.5652076926181,123.41908694523977,968.5778078421749,87.55376410895843,271.19345403986625,653.2050026125157,-460.0359126326669,677.1263096603855,-124.46429699752011,-231.79435942993697,716.6455501448181
952.9256507851712,1469.0339723117602,603.8958724176423,946.4630735058248,877.6221240273442,138.23567176044384,976.4126525029825,54.591326734476134,319.13447522800186,607.3889601120378,-446.3335152050171,715.2747139462164,-208.54346318901383,-138.45720325092068,656.6695813954233
961.1338745668222,1469.1845367552103,602.2642039107543,963.3725082611192,859.021779368191,155.86988449019475,983.1492804183679,24.282924088900703,367.32141706560765,559.1081352366318,-424.7227614974347,745.2828872647385,-288.20750340149095,-41.96031815798645,582.4251980334108
968.2174803371671,1468.2878192789583,599.8574736118298,979.0313816026593,839.5009928997007,174.203232099496,986.948730081921,-4.739317929097048,414.1891803189301,507.73046962154945,-396.4670047998309,765.9864695877782,-362.4903359362527,55.7978561231088,495.5258637502401
971.395742002904,1463.7731480990742,594.2979107032806,991.2619070968861,817.1315289542235,191.4134363200746,986.2512191830949,-33.58504876223482,458.3757944226912,452.77057716917136,-362.81135815705204,776.4719286510633,-430.3754329923469,152.92294544305074,397.853018382153
968.9736023881809,1454.0655925538965,584.1439319722556,998.7290713156552,790.7459302541864,206.34673362020482,980.1017087456871,-62.82875212167605,498.959275063846,394.09673198692127,-324.8074866547756,776.1964256066608,-490.7793370741481,247.5668503944185,291.53575233496264
960.4262213080557,1438.6651257651429,568.9585834120718,1001.005712081281,759.9980621190216,218.5666596224878,968.1916037471007,-92.48842694486441,535.4800671770539,331.9610833909069,-283.2707595302393,765.005129739219,-542.609782104825,337.9378678389508,178.91163974049815
946.1141996749562,1417.886467313873,549.0618518278523,998.351102816011,725.1631622325788,228.1753186531837,950.702820926025,-122.17869307083117,567.8185175727467,266.9069909316628,-238.82754426438112,743.0798236214471,-584.8606325004083,422.3007061466245,62.47246587654081
926.8869508499936,1392.4971970379029,525.1897229821584,991.4059498190195,686.861393960903,235.57150970423953,928.0983848745188,-151.30681674229584,596.0390683248908,199.64551090014135,-191.98429805031196,710.8682227755371,-616.6994034138855,498.9885719622139,-55.19657783934898
903.8050951775166,1363.466102859497,498.258469561801,980.983606855149,645.868906449526,241.29026055261875,900.9848273092321,-179.19945492939127,620.2950581503013,130.98066016220884,-143.16128607577912,669.0350492399798,-637.5155493449184,566.4392375071029,-171.47610940626976
878.0816229914059,1331.9121432588558,469.3185280376585,968.0326139417581,603.0856507314481,245.9827430933051,870.0963854849847,-205.11722180666337,640.8278162688657,61.81293886626979,-92.67257192222343,618.4498763111302,-646.9209938627731,623.253350370335,-283.7662016903204
851.1826875547642,1299.1979761922416,439.6449392171304,953.7203619584359,559.6146461096994,250.4933267101714,836.3621002524015,-228.194300650738,658.0255176486024,-6.808520373100222,-40.6788768424272,560.1956726497186,-644.7185257594166,668.262063321267,-389.5355517388227
824.924570478482,1267.016641022293,410.82174563757513,939.5068038309388,516.8324963724078,255.92455965612993,800.9599906663964,-247.39039741562084,672.4662734426043,-73.65149367772088,12.833270704549022,495.56137092309615,-630.868766311541,700.5855910775742,-486.37090548570643
801.4038750076455,1237.3217830703766,384.6792509353073,927.0801114798236,476.3325553362517,263.5838161216675,765.2656047831097,-261.5379289124205,684.8764115872996,-137.34518001804972,67.99953596941498,425.9839332007198,-605.4851000011846,719.6658662541278,-572.0322187335884
782.6985367117319,1212.045857186638,363.0311981608815,918.1084630681815,439.69703832534765,274.77404833244714,730.6625859394308,-269.5119916591025,695.9844095360029,-196.52102633560224,124.94475898353133,352.93167749330894,-568.8674804986811,725.2648321083311,-644.5163589922465
770.420514261751,1192.6835533064343,347.2836910222051,913.8771822211119,408.16044532910894,290.4873361681486,698.2672115521793,-270.4748623686451,706.3158700879821,-250.0087630626048,183.61004620468384,277.75806167077474,-521.5589070605315,717.4325332068024,-702.1266094930905
765.306586357076,1179.914503183434,338.07897289689663,914.9633393366817,382.30416836401776,311.12956230822743,668.6798911303385,-264.0929640970322,716.0184045502083,-297.0071459617651,243.6124425001726,201.5815994064896,-464.388075580554,696.4607609177547,-743.5388638459699
767.041107889643,1173.444381660473,335.14258364360137,921.1025396200187,361.92615922356947,336.406824169197,641.87868867357,-250.62380656355936,724.8014886237727,-337.15221656407925,304.2027825206021,125.24498673878111,-398.46211014828566,662.8423794886344,-767.8515017666156
774.407493786123,1172.1516507981962,337.41692451889804,931.3212254796382,346.1557701041317,365.4355549029576,617.3098949037974,-230.82541468211218,732.0259477960868,-370.45134229742945,364.3439492516562,49.37337836959796,-325.0967048808574,617.2504521132925,-774.607583390785
785.7153534276615,1174.4873899816623,343.4335900756426,944.2858885653594,333.77182726851817,397.03529217972675,594.1405153609466,-205.72194046658706,736.9080973689852,-397.1138931898453,422.87565650000283,-25.494216152646544,-245.7047469110294,560.5379271770053,-763.7857395410812
799.3275164534462,1178.9626808730045,351.7708309096655,958.7235829720889,323.5918275036861,430.0810658570173,571.5658055661522,-176.3229300901563,738.7525924587183,-417.354931225165,478.6943799968594,-98.75914486794657,-161.6880184181623,493.74603026642257,-735.766701631146
814.0775065578207,1184.5290161547387,361.4145623191288,973.7452675895906,314.7774184803646,463.7732587299545,549.0480623622764,-143.40783844426886,737.121444424961,-431.25399463436946,530.877517597529,-169.6635825375399,-74.37525283010027,418.10539320967587,-691.2900739979382
829.433428382126,1190.7204597133637,371.8992313792768,988.9607092899681,306.9519621729848,497.731468976115,526.40479050658,-107.44871443364184,731.883762639832,-438.7181134817939,578.7153854173073,-237.27087002426285,14.975062340032508,335.02009288946,-631.4161388269368
845.3862798507851,1197.541059986609,383.21085665974306,1004.3742286217954,300.11681497083623,531.9040325232336,503.7376119665055,-68.67745025260598,723.1476542570948,-439.5481217429089,621.660786472476,-300.5214508948915,105.12138988901013,246.03585340771798,-557.5001305631208
862.1540210425727,1205.1858425104492,395.53184150688946,1020.1405891107165,294.4351217780555,566.3607050465234,481.25833070369464,-27.245125682952505,711.1219405128282,-433.5666859713932,659.2384329168162,-358.3323180010881,194.77113069702264,152.80173918251822,-471.1761777973058
879.8473229831417,1213.7323859774829,408.95315627523195,1036.3003563737693,289.9896433976981,601.0693205726038,459.0972421619998,16.60487923263213,695.9718657685136,-420.7514137945908,690.9625624528849,-409.7009039424679,282.5343262999213,57.03517995835324,-374.34113643708474
898.2269732689674,1222.9225894410997,423.2650017314729,1052.5967594688516,286.6076529182307,635.7421801448678,437.16668394636974,62.41701638435978,677.7197151665573,-401.32685889157426,716.2945672982075,-453.7851194130999,366.9190193483021,-39.505423679428404,-269.1283297569453
916.6201397010334,1232.093997824665,437.8831664198372,1068.4227125091475,283.7999764851816,669.7926707931806,415.1157564593244,109.4894493336007,656.2122775770755,-375.79363022549086,734.647579774603,-489.9487018768741,446.36673632245584,-135.04279335184194,-157.86672598269874
933.991786660287,1240.2536704116926,451.90813641233,1082.889338014184,280.8110299829312,702.3943075524757,392.3727476827186,156.9209892175631,631.1494551747584,-344.8973323415456,745.4257634120829,-517.774979647696,519.3117895442923,-227.80288620334966,-43.02814807792352
949.1197613299349,1246.2441359608695,464.2737837516849,1094.970865964734,276.7437782009343,732.6037913637562,368.2467287795724,203.71022628027112,602.1529077510074,-309.5556246651389,748.0792896087262,-537.0583305477744,584.2452008233571,-316.0410402744309,72.83046962190684
960.8090859584615,1248.940790904536,473.93149928438044,1103.673399523457,270.71502736424054,759.5036139803159,342.05394762900755,248.8723066401124,568.8521128068755,-270.76589089590595,742.1602361467786,-547.7822749784897,639.7710187666131,-398.07274437730763,187.1228476718701
968.0955973574391,1247.435693743677,480.0275568829566,1108.1897181260415,262.0064816224908,782.332312497061,313.2428218521886,291.547620253974,530.9724366187596,-229.51152274902927,727.3737534900897,-550.0897592342566,684.6535638462054,-472.3070197607709,297.2839761259697
970.4140140933719,1241.1873472305042,482.05181439230074,1108.0242794857695,250.1933596751018,800.5892981251227,281.503692099898,331.0909365295012,488.41814128523305,-186.67675473376454,703.6260514404046,-544.2477574863617,717.8622607528586,-537.2800565685084,400.8174211879344
967.7239808296291,1230.1336524615476,479.95071403907264,1103.087908121831,235.24380431947222,814.1144185566295,246.85729125888878,367.14011731095263,441.3466635484388,-142.97359489535177,671.0716677889795,-530.6066341994692,738.6219301981552,-591.6880764276018,495.3448346153244
960.5910032033275,1214.7675954076337,474.2000079355866,1093.7632783534903,217.5835168475711,823.1439330347039,209.71535316498844,399.66524425874974,390.22706751472185,-98.88313372211195,630.1565204129898,-509.5555972111436,746.4698535009015,-634.4196697243977,578.663568181417
950.2100082347355,1196.1649849670173,465.8251191036535,1080.932553214483,198.11350803442133,828.3361706886562,170.90054699113466,428.9926749979493,335.86832238389064,-54.61740834940713,581.6439384220442,-481.47887704091517,741.3095895053092,-664.5876247978514,648.8146780208879
938.3490844843534,1175.94198411986,456.34940352666,1065.947401690071,178.1631365291504,830.750221859125,131.60848132761765,455.79060626090893,279.39871756851386,-10.113204450461296,526.6046910740149,-446.7213528890242,723.4416278804481,-681.558325657381,704.1568635272786
927.1933874067498,1156.1206805595077,447.6541906308254,1050.521041963977,159.3652289533565,831.7599025372339,93.29988946318274,481.00159880585426,222.1831353268545,34.93020692090482,466.35540852098666,-405.5742304035684,693.5495324865245,-684.974339619536,743.4347500498124
919.0909828238139,1138.9005113966336,441.7546087463041,1036.5383508129894,143.45896034034683,832.8986479884767,57.5291330415231,505.7181943047461,165.68215400733163,80.96542597580725,402.3448842229134,-358.2883439166883,652.6311311257901,-674.7647563029245,765.8263210891939
916.2373732866635,1126.3666048048165,440.5258731482634,1025.8089731846942,132.0533708250021,835.655325865792,25.739919339766754,531.0175532547398,111.28027859222647,128.47460603948576,336.00953048640326,-305.1145806428363,601.8847424473381,-651.1396451224302,770.9574445077825
920.3661827758821,1120.1966332767656,445.44041062003276,1019.815497689065,126.40589623168484,841.2641053687798,-0.9222463110345203,557.7900696169488,60.128027521652,177.83682197591472,268.6367259318192,-246.36123618913504,542.5808656763246,-614.5696110696829,758.8813637719018
932.5211708866547,1121.4374167840595,457.38074676118976,1019.518138542746,127.27212421338058,850.5398188628457,-21.73121628072152,586.6038516716909,13.042778993599086,229.21772558365384,201.2769807435255,-182.4519624096364,475.9586713834279,-565.7568723683087,730.0335096748524
952.9615867048134,1130.4030751007183,476.5705049593554,1025.2615870341592,134.8607759001565,863.7974009381581,-36.40693896568075,617.6366141034498,-29.506722829431183,282.50711849972686,134.72918037084423,-113.96864385821527,403.1777059042416,-505.6074539165992,685.1803130599062
981.2080741675677,1146.7057971606398,502.6253389783832,1036.7952563254814,148.89088391521588,880.8654947566911,-45.054014524931546,650.6835656962086,-67.33891442704967,337.3132620278884,69.5947533452831,-41.67007493807,325.3319867668678,-435.2125723133745,625.3797984520501
1016.1911241194862,1169.3876427014625,534.6864820485193,1053.3815809458388,168.71409513687468,901.1740512358922,-48.04860971333801,685.2257211715396,-100.45551860637272,393.00477964405144,6.370449752962514,33.514526804661216,243.5078101444089,-355.84118266001576,551.9618432726347
1056.4388914510598,1197.0964173153002,571.5796866028376,1073.9447509817196,193.44961818512684,923.8772179269758,-45.92257675169904,720.5284507730004,-128.94065461246953,448.7799326168229,-54.46198734049521,110.51241607819068,158.85088851758837,-268.938012024539,466.52279954453104
1100.2443227289154,1228.2489066807923,611.9479876789466,1097.211409661175,222.08725915980926,947.971634165479,-39.28429181405582,755.7389958334578,-152.8991485306506,503.7415176429175,-112.38368550752267,188.14771803738856,72.60934292569493,-176.1166132910009,370.92018295920485
1145.7763327243813,1261.1453789173943,654.3309084631089,1121.8111548638794,253.53784260702187,972.3827268949572,-28.792252264485626,789.9607176394003,-172.44780076138335,556.9607510913236,-166.83820609645466,265.18814812655256,-13.866034207023873,-79.13804905441731,267.25281584874574
1191.1310581506318,1294.0270572548336,697.1912397521326,1146.3273648762547,286.6366879548,996.0091333771405,-15.172568787545544,822.2942876264704,-187.7496359141533,607.5204226815149,-217.27448742558528,340.3904037776692,-99.16272919150798,20.12756886290967,157.8192464051026
1234.3429830664604,1325.090717298653,738.9108551956692,1169.3078262785193,320.1234137487627,1017.7303627069098,0.7444007295684401,851.8466520793326,-199.066006724074,654.5333495382272,-263.2096224025835,412.5357236967757,-181.87116252055162,119.75080934939197,45.05749663809047
1273.3855615195337,1352.485646459214,777.7839510357487,1189.2550755088303,352.6258814327859,1036.391971047483,17.996103644040943,877.715847386416,-206.79865137414308,697.1368343940037,-304.2842275412105,480.4477285139384,-260.6491741030768,217.792015470365,-68.52328499939145
1306.1885671803402,1374.3188563624644,812.0318249466948,1204.6188969600141,382.67011955226434,1050.7865148282472,35.48919995773599,898.9646492760635,-211.5012764103563,734.46905197008,-340.2898004405571,542.9889236481338,-334.26624751870355,312.3377877378145,-180.40699383256504
1330.6907640657016,1388.6892376600385,839.8537811594383,1213.8112671556744,408.72749778315244,1059.6494263664508,52.03936150890104,914.5998541253575,-213.85261964086766,765.6398056826961,-371.15991011742534,599.0405788196381,-401.61816861156876,401.5193152183843,-288.12234248645126
1344.9371442333984,1393.764451158738,859.5193374754266,1215.2598423120191,429.30057871036433,1061.6878373212303,66.44779472075425,923.5763857296283,-214.5947867160154,789.7144024208374,-396.9299860519639,647.480758377723,-461.71581274887035,483.517526163708,-389.28145534865325
1347.2220544676406,1387.9070952131847,869.499774973356,1207.5102447164086,443.042328613225,1055.656494560333,77.60586625999412,924.8442989788141,-214.44843307828518,805.7320222798548,-417.6795689152852,687.1825091774194,-513.6621723779587,556.5701026007245,-481.6120281176281
1336.2716387861342,1369.8476375629286,868.6310040167023,1189.3783596444255,448.89886692527585,1040.4863381948444,84.6158215404609,917.4494396345638,-214.0192269922664,812.7751483047969,-433.47390952167837,717.0536516341253,-556.6358935194198,618.9998599037868,-562.9941865868744
1311.4484537762928,1338.8886476277362,856.2920585761701,1160.140029683363,446.26116144511366,1015.4567899626427,86.91361315607679,900.6837433830251,-213.7093867352845,810.0925681589559,-444.3189162746076,736.1283590053722,-589.8958856258567,669.2789715243645,-631.5120407218898
1272.947158344554,1295.1082446212001,832.5730876377165,1119.7278633180224,435.10436463559705,980.3839264235654,84.37719689074476,874.2610082221868,-213.64630853747653,797.2573581056428,-450.13691076183824,743.7002419803375,-612.8112729558692,706.1287311980138,-685.5226827185908
1221.936609925004,1239.5150846040578,798.3961254565855,1068.8885008927934,416.0862219298289,935.7791798819383,77.40027174520031,838.4747887354204,-213.63901747603654,774.3200188981925,-450.7637081802978,739.4638595865898,-624.9082493028042,728.6348338771464,-723.7342713647707
1160.5984656225237,1174.1011991187427,755.5476571375049,1009.2471445875713,390.5729607270948,882.9257438248189,66.91013685671243,794.286021798983,-213.17204695687354,741.9054761470397,-445.9628899053437,723.6170394477316,-625.9160464729016,736.3427500366186,-745.2749918632829
1092.0236437139597,1101.7508394149525,706.5910917567711,943.2373943779976,360.5680450302689,823.8302375053456,54.31326484410937,743.2970316169167,-211.44336934775563,701.2095219637382,-435.4517329650805,696.879703093991,-615.7930019251978,729.2962793821251,-749.7320614538417
1019.9580592824858,1025.9951252471176,654.6520656199312,873.8850898728069,328.5384948413454,761.0368345914819,41.365544533563366,687.5970596237677,-207.44636804425772,653.8771526365534,-418.9342535638781,660.4087136043413,-594.721754421393,707.9988906115708,-737.1477795428294
948.4302564723496,950.6454300034729,603.1039095597956,804.476678564783,297.1606437819747,697.3317281511594,29.983253344674836,629.5041339737978,-200.0861878139408,601.7838951714396,-396.13856172897806,615.6248395696051,-563.0763712142408,673.3064596901013,-707.9753524551338
881.3300339808704,879.3764471141297,555.2112978174167,738.1794581579205,269.03168482242404,635.40164220308,22.028295260879418,571.2631940883118,-188.31167160795448,546.775764750686,-366.8569358430233,564.0013961317493,-521.3769828153384,626.2878302413003,-663.0129680381507
822.0226454150488,815.3459766223687,513.8032069044448,677.6966310713599,246.40391278057163,577.525277193303,19.108906028504748,514.7752705416808,-171.23990655283382,490.4381917754667,-330.987224736108,506.8784560584983,-470.25277781251384,568.1017265398983,-603.3415531433411
773.0704167472015,760.9252006304141,481.0356455149273,625.0272789962229,230.9901323237705,525.3641068780861,22.431110087277602,461.42029886659725,-148.25330179379114,433.95216403123607,-288.5733532525795,445.35464133017734,-410.42923693198753,499.92844147608895,-530.2858148694489
736.0988394673128,717.5769447076159,458.2754511619969,581.3662485171412,223.86555905786128,479.8847877787773,32.71986790308944,412.0026946374769,-119.05737639539052,378.0628682397491,-239.84099507462628,380.27647542457123,-342.74277123037757,422.9680257906263,-445.40306896620166
711.8031552937416,685.8764599053483,446.1022225909122,547.1372978789423,225.46457639131688,441.40495560220415,50.20998906530872,366.809309611431,-83.69680434750524,323.14757576368635,-185.22242726662614,312.30866867075,-268.1718814615417,338.4875807599251,-350.488644925762
700.0603256404316,665.636502938864,444.399758908708,522.1211149974667,235.6507039582066,409.723464401712,74.69306806811346,325.7398076847125,-42.53408761697807,269.3414985577501,-125.36345386186201,242.0436773478222,-187.86543744279948,247.88272017705563,-247.57845902447582
700.0984822240325,656.0850234541805,452.4979774853252,505.62697402554636,253.83011091687874,384.28414308869407,105.60101874207265,288.4588391626392,3.8013756003805383,216.67182004500347,-61.10669817891335,170.10393835673673,-103.14949267249119,152.71856852856195,-138.93163034053788
710.6798859652554,656.0483765522531,469.3294391656405,496.66192578428763,279.08112655261436,364.3281883194607,142.10740742320968,254.5269931483572,54.48450027899588,165.1601336431501,6.549626981600056,97.20343784812232,-15.503305639292137,54.730350637279145,-26.985873535473644
730.2662538352457,664.1077605640479,493.57455240142485,494.06695693801987,310.27891225846486,349.0069949164128,183.23069794767764,223.4858504478342,108.5749934823948,114.87398845421498,76.51108154792894,24.157534782474784,73.4917451122895,-44.21666416041829,85.71010680309438
757.1490201131226,678.7129348064077,523.7797157449575,496.60694754291757,346.20089484494645,337.4458347529733,227.92585927429286,194.8923939993106,165.09391618728574,65.92925567065387,147.65105377630184,-48.149383336513154,162.21575105391466,-142.19275611103387,196.5751577100302
789.5376308978455,698.2502395163245,558.4402162020064,503.01513142378735,385.60314561302766,328.76342508206426,275.15245670605054,168.31301428712425,223.08204954649506,18.459446021684613,218.86257912977118,-118.8169685588975,249.06734806308566,-237.273999640682,303.0713871183933
825.6068032527317,721.0710415646301,596.045626370382,512.0019415347675,427.2621554292814,322.0612357367579,323.91038766225586,143.29501203011077,281.6281782530274,-27.426579806314862,289.0834427316822,-186.98004391198842,332.49881280077125,-327.60010499668846,402.7672842656392
863.5114604781045,745.493976149379,635.0923675974464,522.2440618945544,469.9829208370504,316.40046579009856,373.24102251823774,119.33491803351586,339.862777390371,-71.67931237377127,357.28877627805434,-251.84194473941687,411.02379878993185,-411.4126021826085,493.3859108287675
901.3873078003284,769.8012629767745,674.0773659633219,532.3737823582469,512.5838977465472,310.78587078012083,422.201990023033,95.86070637999738,396.9242190812256,-114.322673527053,422.45814579276777,-312.6842037349113,483.20531312438624,-487.0767626775343,572.8434349207267
937.3638112368387,792.2547685035539,711.4963554939749,540.9910755466091,553.8800083911588,304.17485911478616,469.83553009947985,72.24119495705771,451.9170933961207,-155.44103972323308,483.5367591193205,-368.8552934583894,547.6426180761099,-553.097567051748,639.2877588971334
969.6192791930771,811.1572967048181,745.8751232696454,546.7186138650441,592.6912747030282,295.5264587091117,515.1579006669864,47.83101602397269,503.89014187013777,-195.1381826543796,539.4175382299771,-419.74582822060324,602.9800564500408,-608.1406126405591,691.1458590448833
996.4986984008533,824.974127243318,775.8557829494614,548.3099250357037,627.9007867805813,283.8957973805164,557.194903407574,22.052302634561578,551.8591708642168,-233.47196280510025,588.9677163480042,-464.75867272437915,647.9550119557134,-651.0634191625996,727.1814348420982
1016.6917946732669,832.5077692366727,800.3404122389553,544.8021492724448,658.5686921423578,268.5648201765322,595.0732769600626,-5.49644934270017,594.8856960515741,-270.3745421055902,631.1088449391733,-503.2818907707072,681.4865714618297,-680.9542705726458,746.5544664367742
1029.437317446889,833.0908085839928,818.6657914357523,535.6818407922553,684.0825147014486,249.18208818732813,628.152843582696,-34.926644282640076,632.1983613215059,-305.57509950451765,664.936546726683,-534.6722780174878,702.7861839643189,-697.1691056921624,748.8667256119002
1034.6934920461026,826.7398586771571,830.7577296365407,521.0148441387365,704.2993573266883,225.87110228600935,656.1600236759718,-65.9730449420479,663.3209775055744,-338.5477012378218,689.845306656805,-558.2572475631808,711.4559463385474,-699.3556502432197,734.1773090083636
1033.2094187744615,814.2114908824556,837.2059962210149,501.490521032845,719.625995993282,199.26646093205272,679.2725164593596,-97.96644248784071,688.1603803060095,-368.5062015561596,705.6149921500196,-573.3610064187326,707.5381527466687,-687.4585174200084,702.9811490700376
1026.4554996320808,796.92472995296,839.2190542258647,478.35150160175533,730.9966691476548,170.45456837819614,698.1157315481285,-129.88382516742098,707.0168311920737,-394.4576035832689,712.4259602910649,-579.3554174373988,691.4946541274667,-661.7065719262808,656.1570575085043
1016.4155676491812,776.7568963382025,838.4562807206869,453.21637184178667,739.7417279339287,140.82564239620865,713.6611765074284,-160.47033888408745,720.5068466103103,-415.3073989012774,710.795333420987,-575.7275748930838,664.1205269819453,-622.5901031386277,594.9027130267217
1005.2893413552429,755.761504419882,836.776829322358,427.83825560668566,747.3781072643924,111.87324823126173,727.05191309552,-188.40352465817256,729.4205724086876,-429.992840822487,701.4561893082547,-562.1489137080428,626.4209378478928,-570.8371332701106,520.6760990414728
995.1794315911261,735.8787272036363,835.9690244728815,403.86013657695116,755.3767059818887,84.99227637413287,739.4035694311881,-212.45840062118376,734.5574703331893,-437.61181437869084,685.2197452260966,-538.5290542963096,579.4907835595176,-507.39524580473136,435.15553380087164
987.8319493783089,718.7016603316564,837.5219210981827,382.6204822086481,764.9620470980009,61.319804498503785,751.6312404609237,-231.6373264839341,736.5857854081177,-437.5199105343358,662.8602365472184,-505.04291721703305,524.429359403668,-433.41999536687666,340.2183818201357
984.4704350403235,705.332348329351,842.4763210675884,365.03670344301435,776.9794099583602,41.641105441513574,764.3352747890463,-245.24677303895007,735.9550739319702,-429.3827383319053,635.045877076293,-462.1289691941311,462.3026120027812,-350.2663900697576,237.92854118234712
985.7277142648,696.3280704699746,851.361854754584,351.56488416880273,791.8375317451957,26.358563325724106,777.7543695997956,-252.92303137657706,732.8679599878499,-413.18576229544334,602.3176668364703,-410.46467966065256,394.1448488610934,-259.47819463136113,130.51937771953948
991.6573052806682,691.7176178888261,864.2056283707766,342.21675606785817,809.5152902233109,15.506936958635777,791.7756956908481,-254.62030175172117,727.2994375784513,-389.2124932577136,565.102114851426,-350.9287283706845,320.98000715012824,-162.7710312263343,20.362187674425527
1001.8023046309416,691.065558470829,880.5932282161793,336.61438374617774,829.6151862881526,8.798599925559415,805.9855258871744,-250.57420940739485,719.0458025035464,-358.00175188852484,523.7397481000232,-284.5580534372318,243.84311350747788,-62.0080040700351,-90.08253765253505
1015.3093394439845,693.5735774228192,899.7700216732842,334.07374204249925,851.4516727362613,5.691961335135602,819.7477780000895,-241.2461153445697,707.7891125379583,-320.2896916657264,478.5168972541983,-212.50402221101572,163.79196522076856,40.8311236618938,-198.32674985989908
1031.0848035743743,698.2186874529783,920.7785306611847,333.7185317826746,874.1691147981865,5.485047926011404,832.3042066102188,-227.2469606995804,693.1703090814418,-276.93819408300334,429.6974584203635,-135.98882515386205,81.91043340801025,143.68561635356886,-301.92109241285345
1047.9882565046876,703.9267531424176,942.6260080845097,334.6248742878847,896.883612341159,7.435487142510908,842.8909982011627,-209.2404918505726,674.8679276560256,-228.8521957700194,377.5575641128043,-56.26234928848663,-0.6882194303691733,244.45382601016274,-398.51752866145586
1065.040231725841,709.7630366923906,964.4621711794367,335.98296859472214,918.8320422262593,10.895537375660524,850.8591955388426,-187.83585530569238,652.676325635369,-176.8947207840867,322.4255796807373,25.438488520576982,-82.8502674192382,341.03846580989756,-485.92361581605115
1081.5966504549954,715.0967854508253,985.7266330053783,337.23979194335686,939.4952611687877,15.43196053983067,855.7740174847885,-163.49391066324486,626.5691367438064,-121.81662003940176,264.72285085639214,107.92244983232627,-163.36268424251728,431.3977199425378,-562.1487872372594
1097.4259851798467,719.6799522958219,1006.2124454574249,338.1711086730961,958.6514153325104,20.886982668464327,857.4592336752753,-136.4812328958048,596.7260177936437,-64.2230842931969,204.99131349588237,190.0596047544395,-240.93730567704455,513.6003091380279,-625.4471107046361
1112.635804151341,723.5879635106498,1026.0010248592855,338.83637529998686,976.322068208195,27.34089180994519,855.9572139929711,-106.90145731540946,563.50128341468,-4.595716320667748,143.88909732177228,270.7699430781855,-314.21626482342117,585.8791272465053,-674.3616285954728
1127.4406150601646,727.0114768342904,1045.2618262426568,339.4044420969856,992.6049502543547,34.96557636305019,851.398839376342,-74.81086742908076,527.3272357923154,56.62560649093149,82.14095377790406,348.9804963730659,-381.8150180637293,646.6764408245783,-707.7715423303476
1141.8328478805772,729.953417471963,1063.9693853027877,339.8942561571841,1007.4365099106031,43.80571791011275,843.8160824545067,-40.38862641806327,488.5718238775912,118.9207279413211,20.448601873041426,423.5597955497359,-442.40543248909,694.6763073103072,-724.9368070059014
1155.2832822680411,731.9472943030847,1081.6456088155687,339.92930171644764,1020.3744529432942,53.57053182441942,832.9678538907663,-4.0968632164133965,447.3994852290668,181.57132744308728,-40.60919523130657,493.2558285667949,-494.8202531718536,728.8262587796711,-725.529211869565
1166.6174264988988,731.9341282983845,1097.2532698520204,338.62515150248277,1030.5069194069802,63.536800011467164,818.2641070989848,33.24758882668249,403.6987988921992,243.6031382659657,-100.6394897043793,556.6751896945211,-538.1431508292098,748.3562304913222,-709.6390074423476
1174.164760572706,728.3913625540407,1109.3249758700106,334.6936020563311,1036.5608954216125,72.6341026616472,798.8474590803928,70.54480294588825,357.12628096926073,303.8310801425939,-159.4178243201182,612.3355726752036,-571.7478406928456,752.8029452889642,-677.7529496320697
1176.1673088651507,719.7050982020904,1116.317139246809,326.75939667518,1037.202542091437,79.70949504883885,773.8284198717506,106.62456136112303,307.27109128726494,361.0109137619642,-216.77848179283706,658.7972473811063,-595.2700053732752,742.0406538238032,-630.7100820832134
1171.3104689591619,704.6609614655946,1117.0712813974649,313.78403010455355,1031.4303627307988,83.88296833224422,742.5964307567906,140.53110349699193,253.88840044857778,414.05085737675836,-272.4459036574078,694.8414490857393,-608.5281282165477,716.3084031445635,-569.6496069491782
1159.167852062108,682.860340799981,1111.2021695210815,295.42939142920034,1018.9073290937033,84.85254741575727,705.0837234503199,171.7689817355718,197.10980750601723,462.2017063393537,-325.87696026148774,719.635248845181,-611.435273314511,676.217703908951,-495.96592296178807
1140.378360474883,654.890984875148,1099.2539679072509,272.2109805346358,1000.095452320091,83.02203144128106,661.8716334834577,200.40944167057916,137.54250726710143,505.14679745681866,-376.18686825845816,732.8222494859157,-603.9469028323022,622.7282337729897,-411.2790371519675
1116.4918314094125,622.1895721443202,1082.5675512762368,245.38356489627571,976.142971225084,79.40309319107627,614.0979090729973,227.01794360070755,76.21748141781104,542.9565371514342,-422.19619400156216,734.5095837739864,-586.0675304484536,557.0917885813992,-317.41839934377157
1089.5703216877314,586.6744102990914,1062.933529420093,216.6246325078176,948.5869839838775,75.34698746501397,563.2141696581926,252.44497103672222,14.416673429392077,575.9348550058819,-462.5804573371954,725.1678037578511,-557.9051452746642,480.7785629082318,-216.41052207991686
1061.7352962427917,550.3239196761124,1042.1963175054693,187.6672507486196,919.0126490550327,72.23388681271808,510.7063369307524,277.5804922139396,-46.537863748808704,604.432766857921,-496.0584993417001,705.4952778532994,-519.737522578751,395.4067220449946,-110.45901840799846
1034.8515496921439,514.8789486216477,1021.9761648579037,160.0378227417783,888.8120683359837,71.25106256985401,457.8935913538609,303.1763377992021,-105.44230676919236,628.7109529529912,-521.5459066576882,676.3038479280779,-472.05240163413794,302.69266020481774,-1.9095908950505986
1010.4386139296822,481.7553122943092,1003.5895893384109,134.97588747465443,859.1125907257494,73.32529640277886,405.8637079215474,329.78999093314997,-161.26702562986742,648.8963741361556,-538.2288404938181,638.4577717049208,-415.5427960321479,204.42813493725401,106.80094694768593
989.7571621466101,452.120240949522,988.1239730265642,113.49822960661419,830.8382696710702,79.17876511603197,355.5184072965964,357.8276658843132,-213.1248908515121,665.0197902940633,-545.5625660860916,592.8606749030746,-351.06604819040456,102.47777989579845,213.206696191322
973.9120063917321,426.9874408567544,976.5292790859781,96.48305608163642,804.7893690527418,89.40541749741305,307.63895248743586,387.60651426438824,-260.21834139097564,677.075091497657,-543.2389673959744,540.4576565817775,-279.5949393000883,-1.218212379689703,314.87783019060623
963.8048531426743,407.176345322615,969.5814669561252,84.64070950006486,781.6174174669826,104.4567063012068,262.8745651543429,419.3473237755383,-301.8416037244291,685.0332017754451,-531.1767070281686,482.2157639589632,-202.19201447598547,-104.65343996568016,409.4814560793028
959.8679652168778,393.0706094263593,967.656246941793,78.31317461108536,761.643591281712,124.48733278826552,221.6095115394529,453.0558012609036,-337.47641466294965,688.7774632647663,-509.56289433477355,419.0653659127295,-120.02442887530117,-205.78880335285234,494.8342309651544
961.6673919386025,384.25600857423933,970.3879610078011,77.16875332362139,744.5817527073696,149.11290522851175,183.75270571115317,488.32973668871125,-366.9522818695131,687.9858861240137,-478.93070716533884,351.8157700507499,-34.413042401972234,-302.6114095806579,568.9478596603179
