t1,t2,t3,t4,t5,t6,t7,t8,t9,t10,t11,t12,t13,t14,t15,t16,t17,t18
1639.2199999999998,1517.5449999999998,1405.6799999999998,1303.6249999999998,1211.3799999999999,1128.945,1056.32,993.505,940.5,897.3050000000001,863.9200000000001,840.345,826.58,822.625,828.48,844.145,869.62,904.905
-2561405.412307448,-2265323.06990896,-1973371.426182241,-1687838.791449311,-1411264.6047531792,-1146502.3567410067,-896758.3778135737,-665592.87297859,-456865.12898875255,-274600.2901662168,-122751.20177010125,-4826.553716871426,76642.75325407305,120821.82169035354,129485.64782737463,108119.78324966774,67169.02147659834,23354.94320383531
-2791359.7124008504,-2532096.3655369757,-2269231.907742029,-2001762.8214486975,-1729656.5811643288,-1454191.082133318,-1178271.078918786,-906671.2494096286,-646129.4530910293,-405189.95014949905,-193682.95581479336,-21735.455951142518,101747.5122339767,171098.9761114574,186223.3536578062,154871.67362765444,94272.68391489921,31369.27760105264
-1398410.1574154291,-1348202.5453703224,-1288051.7244441353,-1213418.0489427804,-1120448.9877750452,-1006470.0020772719,-870632.5665558581,-714658.4418967075,-543537.8499496819,-365946.40234349744,-194068.5634530352,-42500.29201914197,73990.40270932896,143787.10728384607,162315.90068341553,135432.77390835396,80799.4390112579,25737.276100957002
-288345.5713230024,-337428.06395525235,-380693.3594960568,-414742.5480862898,-435788.72179057414,-439882.0967301275,-423437.57201560686,-384089.4960135612,-321798.7044655252,-239980.54149921815,-146239.29339018915,-52163.06414003249,28321.593820617596,82186.3556173015,101588.59604240625,87804.38462920726,52798.31674743533,16667.750198834365
-4792.6104693119905,-31910.409316541387,-58779.73376141314,-84780.90991103822,-108727.93658170017,-128773.47648531762,-142458.8586332903,-146998.95694603637,-139875.48868774186,-119735.07307634725,-87434.52316895244,-46867.14887018295,-5026.890640129328,29223.80004489352,47854.01998348817,47238.282898657926,31072.57038831074,10576.583045047195
-61080.93472362638,-55915.675231746,-51017.3395370493,-46650.7246444718,-43194.916432252,-41092.70443279096,-40689.86511294091,-41941.503456812396,-44041.452446767275,-45170.8161115324,-42700.15293012306,-34158.804613878434,-18914.1119982709,231.9514154735591,16995.901030223296,24341.189781420686,19412.456828161237,7451.687568677694
-93775.77498864214,-84968.27039570898,-74689.849087558,-62597.24059766303,-48908.84554310116,-34644.07784964199,-21694.221902214977,-12482.794602958325,-9039.370380405,-11640.439950431833,-17729.269119766755,-22237.050233997958,-20030.264121827575,-9644.53205375576,4451.296794231726,14007.38905596119,13406.959912296597,5449.228597482572
-68794.68533222719,-67686.36497108926,-64366.79695364457,-57923.26590254718,-47919.12137904827,-34844.74256380868,-20518.18638954075,-8041.544213116692,-883.729656485204,-1053.668352105355,-7203.104849649457,-14303.276008044772,-16168.029643496217,-9933.063936368995,1013.3852134904986,9148.875247311136,9294.533746798292,3687.137889358966
-37589.78605232122,-41029.283763002415,-42656.0364115099,-41505.01861581531,-36829.37981269628,-28576.721824425273,-17934.277110373492,-7521.650767063977,-692.8327152258721,207.9524306854816,-4192.042464691721,-9848.354687870882,-11619.814126140416,-7248.995922240692,452.7114301304779,5882.196314576184,5767.934455431033,2109.12288111841
-20551.74095839314,-24176.72382592197,-26635.762743945317,-27197.084067867436,-25196.612298712982,-20427.719633876484,-13623.618207834164,-6661.96191951421,-2016.6137065466207,-1361.8924325806895,-4122.180739897312,-7390.982097509044,-7903.0026983672715,-4717.008856759997,-35.11215773833494,2882.7106366845337,2687.3238426024964,812.4056941691448
-14479.517894957437,-16553.41335378014,-17930.54436999389,-18163.647741986202,-16860.17887695561,-13948.037455499125,-9967.500400061914,-6112.682307338968,-3752.6012089437736,-3539.993810040174,-4784.87180830276,-5844.896848895593,-5418.210776645887,-3568.4656074127765,-1459.147518097849,-171.25430036046458,96.35093347969993,-178.94187740932563
-13052.618987626105,-13395.897554769082,-13382.00819097917,-12846.343172361587,-11719.188526216152,-10128.991205460617,-8429.670254289555,-7047.625880195448,-6194.4350372602175,-5712.99689454877,-5292.323698341141,-4852.273636614538,-4577.4752298446665,-4497.529103767321,-4226.864518415292,-3348.9635445244126,-2003.3946098111942,-886.6264022264794
-12500.718053188539,-11417.326399726277,-10411.256601268129,-9638.058852245,-9311.308701995564,-9551.20260551709,-10135.030971913076,-10383.669065173954,-9529.543660177673,-7529.991527641605,-5524.588938653049,-5049.700047853159,-6451.735297485064,-8269.613555518494,-8525.317667253246,-6584.257942091349,-3602.1075989810747,-1336.739542982763
-10657.340906985783,-8954.392288744904,-8100.543511376435,-8597.301907100711,-10680.495011631945,-13813.173551670183,-16399.416777572635,-16437.89351394796,-13238.27387507142,-8770.044230336995,-6593.1939105396805,-8599.656438900485,-12913.823857379468,-15567.595780506635,-14164.743231431174,-9602.789870972127,-4654.634238028863,-1560.758800303372
-6356.165318293084,-6162.16911500504,-8004.312849659317,-12503.622811125182,-19126.089659206365,-25481.936407606605,-27907.137620949172,-24127.207220558983,-16315.240393875458,-10647.676059498748,-12074.98899666745,-19267.45274585401,-25767.746067523218,-26152.085349047964,-20259.676457456826,-11931.091014036894,-5144.426310524594,-1626.910890779779
-1470.1221799389878,-6964.515385057169,-15598.360993784043,-27234.20711587348,-39081.94571352587,-45781.37964808842,-42618.86205307213,-30853.770213306314,-19396.683982769613,-18138.68973538548,-28181.01701792293,-40411.79133511216,-44528.780200993344,-37831.178597114456,-25185.60627903697,-13108.623282644912,-5217.145937217641,-1682.926274035219
-4567.235912940917,-20801.597973258195,-39692.521178513314,-58683.36527574295,-71356.54000769444,-70396.8555998901,-54853.993432185845,-35418.295995831206,-28306.559157360833,-39942.408533403235,-59626.28583484145,-70240.23770872243,-64068.34306321646,-46371.67821937649,-27172.246484927156,-13072.0797228367,-5312.948562375344,-1978.4152824861098
-30271.890648869965,-58501.3722648802,-85320.1328701015,-104301.72301032918,-106456.25517728028,-88016.18470878754,-59506.77663005639,-43089.31482433009,-53371.88039475875,-80962.21530436438,-101088.89196930401,-97829.7784928224,-75150.32552587197,-47335.68971732357,-25427.342890968976,-12484.553716950353,-6168.643177732183,-2811.8394905998084
-87070.13079060419,-118953.82498426097,-141505.5560683391,-145440.38250812556,-124736.54278924387,-87704.64699573889,-59683.934802267526,-64409.052226493935,-98030.15825643603,-129810.94974216465,-132781.27620741868,-106578.36415053102,-69678.24940031162,-39156.498966252395,-21015.893708901247,-12665.054827950124,-8552.93375824262,-4359.499156125878
-159122.71726845248,-177259.5785636352,-178040.5675967982,-154155.6695749568,-110413.88234291179,-70950.68968145161,-66106.74543058035,-101225.62275924865,-144539.18567419224,-157387.0686924807,-130968.5952525263,-86179.91077863539,-47337.678329513044,-24901.34817025266,-16581.21679922315,-14944.128508509533,-12745.981299367839,-6445.6349940032105
-205734.06439785202,-194862.297707414,-164798.9201556758,-116382.49538254019,-68373.6158973294,-52064.18412217608,-82509.83639773502,-133897.6504474524,-159369.64464490575,-137871.88154116983,-88500.95702177205,-42672.16880051267,-17039.84174548837,-10719.70718650105,-14839.582775590807,-19737.98384377598,-18066.347201321558,-8455.597281291592
-191341.53352204096,-151554.8395088503,-100098.29422349876,-48191.90013268282,-21880.88840003721,-42192.405018193895,-94980.38425658396,-133173.33645702206,-122567.77012957311,-74090.79943591173,-23492.785849103162,4959.807698642305,8970.907073184944,-2042.2625173270371,-16920.88737985956,-26017.537067697685,-22910.949034371846,-9581.975043871376
-118389.04681898117,-66034.10376694986,-15227.190884175481,16645.185155876046,8688.79922389997,-37593.9666730054,-84573.55953621141,-89477.91910360687,-48970.97656362184,3096.9409824469717,34925.312314518436,38658.97687384499,22845.18502719472,-718.3241426001473,-21817.15057853951,-31675.77876729393,-25485.226584601452,-9310.629422294887
-24785.13888106251,20120.45887301449,51865.91731964565,54274.606771494546,20344.510797054474,-27923.23841208371,-48884.92098572666,-23406.669174477734,25202.905416836842,60876.94356175737,67895.20386911627,51718.384647571205,24110.962971496414,-5011.180426428894,-27203.754955403187,-34607.39682957125,-24792.976953300113,-7756.533885152263
49307.959362999885,75629.53544019218,83490.86751946858,63169.081009601854,21676.93309254213,-10419.126626747846,-4204.721670026384,34423.73434284693,72541.16633302832,86143.64670690963,74510.41630820611,48261.923343376424,17183.098492562283,-11593.909032766405,-30818.615708607264,-33755.08354235732,-21152.716082139785,-5550.696811982018
87268.46487431775,95043.18017022686,85100.06393797445,55119.60048930399,20468.958793227695,8782.972528298693,31176.71600494654,67179.98461798686,88443.75156869403,85230.36011967434,64618.82277706848,36456.1222712159,7292.452865677168,-17546.363812840784,-31431.071950356287,-29473.23911870224,-15890.400040370552,-3406.0431128966698
95189.55217718484,90212.4420300745,71372.47319438391,41879.95044904819,19372.821345110588,23071.28554446486,50050.88776647224,76319.9563782868,83398.13907744578,71291.4047746796,48788.448539217854,22967.81481589233,-1935.2147839360186,-21252.973007477343,-29036.58982292887,-23129.4365093422,-10532.257314321845,-1749.77533258581
87162.17700927408,75389.53720412235,54143.00217082006,29776.263952178204,18495.376338745482,30737.889274774687,55569.75243172576,71758.35740625796,69857.27110417548,54555.7518530159,33489.8214790445,11291.903627663958,-8844.767014284911,-22336.00761716538,-24491.623279488238,-16340.671866270866,-6112.503929300165,-649.8836193264744
74252.0560808079,59556.140994663045,39170.206230684256,20874.513628747813,17983.523525663146,33851.18899093735,54124.25377895823,62409.704170419696,55622.117822638436,39937.8406237491,21188.007476522624,2493.6447487550777,-13131.930121953468,-21199.47674327267,-18963.349866145516,-10320.379162024596,-2954.2992528717787,39.36442199599247
61882.98019298752,46280.902265228506,28033.9806133528,15361.219276152495,18346.689597498935,35077.004023092406,50471.70235835145,53053.1533652535,43748.144982640995,28683.40791188739,12106.919308028282,-3579.7001749278947,-15151.78605570118,-18570.25025391034,-13456.276605923826,-5597.011800546741,-859.6537928958357,502.88231355810433
51668.731452615546,36183.04286225631,20541.977009198352,12825.090666524911,19894.593761925935,35992.904308162804,46823.28404810997,45286.20960535191,34681.06848902664,20447.550618785273,5657.901063124665,-7481.068357143372,-15461.371405618516,-15149.406937680547,-8537.07542502105,-2099.937330367779,563.1856804306167,869.4650509628992
43622.18506978135,28855.68324731973,16014.5769357241,12637.54394848753,22472.97219400032,37054.37204833711,43771.93751540651,39221.316446285426,27951.699416133906,14494.336761517254,1138.1671877136944,-9771.738599826343,-14550.536981917881,-11381.014525150793,-4295.949727130163,549.1187510784482,1650.5817286948004,1195.134406538879
37332.495768965025,23681.342573882965,13678.924909138683,14025.068030890565,25563.67865209736,38103.821309114894,41236.91724179737,34509.72248860152,22936.499578791932,10135.332485199995,-2025.5402995708089,-10841.548250117421,-12674.140901004093,-7373.03334982644,-524.9253030021497,2725.8480468517587,2578.99558030166,1483.0100668911382
32312.09070166361,20006.58589965101,12712.62076587219,16102.466095201238,28461.210610185462,38739.354828338306,38911.38001551407,30701.04831903195,19059.91772922406,6831.217249669892,-4187.268863259135,-10805.161300162174,-9807.118387750534,-3032.377447070525,2979.9432090342902,4605.3938044481165,3371.5498473752677,1708.3029989873048
28032.652399988925,17153.200952993113,12267.212013656932,17951.59211527257,30414.038992156777,38477.30507675373,36397.04660926114,27323.026035793842,15832.447812268345,4232.484483198169,-5424.898115866497,-9507.172873691634,-5824.01797172466,1610.616244208179,6160.9100429825,6127.493329143674,3958.259344667822,1838.205038929143
23980.888543281777,14505.162341523868,11602.441687141381,18793.305457220904,30790.90974982754,36880.36748075442,33299.049355915144,23953.673755308864,12909.60397330223,2223.934188626157,-5576.155738929863,-6757.700443885632,-897.8201899195645,6102.369587898582,8656.444876157133,7099.313318992648,4247.696547650158,1847.779369542427
19816.251282553974,11693.057008315107,10308.819392412946,18231.885332628015,29307.77836675286,33750.466577847066,29390.914960061837,20350.48250993381,10163.954218418014,888.5638817950514,-4481.413559461677,-2774.614092142621,4168.758002598209,9593.248402974548,10013.770706520761,7354.867426974973,4186.893376314996,1733.3655082335963
15523.561876693188,8739.166087313133,8463.356686790643,16427.08365376979,26205.646926940386,29303.99996199563,24768.851046129468,16542.6386636218,7664.014054689072,307.67649479002046,-2369.480754863579,1513.364971018493,8091.705793689459,11268.903349706261,9997.95657564812,6876.667237449914,3797.0156526712694,1520.189627230639
11399.642371989079,5999.64086460956,6545.350662650939,14013.071293435034,22199.623467084384,24158.230157319485,19843.475746436652,12771.083361705583,5512.334899960354,293.5007264633719,-49.38843447798649,4727.151521131171,9780.535945216416,10864.274482225585,8761.31411025388,5823.515796035602,3177.699223610196,1257.951868292097
7840.850527684105,3895.8638569467666,5112.09100519402,11750.181892654406,18160.473287385314,19076.71481511167,15133.632519535087,9294.510550641808,3660.014289023863,315.85526625929526,1396.5590949581995,5807.18029579618,9008.999637533803,8822.914266303987,6767.763001239608,4471.454285356677,2479.5869534274207,1002.5624757245396
5087.821783438541,2628.376010097507,4456.955391014288,10134.694799719931,14727.528125286684,14639.23362383451,11012.28365663242,6221.243585683792,1880.4673111525574,-237.7543559136269,1254.2007750169644,4654.280899467395,6492.203769176902,6003.739545203644,4569.694581294546,3117.803913857409,1855.3109338376698,792.3605841788327
3120.2525094680377,2084.307621155521,4491.677634535,9232.627400871228,12115.36772436777,11068.322204370386,7593.044400916837,3499.748651806422,-64.89795007896657,-1667.2121122677534,-397.07138063817604,2088.453711020031,3368.24136939763,3232.0849056310735,2609.833576356734,1999.0576101993156,1409.314259089986,633.5335264030989
1741.7481336379294,1963.2586679303254,4885.1759617677135,8795.085492742885,10192.474332434474,8287.727540635795,4799.186069323979,1037.788846847564,-2230.5485502495253,-3773.7156137016955,-2816.651908468693,-749.3759238269691,589.0204977759199,1023.1265773994653,1139.7054579492037,1247.0350337761877,1168.3048291544162,503.91540939443377
739.3658415768608,1975.9981362051194,5295.655370071594,8497.617863594136,8697.826662648076,6101.00266178991,2506.760062901076,-1182.0629146350852,-4431.711382225637,-6009.908529475306,-5103.237846841697,-2997.038937381236,-1366.7093552269862,-442.6748359410253,236.10173884073384,882.0232183143924,1083.7053190522543,370.81810459300317
-10.468621359682132,1968.2155877196326,5525.234642101063,8120.412460962507,7420.825714559555,4340.516361870802,641.3035428947104,-3079.222106238318,-6351.843270610733,-7801.684512691871,-6638.7764049598545,-4304.325348973361,-2439.209804776877,-1206.87884949809,-145.24055232753653,830.6428096483822,1061.295373293988,209.70180613020676
-532.3265861887086,1925.7024009772358,5541.170961092884,7597.297570996655,6266.642644654549,2920.7134740945016,-809.816572583723,-4533.012009910346,-7708.027238842431,-8800.25913540731,-7235.452636928833,-4729.995143118444,-2793.385391869201,-1411.707583056663,-121.49513739387737,956.8181611399298,1001.5042706631235,13.286156184806146
-805.0394694703846,1904.1180598161181,5406.693528237985,6966.441257533517,5228.860313536581,1815.8478383497009,-1836.5413317263121,-5457.641119401627,-8361.544009776504,-8947.719688468836,-7028.624914341038,-4520.36186502144,-2653.5557337571904,-1227.1594510988903,147.3968996215118,1098.2486652143039,832.6580172852802,-210.07149206861965
-824.7854644827038,1947.9009688561837,5192.633831169149,6291.224587608957,4328.469262635397,1012.4963703960264,-2449.4481908136054,-5844.325273873348,-8333.667654306542,-8395.513916609063,-6287.886437465098,-3939.5894625395995,-2224.2196135282784,-826.685154880817,476.601935526607,1103.7532626741968,527.3120291486507,-443.43787118425735
-646.2839517964037,2037.9575773464894,4917.254072441532,5600.9559941529615,3563.917240638759,472.1376974332876,-2703.4291869222284,-5763.393145850946,-7758.9115638077155,-7382.812492722413,-5280.001251592384,-3201.3934609119715,-1679.3716334738356,-389.3810477828889,674.6217226906044,867.9965490287939,101.70385616310318,-668.2196633274413
-397.01651845627447,2075.814775293039,4526.589340489733,4867.1716798446405,2887.426448160302,113.47515184753229,-2702.935557750522,-5346.682549285182,-6828.780465203184,-6152.724748780955,-4219.4780917384505,-2472.5180662187886,-1181.2523563917302,-103.09203703600633,574.4489723232875,358.9731083820289,-395.9109221565851,-868.4151356698383
-268.72483247393916,1898.2537378791262,3909.0600032026464,4010.856924033023,2205.0464483711366,-188.53683052711636,-2596.969229296968,-4768.861357647803,-5755.741891918339,-4922.3237332549215,-3276.238391049043,-1898.9933267230035,-894.1043245244707,-145.83910485827033,81.76903974441353,-369.65994248246216,-901.881752674226,-1032.358514599934
-485.26077901627735,1318.7750606554478,2936.456291066877,2932.412103332437,1395.8424082564163,-588.3718843711378,-2564.6276218911717,-4229.488815692015,-4754.7047315434265,-3881.4218849785384,-2594.456600437663,-1618.0068316849756,-969.5788191326533,-634.191034913465,-774.5568700788899,-1191.0967390120393,-1354.4099278913434,-1153.0158086002698
-1242.7865362289997,193.43795630984621,1523.442015071403,1557.1332033482229,348.0729904002682,-1237.460872539542,-2784.5262529148836,-3925.049901588596,-4022.5855470995198,-3187.497838796624,-2290.8177375408036,-1737.6889882934047,-1496.7177365030905,-1553.0652095722508,-1824.684483815456,-1946.2088199455125,-1708.1068369998306,-1227.6114929877454
-2630.913126161294,-1503.818976323202,-311.47330111080015,-116.3230672933488,-994.1700614668371,-2235.59691566286,-3385.99912319942,-4003.907603021984,-3702.5756942072867,-2940.66024126319,-2425.353526364056,-2290.0011646601597,-2436.430308235891,-2714.2273372502277,-2805.757820353505,-2500.490941788051,-1942.6642303434528,-1256.8648619560986
-4568.205070965611,-3631.750175840328,-2413.9251348256603,-1986.8792718905916,-2592.39802967192,-3583.564001410764,-4397.456656497259,-4515.993269997429,-3841.3928379764648,-3148.668853492926,-2963.7918148532367,-3186.2416834081628,-3588.314999910196,-3797.69731373365,-3469.328186231847,-2790.5595506012405,-2063.3838859827742,-1243.8823582351872
-6797.38122222453,-5897.503223309661,-4519.001873503781,-3863.9575962720255,-4308.368834578748,-5165.96824975234,-5722.303191333253,-5386.365727766821,-4366.617569778126,-3710.3670299796495,-3764.5454126135646,-4215.3342739364325,-4636.137128115431,-4481.627092114522,-3689.5327911763884,-2836.1323926964587,-2093.9829444279685,-1192.8461974978134
-8959.20198512081,-7944.356009793814,-6332.014231838016,-5524.140439473873,-5943.326467282096,-6782.803006515378,-7164.984269902137,-6436.6366833700795,-5107.616883763699,-4440.3723239346655,-4612.208512715747,-5103.8897834077525,-5268.48251287389,-4588.92831280288,-3502.6983229012403,-2714.8068189065634,-2065.19591715289,-1107.8630483243267
-10710.988042863952,-9468.333342005766,-7623.586321527219,-6783.224761027585,-7303.866372796114,-8216.91107131685,-8498.016369523455,-7448.301708303946,-5855.558859814247,-5129.204079409673,-5286.244481162213,-5612.373791231205,-5307.544343279065,-4153.0947103937615,-3060.302385376678,-2519.694946737357,-2003.9942788796116,-992.3770663056089
-11825.430677547001,-10301.198715336808,-8288.675378409618,-7545.282846120638,-8258.545170381445,-9300.123915661281,-9532.903649792433,-8233.167081936961,-6430.293303505255,-5606.826585424096,-5627.6862174962025,-5614.2160524573455,-4768.092116119906,-3369.4316652547286,-2540.9958969262243,-2325.0857594021227,-1926.9391613881835,-849.3032137320442
-12229.256725645617,-10429.737512522986,-8351.06790043162,-7811.960567179165,-8761.771837689064,-9948.332611089965,-10161.757483049205,-8677.213377372775,-6722.354982777401,-5780.07683503384,-5573.619543390183,-5122.19275158455,-3824.6604332551624,-2485.039203924006,-2082.034950441592,-2172.384457817283,-1838.5795793218424,-681.687178546164
-11988.530286374751,-9966.984225968792,-7931.749092611208,-7663.392280625619,-8847.96556649937,-10163.320690620052,-10364.03538107554,-8750.242075457321,-6702.516878827778,-5638.403574662921,-5156.2909656559395,-4264.731300789819,-2725.3740904950905,-1703.822367308473,-1755.4107185448838,-2072.6674998604267,-1733.6741085447084,-493.4649769494549
-11266.267710252925,-9103.206135515864,-7205.167264452603,-7227.79625515306,-8609.580725708509,-10014.313662563,-10190.812905115215,-8492.542116086894,-6409.007087738021,-5238.025677400934,-4478.648031058961,-3233.377911332246,-1702.9425050297104,-1142.2767983486497,-1576.486929679506,-2015.562553870122,-1601.2091162152326,-289.920603864737
-10267.040839249554,-8050.09894651815,-6352.990413280629,-6646.314094661946,-8165.9266735895,-9607.731292514689,-9736.3105802877,-7988.595944980117,-5921.760460355848,-4673.243913706578,-3676.142748530451,-2221.018097189038,-913.6653866683987,-829.515992587475,-1523.0552223989164,-1977.0387841763504,-1428.6554874998187,-77.70466215855794
-9178.339848556885,-6986.917667154436,-5521.303757716937,-6037.334042950106,-7627.4336152466385,-9050.501675187972,-9102.488435961191,-7333.902746230624,-5330.119716325402,-4042.0860413490045,-2874.9785688463503,-1370.21548702185,-416.5309853574636,-731.1628970720697,-1551.82711612912,-1924.505457420382,-1205.8907496677186,135.48116074871706
-8126.2636158698815,-6024.045276175087,-4793.266510654738,-5470.875303548246,-7066.49419021152,-8418.387846193596,-8367.639369104238,-6605.093412057111,-4704.2715928792695,-3417.810162347172,-2161.6003977561277,-748.9893750551983,-188.31835131461344,-778.8296069867012,-1609.2015098615616,-1821.2701391085618,-928.7456711753634,341.3889894106362
-7158.936887837101,-5193.589772353985,-4184.094933321564,-4960.929066198655,-6505.144597839834,-7741.071372266344,-7570.756890410029,-5844.117152860501,-4080.287388694424,-2835.6228196549164,-1572.2909737896698,-355.63636147580564,-155.82756794996556,-892.9447448369813,-1637.845495401323,-1632.9491230864082,-601.903476067178,531.811732586943
-6253.187780522874,-4459.794267635814,-3651.608858343288,-4472.294278770325,-5918.961895248875,-7005.107933855465,-6713.465630480785,-5058.089827362954,-3459.442738812383,-2293.4801580155345,-1098.27573451189,-138.59247951719126,-225.47783086819783,-995.5683892431771,-1582.6404471230205,-1336.8908669115685,-240.32918669325,699.1412106197853
-5333.317327714451,-3738.2393198589903,-3113.4979643585,-3935.2455376808307,-5251.208081327292,-6168.746694421247,-5773.326858079592,-4229.106530643439,-2816.4596469823973,-1760.876717756967,-698.0569164667966,-18.90162375626994,-303.60860034750544,-1018.0094939456598,-1399.894733563795,-932.7893790728463,131.88276502437014,836.823220327701
-4300.158377716758,-2923.385646939709,-2471.8318678354403,-3268.1430439074893,-4435.879611053207,-5185.362461135037,-4723.88546025704,-3330.113613061013,-2114.0621802542814,-1193.7152751755998,-314.8403310895704,87.36190452030218,-311.55864641958703,-909.8866305902785,-1070.9010529402428,-449.31496480649395,485.87829960737423,939.7380358939563
-3071.8513168746767,-1926.8109403308406,-1647.1223988797208,-2409.168506395015,-3429.160630677008,-4033.0034858045415,-3558.26344766563,-2344.9742766681748,-1323.0754867651726,-554.9718539177502,101.61177441304216,247.11299917999952,-199.39141913960873,-651.3619500226183,-614.8643115215875,59.52323421755665,794.7807292334589,1004.5329572303116
-1625.0229546598027,-716.0409590239559,-612.7860147064144,-1347.8652886724235,-2239.0454263430006,-2739.3301444631566,-2307.5332368862423,-1286.2233288116222,-441.98048785200086,165.11097762333952,575.0654383096795,493.12267753171824,43.57515553892358,-263.06233471194383,-91.04694159105205,530.3631334401339,1040.1997534480497,1029.7844771792425
-13.946889160351944,666.5445100301993,588.5479454940174,-138.4629869089918,-935.0481783569329,-1385.399066596082,-1041.3895446674856,-199.8673827123966,494.9546049036151,939.9896038831348,1093.937431648874,817.8879439066736,387.2823135698094,195.69636946360777,417.76350665715324,912.5655880966176,1215.564948170206,1015.8588044714132
1646.289311047344,2117.9046800118135,1858.9321609415756,1116.2669873528075,372.03249418280575,-81.33632350235122,152.85736810489163,847.7889702754615,1427.185748514396,1714.7735592156985,1617.8011799086353,1181.815448268729,772.986810691269,645.5666669012471,836.3480208404718,1184.4376483888814,1325.084825518396,964.5898922975612
3223.0805928332393,3513.921919131436,3082.1896996566,2302.5173610926386,1569.72850837316,1072.7436435935783,1200.8573980714139,1793.5790022711494,2289.4769006096603,2426.402517148678,2095.4745084199526,1532.6449162066829,1135.8050154423345,1015.9615638776254,1125.2653770090767,1354.7437040655432,1379.498544370707,878.9997919627667
4608.448860077009,4749.756551651663,4161.3436639650345,3330.805316755411,2577.6170352206814,2015.3276986295646,2061.278382324657,2595.575677990132,3031.5398125468537,3023.706278527417,2484.3442468892063,1825.8498494650235,1426.0269539008602,1267.432814246008,1288.4803905645097,1450.5963782071794,1390.8437829249801,763.0486392929312
5736.533134033174,5758.560915615637,5035.523124980581,4149.384666912797,3356.4573697042197,2726.3252054394607,2724.801151609822,3235.6866468306707,3624.6810899285656,3476.507593876528,2760.2580788464484,2034.8140068977007,1617.741204995245,1395.5197355242087,1358.7936831303264,1501.0982793266112,1368.1534727585208,621.3060106808585
6576.609021092255,6506.875647679974,5675.111633134071,4736.840535119855,3897.158314672057,3212.2122684903047,3200.2340478759347,3710.911002447465,4056.631833683977,3772.8237267986924,2915.5860018169415,2148.917020543897,1704.9881509727072,1420.123052485873,1376.017285852757,1526.325459370108,1315.3376517558359,458.6788811607561
7121.963673584053,6984.5002300457945,6072.153979912882,5092.145448925389,4209.765604225273,3494.0596825537373,3504.657774694379,4026.193377510403,4325.267196726393,3912.7914389581274,2953.282031416471,2168.4398075881927,1696.1197531952284,1373.9056951124528,1372.9254039376513,1534.8691190596164,1231.6319762425915,280.37018925988883
7389.789810435751,7203.726176719103,6239.797907106848,5234.722241053045,4323.646305955075,3607.2825727660675,3664.1094600766096,4195.413241966318,4438.540861550152,3907.1408389981925,2885.2485685951074,2104.2072604266746,1613.0366662469914,1295.5394509651394,1371.1498928543137,1526.6735745375672,1113.7492709584942,91.94675606028827
7423.977584725067,7201.9060924356645,6214.565399234256,5206.323499383419,4288.40161216391,3601.6185847644397,3714.844914995923,4243.388381915196,4416.158342304729,3778.0845734117993,2733.350872246574,1978.638542373667,1489.5069267756949,1222.2507987122447,1380.5124438479274,1496.1813947883422,958.201305374276,-100.66844698911092
7282.413245777424,7030.62170546323,6045.616375772489,5058.809708442789,4159.783555000684,3527.428634843384,3693.3617039302744,4198.386805654992,4283.797079869569,3554.600928405959,2524.894716959852,1819.522689639412,1360.5097307535086,1178.100317307875,1397.8630814970115,1433.5681667024894,763.001679123941,-291.22980066133755
7008.46538181679,6730.092068774141,5770.2524118846095,4828.845467945176,3973.9136075667006,3413.0256063574184,3618.480913540623,4076.5893048289604,4059.8936809193533,3260.723538378557,2280.956101690038,1646.6400607885303,1246.5803777148242,1164.6850213504579,1407.2447870410533,1325.4256805701389,529.1350014776207,-473.1645514957702
6609.860110615816,6309.376161446767,5395.395287739322,4520.281500679483,3731.4643943698634,3252.744148112208,3481.565119975853,3872.3116064984533,3746.4604321802794,2906.040378373732,2006.8490153186062,1462.3104651911103,1146.1654040432481,1162.4515279621803,1383.9844692035522,1157.4095805540219,262.19709706663855,-639.7004586016618
6065.495629516893,5751.702145666403,4902.9110026180115,4110.93563797879,3406.578825514349,3017.2813825538074,3255.212547736825,3564.61503003138,3333.862620242258,2487.738346479394,1694.089704793483,1254.6640862733411,1041.901221248139,1141.5413489165837,1302.236689761649,919.7601395245948,-26.381762702530978,-784.2931491040597
5353.858559617376,5040.055893299856,4273.6334227623565,3576.8956654350063,2971.468134458161,2676.8459475466284,2913.578495483155,3135.6711552726097,2816.2441143582573,2002.4560651538227,1331.9834239357078,1009.678623995138,913.400423091367,1074.22976233113,1143.4301979234199,614.0729013674528,-319.6237577165173,-901.1975353901277
4477.777391433716,4180.0601236679,3508.543495307792,2912.844507576842,2415.616169546968,2218.7265632149165,2448.7667099825358,2586.545142838524,2204.7939717231448,1457.3204056607412,918.4713136092242,721.0565004768274,746.5202767360315,943.446308778561,903.2633771010401,257.99263032764134,-597.3100952725151,-985.8526408669869
3469.315885834123,3204.584520588413,2633.2130986653,2136.284966855714,1749.7371140390994,1651.423414414859,1875.143629026159,1941.190733537962,1529.8961016117075,872.3730524830346,463.28915087813436,392.850992977948,537.1288510250979,747.1054760700746,595.3975778880069,-115.67035063187026,-839.8970079816715,-1035.0172407674938
2380.5886974787595,2164.6984984840506,1690.3778529621945,1281.7636788050256,1001.6231828984312,1001.4334116013883,1225.3744804615608,1240.7968279926401,833.8195846846974,275.84104942866213,-14.592473302079725,38.39785307547481,292.6943200176867,498.98345185414655,249.89575788101814,-467.07119352747276,-1032.9559577750006,-1046.9419842318514
1274.4152144021534,1119.9059238216435,732.3630590697668,395.94953743093254,213.31777209171554,310.0541284846295,544.7808833035793,535.1874535057051,160.97842502885607,-301.7916986016637,-490.1658425089953,-320.5922792005887,32.15605758992888,225.18754424997587,-94.6337920153104,-762.3166916793291,-1170.5034535959112,-1021.7212374346276
218.520062123401,131.99031849734757,-183.69686498851704,-465.5970844005702,-561.520620264994,-370.86681543421645,-115.07921617697878,-125.6862907578504,-449.8490927892562,-832.0111625647603,-935.2617870240222,-656.496484904297,-218.73464417492016,-44.0360454877881,-402.92352762684106,-984.618298792158,-1255.4389237687762,-961.4587821775502
-722.9019054898353,-742.428289391386,-1003.2385909019207,-1246.5674397316764,-1266.9029036965512,-988.9376873765241,-705.95076260874,-700.4355395785776,-970.9422203529049,-1291.8964337684401,-1323.4436686611036,-942.7018767592469,-436.3731377511305,-283.7963478389912,-653.0100320544138,-1136.7270484986498,-1296.4517894144194,-869.8287384097661
-1502.0116229938678,-1462.3925811717763,-1685.5939516336439,-1903.5182095128778,-1859.5424934005048,-1504.8148223501116,-1193.4855899004374,-1163.360831033145,-1388.474066502349,-1667.5957807645493,-1636.4989676590208,-1162.1761315282638,-606.8847165846554,-479.84247472768607,-838.5965049124754,-1233.6167979010677,-1303.0389687349775,-751.2731160479304
-2095.7996474283486,-2009.121205329196,-2211.407975755372,-2415.128832978974,-2318.499586348343,-1899.6603166749574,-1561.8780645620204,-1505.734760969077,-1701.179441733951,-1955.1597806075883,-1867.6394884177948,-1310.538841261436,-726.6292000268755,-626.9473627575785,-963.80842588666,-1291.6575179217348,-1281.6794753337706,-610.5102806784862
-2501.9267523238905,-2381.84413944948,-2578.7401731592417,-2778.2699631202513,-2640.6705467584306,-2170.1958440882427,-1808.8453543466137,-1730.1857226469626,-1914.8945699264618,-2156.752318397539,-2017.7421987023772,-1390.670021256757,-796.3537674325936,-723.6599614619566,-1036.5334678554598,-1322.02155463571,-1235.0251309162495,-452.5137546111067
-2726.6236819660853,-2587.2694756866595,-2791.9423852620916,-2995.2802487391314,-2827.4692249119325,-2317.2964412706738,-1936.7323542457827,-1843.7077530708468,-2036.832964810589,-2274.8623659894047,-2087.8851781201743,-1404.615751907712,-815.806913852733,-769.8459705025249,-1066.3572485146833,-1330.611686631174,-1163.2739063667927,-282.4478376457747
-2778.2276605250345,-2634.294504834988,-2855.56332195711,-3066.467145388786,-2877.3823664033225,-2340.7188462454974,-1949.4890003492867,-1856.027612735452,-2074.151003205692,-2310.018213839407,-2075.9385809347236,-1351.433345179364,-784.5958691026922,-769.7341417102562,-1066.3169043305006,-1320.7074899516087,-1065.5602491259597,-105.27721435241719
-2672.0567622701396,-2538.382958671692,-2778.943749636729,-2995.2428985140705,-2791.7443110890754,-2244.806059845308,-1857.6071465634698,-1782.9617459724202,-2036.6725087010877,-2264.073114543425,-1980.8478770631016,-1232.7652131217176,-707.6925654394254,-735.8595073539834,-1052.3956481697787,-1293.834494307578,-940.3892519935791,74.51580198884106
-2436.475358882596,-2326.3420840257736,-2582.9584688572954,-2797.50493279426,-2584.928643833279,-2046.1792633175307,-1682.1990752415081,-1647.0697331034407,-1938.4085583981453,-2144.5863685082604,-1809.4527813273592,-1058.8895247766222,-598.1112023602284,-686.7116401513117,-1037.5563315809418,-1248.3212332206365,-786.04148917108,252.62255638838852
-2106.224470121988,-2029.5374077250121,-2296.058156691591,-2500.6319259267866,-2283.9966803533525,-1770.8322356033746,-1448.7802836992369,-1469.912384805034,-1793.2306349422897,-1963.8910600792844,-1577.2367080785402,-847.022564139254,-471.6268363727496,-637.1235854351171,-1024.4928722944933,-1178.3354996706119,-602.0885526904291,424.20942837200505
-1703.592630344483,-1666.7992113591363,-1938.71389544176,-2128.8290065246033,-1914.2987419327117,-1439.64929881608,-1172.9592324741272,-1260.288652267273,-1606.8035858779087,-1732.0631526213308,-1300.6513069103753,-611.9782253690438,-337.0230380905689,-589.1856298636966,-1003.9400377908898,-1075.646780751333,-391.58112360144605,583.5226870444453
-1224.8285889608703,-1232.900481549363,-1510.577350444637,-1688.1832997958365,-1484.1398581918938,-1055.622517604012,-851.3886652807214,-1009.7079365208688,-1372.6032158362218,-1450.4521790975023,-988.0642407732364,-357.9407656705155,-191.16618218496228,-532.5043073183862,-960.4727686283684,-933.5182861860242,-162.1941300774194,724.2627790479925
-648.5659431956824,-707.2287736395771,-995.6476335310338,-1168.088659504115,-985.0644250520786,-607.0023144470674,-468.98116932469543,-701.7832821084902,-1078.0025122647196,-1113.509452039963,-638.7866706594707,-79.91122508575779,-24.646246184634435,-454.1528647859834,-881.3796080139415,-750.4198375648746,74.76831074471515,840.5658710243888
36.158351887948584,-79.76524857793366,-385.13296298570435,-561.3511534404354,-410.41769337403144,-86.4913251791815,-18.960690530688623,-330.1788752047711,-718.0849241088723,-719.6336188817301,-252.32796297743306,225.44429117467536,166.0051435199063,-349.8410774397164,-762.8723242069584,-531.9159537886845,306.8380312805182,927.9512219876092
803.919361014762,625.4703155207277,299.5136223491295,112.77859494428706,222.7509327355137,488.8529926751215,480.1137079470856,88.27928226274858,-307.50618108177423,-283.05743211210614,159.8337104146512,548.6072563753462,369.8121680827764,-227.74227329299904,-611.3090052680913,-290.5312270254789,522.6813891541551,983.6052607386014
1591.3551617263613,1349.5458881547468,1003.3324035217761,802.9905348745428,867.944763163878,1074.4641681320745,984.8921738277049,515.6578071762127,119.15115281594308,163.59979692198064,570.7704280547551,865.473393844522,563.8095248341859,-103.7329208709865,-440.52083140623273,-43.794536293807255,713.255308702283,1005.9321981406206
2324.009057975641,2023.5153982490576,1659.676725361487,1445.0385875773684,1466.7323031382323,1616.403705856692,1446.3183791529748,909.484801305732,520.4915820096721,580.2547993107717,947.3728756042215,1147.3240350690603,724.6072625824186,6.959545751314465,-266.99671940229564,189.70544894739396,872.164973953247,994.0168268201177
2953.5402109945935,2602.5658616513924,2222.997926398479,1993.3757307432197,1978.0224039785055,2078.560554399191,1834.1053329471856,1243.0953843864286,867.3447647519503,937.7129798601976,1266.5287327199908,1375.5382940606305,840.4053609296171,96.3556958497428,-104.13139827630789,395.8018508228206,996.0644748586014,947.7658826377819
3478.871726770437,3085.4178831472395,2689.376431737317,2442.518835615193,2397.7291462352805,2459.26486996124,2149.4422519493064,1516.4437428668975,1155.2881396188945,1230.9111530513196,1526.3790681172072,1550.3159226946534,915.2779762380674,166.11041377992694,42.610029235886714,569.3594145957751,1085.166378750555,868.6980287718781
3935.558271553193,3504.647996072375,3089.2890314147307,2821.6816736901355,2753.586528988759,2784.7175606195956,2416.8775389139887,1749.9439827859965,1401.4556566741148,1476.8907118525094,1743.7192518145712,1686.8070286535537,963.5655595999978,225.22362484560233,176.56618136981444,714.6487562905463,1142.8927741849245,760.4420751153658
4359.593428121107,3893.4664230236826,3456.274733574568,3165.037781386625,3077.5369798555525,3082.886864084004,2660.4330264608607,1964.577587966945,1626.5163131513325,1697.7252925736195,1938.4110645100652,1800.9266828728998,998.5553933856436,283.6351806632375,304.97381388061774,840.4248009554897,1173.8329019638775,628.1591542837958
4750.354485857613,4251.462835846874,3792.928132089022,3478.2647965222845,3374.9106026540635,3355.8255265534617,2879.983699487474,2161.001858709503,1833.6380789725936,1900.0455615480369,2115.427451126464,1894.6205463293022,1022.5572172403889,344.3184964479432,430.8513514361518,952.8036285892813,1180.6526278130036,477.27018287552875
5059.878820740485,4534.428073340757,4059.506657357985,3726.506226715947,3613.4181605222498,3570.7768397937534,3044.7699752528647,2312.6098647039653,2000.1258431465665,2066.491135574557,2257.677041621841,1951.229692396225,1024.3518208912442,398.9166581662315,548.0228331855695,1050.9352278712372,1161.9696117462859,312.6234391756256
5219.149494265419,4678.411732255959,4196.191977818193,3854.9856243863896,3742.0401681907056,3678.4068146589734,3110.3196723613487,2379.5233697024187,2089.855085774042,2166.523017935746,2335.6858291983617,1944.9541382268244,985.8901661471035,431.34407295975825,644.122427149935,1128.111578753577,1112.9097867488492,138.66276043365863
5186.004107648348,4644.076701999265,4165.901657633327,3829.666419982451,3728.21673087443,3647.2367360193243,3048.939802698329,2336.005072681909,2079.459909183138,2179.5828616306353,2328.0935445206833,1858.5042162947102,894.7259523915191,428.535693801417,709.7657363611506,1176.6650163889462,1028.1674941230456,-39.928865799070095
4981.342894669622,4450.515365136216,3987.3262686288845,3668.598463370365,3586.701445365061,3490.1591999026937,2872.9513570805875,2192.481009724988,1979.421926747581,2113.475646835469,2238.446380953216,1696.7871210936614,754.5198892954759,391.145120840637,746.224639219387,1192.595049513159,905.540279095894,-217.90287354939252
4684.891297447774,4171.638027649232,3731.574483583628,3438.5436441174893,3377.0592828141826,3262.271687470349,2632.7060599603305,1994.686777045136,1832.8217074442073,2003.3395197128416,2095.5481845074783,1486.6628148637594,586.0874772621087,335.47506582609026,764.8415862102429,1176.8046907807159,747.7104149668362,-389.5950970062375
4388.273660959477,3892.76538191257,3480.0802391544958,3215.11853507434,3168.02560310562,3028.3524536583664,2387.799784656691,1797.359086494342,1689.8844394632101,1890.3409493898048,1935.949981712022,1262.2316580737563,416.9836242434792,283.8041653501476,778.5158121002597,1132.7567601314463,561.6089328905603,-549.1763451403029
4134.212769107398,3654.0597021711806,3269.95307953628,3031.7292936553345,2991.272220583231,2820.3389132624725,2169.1317882740977,1628.56333968747,1574.6875560852836,1794.1969127179386,1780.077979346339,1045.2039674941936,265.5705001129289,249.4216880152514,792.1950080211362,1062.8983561180623,356.51969247705205,-690.789840351942
3883.760583672968,3419.8088107282524,3064.7938848012545,2853.0766006396416,2816.804119452172,2614.1762046151835,1957.6760944356786,1469.3250788791854,1467.5840153761226,1698.785891841147,1618.661887126899,833.5048826602502,130.2076612883235,227.49261975411332,799.5897573364217,966.7651261867635,142.4830481045527,-808.8044289462091
3537.719093753273,3098.0528793089147,2774.40184105985,2594.4973312843845,2569.528736939078,2344.1391983512285,1696.3231450716032,1264.577386862496,1317.1710295609407,1561.8239811914077,1419.6875997004383,605.9351434007166,-8.36343520228229,199.01641565782518,787.94080438518,842.2281102894137,-70.54985309174204,-898.443200877887
3003.270666642946,2602.3563775769726,2314.846867930989,2178.282301390676,2179.6062143310223,1948.2515435804291,1329.6970639013216,960.8716925009165,1075.731572748736,1343.7156604676297,1152.4188820017052,340.2009431334043,-171.9652699955767,145.47176218259128,746.956977054394,689.0791253028715,-273.43135141356623,-956.5712609631455
2265.7130421403454,1918.5048423073322,1672.5720345009315,1592.7321393956915,1636.0620450722072,1417.1172128555183,847.7608832847868,547.8038838876715,735.9338606680684,1037.8860344672398,813.3674202056552,32.93042630540532,-366.59911707244555,63.84885493862231,676.1184244064497,512.5055282152448,-458.7989845912082,-982.0127640440527
1419.1680063126412,1133.2186657510636,931.3170418471295,916.0771504484497,1009.2602238336103,814.6532170145545,305.13450512678065,76.30159040220605,345.0525033197838,683.3028249783464,437.17574499594264,-291.1547645219404,-572.9386810590381,-28.410760900937674,586.361986121072,323.87432447704936,-621.7820993828271,-975.0097344356611
633.7721165071139,403.89456755230117,242.26203930508422,287.97516106458704,425.93080668098,255.6306498222723,-197.81754171684005,-359.47376341437814,-13.257418411351608,350.34743680650007,84.47723489893923,-587.2398435544928,-752.6870990386985,-101.82149743625723,495.4862902888691,137.77396498707304,-759.7199054904058,-936.2515224644942
75.50757761009083,-115.70779196484023,-247.65812576941738,-156.86973263959135,9.247904177861983,-148.66570010149113,-562.7153138935801,-667.4543623381342,-259.65392060154164,107.25261998272038,-186.86723120041663,-811.4995430734144,-867.7112277726167,-130.9054041117306,419.7182710372123,-33.26695569979444,-871.123437154406,-866.4650227958891
-175.74341886113757,-351.537270697321,-468.4362200023943,-355.1504506964564,-181.93897381209914,-345.51340693236756,-742.3371502060835,-804.0165994694771,-358.6429918721358,-13.73211693312237,-350.2715376043476,-943.0970884584331,-900.4509859878528,-107.7072515623862,365.8753674787992,-183.17258086197273,-954.9446921899354,-767.1054438651009
-162.60502015955805,-343.1014256587112,-458.7235220679607,-343.24733243686927,-179.63775067598556,-364.5939656239041,-762.5659844596294,-794.16878216194,-334.14013380739834,-30.803108175716545,-421.83416740597687,-994.0985065043892,-862.9250593580955,-44.942094587421934,328.51543565751564,-313.0888856363583,-1010.8039167099986,-641.5235824010281
-20.791055644510394,-216.1708491711933,-338.9420209249792,-231.76607253653486,-84.21657934026211,-297.3161714505946,-704.6337686017919,-714.078287731008,-252.69033664829243,0.49603825314159167,-448.35196484496646,-1001.3467745337239,-788.6817662497534,32.252215262133916,293.86451292317463,-428.3914951929559,-1039.6067396947908,-495.3381214269424
97.64025319627484,-111.44927460391548,-242.58561325453968,-142.25791718583764,-6.978230766361833,-244.70582226011953,-658.703329798343,-646.8872497298559,-184.98460859825047,19.74389832848118,-479.74777923293,-1005.0392281758964,-712.7626372080892,100.40268599584027,248.2704512232317,-534.2982299171758,-1043.361750618957,-335.4024601638696
103.43106606250151,-110.97030399462025,-245.89848102901843,-143.12172972421155,-11.49757147494978,-264.5205616236134,-676.0233175956428,-637.9544318830025,-168.28037653931193,-5.776014204568014,-542.3727606458368,-1026.5069525216652,-652.0893651234949,149.41439123141964,186.06897184769423,-632.73445728859,-1023.6954860159303,-168.072366387978
8.1736159611565,-202.7559030733343,-334.70800233216283,-219.98559194803954,-86.1254551419926,-346.69983223507586,-746.1993543150753,-674.5784572592192,-190.4236526722421,-66.6573221671506,-627.8208115238677,-1057.787183380291,-597.9178203447022,185.83678156449406,112.21721284770581,-721.4234810853186,-979.9211009049233,1.914131781227411
-95.52486699538001,-299.4820096158942,-423.2754722847212,-293.719844019295,-159.87511102754348,-427.79025305806925,-809.9472755322554,-699.4743157477021,-202.36399281227222,-121.55221047901722,-701.6720222376175,-1068.2082945001898,-523.9653549580369,226.78569720431847,38.62176516087533,-794.635181807265,-908.338340042099,171.24981517211603
-94.51893793972232,-295.1541835717168,-409.5097389153084,-271.3148214153006,-148.33779801518256,-432.076168242114,-796.8427708635706,-647.3269188405606,-149.41215450553574,-123.68712017454664,-725.02332940058,-1023.1901004950023,-404.11682581459166,288.7706575719707,-22.82684502061892,-844.8891087343618,-803.9609360240227,336.93501227073136
81.52773385847067,-124.51297312028413,-232.36505331656423,-98.16108491830298,-1.0235421843844392,-313.8190160963839,-664.7981374778733,-481.86778071207027,-2.0716593470042994,-47.105837470366566,-675.6933619908716,-903.9540979509484,-228.5368017242468,378.02402773327134,-65.87746573527531,-865.4004103860805,-664.2585052281745,495.10895540243763
428.1802333137665,206.99271048131789,99.69868541849613,216.57996262879652,275.5164671359975,-77.96056665080634,-419.9137461075961,-213.30089772603898,230.1304031728459,101.57408271137942,-558.1677892423328,-717.3897199647556,-9.259294497715473,487.3594416569712,-91.3635956323788,-852.8991424688924,-492.8288806167582,640.5091568561149
877.4992088718391,633.9506949331882,520.0739510077433,611.0590956543498,627.2800211610702,228.06200389079802,-109.04724370653355,110.5470617039914,506.71900926003366,289.80300197437066,-399.07749184344243,-491.8862143121197,226.42523099419816,600.3031720506576,-105.02187695764474,-809.6795991529285,-300.5012354296051,766.7585608834567
1338.8445260573328,1069.7455208621204,942.7116352737805,1006.4587508699237,984.3245963767938,541.866886779942,206.63725415859727,430.65327164439447,778.4396752236673,477.21489227028627,-232.9942848038817,-263.0060830847734,449.3675835248503,699.0597685192591,-114.27879008120013,-743.4655346362265,-102.72514445577971,867.3503857798166
1742.1446256596637,1447.8554333124264,1303.1393097038651,1344.2845295479704,1293.5346793041479,815.0394648706017,480.18300410292983,704.0914385037092,1009.4551895944187,633.46812305701,-87.23860907685008,-57.689750867096166,640.5565235300041,771.3331448643228,-125.99995618838423,-664.5847952796559,85.62173112531158,936.99663466725
2060.8868048475147,1744.008698605675,1580.3089156796857,1605.7530075863006,1535.5645528863638,1028.5622426718212,694.6422273800861,918.0936775129678,1188.2167846426075,746.9172202333372,26.954382228919883,114.89557214907319,795.8446965484768,812.7134873610211,-145.2770260258071,-581.528243800213,255.24272332732613,972.7993624366029
2308.2184965322094,1972.5705215753228,1792.4690203102896,1807.4544049179565,1721.2729164777545,1190.551594781578,861.1544017691632,1086.5968236861495,1324.1437156336267,822.4256490017713,114.29966216151138,262.49699187084883,922.585489060184,824.718144113099,-174.32727073516168,-497.1284264387923,404.5506346325873,974.622908880884
2515.7424753690157,2165.9200180912776,1975.5446998123489,1981.444897412578,1875.2179329419898,1322.5210410391207,1004.6356993098473,1235.1046099601024,1435.5472415119307,872.9401063349429,188.66845844906663,401.19770467125585,1031.8053949079535,811.22772815561,-211.2675483497594,-407.5472717533678,537.8723454955009,944.377928491882
2711.3428899128435,2352.3252003839143,2159.5791946692943,2154.1522088882566,2018.7468476949864,1444.6548638507709,1147.4058017327293,1384.3919603803424,1537.5860160714005,911.3041132442044,264.44510418275615,544.8045831749097,1131.0702516227047,776.3221554811362,-249.7295693843909,-304.9489724725019,660.8993290616281,884.6535235712627
2907.788217792562,2543.920093825536,2355.4235537294494,2335.0428071162282,2161.5397470979638,1567.6272063725544,1299.1199050848732,1541.376209803235,1636.4706627556875,946.1625881334442,350.17331114166734,697.6470272431181,1221.5426649706787,724.5016294965872,-280.4800111106434,-182.77799180393492,776.0359490389206,797.6992541463921
3103.471335008706,2736.789889992892,2554.5743244606674,2517.2139172492457,2302.4459036153544,1691.9802531493401,1455.379008459358,1699.259047421485,1730.488355652713,981.5852046669146,446.05851584386744,853.280209757919,1299.4321297532435,661.7548002020649,-295.06862545841335,-40.97234280086309,880.183165119485,685.5335506048142
3288.629510071374,2917.4112747009926,2737.0325014930663,2684.6786728980414,2434.343464581907,1811.16444690941,1602.1112683334386,1843.4860623926127,1814.0032627405687,1017.6138989161755,544.5983045136421,998.1837733427894,1359.4017507555627,595.0604045726591,-289.9828726820556,111.8477025578465,965.8899862714081,550.9864315691304
3449.56984445361,3068.3827348944656,2879.9112722408554,2819.412955698302,2547.2377982026446,1913.9666251757762,1721.3061673323894,1958.3292751368936,1880.0797249995971,1049.7103307056743,632.9598832485547,1117.5979951052552,1397.0218879177978,529.4391449641072,-269.0357872548801,260.7927203971008,1024.785275886278,398.6268908003572
3568.5243319825368,3170.5549462279946,2962.739025425649,2904.663374626452,2627.8479224795033,1985.1756909301664,1795.5435353819776,2030.8432940338146,1920.1990330945655,1067.6571379364557,696.3484742568346,1200.6030768178553,1408.8796573195218,464.26018467850645,-242.33263997332023,390.7606377259694,1051.0514369242658,234.61513448491135
3622.467400186205,3203.663293927117,2969.9309299324345,2925.6268074752015,2658.386587854193,2006.5113876308376,1811.3132624760585,2052.088505987622,1922.8759255645205,1056.2174037686748,722.1548914455395,1242.7154862493967,1391.0494025943028,391.85258435260477,-221.86099173081368,492.87287225749816,1042.989378760421,65.47383922483723
3585.888426021625,3149.219723687054,2892.9623904101036,2870.683528874099,2618.527747624434,1960.3248093507636,1762.0685460528402,2017.3751574003606,1874.2293856727267,999.2230835095,704.3032822361031,1245.7317147753852,1337.871220561588,300.34936858350864,-215.61723166380625,567.5453766648224,1002.0865527298384,-103.31620316661468
3439.346463449313,2997.0161080491075,2733.5211375430563,2734.973762437314,2492.092797729508,1836.264766555135,1651.0326028939198,1927.049296872794,1762.1070746312714,886.3254879762039,646.358422604368,1215.7068968845376,1242.7799723260318,179.9190219281943,-223.18744515321038,622.4227168688378,930.5967627407507,-267.89297596971204
3180.537453674245,2752.607832509707,2506.247237355141,2525.0544562830814,2275.991923778408,1638.0844832823288,1492.3889021909374,1787.8567548520862,1582.5351730050734,719.3227699989945,561.6665135609908,1160.492420313651,1101.5601170539946,29.158340483136385,-235.21282062891152,666.689855168452,829.6150613053203,-425.4237390529462
2831.5118324748228,2440.911420285734,2238.2228334210236,2261.3236682199636,1986.4399138338786,1386.4623952938136,1309.2002211911088,1613.625751744186,1345.1070773712531,514.4792174083083,469.7437683974218,1088.0358994472576,916.676236462469,-141.9422959072677,-237.3057035252108,705.5547695476907,699.3514853465985,-572.8055428845322
2436.8112068200276,2102.3252056293654,1963.4798667525802,1975.4256155182882,1658.1673403905281,1115.1930460834913,1127.7251282497455,1423.8834648265129,1073.847993585995,298.9691604799642,389.95032044297005,1005.8474274140773,700.2083396885723,-314.2428427724343,-216.62379513198604,738.2725025536513,541.7271533949264,-705.5086875509234
2051.893376032166,1781.7432080816534,1713.6990578518792,1702.5360005363336,1335.7923674853548,861.4931265421183,969.8884270351273,1240.0667311519787,802.1342784833413,102.50800561366475,335.079124991292,921.1610005764453,473.12730515816554,-465.9270443543901,-167.75753250445447,760.356258197249,363.442345737086,-817.3109433031473
1726.3115833682027,1514.8303473125764,1508.8463383136477,1471.3722777047517,1060.5238302262972,654.3324108612862,847.0056708002307,1080.3778683277335,563.1732287990534,-52.336149288696504,307.733077478397,840.8918288768992,260.23717575403236,-580.1554451323291,-94.86492685371368,767.7486751816932,176.8208791713579,-901.2237396565267
1488.652933516579,1317.4303047149285,1351.88231217469,1296.0520350388756,857.5948882925859,505.72831619106154,757.4404940263553,955.120130478153,379.71650145739534,-157.0648126149474,300.96631160392747,770.7144386499517,82.34598616106793,-650.4963243947448,-9.099249618069251,759.7647746633295,-3.04614895967282,-951.3128599302588
1339.0976816102414,1182.3025786226615,1229.6864613345608,1172.9430365890275,729.2906814921006,408.40399196651305,688.9442843714606,864.1545152823355,257.0610561834405,-218.7408396484883,302.4580380010311,713.2875991416621,-51.07512434321788,-682.0221687287097,76.91525512011333,738.9335582322416,-163.72506521533904,-964.5746661221034
1251.8564324647368,1083.923599737775,1119.419814807761,1083.3560302840428,655.8719221877201,340.2659448818494,624.2926580487151,797.3034116620811,182.0372360821874,-255.85227824116026,299.87038067697347,666.437752923777,-145.2938865499729,-687.9926097417101,154.24350493524355,708.1768672952296,-300.2440634559192,-941.8434472707554
1185.9444878304448,988.9878175779882,997.541009319609,1000.8173967864186,603.7005681565777,273.54055722529296,547.7845093967392,737.673904910274,128.41066903805677,-290.5214662324312,284.9649018795098,622.5643270079647,-217.86812007327882,-683.7978572742666,219.7297114018355,667.4580981719675,-416.2240237453251,-887.1294432548373
1100.3707666761002,868.8220729523266,848.4162643428335,900.5785361058414,537.6881447718215,185.2058287386639,450.54453617103877,667.2505231835415,66.87959116912482,-340.0350000308152,255.34915883788645,570.3418955767418,-291.0284457321505,-680.6785445830402,274.60354561256315,612.2931954797829,-520.5565829226251,-805.7097859209646
969.0965755622516,710.0841254086911,670.3978409727749,768.8327005378458,434.1798149609915,65.54904366832102,333.6736374654709,573.5749796375576,-23.69632819833862,-410.43808793844323,214.31214689779625,498.89012288777445,-381.9705899676771,-681.541990717966,321.4895654752582,535.446338605631,-621.5808365706121,-702.1265922137823
791.4898472754513,520.9946615354821,478.29462219160973,609.2541055126276,290.36799974987514,-77.39879570416122,209.12740486329088,455.73126789175626,-147.68816324474213,-493.9537199084066,169.94217621625342,403.2300009461143,-495.14782479341807,-680.202924846787,362.3917493632008,431.3218515728663,-721.9999465126306,-579.3112517178567
595.0352885133423,331.34756780987414,301.7165383302696,444.7416991086617,127.13221067082304,-218.72340686118787,98.32864005293777,327.41423354470686,-289.85217461351505,-570.7909773277408,134.2428273796053,288.6798071699534,-619.7938720304303,-664.0283010515066,398.9295818833916,300.83055728159223,-816.9845349644404,-439.22592693634374
428.8185940967936,185.71957159305225,179.10919547352142,312.9916154895577,-16.134900582512714,-322.8181259588305,28.31844774804466,215.14756489009312,-419.5638798388683,-614.7779783382304,121.91026634205957,171.6512256562516,-733.6198785067223,-618.7572224101738,433.97877914036445,153.8073555885499,-895.9131531432972,-284.32807379170504
348.8670695709797,130.95381140281987,148.03553267124752,256.12370977307575,-93.73144116313165,-353.62610156177516,25.446090012499894,151.12259390910936,-500.9767885133605,-601.2781122732116,147.86980499300722,75.52134110146909,-811.0304776501002,-533.622130920761,472.63034506611694,7.05304514240666,-946.4332655256114,-118.68248529496427
399.2993449469222,200.97477885140253,233.59752087286907,306.8169226667512,-69.33314941736711,-286.29394079765774,107.50556053730823,162.33248076416552,-505.6988112074807,-515.1575254062335,223.18718476537143,22.50748668163223,-832.4821082758591,-405.0316730754348,520.9131157750837,-121.53384680988883,-958.8261290777388,52.0216428730236
595.3090228265781,403.54293941101696,438.270823131296,475.32855817569526,70.04972813819018,-116.70884767789443,276.4292919605059,259.6626580153659,-423.5023560832202,-356.42260341288505,350.2476627646992,24.629431985914238,-791.4315110002824,-237.8738715762288,582.4728336658959,-219.88710627077907,-928.9689360042722,221.40340267508466
914.1763247237715,713.7577927002557,736.9410575975402,742.2963643469393,306.9487861314094,134.44921565072136,514.3217695570263,431.25900219210496,-267.1980898134948,-141.7162876435658,519.2036114229571,77.67383956050696,-696.5687055478561,-44.51443373190279,654.988901340859,-286.17557282354755,-859.045395483912,383.5128473459136
1298.3336549330402,1077.4991182680108,1079.9491827071188,1060.7950259933712,596.1879187352175,425.0988093232402,785.1249736186546,643.3161095293877,-69.87087481553306,98.96191413629771,707.8081542463007,161.03096584074387,-568.9559837507865,157.74866265858157,728.4967393072868,-328.55543692359174,-756.1604307120369,533.409589937761
1670.5338818784855,1424.8594295935466,1404.5257578839232,1368.055844635766,877.188628175435,702.2323393049342,1042.5104901462737,848.7805003411116,124.64726975326442,329.5497142928908,885.6832781072679,243.82795229167579,-435.428723678707,349.9365998374926,786.8976706884571,-360.8022499037034,-629.8344277235801,666.96572726897
1956.7529296807381,1690.0044673032019,1651.9086363475444,1603.6559199131968,1092.0767951922294,916.6638132364619,1242.2748167804261,1001.412449365833,274.9240313715079,517.2946870045587,1022.285999113921,295.1334724408997,-320.5893191287524,514.8445651738632,812.4413154023587,-396.3726602289895,-489.626478616919,780.2241510183621
2109.3538933731506,1831.2405971719832,1784.9593272923748,1728.307216320732,1203.6553665415897,1037.5749037424225,1355.5403906100585,1070.4726944812344,354.45252436318503,641.6474486734342,1096.1601413522187,294.3944313070825,-239.82618376551892,640.4508800032081,791.6351306730246,-443.64419824297414,-343.68995832622096,868.9270677366032
2122.633574964516,1844.5829812511886,1800.3924987417727,1736.823710101205,1207.2610378927984,1062.2106714830327,1378.3458306444386,1050.9216762046835,359.6622278797111,700.180184554894,1102.258759631685,238.33395628839418,-195.2162000351729,722.8688513004672,720.3738119364596,-503.7384106230355,-198.22657954897713,928.7091086751948
2035.4030256176602,1766.1070148918343,1731.2283575277727,1660.7026149851004,1132.607715636176,1017.4982889965216,1334.128495817395,965.5711348414549,311.05904020518125,709.7423718204482,1054.5559435405398,142.0794072692923,-175.23746036470897,767.9948108977403,606.271930496373,-570.7502951457645,-57.27118565547775,956.0064784515301
1919.5917971946674,1661.969127480199,1638.1413929132198,1559.1962866452739,1035.0075358229753,952.803005219573,1267.7950244820443,858.3865695990912,247.22656021769075,702.2248232466404,982.6559798102895,34.44296246464057,-158.23255061805946,790.8017633435046,467.1527815161836,-633.485703056567,77.56397913656102,949.2178833388037
1858.1927656832147,1608.717976159321,1591.7529865137597,1501.3410617115103,978.5348785095622,925.5743799298018,1232.6672055588556,780.9522091972794,213.35212001645237,715.6469150242203,923.0619858839491,-50.91071038710828,-118.73786239403836,811.6732808292442,326.0624243973634,-678.0218372154812,207.12960855115523,909.3946019783594
1918.7847580123282,1669.2052956533485,1650.5181183750947,1543.9756803939604,1015.8126345355824,983.5559713701966,1273.732910917148,776.0479377025479,247.27087751860637,782.5566982157491,907.5071631399902,-85.7438488387516,-35.215774512972985,850.2294758292493,204.48393506506395,-690.839413659219,333.9842278396397,839.9560702084136
2129.988251959754,1870.6619428718607,1840.2405489174794,1711.8994895234641,1169.9215796439516,1148.275888743614,1411.8601102578866,863.0115543089975,366.65794871897305,918.716823706807,951.7906541427069,-56.2274026044405,102.62758747583209,918.2819975556718,116.05613552803322,-662.2878929351562,460.64347310270836,745.5300300084299
2467.7474260365025,2191.404893859262,2141.358634789012,1986.0638356802292,1423.6341674625041,1404.667046205612,1633.7863271125138,1029.173209465368,560.985228416339,1115.476300460126,1048.6604132311859,31.677173121430428,288.88896802340764,1014.2687971398998,62.799677291560585,-589.7271949723446,587.3880245558856,630.5923262753454
2856.406478112162,2561.1246203480373,2488.827622096428,2304.1078917272484,1719.8076505241083,1700.71278192571,1891.6551478320266,1230.3148805760961,791.1086254223012,1338.772825964613,1167.388165271614,152.01788749029197,500.6102587233273,1121.389167103136,34.84960529646773,-479.3064807395328,710.6333363944141,498.69411843258575
3186.057281930998,2876.5488801763404,2786.462315154377,2574.586431148153,1974.2150756214103,1958.7297681766122,2113.552937346201,1400.9180965830649,997.6812669422677,1536.1623285222895,1260.88908623596,264.4063085947748,701.9697075529516,1210.6628470456635,13.530300363762535,-345.43179238951245,822.6613386680759,352.62241337453213
3342.9066784277725,3029.761578936702,2933.294780554928,2702.2227960865866,2098.542346149929,2096.4716682923,2223.209078387054,1472.1907986709198,1117.0883157280168,1650.8402655012994,1278.926892625042,324.5239411747459,853.0932277320699,1248.5535642074406,-23.234200142176746,-207.62440756408387,912.8941937183014,195.19473046173042
3244.7601012199243,2941.863613861352,2855.1097052964087,2617.587720029003,2027.6885158354544,2052.6561431263913,2163.7231803889126,1393.2280666861266,1100.9351344580314,1639.0671442164896,1183.8193580037037,297.21925652720006,921.4142363268,1207.1350637878008,-94.55291992378898,-85.42187301199209,970.3149597380775,30.034480519574913
2871.0581189416125,2591.904655064755,2531.672823245528,2302.3554358783035,1743.3285979705397,1809.273947097397,1918.2055160126613,1149.1635346973515,933.3657168489144,1485.7869612739123,963.9419784834995,168.62168460962744,892.2866622869553,1073.6652802814565,-210.6626243567053,7.188679555293561,986.3409829373683,-138.171473581489
2277.5924462664793,2031.4841520550017,2010.5875614180607,1801.8522032487351,1286.0333731326305,1403.2580302150354,1520.5243619520995,770.5338582740964,640.521715514504,1213.2996562902151,640.7253518889698,-46.544993856397014,775.397166787702,856.3850119917188,-368.8035027346175,65.96586268591142,957.3654494177069,-303.9685607889214
1589.9917068102845,1379.1208870750543,1402.2013009974733,1219.9241053463613,751.1342959271005,922.8439005788929,1051.9471356881438,330.29022187375557,288.4169887585659,879.6649764673672,266.63424834121173,-305.2488222977971,604.618798565808,584.4700945271102,-551.9936874120428,97.73928165452551,886.2035551844749,-461.64135554720326
975.9324107227055,794.1361496107249,855.3065069657152,696.0568639808492,267.9981419709396,488.279067805199,623.4275107552921,-71.77798997641105,-31.249504923990486,566.4176338887847,-85.86248690324214,-544.7949740978727,430.890857258179,301.90969235637397,-731.4057441162847,118.32297419468253,781.8692492870654,-605.5495997652815
601.9935226880381,435.61920658064344,518.8562525313084,369.6541597599611,-32.95096122419139,221.0411594152984,347.35757290605767,-333.9927726795767,-224.335751653658,358.2024396279377,-341.88872509866485,-698.1752292746049,309.7413541847478,56.918910973776235,-872.3188803578155,147.67168139154165,657.5570581893332,-730.1746360105077
585.6422204990406,416.53473725065055,499.1046975235839,340.1649346191138,-57.466104243818734,209.17321382431868,305.69976338372527,-381.1857469441733,-220.81133174687994,319.27148464690634,-444.13269525553994,-712.4090288069536,286.52321749589015,-110.30647771619311,-942.6397977921845,203.83301649489547,527.3207298952266,-830.0893791618103
955.0189770046763,765.1681912398058,823.547041072872,633.5344857086599,220.83910311342893,477.9385876974433,522.8670608380775,-189.22864783122958,2.4295216463875846,472.9314222045689,-370.21362532686726,-565.0261466772007,383.0334246013367,-178.3494643797503,-922.0072654815484,297.4684657718619,402.45050200366165,-900.2130482924656
1628.378549915876,1405.2985837243036,1422.2583033709432,1184.7800423135536,743.6401008135997,974.346496630115,951.1981770048515,201.33843556869124,409.10709508917694,789.768376874091,-142.72920197594485,-273.93419517209145,588.9842614925655,-151.10526230644038,-808.8896033693522,428.29265155916164,288.70092513932894,-936.5528449051228
2421.09015440819,2162.6444583864973,2133.658106906382,1843.2591057326028,1372.1851244242011,1571.210114136228,1474.3375376443423,687.5281111175022,905.8668336781082,1188.7740428633372,171.38078241944254,102.70358237070826,860.929704613535,-58.28012939952812,-623.2108222515977,584.0998834953689,185.25353984543776,-937.2481121150756
3081.5878824549495,2798.870042485304,2735.936445653171,2401.8691945245423,1914.023432756017,2091.7672130395763,1929.6406377006324,1123.2726942526037,1360.2374216694243,1552.5441931260689,473.18172912532543,477.51200700106824,1129.7659396157073,50.633263320272505,-403.0786312463869,742.4936016381487,85.73433779050342,-903.3766263161484
3350.042088710528,3067.1851502752725,2998.6551425890707,2645.146167331033,2167.5911943323013,2350.543744628498,2145.7634741767324,1352.7751514639688,1631.0220029488166,1754.079649879613,653.8979092612367,753.8632681216262,1315.9132252199356,117.8437274901276,-195.94431008145665,875.0892835595887,-19.060677267774036,-838.9457076824605
3026.8089571375663,2777.233137436058,2743.139865324406,2405.659749054332,1974.8195353813749,2201.445218921248,1987.1423247402454,1250.5817172398486,1604.3393087925233,1689.3120410643517,622.1698342324789,850.1360678221562,1349.1053979620592,91.70454623379896,-46.40192760532909,953.6348600765361,-137.63117381635058,-749.8711394984496
2033.854708387952,1853.3469954197535,1896.8795877308862,1614.8666996346515,1268.8541406060122,1581.345643100576,1394.436853589885,758.5898054869865,1226.5027348697329,1307.3354918898744,329.8903699525424,722.1882202626264,1188.0135758516717,-59.29816369356155,15.928144196882158,957.0100947921906,-274.5528693923173,-642.3322379111281
452.61237853896716,370.5319659379492,527.3581045268046,334.75530125095787,104.0834338104643,537.5856555467044,410.0898778214413,-89.89553333347004,525.0799006691216,630.212684103529,-210.1308408130883,378.1091938997912,834.3932520531309,-336.4638461593832,-15.09164813585295,877.5116011153324,-428.4759739715489,-521.2811709197448
-1473.6522833657134,-1443.0887377045153,-1155.2306663655797,-1239.5954505806124,-1340.839754826637,-769.0416901741535,-818.8698002508377,-1166.4157145101594,-388.1128866207516,-243.66560692003395,-919.8813041701255,-118.92009770783105,337.4329542318011,-707.3379238284986,-119.64464287975726,724.5395693625549,-591.694427893888,-389.7932937206397
-3376.822538643181,-3241.0062051808172,-2829.8695212570606,-2809.777025074183,-2790.129329277026,-2088.67418372651,-2063.409952630376,-2266.638948204504,-1334.183539252083,-1154.8166491930888,-1667.4460209311837,-660.951037626556,-213.66002210698048,-1109.9343133925986,-256.15248418585156,524.1334525261295,-751.0873141264071,-249.4353691017485
-4834.520657045097,-4624.817820260198,-4126.271300290256,-4031.4743141503222,-3923.928541830287,-3130.353316967654,-3056.86453018681,-3149.7488067299255,-2101.7450860175923,-1914.0116629252148,-2292.357069082075,-1116.850064415812,-707.7236374803877,-1464.2665743196108,-370.91418427305797,313.85509790003505,-890.001034399625,-101.26296741467064
-5459.911607626102,-5228.899035369388,-4703.549727521541,-4587.781847263788,-4446.420330698103,-3623.8004492873015,-3551.9002118108992,-3589.8544700027915,-2491.8001535893927,-2343.0828960453478,-2639.889223577866,-1360.5057920664058,-1036.3458645215533,-1689.0994993585532,-410.6756735539855,133.99630816637807,-990.7671246734528,53.18735238861524
-4990.9009719311225,-4804.574004511294,-4328.66340187348,-4262.189104909426,-4153.904385258744,-3381.398088557862,-3377.3961070552723,-3427.9934663995778,-2363.0873075248696,-2315.948035881896,-2596.718401169611,-1299.4520188635026,-1119.3203271476118,-1720.4966634581665,-335.14462257747294,17.423019279566574,-1037.751715588443,211.3602100135919
-3358.125666454486,-3284.3840020464795,-2936.549026445956,-2994.3603967065933,-2987.1098770801455,-2346.1262604418253,-2482.0480797957907,-2612.6481970981567,-1667.5632391338936,-1790.233907821999,-2119.6187907375906,-897.5354315047846,-924.6075806096824,-1527.9818092620626,-126.76274477797642,-19.00675827480319,-1020.7546235927957,369.63052851336124
-715.1982550836619,-810.8777062804099,-657.3558343549092,-905.1576371459884,-1055.0613416972658,-613.868359307609,-954.1215975767886,-1218.91096493218,-467.55703677503203,-821.8167475116246,-1250.1151008085608,-186.44624142584019,-477.812770755613,-1124.2467010387088,204.17305830281998,21.107727909536464,-938.1413393112765,523.4492336895044
2577.3648435405544,2278.1809836756615,2196.881467236671,1716.1143841539508,1376.1558183041534,1576.1189857008842,988.0962846454875,559.0035164577762,1070.0638286558108,441.61627071600446,-110.99870125373735,736.8112832034499,141.27279914475378,-565.5017251197143,619.9921067178185,114.68279342681376,-798.6190021168089,667.3768430718295
6012.991895662979,5506.82360971008,5184.963164636625,4460.982191401934,3928.720305780644,3881.852665173359,3034.1203125303555,2441.318227865808,2702.4267555795004,1787.1369596538761,1115.3052959643455,1726.5309370144705,814.3762214261125,58.34018074360938,1061.7300295300577,225.14866681858652,-620.5431494698245,794.9602219457511
9033.098186718802,8349.309051489112,7818.642596062411,6878.139180849567,6183.844660275526,5922.690767637935,4839.975445693081,4115.853878691029,4156.540471020489,2977.853821368888,2222.311468399901,2616.0074914183842,1409.0977158089065,641.9015573973618,1459.8875100361329,311.61152336138997,-428.32183056282133,898.7382766390488
11134.979727150321,10331.829635000318,9657.25749773811,8561.076694151205,7763.392514638281,7353.626019261251,6095.561931612511,5299.703303896202,5183.11230667668,3800.109062776516,3021.3900922162798,3250.7818752205285,1806.379714017769,1086.9326819681164,1748.0494333422203,338.5824853533543,-246.65444448122696,970.7933034589126
11970.565514726226,11125.801465496388,10394.662997799698,9228.291407106635,8404.855291149355,7933.8780873311025,6586.232289965469,5796.058695846955,5606.72738355853,4106.38408927129,3380.6783510279356,3520.339897564375,1924.9764519192581,1323.7937126460342,1876.730672059607,283.8305206745569,-94.41162770603353,1004.0485966702491
11414.552963097849,10612.372039843229,9919.472433492203,8778.59042320756,8013.226486967423,7574.704684601737,6235.141858118149,5533.559676154181,5361.25226795187,3844.555807652481,3252.057513263108,3381.136344571715,1737.6313670041784,1326.4058456069267,1824.3418603718674,142.7488381061268,19.694545266489854,994.0373185456175
9587.071841551538,8903.98547136939,8335.381216448814,7309.405666307356,6678.303596213392,6355.836334600494,5117.115482033015,4579.340475941473,4502.471149949577,3067.173480915202,2679.9526885475916,2865.5292042955366,1275.655766985737,1116.8848156220035,1602.417961772751,-71.27413997778353,98.15121830610252,940.4342123212894
6826.320776765081,6318.623729594645,5937.440131491454,5094.429747706167,4653.873916189009,4507.127508441014,3441.262399131535,3123.0780002821543,3195.207550416053,1918.9997417097143,1790.1206379218645,2074.4384375680884,621.2873309688766,758.9007502912983,1253.4375898604555,-330.0237429801812,152.2543043521885,847.5775431290157
3617.993485771866,3313.1864429816633,3150.229823119431,2526.172017488586,2304.056154570027,2360.0488251486117,1506.7316646524528,1436.171503857114,1678.1600806503884,606.0334635070192,761.5021906926689,1155.459687193365,-110.07552602404826,341.9045078863183,841.4616384850466,-596.1386228228563,197.50417108480957,723.6179254520947
497.7608877754461,391.4639606476914,442.26386423188796,36.733156430595926,29.357106806415203,280.3293817364775,-358.09328545034606,-184.21624764068443,214.7114387627818,-646.7310652641347,-211.85662712609493,271.61419224638615,-793.6066661777136,-39.37005730537902,437.8129004159575,-830.1106670656849,248.66764838866476,578.5893111174489
-2051.72111594745,-1992.9452332372314,-1764.4624622259848,-1985.6993258224065,-1811.08756891086,-1403.2803267918216,-1859.4847295068446,-1473.6182323599023,-959.2375771395245,-1639.4504602325412,-959.9450564838191,-432.0546213741119,-1319.6252367234824,-304.96810876135396,105.40088585651432,-997.4803405278411,316.09577910982955,422.2003086036216
-3687.766218673275,-3518.463204424777,-3170.8429617126353,-3267.152364966457,-2964.7439615981257,-2459.1296930878366,-2791.951148621556,-2248.831275411299,-1679.277698987594,-2234.265342014788,-1368.565849874785,-856.6286493176672,-1614.0448248710973,-404.9338887364915,-114.37974075089414,-1075.1578012623395,403.95797200837006,262.19604592237476
-4261.671236038377,-4046.2261307197305,-3648.0824313751787,-3691.2782055420503,-3325.6950640020946,-2789.8859358982677,-3071.0712477312054,-2437.133344324832,-1879.55551580609,-2377.6704407174993,-1397.6068275441896,-966.2988131237082,-1650.8059498101652,-326.980058947469,-209.0403513563728,-1055.7700732576534,510.11834289029684,103.75466529765409
-3830.6957086068815,-3631.155942232966,-3248.1621474517883,-3308.561043711256,-2942.7586447067683,-2440.4856559544924,-2740.043158429176,-2081.3351380883378,-1598.131484478181,-2104.624054690851,-1082.973011285043,-791.0084322830651,-1454.0845863016002,-95.84897601447898,-195.16235085836433,-948.9827712928951,626.9550854717413,-50.16122206676897
-2628.099515245437,-2493.558193259826,-2177.4061599923034,-2311.473428763967,-1995.9814011262586,-1576.8567180685443,-1950.1235453457705,-1321.1259618812478,-960.67074617876,-1524.499356074976,-522.9022340955548,-414.89389759858966,-1090.103423538277,234.68492725010185,-111.75642518553475,-779.1335104433018,742.6080283421301,-197.9497014769099
-1000.0528155937027,-959.5753019189002,-740.8816265000007,-982.8157165328503,-748.3372649716327,-441.5642021501932,-920.5440872025283,-356.0704491167809,-147.12089917536778,-792.7118666028148,147.46247393692386,46.16723048249655,-650.4840716698754,594.9823955672106,-8.933816276105382,-579.3587247037938,842.6117362933772,-338.5001646693254
675.1645339470782,614.9743780043049,728.797710280807,370.1748037681591,515.6009999748339,702.7992931785527,112.401172036721,600.7529843258483,650.4515272089706,-74.75801223308207,787.1354808207059,472.24954153036697,-230.92768926213228,914.9425100212899,64.9844935173451,-383.5045875078513,912.1482060132797,-470.5730532889376
2067.1099587213866,1919.8724953791861,1941.8897992972236,1480.8119405318926,1549.9158382140301,1629.4102125416423,945.4277672648773,1367.8270257031581,1269.0292925344463,489.1135745599816,1278.947971868888,765.6813774662331,89.83031599330695,1138.4410891273142,74.67095733823007,-218.0244639502858,938.9399231494905,-592.4199972093745
2954.8045041558194,2748.4203941365963,2705.7309938420935,2172.8177062861187,2193.310418989192,2189.886469507077,1446.4883991867564,1829.1007657465848,1605.6162492800654,810.7270760806492,1551.3750580277308,869.9537603486847,265.8147299777268,1233.8506739710183,4.768570177581239,-96.2772372783956,916.2180113356436,-701.5120379292921
3257.8155837896647,3026.4869148792304,2951.9218549528928,2385.1118539049016,2391.6207101949813,2335.245613008192,1573.449276835546,1949.9676129437498,1631.6998453174886,866.7037359724598,1588.2086122637852,777.3677585363323,290.7011943113468,1198.5175873250116,-138.59780436731108,-16.91723369468849,844.7037789912412,-794.3241052065757
3032.719978639285,2808.8796853301574,2732.8964866527413,2168.2723795557213,2193.970622443614,2112.3682174839573,1370.6949780782131,1773.324298118123,1389.3439675055056,695.2234228341324,1424.9085485514522,524.6391193662201,194.60072381957826,1056.447239294654,-331.5112995502069,33.36564302653839,732.6074690525301,-866.3024872045255
2439.6627584496555,2247.5518258544625,2192.078192620284,1656.616375427091,1726.3909888497253,1639.4630521854508,946.7870952476038,1398.797686514467,971.8084461121592,379.1231249657134,1133.8175289595542,178.82504681485278,32.3704018848436,850.1076469416325,-539.6105776326599,74.02187744843852,593.3829004420586,-912.2352759043156
1690.5818175429843,1542.6203335961882,1517.9039209046261,1025.464448432766,1151.9088893810083,1068.9028293471201,440.71520357524355,952.0965327721981,495.2096058632683,20.92529977213627,802.9803178094783,-181.82472261911147,-132.68806685323207,628.7302769410635,-726.8505279700519,123.9392755909357,441.9994703788105,-927.131034643783
993.6795048478887,889.9851485759281,894.659960164284,445.5898869081621,628.304120634214,547.8821129533915,-13.81213698284597,553.0112785851643,69.16953190027746,-283.19269767255935,514.335335404733,-486.8043075664485,-245.0233377943895,436.26854582250905,-863.4506401477147,196.04686649884843,291.17950897361357,-907.430145917089
507.4477432504644,438.0954915417418,461.91472187348916,45.75090466916029,273.6182472389039,186.32773968007,-317.4875854511925,289.6382488349735,-226.5478153855725,-464.1940295874489,326.38805047040455,-687.6853337554533,-268.88960998260984,301.99669751817044,-931.4158893607935,294.55757095720037,148.97767734767763,-852.1164427543125
313.0925166666563,262.1708078941025,290.3475752973063,-109.51417470408371,145.9819226960394,38.19184752464064,-422.35721132978,203.65707604046366,-355.056307454597,-491.7384268009271,264.59976806299164,-765.3737595138083,-193.98350248582764,235.71444439125185,-926.8840795792959,415.0046856584866,18.32937997768164,-763.2606973173905
408.52470770429727,358.81187677953073,376.7165343148056,-24.339612197711375,239.94242680684164,98.13813411247915,-334.74706158676605,288.14359655908436,-323.83048640990836,-375.3295309214699,320.44332396238656,-729.9084047928607,-34.397597625175024,228.115362002045,-859.3271809822207,546.3160993571084,-101.73621576173734,-645.7593151286471
721.9881754258839,659.1293739974773,656.1914734334312,240.08615664720602,497.61198494524257,312.01484827794667,-105.58775471996421,496.5140941695273,-176.12488461023779,-156.33340028911783,458.11429141413123,-614.0229018669496,177.79926734512622,255.59304918939608,-748.1331259604154,673.8564657574126,-214.10182581735847,-506.3910877642303
1139.7941283218684,1055.1255145616326,1027.1098603837,588.6151185237379,830.2913402238314,597.0335299697549,188.1727988425024,759.2558787875417,24.480494661335456,106.22784932052386,626.5684342931918,-462.60024292019665,402.18775088204336,287.9008655101284,-617.3789248474582,782.5835728361128,-321.676688481131,-352.585980061711
1540.5591140539902,1432.120214547766,1381.405850357927,920.4580177409867,1144.7388441131523,866.2174043322658,466.1067716688002,1004.0463766808267,212.36389070967215,352.367979464262,773.8276245010151,-320.5433713540104,600.4101904901485,296.67501721245367,-489.84269349889263,859.8646528830506,-426.1098482661797,-191.34610593737338
1827.5639661668024,1699.2927708770342,1633.293400106716,1155.8534380886163,1367.7353881039144,1051.224357197183,665.366634702189,1174.493011887952,336.69813823454473,536.350509670181,860.2111672336805,-221.70581190199619,745.066212264281,262.7855712802808,-381.5479684468314,897.7336694128301,-527.1344810612482,-28.598104910341732
1951.4254675873422,1810.9728397317963,1739.2988729359204,1254.680281654979,1463.0711906796282,1118.103799644458,755.2210733698549,1243.0571856854094,372.93070269369537,636.839999098118,867.3449783813908,-181.3807378856444,825.1702889434052,180.76857427468698,-298.23409178844304,894.3281103895379,-622.3440724801558,130.98140478075976
1917.5681318442728,1773.5026546718761,1704.7695625711444,1222.4768802859558,1436.8351714849582,1072.1799714265633,741.5085764434701,1215.0060171178145,326.17224368487643,659.5559570118506,800.6928257581706,-194.2103844105336,846.9606796078928,59.268679661384226,-234.84814899744615,854.0972416612245,-707.2617631494691,283.7985249636589
1777.0926203244292,1636.3863461788571,1575.625496709007,1102.7044565339686,1330.0080344848657,951.1538745905265,660.1367582659174,1122.582159383905,225.84510920750807,631.9659995706761,685.0489586834385,-238.06898426519632,829.9528675043832,-82.52455716148819,-178.34136623395878,786.4341046212206,-775.7683102853864,427.00557832273506
1604.74286647417,1471.2661932976166,1418.656725702897,958.312819724547,1201.2420028894223,809.1219965900916,562.1168700387879,1011.5697233205342,113.57538040051287,591.9687418281737,554.6138538135608,-282.6710282354446,799.4807843319907,-221.2534543158014,-112.9222437735514,702.8355454217312,-821.0555613711897,558.109671226599
1471.9900932008816,1346.3342684287486,1297.5110032759874,849.2574408391051,1106.0013044220632,697.2604344319398,495.48023683424583,925.0234949346984,28.582256937677357,574.5314174573721,441.15931639656037,-299.99265930413765,778.1397492618988,-336.4506518869829,-25.947846501422937,613.3934995132889,-837.1067682187602,674.5735537890735
1424.778137322379,1305.2164226592124,1252.8801974351777,813.9090240947088,1079.4050326174051,647.9890995058527,490.4373226365454,889.8959168451504,-4.3428300608768495,600.9144210788083,364.4608155747487,-272.8858403774657,778.9832157759558,-415.9287149646658,87.66024449540107,523.9270773267548,-820.3373347391681,773.4568214075537
1473.192064509557,1357.195662592769,1293.3597857479317,860.4212890623996,1128.3609137226058,667.7769470260212,552.6146742799034,910.9684081703566,19.64381654194915,673.9520873299414,328.148499162922,-199.02176308332153,802.6745529895935,-457.8435865670312,223.9766368652387,434.9471990375321,-770.7426262845405,851.2127626714522
1595.0367483454067,1480.6462272663252,1398.744714551013,969.737951319735,1234.5128917964082,739.9554195125855,665.6718397759507,973.3088077119322,87.5142415264512,780.2632466386614,321.7595371077132,-89.30563650155023,839.2004350664758,-469.1396191993566,371.8380189803064,342.8439002162347,-691.9833902341021,903.8057667066074
1749.5148091882843,1636.0635565800296,1532.3424595512831,1107.0766983081749,1365.041554826486,834.7474873666191,800.7122569661545,1050.9213703010012,175.99010725980042,897.4346587130724,327.18589156814994,37.78469873834405,872.9073454010802,-461.5069997323361,516.7370432866467,242.62523039093836,-590.3251357551039,927.2489068686561
1893.7208156237605,1781.789921200571,1655.7785111230417,1235.8089416906819,1485.6568881536411,921.2407666132704,927.574287829902,1117.093576397554,260.73608157990463,1002.5367293190197,326.19454910507557,163.041477114422,888.4389268759414,-446.7862694507985,645.0783005563385,130.85153556323985,-472.93406132738926,918.46942179134
1995.0805725072246,1885.9246918788997,1740.1391791628948,1327.9773192003656,1570.4268347181844,976.3521252521024,1023.3701115547293,1152.1695365794058,323.33775576746837,1078.546767765985,305.9379551649463,271.76445882679803,875.2105462271802,-433.5880011226068,747.2381913341853,7.489874859603418,-346.31111632241164,876.202478237624
2036.4814803500008,1931.3276674648425,1770.5348563262376,1368.7031048958472,1605.8787726923438,988.4497050577097,1076.0684906017207,1146.6989034977255,354.23149430729757,1117.0320625923696,261.03152655775574,356.02206526367854,829.2181503335357,-425.9480305723367,818.7328929953542,-123.86340699706486,-215.44330474402,801.5468695335785
2015.2073923044445,1914.7500887843971,1745.077239588391,1355.3845997990434,1590.1990995036103,956.4458528376351,1083.839958275373,1100.6147641195582,352.1482299789941,1117.5886642949342,192.73495526043274,414.30168779637967,752.4634563249335,-423.72046777532466,859.7490202612485,-257.0851274724964,-83.76080139916299,697.9558386695304
1939.2933562568778,1843.4892802243405,1671.5084239960195,1294.6870048636601,1530.3145121786588,886.9780988110567,1052.5565557730818,1020.6689229930003,322.0305377027857,1085.7827970160124,106.88908243798699,449.92787038959125,651.2002929144144,-423.7637435854389,873.8232943705387,-385.14892411558,46.42059453586672,570.6948288784405
1824.441151285574,1732.5150672370198,1564.307451542511,1199.9432843395073,1439.304924299198,791.9696448418674,993.5412723768146,918.1113082567123,273.1620374013869,1031.172036814511,12.076471911096348,469.49492419899394,534.1598878532122,-421.0719739447325,866.4121304614655,-501.5034403028157,173.38657014516173,426.00984321077266
1692.1547991368304,1602.6808889207202,1442.8959208530823,1089.530566275816,1334.7127657748094,687.1023175976028,922.05212547069,807.1280588649525,217.92699381245865,965.8497115663938,-81.57273269778204,481.6746449149508,411.18150812589863,-409.6086594830824,843.6776508660782,-600.8356896739916,295.67755327342155,270.30509089926085
1567.4642599070387,1478.4855460701092,1329.5250358421567,984.886988876772,1236.5603125860246,590.1020355315346,855.5068352969124,703.1751175922182,170.38348811358526,902.8840995770815,-163.49481986842034,495.9440161854699,291.95298468665203,-383.1699918305378,811.4078100781481,-679.2918013617095,411.89921142354353,109.53870292746663
1474.324816355732,1383.6026854211525,1245.1681251440793,906.6011983090164,1163.659502606723,517.5123795148628,810.2773432240725,620.1479748560046,143.6699289777094,853.8619434118391,-224.47497568675504,520.6702667556222,184.42404911851258,-336.68539284115775,773.8802660200896,-734.4663160639848,520.5459295331748,-51.09717194604029
1428.713524456823,1334.2272803329217,1203.4456589834497,868.6091887408008,1128.258560766613,479.9618644690212,797.1216355879591,566.4315185660026,146.28532746950452,825.6009656495632,-259.1367167577767,560.6321090809605,92.95481690606394,-267.898990754797,732.7269350277821,-765.4232635176973,619.7229196412243,-207.2520010703409
1432.1013405256049,1332.7900012573716,1204.9513826695934,872.7320113573556,1131.0830714193182,477.77350966306466,817.001360737144,541.3916578098126,178.68728105359477,817.2919602206821,-268.15346397125523,614.9141299594347,16.949522666953158,-178.74768560533803,686.2441460226665,-772.758873282322,706.8010599681154,-355.3232860574896
1469.2392462417783,1365.7645496491089,1235.4489647439002,906.8222074506796,1159.7756936076319,499.635714098939,859.798005014891,534.5536282015785,232.29409512221406,819.880737347711,-258.70171972140196,676.4718469098469,-49.018407975585404,-75.5045838808283,629.7594471390937,-758.4650235041382,778.2042823370582,-492.2496364064356
1512.7993499198571,1407.9608273243352,1270.1546868621208,948.6119670909146,1192.6499732684922,526.0637144741622,907.4951599937158,528.8317279194389,292.18200021263476,818.7979842321238,-242.22918854089778,734.1269236749047,-113.0932255132843,32.80177127543337,557.3490788633198,-725.3351729089368,829.5908159060791,-615.2191283004238
1533.9041635828266,1432.3827417006166,1283.2035728626358,974.4314944764817,1206.9658282584526,536.9122817682334,941.1133223620923,507.0805543898862,342.84827704059717,799.4405153543859,-230.01938352099125,776.5275063834509,-182.59479771736466,137.24547541692678,464.48197738610503,-675.9507288418254,856.5596637483994,-721.331691617281
1514.0603545773522,1421.4195356349214,1258.2847559896297,969.0483005335471,1188.2272960487644,519.7373424893524,948.4376767036099,459.19736230490764,374.53464194991034,753.1204189692066,-228.4452928225963,796.4287900385232,-260.5487963177301,231.86600107208056,350.4940861311462,-611.7044630742699,855.7226041421188,-807.3140885885236
1452.7938947077207,1374.0059390451804,1195.3754977568135,931.8917214508172,1136.0825555388174,474.98244244568656,928.8558077615733,386.3865654992529,387.03780787687043,680.6684667236007,-236.24911841103903,793.3011363086939,-343.95659515452735,315.1463645659144,219.68893386538588,-532.4945354168207,825.7083369362472,-869.4521434955705
1367.294452705408,1305.2982229963002,1110.3208291440146,876.6390682180422,1063.9914788320161,415.4406868394872,892.9951866245749,300.5122394587706,389.1463322503532,591.9564548022718,-245.26319357031682,773.0525114500931,-424.6767974131272,389.44480934233906,80.48537636807066,-437.4258806842888,767.6287654250917,-903.895257711319
1284.4844585501671,1239.2880604956952,1027.672839596329,824.581791817226,993.0251087961252,360.38807670386376,857.5397711088915,218.9704498449526,394.1379512186321,501.68757793874954,-244.20124090795682,745.1230480513266,-492.48113703599154,458.83295037468963,-56.972316253979024,-326.2343955721945,684.8053354672579,-907.3504437335941
1229.672829900969,1198.2874063953218,970.5225632942279,795.2903420115622,943.0530261341903,327.42994687699326,837.9886590605598,157.70318090113076,413.74726093967934,423.6301732178743,-223.58743310716284,718.4855724456968,-538.8065695452406,526.5771182517005,-183.60350552543298,-200.65369100845604,581.9499856320413,-877.9652812568897
1217.2083599692448,1194.366463741572,952.1442222488644,799.0851819454434,925.5126119719737,325.93738248411154,842.8387031703362,125.60844743102092,453.5314198503139,365.98937604740905,-179.47242187522852,698.4394073246518,-559.5294926111287,593.5001873938501,-293.41254114723375,-64.95087841158471,464.23549008260306,-816.0432178457552
1246.8717560035684,1226.2148139723702,972.755613516077,834.3616926705279,940.6217214358144,354.6918917965592,871.5032578622026,122.49520506343845,511.4841345323054,329.6761543862435,-114.4481880722401,685.4208995720522,-555.7483937884207,657.7878365413858,-384.1518984401396,74.64906984085749,336.6265240955565,-724.2692555839756
1306.4731514594166,1281.7996416976368,1021.7858730614256,890.0585901809459,979.3559050568795,403.9916211756342,916.1435979725993,140.7534589063415,579.9106318067479,309.5870771081771,-35.963011809039074,675.8985199792587,-532.5939085571946,715.9717226073042,-456.7531874837473,211.32211540109842,203.57927106384972,-607.3467870392979
1378.272015344381,1344.523677185807,1083.5274254241426,951.2006146304295,1028.3317856463004,460.4507182612208,965.8024057815412,169.26453024657297,649.104037063744,297.66756852275216,46.85642009015106,664.4851911653719,-496.8976004123954,764.3331061057045,-514.0762574546274,339.12774992194517,68.98462265577595,-471.21462182204823
1445.7759776985456,1399.6186989842577,1143.1300547516307,1004.6102807841087,1074.9557417673968,512.000500168549,1010.6295425971056,197.51800895965482,710.9323113305497,286.11054268640476,126.30686938036388,646.1135089654601,-454.8073466919889,799.9950458294267,-559.5429488840185,454.02780022811214,-63.82540115204594,-322.16058990892697
1498.2813360873988,1438.3039843380368,1190.6209488204317,1042.6041102083389,1110.8425398936977,551.204572763734,1044.572605873322,218.41365882109545,760.9990728269479,269.49707883124336,198.01333763069965,617.4480478965276,-410.16997902436594,821.3444969280363,-596.0008440568637,554.1726753158624,-192.0928591643078,-166.11254771372467
1532.2669292548746,1458.9083942553557,1222.1789327550239,1063.9738651238072,1132.8555643221564,576.2588470682782,1066.0457810368928,229.2437025848102,799.026946812829,245.52618552704746,261.3250399597182,577.3082009089255,-363.9828677953326,827.8517904466921,-624.9361528989556,639.5123851575953,-313.6316274341173,-8.237048949250074
1550.2957985340686,1465.6127792187995,1239.2426563428162,1072.841815413836,1142.2898510479909,590.1471082699154,1077.0599157522765,231.22080042134894,827.917900365753,214.668785762732,318.55933047558824,526.3634285759679,-314.75457488647146,819.6081286380127,-646.0461048130744,710.9799458800921,-426.713981935139,147.17096197516452
1558.7173517881297,1466.062375121111,1246.5841261535525,1076.4985481105543,1143.1883370012529,598.8746493729717,1081.6702282215404,228.2622487537202,852.2378521506303,179.32543782680736,373.7001484529945,466.5292048226663,-259.40274296966925,796.9088522932977,-657.1824692637555,769.5391353023169,-529.7893048718497,296.59168698605845
1565.2029822330005,1468.8413211809586,1250.24313942502,1083.1004126876387,1140.5665942514904,609.516251818829,1084.3995218943137,225.58127228319808,876.69319567661,142.90520327151785,431.01992788253233,400.3615152562666,-194.36353839650235,760.0393991820165,-654.7153164380968,815.3455145448202,-621.0752517884883,437.05179887701485
1576.524306673448,1481.2047428157753,1255.6678544143504,1099.5767864146455,1138.8372574370583,628.3751775865982,1088.8780206603135,228.2853559811427,904.8175816857595,108.94103363573265,493.81923707769073,330.5186942967831,-116.74188032262299,709.2249262035978,-634.3557008012225,847.2011176466766,-698.1676426723658,565.8043180053234
1596.6148988158213,1507.1162533549004,1266.0867134914886,1129.7962289832972,1140.4485847589845,659.3037265638915,1096.7080837199248,239.99956928627506,937.8993017178054,80.20617105958098,563.339452871768,259.2507096870145,-25.404877710382124,644.6319203091674,-592.3615319824142,862.4265591330849,-757.8733738476392,679.9562475168427
1625.098029197747,1545.7787283093153,1281.2675912528616,1173.1740260927259,1144.8717230603493,702.3644026934915,1106.6705975389514,261.6633905815116,974.2747707240094,57.90441778757463,637.9958769775992,187.96266540057954,78.1641200978315,566.400142901335,-526.8509468140221,857.2306548438331,-796.4318827163629,776.1341431971819
1656.8330254070022,1591.2018394699958,1297.1478643391818,1224.2250565497484,1148.3598268475318,753.299125089137,1114.63881536505,290.91100395491895,1009.3163088559704,41.22192025291514,713.2487923753761,117.0512442732572,189.5636703191898,474.8207680928816,-438.7812773543923,827.5883717095674,-810.1465551331021,850.347394551718
1683.0777849567578,1633.3908628511301,1306.8532106219404,1273.5999778383623,1144.9239060241714,804.3055615631456,1114.5762281056664,322.4875780939947,1036.4339771347682,27.57035338903779,782.411756830616,46.21270099436356,302.00644713664263,370.7805723753137,-332.1779679362624,770.4963907649059,-796.2577488841309,898.2223752765252
1694.2834461388504,1661.1792113039596,1303.1026233784032,1310.6336037446927,1128.4997677495207,846.1699842826068,1100.5739059933003,349.7876112962312,1049.0334521520424,13.579158303395673,838.3652671552586,-24.81751731377659,407.6832532377797,256.39465501276425,-213.4731580598051,685.2770758843401,-753.7600630969446,915.6741421416516
1683.61543543989,1665.8345890321575,1281.1860688187123,1326.6300870095397,1095.561401899092,871.0946053253285,1069.2476761598148,367.008674551494,1042.8153984634487,-3.538268651541955,875.6653855673817,-95.45264830649523,499.5628325943736,135.49435330490348,-90.20103060639914,574.4613996761298,-683.876861878184,899.871369912975
1649.712739880477,1643.9949017107886,1241.2063073831846,1317.5926454083788,1047.0127738430795,875.0978661229559,1021.4474030033244,371.02489662133337,1017.4776843183972,-24.878520658600394,892.2504909884999,-163.85293248084363,573.0019687827155,13.565835858409997,30.4512500631146,443.8437367619971,-590.043942239479,850.1506893947181
1597.44925441809,1598.7109866865244,1188.5275619503668,1285.298499400053,988.4378860192152,859.0285970767814,962.4592331375986,362.20807733155596,977.0718858664579,-49.5035038078442,890.0805926655985,-227.20916235556064,626.6378796823817,-103.03919297721333,142.77444931876002,301.59791518180026,-477.43392481417396,768.4947666844052
1536.4271202712216,1538.2814211579446,1132.2464704171707,1236.4220705413718,928.5829087134315,827.9277394647016,900.5929078162344,343.98228993672575,928.8760868803688,-74.92441950816027,874.5161128225321,-282.581863220138,662.3749784135443,-208.41093427512808,243.1422035332509,156.72767289902293,-352.18225733259146,659.359402351231
1477.9850955719457,1473.5704416225362,1082.4269002761982,1180.2957418392996,876.7681465593746,789.232930740006,844.7819680905249,321.5068375673118,881.2912990119927,-98.05523132060114,852.7572225320964,-327.8521019401477,684.6237948054663,-298.4112141117158,330.1437145490049,17.37167545166011,-220.5187243092593,528.9227629216123
1432.0241775482589,1415.0147335479826,1047.2730653263113,1126.3501012300994,840.2973420527912,750.7043305539163,802.1570686539682,300.17783234451787,841.584239784218,-116.1192992547193,831.944214654582,-362.3095799966965,699.1199369513096,-371.5161388246415,404.4043152851506,-110.52947557769059,-87.9835379488255,384.057412802663
1404.7566151746173,1370.3699035347308,1031.2107837149406,1082.1429927972497,822.7307584698448,718.8306522674981,776.3793844268519,284.52811700816187,814.1880066651906,-127.13867603788083,817.4887985761079,-386.6298927725419,711.6328827414657,-428.88696608573696,468.20299410181406,-223.90966476143262,41.148149647460215,231.3728859423326
1397.8556719766932,1343.67885943715,1034.2709537619814,1052.3966645449575,823.3644690126116,698.0550291820267,767.0604628066251,277.7622514782994,799.9050058291912,-129.92321938124002,811.9806679033343,-402.2961352893586,726.7730011501164,-473.6819321539105,524.8972956526561,-322.5513146201007,164.1645704341115,76.55896126428577
1408.8645143096098,1335.3710220049054,1052.6195524890818,1038.9702986766677,837.7675691506959,690.7464817805466,770.159933584213,281.8367909913819,795.9893959353808,-123.71317997785582,814.7661708927437,-410.72867909547006,747.024603528392,-509.84364682498807,578.125746099696,-408.46793410497446,279.90742164313275,-75.90960052557452
1432.3973630493658,1343.0898732749743,1079.8004649644915,1041.4291387271558,858.98615752996,697.6243748846002,779.0324779335349,297.83346660218274,796.8819908630536,-107.71943729885919,822.1380126266102,-412.4385821949718,772.1083981932325,-540.6935244761248,630.810785726572,-484.8539455096201,388.4416880887249,-222.75868293659337
1461.6489847881985,1362.8173847282583,1108.2540038642967,1057.8469924828964,879.024290636479,718.328728287179,785.7889524202066,326.3728808286549,795.3389978783384,-80.77235599984397,828.0199817654042,-406.45602885270335,798.782230011765,-567.6685102846444,684.1008537392017,-554.767784388581,490.4126973125009,-361.6645445029112
1489.8600690370279,1389.9774807613585,1130.7957200109547,1085.5766335104859,890.3204560776804,751.9158368595124,782.7241165803024,367.8922852206884,783.7466889996609,-41.211399495311355,825.0255469241624,-390.18410649626753,821.1756088414421,-589.496690260298,736.5078316825914,-619.7558193711974,586.1497973559385,-490.81437632057543
1511.5014416564916,1420.3093409072321,1141.838180066928,1121.818608395098,887.0191407281595,797.1440305142557,763.6261034098965,422.68278298514326,755.4497100406492,12.916321519594703,805.7518657155063,-359.7430032250229,831.68430000674,-602.048772030295,783.5493832678814,-678.716905854617,674.6787914142039,-608.3190693011865
1522.9866363508806,1450.3554102484718,1138.168251677452,1163.8726487566298,865.8518109913435,852.4682733571162,724.7843218534816,490.631079421461,705.9073111786118,83.32531837205235,764.1196352395864,-310.80055779726104,822.3241139431883,-599.004325891128,818.1434152488804,-727.3871910840484,752.9320052436404,-711.5801231536475
1522.766641777664,1477.4636357742606,1119.1196289977427,1209.0136092828402,826.4519486096528,915.7254270499643,665.5071073444374,570.6776345969912,633.471916793709,170.67229137540255,696.5187456475903,-239.79517764778134,786.3001130131983,-573.3030257235081,831.8138157380805,-758.7822325579472,815.5154967090614,-796.8189998316961
1510.7985323481682,1499.3374599370559,1086.0983082079208,1254.057965713695,771.0241506015931,983.6129529244698,588.0306062552962,660.12519195572,539.6295851369562,273.61300421339433,602.5305640269585,-145.32120660680894,719.4579689005118,-519.1115285968742,816.5048976640642,-764.6910366247074,855.3125945928072,-859.0436667206893
1487.618515672725,1513.3777096498143,1041.6402286606326,1294.8664513065767,703.4859772175641,1051.222833658016,496.86912796630065,754.0814669943961,428.67770701810207,388.0446563270825,485.0981395197111,-29.301492165417528,621.2997596746803,-433.7966973847313,766.5688768354499,-737.9156348380088,864.9368874112035,-892.6523080610829
1453.4633962413182,1516.2269905330859,988.3933872208711,1326.1522935498551,628.4076583176334,1111.9837526007773,397.84725603825143,845.3930497078347,306.98282957642823,506.90693259570395,350.1645506756322,102.48208264919572,495.3605237110171,-319.2866229934697,680.3892091008549,-674.5731430835901,838.6808519110647,-892.6290781499415
1407.8988793196136,1503.8956305057077,928.4604228005376,1341.901494366708,550.1440443179483,1158.273757131316,297.1407711603818,925.3197302820904,182.05843525979418,620.7993887503924,205.91430770168188,240.7983985017676,348.89508531985734,-182.33279533334866,561.1815818019189,-575.6561693439943,774.3250848645886,-855.974987153358
1350.1659179740975,1472.578499159004,863.3455683283701,1336.440709287494,472.4182997859175,1182.6875790613385,200.57419948269265,984.9135980379183,61.67403718345662,719.3849075127166,61.782001571245075,374.3107362097128,191.95574444577738,-33.547005221826566,416.74662637989417,-447.29518948577334,674.1565135773903,-782.8330557509883
1280.0775479192212,1419.9055148724779,794.4272592909415,1305.851488824553,398.359074882359,1179.6216330367158,113.23780510300827,1016.750236618504,-46.9037259967475,793.2305581706797,-72.64028009360467,491.51120465469353,36.029904565532334,114.48779060052684,258.24815742467064,-299.6721345036047,544.831693524349,-676.8545957093141
1199.0230873636888,1346.1335489833932,723.6270343893918,1249.2366608665566,330.779803594661,1146.672494676728,39.32724991481254,1016.4993350709851,-137.53342315060115,835.5714512168806,-188.6962634420925,582.7171253267853,-107.53636747450672,249.458480598609,98.35016525276268,-145.0242926055189,396.16849408478186,-544.6792175256126
1110.6199297113028,1254.8201521647661,653.9056419067597,1169.4083673105977,272.43747982674915,1085.4274427533546,-17.935785283067787,983.9064721696475,-205.7023414502115,843.5548317073827,-279.65548635163316,641.6527292615999,-229.0744700350297,361.335876144571,-50.8246956478026,4.5945955277012445,239.31736151808354,-394.7672709369116
1020.7634158064632,1152.7676614956456,589.3682802210689,1072.8228574948466,226.1056461185864,1001.4849482658225,-56.387415505475815,923.0112425136314,-248.89730401839375,818.7592596416159,-341.4818952923753,666.36358332748,-321.8522136724853,443.7977476488864,-179.4866419410566,139.22303357336838,84.8797876523428,-236.01957198573822
937.0963050602995,1049.3121042343498,534.9686125397966,968.8604898475166,194.4388360095674,903.8078395252084,-75.01526916363332,841.6832441078232,-266.80161037090886,767.0286712281447,-373.27883800091126,659.4521865611196,-382.89031530400484,494.96666230424484,-281.44838924991205,252.27899276572333,-58.59559647773142,-76.57446007635562
868.0947504396942,955.1986776853664,495.9392149122855,868.6966764148628,179.69909159838585,803.6472267165127,-74.02544022796206,750.6876248382536,-261.28552520792704,697.7886271599521,-377.35974055546825,627.7544948112759,-413.2681521563505,517.5404811638032,-354.7827538855797,341.2010914056301,-185.55807563783728,77.02059695429688
822.0005208553235,881.2964271034479,477.107355586616,784.0035044718493,183.43621863599975,713.2605240733577,-54.846295860495104,662.4770883844877,-236.18647034958462,623.0015977038236,-358.9474810104167,581.5717560796542,-417.9217461114039,518.4130492132321,-401.8898685028449,407.53576067009044,-293.8520048576854,220.24876559056779
805.7755003624662,837.3274873163109,482.2233655300146,725.6356001051166,206.19734718190685,644.5572402019966,-20.043751412534164,589.821018610691,-196.89117454326043,555.838857969924,-325.52804913555076,533.4941590535774,-404.95336745128554,507.80130707499757,-429.0028260533278,456.5215474707116,-384.625510408006,350.7309444019449
824.1980979145719,830.7164346576346,513.3967302863467,702.3839209312391,247.3301711340938,607.7387067238612,26.88007266415451,544.3214090097101,-149.72516413743926,509.0945259351414,-285.8784765017788,496.8015165330615,-384.456558897124,497.82063778423003,-445.1104775749343,496.11962959235893,-461.7475821376971,468.01625938903857
879.2036414076318,865.6521035384981,570.728285235269,719.8777624744646,304.9472417046997,610.0051851036621,81.84160766284032,534.8860112859691,-101.14899165556847,493.4047566729489,-248.79527702797165,483.47592812907686,-366.87574300213805,500.483716114578,-460.2681789223801,535.4093422268893,-530.67175083495,573.0078922411424
969.5709108067226,942.4772673438064,652.2224434070731,779.7590864133397,376.1093114351793,654.4694886443792,140.70362621344304,566.3202434547945,-56.793730035289286,515.45840941883,-221.61285551943706,502.02186984667856,-361.02315468812344,525.2793677993005,-483.38851788409295,582.4035503083852,-596.7502330766368,666.992463191747
1091.0228709996568,1057.5208338211273,754.0191122606059,879.2814663467509,457.23072094294434,739.4754192352187,199.92726237897267,638.2946494424579,-20.45814266385952,576.5275235570116,-208.73001151818698,555.4942179995116,-372.06732293319135,576.7630555318461,-519.8600723542208,641.6331710037391,-663.2343048413632,750.3908055132582
1236.7157707345468,1203.420499340939,870.8880109346652,1011.4456430334344,544.6096074218951,858.5074309336446,257.1945208616166,744.9660995394064,6.694925107454139,671.7117371945824,-210.50297266343244,640.2669208917351,-400.00245265132503,652.8185743677768,-569.6211228269976,712.166524438481,-729.5024951436719,821.579458371866
1397.9750713955023,1369.8701585164058,996.823731016294,1165.677320739853,634.8940877278224,1000.7786922313807,311.7707623983617,875.4396493071351,26.444817231877266,790.2122999871905,-222.91196983217424,746.0250643396181,-439.16458810648624,744.2647879345084,-626.421788823389,786.8496312112101,-790.230422983479,876.2910521313665
1565.0809831271515,1544.6366451213894,1125.5480717383407,1328.9384367667378,725.2915620065178,1152.4415111174094,364.4077196212009,1015.0796094728605,43.101017258465845,916.7304312916822,-238.2725208829039,857.1971029645784,-479.1620260021702,836.1896937435799,-678.7785577598684,853.306790587785,-836.0519581528613,908.017143669776
1727.964258518954,1714.6847976652523,1250.8120963290535,1487.103607829929,813.448190853895,1298.2428358702855,416.75285385054264,1147.4823228973114,62.381201631734484,1033.794506086437,-246.941562195058,955.6363115862933,-507.1454903027101,910.8598164550873,-712.5672809766393,896.6458221409025,-855.7327740662745,909.4641371161413
1876.8073586495068,1867.3165613837123,1366.5477345762292,1626.4390790011416,897.1118503705276,1423.383570819572,470.4574842068337,1256.774903667647,89.8744223174574,1124.5649436859348,-239.59123309433954,1023.9654521532022,-510.83611228982636,951.4902585735479,-714.5470572416028,903.1227167096475,-839.2150244021401,874.6178616637932
2002.647711821673,1991.2913404866092,1467.0319625292095,1735.0458433602823,973.8201169655699,1515.3225234478427,526.326074827385,1329.8351005734187,129.56761099518775,1175.531069817861,-209.38820491237954,1048.7775688575043,-481.4172886272404,945.8314384531125,-675.7033251127126,863.5982409040827,-780.4718725036536,800.6517561892264
2098.0616863548944,2077.8845454106677,1547.206318533006,1804.1256332846356,1040.8317209757852,1565.27113393832,583.8218146345753,1358.042827532282,182.87994901411474,1178.5424510979,-153.4601969470873,1022.9309926944852,-415.4555895067458,888.5949367937707,-593.3766044973327,775.7038574115809,-679.193842736862,688.9789812344345
2157.8873982836826,2121.772516497916,1603.1584894015712,1828.907376779634,1095.3638948967543,1569.1582500421075,641.0589826122242,1338.2726489827521,248.42147914196198,1131.7998446055676,-73.32695888095043,946.4695235929149,-315.41144999930646,782.1703179980469,-471.6574373344557,644.1777702804081,-540.8629124558886,545.1569567643659
2179.8261130127876,2121.5835040794163,1632.6289882081958,1809.0853488809134,1135.0227490020106,1527.9286912159623,695.1937225181127,1273.0067728512195,322.40954427874897,1039.7101572532067,25.648817511940308,826.118248635695,-188.81293481924013,635.6689800785119,-320.1869003931912,479.5314778674846,-375.42972311404776,377.8411847191358
2164.7402582866657,2079.988928377905,1635.3563911307417,1748.7011999786982,1158.2309623302103,1447.1735534360284,742.9983142416409,1169.6469044589126,399.4894699020825,911.7893926575906,135.46361825583188,673.6832241327031,-46.544289559118,462.80726493062514,-151.97379518829763,295.7116971782028,-195.23905679657736,197.27815904883644
2116.5475493582585,2003.3132442804947,1613.1354018604031,1655.5202919810001,1164.4940696821127,1336.2254132085714,781.411573586824,1039.2594258089018,473.6760536869034,760.977815223158,246.92676142791288,503.88367293677805,99.18439681316761,279.33519079725374,19.042883455214337,107.54596471427047,-12.895970728569239,13.824137047440985
2041.72516429146,1900.7435570809284,1569.569798481964,1540.040586108331,1154.4469958695952,1206.923639359362,807.9502097586364,895.0421232587718,539.217652882705,601.7594862655433,351.05078167154426,332.1283838125313,236.7330735598068,100.6194995917237,180.13745464040483,-71.44530074147629,160.4723676627037,-163.22397839829756
1948.511880281277,1783.262920429398,1509.5827129656045,1414.286298761554,1129.709748805876,1072.2379609143384,820.9621549580688,750.747301643125,591.2964554029479,448.37703712035784,440.20771658694673,172.57763667364748,356.5454098363648,-60.27288194254993,321.3869991415212,-230.61906072980707,316.4041427095723,-326.4173785082218
1845.9128961861104,1662.416490936225,1438.7733546855247,1290.4966331234596,1092.6181865428703,944.8676098602705,819.7529823383903,619.1916796332591,626.5499338335824,313.28488500110967,508.989957946048,36.62823097959182,452.2004464537968,-193.90356028034685,436.66637042264153,-363.16533445658155,449.7675015695859,-470.60323404603935
1742.6114618274491,1549.001472400321,1362.7090953625761,1179.7842652064282,1045.8964430471615,835.8794603653616,804.6211129968626,510.90816690061394,643.4151204772929,205.88196457169082,554.7557796304663,-68.17126638027416,520.9945329940898,-295.25294291274076,524.0837217292271,-466.5308062662451,558.9474793864031,-593.0530208265088
1645.9211962623565,1451.8031494429117,1286.2557270497114,1090.863059903097,992.3372166405244,753.4656523135584,776.8276518620452,433.00099301162413,642.2867720878216,131.55803659992324,577.8366132804972,-138.78187130597368,564.0440935018134,-364.0133161345701,585.8592141135921,-542.3268400625374,645.5262404329014,-693.224384950202
1560.9757136692451,1376.5796692424426,1213.085658834465,1029.0277072592835,934.5715950125165,701.9839943271496,738.5288597153321,388.3431165401631,625.4794621074207,91.15715514965089,581.3831894822354,-176.84934387395145,585.8885005425823,-404.3370965046912,627.607911355901,-595.6413983095172,713.3897648144931,-772.0980396582429
1490.3878822067725,1325.5583530767199,1145.5225965947695,995.6396466938984,875.0193524475912,681.5212885699569,692.710113065282,375.3291494882084,597.0058186481901,81.02970737721394,570.8611532509178,-188.26516526332176,593.6054180556671,-423.9329511045531,657.0255532605036,-633.6764211249878,767.288989837484,-831.142063182217
1434.5352303616737,1297.6494363842853,1084.8176924555837,988.3353983651409,816.0679787467831,688.1916075571913,643.1487499173836,388.3704744051516,562.2080880858807,93.8152697303201,553.263183545956,-182.01992779274252,595.5341072584984,-432.46935443304733,682.1157224490013,-663.8035117447173,811.1077664927438,-871.1589317972279
1392.410404441765,1289.3671127107432,1031.7821420721098,1001.9765263716998,760.4122916257278,715.1964473495777,594.374514856758,419.1407686744608,527.2758058634843,119.92553814688728,536.1457782394641,-168.43071536515788,599.7948783520834,-439.46049799985065,709.2811810910982,-691.4233652431168,846.3239573485888,-891.4357059079363
1362.7017043800006,1296.151408657698,987.4931683584871,1030.0715724677498,711.3439124447066,754.3903692790076,551.5133304086922,458.30525840665797,498.6464597170694,149.43519742005702,526.600974118246,-157.0784807815094,612.8472842482249,-452.08326241484247,741.7283850999207,-718.2608231056095,871.2194263297824,-889.5930514394711
1344.613587330048,1313.5860688189157,953.686096723496,1066.1868868432962,672.7187656141816,797.8737106328394,519.8671966019409,497.2488372461612,482.26419289894545,173.88603940613737,530.256606150873,-154.97805571284084,638.3298427919527,-473.536261529124,778.6183137645584,-741.7292210293131,881.1926619227863,-862.2655435737536
1338.0395715150876,1338.0611896705864,932.5558681658624,1104.8803053890886,648.4370581561841,839.1283568647165,504.1668427653578,529.3086156939393,482.71812540204087,187.51078898769254,550.4055907575803,-165.48214519977302,676.3857508866242,-502.46093927929803,815.2210259727163,-755.6715926109505,870.1126590792672,-806.3680166211388
1343.0324098458916,1366.728383477514,925.9862417050213,1141.949742616309,641.5156650297345,873.4461696279845,507.61588096626497,550.2427354847945,502.3932603438552,187.6131765966175,587.4034757118844,-188.17101984729584,723.6150765477782,-533.6018223602325,844.0502689803129,-752.2586833195743,832.2330745717426,-720.4366331961753
1358.8799790450812,1396.958483200129,934.5291396893351,1174.1295822816119,653.0709067932456,897.7311119044758,531.0122257427258,557.9974477876457,540.8637168505627,174.1722284457876,638.4952885080522,-219.63049875069964,773.6949508477087,-559.4518087309405,856.6670785263964,-724.3718240073414,763.9871193742513,-605.537433589661
1383.2688326837963,1425.717034163878,956.5812050017646,1198.5846401725635,681.6053672830002,909.9875851196217,572.2633076812913,552.0764684247629,594.7499693135828,148.98521889011442,698.1782859472562,-254.75766269360878,818.5695355104527,-572.3251834323125,845.6521905595317,-667.6632418091285,665.0970205907138,-465.4814688269038
1411.928494633035,1449.2328220950405,988.0962916230307,1212.5489680457806,722.869453376597,908.8363239115266,626.4832022039315,532.8639995881709,658.1351705257043,114.7198294977992,759.0756176933573,-288.1631940768732,849.9651953204998,-566.2478389039653,806.2267377792431,-581.7072524033513,538.7633177125076,-306.39733731553974
1438.9103184507599,1463.1382194452958,1022.9407263972588,1213.301391133182,770.3502534196672,893.2741526736402,686.6646444008117,501.1438161273087,723.4687908394171,74.1457150343046,813.1553291783755,-315.3323845879606,860.8998381357871,-538.2177185390677,737.1526815382048,-470.0661383956218,391.0523030735065,-135.91064738381235
1457.440132402374,1463.065987458314,1053.802923056306,1198.5001809597275,816.2691136949026,862.7394075407038,744.7776596005285,457.9079587246219,782.7764098953869,29.670756875498455,853.0561694305984,-333.35703829573595,846.875632746758,-488.640349209751,640.7987291785794,-339.4614162044366,229.81169355166102,37.79576770056903
1461.181959760506,1445.5830631091205,1073.4861264745957,1166.7994850644045,852.9073891926662,817.4441240196045,793.1066376155338,404.44479174100604,828.9758490616279,-16.796742161050815,873.2956964595447,-341.1723903128676,806.557800381429,-420.96640019139215,522.505157885186,-198.4208802125745,63.470265881434464,206.85634354092915
1445.716184319379,1409.296666959826,1076.3957219313127,1118.6212263593777,874.0781690254577,758.880060708231,825.6499071029326,342.64003842953423,857.125189476305,-63.693679950646015,871.1929715312906,-339.31253773178105,741.8866210970574,-340.7035830501359,389.53180125597294,-55.76625739452756,-100.02128349283007,364.44547935786994
1409.9698594555643,1355.8986729449857,1059.9840026844745,1056.8907618582805,876.5288753711422,690.3434591728395,839.3872489875838,275.3697039605849,865.4275048723875,-109.43752119371749,847.3796722290981,-329.2695647299706,657.6808414889784,-254.05906419222524,249.8956826461145,80.78708551057449,-253.9763010267976,505.30045894443884
1357.2039965333572,1290.7926149395107,1025.7987767866732,987.4385434021831,860.9601666663173,617.2300075395879,835.1413647817645,206.7850365117335,855.7690184858563,-152.00559749459302,805.7817198948401,-312.6348150728592,560.8397152061428,-166.52254228786725,111.32450532723371,205.7260781980638,-393.43992639402586,625.9776605997724
1295.0562496817558,1222.8595527967468,979.6800409687181,918.6942469543214,832.2539392678461,546.7828087670208,817.6855323428575,142.2263389489935,833.5298576724502,-188.6861314081263,752.966272703608,-290.2988353056702,459.25267522359695,-81.7308412634338,-19.572158576299476,316.3644237703529,-515.3321123095742,724.7562065272923
1234.2371446089478,1163.0244792970661,930.7250122035373,860.3895203511275,798.565810504505,487.0452203899399,794.8121631614109,87.54507945165483,806.4843447045162,-216.23154874802725,696.8315093035716,-262.0237159495456,360.52366751677323,-0.9289188956844896,-137.91424722430267,412.83871166437126,-618.275977682556,801.1521293184667
1185.9071381609308,1121.6900276279812,889.0143130693011,821.331941359852,769.2655459395701,445.05746620415556,775.371038630278,47.83260440959344,782.8696703312824,-231.50737323164134,644.8072796974582,-226.60296793880082,270.65748157302096,76.79174269988273,-240.9706561716219,497.3956812699238,-702.1461793001238,855.1448328735729
1158.4250710946285,1105.7143977641003,862.6861579709387,806.8370145579798,752.2418393550422,424.77909662576576,766.7568504263415,25.90713410577729,769.0921352992981,-232.46251172802485,601.9906722309713,-182.57477190063153,192.94886676868776,153.5510701125564,-328.3470881358179,573.0819572390873,-767.4172306749687,886.3858470534014
1154.699576386919,1116.093327940372,855.4481904592972,816.8214074215196,751.5498300085948,425.5778780665134,772.730550949756,21.208135235050804,767.8546575748894,-218.981524956175,569.8232897302764,-129.15455104320674,127.40311165913357,231.40158900828078,-401.8059727444675,642.2024032031854,-814.4505639491359,893.7373046364046
1171.3613469598713,1147.4634868014923,865.6361481960217,845.5212403338961,766.4163304631753,442.0982304835217,792.48643923597,29.74009475119857,777.4758378356581,-193.11757251668513,545.8561412046727,-66.89194681990509,70.98387758794861,311.24444705366983,-464.5719187744253,705.0792689411595,-842.9097305290019,875.3815738199625
1200.2445274457236,1189.834694315759,887.304269148842,883.1747995985113,792.0738887601048,465.79007203782976,821.3901053740135,45.28970736635864,792.7275211753035,-158.461380128469,524.7764083229529,2.3161561316767916,18.74973749585206,392.36767839289166,-520.139188101621,759.5749696783638,-851.5012560721755,829.4814172935961
1231.5613544840223,1231.9091931169573,912.8532030270914,919.0836288329242,822.0178545348678,487.58188867253193,853.0290962370283,61.50055248527633,806.8366210881773,-118.86587947304741,500.3334252670686,75.85321821318864,-34.42867673684148,472.6899400340599,-570.8803671671016,801.5320738235034,-838.168996052044,755.1030745341336
1257.3582763141412,1264.6031860757298,935.9739229869252,944.809547657791,850.6124487280815,500.61552209389885,881.6178277354531,73.93435251317015,813.7843544128937,-77.11389949215413,467.40904401898297,151.27655683477755,-92.16552951665915,549.428926571192,-616.9615438923246,825.9051921109633,-800.7178277326431,653.0085943102105
1273.8682433745917,1283.4308398852163,953.6821781757125,956.3092779871711,874.944909988388,502.00522475533097,903.7657693629517,81.29548412970848,810.0151320947876,-34.12138696396579,423.48338923933477,226.99567109530292,-155.45790650308217,619.7775981755739,-656.0121798752776,828.129722151892,-737.6643457349277,526.028884601255
1282.1360237446606,1289.1549570243221,966.8768636441408,954.4781624677747,895.4003881383686,493.1773802297001,919.1205013764745,85.49478809922016,795.1077168570546,11.079697873556142,369.1290420992002,302.46542594869993,-222.4640017149807,681.323233683942,-683.67821994892,805.2861008323508,-649.0067859467483,378.9503215238953
1287.1745142379232,1286.960491915645,979.6350946768541,944.343047274387,915.125195697613,479.0269790509684,930.0130113356523,90.79276867570621,771.5027947918198,60.75093514537758,307.6336352488345,377.94800991510056,-289.0520264137224,732.2087397756046,-694.8083812703807,756.7948230792692,-536.6439537092763,218.0360176963016
1296.2996803888143,1284.784367496319,997.8083879938405,933.4875671649446,938.8677918434588,466.4296956397228,940.5237109721695,102.50371290212416,743.6484330366982,117.5991153857934,244.08949585400785,454.0685331960499,-349.80005703233064,771.1771948320668,-684.8192392859078,684.5672704570019,-404.3337467527706,50.37019424388947
1317.0920631924234,1291.2448732235046,1027.311749338628,930.1238627832225,971.5407194800073,462.4967555988763,955.266881276613,125.59787066972689,716.8378605560517,183.89760362403618,184.2243734549375,531.32306557221,-399.16495239080575,797.5800389783412,-650.8315775861967,592.6543137973306,-257.269503420857,-116.82443083437812
1355.0776562000628,1313.271578471065,1072.1810104801868,940.9134716319614,1016.566037689006,472.678892613237,977.9472295585955,163.28269750642073,695.811889433703,260.59459302153857,133.07367937226732,609.5431402232222,-432.675912728601,811.2876635115998,-592.3647770664145,486.49031461209046,-101.46845044208779,-276.81614618594705
1411.2310923312632,1353.541405599016,1132.4767097840563,968.6352385103655,1074.0637953129215,498.8080599821717,1009.7339892382133,215.6056982547732,683.1852769860951,346.39265747937844,93.5687206071062,687.2897403815076,-448.0475412364199,812.3965619885241,-511.55822147804133,371.87532936155077,56.82715454711233,-423.89575994390157
1479.9027801170346,1408.2997232967075,1202.5490569866754,1010.2119642376435,1139.3231690081475,537.5086088058576,1047.8207277513734,278.3854606445603,678.0208104885704,437.0051005205256,65.31801548656861,761.3132132955545,-445.99237208983385,800.7495264360086,-412.9692601785433,253.9006051861188,211.61379526073924,-553.7491370748777
1548.3548120697615,1466.705645097346,1270.69501798092,1056.1038448967618,1202.4523126127697,579.8227339944367,1084.9352533666624,343.11106900068677,675.2108558326363,525.0877648800906,44.12345271701406,826.440074245153,-430.3700203080123,775.4918063105737,-302.98582858022905,136.08847002489418,357.4416901186913,-663.5769742990732
1599.1114820485202,1512.8729082877455,1321.2656494759979,1092.1096878552241,1250.137178651899,612.9119880218548,1110.612128762708,398.4769073982229,666.3832247349566,601.4021644738626,22.810231953932714,876.301552397854,-407.3338769396395,735.0154863867956,-188.85747102649586,20.04103255179487,489.65048488381865,-751.8788459669792
1615.3792252953313,1530.8868747838712,1339.454574026014,1103.8333697394903,1269.729778510173,624.0215657329984,1114.4637319823237,433.69556975134765,642.583592399634,657.3728432890546,-6.44104052512273,905.0442021586241,-383.43569384703426,677.5620491329316,-77.37637381683302,-94.19284214610072,604.6051509582685,-817.915200967197
1588.0786394982156,1511.4553737097522,1317.4948812768996,1082.6361542504421,1254.5819059769458,605.6707171293647,1090.5976018511687,442.75765116315466,598.0720681413584,688.419876678566,-48.82805126328344,909.6066546619852,-363.15639960615715,602.4303685454214,26.60943344939008,-207.06186027472603,699.9294123618012,-861.0218697533656
1521.4452277665512,1457.3304345017116,1259.5866102786217,1030.5382609380047,1208.3108710286533,559.8845362148093,1041.2760727560353,427.8713275036241,533.6480712019905,696.6631185381074,-104.05027775624472,891.5864749007533,-346.8082356007846,511.2967028497991,121.42301930236624,-318.14365697823246,774.6053589813963,-880.0804638370325
1433.861457561051,1384.325635838938,1182.6004275018086,961.2363909334562,1145.4270755871821,499.0402710592348,977.6503411295071,400.0905701488892,457.6239059193568,691.3716120163389,-165.37914577507024,857.5553175178634,-329.88090327771886,408.85712602054565,208.92302413502327,-425.1079992971451,828.7481921429151,-873.4304146170286
1352.2674710662745,1316.3128811171505,1111.0760221510268,895.7668315631697,1087.0192407963718,442.07323992361535,916.4068821586743,376.06957886861653,383.34828628064986,686.2623081685381,-221.5849880097586,817.1855630140009,-304.46355344773303,302.1319750766835,293.53676627887614,-523.6105078030548,862.9811209450843,-839.311725309883
1301.676472227803,1275.5716203819027,1067.8461698411925,853.9909108458468,1052.6363467034844,407.05564656438287,873.1843922211579,371.74300776192416,323.8705503349432,694.2817953295184,-261.25201212302716,779.620928319332,-262.4416056527545,198.4035609850909,380.03720636506876,-608.2698744018558,877.6021031534259,-776.6550595791897
1294.3113287523267,1272.7019493401883,1064.287646069602,845.6159706006042,1051.8384444840462,403.33830174389476,855.5974240899602,395.57045508477586,286.0621010425431,722.0419895464106,-277.6180680302268,749.6050897878514,-199.18321950788584,102.60390619231694,470.8682839452232,-674.2602305807703,871.9605011066478,-685.8628460041178
1323.72061150251,1301.1414162606623,1094.9779789712186,865.2320224139235,1079.5782378216136,427.1121250137848,859.3429057905744,444.6046492139145,267.1484705278843,766.6119267789891,-271.5697487626077,725.2645095444827,-116.00056410647983,15.477848029200288,564.2518667835826,-718.6797245740247,844.432885593875,-569.2587879043264
1367.0653820117966,1339.3135657156156,1139.6355954424057,894.0863821761419,1117.9249834943892,462.75241239985104,869.5453579069305,505.45102323041385,255.56766347079937,816.3792803387782,-251.25317859680933,698.7582640667297,-20.158896197112398,-66.41132930494271,654.0508771835897,-741.0246174586086,793.0738865149082,-431.0775333302639
1394.6337508868526,1359.5508795839,1171.5474594389043,907.8802436823178,1143.4397156749917,489.3719345416606,866.8382388579935,559.7327457157128,235.84244803749272,855.6490960318132,-228.51365639711372,659.5737863007947,77.58819744446906,-148.72272909451692,731.4917791313607,-742.6845216702817,716.6326668519267,-277.0734865513636
1381.9527995621388,1339.4505680269835,1168.3886045418612,886.7710925323759,1136.6320584291796,489.35359931501523,835.2441275538977,591.3950709137107,195.06088114929116,870.7553904663473,-213.99706878907165,598.9065736517996,166.73124050616488,-236.38347549909707,787.9057885718414,-725.9345388338168,615.4453048406665,-113.9272301792726
1318.8312844244049,1270.3273906123163,1120.386020437025,822.8650699364023,1089.0989299813987,454.85018426129847,768.1716923879169,592.4448346893497,127.87720861668424,854.8656499112319,-213.25605798807646,513.1187040220682,240.28127806805367,-331.0869951584279,817.2359654370853,-693.0459681764188,491.8422603043723,51.39307370866001
1211.7874411379032,1159.4136255604521,1032.64046524234,722.2259619676342,1005.5664808152623,389.7033918372058,670.1634368729307,564.8902148705221,38.02024725882478,809.6408375323354,-225.3788655521085,404.9402243090942,296.3227067912003,-430.3126674944646,817.3823299452674,-645.8478109586325,350.0150539338401,212.22902370174575
1080.1011463578575,1026.022994364754,921.7743008844748,601.5736378327983,900.9733015253757,306.8911200478708,554.4607655372763,518.8652973746862,-63.66375305857315,743.7391533171526,-244.13634260748606,282.3644116465801,337.63368924061126,-528.0010010328323,790.2048698276882,-585.6556118822604,195.54088464815504,362.7475320448189
948.7546066643812,894.757405814602,809.7663909996068,482.3701872209449,795.0705287315906,223.7426242823144,438.43246729792304,468.74658439128984,-162.93959686976797,669.6275090395218,-260.4318806970379,156.26014196255898,370.10834597516873,-616.1839217903178,740.6326868197037,-513.2790282105134,34.83124099647251,498.32887413261466
842.0667630081887,789.360889231977,718.330542046003,385.45520113923305,707.446626692238,157.55081165771355,339.309239185511,429.4470888364143,-245.6557763946427,600.4614477933189,-264.62682577775354,37.97610302499956,400.9831689107636,-686.6461340087374,675.4848139093418,-428.9298448039217,-125.33525140658493,615.7512834201032
779.9315556925659,729.0495840509632,665.5295413589351,327.8285152012062,654.452436905366,122.89699831923525,271.48980281596664,414.0133571482507,-299.92161633060994,547.9485080188172,-248.05500982530504,-62.369512773830124,437.4231441470492,-732.1101471275771,602.3352461673074,-332.13186268525493,-278.2083674719285,713.0897933413506
775.9099425014462,726.6381774066316,663.9717287896915,320.97603149814745,647.487058318728,130.16049523865914,244.9938286773939,432.12712678640673,-317.3566468570814,520.9150904104949,-204.05565216573723,-137.08936844704792,485.32578910761686,-747.0732207063168,528.3743815325842,-221.94287721025532,-417.52362087947085,789.3047709609842
835.0846997133559,786.507018880188,718.7589947101043,369.02283320650315,691.0974071108212,183.7719873869322,263.7749647921028,488.35684774350887,-294.4836294410853,523.7153990395783,-129.32318582393106,-182.23801584329405,547.8714938791724,-728.7432060789996,459.0701927790998,-97.76063876690739,-538.135198284941,843.6205723512311
950.6011588716199,901.394298223799,824.2632327209483,465.8386138923484,780.1290959123514,279.50824666699293,323.256853647034,579.6319194288212,-234.7814628795654,554.1168915612087,-25.895595659234914,-199.29164608996962,623.7039664977857,-678.2601121380545,396.6522135248809,39.33332549644296,-636.7575177398894,874.9332788950389
1100.4112818861986,1049.4329776174025,961.1155763624708,592.3711842217207,897.1472030442053,401.9698794189107,408.1331993292242,692.9658546270324,-150.52093958746752,601.5010780168365,97.00269113248312,-196.528966212953,705.426490673858,-601.7487926071991,338.8912024962053,185.1981577383412,-712.501073681319,881.5409906870487
1247.8051609972258,1194.7983806167053,1096.6259401781233,717.1923893561911,1012.9084434136906,524.8456149527265,492.81358616165363,805.6706306275119,-62.41465616337416,647.1503680512456,222.9150350559718,-188.7135120368151,779.6841550362481,-510.2502113237799,278.9848275080123,332.0502979436183,-766.7767120528731,861.3842643400883
1348.8778440918443,1294.9214586099658,1191.4500496030507,802.8626468753607,1092.2980979173294,616.2418641948507,546.5931288280588,889.9899899084799,4.6116632762690415,668.1269491565151,331.3452936415937,-193.89342298375726,829.8487701430835,-417.70982976138134,207.23434415361265,469.37340323303283,-802.3428649274384,812.7436134444739
1366.785989769364,1314.1133176411436,1212.3700144902841,817.9621601249758,1105.578458115846,648.9843593437553,543.4227709652586,922.0228326179052,29.3949525632176,644.6202526757422,404.16308941449,-227.45552597762403,841.1518623939183,-337.04716284767335,114.50012284710068,586.3771485685311,-821.7412444374538,735.1049492224146
1288.2041470309487,1239.246443052923,1147.075402605021,750.926945557379,1041.3521598979332,612.592612892757,473.1802289810367,892.0626563260018,3.698536969928,568.4598792947813,433.1912215667362,-295.33224225069165,806.6243520006637,-275.472375598791,-3.56331714935574,675.1823655318842,-825.8054859255716,629.827935535894
1134.5621954550272,1090.4641253187528,1014.2996161331951,619.4803368867725,915.4643960039211,521.574121548585,349.44047959074817,811.7531452042085,-61.51113450833566,449.097717515625,425.6302390353129,-389.35140471390883,731.3217967262345,-230.97347418111457,-143.2036522045447,733.3433675524393,-812.9851746386972,500.37805015330724
961.4737082640925,920.6733832565278,863.4064712257931,470.1642751235107,770.7244781818516,415.2586153702415,209.2958834111879,714.0004285315295,-136.25798245526167,313.75269417254253,404.2923101963741,-487.3270634603315,632.6625592753148,-191.75816503446748,-291.8416134810944,764.4871662045109,-779.8186204494272,352.10450252136235
844.2140469062914,801.7862077361102,761.5005860989561,366.2053390257113,665.7788755171671,347.5764517322594,103.75988024758857,644.3374258523984,-179.35949568830648,200.574801685382,401.58066409224637,-558.6689906241335,536.1832311378998,-139.37964979271493,-430.62656082379453,776.7131102346032,-722.2877707771389,191.70681790953986
853.062875368748,801.3109015605131,771.4580461196389,366.918847117278,656.0690871791641,369.46193412941295,81.28145310029672,646.0725819055149,-151.76278674968142,146.5981737592267,448.81718071690034,-573.9439597690506,467.8802763350495,-54.793572427589325,-539.6147506572048,779.4448104069878,-637.4100170285825,26.556871680322025
1026.8774399525987,957.207978299445,928.3367693451694,505.62953349513117,773.3118417694047,509.8388728831033,169.94404798043007,744.2842573517612,-30.92235020885653,174.5034297772985,564.5655188401145,-515.1304389976843,445.66054733964853,74.61569641058955,-603.7860020568929,780.0416256235017,-524.4738760325763,-136.02268151836333
1354.3593846019508,1259.974747505014,1222.60095999959,773.9738248720705,1010.7805303141881,761.9517147492352,364.6554336220673,934.3281292126109,178.81775414529733,282.80297151043555,746.0924772844501,-383.0208719651943,472.724658968352,249.41589560190656,-617.7806350318914,781.3730200891853,-385.675779554294,-289.47440324092906
1769.9093108058169,1648.5086919189055,1596.3029120898416,1118.294655952011,1319.7038019958952,1079.9969350728074,623.9298002153071,1178.942874296877,443.49426636387386,442.8938856734667,966.9800261439702,-199.30913898897552,534.9877798687944,455.81200084406885,-587.7868389716708,780.9396813955407,-226.2446501761848,-428.64241882126856
2166.1766971538773,2021.7841739453315,1954.1069877150555,1449.865978269583,1618.4509653347156,1387.6261702884894,877.6996255670676,1415.1915325737143,705.604055300257,604.1781613082277,1181.8219125990279,-2.6944338477507017,603.3579150209923,667.4586660839309,-530.088648753419,771.4665655883206,-54.219770969113114,-550.1803304986256
2420.4626910219145,2263.696340514755,2186.6471542140257,1666.6003595392235,1812.4128061770832,1596.398125609002,1044.3424748319226,1569.6006235275447,897.6105714564161,706.1013383218489,1336.8422855370036,159.97040535559847,640.3849290980817,851.0234435530542,-466.85755411291746,742.564929031463,120.10986884656245,-652.5467024036191
2428.549743878836,2275.025749275179,2200.536446505291,1680.9569007654147,1819.7636507126213,1629.7258615130493,1052.7713377115806,1577.8286076048666,959.6800811219395,694.2277211649466,1383.818090348669,245.36008190728018,609.8092704896297,974.1757359650219,-420.4284635747014,683.0955680278498,285.28058686145187,-735.4881529352118
2137.8072369445117,2004.827413761414,1947.8199798089502,1447.3647873783664,1596.962031005338,1446.6266957604926,864.3193631021556,1404.2370921761171,857.5509670242952,536.5775690244491,1294.0348440917346,225.60550552295285,486.94211282299904,1014.1260989978471,-407.45164788868703,584.011631661075,430.39623320368503,-799.1158770194578
1571.299793320096,1473.4130632648685,1447.5442429870252,982.376374984256,1157.704291458838,1059.4327074114553,489.05453663981336,1056.6445917211538,596.2729339839204,236.27293151193453,1068.9772982166578,97.8412229618973,267.5101990008801,964.6592752104814,-434.1400308876767,441.4224988374426,547.3705910848232,-842.9130812085425
835.7909109561308,780.181714950235,793.1235623099426,371.69241046998286,579.8504430497098,540.3417089814324,-8.136044883284,592.1110746726551,225.9608462190676,-163.0601463710483,744.8712491756705,-111.0670205592931,-27.424192111614076,839.7531609243844,-493.5815102273145,259.30824004315684,633.0257192964302,-865.1191853117421
109.0526613930613,91.92016514722029,141.38669343209406,-239.77728258362222,-3.3337436879561437,13.364342713049695,-514.7956496431357,110.90460224722611,-163.19839332569347,-581.6264603488863,389.0850658257584,-346.5310332047228,-352.44426074166995,672.413214656748,-565.8501895048454,50.928891393097956,690.0936473935662,-862.8164338606264
-394.00744682152026,-388.9414858040704,-317.19631698220775,-675.3248589161909,-428.2149748806776,-368.9272947339365,-891.9848003535081,-261.95199729539945,-457.42751729058153,-918.1343366326101,87.92430849688958,-535.7860447717705,-645.5557106751285,508.35575062431747,-621.3178793906759,-162.107855587412,726.3514757658033,-832.7264147137748
-471.46928619504587,-471.5149261976339,-402.7940102467433,-767.3838320028668,-538.5745325690485,-460.56648564888974,-1006.1972859562592,-405.0455353644178,-545.1720407620982,-1072.7652757061865,-72.52957233958375,-603.9749025936866,-841.8926202927539,395.54147149076715,-626.980858589757,-353.6469811233421,751.8508623579934,-772.3828164446657
9.681526532188617,-29.24689646841804,4.234130764112479,-403.48115267032824,-228.31128815049067,-161.9634139069911,-765.4619972828044,-233.04672173794495,-346.9580555622937,-973.6193023043525,-28.639699555683535,-493.6467673059327,-890.4640290787775,371.90533925903765,-554.7848116516777,-499.1351931652664,775.1425312670515,-681.1926127278758
1065.9570236473887,955.0029847972577,921.0268420912378,434.38045177040453,521.6811514975859,545.7646365321638,-150.5320047024832,274.81427276047367,158.2233724168023,-599.9134194662054,240.9806248839386,-182.86000078354581,-769.5503357766156,454.4226815064377,-390.1018553541909,-582.4563211463196,799.9764681123514,-561.0188122562081
2572.2095576190836,2364.962042465648,2239.6876855164937,1648.5433289007433,1623.3444061159105,1582.0506844158517,768.0020396430982,1058.586132719251,917.771823822779,4.870651934317323,703.71124682105,303.36510239387746,-496.12714813887646,632.525744781864,-138.05817646408678,-601.1540542218122,823.7794318697175,-416.2087780490737
4268.704989482271,3957.3241721146464,3733.2347430735026,3030.8277497652207,2885.6627262656198,2770.832579099501,1833.0685479083945,1979.715670759477,1807.164377509986,734.6264368933389,1273.3044993625347,892.2973090635581,-126.02615296159911,867.8469621878182,174.38642534939737,-568.0314589695048,838.3594295557417,-253.23882372989175
5802.509277962493,5400.532355948692,5091.900253532942,4295.766734846162,4045.060126070092,3868.8223197360703,2826.372861772572,2843.0226220278155,2649.953350103446,1438.0938133439588,1823.5871895615192,1474.8936296404238,255.93969034307315,1100.6811686451053,501.7992462200878,-508.29693845552106,832.2915583633944,-80.19352649494925
6796.400812627872,6339.592783866616,5983.781824837622,5136.458848201615,4817.002662545912,4613.374607810689,3511.3042992062246,3434.959016748016,3252.736841571139,1949.0404789958814,2213.27505437581,1927.5567451553648,553.84217632311,1261.9457715474725,788.8758048089121,-452.9997311001303,793.8943139372684,93.83904435255452
6931.071627019827,6473.500285761926,6127.256990519048,5291.454357941313,4958.089716247629,4779.933070234303,3684.514621568989,3570.2065854118173,3447.6843653009773,2122.6648016741915,2316.785421681788,2139.5870253138796,682.2926969533637,1288.1961541246121,982.5960476156375,-430.76255088801787,713.8496480609467,259.54095682447667
6022.34465717143,5628.045143917121,5359.023569892801,4607.787230483797,4324.791479902404,4236.177520969366,3224.666290572108,3136.2291849852145,3132.967833039472,1870.033053342647,2054.264253118391,2039.9609251777777,586.7810021696465,1136.6096631377502,1045.0984601280456,-460.25361070244065,587.1034409159474,408.4131316032448
4075.3899374091684,3807.020371999603,3681.8836444995627,3085.4617196670497,2915.131189080687,2980.199308688807,2127.029479126873,2125.4054770133,2301.547194896986,1182.6120235329472,1413.9231143153893,1616.9423632532914,258.0129622445738,796.7717401892437,963.9641575131204,-545.367952065327,414.1921701081081,534.0215166063741
1302.2552424165149,1208.9284132747614,1280.2371191432371,892.2116306728598,882.8381628558741,1153.1137233928107,515.3149196433012,646.6970337611624,1051.063781550762,140.93726897812388,461.149035275014,925.4780010090637,-263.01652024513703,296.5127331997619,757.00637369288,-674.0576023625392,202.19494529058707,633.0801919493642
-1903.5541871810656,-1796.7511046838324,-1502.20225044012,-1656.632959850934,-1480.9439627620563,-978.2515909745484,-1373.262635716993,-1087.0831368980002,-428.4587829406378,-1095.3192622101606,-668.5853122309088,79.99102984253005,-890.5080175052024,-300.06149648641747,469.91505476659574,-820.6841654153166,-34.873760760189406,705.8476793242702
-5032.660187457273,-4731.178448656544,-4219.997032479258,-4150.987037790895,-3796.4954570563923,-3066.6195695879665,-3228.077522220577,-2795.223870730308,-1887.6340621047484,-2314.7625555126697,-1792.6489550247331,-766.5192400007155,-1509.0742799682123,-902.8093274300527,166.931500535307,-951.0607351587639,-276.8492896027954,755.4566411591795
-7553.815528897271,-7094.666019520753,-6408.547069107703,-6162.086120871466,-5666.198115278581,-4749.273103864334,-4723.148682043065,-4181.922177326443,-3065.319328286031,-3294.241955611347,-2716.1002993685433,-1452.9567934221782,-1995.9122893126469,-1412.7104150617572,-83.3710891347539,-1029.0925032484952,-500.011833236238,786.2513506360274
-9017.577519764776,-8464.442318125804,-7675.127755855787,-7326.595684243432,-6752.921801080726,-5719.741417782653,-5581.550448693584,-4995.344689724072,-3741.078089364184,-3843.4147134009054,-3271.4579558770206,-1843.6595900042003,-2245.630170027392,-1742.6489727615422,-223.715224215048,-1023.9313910118174,-681.5071831048822,801.7417262997674
-9147.611192000226,-8580.831392621545,-7778.999865546033,-7420.825820535907,-6849.320964101279,-5790.799003247494,-5632.422740993493,-5080.156744945019,-3781.111215662048,-3844.4172435041132,-3354.607549621213,-1857.440827536202,-2192.6077376121866,-1837.0515743270346,-221.20586007520865,-916.5724112026103,-804.6073061238537,803.0559986811376
-7899.227956257241,-7402.497905480345,-6682.6190693388635,-6408.4113130118085,-5922.360394190681,-4934.561534844775,-4847.748318712227,-4411.448516495865,-3167.1881487842124,-3277.7014601895476,-2948.3032149559135,-1485.373273090912,-1825.941409704235,-1685.2781124174467,-74.60289567323605,-704.7430587553636,-863.0329342571388,788.5702585743117
-5471.454153383391,-5117.734489949472,-4561.885239305853,-4450.242045216048,-4122.47600029015,-3290.1798154480966,-3350.1918553205583,-3101.828855767614,-2001.6869540115695,-2227.8629055490933,-2127.294133079934,-793.0900756866455,-1193.35457149489,-1324.917330671392,185.85898928548886,-404.9148867164424,-862.5565505107176,754.8021136677136
-2269.2675171247433,-2108.624320832682,-1772.545535783743,-1873.8662080955767,-1754.777866962664,-1136.952324614236,-1389.781715160971,-1379.6298588216357,-487.3429894683569,-867.7458351382603,-1043.4845160669709,92.90945221960197,-392.7808844658768,-833.7658187072051,505.69930957544307,-50.543021586134756,-819.0377277489537,698.036400320362
1175.9986745441645,1124.2620002491824,1220.0677681872996,891.1350086635305,781.4993867482642,1161.3188264020828,705.6273353343935,457.0190973336695,1113.7683265541732,575.8969313242812,105.55133569147705,1011.6411767432638,446.8879062425928,-312.40245220914306,818.3357620628694,313.65256036255096,-753.4864033351182,615.8810085957846
4310.692980837391,4060.0842104565945,3932.5169357475625,3397.6475087793597,3071.8998834243976,3228.3924920395148,2595.255377008321,2099.946120444492,2532.78068141339,1867.7171217964808,1117.401214163706,1800.5759585284554,1191.8675462941721,138.19266032751852,1059.114879997929,640.5079235515437,-685.949934533318,508.1568409618522
6664.808576140985,6257.545714664453,5956.079244767087,5267.073872353703,4766.786155362043,4748.33073666174,3991.559591296519,3291.3255667841267,3546.5538796347655,2810.191991809912,1825.6907010339432,2327.8430742792953,1730.6753940462497,438.3715537557488,1178.2136076526463,890.417782541839,-630.3664725200921,377.0127687449991
7937.492055815911,7435.226959575169,7031.275972820049,6258.708641788506,5645.535529983351,5523.48588189453,4713.576345579361,3871.7494986827655,4019.0063058637966,3281.1516800569257,2131.9877830757328,2516.949947293973,1996.3675170497695,545.7414401566134,1150.014546117191,1039.9387751961476,-591.9076118303724,226.57760472499757
8044.798288602205,7516.236845060873,7089.049495223774,6308.331729195251,5651.873281689108,5506.002531547621,4716.480386693178,3806.123025320285,3922.9413989818263,3254.490036289352,2022.0506120032455,2359.182727435133,1978.752132274717,461.86495069669195,977.4162246291258,1086.5262990216863,-567.1597594047306,62.568197677546806
7121.078223584583,6629.180029215675,6251.210572641941,5528.983658522066,4893.959609696286,4797.214459778331,4091.8444863958102,3182.6600991652217,3338.536784747881,2799.9706790923938,1563.4755027770207,1911.6105618314493,1723.8109014074707,228.79687497093266,690.4422859145922,1047.9337456346739,-546.4254473845403,-107.94338258310361
5475.693275511917,5067.105219076979,4791.817227545908,4175.310448514084,3610.6731695077215,3616.442048268538,3039.63967910303,2186.287348960158,2429.8043286377765,2062.7871344875284,886.0849889658706,1281.6536823835004,1320.6257242863378,-83.0057250452843,339.4382549722088,956.4015398325987,-516.966744975436,-276.7392824648226
3516.4174080940697,3215.153701942322,3069.577800756337,2580.7862575878153,2112.85808910902,2247.2899882771762,1819.219772726994,1053.3667795177826,1405.0245512559127,1228.0952309929926,150.2276916158445,601.9274916870447,879.1484247550123,-392.02433726459327,-15.891036404632274,849.3854251533405,-466.2238963692061,-434.97022307898925
1657.8027399295056,1464.1159220110712,1447.3674975048546,1082.7869388021159,713.5255703113603,974.1848918923188,690.9825390558879,18.572739205073276,470.4282215219905,479.0261294700777,-489.33763474537386,1.040459989487644,504.34737582684295,-624.0621157311198,-319.42238870125874,759.6032513128523,-384.5570339585677,-574.181683180856
235.39683358858687,129.57151011986093,217.1749369755219,-47.379598933043184,-337.057133604514,23.560372952204943,-137.9215637433248,-733.8908528805393,-212.4457596253805,-42.068008839877734,-915.6734683391578,-423.1846513082988,273.03791344359115,-727.6452230063625,-530.6872041450569,707.2403544459144,-267.4020365588974,-687.6758008344691
-555.600199131045,-605.8619200101471,-453.27064898905144,-654.2747589055296,-897.2673363647502,-477.5889141881001,-551.9432571180997,-1104.0829361893918,-556.5049520938472,-260.48233570694833,-1071.0365917819206,-622.2035557612959,218.84640608842994,-683.3876203106217,-633.145576719314,696.2624582709295,-116.69735621834646,-771.6548956229838
-685.2780058673335,-715.8848852026904,-541.7860653423025,-718.1929236221245,-952.0095962883422,-517.691857438865,-541.931825656288,-1088.506618057343,-560.0874815893383,-178.66270062035608,-963.320303471103,-603.0661869476949,328.4909917136989,-505.7207571574411,-636.4641315808194,715.3410384642287,58.78124373795093,-825.5326485303566
-274.81104740330005,-316.88338671189933,-158.62751023473731,-342.8895352767564,-600.6592547299626,-189.41636636092844,-194.71725522029277,-769.5285856474288,-297.92692118116634,132.69636982543807,-657.2160931728702,-421.6109049124907,549.5133644673356,-237.0635803116759,-572.1136724928086,742.4996821405061,244.5746895546878,-851.1721737536499
450.26850951017735,376.4365877312225,495.0975825337163,283.31216506364467,-20.334009086116282,343.9160079965018,338.0941377886764,-286.35879800926267,104.38488739351568,558.4743854492141,-253.3505182462736,-164.7955796492911,806.6528851446319,63.864803919252324,-483.50505403117995,751.7505380841833,423.22820632200757,-851.4055306738627
1225.5340211671844,1113.1216246691563,1185.325263629635,941.6274014108841,584.7758131053439,894.6141298578967,883.0303631240558,204.00514973143265,505.2249933354911,970.9726655352066,138.74025077984976,72.96823128370426,1022.07312006095,336.6225239594284,-413.533071624084,719.8793220765929,577.9660316649815,-828.5994458601679
1814.765637672392,1669.575562317893,1704.1810988910622,1438.0152120442083,1034.8144212819834,1297.6388797734287,1288.1846408226559,565.7300276471528,782.1034640087871,1261.4511391375345,426.9288643655679,213.31733238699178,1134.1448270149108,532.9760606338263,-393.15914450543784,631.9525025018638,696.3302075967631,-783.9642039289517
2062.6846846463145,1899.5196361650305,1916.2997898945941,1646.3192480472471,1214.1421011633565,1447.1985977960155,1456.796956493987,713.7626488521304,858.7698307817709,1363.8104822486753,556.0006834536117,211.48721998259703,1110.4466732522392,626.9730118680629,-434.19980523250996,484.67866480787245,772.677230369684,-717.8120716828938
1922.2371235995204,1759.7526740313995,1782.566365109475,1530.2898138333721,1091.3158950439606,1315.2042177060268,1363.935857404964,628.0035492444974,718.4642207147529,1265.5105141860404,516.4424782248778,64.01790346446654,952.5716070656252,619.059596732734,-527.9786654267793,287.1833209493472,808.7708699035353,-630.4131256920999
1452.5606690420177,1307.988219002359,1357.8744270019113,1141.4048070101078,716.4181332924777,948.9200410128907,1053.9874794558477,350.28016640827343,401.3635980760308,1004.407704982214,341.5452796752239,-194.47311560152275,692.5130542300535,533.6705646960397,-649.5788999964096,59.062043304539216,812.3208184042411,-522.8397759215042
791.2464482107392,676.1816513619142,766.1036034396919,595.5474216129721,198.75037805282872,450.4096423693971,621.5044251526308,-33.320594666566194,-11.699300035710849,653.7062540736022,94.66199582013134,-503.675787301868,382.2746765779389,411.22208000801237,-765.8528110468786,-174.02549823295908,793.9746869998379,-397.3528507475506
110.34128562639313,28.38734434586445,160.72870762999008,36.36945715870464,-327.63394669942545,-55.446058930270176,181.71340732714992,-418.97887205430914,-423.9748252105835,299.8231050931728,-149.48335405167802,-795.1973096347173,79.64173157519127,296.64912986313215,-844.5899458579387,-386.3385901396831,763.7644135632348,-257.2829664482603
-431.4613298996859,-484.88301153312693,-317.7934079613326,-404.3730462910307,-740.8480288085301,-455.35807052869524,-161.0903873461811,-713.2136010669296,-749.0511158303111,19.23109810656922,-324.52344933027626,-1010.4715624042618,-166.2798665211541,227.4147484862471,-862.377642691795,-558.0822777953771,728.1558565654714,-106.69934834380985
-728.1510484773729,-763.972306853316,-576.8172839814204,-639.3432823635748,-961.0622477033689,-675.5288595738193,-339.14383157493813,-855.4490889752327,-931.7989075035837,-139.84305369173694,-388.3678034440749,-1114.3495021317276,-326.1825099953139,224.11611212863937,-809.4515331163984,-679.6892116670488,688.5750144616351,49.77857758103355
-747.9629200265838,-780.1798956855436,-590.1683921597839,-643.3054454874522,-966.3397011718421,-696.3338707567563,-334.70501600810246,-829.8737307701092,-958.9852659119028,-166.5373124240947,-331.57171954660686,-1101.2198515956704,-395.62860469647023,286.2099365294318,-690.8495555446659,-753.0158592128096,641.7104627205258,206.89740342018305
-533.0130886745262,-574.8091450967441,-397.06715553419474,-452.52331106277325,-791.4692799511535,-550.9589270136097,-178.81221839891384,-664.4021899039541,-857.591533236767,-85.57851236679511,-176.41543107253375,-992.7491663027549,-393.05357266473766,393.93771439563295,-524.1062320382844,-789.1588108339674,581.304124526136,358.62416181807293
-178.96426749857403,-239.26756592704234,-83.3178039920759,-147.54175440713377,-511.6064266375488,-309.76277316398904,63.13918782909991,-418.06904292187113,-682.3970612840374,54.008005275978576,32.505801589058706,-828.7091649526665,-351.7660573827873,515.6135806460358,-334.35374184331454,-803.7751851446749,500.7760756325739,498.33739411040483
197.8555233240067,116.44620294365019,248.30726267796086,174.40951274175197,-216.66041037634878,-56.11572770229903,313.7819351870671,-161.2698327778479,-497.34341912055135,195.6596974234246,242.9958568538347,-654.1373387297178,-308.76317794957623,617.7500225374829,-148.02941153689204,-811.5846293601469,395.90453096526176,619.5987477038093
495.40930808863175,396.74589639373954,508.9361444516643,428.607953471578,15.46772132856566,138.5045459075302,506.95732756346627,45.04515859267671,-356.5960107374469,292.14765418236635,410.68045315978026,-506.70339626157204,-293.9015800606602,674.7240275887375,13.449454094432422,-821.8502648780576,266.7939960505325,717.3056866541384
652.9265861484635,545.4340853435075,646.7685790287151,565.2082682075381,139.19821448223553,232.98827837981767,604.9766544303077,165.3697628479214,-290.6419132677935,317.69320919206586,510.63445529354425,-407.55488487494875,-322.42645703323467,675.1025926317234,138.61457730938682,-836.1024894548644,118.5045588502836,788.6184262662827
663.3157745167126,556.6583431964241,656.9753327553829,579.3074928746488,150.30803085506767,224.28296817037705,605.7733506235934,196.93327808550356,-300.608515542959,272.48586386067046,542.218321500928,-357.52396717223905,-392.42582787728276,623.097653501271,228.17194029508047,-848.4511630997415,-39.89635630104688,833.0545544383385
569.3030608287523,470.6166809171993,577.3052264405644,507.3450755663084,82.58426406173979,143.62402307626954,539.1900277527975,167.1653872014977,-361.26930187064124,179.3816140461669,526.4016195806385,-339.03254090373434,-487.15349877108883,535.3235653530464,293.7283052386917,-847.9331370016746,-197.46676762812024,851.6338822644825
446.0228202218668,356.9636461551312,472.35866814581226,412.24738550552513,-5.703792117319097,43.77355677472488,454.7038805900693,122.86048997573927,-430.9192513241578,74.77474325741528,497.06255244980974,-322.771293543492,-580.954527869393,434.47532556527887,353.19864014627694,-821.8514088067337,-343.77297089891886,845.5959024788785
375.7866719790072,291.50261061134296,411.929893786984,362.2642662821203,-51.13445080934824,-18.40854806423303,404.82033316497876,114.50288747978693,-464.9310800654122,-3.159482928628371,489.2899798529699,-277.3226463432246,-646.9433564153651,342.2881766471233,424.24687648487964,-759.1482217603229,-470.5860104499159,815.5046449168112
422.21906925707185,332.79982675139877,449.664152120103,409.6070992586788,-4.863612242649822,0.8471127889164904,429.0173822187684,180.26306056263013,-429.3038986306596,-25.508030919848284,528.302278603644,-179.25602709647217,-664.500205877597,273.9854349613005,517.945126984258,-653.3090150080261,-572.5632923679467,761.2703623019172
610.9462900342542,505.04198477844886,607.7660209859288,574.8415357911474,152.61598584075722,119.75650394428627,542.6235230744534,334.2372642267754,-310.70575531821476,19.7595751223009,622.1917846302722,-20.90834935471807,-624.861523257335,235.50334843745543,634.8486745340007,-504.61846595109694,-647.2969096724374,682.9816420772357
922.3599992884247,791.7591881080366,871.7199468347352,841.417633991869,405.8464078719064,326.4079611894324,733.4751087033892,562.4008744464234,-120.3578903127734,125.20474677274919,760.4116551830091,186.62420451585953,-533.4997947453446,223.56870421914084,764.7966439577482,-321.41481791038115,-695.2749207580498,581.926928150534
1298.5332934015198,1141.9467014348015,1196.0663057386876,1161.7574277818812,709.5698196203301,583.0826963878451,966.8498877371608,827.4740476151024,109.35350185491785,266.66017122898387,918.0531869047354,416.5340820630808,-408.64147396037555,227.80373161854055,890.3438776741625,-119.53406714623746,-719.8108977959909,461.122132228195
1661.8516356592108,1486.2714246100163,1518.863319052685,1472.6269473878365,1003.0129434294292,837.8756779506707,1196.6068889402027,1080.9844080052685,334.61152606844877,410.27841025731584,1064.0804446216457,634.6429826272749,-276.1581372167574,233.81412932957926,992.4050533088839,80.845238527468,-726.4302096777996,325.033890901432
1938.9628046960881,1757.8022447204296,1779.7710118999657,1714.4317118500308,1228.5668026720955,1039.807943924942,1378.5892908660194,1278.3145238157153,513.3288292076099,521.828003193524,1170.4815242084928,810.219215445552,-162.05956937167878,226.55504611604678,1055.9463586624565,260.6997819097614,-721.233637427036,178.71698003250737
2081.9690123374035,1910.4420906241335,1935.8606402530058,1847.9255349356204,1348.65367898439,1152.663570872208,1481.932576557096,1391.5282547949616,617.5916865676443,575.6563795706018,1219.2532102428609,925.3039264351276,-84.67018639997809,193.66811173083687,1073.6416849313373,408.0876288755625,-708.458178488394,26.948560433991204
2080.1165453284243,1929.4826978214699,1970.5949319139368,1863.1146338163774,1355.3269472873317,1163.4636552212132,1495.1006490446016,1415.7616971596085,641.3414634223716,560.8908568985288,1205.2705066110404,979.0476676082628,-48.967196580321854,128.50766935307962,1046.3142201505675,521.610561211993,-688.2383802687245,-126.06212954592326
1958.9275557633255,1831.8087084278422,1894.2306687396886,1778.2525160216735,1269.841196410088,1083.4859120944882,1425.6588904978744,1367.5345169041436,600.7577880596464,483.26180121223416,1134.8904510084747,985.595835417334,-45.20189713812999,32.24024105012188,980.4345778367472,609.3228790952803,-655.8052707136364,-276.2037485872753
1768.1755010252305,1656.88438257058,1736.8922753296918,1630.4008867877583,1132.982749572445,942.241634863843,1295.0057772795992,1276.3953771550578,527.2963826262751,362.21091273948485,1021.776304335248,966.7869310480078,-52.68816854981128,-85.8582838956944,884.3392272955944,683.3925490013577,-602.8853689566697,-418.6364559676486
1563.6302649897445,1452.3979340541373,1537.5915491636877,1461.6688976375535,990.015706284515,776.9200275747704,1130.638634292125,1173.5916825777654,455.9274684583854,224.3206211996445,882.1474039143303,943.0395449335191,-47.772891128920094,-210.52169926749525,765.3679288710205,753.2862170743434,-521.1510419176733,-547.4089878337948
1388.9511757659443,1259.4853730918917,1332.9528692665947,1306.0547976858509,875.5871397443602,620.8413093865022,958.6210165843629,1082.0588240562565,412.80537302720916,95.11790999800314,731.1780605021543,926.2685535058572,-13.192009681062927,-324.808017219322,629.300795977502,821.0677611228831,-406.58210910243474,-656.142634629874
1263.2613423306495,1101.7576628593856,1148.5297415670702,1180.7642727605999,803.4377852700741,494.2510678346532,797.9966268446043,1010.8612522882963,406.6804621419668,-8.34892042936292,581.0029813923265,917.3276084862416,54.84929149622255,-415.3789076248538,481.68945571106985,881.0181367348935,-262.8617678775394,-739.6418770325473
1177.4896407673807,980.572080384884,994.1447265106918,1083.745211239691,763.7117049105437,399.6911547188881,657.7083952599891,955.0403890105604,426.843652120674,-82.10158576441819,439.66576197532567,908.1497373232723,144.859819837374,-476.8824478040582,329.1767867340394,923.2109376823787,-101.88885779401394,-795.4647612524395
1099.7011398419406,877.0582564244711,863.514172417605,997.0778205059336,728.0461491289602,322.80314321825875,535.8903462708773,899.7921965883935,447.97316076294123,-135.72761060336956,310.1813622185561,886.7413287394588,234.40467980858824,-513.6834719171381,178.92787766753713,938.6158047834022,59.452372993053785,-824.3182911288795
987.3107204775613,759.9256576411988,737.865068765781,894.5437276202966,660.4030821882827,238.17294693469245,421.3994956632541,826.8500644358525,439.9117943033629,-188.5418219303453,189.7077022322411,842.4159459963248,298.86982185412563,-538.0352686021128,35.9699517475687,922.8614163904697,205.15458598869952,-828.8836947851838
802.5664353204858,596.9979535775877,592.9180920954008,751.1609863907158,530.2161131071896,118.72313857505151,297.6353837545656,720.9528792355327,378.89814220276463,-262.3346419859997,69.81084963826164,769.2265916371613,320.97237192535886,-565.086895621734,-99.70563544944427,876.9132691760901,325.69393907348984,-811.7815613201828
526.8451812011698,367.4364816575873,407.8899114322676,552.2573588118705,323.87431696570485,-53.90356892080695,148.35338713399622,574.8177671038554,256.4375414763504,-372.8042303071252,-61.06443528758719,666.8617393376754,297.0537639738924,-606.4128879997327,-233.68293463802655,804.7797204853911,420.30969873850233,-773.9773285328222
169.19751714006534,70.86048686673772,174.04399315548548,299.55581578977444,50.85551695319365,-281.30648045973885,-35.83303692422501,391.61086749744834,82.83222035619521,-522.5905167252577,-212.89883229517216,539.5305096686665,237.72220226034946,-664.5436385669918,-374.00960796767237,710.0177540537246,494.76620939682226,-714.5782035494742
-234.23678307864893,-270.1826236154136,-100.36257303256754,12.14274883745992,-257.82131338805794,-545.7983556872102,-252.5642245762889,184.43507305497286,-115.80553139117964,-698.7229326339108,-388.8023017838725,394.0474167633459,163.00463680505476,-730.868538807721,-525.6492022401821,593.5134852313498,556.220453624021,-632.0345331739314
-630.4199828017007,-615.9579511903398,-391.085550604447,-278.39123141844027,-558.6459122858774,-814.8690199325756,-486.74057137745723,-26.960618199525754,-305.8992129249931,-875.8929799981009,-581.7075499626144,238.28875340897,94.54648596809761,-788.1303728039937,-685.631052885509,454.2803131175008,608.5506569472293,-525.949591396628
-965.72838733045,-921.6448839450522,-664.762011331622,-537.0445463745084,-808.9646153539408,-1051.2454350076825,-714.2307343223397,-221.1576006899444,-456.8640146114372,-1024.5765047895252,-775.0542148537602,80.59356661991086,48.429291178083076,-816.8005341184326,-841.9480674230035,292.9940328035033,650.8685280685906,-398.4797262473059
-1201.8250013982504,-1150.8108105446415,-888.7055196215266,-735.0907732082397,-979.3306959834383,-1224.4568444980005,-908.8541539201415,-379.94798413839715,-549.5417680640305,-1120.740873451563,-947.5211328830442,-70.12255208655495,31.45450570923481,-802.7023926872987,-977.1668464060465,115.79496176758997,679.4856418217197,-254.638631984178
-1324.489709171295,-1284.5039442867921,-1039.3354737786242,-856.3895184373384,-1059.8693916311568,-1319.0017540829497,-1049.635226180945,-491.4307589316596,-579.4567892609257,-1153.008089802886,-1079.7589940668531,-204.3560537811635,41.756625482304685,-742.3931481756783,-1074.9989609172403,-64.79963272897132,691.2568272792216,-101.40711042600935
-1342.3635381253657,-1322.6606814961365,-1106.1188446785427,-898.2828591180767,-1058.6296753054241,-1336.0258016740872,-1125.4813409439828,-550.6752753821283,-554.2838854825845,-1124.3791771130407,-1160.138545880769,-312.938562867195,72.46389565138475,-643.7354526909622,-1126.4525272060553,-233.33745070200388,685.6601295788246,53.8789645701079
-1277.8698476101758,-1278.8207669980172,-1090.8171128439183,-868.1333352738494,-993.9969548754541,-1288.8923867713745,-1136.158125095011,-558.6921801187383,-487.7435219363684,-1048.3847131811503,-1187.266141817291,-389.11216830188914,115.92482715470601,-521.5243311536279,-1132.5268229194694,-377.5954464990002,664.3272893114525,205.0272127641641
-1156.3460859333397,-1172.499104574834,-1004.3671675165427,-778.7303803831973,-886.0100054741213,-1196.017083708215,-1090.4343088110645,-521.1905221878773,-393.6052320967586,-942.247278987953,-1168.8162111152471,-431.0569561415823,166.2705033334098,-390.67807486965904,-1102.3536705916051,-493.64554442173846,628.7451376733059,347.57728445315036
-999.1825422600302,-1023.7191708066683,-864.0260554945069,-645.4705681069581,-751.0759147933509,-1074.9643656429387,-1003.1284805954106,-448.06458840754516,-282.68637340363506,-820.7238715311339,-1117.8767221140756,-443.5107442588752,219.48605216329304,-260.7201935729574,-1048.029657514803,-586.4853811139859,578.0756669275953,478.23273669106175
-822.6968606231515,-851.1444203117096,-691.3569999755498,-485.6133706318403,-601.3306395863139,-939.7769816693237,-892.0496855665364,-353.0629836622163,-163.17125518582662,-693.1244715756718,-1048.5582573864965,-437.13986772617346,271.87561621932525,-134.20491528844744,-978.8900376153799,-665.7432008269352,508.8904715590071,593.716407605664
-639.547401839652,-671.3854141041439,-509.1165279919459,-317.09392208455665,-446.0480740005544,-800.4300274249033,-774.3942111392026,-251.85239858856718,-41.965890996432336,-563.4336850586637,-972.0532731616643,-425.0808256251214,318.87448548231157,-9.019809822926447,-897.9812957934462,-739.0716153400871,417.36372529686014,690.110607971649
-457.6463198032157,-495.76720996081133,-334.77275729168855,-153.9675312477525,-291.06855764389854,-661.7072771591385,-661.7248260469404,-157.08063258211928,75.87826511434918,-431.4160310503896,-893.5236022372915,-417.3706542971774,355.9093638560122,117.95055353375602,-802.12508455883,-807.0943678499073,302.8468365411561,763.3577252798551
-274.74091802825797,-323.79398439053597,-171.46047407837125,1.3271449826129924,-134.71205328280647,-520.2629034550092,-554.2385906886901,-71.48195357976661,190.5675016901945,-292.7288002095551,-810.123488746673,-415.43281570104,381.3906990524539,248.6671129099089,-685.0328831536467,-862.5848530233369,170.64053584902135,810.5644765858882
-72.96903766536744,-137.8355378007975,-1.789789912166171,163.97610204274167,36.556243942577936,-362.17410465287367,-437.67996059830614,16.85027807115396,311.17992250565806,-138.32676921443084,-711.172872052038,-409.68348041272446,399.8306875616718,384.208984865126,-541.4839857667553,-893.9921396305908,31.939931476635223,830.9962480134441
178.57953822440837,93.56563336115055,208.18448396683962,363.99261076121826,246.4562088189346,-165.63966767843775,-287.29662321491816,131.90156812928575,454.8464429077496,44.27187215325597,-581.8485646146489,-382.7281478429091,422.06965398066507,525.9048307997975,-370.3865427853523,-891.132676740589,-99.54208583567318,825.8986697264445
508.4649759758514,399.84150388634373,491.6870399263696,631.1783607014801,517.3290401916908,88.37797200257687,-80.43144290123928,297.83519688161607,638.672164619175,265.4817593963014,-410.5527116743425,-318.0911545799471,460.8061716300165,674.9196842613976,-175.63583465462608,-849.9889033385294,-212.72692282154483,797.2913098884788
919.3556148485334,785.1265433228145,856.6146089700927,972.8909952336638,852.08153409138,400.6618652023323,186.625992687502,521.9332562813238,866.7865066741276,524.794644061928,-197.51945662148987,-210.90233748768676,522.6955904666406,829.4583811006985,34.758846258286866,-774.3252335727658,-303.330849408725,746.6814866188872
1370.502570320686,1211.3279784824945,1267.776224095067,1357.5019658190085,1220.388047732767,742.472900738378,487.1436941755939,782.021424994437,1120.0592861447674,803.5826266371324,39.98606154177833,-74.64198869296564,601.3106459881698,981.3610382137786,250.0213458929117,-673.6543692974814,-374.6911932317997,674.589369005867
1781.7733031944902,1602.1620432127645,1650.5119324815562,1717.0859578926747,1561.1390212699891,1058.5017664378256,767.3590505376435,1028.2175624410202,1356.9078347912646,1066.0151459727322,270.2616243168481,61.064660766802376,676.0211333612583,1115.3031767831098,457.7833300742858,-558.9487468833302,-434.7520120781075,581.0821518323233
2064.497781270392,1872.7630222716796,1920.0062342171493,1973.7151854115207,1805.4479530041244,1287.490426539116,967.2897826151637,1202.08064715465,1528.4269330880825,1271.1279212531963,458.50753445498185,162.26117840199083,719.2804042335761,1212.7253601816178,645.6665256359513,-438.45633943016475,-490.8834037244342,466.875945760604
2166.9363097912233,1972.9993959053202,2024.3563523834555,2078.7910814909264,1911.2712437537705,1392.66992024344,1050.496828248303,1265.4626420991965,1602.0759835014428,1391.976388476845,582.6605451781842,206.97877583112336,709.8481506212336,1259.4969201851072,804.0677461736577,-315.6107550883515,-545.4481644345738,334.38282693081686
2108.5570922777006,1920.0128559643472,1977.2157592709264,2043.3688068135534,1890.1488572931294,1385.0800543810867,1026.2669477053328,1223.1156198213266,1580.8716292518818,1431.4001449317439,645.4635543099976,197.2079107588778,644.9160473146835,1253.213539884569,929.4737889265934,-189.61953536613072,-594.5222541335172,188.2332153895078
1978.316517428398,1796.7087294314285,1857.1753363406788,1938.3250516915914,1807.0214920089388,1323.136390073892,948.8104064876194,1123.6982272882349,1504.9916948255254,1423.2857609368575,674.7104902045214,158.77828115387092,543.2222855940668,1205.260740372894,1025.8742993198762,-57.82754366060101,-630.1811556267951,35.00939261804212
1890.4411724722875,1710.2744713711666,1768.026704304296,1858.5728173443806,1747.7351892665902,1283.6206157233144,889.7335448027095,1034.7922233676863,1431.5051262461648,1415.3495298867779,709.0721295668698,127.61125725120837,435.60968331338876,1135.309377822225,1102.0304252913747,81.59537901677857,-644.6127485426566,-117.8491027988222
1917.6663124685324,1729.5899459067593,1778.1407923402066,1867.6485823887135,1768.903199052519,1316.910883863267,896.4325068387498,1003.4367883707142,1401.2784655958847,1440.9778986637295,775.3902907495908,128.97482896175973,347.19031194157105,1060.4503883703965,1165.0792762805709,227.54631575566287,-633.4846870835356,-263.6177573748773
2039.8278791691926,1837.0451507894695,1873.3352274235267,1954.066728483073,1858.6113951383707,1411.7067696004867,959.9288377890177,1024.602237133859,1411.685638268547,1496.1882885539499,869.8463820734858,161.4447637384227,281.469271884414,984.8751088684044,1214.16810461746,374.68294257169055,-596.9168644698733,-397.5331991881287
2141.6012584753066,1926.2831680778736,1953.798154968274,2027.6973125283082,1933.6550270366788,1492.3533621611284,1012.8999434826317,1037.8908623046354,1412.5826331201429,1536.8162449089443,955.1274249786711,195.53165165191604,216.78439685557726,896.3838195543913,1238.6296840893951,513.2562077322799,-538.2159519526474,-516.8868994375533
2066.660950289448,1852.5508442236537,1881.7711995863574,1962.7748871988551,1879.1870590913904,1454.3863070685925,962.2571243918483,957.3134903462521,1330.5017668409237,1499.9394651467492,977.4832273282634,188.7738318782753,118.39283419824085,772.5728732404316,1222.5906982401925,630.8739514660796,-461.87195577605354,-619.8957480386746
1701.3882395050193,1510.5359555277246,1556.10244031825,1666.0720893732887,1610.9598677168085,1220.758012325854,739.7729404267739,718.9341254226085,1109.090149654722,1338.6735771517194,895.5739010863292,109.22320405738998,-40.384182789020315,594.0562756473062,1153.6279521957963,716.4114727632841,-372.3669275510099,-704.3277880092257
1040.9897237574714,895.8007012521992,971.611612891902,1131.8182786113482,1124.964877686141,786.989449589056,342.05290466415187,319.130549522699,742.9641521249043,1050.377723456974,704.7777506494153,-46.15024954500217,-260.76794713398084,357.5429668425046,1030.28522413604,764.4775649888663,-274.238420685744,-767.132087684388
198.71988700226015,113.30846910020645,228.03674217099245,450.77733767672567,504.9240825414706,228.2532282296426,-163.9117189341357,-179.46078341790582,284.7607092756437,681.3355336283889,442.16241522614916,-248.90718386012247,-515.7507469176942,80.84726570773844,863.9336488929052,777.5893996128717,-172.5610112357292,-805.3755524778828
-648.4998736337961,-673.1048170769278,-517.7871167432518,-232.92642571878076,-117.69734055230765,-336.72583798146275,-673.4795653382397,-678.4507153174401,-179.60780477557364,304.6976069511602,168.4912591716918,-453.8728425375715,-763.7227860748661,-203.98031873374927,673.9841544378619,764.2846535189495,-72.71498531535858,-817.5322878903912
-1347.083190107969,-1321.4639643247585,-1129.2904806353617,-792.8061133687828,-628.3651123387067,-804.3224574219264,-1096.4659165021042,-1092.9534610346043,-573.627638099658,-15.606427236543254,-62.36928928969161,-622.351446355185,-969.9750933600726,-466.07043795569524,479.29296456797795,734.2246948834547,20.74614663211443,-803.9192520085636
-1836.1992065509687,-1775.9555986743676,-1552.4357414438907,-1177.9725955745382,-981.5235401216089,-1133.1671374064927,-1398.281532990796,-1390.727496888896,-866.0374993545446,-254.08080541669506,-228.52149061508305,-740.1671051279437,-1122.8208127736814,-690.4846960304646,290.4373706857091,693.4492999749524,105.21004138832186,-766.0208607439561
-2160.7776714191177,-2078.788500943181,-1827.9346243337534,-1425.4484159524266,-1210.8323036918264,-1353.171060114532,-1606.882125926889,-1598.904748248919,-1079.1488828141553,-429.5562096446335,-345.03404979972186,-820.2604610593047,-1234.8655900750405,-882.7849273820752,106.8538966314274,642.6260916096437,180.18855746948802,-705.4998264435256
-2424.088191197506,-2325.9857983039105,-2049.2681147747066,-1622.1648172877087,-1394.0995365802457,-1533.3747535809873,-1783.4758889199402,-1776.1955740618587,-1265.721920440514,-585.5381053089855,-446.92542452904286,-889.0253535088393,-1329.6113674341773,-1060.2555871508791,-79.59120524315642,578.9345346853368,246.68834050041198,-623.8021785410472
-2712.3113469191726,-2597.311168586239,-2295.0914186223836,-1842.3524550424165,-1596.7158884562255,-1730.5545174434276,-1976.8948463670804,-1969.5556178572422,-1469.8530481887412,-758.0978824052934,-561.8260011049632,-965.4043724273479,-1422.761017481077,-1235.777614583134,-276.314259685598,499.9091223157729,306.56224507080856,-522.5183855480108
-3038.730908997335,-2904.6055241173563,-2578.7557094133076,-2099.8858502978414,-1829.3114933918057,-1951.2249839574602,-2190.54007533521,-2182.9642679368717,-1696.96660500019,-951.5101052271615,-690.0286786129392,-1046.045422456355,-1510.416481286803,-1405.7128197709844,-481.82315008567747,406.51764503901444,362.09829552572614,-403.9620217004566
-3339.938010780289,-3188.5535761705487,-2844.459834340292,-2343.7054855175393,-2044.5114629067637,-2149.4864590842,-2381.338288060445,-2376.7514616824865,-1911.3417277032054,-1136.2955928499132,-804.2101597182224,-1105.803853689196,-1571.173327248874,-1550.2951799527095,-683.3106789866738,303.3975394737303,415.2235377113659,-271.4205367078575
-3521.3602401826283,-3361.213523084604,-3008.0028061892467,-2495.3312543585885,-2171.331705565847,-2259.01277201127,-2488.672025345123,-2495.1499942137525,-2060.798633197792,-1269.4609905264015,-867.7932750054258,-1112.8801601566051,-1579.6273552691048,-1645.7450405918053,-862.4436267002781,196.1385780624297,465.9105830184069,-129.04379368325033
-3518.1740044579074,-3362.6047895108813,-3011.554939141261,-2500.271157463403,-2161.5520037552324,-2235.577617044247,-2472.194848470257,-2501.617686642474,-2110.075819993794,-1322.1516827008645,-858.6098012056641,-1048.2922754682113,-1521.6119779717724,-1678.751899382286,-1005.5435025924448,87.6794998655775,510.655677913628,18.30705966455345
-3330.798215522087,-3193.426745699544,-2855.36823699547,-2358.1770149879576,-2016.506687138707,-2081.443086238296,-2333.398550845685,-2398.1829403187085,-2059.790694822308,-1295.5911072762674,-781.5816449601627,-916.6815369246326,-1401.310415718882,-1652.8406207279068,-1110.259800142095,-23.196297429438573,542.6592286101445,165.1336739687094
-3014.823810942824,-2905.3919756743185,-2588.1912508077885,-2113.9095095782573,-1778.4583071419868,-1837.358999312946,-2108.6623862235083,-2218.038718231723,-1939.6670244633349,-1215.2224494380202,-662.4791982738375,-741.6184716348497,-1236.6904438301112,-1583.033849333242,-1183.3422477861288,-139.5292124386312,554.3960406621269,305.6179137645263
-2637.3842180613656,-2560.6110126114977,-2267.707427762302,-1819.9400192862918,-1496.1156581203827,-1550.84883502408,-1841.4030380002173,-1999.6167774662485,-1783.6392522447095,-1108.888206206403,-528.322793647952,-549.3128209819332,-1047.4581978227204,-1484.133621275923,-1231.6927456552728,-261.1670319793455,541.3113297677681,434.4490596689127
-2232.872078836901,-2190.70003112415,-1921.3336139694352,-1499.2241386716557,-1190.6785228365886,-1244.5771686986532,-1553.8598549792582,-1761.672889574968,-1606.2765673206873,-985.9388720015789,-388.9383871110749,-352.3320995735613,-843.6901435287572,-1361.666817411019,-1254.5805398544217,-380.7818976460418,504.25772212205754,547.7490168189838
-1787.7122289348044,-1782.992693992995,-1534.1501014007788,-1134.5041644918801,-846.0098942449545,-906.2697660237693,-1237.1346022129871,-1495.7003744054912,-1396.809594148331,-832.3701681042903,-232.4557843720409,-144.3187097709216,-621.8409764508074,-1210.9676849488349,-1243.3915573998333,-484.586391312876,449.09581638864023,643.2449251574437
-1261.4823546645605,-1300.2679247752308,-1069.4683153809794,-689.1608559859037,-427.758262647742,-505.1308069881741,-864.3439525787976,-1178.5068478340581,-1132.871079791119,-624.4446558204689,-36.99427139692847,91.39376863276499,-369.9630163382718,-1023.210522965659,-1188.3909601653368,-558.1131421770383,383.95423665502113,719.4465506559275
-626.88764637093,-717.6084439028969,-504.8980003772573,-142.36533471909,84.18994509692013,-21.401073600486313,-416.32442356657674,-794.4856333008938,-802.309501841878,-349.8076857688667,210.61392359082515,365.9637325944614,-78.76152708778955,-793.2683645269808,-1086.4917333647793,-593.3105078908752,316.1717837851131,774.679127925565
99.96347985534032,-50.14030809371022,142.14770891417683,487.2128432041861,673.6136046895292,532.1782606918182,98.0186351709983,-352.26099520075184,-417.4362469316385,-20.691021156445004,502.4778160575216,673.2672860472428,248.21930893744616,-524.9583728522384,-944.452139776558,-592.1044227542968,250.6436444274844,806.9997664556626
859.2080500131623,646.7071078746848,816.4317316556394,1145.0772151518836,1291.1504078097587,1111.420662254765,640.1906484389425,114.60126493111426,-12.883433749004666,329.3491702275618,811.7688160254618,990.1326209603469,591.9271107421374,-231.8522715712768,-776.4791498207064,-564.5791935572947,189.6901973029025,814.9832632852361
1575.8693066441472,1303.4552736819926,1451.554835123273,1767.8385062819536,1879.16594571389,1662.5269302606464,1160.0052079282736,562.5668143186033,370.23750672108093,661.6364125676539,1106.7624880851536,1287.9492909955882,925.1115718305164,66.55562188228717,-598.8326425120672,-523.8977337393053,133.41124651648616,798.3992219640464
2196.6696810231383,1870.4154509067307,2001.7168907927653,2313.220048938631,2399.4990775179836,2148.5082080981415,1620.2938134825624,958.7845651246093,702.7801229017774,949.5903164155231,1366.0102334849996,1547.022888815944,1225.298822202376,352.4342328875823,-424.22440109022244,-481.31043773366093,79.81941325762858,758.0544546421753
2709.113704188443,2335.5729622549948,2456.446453301186,2771.9531248630296,2844.172664765195,2561.326718106555,2011.1183323589637,1293.9378356248317,976.8996552106416,1185.627424668734,1583.809995586456,1763.2659522881318,1484.3101202878215,617.5708574624864,-257.49733713668104,-442.99806671969674,25.16114998384296,695.0910578087759
3130.8300528250984,2715.37064553961,2829.713845328878,3155.0977322601425,3223.039919313517,2912.24932096894,2343.9989542611443,1579.0880247346565,1201.467381212161,1374.8230336106928,1763.23337561869,1942.8099074429194,1707.098713483011,865.8905277394163,-93.90746344859087,-408.81021951567027,-34.74413219682023,610.5752357029788
3480.1419439940737,3027.938287700315,3134.5441445189317,3469.577046417785,3540.678463577303,3210.052466032838,2632.026748253384,1829.5988352796326,1388.4070510640836,1522.1592138748963,1903.93371590922,2089.6890507240537,1901.024299161735,1106.9093973811357,78.17284028126318,-372.81691254259295,-102.19180832770576,505.83309611175974
3752.4633694556906,3270.922094369208,3364.3948010971562,3702.8859616580175,3782.5884315459384,3445.721083934718,2872.473485168086,2048.5954616906065,1540.4849355948031,1623.9574164154174,1995.64468066852,2197.2137699185905,2064.7226157793384,1343.9301573103135,269.83063020545916,-325.8973257066278,-175.6367765801151,383.25209211897186
3919.5525904031724,3419.7646570368174,3494.481202056024,3827.912742561446,3920.9335248867233,3595.1001334992498,3045.040903947285,2221.9103462133985,1648.5502949124466,1669.1357308208853,2022.3775741660643,2249.97525371283,2185.800706370188,1566.5864691039733,483.07531496332666,-259.78092446228175,-249.60695222442712,246.8617248419213
3947.0040985403652,3442.9830383763774,3497.439178327688,3819.816472047441,3931.5845165627748,3634.0392855012024,3124.1491324201343,2326.018416465599,1697.6848137702602,1646.802975405974,1972.1524773632384,2233.532853356929,2248.225370497074,1754.1312466376035,707.1797198394763,-170.50030766573877,-316.59485716866084,102.16785878248487
3810.586857363646,3317.2739643988884,3356.254250571366,3667.216935618363,3804.904818858088,3550.1826259532327,3091.8287285076494,2339.626993944935,1674.7871815246067,1551.8147666588493,1842.4160609061487,2142.008604010118,2241.5516002753848,1885.8926916250653,922.6961790358961,-59.2133716831421,-369.41539256395953,-44.71327490675384
3498.082616713885,3030.0049099574458,3063.9948355623724,3368.8047956054784,3541.6332514677683,3341.710913295682,2940.284382850359,2248.752025041122,1570.927989763079,1383.5817616429488,1636.6785577528067,1976.8707222126352,2163.6391127083884,1949.2032661352669,1109.1593939697805,69.29753240971752,-402.52046872161065,-188.0127275865207
3001.862153902247,2573.0392487264194,2616.2047288896647,2923.6326829677932,3142.375071324615,3008.741612904925,2666.2639720496945,2044.2929057431704,1378.7612708979777,1141.2630932992047,1357.4899433272883,1739.9609139587988,2016.2192070609085,1939.3163911021477,1249.5771321690534,207.63192626311866,-412.3924599628066,-322.74386323856527
2317.106559049307,1940.927179549067,2009.3230756014352,2329.7099699396736,2605.7005430827394,2550.6365059398026,2268.0485620538448,1719.6166131839598,1090.6795163753056,822.0070499015064,1004.3508451259997,1429.8765571688102,1800.134490494679,1854.9570083811038,1329.7161107432335,344.15464813421676,-398.33322495819164,-444.6481522688871
1451.3206329730228,1138.9057256893666,1249.5434276152885,1594.5503794212796,1938.8647894967992,1974.313343759125,1751.066815232964,1274.259164206442,701.8557917974385,424.8290179946283,579.1005784922473,1046.633332735628,1516.6011012660845,1696.8419421098297,1337.1373706435588,460.7060838844146,-364.0852250467982,-550.2150910780151
435.29941847346106,192.61271327784985,362.8767050760775,746.4919353588093,1169.8224986922808,1304.9522015959924,1136.6755526005215,721.3452029485452,216.45270433047375,-43.65223437763785,92.9729310130744,599.9268030797072,1173.52793441529,1471.6113208075126,1265.1338799091307,534.5956951366437,-318.7413458463862,-636.9957406510425
-676.8374495502296,-851.1988830760998,-604.6536311758847,-165.71224340868088,347.1839143031652,587.1262225481038,464.3563956100134,91.3835630620581,-347.9528739622149,-566.8168922229563,-431.8416042648604,112.13677752164699,789.8976638186145,1196.6087037978102,1119.9208901559487,547.2032565966617,-274.9125233533349,-703.7293611568789
-1818.7014301769261,-1933.4188746199256,-1596.738287162242,-1084.8113311327115,-472.4703672696051,-125.65167105512432,-215.51664194316277,-571.2121289992397,-960.4776262360622,-1120.0288860650528,-967.0369125986508,-387.1400186548695,392.7406607477485,899.4099844008563,924.1041452238658,494.771819859766,-244.14274555967853,-749.8920673775016
-2923.623362444714,-2992.531772368451,-2557.363289365655,-1957.6430080577563,-1238.6940352745962,-784.2373930692446,-852.5767561726055,-1216.1408192142678,-1580.6963017658602,-1674.2943327528667,-1484.5675921042907,-869.8672095891297,8.343759437974285,610.6863901267976,711.7322190709957,393.25256815256773,-232.07861767773852,-775.057207285915
-3931.5844622198647,-3971.0632072034,-3436.798693697101,-2741.159272024964,-1913.9096071727297,-1351.8298862680197,-1404.928395586222,-1795.8379367640418,-2164.734828604024,-2199.8767697495873,-1960.7225934378941,-1315.093928194144,-345.7714613684149,354.507186323378,517.0906610468046,272.8862973805704,-236.2535778930997,-778.7018420074205
-4795.662502662127,-4822.547951146429,-4196.8348647400835,-3405.56145333512,-2475.35178363215,-1807.321400615543,-1845.0591261011368,-2274.0179217248974,-2673.8102880872066,-2671.03244450709,-2378.8835699447445,-1710.5433094261186,-663.84099865353,141.37881603960062,363.6273051155607,165.85281882651503,-247.4063519295218,-760.4674944172481
-5492.394618411058,-5522.127885420312,-4819.196377721809,-3940.1641789228966,-2918.739525744329,-2148.8028790523827,-2165.373438780224,-2633.925411906252,-3083.8943132314316,-3072.1031908289524,-2732.8763307355553,-2053.686028939363,-951.1733946323761,-33.830939101477554,258.0387808761587,94.46405222464739,-253.17589192837198,-720.3910380655753
-6028.151168068869,-6072.759927276711,-5310.602738534046,-4357.395332041182,-3261.1854070459476,-2395.5238281654374,-2380.4044270666022,-2881.703011566136,-3390.76015921233,-3400.622089996313,-3028.326517172684,-2352.304679544636,-1222.1552020010913,-189.97069619435456,190.54362411532452,65.45944487293707,-242.33538410174836,-658.8987545373855
-6427.749501632417,-6494.536289614498,-5692.842341082054,-4683.492860397364,-3532.647829354394,-2579.757621682124,-2518.703952341034,-3038.4809071680083,-3604.065988081808,-3661.947480741184,-3276.929984178507,-2619.7465706980447,-1495.0645798091555,-354.16311425068324,139.77937239542132,71.33766702370747,-208.08072377281678,-576.8237188521337
-6705.890230678547,-6798.4671983186545,-5978.421407417906,-4934.79955105025,-3753.1210070178377,-2725.8966588715975,-2603.7709736056167,-3122.309105836198,-3732.01642944632,-3856.7812872260947,-3484.236822441395,-2863.4039286985126,-1781.0728266880574,-551.8864253856475,80.40625379876951,96.2301807662144,-149.4656999666413,-475.66300573227693
-6843.100428417722,-6965.101868524705,-6150.354019997001,-5096.802613811686,-3910.708163587071,-2829.2807160596026,-2635.7383410274415,-3132.067210759566,-3768.0514889924834,-3971.43626173962,-3640.101986796764,-3074.3081575354236,-2072.267717055128,-794.1910876845947,-8.503566009752262,122.68420785667797,-70.8429877990452,-357.896667743275
-6788.325476692199,-6947.778539375812,-6164.904907233839,-5125.376843253791,-3960.532653273082,-2852.6856189194696,-2588.482122392541,-3046.2069300509374,-3690.7252939280343,-3979.8041139129823,-3720.682853626665,-3228.026350778341,-2339.487359676269,-1069.0792741396258,-136.840544215877,136.41349002251388,19.8987618680311,-227.04917284463852
-6485.337742630796,-6696.959931925137,-5974.542436510163,-4969.336596944027,-3846.0997591629207,-2743.656838824244,-2423.6875866949104,-2835.9612059982865,-3475.5824252644716,-3854.8247526923547,-3699.9152395057217,-3296.701627444168,-2543.7897962731895,-1343.85707467229,-300.7789536610685,128.14960858173788,113.21461934998865,-87.44801584512197
-5898.035359192316,-6182.671100427247,-5549.5738740390925,-4593.28894427844,-3523.28444221939,-2456.1844706109,-2107.7268907017724,-2479.5036081662092,-3106.9006869382224,-3578.6133623107426,-3559.5416249429973,-3261.0477814183478,-2651.899019963158,-1576.2570700865726,-483.46856796856025,94.20236302715807,199.61254264479203,56.10809118678807
-5017.013015722569,-5399.875885749607,-4883.661274365188,-3984.439477425695,-2968.9267108999893,-1959.578958596403,-1617.6243853717626,-1965.8933483115227,-2580.509373664487,-3144.750531683059,-3291.1936383243933,-3113.685821934828,-2643.879057914017,-1725.1186795075855,-656.0974427450576,38.227551254357536,271.73413784567947,198.6676816029506
-3855.604692487401,-4365.142621867798,-3990.690893505025,-3149.4088792305406,-2178.1452156461432,-1236.6510639275036,-938.373690583835,-1292.0794576588428,-1901.594582128476,-2557.312116442493,-2895.391746939523,-2857.5420334444857,-2513.492277808121,-1756.8876804456536,-778.9530746558282,-25.388083965889564,326.8921792659727,335.51993723749763
-2453.6789824277107,-3120.7391169557227,-2908.4763586699564,-2117.3773422066233,-1167.446539732567,-287.1644160624467,-65.09778002804441,-464.2707857396193,-1086.7713813252326,-1834.089793528012,-2384.904778997623,-2507.8703384471646,-2270.455459610047,-1653.7345141007918,-808.0893121110197,-69.8787550006881,368.91902965421355,462.615432272469
-889.9253561998424,-1745.323111146586,-1709.02546154279,-951.3633255185811,12.136968263655177,857.377155004657,984.3345550053962,493.11444672137094,-171.24838475966556,-1012.7688195201837,-1790.6125522118393,-2097.5377487407586,-1946.784011591481,-1426.2484048548563,-712.6807764376574,-61.22492718101313,407.86173273403955,576.7708486146796
717.1204865951432,-352.63951701147306,-497.934295192264,249.29844164036686,1268.3988373565915,2122.257493288661,2157.619145573467,1530.9470552632201,788.7444373836468,-150.63841894474928,-1160.265649887226,-1675.7659909709919,-1597.6713425681946,-1121.0817577847633,-496.58959039301783,28.335732224556807,457.05032685135416,675.6073918386722
2235.4706291171447,935.2440832003033,610.1135931972723,1370.1761914915378,2485.4090901397153,3400.586139504659,3373.504762719271,2583.017435328268,1727.1322842621476,688.579823298385,-544.913709850328,-1293.9785738142082,-1288.2790959172019,-811.1373275926281,-207.15323488806737,203.96515927836592,528.2457676251101,757.4251862754566
3565.3845802706574,2030.9935979951963,1531.4126635642103,2320.4902054857307,3561.8172975544962,4587.665152853556,4547.006240456797,3587.3756196554536,2589.787683281548,1456.2723198415797,21.31211568807555,-984.3376176536049,-1070.5305785454418,-569.4968431733095,79.85562230210246,439.52241294339365,626.3438690966232,821.0681438901004
4676.907815422385,2915.84082359904,2245.0873022398296,3066.068672054899,4446.807485230777,5618.016077850187,5619.115301328046,4508.091434679195,3353.6437931296164,2136.4482939235795,536.5732250787161,-742.998377268416,-962.8550891233409,-442.3609145722458,291.42649656155686,684.0145191562963,745.7409243012315,865.6641996652551
5615.374251582981,3643.27241206211,2797.3879740702664,3636.226517880028,5151.14435909735,6481.450345180685,6571.656445644684,5343.052910630626,4030.7353221366184,2748.4465831222524,1033.1019238129231,-526.3912905854486,-942.404684439587,-435.59833413499814,385.06767659883906,880.921025800954,870.4673100544269,890.3245190029552
6473.1110562846225,4311.82351314765,3277.8278244751236,4102.939072142724,5729.49371972736,7211.210260985899,7420.072359481957,6114.1316467959905,4655.429839910697,3333.4333412112424,1564.1418487341584,-261.33397580617645,-949.94885465791,-517.5445757017214,359.06753021009456,989.518456586707,978.6217925266549,894.0400028190664
7346.226349995104,5024.461809002925,3783.0684425215773,4547.505457341302,6248.446450328584,7855.88519534361,8192.115669554994,6847.63395783946,5263.623744055219,3932.9936301227544,2182.490289846118,135.64973039903745,-901.8438450413951,-630.5585112879055,245.65867092100882,997.206524177748,1049.2093392438817,875.8082644896238
8297.063464639907,5853.353446963864,4385.53306056243,5031.284691536699,6757.176042022308,8451.1220191677,8904.803545787248,7555.168640475826,5874.051922820827,4569.971377431596,2919.7068763800553,735.9305151907593,-704.0316109982443,-702.4866767038992,96.809396173712,919.2354208456625,1068.303388023435,834.8337234226746
9328.69295987324,6815.389615013863,5111.627247895488,5575.894529625692,7267.290868287949,8998.751922850202,9546.211707345787,8219.490109821047,6475.643161277292,5235.552714226388,3770.3816370229215,1576.3803682320956,-268.0894840004627,-654.7052787299687,-28.308150586209308,789.8524147164472,1032.3716565838636,770.7380080203146
10369.12915612599,7855.089235706692,5926.129237139881,6150.604599734063,7741.409422915104,9455.045071731334,10064.998109894068,8787.142054275697,7021.489200142387,5882.451265524934,4681.524984523688,2637.017421370141,465.7285257068287,-410.50283854376187,-71.26210400986122,651.3132548712828,948.4028270588601,683.8446679361612
11270.50766451637,8838.864541452882,6725.224379686267,6669.103141220031,8093.604168322549,9732.711510257906,10373.399574454732,9172.987917878201,7433.392616454586,6427.760740103303,5551.256603762294,3824.047001051724,1496.584120609691,89.27733000021874,19.906518258963047,545.019174040509,831.6676789656328,575.5470131334084
11834.578068384752,9572.704317798767,7348.232876467829,7002.815363992165,8207.37529837576,9721.661876994249,10368.484230601565,9281.069748083017,7621.536903865804,6771.273550359147,6245.497915417514,4972.9960706516085,2733.5863506271116,860.5699509363933,283.1053182060798,505.63879794857564,702.1795780311584,448.65635999483465
11863.456202535865,9845.653676611973,7610.994606343911,7010.843054538938,7968.213223732764,9323.690930795588,9966.217298965501,9036.843793540984,7515.419805339658,6827.051909152796,6633.444292958076,5882.587211761878,3990.2521828811136,1846.713996009281,729.6907883147211,556.5455371715304,580.5541432143509,307.59404930348023
11218.726308018027,9485.626916386092,7350.753330245451,6576.29749447489,7298.744845959018,8487.998171767082,9135.5153578703,8419.031836124166,7094.9198303176945,6556.965439956207,6629.625988920887,6371.759470181516,5018.09676414752,2899.7858194295663,1326.5441522892343,703.8850331194963,483.4955233923811,158.2759193778075
9873.64879999284,8413.819611092173,6472.029884429342,5640.214805039802,6187.373796798958,7238.22868853897,7923.338189277005,7482.58694930241,6412.664131384738,5995.995877243079,6228.692738370801,6340.602626735161,5578.294126662431,3792.2307733315956,1978.3888475886224,928.0007201714518,419.1235346019074,7.528148225085488
7949.272579039473,6689.672695330785,4988.32997342646,4229.689453583941,4706.442787306316,5685.967334966634,6464.886711773402,6366.37975137576,5601.206616906457,5262.547749413731,5523.847638685153,5816.349440940164,5534.237786009562,4277.529264121317,2526.9166343088064,1175.5420310108034,383.0740283328116,-137.9742117677011
5715.390984567351,4528.080819406492,3045.6619986775836,2470.3394452787456,3010.387814748295,4019.8512486223485,4967.084988833638,5273.832665751635,4854.197915538118,4543.669907157928,4697.8465861930235,4963.693936062683,4927.191428085206,4196.163414904992,2788.700929690541,1361.2088163907026,357.1948446880608,-272.9302563628841
3532.0757351196785,2260.4164685594324,901.9548059512395,564.990734585563,1301.0046531082808,2459.439177039364,3655.985481736664,4418.783969079733,4374.7575905896465,4047.783268229624,3976.9857984850923,4040.8407617222256,3982.9481120748515,3575.478549693575,2634.8593336676013,1388.5833495157976,312.7432945079021,-394.2750224077874
1738.463611554053,235.7078478944186,-1147.0372863115138,-1265.6575673212237,-235.5583956398064,1184.5841813511524,2702.7122057653805,3953.043714393543,4306.841544192173,3938.3502163076,3559.611630778683,3309.7879862342706,3025.7047305250685,2645.3735200629217,2073.5771578675076,1189.3943152441573,218.71500844696982,-501.27212768815224
541.6901309548733,-1293.7870280347402,-2864.169769379516,-2854.5257268137075,-1489.8632786919907,275.83884611424696,2166.0777948127025,3913.3707108998515,4685.023024824314,4282.190153867519,3555.0632209026517,2946.2165897820573,2342.6450349766455,1739.541052091185,1272.8543409443969,763.7694128776777,53.50537417734847,-594.7778410616941
-33.667694255215146,-2240.375106872496,-4137.261343502049,-4132.962080924022,-2455.0415770370723,-301.68512281285007,1982.861267908906,4215.983561578383,5428.382658557279,5038.6154597556515,3965.0792921284788,2998.024397677509,2082.0747318209833,1143.1078996007607,494.34985865599515,195.47617032949177,-184.28610319651136,-675.9896282594335
-118.21754344927771,-2673.511910612528,-4984.95012816242,-5129.111401115655,-3208.8438944578197,-668.7953093992153,2003.7571755246577,4693.7441542579945,6372.758139262351,6085.019942993984,4707.773563946251,3403.940749168479,2235.17427907196,986.0453099373314,-22.94753035996024,-372.16540402633854,-470.6257063295524,-745.1458463616184
76.0215573729262,-2757.7691789330247,-5512.118681052916,-5930.135052368099,-3869.9614581136157,-981.685832575527,2046.8905513714267,5147.309892127399,7313.675745178405,7251.366875548148,5655.776750388416,4042.9877670442866,2685.136539576322,1231.6012883111596,-156.00541483512905,-789.1813685598514,-759.0355030080441,-800.4828055692258
330.84922602621094,-2677.668569183653,-5846.74851941539,-6632.803602199066,-4553.360457757475,-1387.40727747422,1941.5368205789218,5384.943556316805,8037.057146558567,8338.975478866245,6657.658455411611,4775.152917772999,3271.8622244350413,1733.2630328809305,76.46177558532065,-953.4315455567673,-991.2449223756813,-837.5127697312553
472.984944466532,-2578.779639500789,-6085.061208335271,-7301.992782312466,-5339.171749472111,-1997.381778529034,1552.8467691446435,5245.90799292326,8336.859659670039,9121.736009304987,7531.205050458349,5450.840733447538,3831.5316710905186,2302.9560281670388,546.3569817024014,-843.3378919341302,-1112.801371304557,-848.6793409200471
398.2973087499763,-2534.5380498912364,-6258.076908731691,-7947.0905907531705,-6259.225596786328,-2878.104809492843,792.7649830257616,4617.665869138826,8037.174449953422,9352.717461918,8043.667200533316,5891.469378029885,4200.561103517563,2752.518908228777,1069.1818637911729,-522.0080089435817,-1090.45157255805,-823.800032430762
73.47543958686389,-2540.468588676922,-6326.724312135697,-8523.48108670123,-7303.798998770576,-4056.945489881204,-377.63267761293787,3455.1510198352885,7035.432291217772,8809.570332124602,7916.923197637352,5865.278187293571,4197.06565164191,2903.5819673554374,1447.7736344355949,-119.18820041012043,-927.8410673392077,-752.2430597864393
-486.15719805116777,-2540.920046374987,-6213.84384896535,-8967.350076343115,-8453.659984155218,-5545.888831397085,-1958.1884068791828,1794.7334074406256,5360.310624908154,7394.722180625387,6903.10702881433,5100.706616507338,3606.912051835248,2582.0582846048856,1498.7132158699806,199.330370425375,-674.5768319944771,-627.8349178186895
-1266.1541143900226,-2492.351350792071,-5875.858247525464,-9264.271483885796,-9736.359759956784,-7384.163477734624,-3940.171290522154,-258.83202595017156,3204.7891373862217,5255.721680706951,4946.560864359127,3385.3565052683634,2211.5000481726147,1621.3579102905942,1069.227537565498,268.0600230700406,-422.0619776669738,-456.04956155000184
-2317.745100639832,-2446.8923507065915,-5391.905973600277,-9525.885348745598,-11282.841806222135,-9682.852533133399,-6352.228097698727,-2587.4581822402256,881.7205540270527,2831.7632444202886,2366.428752546649,762.7369178742086,-106.09964758754273,-100.1738309203879,57.88550786392511,-40.15778399459441,-281.3273190305007,-259.91904894071547
-3797.374442981919,-2606.261376064728,-5012.563860176213,-10015.69611010264,-13331.864819169952,-12628.807331235972,-9288.922496568903,-5136.365113293032,-1312.2044930485295,728.2778691868192,-97.9790956405302,-2259.0157037847557,-3175.7917240373567,-2569.5309748067557,-1549.5867732455667,-778.2081623606944,-345.58610556608664,-78.55027287164927
-5928.161205000948,-3281.5255093172163,-5098.472282946818,-11059.158079496607,-16127.77416432092,-16400.68194444858,-12873.390771836292,-7952.624581066167,-3257.944900999632,-577.5325005906177,-1532.5506338483774,-4687.049310223321,-6366.506534662707,-5510.768764034391,-3627.8061543908557,-1896.3264387720596,-650.4746070313704,45.80585298526455
-8868.09188312098,-4735.96613453409,-5929.580975679978,-12831.194574073816,-19715.13362006055,-20998.666522299525,-17137.67437255487,-11130.118508861351,-5078.722343648894,-1033.217546458501,-1349.4902683592409,-5402.917142976249,-8620.09594941644,-8298.965257138749,-5863.60963051595,-3230.2304499335205,-1150.7116696764238,88.08520953467428
-12557.582530524016,-6989.955996503861,-7480.304297393397,-15132.886159562388,-23744.254778403145,-26085.505039226573,-21887.407167535974,-14679.09021104486,-7030.870131970011,-1064.357144964535,281.3789705246502,-3818.6517449281787,-8857.491822293552,-10056.164833250963,-7764.104734655232,-4518.357046644081,-1727.3070914911627,55.69157749693409
-16686.37288451191,-9752.494101661869,-9348.908685619088,-17353.79453194693,-27470.12854940201,-30994.796812582143,-26682.777190895646,-18434.66293154305,-9294.943429920499,-1295.5085222593611,2475.4512165257215,-354.3043386329113,-6618.454606923183,-10003.2921772575,-8777.088535612453,-5458.69018480358,-2225.262174050118,-13.060627966369793
-20859.194739064253,-12587.530603751144,-10960.71071554479,-18726.77177089614,-30026.353505441664,-34971.716857640415,-31009.40091676444,-22120.833349558838,-11859.358308833851,-2159.9588632252508,4182.825794008318,3753.2647588702257,-2435.2077828308966,-7902.619946832829,-8513.093781283387,-5799.773790987489,-2506.091832273817,-67.53548893169796
-24861.6860391394,-15221.949163093339,-11935.641456914283,-18738.11212339604,-30822.138823232846,-37506.874121900444,-34540.83055484661,-25546.540620466156,-14610.264865819425,-3738.2599603703957,4775.018309846487,7210.590049521398,2463.9963233911644,-4228.184740018677,-6941.962245371022,-5432.0933818675,-2492.3680303348096,-68.21903429475549
-28820.592779796163,-17762.29351096234,-12353.84858719653,-17407.869399518786,-29789.393438139592,-38524.83617916653,-37292.22723845932,-28771.0916870702,-17530.731805847096,-5919.638118575247,4186.509727788946,9326.318771177368,6903.579393716815,137.9341234165671,-4394.3802288021125,-4424.9662537113345,-2186.312846030596,-1.1262688171210584
-33153.18869637314,-20678.69122312131,-12754.300939391067,-15279.54163050455,-27348.049849679282,-38324.21722584492,-39565.875118877724,-32110.62106938742,-20823.646958035177,-8672.494003966103,2617.860556917425,10068.397859823262,10304.925462318746,4447.396476355641,-1326.9852247033073,-2967.737073289407,-1655.7201440361737,121.97438275765887
-38394.74091456217,-24627.64380440462,-13936.942636609241,-13204.25036321816,-24193.356816602623,-37379.03619218265,-41776.96131496005,-36019.56246110018,-24892.657180135186,-12192.684603769776,168.7583715776073,9663.546974313851,12651.418015025994,8409.801834410675,1985.152001195302,-1227.2380191721213,-990.1010422874385,273.4923268965464
-45067.81342262152,-30288.80678053109,-16755.992192379785,-12108.956726178209,-21083.17087082173,-36165.40442258116,-44309.33682229431,-40974.40476330651,-30264.544120555696,-16901.37524143184,-3334.2368230364073,8195.869481280439,14086.082096789427,12091.942506464049,5593.25506529618,806.3686952477701,-235.48196568843662,424.15372774272674
-53652.26754271203,-38312.96178539402,-22024.484888294162,-12856.005239660226,-18688.050611122857,-35040.64177632126,-47429.65303997697,-47415.52026631394,-37543.47334322335,-23397.155051741734,-8330.460981561842,5452.110702553269,14560.430235388238,15572.9271612799,9754.247594818593,3389.3712813434313,677.627437764947,559.6875365981384
-64500.32532686056,-49297.18489256497,-30506.26295160294,-16184.639535816532,-17440.98110687672,-34031.974925985654,-51088.60290107404,-55619.066802282665,-47352.174305585206,-32412.43187698753,-15458.035285565007,963.2886960528188,13730.996580729383,18658.399475773178,14636.042015201761,6941.205150548488,1985.0950968107195,702.4540442699257
-77289.91187434325,-63472.23015346864,-42810.726111005235,-22678.752049895993,-17360.992867361118,-32394.963248653105,-54322.12891837884,-65170.428378190954,-60006.55793482082,-44647.0047322821,-25438.406730012903,-5871.040534408691,11051.40643325697,20809.6080952566,20031.076687990102,11801.96146071635,4069.8221951565693,937.1736307543734
-89506.70361124033,-79575.16636333459,-58785.284749012295,-32643.45531697507,-18035.492485777202,-28165.56856696755,-54202.93075449928,-73691.010695284,-74489.84723394911,-60139.56902569507,-38729.3196063992,-15557.253234539949,5969.59913168791,21273.012666760813,25228.89601683608,17903.920470107398,7313.652523287094,1424.5971382140647
-94081.3978361229,-92604.44456197697,-75859.62926086083,-45517.830983241525,-19024.745280160474,-18596.43766801864,-45226.52409198793,-75122.22933548017,-86490.24719769496,-76769.01034666886,-54615.25658495315,-28002.14850309093,-1752.4780751039186,19351.17328058878,29121.58465409647,24511.155458995414,11805.879367691203,2364.832934447467
-78390.13025017024,-91679.79505835385,-86479.53612319444,-58203.84195051333,-20329.813073029647,-2450.4646103731525,-21292.839727843686,-59620.447498737565,-86543.11242573473,-88062.69168952371,-69571.21734175371,-41539.65846399445,-11497.788266870904,14796.540489624942,30550.012646204952,30225.524834105905,17019.939318814875,3871.956383945812
-29245.808067633672,-62026.925794138566,-77190.36912946562,-62629.120667228155,-21431.77073984099,16919.492340854857,18226.676758800073,-18636.297017442874,-61705.66509521065,-82318.90196747823,-75703.20774261,-51709.53009990403,-21055.935816599685,8306.422685667003,28834.883413756317,33397.84293323264,21717.38525695586,5787.067252471695
53780.17674533955,4557.586241149927,-34492.66856223002,-45990.26663779185,-18174.223633977985,32164.715310218242,62186.48187252925,44337.40121000059,-4639.376608349348,-47099.61471975659,-61835.889108257295,-51012.740482858666,-26173.12956862263,1930.0880097312565,24327.46007927911,32876.31635227525,24329.32590728264,7577.442107505269
145701.9232742701,94705.6308587108,41044.08385252442,1027.7565289150464,-1529.8123760035212,39227.448632350424,90976.2826459517,106721.90794853056,73085.1227490025,19080.061525153193,-20225.93531103134,-31737.107336360776,-21463.982609981813,-1098.3348645390874,18656.386003704753,28735.41503873024,23760.171263502918,8508.055775259872
203276.22236969727,171041.67583946153,123946.948399256,70237.95623245096,34989.68543370637,44168.44885022774,92845.19396865655,137991.40270776654,138689.37316216103,96061.82678189334,42984.747075464016,7543.417136385039,-3524.189895879049,2357.563020286346,14288.63268254487,22469.767637446206,20118.537240394264,8075.8244527103925
196836.3560861245,195581.1331036539,174770.1234679456,132267.1982288324,82804.79806108467,57072.66661860545,76846.03406461317,125909.80634065866,159420.60687754425,148532.68791906585,104101.00006685848,56192.2214693397,24996.46242939672,13126.604893516876,13330.388357886588,16358.011956112083,14768.066796792038,6385.243212883995
137523.06352124704,161707.09176869126,170694.97930417024,155938.55250796265,118232.29825347198,77042.09414523223,62902.68155469652,88819.51653194819,131465.02446330138,152244.040438715,134948.04926468892,94319.19283388561,54269.448651515086,28117.015037938465,16174.030705421681,12287.952326950526,9574.260131556914,4107.956752592293
66760.01327251193,98829.79558645033,124335.58048544842,134596.6075065774,121887.30582292571,89916.76021004735,59605.2925556239,55909.52237519279,82434.62284779099,114757.9284196794,124656.20922338219,105677.87607270195,72148.719819027,41233.584595697714,21048.21810918796,10823.389963148935,5903.640084847667,2045.6444332523638
19433.350366222647,44058.85108578989,69038.77097272016,89259.82425390929,96215.5335266933,84149.04578876747,59122.914536141936,39952.239790676176,43305.3247054884,66049.77149135186,87406.53063711186,89622.5952142111,72198.2893231166,46881.89299161169,25023.768154751382,11148.01300707319,4097.065009555518,684.8126775265146
2395.348200561547,14615.546044226514,29976.459269337418,46925.78263722433,60284.61819090338,62986.327359879004,52025.94734322707,34419.14821305184,24453.449684349303,30945.157977035975,47760.53849517581,59840.009924996244,57624.6659791048,43400.45891232483,25803.460722086915,11816.058262723409,3647.0929522377373,67.19870986807905
3237.992656619643,6164.7640896586045,12003.13879919961,21045.925638227083,31442.448089521247,38805.38752040553,38342.90946220413,29456.456962823606,18511.873895449837,14705.001013753132,21326.725525263675,32154.355712321347,37638.839281376466,33543.09754457473,22925.392960744335,11661.44499475895,3742.6553791460824,-48.37333812044312
8532.419158084474,7276.217259370411,7690.482051593414,10458.335961531697,15467.200321220076,21066.543956561392,24175.783119596334,22195.835516279738,15874.319451603573,9939.911344464295,9399.436880195182,14569.986940883664,20558.652498680985,21995.358357439847,17612.46008956562,10265.427275920425,3725.4488452176515,41.095349575656996
12097.534383052427,10194.620757045628,8886.327449884338,8611.267727861887,9701.791097940482,11951.885784167596,14238.20899858742,14814.21268925686,12622.09299779257,8727.1001219137,6022.908244369959,6709.01270315925,9938.296457315517,12461.260156461796,11697.408742449017,7861.037406389133,3256.6601676618066,114.57580583284027
13390.403346841847,12451.005923624798,11458.94690153057,10498.713761645946,9755.582910145422,9425.223378754461,9499.837188207432,9575.803435616072,8997.986693578216,7470.887481511834,5627.164181514165,4697.343648671574,5268.36532266311,6449.994158954559,6604.008320827707,4946.615220432784,2254.7266561396486,48.805913707418085
13972.234805429161,14586.586615847264,14768.935762640916,14294.996114320316,13036.875094982968,11099.83361932491,8900.925485574924,7044.612234851627,5971.787838882068,5629.406789940215,5525.368291099421,5190.478565668556,4553.633846066435,3798.4795774499735,2970.0666793148407,1938.907572274122,750.7159168492427,-215.33477179699008
16353.504590050186,18723.732476357636,20300.83247218549,20575.390419783715,19098.64383862921,15771.548313669415,11175.67664980274,6652.106183549821,3810.5531177856915,3521.793537781266,5093.871966411199,6557.101020332225,6146.223478740512,3741.4784198378666,828.3473515580528,-969.9410780758617,-1228.7854405229007,-714.1509584018839
25110.730439169332,28735.50702619387,31031.433051350134,31202.923676227838,28563.464630089944,22945.791337877432,15198.109538250977,7385.21144097258,2204.2632470407643,1500.3230157216497,4676.981143195855,8512.434334896083,9233.064161312095,5566.33382448757,-74.24131168924893,-3772.802642409891,-3696.673727564333,-1485.0406740466954
46813.46020649476,49168.41789804936,49547.74405337541,46974.198883057565,40774.85396663661,31057.906971747954,19221.250896617043,8073.98053562261,1060.6968192760455,468.94804648169014,5459.577751860311,11645.425215360385,13497.164916707314,8531.349753424696,-241.98947920358393,-6587.050768188108,-6652.741639142895,-2554.447002193634
80172.2521519579,76426.9517085044,70563.90623418272,61805.02611818608,49922.17998541751,35637.53587153323,20922.69258956683,8838.359292576384,2561.0269686287575,3632.8121103214653,10264.008984061826,17207.38709539714,18332.15808489809,11008.83121020303,-1045.835429403671,-9906.159547340532,-10063.079218976047,-3885.921577096234
93055.5181243335,82828.88795407493,71669.58745010477,59485.69126303046,46679.736790382434,34290.769710806766,23955.78561670239,17517.01433550747,16187.958923457458,19477.490109633767,24501.221387231268,26568.177023097156,21514.066823617646,8922.17615530741,-6178.816329560765,-15631.882659771616,-14268.132958195598,-5391.277571104774
38693.3459197085,40217.05316143588,42333.32126188419,45277.393210048416,49173.92593764952,53929.48370331344,59078.7257929789,63615.89427431697,65902.03705378709,63807.52631101137,55273.83282303655,39363.77282855571,17537.085364842038,-5597.16892421256,-23101.29901635221,-28721.267144875317,-21227.559909981184,-7298.121603845075
30081.202065600133,69389.83332375181,107220.91783377343,142217.89511133364,172379.75286572348,195035.71180955853,207040.28168401262,205273.32917746957,187479.96989883715,153364.62660070235,105664.6177265647,50724.11104332342,-2011.7538874404572,-41999.493241945784,-60971.28391611608,-56703.91422213558,-35412.095279204776,-10866.397201516094
537382.2322752969,573090.3576610369,600989.5618636514,616912.4416267484,616606.6132215622,596075.2243144365,552202.1333704921,483652.4442477958,391934.7914248141,282365.95598095754,164524.54863211449,51692.26446145344,-41134.002870811295,-100715.61250439523,-119931.4649315039,-101627.9851433391,-60014.14822297953,-17877.194159623665
1875339.5192896777,1763001.9532691208,1641551.2705312397,1507100.9335065957,1356697.8648329875,1188809.477076763,1003896.6500972966,805005.6780878764,598249.1540541034,392979.4254073082,201409.45721006306,37437.55083767844,-85475.02237221994,-157305.6060872413,-174931.77434172932,-145202.8641982626,-86398.17501413163,-26753.661602175238
2986375.35010424,2681077.6807262423,2375367.9770353436,2069690.9793109042,1765274.1775619881,1464370.286408272,1170460.8369759843,888383.5692016624,624330.9274702236,385653.2807147354,180393.01845861282,16480.654408619,-99450.94789934148,-163625.48567225007,-176960.84410534266,-146972.64664177515,-89390.42010178788,-28995.600349143682
1962601.6043864824,1729127.0206025387,1499762.9052383588,1276641.063650482,1061985.9194070348,858135.0371313279,667547.2716887685,492791.1466728447,336503.3542451741,201304.24050415552,89653.99956860862,3630.3455451159816,-55393.918066862905,-87196.20587894444,-93294.4553415342,-77701.22260958323,-47853.43990897562,-15718.222221588667
-946573.64986498,-831589.8270717983,-718901.7294961956,-609670.1290742094,-505064.51393633016,-406263.7825776264,-314453.5866713204,-230817.6703094453,-156519.35481053172,-92667.89641730786,-40262.81565009777,-107.48703913488441,27318.67681014601,42042.16117082034,44846.192660483095,37607.28637560453,23736.12416070427,8742.906435162335
-2910508.8941354402,-2588368.952000652,-2268991.9288397566,-1954174.1864476595,-1646190.7615729973,-1347926.7836594624,-1062973.1873281403,-795664.0658660413,-551025.3638160215,-334597.52380179573,-152089.99792130876,-8825.71806579002,91058.13842597419,145666.87048434874,156641.28307275844,130613.43487667167,80681.71679060742,27678.88846862887
-2434166.3727604533,-2237982.4197336338,-2035224.9040200936,-1823431.4883432412,-1601183.932588935,-1368532.2189500432,-1127432.7588717972,-882139.2286621546,-639443.7103572895,-408626.35097224347,-200946.9148243669,-28520.824149624023,97511.0961739629,169465.1438707086,185965.79240057265,154589.90484885417,93443.38251070042,30650.403343471247
-964257.69299196,-962701.3573318954,-951574.3358888819,-926212.6858660491,-882304.1121707166,-816336.1031568252,-726269.4038217192,-612393.1204677667,-478221.43744196097,-331172.31331319374,-182657.52653032323,-47171.032601295155,59930.31577750939,125930.29140986153,144956.18535035235,121623.08341365746,72369.41304431195,22842.634130788283
-127939.33637287229,-177692.09059815833,-223732.34743243977,-263586.25572370755,-294196.42258898943,-312025.9350055101,-313447.93471054535,-295478.0061658362,-256822.98408680368,-199068.24650704255,-127626.64395306518,-51900.674443061536,15902.451450648172,63567.068121775155,82871.92701398158,73504.86045788624,44924.61528323846,14371.660724897964
-11144.061934400852,-25632.159502169918,-40552.74078069685,-55809.25416566031,-70911.65049568452,-84851.13842127864,-96033.1692021968,-102344.32679830535,-101447.96556846928,-91385.19480039102,-71467.62920139727,-43263.3632816372,-11226.633513449631,17668.045352279176,35821.508922689165,38336.6128966493,26539.4129240879,9383.46925939476
-79629.06046302059,-70692.72698480831,-61510.355375956875,-52234.96275358252,-43333.341646219276,-35615.76374985939,-30110.909847103372,-27697.86537291147,-28495.651305813368,-31220.390212754137,-32986.775745520106,-30127.36722668236,-20207.069140425756,-4409.643487147665,11600.683762169956,20173.10991657353,17176.734860064502,6777.244762469557
-89598.75177161764,-82969.2915836276,-74477.14208031594,-63552.40409828467,-50205.07080619526,-35348.90008079559,-20982.625957045788,-9926.423031312024,-4850.953795347438,-6698.973226278554,-13275.249584684789,-19332.039884735103,-19092.549696192516,-10369.549820099168,2784.290813774946,12167.200007202211,12031.032260186408,4888.95394836091
-58080.087780217145,-58952.446776507706,-57658.62533077586,-53219.69316612908,-45052.64894240707,-33447.3842189927,-20037.188904677172,-7848.234605564067,-445.91802680535204,-89.26023553012334,-5736.5376456974645,-12620.228698557166,-14723.34556898399,-9217.569592362257,716.5422877099612,8062.462416958597,8156.064412564742,3173.2115394433395
-30732.068402852092,-34573.32220592713,-36808.31673056174,-36528.26674467022,-32979.18539953651,-26018.606113041154,-16659.965706914678,-7293.46164538196,-1047.4989985575653,-133.9760359833926,-3996.190663748484,-8937.14172038182,-10351.554347860729,-6368.778919848972,361.82822701540186,4948.713566696074,4763.253602451342,1674.6539962268334
-17833.67555379053,-21059.50958051114,-23287.654022157265,-23874.660434617588,-22228.93913355672,-18164.589567126033,-12335.078665995175,-6400.689914489388,-2504.4233066117604,-2014.6290599382253,-4308.0272794198445,-6846.926667154779,-6989.97162517467,-4178.9840968171575,-351.7095694890918,1947.9946716564007,1831.6184847647528,473.3079857033363
-13766.422035920734,-15289.642842621159,-16226.209863132184,-16215.411862930328,-14963.126964002895,-12463.316376840023,-9214.29609337557,-6194.398294725202,-4415.291744049039,-4229.026076861824,-4979.085850039876,-5472.207081207932,-4948.986269360475,-3601.5463089915256,-2159.9128250608237,-1142.2825990276199,-606.335971730345,-427.213648851439
-12906.747322219078,-12761.845992600525,-12372.25399586374,-11666.591779439783,-10672.916519016773,-9555.667598580287,-8552.788212741472,-7791.978203185241,-7139.44955370076,-6332.11648901125,-5375.843353721961,-4720.574606134261,-4793.7730944523355,-5323.407959337366,-5393.2190719668015,-4353.162941063737,-2553.842510835598,-1052.4364871054308
-12148.270374013842,-10745.509080603584,-9613.57253760568,-9017.458881392971,-9223.258494588308,-10243.300662345606,-11528.045004326932,-11983.320194291811,-10685.15868933526,-7967.442103493318,-5659.605167454471,-5640.6016177835,-7862.503310551166,-10136.174173813288,-10154.168480188444,-7561.711343018607,-3988.9177390533287,-1428.2337243098636
-9593.238618948459,-8040.746734755503,-7667.598248375757,-9058.627937526375,-12329.694582654913,-16517.83871148255,-19424.113779756775,-18746.57577430283,-14293.59120968513,-9145.483414787059,-7567.683052932432,-10944.705613042837,-16164.28106610157,-18551.660565058693,-16067.83233810047,-10422.665906564362,-4864.336064612776,-1593.1765537929086
-4665.986243120853,-5694.453948189668,-9158.44744284803,-15578.2995659531,-23904.5458584872,-30901.173655105795,-32326.725912821756,-26444.249215642507,-17127.868864164568,-12005.168565828291,-15611.529949086858,-24627.924385876096,-31082.335300671843,-29818.527920583638,-21999.42533948715,-12433.564212545902,-5197.661526876891,-1635.655090774537
-957.3028685617936,-9291.88462209247,-20882.671343911585,-35044.49568529265,-47953.80781089728,-53359.669676482335,-46994.588596043395,-32418.421300044774,-21085.252133023576,-22945.177380410536,-36249.81275792243,-49042.65845432442,-50878.16036243826,-41042.35847163944,-26182.62253413371,-13212.114866426666,-5214.691061769856,-1734.839697793644
-9420.561939236204,-29591.63343081628,-51616.69997245644,-71830.60768380479,-82715.83431278942,-77237.83993501488,-57179.57520479434,-36996.32743239023,-33890.70908514134,-50707.07580141354,-72060.95095772462,-79774.2744392418,-68873.46351522613,-47637.356888019305,-27021.017707441773,-12896.748183680524,-5457.544038069349,-2166.3173546514336
-44671.195215101936,-75457.75796143105,-102704.91854309397,-118814.8664242688,-114917.3296544012,-90097.07173853692,-59601.60762346395,-47802.229429345534,-65447.32502555985,-96370.66211764747,-113162.60377377724,-103288.64156361569,-75439.09536153029,-45728.16371494056,-24243.612348639992,-12388.06786595599,-6715.725991676907,-3214.3131631480064
-109333.13145428574,-139020.96579185151,-156616.90359480775,-152777.47520554892,-124054.97080717295,-83756.52631814472,-60523.76996835606,-74629.06821924118,-113699.77527167389,-142179.10680402612,-136635.9911055383,-103450.79176128887,-64298.07243781786,-35132.68249673589,-19501.837273327696,-13101.382813355776,-9668.795906819369,-4968.934517775756
-178424.22038783313,-188686.01680687623,-180094.41702456333,-147282.75564302283,-99474.46464456878,-64565.80045398043,-70434.0102972589,-113225.37741022665,-154030.56653573105,-156949.92408702447,-121766.05934015014,-74433.50201946766,-38217.770643285556,-20196.370044642845,-15658.45512970887,-16179.19494382236,-14334.399685443494,-7114.366929622045
-208597.24809836186,-187859.15732359298,-149295.4473920623,-97027.87453018599,-53223.963737966624,-47919.38279121501,-87804.19878131866,-138318.80868009434,-153507.77663511294,-121776.61607616712,-69413.18006845695,-27360.094606682604,-8016.202259659095,-7273.836071923363,-15083.301625527623,-21609.668713440806,-19707.389615327782,-8933.335185179158
-173688.0125812001,-127773.82069759222,-74004.86495396579,-26218.838012010212,-10205.111224791042,-40713.01140889137,-94774.60591886356,-123775.61640369117,-102151.03593728288,-49841.81917514412,-3459.383226378003,17465.207335614734,14727.927904003198,-870.2844721391351,-18231.774395237146,-27946.43669754087,-24021.32511267655,-9655.3650910833
-89431.44063404315,-37488.56344372478,8820.103529214968,31703.480707852752,14021.462066412609,-35498.51433806915,-75713.13359043871,-69899.35946393028,-24364.357732560176,24158.777075268878,48231.082159897946,44878.92537315177,24436.19492257695,-1593.2795842018177,-23552.13744883131,-32952.3171276621,-25631.550695801223,-8943.702148989398
1590.337922023406,41351.28683915264,65558.14049360414,59672.32030149835,21398.57294201112,-23162.43626494002,-35015.4789496511,-3420.3962803124246,43394.78465337194,72167.47308726498,72410.3366398074,52045.80265965487,22580.804546600102,-6963.1895602760815,-28595.666633757693,-34758.18497363196,-23931.904621157108,-7106.853155978642
64974.00151489959,85141.450567459,86549.82448008198,61849.3489087697,21359.938183733524,-4273.082615700391,8349.949844155166,47481.787489522474,80503.63678036505,88059.82665617077,72661.44723462504,45126.35074111891,14224.893406648405,-13608.653425628767,-31351.93060090441,-32744.92934384697,-19620.76685731406,-4852.237971462043
92296.60761516856,95411.02497035352,81815.35696321655,51166.29212113043,20095.627060997314,13921.366639191365,38784.57897651085,72130.31916732233,88482.5578459115,81721.2366778438,59953.972615966435,32233.230692204183,4250.784224041591,-18973.165901185523,-30982.85441380734,-27650.728461239,-14178.64304183301,-2831.290305129764
93777.94299986806,86142.80628947556,66028.45565728997,37853.113317983676,19082.223026391992,26101.257659734198,52891.02090225962,75881.86416772891,79636.51094448111,66079.13658381229,43813.14633373577,19071.193236722764,-4357.297029326906,-21860.95695791378,-27805.208751967468,-21005.050989858828,-9034.176366283256,-1353.9463733750777
83329.08086829631,70340.00905287718,49132.81557099535,26647.41147578887,18276.10702806851,32052.34780491578,55590.80789014473,69069.24702232532,65303.384247229216,49692.04200995415,29320.02550354318,8251.342484813147,-10444.478406767186,-22190.002833677765,-22830.61869859813,-14354.84197847849,-5001.1894638374615,-401.5835931685962
70235.49073975907,55105.567031798884,35300.82406911711,18817.459812956284,17979.592396953714,34332.66959442317,53080.99753854923,59391.698895220776,51638.5854807105,36091.442946548355,18050.94163357631,343.7107647864642,-13975.046111946658,-20508.725328274504,-17218.639519300134,-8712.166953004578,-2209.0097058796077,199.57395016593608
58471.455293294865,42823.100702559736,25351.612661216375,14283.437002701852,18697.627081845552,35354.9047431584,49291.96652948029,50455.3529276896,40653.31007842625,25842.204990851846,9861.621808529417,-4992.368920153959,-15404.482691738069,-17567.879745242968,-11856.752938723183,-4397.218693750721,-365.3757151402162,622.8716988560512
48960.55490284467,33644.67886088135,18857.7072061542,12549.39157404955,20601.92795836499,36305.9020821512,45810.69778577687,43237.85249734808,32375.727624121526,18393.922521852506,4081.8229000375923,-8340.143803973806,-15292.060488949208,-14007.754502769141,-7157.0771555238125,-1208.6509417429534,924.2411900551426,973.7811837739162
41507.86060025107,27052.439608763627,15094.012067114083,12938.526815037409,23406.286786393404,37396.73571026952,42943.17101766877,37637.2187269474,26243.063207163606,13001.966623553699,34.59923406310537,-10222.26627387445,-14068.65655843572,-10167.797251689393,-3089.9834815453937,1260.8109585277923,1951.517191794398,1289.1664147664912
35665.454328983804,22414.0617151736,13272.94775921595,14638.197398709302,26517.36009343694,38366.8806321128,40511.51026296668,33255.30459626833,21638.719170310633,9019.501629644506,-2792.944911404205,-10951.463586156282,-11898.766831574974,-6068.383153691619,585.3127109515959,3338.54497273368,2841.1390505164445,1561.0219258996672
30932.50884039023,19066.24948577754,12557.504709050621,16740.91524115462,29200.898176653103,38776.952161007044,38172.37948038636,29630.251653144936,18010.40813485845,5960.995963200988,-4673.531824512963,-10549.677716863032,-8694.490200264274,-1615.1227254404166,4011.916239503131,5122.937163986457,3579.780488244603,1760.1962163233559
26774.180781097144,16334.879614435145,12112.455414884167,18348.341189161896,30721.567071368896,38141.272169155935,35515.37647846557,26294.445669912027,14905.05522384733,3546.078862101372,-5598.781290054226,-8812.780586073548,-4374.9722606108935,3052.6897334120144,7029.511761485491,6497.083382565969,4083.377476027844,1854.7306325491131
22710.7326147674,13658.757245262244,11275.36669011636,18773.44887597171,30530.176535910567,36073.66919858289,32177.677126029233,22866.653261131316,12039.785667684026,1731.854433730272,-5370.591461225878,-5626.819196647443,711.7650327010482,7334.821211727916,9216.388075906749,7259.481054726252,4266.954968551905,1825.0032386604123
18491.13490029131,10781.276841267907,9779.42861620001,17783.12717198085,28493.83165893509,32491.376718902397,28021.197961395083,19184.217258565237,9357.134611126334,629.410602241802,-3909.0547348794275,-1417.545133234942,5568.5971697132,10333.153927495909,10156.481975438583,7280.977871280391,4098.063135172577,1675.9316670961202
14208.847425176966,7846.151681238672,7848.841207627091,15707.385669111796,25019.866446926804,27748.709433794516,23250.823562318263,15356.642024373157,6958.3476147435995,261.77479794846505,-1622.460683790596,2687.4607554386007,8885.14799217444,11358.07192473364,9728.089412379155,6600.471025637395,3623.271663916336,1441.488348313755
10220.616735948517,5264.337508509278,6028.329202278202,13264.733880615053,20914.537994165294,22543.909725374277,18339.227113774887,11653.688905946468,4914.490763754525,327.24307188897495,538.4787817312048,5316.2682816316465,9786.696711235572,10370.721452918599,8198.418746901752,5422.281783534244,2962.2728671992845,1175.7683863649181
6897.785296430488,3413.33934156966,4822.970468440657,11169.022547220411,17013.517082265702,17615.432118745674,13783.563175641482,8299.377067212276,3113.939206544778,229.19793322995577,1535.3628809883305,5664.447177327426,8364.822640735416,7989.9020745988955,6084.604580809673,4039.4707187736317,2272.0853828685167,931.6457603109595
4401.464521277134,2394.6832550517147,4406.765034411354,9786.475312018287,13831.673070482804,13439.498326647146,9879.097289980986,5345.381527876283,1302.997890946107,-586.5042265689784,878.5567063667597,3957.0010988237495,5536.938050335173,5108.749107563268,3921.440610131638,2737.706098372215,1695.1934008483697,738.2684217583953
2641.201776502228,2016.9267303164972,4592.915446800835,9063.217142364605,11457.669938790788,10130.937746338346,6666.766485771918,2712.254664763105,-716.5977598999193,-2268.817581671409,-1108.4123167544158,1188.7947288748471,2438.1644005197395,2473.360855879283,2095.467583304091,1723.8248623799523,1313.704398287714,591.7689606201387
1399.0036137477557,1963.263988080085,5023.311136906379,8701.267230267948,9695.578222606491,7556.10238507366,4040.297577868822,322.08812768699084,-2922.352965873921,-4481.832409099166,-3576.343034195926,-1535.2652926592348,-114.30721780771796,488.39919085036667,799.4001199438906,1094.4081343704256,1129.2344948641316,464.49451590672817
482.83831032133776,1978.742820577852,5390.49828584912,8395.22914426133,8285.688163107017,5515.678110805232,1884.7779061244432,-1809.8658685321382,-5071.847676817095,-6634.613029436145,-5676.232150647529,-3505.9097303724398,-1788.2868128766513,-748.8745067336843,66.51008223269992,838.0115473894227,1075.0166416107652,324.60382008303577
-197.2170276222515,1956.7345413132002,5551.101103821242,7973.507049365378,7051.655259086021,3866.215118308609,146.9936928059381,-3582.251651339648,-6842.098613607758,-8203.933184695303,-6922.31880708378,-4520.692461820894,-2615.3472338771394,-1322.362484522505,-174.37890770022864,858.149958756977,1050.890667541492,152.49181650906138
-644.4591383326461,1913.8507698215697,5511.721578217102,7410.243965838832,5931.712606082877,2545.218734152042,-1173.4782253435624,-4878.106626433717,-7987.483519644458,-8932.843115438855,-7245.731176380394,-4719.974641493733,-2792.6416485516324,-1388.0987702875618,-56.130258257541186,1006.6104467523244,963.0654866862038,-53.71981044962729
-837.0325838840977,1910.0469995879914,5346.65988856333,6759.608349262409,4934.543603702304,1535.8081814715867,-2069.070274451099,-5633.092244331877,-8421.147759708158,-8841.019097653894,-6842.942074107525,-4368.989724504086,-2542.906714257444,-1118.006662107698,251.95055642044025,1120.5983921181476,752.6881518762937,-282.18160260418324
-786.1769044324401,1973.9042409294161,5114.9856190531655,6079.1431762921475,4078.331589395985,819.8653992930343,-2562.588125837676,-5864.119728926587,-8205.836455901863,-8119.287171906009,-5993.102803454906,-3719.2602373616396,-2060.1785973047536,-686.5123774451372,560.6265349350806,1059.6455751863107,406.5588827007749,-514.8124925613103
-568.7607918347509,2061.8767748059677,4812.905679455792,5381.1753986462945,3348.510340758615,346.6413116509377,-2724.3223694194116,-5662.739776653436,-7499.049644459997,-7014.281838758851,-4948.487844775595,-2967.5950446609754,-1512.452843275582,-275.71080638051535,681.8090729292135,738.7116898336214,-47.58150367198925,-733.502936390904
-334.09551560713936,2052.5959540179856,4365.683227975391,4619.605138132726,2682.040023413764,20.704444430927254,-2673.420806206659,-5175.892501776662,-6501.5236376121275,-5762.220142926051,-3907.6035815496116,-2271.620053335387,-1062.0950777305254,-73.87621685753436,465.2447888182861,151.9906671849286,-554.8321169211662,-923.4965883819557
-288.5555352743167,1769.9637139079125,3651.147166307078,3704.957960995598,1973.726477298139,-294.4202776195027,-2570.351562651596,-4588.085290855245,-5428.132479746066,-4571.475347906728,-3030.9206566711014,-1774.6956840380294,-872.7200997222111,-246.9777068775723,-149.91011615468898,-621.4954842607283,-1050.3342448380595,-1074.5724123326097
-655.075196742555,1032.7008010152642,2547.468430674347,2540.0072161956573,1100.9056308481076,-756.6389258454424,-2598.263182751436,-4101.702694684761,-4491.0071010571,-3623.2289701264626,-2455.6780154846406,-1608.7581674859582,-1083.3442392579136,-878.1501579077315,-1090.3981730422781,-1439.4007989718023,-1476.0298190120175,-1181.075670807038
-1605.4548877585278,-274.3196201578863,995.6255166450337,1067.9819271603048,-35.961006238007116,-1507.0282364291731,-2926.348926179064,-3903.826526340691,-3874.958665093056,-3060.761265293059,-2285.1055131224502,-1864.0349877591352,-1749.9299185058721,-1900.109047220636,-2149.0089590168127,-2144.030484041069,-1793.7262787471093,-1241.4118090137138
-3181.260505815819,-2128.2086994036276,-944.9287888995183,-682.2248648851653,-1466.5816780008208,-2618.956041243622,-3657.5640574422996,-4117.24180456578,-3697.5462750030365,-2959.0807807119654,-2553.5691437847227,-2538.6170018917956,-2783.9380371412944,-3074.6388304079746,-3054.3030670175335,-2619.2150166566616,-1991.392216627096,-1257.1724421915692
-5243.345694816965,-4335.381130805332,-3079.856954316131,-2578.132408601527,-3120.0375447970314,-4056.9061955537672,-4782.050057119364,-4754.062353010434,-3969.2507921989445,-3292.3058025800315,-3192.952501429708,-3503.195760901885,-3939.989670148125,-4064.490253655495,-3586.329651153431,-2827.966142141937,-2081.0920326389432,-1231.938834628909
-7491.711873052373,-6571.223403203458,-5124.632091913777,-4411.42495556297,-4833.2756376054585,-5673.648084095626,-6167.332951186651,-5702.596533835387,-4582.754169145071,-3928.461600076583,-4033.0145044416704,-4518.364763096769,-4888.316796708995,-4579.087592110842,-3669.604349025382,-2811.9644343109985,-2089.999251608058,-1169.9732371743028
-9559.22865578162,-8483.333686419395,-6795.480904485636,-5963.5333014066,-6401.867472664187,-7255.899001935832,-7599.767961569556,-6764.097364236595,-5348.076458987221,-4667.362543548505,-4848.689787113246,-5310.663215704491,-5347.158655597074,-4505.136990260653,-3384.3728977282935,-2658.1978151021917,-2048.689244166376,-1075.2060149521803
-11130.857243831617,-9803.778039824952,-7897.8327939128485,-7074.187582869822,-7646.866313840139,-8595.704873788816,-8857.297185269892,-7722.688287064137,-6058.832263147683,-5305.777552003825,-5432.524015437891,-5669.212078335989,-5196.605185592134,-3935.954252823363,-2900.027266283083,-2456.7469304898045,-1981.3776322274157,-950.8718023873714
-12025.851745252774,-10413.127209546701,-8368.327456765532,-7678.411690322306,-8462.518606058884,-9548.93805629397,-9773.727035640017,-8410.172697120946,-6553.88824793878,-5695.081130343895,-5653.44220985428,-5510.476051407861,-4508.007942730113,-3095.2339929861428,-2387.708612798275,-2272.259878033674,-1900.8596790206373,-799.8414091563238
-12217.429321818483,-10341.747206526723,-8265.162303807962,-7804.989280618428,-8829.63634532084,-10059.112831921771,-10268.837117336447,-8738.814035576972,-6748.907675922868,-5768.329334655796,-5479.455104164534,-4887.375192507762,-3488.904355850708,-2224.693238335513,-1965.0359783157967,-2135.9732962395788,-1808.2900554971352,-625.3630740357701
-11806.985909180838,-9732.287382259781,-7730.751786813291,-7552.464480978634,-8803.455840095456,-10151.517709253476,-10346.662021230439,-8702.408000139212,-6637.658159451696,-5538.070771544856,-4968.12197498171,-3954.291805170613,-2391.2561965472755,-1503.4547795958385,-1684.6604463596095,-2051.328990112057,-1696.1766641544334,-431.7621943295895
-10976.739509829318,-8787.764465406735,-6946.742208330087,-7056.9832046834945,-8488.438064703214,-9910.57787346338,-10075.148416724718,-8358.200382129931,-6274.4917163470855,-5075.8282436627715,-4236.964459646925,-2909.7284837704706,-1428.8519738889722,-1019.4181588176998,-1548.2438356514645,-2003.0318329862816,-1552.593816003649,-224.76296007395555
-9931.971455937935,-7715.108753612435,-6087.89623192191,-6456.2307193331535,-8004.927385688874,-9446.844842401606,-9554.78808902056,-7797.731974566086,-5745.781121789838,-4480.716158582512,-3422.810547781526,-1935.4772237017626,-728.1583483694471,-778.8970605769989,-1525.5500256166547,-1963.940498986959,-1365.3559271906174,-11.38656157966949
-8844.71101902619,-6674.906523829503,-5282.691135420185,-5855.567672402775,-7454.021312548723,-8860.356515743468,-8883.00203016586,-7113.351631757009,-5137.485160296821,-3845.525955590097,-2641.917388382273,-1152.080346348165,-319.8216989571333,-733.9658203950157,-1569.1941612086089,-1899.6693890981426,-1125.8255139201979,200.436291880427
-7817.348522865113,-5753.104908450866,-4592.819373255009,-5307.639836474534,-6892.958019303578,-8213.270756179083,-8126.681995504589,-6371.832735454875,-4510.072281346751,-3232.3732512364572,-1965.3894547884431,-604.4014689523552,-161.51445791321947,-810.8231998320289,-1623.8273091563133,-1773.4147999045522,-832.313460000448,402.4066779584109
-6874.475708770001,-4959.122254808373,-4014.1729047897097,-4810.017325958043,-6328.388273194838,-7520.918699953103,-7312.368866958587,-5603.758300097533,-3888.3844322467644,-2664.363605766663,-1414.548261420738,-272.8973712809599,-171.00153254387288,-929.4203553906423,-1632.0817655960227,-1553.2967110191398,-492.6341941077618,586.4475994298042
-5974.22829393421,-4239.77549130464,-3490.0484436407137,-4314.93208372495,-5723.978955053124,-6759.082018996241,-6432.445123232938,-4807.127388277063,-3264.289654722409,-2129.42593010071,-968.9398181981398,-95.13176032542248,-252.87134706185492,-1013.9083590617932,-1541.1665650073487,-1222.5085224842019,-124.85139057912369,745.2335932042671
-5029.9447090852655,-3500.6348535392394,-2930.207952435447,-3746.086069782764,-5017.19969771246,-5881.613715124646,-5460.829113442126,-3959.253934725754,-2606.939241710764,-1590.9453807697498,-580.2056327977718,11.805779036252574,-316.5903411028162,-1000.1184642023577,-1313.548578619864,-789.3801815020145,244.85386972101293,872.6158315729874
-3943.0603226430903,-2637.0002056924764,-2238.4599167036777,-3024.2886679797416,-4145.32502060957,-4846.278666921313,-4374.608566347086,-3034.236093488221,-1879.253228597148,-1004.634016023761,-191.15439708510922,128.8180159286694,-290.98832798247,-845.7631274112651,-941.164320029254,-291.4243455446212,587.467136451886,963.990600797551
-2646.0002674438674,-1574.138831937018,-1348.4866221863233,-2100.742361436829,-3077.9907706685703,-3644.5030944365935,-3177.2980628966848,-2023.319143670984,-1058.8488533248017,-340.06956039071105,242.02774627255258,313.6728491822787,-137.4561670054432,-542.8386555690926,-456.18974700678524,212.25652724681797,878.1432935338848,1016.5986329945505
-1138.9874038861717,-302.1928881060331,-254.72154150290595,-984.9085139197111,-1842.575756595948,-2321.431656454885,-1912.939009820361,-949.7405134059966,-155.22063134979328,401.457887389365,732.4013738869046,586.6717789965176,141.63671504441072,-124.92021462069118,72.15206854307601,659.9063255494841,1102.0015886647236,1029.5992555117919
501.41141376986894,1114.6030701311813,980.1698346029226,250.86801959766672,-524.8597446344086,-970.862885959879,-659.7519281805987,132.0487515144316,787.420252493419,1183.0106947801976,1258.0623497316203,928.8382163303559,505.4138751023353,339.7436220228078,559.8044206224467,1008.7069873297793,1256.111971029062,1003.8489780432815
2149.4921746039217,2561.8498005622446,2248.088380313728,1495.9627112975018,759.3425919310167,295.98752857309455,495.8081110689458,1154.1422467990292,1704.5564866338036,1944.7430117755102,1773.0187399503225,1294.2794662622127,890.5934395658888,771.3814886415323,940.3235705873823,1246.9972326146417,1347.2506431513332,941.5753796024239
3676.6273476794213,3917.792541495217,3435.479337724501,2641.105520829472,1904.8437114013475,1389.0083348665041,1488.4184903544929,2058.658771857796,2533.9622199151872,2625.497048452735,2226.9495738158384,1631.2537389750532,1235.1521055149847,1107.4137258168462,1188.0970970948565,1390.942759785261,1387.1067538654306,846.1209193173079
4987.417724024488,5088.65081529037,4455.957469806657,3608.2880626145093,2844.257629063776,2260.4086844950307,2287.6910341106736,2811.522620579603,3232.0294081773263,3180.2819156347246,2582.517527086814,1900.345335168397,1496.5531193346974,1319.729061207031,1318.2976279663003,1469.9192641359823,1387.1638906289427,721.6721001935962
6028.303852058359,6019.109031828905,5259.488898625728,4356.487421634278,3549.2862318379393,2900.1750841112553,2891.5295821364552,3400.437665456755,3775.9981231237243,3585.2264476444525,2821.2992028114577,2080.477804564839,1655.8042187471551,1412.855159252836,1368.0686876054158,1511.0027335347618,1354.9715583674015,572.9225367707302
6776.783612923077,6683.691121776717,5823.885693650906,4871.270907221727,4017.439629133939,3320.004365643033,3311.824522513647,3825.2485425764426,4157.1675045354405,3832.620959228213,2939.4744230549904,2164.801458787255,1711.7714155517394,1411.641061160866,1375.9955050539406,1530.6232359568744,1292.835968604718,404.86522897424965
7233.055811317334,7078.772135329552,6147.348555136699,5157.515838839306,4264.3245640640625,3545.0666665548697,3568.02830426027,4093.2714499534313,4376.270430542355,3925.7921505887775,2942.681257693126,2156.663435988384,1676.9197790273586,1351.2057493402199,1371.5349407502845,1534.2897038187111,1198.9441351332048,222.8103309108207
7422.707301733163,7224.468767858789,6250.363775975212,5241.77585624331,4325.968955565157,3615.6965408825063,3689.593624417095,4221.857055857264,4444.923798134606,3879.046204248761,2845.903538643626,2070.565809449558,1577.3383101357103,1270.7943183868629,1372.7397672955194,1519.9888323125765,1069.7244104739702,32.439905013698706
7396.321737428948,7164.603806098042,6175.374235572628,5171.108137065923,4256.234543300642,3584.0124349628036,3714.527230581693,4238.249754599282,4385.780797105479,3717.6078263717704,2673.5933053339577,1931.7232047368136,1448.7594018632014,1204.901214568369,1385.5447018210016,1480.7858458720098,901.9970205230785,-160.22204911854698
7210.569183508516,6950.230856586254,5970.703376296756,4995.509387807458,4107.569327006886,3495.884851529413,3675.7362823214075,4168.686950479318,4223.782565791776,3470.3172237773783,2452.5223672365846,1766.9580722136436,1323.2466687790397,1171.227349964158,1402.6600384390258,1405.6250986445157,694.5313056546474,-348.8280327536942
6898.939784807414,6613.070572683227,5665.294542394184,4742.369873729099,3905.739353428267,3369.3746376957397,3583.7746611748776,4022.945695087255,3972.7062008447183,3157.319482871844,2199.473721544139,1591.1297331133328,1214.6406169981856,1164.1110668247734,1404.7906209991133,1280.3854608695315,449.5634935696433,-526.7168833705075
6458.093199104318,6152.3141456544845,5256.527603129665,4405.5701404562915,3641.1250215940267,3189.4326853238313,3422.4358627041775,3789.1234413157513,3629.748196517901,2783.5296877990354,1914.6711629579106,1401.2072171279565,1115.280595027507,1159.4043703754019,1365.9965082408069,1091.4412297925323,174.41664010421206,-687.1281756641023
5863.402800984758,5548.012694552175,4723.0593633711605,3959.5487227563003,3284.49843578508,2924.0609138761065,3162.5155299068592,3445.108443559655,3184.623347610367,2344.501445062516,1587.519299449415,1183.2608009548212,1005.5186920402089,1126.7104931784784,1261.8116812546073,831.8494070620741,-117.6365433768396,-823.7069820414592
5099.064034836541,4788.449538885452,4050.3845737694064,3384.67597912001,2812.0696652810384,2547.510129320392,2782.5048878815433,2977.714900100975,2635.775271598322,1839.2725629051795,1209.145216632912,924.9408205720533,866.2138884688197,1040.9159213856065,1077.4553226236014,507.8740744685808,-408.27719217743044,-931.0484636623971
4177.378593839021,3888.0841668752414,3247.420533883379,2682.965819441196,2220.0973754125876,2053.738425999565,2281.4817746806502,2395.2500130557055,2000.6714900179804,1279.1513654190671,781.1793480937552,623.1642666010387,686.08913667345,889.289611893134,814.0019174105659,142.28670825265954,-677.025950565959,-1004.9913257038326
3137.842747874127,2886.650391796066,2346.0506203838513,1877.9356127177034,1525.0803033684201,1457.2452586080394,1680.077848357605,1727.8681918485174,1314.4116012081547,687.389518265003,316.6023754259395,284.99592903180667,464.47579689401664,674.7424351647744,490.65456522634724,-228.73447960703822,-905.4639648965256,-1042.7280591287272
2036.658017128524,1838.6694904363515,1392.602445700419,1008.2345762106877,759.3896716154266,789.4031370380085,1015.4751589868315,1020.35815725988,620.9184651125846,93.4753670417478,-163.45080688666036,-73.54409530378157,212.56554339330043,415.48770175640465,141.2362546021556,-565.7263846098549,-1081.5263382980904,-1043.0403173963412
938.7622097994016,804.9460053130595,441.40025473558217,123.73114259351897,-30.85399668658249,95.43582515715951,335.7262771336633,323.4943040480575,-36.429250431155054,-472.3312991815135,-632.6369794353825,-428.4659358304079,-47.831598280401295,139.95372936145793,-195.35958468618168,-839.2047503950458,-1202.1054866138559,-1006.6512984418387
-88.03361970598884,-153.3436802634954,-450.1766677460813,-718.5554089516859,-789.8722488056706,-571.2648382811996,-307.4583020751059,-314.4966172498514,-621.7983604934441,-982.8479543349895,-1062.6670469015114,-751.5204986493931,-290.5904221197621,-122.34842294376256,-487.19792365560653,-1038.6845907666673,-1272.3671953248497,-936.2273361244157
-983.1957848914535,-983.3003968981806,-1230.629647895227,-1464.7970246256496,-1463.9877926462111,-1160.965279352501,-869.1254945842677,-856.5130125759688,-1111.6298938324621,-1417.6476236667218,-1428.9933807288319,-1018.2621583274839,-494.5683798753478,-349.5792253687373,-717.3406650031627,-1171.820570262146,-1301.7904447495466,-835.7640248997805
-1706.186927813905,-1650.582700584605,-1865.5607986846653,-2077.9475585320915,-2016.398585708138,-1640.4306404048448,-1320.634204041032,-1282.3393565084075,-1496.3591754667927,-1766.0666578821767,-1716.9040966224559,-1215.6669436644465,-649.3924120676975,-530.7429121198363,-883.5026781077406,-1255.1026976472883,-1299.2183292136342,-709.8143609785463
-2241.4465073233714,-2142.9326366041046,-2341.967713806047,-2543.3797424326326,-2432.8311707239372,-1996.7046535247189,-1651.2820889027819,-1587.5887383677045,-1777.622950258879,-2026.6471144506982,-1922.6946556142434,-1342.4883510911627,-753.546185193027,-662.3353018448535,-991.5455615754995,-1303.667326002279,-1269.889585577559,-563.167519908948
-2590.5891134593044,-2463.0035734461944,-2661.0600423270707,-2861.0631290742267,-2713.0258223047313,-2228.965052842007,-1861.063232831149,-1776.8339881823574,-1962.16136044626,-2202.213573036325,-2048.0662555137537,-1402.0781750306894,-807.8133392992293,-743.3060394920357,-1049.835752440221,-1326.8263137263843,-1215.507390041359,-400.8797060431582
-2760.6209058299523,-2618.250080141298,-2827.3829585527046,-3032.9238097728,-2857.6662938645454,-2337.7530469309286,-1952.6970099270336,-1857.760511165348,-2057.0662808058096,-2294.611093726625,-2093.1005660875817,-1395.3646508027093,-811.480379870713,-774.3547596328281,-1068.8157380675716,-1329.4072827746895,-1135.8371554235482,-228.10341789683645
-2761.1471531806774,-2618.8357354145924,-2846.099250453858,-3059.188201649868,-2864.9939222054054,-2323.2646838626015,-1931.430835673329,-1841.5668452765944,-2069.9534831343985,-2304.237534871293,-2055.2513148669377,-1321.3890023974045,-765.1945072335432,-762.0374760153518,-1062.7482371748097,-1314.194389277775,-1029.8034044300202,-49.66132524749813
-2611.270862516255,-2483.6008985700905,-2729.700885429669,-2946.368792690468,-2739.5305933912105,-2193.1257158839503,-1810.9761677416018,-1746.4440603809142,-2012.0091486621377,-2234.3916256115895,-1935.3152067030207,-1184.0704390867122,-676.4704552917533,-721.3964163125243,-1047.5198724803536,-1281.9214378772244,-895.7589936712192,130.08040845955026
-2342.814429819566,-2242.1653330405375,-2502.521578979084,-2714.770379599512,-2500.3750743348814,-1967.8486095240885,-1615.0322595985995,-1595.8447565585573,-1897.9534466843036,-2094.558847583253,-1743.1709113240927,-996.4774333653111,-560.1039429896648,-671.001317098375,-1033.5426677034693,-1229.6245223787707,-732.1646514758704,306.7255200881607
-1988.8633200594315,-1923.9663666068354,-2192.4494691060536,-2392.744391402053,-2176.0124090256445,-1673.6591915313172,-1367.6403933587103,-1408.5274321983804,-1739.961918793916,-1897.2776145383732,-1495.6916544548876,-776.2457913296631,-430.714164801576,-622.3977551204124,-1019.6060435579523,-1150.4031244826294,-539.4478048487016,475.1656171087326
-1564.2718338015447,-1540.8433675191911,-1814.2473999946444,-1999.9723614979425,-1787.679295670333,-1326.7184931256716,-1078.858737886363,-1187.801239344946,-1539.936456597718,-1650.339770684965,-1207.5681253366172,-535.4358078536861,-293.45924240495265,-573.2324563215262,-993.6470405380998,-1036.0338144657608,-322.0626970489142,629.4004515276467
-1057.7476934586239,-1080.8133765709817,-1361.1441299121366,-1536.2028196776453,-1337.4740399257503,-924.1974800609594,-740.1114582032783,-921.1080699110489,-1288.3169684152667,-1352.2654719652105,-883.9311846641333,-274.6872335043156,-142.18196881787276,-510.994470461797,-940.1635996889942,-881.0632688671687,-89.01222592321074,763.1471648070401
-447.7168550500117,-523.4071685487604,-816.4709984611148,-989.1689062053131,-814.9458359784059,-453.2464764989259,-336.5160066169216,-593.1974364389278,-973.2524372267325,-997.3042982337852,-522.825042061595,11.885687291936847,32.035120360692304,-424.4633089069135,-848.7722036412114,-686.0575282377094,147.750763293489,870.8907817138353
267.48011474240207,132.5944858327222,-178.95061208645515,-357.8757937180774,-218.8655783475379,87.50751518365513,132.05041070269192,-204.0946390412207,-595.0162484785694,-587.745685709677,-126.40625739390393,324.5393507895307,228.6526716579479,-313.2549404731544,-718.9179435490328,-458.8372625197816,375.9104322100012,948.6767188292868
1049.3592537093753,851.1072238034494,518.676463588782,327.9006598507603,424.0881704481257,671.7517600965289,638.2916181578147,221.81251867445528,-175.08196117602756,-143.8839691139925,288.8315383262012,648.8267127247,432.16948554160615,-188.73162130952912,-559.6881809543277,-213.7743066491546,584.7733578013252,994.1385477982666
1827.25623832946,1566.5379252243545,1214.5584769685256,1009.8145629684077,1060.923355093161,1249.2875883289041,1134.4479534516117,642.9641302731055,247.95588509648292,297.62697353443514,692.5304070360545,957.7225924055688,618.0328101273112,-67.4618629753407,-386.3183878881667,30.75691147233175,766.0905196297706,1005.9281838990564
2531.079557922087,2214.0034913348964,1845.195716720847,1626.0468400247332,1635.466478034712,1768.904930357865,1574.9025156890577,1019.8154540314151,634.5065603329289,698.0870127221432,1052.932651724019,1224.1385880035823,765.3997809070954,37.04114125277766,-214.9616006316408,256.92546846133075,914.3535041508226,983.3285725584319
3126.222848054768,2761.3400242239322,2376.879771604168,2142.241645712099,2116.980926764151,2204.3493717038928,1938.6756144769863,1333.5253811799262,962.3513777443789,1034.944651608049,1352.8488086176462,1434.8815111734198,867.4156561637758,119.74544486767627,-56.952352273596944,453.0071749278562,1027.2796691727083,926.6519116707807
3625.621963971885,3220.192417643109,2818.5128799980475,2565.620811863416,2513.0712734923986,2564.4329125508852,2236.0265120095723,1591.8538184009371,1234.9081805327364,1311.0257244966904,1597.20519593062,1595.809282646762,932.3278758814037,185.04120795116785,85.14268554556577,617.0044966390466,1106.1854151510083,838.0606368129564
4069.4690511354934,3627.475816039171,3205.5282184166344,2930.81180274345,2856.361248799667,2879.2066299328308,2494.2557443755627,1817.8752689129392,1472.7848650495243,1547.2240485868326,1805.7968003159,1724.0854574937118,975.4407299360748,243.05219755907626,216.64262382035622,755.3015815030208,1155.15120812539,721.7717354243844
4485.603193444583,4008.94842856012,3564.8970431706293,3266.177125984577,3173.318754297369,3171.0387051473626,2731.9080813064897,2028.1209769673226,1693.174437375744,1762.7377228062978,1995.5207551912335,1832.5776114698087,1007.4475731784305,302.3533646382833,344.33768166456287,876.5603585626066,1178.501329866186,583.1648061925209
4858.136863000424,4350.1120040475325,3885.755194313655,3564.615945860726,3457.411311874166,3430.8781478642572,2938.9502676925413,2214.5842794598184,1891.192060851121,1956.798346080585,2164.5097252973137,1917.2944488492185,1026.2973049680281,362.55917111963424,468.6055916045834,984.9606447866278,1177.7703875532493,427.5258168204359
5128.228786130773,4596.629689653148,4118.322531781383,3781.4956777202506,3667.249300852259,3617.7397302352856,3077.594930287315,2344.1381166645892,2037.7261487760825,2105.9601594575106,2290.06761635394,1957.1495446325434,1017.5527735350349,412.1183955816483,580.6364166397436,1077.4742647698013,1150.293499614111,259.5197523699742
5229.882120769038,4687.253182277691,4205.037876792296,3863.910791274343,3753.364021125176,3683.9855205923836,3105.1957950103597,2378.1831594393648,2097.618819050314,2180.14898905335,2342.897087565125,1927.0192275639888,963.4888583744546,434.5481559959809,667.9003352113707,1146.500348976899,1090.6630590969435,83.59855978414454
5138.093477567213,4598.506153676512,4123.895284142394,3791.8845362979782,3695.9177027094015,3610.102699051564,3004.901439607513,2300.644426520635,2056.5344944038698,2166.3387550146554,2308.1491338732103,1815.5462724305744,855.8489780490831,420.1523183758279,723.7948169294702,1185.1325984500172,994.2035937948658,-95.38797133485801
4894.698489367786,4368.94909756994,3912.2303622183554,3600.860837230087,3525.5717125573037,3423.8961750094727,2802.43825956444,2134.297550362401,1936.4638113422805,2081.9975751377797,2198.093949310799,1635.234563177403,704.0643013605531,374.79603601398424,753.2285190051427,1190.9497870222854,860.1546763088843,-272.0330434984364
4589.5720997567705,4082.0238100306624,3650.1638896569116,3365.8227046236216,3309.6580508846455,3187.969279208406,2555.017905213986,1931.377037516998,1786.2437580203407,1967.0782306979604,2046.4246205764994,1417.2477739859723,532.5938625583184,318.1146256955768,769.1532965277199,1166.0170168217915,692.6760148133812,-440.6001122877907
4305.182352097575,3814.649954082153,3410.7768046773513,3154.2959362693136,3109.9729650792547,2961.1268823845103,2317.1186504719713,1741.9357493076361,1651.267777389307,1858.7846846167486,1887.0841937803605,1193.8073617135487,367.8280761635391,271.1505024174737,782.8390052342694,1113.8371826318803,499.64095785585374,-595.2387574718416
4060.1615653627514,3584.6421022561058,3209.4501936267025,2979.2691867158132,2939.9605295336273,2758.84697809012,2105.051682961179,1580.336672006327,1542.6763270019374,1766.2300675159436,1731.882720901393,979.7910809218022,222.56936853919092,242.00966887277184,795.7015114763792,1036.0199455405748,290.6986017093085,-730.119666922935
3791.969067825299,3334.3095475324203,2988.6426989904103,2785.889505564495,2751.8969844797125,2540.8154996106628,1885.1065256248316,1413.707690325392,1428.2993176097998,1663.0120892398443,1562.7623432965877,765.9238182546524,88.76954154559405,220.40432055412958,798.6296976435237,931.3070463936399,75.92979732735257,-839.7919156215678
3395.045774780007,2965.6630167331277,2652.607155154125,2484.6816055315667,2466.046658255292,2236.783153454589,1595.6856971716588,1182.7124962230782,1253.5044724102493,1504.1076679153748,1345.080767078311,528.3733975117937,-55.63286622070518,185.65656856020735,778.6403518574666,797.7297790933303,-134.87360380783738,-919.9114670445903
2794.2165943184505,2408.535486607694,2133.3853687123164,2013.0668299755737,2025.934833503998,1796.6084304651304,1191.4398808340502,843.4193846268731,979.8169429359115,1257.4117350888853,1054.178283640168,248.85202228238703,-229.3347690323643,122.7510640552733,727.9008085024259,636.4623090982449,-333.00703280719347,-967.9550549353577
2008.0651637694345,1679.5611718849184,1447.2491829027344,1387.0350837476283,1445.5270400411905,1233.3390523389266,682.008126794255,404.10035713843143,616.7999827938102,930.3304264749635,698.259836982453,-67.5224244622107,-430.821689010118,35.132734499090446,649.5714315816593,454.69758009107886,-511.84195859266174,-983.2806260707956
1160.6518261170854,893.2689481812434,704.5827369043719,709.2328445225803,817.4572754447144,630.9979759133722,139.94849237100348,-67.33247135355191,226.36511102632622,574.2673627409602,322.34840771472693,-388.1617255327705,-633.4566172304352,-54.58938095371999,557.4575847115865,265.27617151334965,-667.2736076913727,-966.3665646884591
430.52842040245764,214.92934074301013,63.895588183758164,125.74094125347358,274.580326329175,109.83318273291894,-329.186640830698,-471.869246,-104.3473424790003,262.9766193843785,-10.336046462112819,-665.9778798686441,-796.6139857586785,-116.36719035552845,469.8421637146091,82.74177464756013,-797.1238837976327,-917.9072747661496
-35.57543846717206,-219.4982793212796,-345.15751032444234,-244.9070218876015,-74.3785001633722,-232.055953770687,-638.401278976265,-728.2654356852775,-306.109056344866,56.580882860502584,-249.10140665265808,-862.2592059524059,-886.6690735887871,-129.0879204740945,400.71536503375256,-82.03947861753994,-900.0762884249614,-838.7362306049873
-194.86100858371313,-370.33084001198495,-485.53982498756926,-369.7517021228532,-198.1393855779318,-366.98306175157455,-762.5942545144353,-813.7358627981928,-361.68918583009895,-28.025418270058026,-380.46493386961686,-966.1213734242618,-895.0427144566825,-91.44496898416315,353.0851402503931,-225.34831751078465,-975.2254036566327,-730.7836886915967
-124.84448504981162,-309.4221027599393,-426.68891889356007,-313.23889211816413,-154.45025645347158,-347.9135808411696,-748.4531040437632,-772.661621960736,-311.38419148921093,-23.215902987487368,-432.314819030164,-998.9842556142576,-842.0372041161784,-21.310476827541095,318.2161295409182,-350.08645417002265,-1022.5386264520411,-598.1288044480178
24.380688993690086,-175.8308104928543,-301.3887931431517,-196.98541542447782,-54.011202921858114,-275.5192648266319,-685.6134645080165,-688.7006674008579,-227.58520395550215,10.052516966708708,-455.6764644104012,-1001.3407888935785,-764.060579140975,55.137582107748756,281.3834125419918,-462.0327181442241,-1043.3456268011312,-446.94051901851753
112.97521747266686,-98.81516411015392,-231.79862042031027,-131.87717318250333,1.3301768482833722,-242.21040369993983,-656.5502364787613,-637.3283557801262,-173.9530161374194,17.019745139501424,-495.5194106791375,-1009.5744175755633,-692.2528530864522,117.63303779732678,230.7443617771754,-565.6165038646965,-1039.7450108585729,-284.0993291913595
81.55049506694358,-132.55133338247592,-267.2732821361408,-161.6075025254775,-29.608849446213128,-285.52989432127214,-694.1963243309594,-646.5016565370942,-172.79047986485102,-22.35971958155193,-567.6644951957392,-1036.2720359875334,-635.6357852939634,161.35972084946349,163.95835712544664,-661.4630199365472,-1012.830264040398,-115.52206809356738
-28.569930261119076,-237.37636688234494,-367.20013984428203,-247.7665680261277,-113.22691726721192,-375.663065966481,-770.1044375909372,-686.8180592852193,-197.97705506879447,-86.6537137191259,-653.887171598915,-1064.9829070405754,-578.5208843731562,197.14878383808542,88.77043477444005,-746.0922726143607,-960.9546940764396,54.5757317446328
-111.00180536314014,-313.23291921598866,-434.03156384576096,-300.7439906834628,-168.789666102447,-440.36283583617865,-816.918544096151,-694.0889851007767,-194.989052270078,-129.66117295990222,-715.8209805334396,-1061.5231616877084,-492.6293114103187,243.184178314169,17.85195294389075,-813.0136985803275,-879.7150887610267,223.1222900920818
-60.03056444227179,-261.275153729879,-373.12877894068777,-234.6623895461299,-118.07713627353866,-409.34951731738965,-769.3588854471777,-608.645985243919,-114.19445367378802,-108.72157894679538,-717.8430749610221,-994.3899835183772,-355.5363084654543,313.58738227433025,-38.22175813042895,-854.6697803333412,-764.4370013610595,386.95566862552477
172.89483725085114,-36.86031364848226,-143.8109563767112,-13.68174406788853,72.64897872852828,-251.7453479907446,-599.4233653715012,-408.0032060666879,62.237971626708145,-7.6067234403589055,-645.6643504042527,-852.3519725192457,-164.1959809370589,410.400255258548,-75.44901851345466,-865.069662790679,-614.1720676197081,541.8000723855163
560.6198689663975,333.0969259514861,224.533024196618,333.9844673700044,379.7316714275731,12.251233090429125,-327.80614478783485,-116.07368277656201,313.42472153215726,157.5732018181937,-511.71833878332825,-650.019588960003,63.45302370660934,522.8427022242994,-96.5196705477921,-842.5255299731746,-434.8110505784872,681.9798994490524
1023.1309701807072,771.8199346344596,654.50110031635,736.8572385688856,740.3755400413298,327.1929984660239,-9.07909779780482,212.63400166331732,593.5121579980175,349.68901812245235,-346.83984182821786,-419.79301396761207,298.01886970920714,633.1387767397166,-108.01497758582043,-791.157351455752,-239.0569168708838,800.9472377914345
1472.1517289233789,1195.0793721612476,1062.920996067866,1118.9801696918203,1086.8425684590293,632.3509831953663,297.318747561217,521.5774664622121,855.3985013639395,529.883348142073,-184.79139700120493,-196.07071511195517,512.4754830380856,724.638009921902,-117.36493723115564,-719.9086568577944,-42.79034249626832,892.4244681808095
1849.942320158464,1548.306301310892,1397.6734067523462,1433.2264683628362,1375.662310023264,887.6215331562223,552.8723751716905,776.5077054367483,1070.3026941728856,673.2236363216371,-48.437326927407696,-0.80975061241611,692.3214542112215,787.4684375944947,-130.99212378676924,-639.0334934933046,140.39568522718258,951.7647083177045
2143.801532439005,1820.6592118348442,1651.418251140184,1673.2209192041225,1598.0640319998658,1083.3641462950145,750.299081860336,974.0314949787821,1234.0990659625459,773.8333688542683,56.33528040474505,162.60476437466622,837.6399923214424,819.408578821014,-153.2289403867364,-555.5829779698545,303.54825556973947,976.9366783364253
2375.2275596943114,2034.6679397253731,1850.5968401517437,1862.816678847962,1771.1785505247672,1233.565861163934,906.8443242329106,1133.5547514913642,1360.4224512518097,840.0881027739078,137.9913545951515,305.6393201523467,957.8248074000172,823.0714675611564,-185.1412561290976,-470.259698908064,447.27467390593347,968.5615210830371
2576.683284921564,2223.4817592590853,2031.5184352618005,2034.2705228058037,1920.089566767475,1360.690668451742,1048.1938298627497,1280.6389099581093,1467.6788141270208,885.6234751270187,211.4400824479319,444.73498958564653,1063.4385637939613,802.5133711239762,-223.42104297475925,-377.5404052564194,576.8743166917534,928.9116910463366
2771.9517717164426,2411.038592389449,2219.0558450184335,2209.368068865743,2062.942285425725,1482.458139204282,1193.4023015871176,1432.2886385863296,1568.514256797339,922.2045147782334,289.76052730492074,591.2722116827772,1160.1460347801246,761.8328232790552,-260.53005685130097,-269.3626357802314,697.4440974458407,860.5357608266695
2968.8420450497947,2604.0400624313706,2417.558890410394,2391.9837821775623,2205.650647082438,1606.1989083938397,1347.561445156409,1590.7832540782767,1666.338085653466,956.9952269305522,379.00645477683383,746.1041825818695,1247.266597521571,705.9074146857814,-287.0219008938734,-140.7138115426955,809.7621633619405,765.5422975616693
3162.5320042867256,2794.8230620893733,2613.9579765033673,2571.51265691071,2344.687573304661,1729.8974347827198,1502.6644467510528,1746.1593437077493,1757.7894553884837,992.79157359971,476.82218932693377,900.0351799916648,1320.1613854053223,641.2064519176075,-295.5692879776712,5.808277259112856,909.114244527108,646.0704255124765
3341.80791125929,2968.213726430746,2786.5586470280355,2730.734975606114,2471.8872617080374,1845.3953675094776,1642.8384032782772,1882.8832800337261,1836.6895251460935,1028.3362276625269,573.7466520312187,1038.5229044037897,1373.6142492464228,574.5071374853696,-284.81328150360514,159.16902061716135,987.3480389179003,505.427493268975
3491.8813441242964,3106.186414133977,2912.830430662307,2851.8452394832375,2576.401159470149,1940.215764148288,1749.8455901641373,1985.8171698365,1895.752689132963,1057.4171350694514,655.939244922472,1147.5495880111655,1403.606091487442,509.4269171884384,-260.80359527685965,303.6690761670893,1036.5721966351734,348.7521255807312
3593.383541449761,3189.139273028134,2973.6154178546617,2918.658303982807,2643.603139246755,1998.0051251486937,1807.150689590354,2043.2120058646096,1925.6547202777042,1068.0463102233741,708.8102820103852,1218.0474299095463,1406.7568656559479,443.12085524575355,-234.82057929437843,425.5379435648285,1052.197971685082,182.47916227494983
3621.9422450658253,3196.870247763629,2955.239086195707,2917.124929988217,2654.482798051385,2000.1186430437294,1803.0718875841235,2047.4121476448267,1913.9487198213997,1044.0961764371498,721.3322023751091,1247.6075227677438,1378.663951065872,366.11180891612673,-218.2351470648838,518.6815221253246,1033.7153618236052,12.93588010340537
3552.78768142892,3112.630280615154,2851.972755851007,2837.2343976033612,2589.0960822385746,1930.3705232083385,1733.82801364018,1995.1623426169015,1846.6893216079106,970.4245045504592,690.1912080452403,1239.6115025873064,1313.1764351091242,266.41265173371517,-216.76488834447468,586.2045128264601,983.1273777806359,-154.89257623093135
3370.650501086263,2930.376474408694,2669.3186969022668,2677.197942720684,2434.3843214447606,1782.15807054677,1606.036482548619,1888.6454886589179,1713.5403454108023,839.8929074043444,622.141558089873,1200.9166838288943,1204.0177556414515,136.21762956100946,-227.0636019226576,636.9122092527202,902.4557215630737,-317.57403117534477
3080.3526845113383,2661.5849188251354,2426.0469433987178,2447.7989579428777,2192.839459270909,1564.4601106001164,1437.0342461782482,1736.8034206530406,1514.3091445872874,658.7952883613445,532.9921213662235,1139.5307063038042,1048.5908077511153,-22.431319625444075,-237.6164893501537,679.2299491870847,792.3668895191852,-472.3419970369669
2711.6035276478206,2336.7641826184126,2152.2101025986917,2173.464042476616,1886.885389157822,1302.749232293022,1251.6207219159521,1555.496677444854,1263.2432998709194,447.42908830346425,442.9522311415411,1063.27446838995,852.1608824138525,-196.22813342759912,-233.7717531569067,716.5195451308308,653.2496541431599,-615.7452842790866
2313.9348173516646,1999.1211480314637,1882.1975749146893,1887.9396669693158,1555.5497652697538,1033.1063881010728,1075.5236695005092,1365.344176366421,988.0707338170158,234.7955079583635,369.9528253240172,979.546486990338,629.8485917813172,-364.38534080101294,-204.4880891026712,746.485916321943,488.23062289729546,-742.7034131155847
1942.83360973405,1692.1242144321554,1644.9433470727022,1625.463499111597,1243.8948870229103,791.3954585615184,927.9080900329305,1187.3465718946713,723.2530804825361,49.37725373178705,323.8280793265519,895.5193860292728,404.5331773233785,-505.8532048172773,-147.31817296688075,764.3279234954421,305.8267503022646,-846.6044509548007
1642.7011678091224,1446.1424941633657,1455.436342947149,1410.9110480606573,989.3408534534512,602.0107910183758,816.1022263270656,1037.6850866868672,499.77842842386036,-90.09792120095551,303.9551038312294,817.8705894141997,200.668432868635,-606.6141487409528,-69.05653451356886,766.8465918878796,119.69192986817549,-920.5688645799854
1433.6653322061875,1269.8218722405577,1311.262536056737,1252.95946245315,810.4054080689566,470.90547197644497,734.7350864022317,923.570137543054,335.4943124346564,-180.0749266079439,301.1673742779096,751.5543182161955,36.211874286380535,-663.9063521873737,18.045041676958917,754.5229723301284,-55.28262876851544,-959.3958530010848
1307.152040475248,1149.4112100475404,1195.422128411125,1142.7708808050083,702.0774839040288,385.45621701466655,669.3239827898888,841.5663094294314,229.77199589848436,-231.82244360682893,302.583875384368,697.8957408071626,-83.82442722765248,-685.8661445332508,102.06003023776366,730.3848565084191,-208.5866622235329,-961.2422649534443
1231.2167306381389,1055.6859502784273,1083.8589493307404,1058.3121632507466,639.1710101877934,320.7034346962846,602.4460078242054,778.9369165173571,164.5487905671182,-265.8799658956309,296.8008173968564,653.0121655396681,-169.0573265346875,-687.1229853581833,175.7994419870112,696.7509313952296,-338.00910951476124,-928.0710597236747
1163.1682185605182,955.4637156460547,954.6481191391609,972.5921419066818,586.167103420973,249.26210936441237,520.0396606502237,717.7641337636192,111.43824031261236,-303.7279737595141,277.31414390450806,607.8438934209081,-239.4815126583602,-682.3943861849758,237.74185728997026,652.2285771930881,-449.3344834436356,-864.5208411158147
1065.1811684065158,823.8401500938443,795.993175221078,863.346087165245,510.23080083067816,151.47628081192948,416.0909842749712,641.0315854496974,42.51426940377792,-359.7007909958419,243.56622963121703,550.6612998935701,-316.7927892951182,-680.6412623630807,289.8692126409096,591.1465980270692,-551.9359037918935,-775.8220048666478
918.2800629766127,653.7517577015744,611.2653774915221,721.6693806507953,393.41620518064894,22.8898288096363,295.07355961298487,539.3075337558525,-58.86923060626387,-435.63305493128337,200.4320451230668,471.8249558246503,-414.86623026051956,-681.8635191229303,334.7299731244003,506.229319178416,-652.8333538044373,-666.03753096484
730.6750774040199,460.42003312295316,420.2373775986904,557.2770952571905,240.31538604256684,-122.88480240224018,172.13408427507366,416.07052352310586,-190.98539920662088,-519.6333721530837,157.3074285000946,369.1989950848081,-533.4106096952042,-677.4610802917098,374.08362706859765,393.4346872256133,-752.4188545029187,-537.6696558548225
537.6673727884427,279.2505730685017,256.09040131085175,398.4265645257369,78.46828728737205,-256.7318281926114,70.96775273672499,289.4391156605534,-333.05034060899237,-589.186995811593,127.20101220384379,251.6748746902581,-657.4300452984556,-653.7282239367769,409.75151648805956,256.36387732109,-843.7370580049103,-392.6711901347557
392.358485979083,157.0630201902543,158.1738626898653,285.5257861698291,-49.21969250172464,-341.6808917502094,19.177608919484413,188.68569276124654,-451.5348595231073,-617.7008079085199,125.2216715005818,138.49096014542476,-762.6046757234798,-596.9767420643082,445.28020302421635,107.43606132986955,-915.1416447252736,-233.9228189198782
349.1460375196538,138.3311221655891,161.43682090131352,259.30949379645136,-98.24521673935813,-343.9254638817526,41.32882078066564,145.64035279225592,-511.5482989216346,-582.6941913619223,165.60076384846172,53.65208714649327,-824.2624441446164,-498.3704405417092,486.30487166738675,-35.458815689595184,-954.6676598993395,-66.04586632125024
444.7443487135032,250.0628192288407,284.8883759268698,346.7203138398504,-38.25033324453706,-244.2152227726172,150.98274155907706,183.3550250260366,-489.39094331357796,-473.287237245322,257.2167354894174,17.117942511378658,-826.3354702886209,-356.92304613818635,538.5280056607454,-155.54027521691143,-954.1107573215431,104.93014594253575
683.0487597416395,490.1704143535793,522.6522131810277,549.2230428191301,134.65247653593718,-46.012073691695065,344.1245589552592,306.0756133060878,-381.7960195698996,-294.7033154918423,398.9234479941681,36.28876121145572,-767.0092452170239,-180.0364754162242,604.080184506373,-243.640021463516,-911.3356514925827,272.6520892475575
1029.6106158691919,823.8346615437085,841.2730340699593,838.2205319779121,393.631283321786,222.65020833412066,596.7550103315496,494.6751301422729,-208.5074984387004,-68.28850787360156,576.8488246647743,101.57774166930379,-659.3262558971857,18.076235010450105,678.3158625424065,-301.27455459990773,-830.275625018533,431.45825328002314
1418.660010915519,1190.2072653181467,1185.461569137317,1160.2304416503005,687.0507975833028,514.9105049234296,868.5250885541452,709.9873375154159,-7.204869031585588,173.15617254517062,765.566204198404,188.2851959160413,-526.9586833591503,219.23302435130114,749.0516965456408,-338.941532342719,-719.0691599397012,576.7124685523281
1771.3236977795002,1518.3719959984792,1491.7188234423093,1451.1071117530535,953.1136460432797,777.2810716592548,1112.3158728997432,903.5730824080495,177.56037372460872,393.56138867344134,933.6751672343453,264.33601392916233,-396.9031470104072,404.6329194708586,799.0916609380906,-370.94377135585495,-587.4677987698071,704.41309154211
2019.4878502384877,1748.0074701592725,1706.2383575961098,1655.1190820538213,1138.6086274920383,964.8525867760688,1287.3434910873796,1032.5399508623855,307.7845967347964,563.0980034294162,1052.4840199593013,300.99822931373797,-291.54840441391616,558.3218783499867,811.3636731098451,-409.5642297926214,-444.6994945877978,810.5359310995806
2127.3792766242645,1848.1106629927833,1801.455004070879,1742.5786297294292,1215.5677474495933,1054.7970064719784,1371.7028323416944,1073.3474855285745,363.5023576926351,666.3939762409608,1105.0122987848447,282.57770192060775,-222.4283305619776,670.5230183560132,774.8316804259682,-461.0382770690615,-298.3434452720389,890.7317882663777
2103.4842882411785,1827.4455135810952,1785.5924326558604,1719.9377977985127,1190.2958944844913,1053.8041858871866,1370.045698376544,1029.7789942886798,348.82720270683285,707.1210875243702,1092.0983044366064,211.6692579021995,-187.25307182091905,740.2942756905977,688.9424368654807,-524.1972282528053,-153.95296473355612,940.7614745580042
1998.6889461995133,1733.0081600963783,1701.6541236820835,1628.7463268919416,1101.8268849023639,996.9141422279208,1313.4748778012506,932.2966987360669,290.8099994977797,707.4860312465493,1033.2009408812537,108.3828723648358,-170.8330916969952,776.5533227590614,564.8176489701141,-591.2646295365629,-14.840325943543036,957.5526483927
1891.0547521062304,1636.606713597668,1615.604261677232,1533.511428133465,1010.2497100350554,937.7771249093007,1251.1550258917453,828.8975934375334,231.49019207286182,702.406288733707,961.1926314974501,4.101999952425558,-149.55680650734598,796.4787141412871,422.55805158981724,-649.8981307431068,118.16717683032745,940.2920328906649
1861.6400331433108,1613.1549239126748,1596.7086115661261,1501.8652179149858,978.2631323121068,932.776148776392,1235.6697134781589,770.203662504935,215.29004542837623,729.4984896404478,912.3956516855785,-68.09993958588751,-98.3314636709531,820.9599696709308,285.47391731009725,-685.9420975008145,246.579213171246,890.8441108335629
1968.137818713205,1716.5306051711507,1695.2500348967787,1582.5747257349221,1051.0251516691528,1023.1044056485911,1306.0434701829613,793.0902809157208,275.0141520528085,817.2154670552129,914.6774242558042,-83.61682748176474,1.6076716601904195,867.931321781826,173.2050726546293,-686.7027040934797,373.16627593357384,813.1528333248308
2223.698843172213,1959.674801106145,1923.8250733366083,1787.605641850621,1239.817045376477,1219.656756299343,1473.2541012744093,907.5157380720702,420.1496697965245,974.3114000103573,977.18371711261,-34.39355659284041,155.9048976073415,945.5216201915844,96.03957920525002,-644.4067620317436,499.9803739419167,711.9303206614987
2587.3971953797054,2305.0904557681683,2248.1210500897105,2083.78821708517,1514.4192681041511,1495.4183520495035,1712.85984790773,1090.5221683791206,630.9392413870387,1184.0031547181445,1085.0798965255344,67.16865480282763,353.23801824270714,1047.4289116909113,52.17579608881795,-559.0398968910018,626.2264127081849,591.4057653721848
2970.3933625471027,2669.8925342321886,2591.2607608481453,2397.62414811674,1807.3724189625107,1788.6860832580023,1967.9287013076655,1289.7681683094904,860.6784232327857,1405.4109331886443,1201.474860063979,189.79061176612197,565.9767132655558,1152.5162199884335,28.556508803251234,-439.4901600340447,746.9933808353221,454.83571010420377
3257.8983986482126,2945.91273982724,2852.348202818078,2633.414331547493,2030.3798251298294,2017.7651389475243,2162.7759083383153,1436.5357856177836,1046.728594057448,1582.99059719659,1276.692574468054,290.5618936931086,755.927691933644,1229.404692806638,4.801163869366917,-302.1972408382233,853.4758784324019,304.91905206760885
3342.1516704465967,3030.6371924793293,2935.3355643562463,2700.740843241897,2099.407345768598,2104.164684092736,2224.5911003691926,1465.326181416189,1128.0867991695643,1662.096502887232,1262.7138633557297,326.57182529814884,884.2293185067608,1245.1694675238161,-40.933633780891284,-167.28956861150021,934.6650469080984,144.65811352139792
3157.3861387687275,2860.527188540558,2780.285355626093,2543.7557277579785,1961.7247907762212,1997.9889062923917,2107.0049908073097,1334.7678898571453,1064.8522598839606,1606.4382373243038,1128.715553132023,268.1192409881472,922.8650399313839,1175.6838066721202,-125.58132473271314,-53.15249040558905,979.9906482789747,-21.992138041642516
2706.0453260218214,2436.4212810254185,2387.315934495807,2163.27862366358,1616.65739900215,1697.6595331342733,1808.3113485080721,1043.5926438289657,853.6615626331401,1412.0426233931337,872.95815211921,109.72481811632167,864.3164427196643,1014.3331250831109,-255.67754747245402,28.90853368368579,982.1766191634185,-190.05686155668727
2067.30143632511,1832.2585468602547,1824.9564711508174,1624.1881673371056,1122.9944202093814,1257.1583278485684,1378.1253825446822,636.4118744341504,533.8219942707531,1112.977755738646,527.1470029883624,-124.69040143783997,726.1155042489488,776.1460271382892,-424.0281329388315,78.09958948174352,939.5205763976029,-353.94844042332386
1383.6630907313418,1182.8449249248083,1218.8633721263154,1044.5547194170613,589.5236566555984,777.3561619412516,909.4055125217651,196.68615320965995,181.33264020819928,776.3429603545499,151.4973240861106,-384.7117964452831,548.4818935697139,495.79634336302786,-609.5518619175087,104.40866197173136,856.868555895603,-507.95327683524744
827.5446661787005,652.2725599903556,722.3993214800873,568.0483163260596,149.846771873076,382.52699370250156,516.8971891893093,-172.24597052635352,-108.57933075130714,487.0734642494855,-178.69013011778327,-604.4394875399416,385.28673189111794,219.8536038778489,-780.8099257546022,125.54233563471462,744.8215891197431,-646.4740922313142
555.335515563686,390.1516581812741,475.78355854672407,325.87382536184214,-72.89892599413821,187.43361649264864,306.91986551459894,-373.91427061581464,-246.43451811738373,325.99530910605836,-391.86668461957,-719.2365867518412,290.49325181302316,-4.650695523055191,-902.9103358762065,161.5177532368923,617.2324444784324,-764.0174862708699
660.4227122547312,486.6636027608988,564.1022030221129,397.71774232879767,-2.628315196919317,263.31153272209167,346.05895485536234,-346.721252261769,-174.66628727957755,346.5689628270376,-439.9416257372742,-684.0345430172912,303.4241837532925,-142.3378069499014,-946.4610289850236,228.61115889962372,487.66823975972056,-855.2147098179156
1137.922005465007,938.7119961318257,985.6188203555612,782.248517813008,361.70304383986957,611.9996389297079,637.1889001154702,-85.78519842880792,112.13612661129,556.48441449704,-313.8437994218198,-488.23519678617566,436.541200930487,-179.1902947430192,-896.3409576525756,334.35988995029277,365.93288149625175,-915.2209858506666
1872.0746947096222,1637.6822535617468,1640.164387643017,1386.234992279278,935.3226643330368,1156.1005104849628,1110.096185212461,347.95687741470124,559.0148300110741,909.5584452250641,-50.52737146624224,-162.7475128968404,669.0046378831488,-127.35446906989833,-757.6454633801927,474.76221861210024,255.75992423792638,-940.5907519459353
2652.418477286737,2384.623141167583,2343.0298263988357,2037.3839186993275,1559.0083129436016,1749.5456756251356,1630.8602859280863,835.3449059969917,1057.8969350637858,1311.258534987905,271.3132195119142,223.5525327011485,948.2217352711486,-23.600635539966618,-556.5659671437959,634.1480187587238,154.40858773505047,-930.3159957785559
3217.7931241836877,2931.9123292232402,2863.5366651098198,2520.222133334258,2032.1115497439712,2207.955135242551,2029.6041375294976,1223.2430901778403,1469.934970231617,1637.9330781695398,546.9731744636563,577.9784309824923,1199.925686427388,78.58089867283002,-335.2654763955422,787.7122977536881,54.277531664867645,-886.4315549339493
3319.676480802857,3043.2857623707437,2980.8000585882714,2628.1086922943487,2160.8787781351857,2352.8801102638313,2141.274198575623,1360.9083990055585,1658.5065589937003,1766.147905596165,670.0863113154669,805.9153360656613,1345.209122248814,121.70810169509326,-141.68450351117087,906.3904725119756,-54.004204940653224,-813.6870565017724
2790.329995620892,2558.4430941454493,2543.912217708116,2219.458047484162,1810.9883785859683,2059.808159874384,1850.092602399902,1140.2173210427652,1525.2571076070105,1605.4083957926478,560.185380416496,835.2033468842023,1320.8257953048874,58.99421407725458,-16.969201296687856,963.3889161554187,-178.0216987587694,-718.2652969825547
1598.557266104107,1445.9490296774993,1521.4127292266876,1263.9950507729193,951.0596154753861,1297.9156716847785,1126.465033476495,529.650626366833,1040.1724211569688,1125.9745254679253,186.69024024407003,636.7996560386264,1097.6702626504577,-132.52790669771252,15.873702399663728,941.1559151057033,-320.656860380919,-606.0956320531537
-122.4815295479411,-170.2740876694396,26.326472486432408,-133.82036382929783,-324.93541856843217,150.65062837673986,46.12292629044639,-407.3385187119383,257.54277080246504,374.0623590755737,-417.1319136612825,236.17417781384884,692.2643341868214,-443.72646777778584,-41.20060545207214,837.0623979804097,-478.56505743926067,-481.56845964433626
-2085.1200830871753,-2020.0433962703637,-1691.8528534716402,-1742.2621602954325,-1803.9915891778057,-1189.758272021127,-1214.9423320048425,-1515.6776492770277,-687.2892662657193,-530.5396612789914,-1154.640945699504,-287.92823208541404,167.53450287621138,-832.1813176668553,-160.89256550714038,665.9327910258326,-642.2097073759064,-347.2113172744849
-3895.6384070790227,-3732.486399060968,-3289.1591901021475,-3241.5329994542594,-3190.0291216280193,-2454.7053705596627,-2410.484468994475,-2574.7606738338573,-1601.0137552018623,-1415.178120195374,-1881.8195666856436,-817.6486738304004,-378.1677378323376,-1228.798536815905,-296.6436318628956,458.12790300418243,-797.1409119600153,-204.3137879240823
-5132.678358277434,-4909.931604504529,-4395.646616816741,-4287.64348357335,-4163.039361716818,-3352.736397471014,-3273.472334621015,-3342.627708028551,-2271.0533317425306,-2089.482507177667,-2436.0844284496616,-1220.244531258936,-831.7298522961414,-1551.2527009305095,-393.4911530642188,253.1140221987481,-926.0955838205492,-53.99020051276621
-5439.113578206383,-5214.548587456429,-4695.96479213861,-4587.471472470655,-4448.90271313521,-3632.9395181267964,-3574.4724580246275,-3608.8687258501877,-2511.7130731676716,-2387.2923147292886,-2671.8876176300714,-1377.1252284472137,-1090.894551918092,-1721.7104894805848,-400.9392772680523,89.95354972690029,-1011.686825578169,101.93876112399828
-4606.781741915009,-4448.334076026261,-4003.980461312547,-3968.1411733808604,-3884.1911984909398,-3144.037506221469,-3175.7629853226376,-3244.3104012938484,-2207.532506963282,-2205.7506342848674,-2495.089539981368,-1211.2807782581242,-1088.6527937477515,-1685.1004454289282,-284.8815904058596,-2.680138963487366,-1039.5958592835918,260.5752860831874
-2634.2417524839357,-2607.7654001106216,-2314.011464926049,-2424.4710286128434,-2460.791692760498,-1875.41637068909,-2068.481331116827,-2235.7985082727555,-1343.8497599730158,-1532.3100440662922,-1887.9528243533985,-706.9656056574331,-810.3926532308844,-1423.676763813568,-36.093137812357156,-14.033284808732844,-1001.9801076412144,417.99316694259574
256.86269567319715,100.46434681022046,184.07617939027688,-132.67622163152816,-339.26950787237166,30.07335279514797,-383.59421629458495,-697.4131820665609,-17.11535074294477,-452.9779930829824,-918.4367753596882,82.94117964625002,-299.4895199699138,-964.0564670451778,326.32778314477196,45.89694600729035,-900.3154870629387,569.3736215935014
3652.4018432533526,3287.9233673977265,3130.9541346369165,2574.2354291963275,2173.407551766088,2295.7021552218916,1626.8323314003414,1145.444710524776,1578.248707147056,860.676050751221,269.11091481400007,1043.9690857600792,350.16778365582866,-374.39106939214287,757.2191799311897,149.01301803572082,-746.5087273459468,708.9784118065381
7018.555980079296,6452.741883272793,6061.104341799019,5265.479176895003,4678.326109408409,4559.885601362446,3634.9840283746053,2996.628952616434,3184.548655029074,2183.415846056719,1480.5385478064445,2020.5576043826309,1013.0605231923598,248.36474773461475,1193.0254172310742,256.3463255297481,-561.3019205656324,830.0238060646795
9802.481565981916,9074.34982341745,8490.856387913558,7494.228325254111,6760.523673473,6445.022431492743,5300.158716693545,4546.391108300618,4530.315377330182,3280.498774510197,2510.3611351031627,2846.166070667815,1558.0068943818626,798.5641338478436,1563.6776573318834,327.68221163927956,-369.8687449220551,924.8137226598488
11539.866948094512,10714.934091153971,10012.832341933468,8884.975345971676,8070.452111467091,7631.759843664591,6335.901804551514,5533.010656789488,5384.266013379339,3954.641079129467,3183.7711855013085,3376.832771396549,1875.3436178895845,1184.7302402884393,1806.5970061789135,330.9401448235037,-195.71413065704246,985.5199984373047
11946.280195078138,11105.790139854067,10376.456039575913,9207.718039161009,8393.39800526654,7922.618495247012,6566.926982981684,5795.437632439267,5602.001106912907,4085.5936352392932,3392.724939590531,3520.9033840140646,1899.3195311408188,1349.5486922655887,1879.9861454310794,249.06853221301827,-54.89004366211839,1005.6798345369363
10972.37805094232,10199.635480419944,9536.865543519318,8422.748905053963,7691.545785823738,7280.920290035874,5963.362867686364,5305.184204305378,5154.996345994513,3653.69401103517,3117.7753510106786,3258.143020727115,1620.9163737700228,1281.912091962845,1772.2864354136198,83.17692483964413,47.42086553549359,981.9794910267801
8811.021615217465,8177.470810718349,7661.556418980294,6686.323247650388,6109.434362691122,5836.433365132736,4644.89543630684,4170.35410134604,4135.348510691186,2742.360917515691,2430.6354661041446,2643.682805793668,1088.5753052699906,1018.013615165102,1505.2108580171678,-148.2740452421154,116.827411324417,915.5452591070605
5855.293118865261,5408.990518186983,5093.768195744882,4316.417102521823,3942.013366561695,3856.828420624031,2854.2755172230304,2611.242783931067,2735.380041908371,1519.3361397271947,1477.1754721922566,1795.8070117767252,397.08035716076085,631.5174372091583,1129.216351004307,-413.5440526077415,166.47400584866622,812.0495673293912
2617.494791901743,2376.1161456031205,2281.46110605599,1726.8367454977024,1573.097532270851,1691.8815276591124,906.6316014181714,913.5896562945873,1207.0640193136455,201.30029970716288,445.3160461543635,870.4830434230141,-332.5689859444632,215.7823770998557,712.2865082470673,-673.8279516384092,212.1274538907096,680.4640915495687
-372.4644996745939,-422.8678171254484,-311.8981228452865,-655.2859662685809,-601.5926413744678,-296.7585316766012,-873.7920557667785,-629.5560612621746,-189.3271519059976,-989.9956749456346,-474.35034422290437,28.627358606913106,-977.7125331587342,-137.04335636540588,324.76802596976097,-890.4320271394347,267.4941026367122,530.9461590262663
-2667.259102918014,-2567.71152448819,-2295.331019205856,-2470.6653804943444,-2249.9461658146115,-1804.873321631696,-2215.6753061895324,-1774.4635820840688,-1235.9839196543526,-1870.533248193309,-1126.242722238946,-596.4220016850386,-1437.8207406351034,-354.9880777974866,24.08916420912658,-1031.8131924773766,341.11014224329125,372.72709423927625
-3980.3861155606505,-3789.77902730578,-3419.060570977286,-3491.03658282425,-3161.9905137124774,-2639.74064590685,-2948.691024607278,-2370.112368212105,-1797.0966768476108,-2327.005491806228,-1417.9006697319637,-924.1175070910633,-1652.8074799604265,-399.3353835399566,-156.8448679781605,-1079.4079166959068,435.14659829573066,212.77055929699242
-4227.710648238788,-4010.980239933443,-3610.9730092451337,-3652.4112660888754,-3280.4210656570917,-2748.675266656018,-3028.527469080881,-2380.1945109524763,-1839.4872041699978,-2333.758333434432,-1333.3292822426054,-939.4333162466853,-1612.4408722053831,-269.71314822608434,-214.87687406880627,-1031.1452502521545,545.6544435086728,55.49661210512765
-3526.010150335633,-3342.1926922774796,-2975.266307977012,-3053.3684867734605,-2698.5675357072646,-2217.619260701202,-2535.0618992576597,-1880.5287802564476,-1431.0225200427128,-1951.080079640653,-929.8560066030012,-690.9365590175805,-1355.2496504003614,-1.0057663494395115,-174.519723036034,-901.6660258007543,663.5508637939129,-96.65403949040481
-2151.4433351587354,-2043.9794049925806,-1755.8335709957798,-1920.8351322717851,-1628.2040822872348,-1241.8010405221407,-1645.6188261744833,-1033.9476023835025,-718.3440809535678,-1306.1479520542523,-320.2678370249456,-275.3683650454434,-957.4116210745099,346.52328310877715,-79.57348667439723,-718.8005906041216,775.969947228746,-242.31544623768283
-469.1003194537589,-460.129941650647,-274.18123779492964,-552.4890183825008,-345.78594780918445,-76.26786751518273,-590.3548995171486,-49.311770792785524,110.18693580114018,-561.4825402665084,355.08704608913945,187.11219795665835,-514.1818190108025,701.4268887731446,19.0451169011598,-516.8197249568536,868.0622166474625,-380.38997306793726
1149.5541442712984,1060.131535464473,1143.3102160647188,750.498901477298,870.0785512642736,1021.8957568428507,399.664466676619,865.6046099937973,867.4141311047881,121.71908322367773,959.682614534998,580.9024297619372,-118.10215819343813,996.5200733419163,75.999856407528,-328.07842930440995,925.4667565021475,-509.5133724846984
2402.650125520413,2233.6466123919963,2232.2836379749456,1745.1477125497283,1795.7369548893425,1846.4955068921608,1139.9386791592233,1546.682473164259,1406.2851699812138,617.0493476207071,1388.6643398043188,819.5358908298498,160.91438123782928,1182.3934909202958,61.64826797218382,-175.41438851990446,937.3179896252535,-627.722431961748
3111.0432823497244,2893.207289013221,2837.0958573949765,2289.5417286185484,2301.91043266214,2278.8489216786106,1525.311243579802,1902.3316482174694,1646.1975260595893,855.7924438388056,1587.240140603616,861.3838836491162,288.91339708454996,1236.233744983394,-32.61202986334996,-67.59042947660265,899.0327590620449,-732.198159914523
3238.686905026395,3006.4885672025407,2928.5293798296952,2358.846902457834,2368.027789955317,2301.1514917063087,1541.8080353648313,1923.2659621342007,1581.7396876604505,834.7050485541756,1556.1893810602935,713.5006738668684,271.65392780512343,1164.2009778896095,-194.53951828889865,0.9194941370132597,813.7613935820581,-819.0857254801691
2878.9466196780527,2662.853108101441,2591.3923728316636,2033.4847517783517,2070.7012677309826,1985.7900511725918,1256.7937721737576,1672.8004463881387,1273.4772795978943,608.1170699604809,1344.3870166806946,423.84693081434466,148.46853412260708,997.1175472239191,-396.0832480702986,46.038815757768184,691.6716204539722,-883.564109086693
2214.0153334424804,2034.8462021388127,1988.376396881318,1465.4153603013149,1552.0218221709583,1465.840635842172,792.144867322154,1262.1505978579237,824.9849560046093,267.82299579434573,1031.4479814742663,65.08639935349191,-21.33913570565892,780.8782118140932,-601.4213543525321,87.7373221050814,547.1182898298847,-920.3738822792674
1460.3956688828266,1326.6693037750126,1311.6920280861975,833.2320242057937,977.7193101673871,896.102020963625,288.8726848776562,818.4519500038027,353.3444203786932,-82.97389409775815,705.7349302016154,-285.04877659389825,-175.2637005090358,564.2958037637329,-775.6887372408323,143.52622337506668,394.73668309155596,-924.8322853238601
815.0702785073033,723.4457752813729,735.4527087190185,298.0849817451444,496.37212884640513,415.113433832204,-127.34952985515014,453.9810113117417,-39.000045957531654,-354.6588236957616,443.46227339148606,-561.6611471462099,-262.87408317847155,387.5928587773617,-892.3070730420161,223.79147193510767,245.97345497628248,-894.0672112701807
414.54123370178127,352.7526818579553,379.58499265113875,-29.610039674820882,208.85232478407693,116.74557477127175,-371.9622292336518,243.44317554779926,-284.71835042321726,-489.4352652518366,293.5203181872014,-724.9919949644161,-256.0274385210017,274.280239751581,-937.5616937517842,329.93769749242665,107.25444431760812,-827.9967577904421
313.8589214524027,265.0919219041228,291.52583440400554,-106.92808077079431,153.23130775584738,36.23520220642307,-414.1553245716873,213.12597659007324,-361.0267200171734,-469.65320550034636,270.55004844277886,-765.3200097976519,-152.37726249170746,227.96814880158087,-911.942349553645,455.16421847185336,-19.88100099301265,-729.6324565436228
487.1031479633365,434.62711181434724,446.9366085231416,42.43376299603011,306.02824034333804,151.4539787956857,-275.6111768796025,342.4208178506195,-287.7957944633392,-315.898443108006,356.5534038498577,-700.6417022454739,27.532033990666662,234.2365608032659,-828.4607688425483,586.9513583473137,-137.2190639210881,-604.5773530146895
846.0968723059138,777.0975490466876,766.5219438324643,343.92099177361354,597.158340358491,396.90748975542255,-17.596951338430586,575.6014025345994,-116.44508396479775,-76.71952872936295,509.5474871390652,-568.7074677660846,247.9311551080883,266.5218316396282,-708.5748126719459,710.2105052300221,-247.82931958867098,-459.9443588465341
1271.0286925806538,1178.8995810460242,1143.316953606977,697.5512151267899,933.6608785985794,685.8556124418958,279.4134331126691,840.1037667774201,86.84201545473763,186.76977184760358,676.6530125218101,-415.70596566947796,467.95402103872226,294.26515943783284,-576.6019491282821,810.3671878440784,-354.3359804505637,-303.12946407951097
1645.00766419267,1529.7783722607483,1473.3705193542057,1006.4584822073366,1226.1187485126154,934.8863736523767,538.4002416862145,1066.7279779698379,259.4067928033323,417.54367753586655,808.4267010118182,-284.18051984642443,651.8138623183218,291.28364305525355,-453.7480234321242,876.0246575678957,-457.84007446149224,-140.84753226122086
1884.1862577073189,1751.2244606962875,1682.4250033401925,1201.6949791464738,1411.4498285274235,1085.0812245902507,705.3314748114382,1207.012143591111,357.6735026067595,576.6563718508712,871.0953921947134,-202.8124990553951,776.8135386544801,242.38042566943318,-353.103207440995,901.0024805043214,-557.4211693123301,21.362857700138548
1956.153720992131,1813.6975763648693,1742.1396529187512,1257.2972329722036,1466.5897144867959,1114.6982707001475,760.85234100102,1243.624760794932,366.3348984913418,651.253896366737,853.7356049561754,-180.4380030567163,837.4485070571375,146.61265329817851,-276.9594478611019,885.4403658918368,-650.0103372242625,179.1894140607618
1882.1826489477983,1738.5392949854727,1671.9538443672352,1191.9771262558143,1409.7787287818069,1040.3393584795474,721.2864315187618,1191.2385314455498,298.984062212842,654.701372917421,768.5864259610544,-205.82711696151858,844.6930042348074,16.438115156852064,-217.34585489480932,835.5421472526167,-730.5546374601164,329.3094312332478
1723.4683605739444,1584.749604370527,1526.7269345569632,1057.5481214080526,1289.6265579132032,906.7824249815974,629.090270465939,1087.971307933181,190.33442074181937,619.0945692431105,644.5880141726975,-253.25206333957254,820.7692936422653,-126.90115666780966,-159.7304474468472,761.7096911657643,-792.5919795757079,469.0279251016784
1556.5841924795634,1425.6022238361286,1374.8100833705766,918.4070909632825,1165.9960725091996,769.252505453399,536.256037947106,980.4765896241175,82.80573448050484,582.8201611075789,516.4280484689353,-292.02734008934567,791.0509203444919,-260.2224215979422,-88.69635305824919,675.3777021114018,-829.3827784114085,595.8804435718275
1447.019730404256,1323.505142189726,1274.452123812964,829.4324115941362,1089.5292677343803,674.47827324266,486.5729113768866,907.9729545224545,12.185648409483065,577.5173440768004,412.9763720894754,-296.7533553288134,775.7518010777995,-365.1803408118983,6.408861848960093,585.5540806246831,-835.4973129793001,707.2389569819261
1430.0480543716212,1311.85715291438,1256.7827850352855,819.9995036737484,1086.9282691173153,647.128709765413,502.90851185099564,890.7849658024014,-2.6872845414590074,618.908952623567,349.1510010072295,-254.71461089974858,784.1730631789655,-432.7484139819417,127.8699323532527,496.41832199513436,-808.3787722950838,799.9852540520029
1504.7791287452524,1389.4362963934022,1320.593712589956,889.0147377738081,1156.4986964093641,685.7794784705108,583.4055561130083,926.9608040207403,36.947794581351786,704.2765551862622,323.7356906226044,-168.089152960394,813.2927059815283,-464.1207567093313,269.20008285726055,406.9832152847022,-749.2065014248692,870.3896223734512
1641.5047639021914,1527.4110166502776,1438.9992799094712,1011.0795875709407,1274.0251362707952,768.4251842822325,706.634451454277,997.040050096665,113.91352612208453,816.5328247449611,323.0890090772559,-50.851353815031985,850.7168777006157,-468.21066326894794,417.73028734662745,312.879352590215,-662.6059762153046,914.3547892539598
1797.0884506005827,1684.0004546562711,1573.2737128528045,1149.4188041509065,1404.9037262595791,863.7169256057014,842.1525632021469,1073.7489618537702,203.66253270904667,932.2358954470442,328.304284357479,77.59226948046887,880.2781867476035,-457.217973210826,558.8119396204431,209.31196409314524,-555.3129307755661,928.0758239999054
1930.8148115651925,1819.5977414691956,1687.0696713792317,1269.2320541309984,1516.632529637664,942.4433014708577,961.355024506946,1131.9316290238494,283.12367194658884,1029.762242377075,322.37909097699196,198.9991019124052,887.7349324744787,-442.25427809717553,679.837003798119,93.77220446062398,-434.42884356854927,908.9535080633984
2014.6965747836357,1906.6669780554555,1755.6412859173563,1346.4321276669095,1586.9726680044457,984.9336571741992,1044.569198432061,1154.9767613955523,336.50400377825383,1094.6415820895913,294.7167997617052,300.6668551508559,864.4766207555936,-430.56092838913656,772.737936855709,-32.597752211704844,-306.03578275469596,856.419893268295
2036.3943132349887,1932.6540995344258,1768.4163885088421,1370.1981018139709,1606.3089296480632,983.0660611563557,1083.1327769333045,1136.5592178269608,356.98337878233866,1121.0969556880334,242.1728466972121,376.7779355040424,808.5035208265012,-424.77851685505027,834.5849789296383,-165.25897954268964,-174.61177247510778,772.3320788501102
1996.9297517671346,1897.954016373639,1726.8677409053407,1341.1383001429292,1575.8664867519326,938.4620198844328,1077.8872701526404,1079.0157411763896,345.45450759485874,1110.813197487711,167.6575534586102,427.50478761065335,723.3408425121025,-423.6965264175751,866.7605178617835,-297.6339942737351,-43.18384477854224,660.7822193659705
1906.972600166853,1812.484945195564,1641.0714523416766,1268.2052531356,1504.7041058779973,859.6066172650278,1036.592261690392,990.6987548626425,308.369511250075,1070.7767445302,78.02485102060535,457.33269213684594,616.1810487314738,-423.4904632272917,873.5407537090382,-422.7221030986477,86.1678786059909,527.4335205135105
1784.1955628133217,1693.2093317884276,1527.2049301427817,1166.4478710930466,1407.445131114201,759.7284407743168,971.9360580653932,883.9147452580282,256.0907336805161,1011.4726522870184,-17.556315184457105,473.61719781956026,496.22974559513676,-418.75439156879384,860.7200509071172,-534.3040463016479,211.83565037089355,378.6615618736228
1651.5192957566103,1562.4279797622246,1405.8612472678446,1055.4710713079778,1302.6716160093756,655.377210881653,900.0857850113009,773.4605317576729,201.71397011237372,945.4937185127504,-108.68250295098233,485.4378740210865,373.42303155770423,-403.29290387367075,834.4599361117185,-627.5129109986304,332.3965373930619,220.78376034774632
1534.2660392454177,1444.988877985696,1299.4496691036088,956.9779969491237,1210.523180643001,564.3455478342981,838.5590303324982,674.6789766094685,159.35650963345893,885.7633712930094,-184.9753885953241,502.16888556356764,257.1002645647004,-371.0891934916855,800.2066625740532,-698.9465942997014,446.4441125451772,59.54234762581608
1454.7138598425793,1363.0130299514858,1227.361633340227,890.1622777375433,1148.388800546299,501.88564896111495,802.5065895125941,600.2028045308543,141.14187309412796,842.7566912010873,-238.12842218175325,531.3384140957753,154.29442031925717,-317.7607623073537,761.5307757312663,-746.6480782703975,552.3873918400564,-100.13251363337687
1424.919047632136,1328.9845732126535,1199.6752690596347,865.6857390623617,1125.376856741649,475.8127245650106,800.0118567312528,555.9156345203155,153.3695801632731,821.1644583652508,-264.45615622764,576.1328761485554,67.9252342200217,-242.24363584600587,719.0666564206147,-770.1524132726626,648.1399736290989,-254.13810303439405
1441.113327433491,1340.3447592416985,1212.319020180703,880.9933898061068,1138.0961226476475,482.7795060375739,828.5463366187678,538.0445086189751,193.64201368967045,817.5420272125168,-266.71574079573827,633.6767535288236,-4.204365176223746,-147.88095125613646,670.088971722625,-770.5205754590751,730.7885637142914,-399.06606416781773
1483.4786870221358,1379.182194559767,1247.0386585333993,920.1166787450646,1170.642663755931,508.3426867294903,874.9915396130887,533.5301352393839,250.94885508494005,820.6767432142265,-253.77272736501885,695.3180826288091,-68.67705357026136,-42.0462139942384,609.2949658376873,-750.0805751444375,796.4763661517396,-531.966749805036
1522.9034266008093,1418.5251205398667,1277.5485297563396,959.2752621995318,1199.9836879049242,531.8901920077378,920.1808148926398,524.4740252383554,309.48282416165034,815.3245840011466,-237.5595220838872,749.3462091720125,-133.7922425076421,65.9281719485619,530.891864032887,-711.6791413669868,840.7444897608526,-650.037233770415
1532.5447715349915,1433.1761565171255,1279.893657497302,976.4414511799342,1205.014953328864,534.8417657096588,946.4706307278461,495.22324407334355,354.9055160637838,788.1363099329858,-228.29438584633448,785.2654219371047,-205.85849014577792,167.76970296573813,431.32534941825384,-657.6143873505436,859.3840471372137,-750.2858088070077
1499.0084950501334,1410.1971412137286,1242.3885077311425,960.5374167455448,1175.2522537785592,508.43205892577134,944.9423532500541,438.93091099045796,380.1976730101492,733.1608738877319,-230.12988850979877,797.7552460801252,-286.10421058393695,258.828801345122,311.4410728475916,-588.8033436153933,849.541447512392,-829.2948506522351
1427.733139681946,1353.9589877177812,1170.3299704436802,915.7831446699392,1114.9707212335516,457.2734474682717,918.7631385020054,360.41487689095925,388.21640100432217,654.2823072149076,-239.42251554252482,788.4520016816399,-369.7211439007629,338.94287069256666,176.99743406000613,-504.7780917330153,810.5990069858151,-883.2556467906838
1340.0371204060239,1283.3909717187041,1083.2613477134169,859.1392616927059,1040.8556957270782,396.9781820687347,881.156390792537,273.9532135513495,389.7532517190288,563.4460414746961,-246.53235482308887,764.7576580285357,-447.5272262335671,411.27662346751924,37.247802372481694,-404.67168432621776,744.4150018085229,-908.4013702524395
1263.5649224785016,1223.0929817398671,1006.3752710157476,812.3622325154956,974.5531281524292,347.1747413417513,849.211471290785,197.23350650455328,398.24106406896993,475.6787586404391,-240.22061388389312,736.3928752397131,-509.4246912522904,479.90060266378674,-97.7111970905702,-288.7193124389186,654.8436138283844,-901.7910900395561
1221.0080626019044,1192.9090019634107,960.4169734030347,792.7722889851195,933.9211876776025,323.4546375102925,836.7332909034624,144.47325873009945,423.8651422634604,403.4055096763092,-212.43579237148822,711.4552771012677,-548.0112846496802,547.4349243642541,-219.59726592902143,-159.4344812114932,546.8320734163351,-862.1817208573003
1222.2762161788032,1200.8068926564413,954.6851561666111,807.0210772145349,926.9793470383886,331.9345473740215,849.4280579271328,121.78492147717105,469.8189437638037,352.60332070292066,-161.28625606945414,693.7582462731968,-560.7992054427002,613.8394489693459,-323.5705955196145,-21.80009439401615,425.5424463287528,-790.6185125284637
1262.920324487985,1241.644708087779,985.5971014301136,850.1113158683187,950.6848112224495,368.3693885594701,884.1164495120086,126.35676721467917,532.0119204348309,322.06762348628524,-91.14924227755765,682.3337147715963,-550.3377876585265,676.6460158530778,-408.47368788495527,117.60836270493014,295.79883826651474,-690.4755822045545
1328.2599494325593,1301.2430959734734,1040.3114167427734,909.1127172707054,994.077251225072,421.345365354469,931.5051735444459,149.02513543658154,601.7016496952881,305.41572476670797,-10.35870499403893,672.8247785694452,-522.5570775415501,732.1612885980518,-475.98424694229766,252.09449920737518,161.88233917442264,-566.9342027461806
1400.2822191684584,1362.9573596820444,1102.8045898148155,969.0597098512746,1043.5201408436083,477.4019465347835,980.5773377120877,178.45959135960356,669.3343778031938,294.36084245232644,72.10875496075366,659.7353347254984,-484.3078059668918,776.8389701820447,-529.2759481985087,376.23044968170046,27.510624179435215,-426.1321953699745
1463.9488051554736,1413.5714631639667,1159.435336953802,1018.208713400641,1087.4691678980153,525.6587551488342,1022.467165622726,204.99119098845813,727.7894069207418,281.67350326293996,149.4490638555717,638.4307721386655,-441.1490197946903,808.1812897822173,-571.6987133762178,486.6604909039997,-104.15965708426302,-274.3083134876345
1510.771410486705,1446.5207125803668,1202.1216772218786,1050.896508886644,1119.1583948200368,560.4198682620702,1052.5219770850947,222.8560985300606,773.9811121160008,262.8837348790188,218.46360868202763,606.2401118947619,-396.05472879886787,824.9506507674101,-605.7456382790724,582.1598682255785,-230.55128148001367,-117.18256215189574
1539.31317699177,1462.1591186021703,1228.8382440047797,1067.7582592461033,1136.9716804446928,581.5163188619297,1070.4119436713236,230.66041240666607,808.7589681560588,236.62063589070868,279.5393236941506,562.6106172522223,-349.1798805293516,826.862416410967,-632.3777136829303,663.082336533324,-349.6397043344037,40.34818904828917
1553.5783879564117,1466.0166912141217,1242.2815241102858,1074.1480246035617,1143.2505529518205,593.076012254855,1078.957527817671,230.6013114551418,835.7107787899142,204.05204706536307,335.659274392326,508.66610334911746,-298.4292645413328,814.1071960954721,-650.7081107975629,730.4712487428976,-459.78992472198485,194.24674545621727
1560.5808265075766,1466.2901991032193,1247.829578592649,1077.863394880582,1142.5213648631648,601.6411801758193,1082.5185199675725,227.14886118215327,859.6004707617341,167.98756106700023,391.04020796829957,446.58160028091334,-240.44879759044113,786.9903568643022,-658.0694744278621,785.1189487831886,-559.4260935847933,341.1918892419684
1567.9375454140995,1471.3805973894666,1251.5268509596174,1086.8927683550667,1139.7712013427754,614.2375923254597,1085.4759735345503,225.6325535623501,884.9006997494813,131.96844956974923,449.7812302453375,379.0003404037257,-171.75939194590828,745.7796667205096,-650.5187713560767,826.802539190433,-646.608667762655,478.3181139463818
1581.7335118953117,1487.7171841376753,1258.2960199777974,1107.3994244096964,1138.9388499062518,636.5791688425522,1090.9420443614372,230.84515148486702,914.5516080602702,99.38682375432023,514.6509410084509,308.5077596948367,-89.90114580165098,690.6815133014602,-623.7951146692899,853.8567409011811,-718.6911271295077,602.8737035791918
1604.690547602609,1517.9108066985668,1270.397457754438,1141.9894052106297,1141.6329780190133,671.4609299253138,1099.7058408062198,245.69118110413012,948.9779981859365,72.60669982178541,586.0747855251102,237.13093770236225,5.5208008331944995,621.8470419029488,-574.5983569231687,863.1937811011684,-772.2604555530852,711.8470162451081
1634.9382263837647,1559.5349876970686,1286.3948492273844,1188.546667197179,1146.303266370183,717.6103599987189,1109.611433849678,270.111336391763,985.5563504013385,52.227769202702746,661.5267860919832,165.96068435537748,112.116390028156,539.4327543067732,-501.84991200912293,850.8342530381974,-803.4921620808658,801.6737239232042
1666.0118616558423,1605.1476074525203,1301.1736065365048,1240.2010755718816,1148.34135602619,769.5197660100118,1115.7786135748047,300.7444160096832,1018.8931564975248,36.822757057698425,735.6685232471431,95.11972296142321,224.64564297869669,443.8539500967082,-407.4754247238975,812.924827211494,-808.8827512631768,868.1987811752472
1688.5607953266385,1644.026955103674,1307.4264967194142,1286.8664522545748,1141.461610751143,818.6698242283521,1111.9569747411015,331.7087333585995,1042.155020138919,23.42635233068421,801.4636284624798,24.224488902928044,335.8274143340692,336.3086337434072,-296.3548319178341,747.0531594666994,-786.1398540987112,907.0474762590729
1693.5052872894273,1665.3762136825742,1298.3580929826496,1318.1354347157612,1120.1166448440572,855.979644475857,1092.774315168153,356.41152540142014,1049.2215531016623,8.701964293923766,852.0886235008157,-46.80247218680148,437.8970947520786,219.4099629864512,-175.41864946102004,653.4737127702826,-734.9194521784224,914.4143783111616
1675.4871124731167,1661.8834252826819,1270.5787590029606,1326.5372228248566,1082.0148364677223,874.6276746790161,1056.034786817411,369.71702239797986,1036.902215085207,-9.70283318666776,883.0049848458162,-116.99920853411578,524.416682422687,97.54230759092086,-52.24096008938645,535.7677816425697,-657.1556151935026,888.0555157805891
1635.1065916543957,1632.1686551879407,1225.8714168174708,1309.8430204445247,1029.5718157911554,872.0999240087726,1004.0218230706798,369.55621102600895,1006.2786269265976,-32.2492281601281,893.3888032583302,-184.16304607904783,591.7059693813608,-23.423801119786432,66.35125479817455,400.60102959596713,-556.8908788544736,828.104740518237
1578.9559633978063,1581.1249327892021,1170.999023377044,1271.5226930774402,969.5830249216391,850.6815383863288,943.1729576779366,357.3469855945743,962.5826865733256,-57.43516783012569,886.3739547066118,-245.33915057849126,639.4561933859829,-137.12160457120626,175.2541949097446,256.58807713241686,-439.6872952321896,737.3604247032217
1517.5303110273624,1518.17182124805,1115.6800249820524,1219.34997580152,911.2706219639449,816.37900209655,882.2682103689057,337.2143469678654,913.6892181823873,-82.47719329348877,868.0861970803338,-297.7494565802916,670.456022132437,-238.06200184111302,271.5314087279508,112.63758691077334,-311.8015210045239,620.9123329377538
1462.0362415230616,1454.3430127695938,1069.6766236457702,1162.9480771862773,863.5797671650213,776.9409602482344,829.9184301924618,314.54130964369864,867.874342488781,-104.30282118938885,845.90909583944,-339.67500669748665,689.6631636709106,-322.85978344325406,354.43272004240276,-23.677489212800275,-179.32569309343103,485.26664267687926
1421.4102402793642,1399.4320906333526,1040.1688440075318,1111.334255176645,832.7843739896681,739.8682094683433,792.3087618027969,294.54572396030284,831.6695123399024,-120.35490470233736,826.6033212093062,-370.86681370687836,702.9603285867589,-390.8535101039567,425.1450857182474,-147.268536722918,-47.457634231588344,337.3057078258349
1400.4833462659064,1360.096065440911,1030.2264847167344,1071.2422073748326,821.1236762266964,711.0593083572764,771.8570550007977,281.3691695648856,808.4241188430407,-128.92138361875016,814.7918792478765,-392.3323886117335,715.8769874424736,-443.92713627334365,486.3530131724098,-255.98524722771757,79.99393336775981,183.4072662328565
1399.5582783121822,1339.2046642842256,1038.5837163911003,1046.4746039641916,826.6421246232388,694.2901742782545,766.9634778931386,277.80182630395603,797.7967486947323,-128.99331700512647,812.0741793767879,-405.63328736661447,732.4549415131169,-485.62737748044424,541.5970264575454,-350.3906058339083,200.8143762313022,28.900248334337803
1415.119473622595,1336.2142116270622,1060.4408110113827,1038.1017702561576,843.9787546894531,691.3611581142627,772.6481666054065,285.4830515136056,796.068316059315,-119.84941043015039,816.8048003376598,-411.98990181387967,754.3722703845116,-519.8543857379925,594.4071820876408,-432.99208650593846,314.27467483690026,-122.12634995622031
1441.17649726885,1348.1291887324953,1088.8342615734555,1045.1384420492316,865.6942138746817,702.5963419300158,781.7278080595447,305.31113195772514,797.0248390994205,-100.61086646124289,824.4495266174849,-411.4978597247177,780.4297346683513,-549.4657562100516,647.2662628767349,-507.0903173677789,420.7020608325381,-266.72906677008103
1470.7907876284346,1370.648018520803,1116.1707379340312,1065.3593940399999,883.7752589556553,727.40964414794,786.2196904622497,337.8298402203544,793.1633921460434,-69.9542686646667,828.3989849401244,-402.6766742178438,806.5086009016197,-575.1198543511647,700.5806624054854,-575.4180867238531,520.7484274985488,-402.79739068671034
1497.4759690120418,1399.2141631505303,1135.6470106855918,1096.0223229306307,891.0674208182786,764.7469039230828,778.7514742767693,383.44031561038224,777.0292010129613,-26.09182037867612,821.1167909344124,-382.4717769677375,826.080860322248,-594.6389752523967,751.9414559443034,-638.8018543522104,614.4424244125271,-528.5627070541597
1516.2552056798966,1429.784954539227,1142.3537105230278,1134.3487871391687,882.4457585725974,813.2879467053178,753.7977636040566,442.3503236415958,742.511975938005,32.92746368979357,795.4709446089457,-346.7532113842377,831.2638047472932,-603.1046268545733,795.9798098573481,-695.17641439672,700.2268984967176,-641.9813397850763
1524.1940402883522,1459.1756494243573,1133.8793119350055,1177.6613686478418,855.5371158371815,871.3430083879689,708.5551270651159,514.2223902229491,685.9068586192059,108.5884044765892,746.0403928227829,-291.28323043453673,814.2724882961795,-593.7802307242536,825.018002435297,-739.3373599647855,774.3031733929772,-740.1246125096026
1520.2922559205224,1484.9089890677574,1110.277887993381,1223.1487404719799,810.8359388353899,936.4556700696972,643.2775896529369,597.5641227637917,606.5387011802085,201.02725889642156,670.1510275410733,-213.02144936297688,768.9896221696754,-559.763136469608,830.4978897813025,-763.7157074283288,830.6364797660565,-818.8142304717732
1504.7931629786117,1504.6644336112427,1073.4188505996594,1267.3778756452753,751.1865162271458,1004.863838538533,560.9975275919815,689.0418538353362,506.82271097128137,308.10730089419803,568.4339957913836,-111.48981584141518,692.3121888215568,-496.0169002589514,804.9036130405286,-760.1559213256645,861.837805429805,-872.7732804053317
1478.2182600965596,1515.635358799387,1025.9726110830393,1305.8502420891712,680.8203394928228,1071.122355544032,466.7446235638807,783.0382075472108,391.7900152020651,424.79568568167065,444.8222102613278,10.20981033150099,584.9839376331767,-401.22013148885213,743.6936311150343,-722.260404463844,860.8250129958251,-896.4330272372898
1440.603492285324,1514.2215597627314,970.4623296669259,1332.976107909542,604.3156025479461,1128.2349093725463,366.5462109901159,871.7993620717521,268.262917800536,543.2007052111854,306.04815851095384,145.13617240130037,451.7567248504807,-278.82586754877855,646.7098673358595,-647.5434369530612,822.8033080427127,-885.2526159364688
1391.344552242831,1496.3747945975824,908.7818788341501,1342.7080154198475,525.8523892182699,1168.4872238573923,266.5288695290047,946.3475216246916,143.9241683958736,653.4519722389449,160.79650771294106,283.22525943930657,300.8750966596246,-136.93705860410904,518.6644816027456,-538.6282999328563,746.891034188273,-837.1148848756147
1329.7486615740115,1458.5929611037964,842.3290014461274,1329.7617231149306,448.9490215850151,1184.8612091791938,172.31735990220133,998.0188161872218,26.4618119888826,745.2888071100277,18.66935703247022,412.86669395480203,142.9964277877931,12.992945660684484,368.5689400461765,-403.0712958981875,636.7991882544181,-753.2530242459992
1256.018438559564,1399.2091442146032,772.5804565713436,1291.0396949546846,376.602858129855,1172.6171468236623,88.73560489975216,1020.2003841905016,-77.14527374980527,809.9335290395416,-110.91681847271053,522.9161456505058,-10.263920370474196,158.22570075991962,208.2687705246112,-251.92930492674571,500.3329604256021,-638.3373961566602
1172.1895180496633,1319.46341694231,701.7425862008176,1226.7547906235084,311.5889411236087,1130.5388495321815,19.685343989614694,1009.7544662667298,-161.2119315032342,841.7324852956622,-219.80446908611,604.6058639407182,-147.9240284326048,286.9633011345176,50.47422057054189,-97.61580553387307,347.9318055553751,-499.71549983001813
1082.609352758302,1223.9587549544601,633.1396549262756,1140.8895544241852,256.6720411306038,1061.4891126306397,-31.929519992016736,967.7688480011478,-221.81246577621133,839.1847300708782,-302.0291112613452,652.934270165065,-261.1086339495451,390.2050975440011,-93.24398372766836,48.28567678704323,190.7659547923917,-346.12965874169964
993.7939543316106,1120.3831635783054,571.1873217644138,1040.907495657739,214.61160771238406,972.2029198279196,-64.29221097222708,899.5457257764836,-257.1023280782463,805.2357867654398,-354.4967029304545,667.3623303787713,-344.1842038294882,462.9575886107767,-214.1045682992437,176.75442412428663,38.936962279895965,-186.35750003590948
913.7533729624482,1018.6413807180934,520.9948650035572,936.8777370928996,187.9736972013551,872.4803259878314,-76.76302235572152,813.9675643770636,-267.4533206041696,746.9315439624293,-377.31523770097397,651.8610102028892,-395.4202296766645,504.77196617904116,-307.1981269900186,282.41323421410124,-99.86108164603354,-28.114040498438513
851.0070986271023,929.6563378686928,487.74398491028103,840.271266017018,178.83383756365953,774.0263787324601,-69.92996602677522,722.4604035924813,-255.37810688964515,674.6091573422775,-373.74824642336927,614.4409039511654,-417.1354937289533,519.7089329201019,-371.9572291822135,363.9875006792618,-221.11043148710266,122.65190473297771
813.5075885715285,864.0737426417752,475.9968211698829,762.6455791576279,188.45916184276842,689.1368130211828,-45.58765001145406,637.7276885344697,-225.24770306590054,600.7600149872036,-349.8042971310899,566.2575125304742,-415.3432602540886,515.8094283359146,-412.04859342278405,424.2358963144227,-323.71073968881547,262.08868872141136
807.6275649219269,831.019059228733,489.04830246807774,714.3442094407968,217.04011752607852,629.336154224522,-6.61995504142817,572.3398424548286,-182.81401817106268,538.6193004769743,-313.48802662758067,520.3055174404143,-398.91090295049645,504.05829844735143,-434.7026361836393,469.3725523740146,-409.73986006871047,388.4526656400348
837.3209876674158,837.0019575592357,528.4133957906051,703.2862498180481,263.53623351031996,604.0280816094457,43.24486127398649,537.2261079889223,-134.5390793902842,500.50847721012485,-273.73096100612634,489.6899119051867,-378.2359243499827,496.77807395033983,-449.44717482769613,507.906919939632,-483.7063453890424,501.79250416279365
903.560223763021,885.0663531864727,593.5380331008878,733.9371939287558,325.7035346695104,619.2480467445471,99.84252821750806,540.1620836421595,-86.73486165818144,496.0248120872465,-239.04039431330767,485.54846897138765,-363.4786612927985,505.4689930478288,-466.2374186761753,548.8423594478678,-551.2346840467019,603.2512673573915
1004.1468844723595,974.3066122256237,681.8097862441095,806.5987975586219,400.3504148921002,676.6798422955685,159.14884022944898,584.4474644495845,-44.56837095439124,530.310599117699,-215.9898501541063,514.8846510732919,-362.5265987726178,538.3321582310509,-493.142050359966,599.3664805412036,-617.242658241393,693.9866252969673
1133.9412771856862,1099.8514583009162,788.8826178666403,917.1663111888644,483.79726050247956,773.1403580340623,217.94389338365175,668.0482872167563,-11.09035457874353,602.7631703355493,-207.81568678711506,578.7661357786429,-379.07062564443277,597.9912105212802,-534.025617686119,662.4876552405681,-683.9415209479728,773.8955941241886
1285.4476529138628,1253.3306402287922,909.2233157049011,1057.4372813485172,572.4095810480878,900.6965227809699,274.3799611513094,783.4657202594854,13.445776152655469,706.5724510129273,-213.50842735054266,671.4292569578771,-411.34184366736537,680.1060912835218,-586.9152115505991,735.3520067275646,-749.2793348575722,840.5589817893405
1449.5862160850193,1423.72456865256,1036.6968215620486,1215.939505024704,663.0019723870965,1047.4587807971068,328.21765937464863,918.4695911712616,31.683195780661435,829.3462574157554,-227.7859776323382,780.7114727230127,-452.0433729780925,773.4956217278987,-643.7538284440078,808.9937031498429,-806.5325896796971,888.9193927892552
1616.4601494316623,1598.4295948294707,1165.0111693099113,1379.1431994885245,752.9446456971557,1198.9525207961317,380.5691647928344,1057.642794482248,48.51516559954695,954.8308482947448,-242.1366848054031,889.9112989535183,-489.72849802599023,862.004015365616,-691.8999431453699,869.9031584777119,-845.4651836253373,912.0281042981495
1776.016121352619,1764.393695675329,1287.9603111575202,1532.8852607770982,839.9553890505947,1339.8639924455729,433.1838764418878,1184.495835260484,69.79096674489864,1065.4435818023182,-246.76253867994683,980.7528619736493,-511.3885281966788,927.7754260786082,-717.1113523344562,903.1372869097206,-854.8681737278838,902.7581996909304
1918.6339030927206,1909.2520687087836,1399.560152974861,1663.8513095272008,921.7421855951991,1455.9102809519127,487.5300837578234,1283.7853579620062,100.74444198694056,1145.108981888864,-232.89844328739474,1036.7757388068808,-505.5393881033201,955.0841025337384,-707.1386242884539,896.0514308933973,-825.6660194674947,855.9078450235913
2035.750579349368,2022.4355764050338,1494.2504246481658,1760.980079534014,995.7487257906599,1535.5738161091117,544.0273047202974,1343.6275746502847,144.63807404456213,1181.803220914781,-194.82685897591273,1046.3270663377602,-464.8886410961939,933.6517760850213,-654.7851465948481,841.4535353219836,-753.4955415196049,769.9039751835211
2120.5677126771975,2096.1909388274507,1567.2714080077517,1816.6421517932536,1059.1829945782288,1571.4537736562063,601.6996213221864,1357.0389628452667,202.01227882292392,1169.2913396921617,-131.0400730748977,1004.4622152321197,-387.84235635929315,860.5759851657073,-559.5230560186232,739.2277755170161,-639.9083092794228,647.5059227852008
2168.757078021802,2126.3795985283177,1615.1726810588295,1827.4285895532353,1109.3328505507175,1561.033482502894,658.309465883218,1322.6598711890094,270.6665680684877,1107.7624688750109,-44.345480151836796,913.4090359256625,-278.571607159011,740.4982344153335,-427.35116124805484,596.1061973265271,-491.96186699381155,495.37501259999334
2178.9853223992486,2112.895714116431,1636.2887056376087,1794.4186987040462,1144.0168643285697,1506.7652675429772,710.8303495397506,1244.602130848546,346.23279441152744,1003.3590589092669,58.92826442641001,781.6753333452625,-145.85286880937178,584.2180790352963,-269.21270877970875,423.939245745952,-320.58534818231396,322.8277705594072
2153.0920950051254,2059.6050563845274,1631.0036537158107,1722.8946959475866,1161.9747796144577,1415.515659652943,756.0325210481885,1131.5554418715608,423.0610841445145,866.8543791073025,170.2525065900893,622.2129455435472,-1.1990537182880985,406.35951090846555,-98.6597625526552,237.21102382941882,-138.41987832269035,140.29187682366077
2095.85718741501,1973.818760484275,1601.7120759832173,1621.5872238732404,1163.067059503383,1297.5355847971384,790.9975303018284,995.4161593834145,495.15304419044185,711.8679240286276,280.3596938412833,450.1838773286962,143.16848076341262,222.79300129137417,70.53866380567666,50.55123326851714,42.22650732292381,-42.09757122654969
2014.4000285558056,1865.4040080891443,1552.4877703048478,1501.602614754487,1148.2564416582397,1165.1644887990985,813.479223541681,849.7200062660565,556.9798537401325,552.9902480677963,380.5731312700588,280.7986668302577,276.1144271622008,48.350141724604015,226.38346472414509,-123.27344110137457,210.95111551114428,-215.54881509529645
1917.3097053983217,1745.6552658491585,1488.5368597094857,1375.1746754469848,1119.4174525786239,1031.4373107898932,822.1135438339278,708.0829053375446,604.1270201575124,404.0626643625049,463.8750528456746,127.50292171711729,388.96327253837586,-104.91072907782002,360.0486330172296,-274.7315069785063,360.27530918139166,-373.2911386267997
1813.6092812993063,1626.0269126897617,1415.5248989350196,1254.336376460016,1079.0422756438884,908.6897770238859,816.5133781561333,582.7504487805882,633.7610959889432,276.7149876649004,525.6715985403672,0.5978085493172074,476.4053999987394,-228.85896778085862,466.699376383454,-398.3097227844911,486.15907554128364,-510.9246633552588
1711.663126039383,1516.8212242918935,1338.8683432032458,1149.5860289474422,1029.908089696509,807.2219664335114,797.2810038948803,483.30342845047335,644.9177577517409,179.18950894077005,564.236485276114,-93.71505496278228,536.9325672426298,-319.92693258173597,545.7576063452906,-492.7804037806498,588.037737580202,-626.4427215543279
1618.1787269109216,1425.9756869867888,1263.1031591102433,1068.6690274797913,974.7754173871075,734.1214588992466,765.9628110626078,415.5997021823287,638.5996582307799,115.50134775724872,580.8080331228019,-153.85513117442596,572.7876440058938,-379.24379859448334,600.6005968098641,-560.9362620646549,668.3303262845047,-719.8657550693425
1537.5176375287551,1358.177716094457,1191.4811307023185,1015.6859358236042,916.2046956000576,692.4384753395286,724.9778334015276,381.1193428384203,617.6788236748986,85.06461383472283,579.3230994688392,-182.86261170715966,589.4120081782307,-412.19325365193197,637.6543019143626,-608.6972103937611,731.365691014431,-792.4486773737356
1471.5395909987785,1314.5683112257445,1125.944079999278,990.7852271191891,856.5763489151627,680.9597688049338,677.55948663112,376.93286387706115,586.6248853946345,82.96090408223739,565.8151165509582,-187.74468424441,594.4245903880651,-427.2919229724303,664.9136603113176,-643.5452255285738,781.8135334131333,-845.5715655022169
1420.08256022104,1293.1896247411082,1067.5285531228897,990.6122367294066,798.3338274571652,694.7525005996135,627.7249382550026,396.43997019004803,551.099152211395,100.9538586290804,547.5594566337716,-178.11485409597682,596.2582943776273,-434.40086205706746,690.0851733535615,-672.4636676002588,822.9522129339765,-879.6319681191128
1381.9316089465203,1290.075949193739,1017.0597256518292,1009.447372780137,744.335760266078,726.4216806809404,580.2149581878072,430.8064032333365,517.4382559753755,129.1418937658035,532.0790768318142,-164.28296469747542,602.6645027212139,-442.5306943774194,718.7247105740615,-699.8576812489339,855.3062608298944,-893.3772851266007
1355.872160692797,1300.6005973298945,975.8010628951783,1040.6808826620945,698.0734222748347,767.7408140992936,540.2703662023164,470.75018969694304,492.01299718438605,157.87994866247695,526.1155364621883,-155.20481284536191,619.3337617635714,-457.75970770125565,752.8322013026135,-726.1217627310957,876.1767713477496,-884.014457316724
1341.3390436060015,1320.5598074401037,945.6817296610225,1078.117524069253,663.4952090508131,811.1479003933102,513.1100266772588,508.162552321834,480.4430556211413,179.44975887520863,534.6570605084421,-156.83373284834147,648.8666736887534,-481.87829642175825,790.2977225103513,-747.4206172582293,880.3049752060346,-848.1147259289697
1338.358918606583,1346.6145940582735,928.9028331805982,1116.7039329844297,644.3388747097166,850.6734167998762,503.09680705467315,537.1173642957541,486.71921685991015,189.03524701748938,560.1340415952795,-171.3191105544151,690.2824397493293,-512.195451760677,825.3764917688354,-756.8375991518348,861.4663409238537,-782.9635210664595
1346.8519811568274,1376.0550869185142,927.0441471299405,1152.5778102638424,643.1344397719353,882.1517201491074,512.7702372158799,554.1013537855365,512.4025334328394,184.8402999735461,601.9330570525713,-197.19716478391769,739.1793774308235,-542.5497443329657,850.0755990476987,-746.5086988139706,814.4211357206909,-687.8138045849456
1365.6828530901282,1406.1855908290845,940.057673540369,1182.6600153730867,660.2413801146513,902.8870855245717,542.0594066125452,557.6192109562857,556.1415922135736,167.5099189450841,656.3833663490236,-230.37831920809447,788.5493764573271,-565.154419769482,856.0680080177661,-709.9876696708191,736.5447034424459,-564.592505922066
1391.9409150776626,1433.758294647998,965.5839583127959,1204.1617538115474,693.2942660416663,911.117959361448,587.9673472052046,547.5139942570712,613.7007877296926,139.20794234165464,717.287815525267,-265.52696352206203,830.1005985382133,-572.674707504105,836.607598065505,-644.0697913713329,628.6590459339618,-417.89849348634306
1420.7766130543805,1454.7792574094929,998.863346199771,1214.3159990685783,737.263007063521,905.5930190846841,644.8555321047213,524.3322220284015,678.5421990038717,102.70284279897913,776.9264131888616,-297.41824588613133,855.807545898465,-559.9594141514539,787.9553404070875,-549.6058016397991,494.94744197752385,-254.42225717570682
1445.8716201069883,1464.7985917017131,1033.2785202959535,1210.4681405624228,785.1169726944244,885.4250654170343,705.2676467069971,488.9287669642198,742.8459375753721,60.68634709193077,827.3347752173318,-321.9795443237891,859.3516376766897,-525.0549731646473,710.0207223136621,-431.25761346915874,342.155822951324,-82.06204355543603
1460.4382238120572,1459.6269447246882,1061.4023118249074,1190.508903031859,828.9439403309757,850.2462279757912,761.1218627437771,442.3663947496863,798.7732298311373,15.411631052963912,861.6150666063849,-336.8717462788301,837.1690059603669,-469.3825572865743,606.1866967343385,-296.46486282967624,178.43751681733113,91.01014218283377
1458.5721462316815,1436.3423663548094,1076.371759084096,1153.5546088099752,861.3407450702605,800.6061972724186,805.085710815208,386.07903284833094,839.7791118088612,-31.348423215585058,875.0709782389779,-341.57246299327176,788.953064819617,-397.1585845679753,482.51145301173943,-154.00727921300185,12.175265218950535,257.1820045955624
1436.7491062683782,1394.4072554685486,1073.3919263241971,1100.732730641613,876.890123210997,738.504539683306,831.958254310442,322.217481925682,861.8053295115895,-78.07010860691105,866.0155015814498,-336.99573407228877,717.5991986823401,-314.2618801053363,346.6116327983357,-12.502704839244927,-149.00227389673188,410.06701081609543
1395.1671130161458,1336.6275694982369,1051.1021439251417,1035.851171456044,873.4837434058968,667.8754533259988,839.8457345855005,254.03423078529704,864.1672555304476,-123.07647871945505,836.1306864084531,-324.75966497265904,628.6716728337124,-226.82250951200135,206.51721435377516,120.91729059680438,-298.91012987077374,544.9534117309627
1338.4958633163526,1269.5609014807933,1012.4109631913054,965.6210300651453,853.1412107686801,594.7477741333149,830.827722132108,186.08258453599007,849.8942004653059,-164.14318065117874,790.2620080506115,-306.31261164399666,529.5039386660221,-139.85524131380666,69.68734851143395,241.57507472403455,-433.17398000079936,658.9599574170793
1275.532018658489,1202.9341273335513,964.3406806468736,899.0630318401743,821.9134275338046,526.7642513469973,810.7645148637912,123.96425000340957,825.2692343524092,-198.35272097046362,735.5574356063311,-282.21634367900083,428.0387260452592,-56.27895042658227,-57.74800846806554,347.6920279356777,-549.2738267521239,750.8179443673868
1217.4551975886184,1147.8251606734361,916.5840194466614,845.8930378774492,788.5974003264142,471.8768190656101,788.0255700336861,73.45278994509954,798.4464128904251,-222.40194753804604,679.9761478881051,-251.8864525719998,331.52132870194316,23.391100436654796,-171.53874967377317,440.1670173155138,-646.2802089909933,820.2771304296141
1174.904569924699,1113.854121857584,878.936540229835,814.102367078339,762.3981988962685,436.38542754779087,771.2826961851179,39.09251375436554,777.338398620269,-233.38333889458346,630.4120705922928,-213.94184025414907,245.21787407234206,100.56476824654182,-269.6713909796953,521.6549064917724,-724.3294305211399,867.2912669622567
1154.7688503428255,1106.2439996296584,858.3764200971169,807.4775849475527,750.2224059318853,422.9374408639087,766.9952448934189,22.734622347433913,767.3616223973568,-229.77436460063984,590.929093597163,-167.03373360945568,171.4319705075535,177.4794992608575,-352.4608599786746,595.1343174896723,-783.9352722640283,891.2928220728235
1157.9924629962445,1123.968360464623,856.9540058771908,824.1125211976002,754.6521360307885,429.37245995874036,777.5328722669294,22.699842537776533,769.8632361496377,-212.1458548983808,561.7284960253808,-110.74615775889055,109.15674292281524,255.92396359761557,-422.22275154358675,662.4000323663497,-825.2939243197653,890.8927368067924
1179.4607239097518,1159.9492686693068,871.4716750773941,856.7407709181518,773.5051521602793,449.11112066147734,800.7493316373459,34.121506072004934,781.9060145135466,-183.13357996190913,539.3103887129569,-46.07868111246765,54.607533545911636,336.3138685174254,-482.4105338373887,723.0198805917153,-847.7804249713505,864.1769182417714
1210.1213662548862,1203.396621770768,895.1481739114548,894.9494693356097,801.193769338252,473.1293620839345,831.2017190248605,50.50170234129018,797.5356870622783,-146.56190522458274,517.8420529298178,24.7595558298531,2.5886488993031094,417.45908738021393,-536.3161674070507,774.1437209379363,-849.822046281159,809.4878365811405
1240.4143785641545,1243.3534843537338,920.491487642662,928.4288321567789,831.2207094060881,492.77787819155265,862.4278194559203,65.88393336193747,809.9797019024008,-106.07927560329244,491.21810692621466,99.11174019051671,-51.72363527846764,496.9814567062653,-585.7161847256583,811.1971543938369,-829.2368691048381,726.3480834008725
1263.5089811275689,1271.9834566340883,942.070700122541,949.9456428496396,858.6518404766638,502.30550486262285,889.2440360193259,76.72615610234698,813.8446622377293,-63.9395569728905,455.01135595243363,174.74705751391758,-111.21117419167399,572.0279517046781,-629.9837279741698,829.1394811279441,-783.9567076895472,616.1442263209959
1277.1419041735628,1286.4372225545321,958.1136396812832,957.0017412252171,881.5948912516087,500.19079823060883,909.1858997698097,82.77096745618019,806.5241667060484,-20.44213187159562,407.65328929190844,250.40196886329912,-175.97417037244665,639.8830566443726,-666.0372570407444,823.8098614094322,-712.8869976095793,482.34568164370006
1283.7286000838621,1288.9878610555074,970.623039430676,951.9061152864481,901.3866862148137,489.06566979386537,922.805764943156,86.7786474795314,788.5473983894964,25.863707157439762,350.6299415736613,325.82120179633966,-243.37483743990836,698.2973456824025,-689.1310878777902,792.9646850076963,-616.5911178610629,330.2594144331227
1289.1959266265792,1285.875220476896,984.3945076401018,940.6674296053232,921.8106362537687,474.61450050937094,933.0929127740283,93.48347856157108,763.0859931043611,77.47191271542584,287.9011367319504,401.4307320185203,-308.7626580158419,745.5968335561475,-694.1480466029316,736.8048975978282,-497.56910480097974,166.47654687329586
1301.1725334736109,1285.4825506553043,1005.4925021575069,931.2819673204496,947.8293553748344,463.97984988739046,944.4332315736731,108.24347306788371,734.985162297133,137.04847468485536,224.88920475673854,477.8692844202766,-366.5502392482606,780.7144495535273,-676.9295674265513,657.9634107776823,-360.0819342197152,-1.8042627374527171
1326.8636589438331,1296.1722474701783,1039.4687956633488,931.7259024472185,984.0812058766344,463.9678112428516,961.324764682114,135.63567012125736,709.527243483237,206.55372659845375,167.2557919504966,555.487861188843,-411.40019405353075,803.1798378538075,-635.2879266219267,561.0160326502887,-209.64645747610913,-167.44882815440522
1370.6505480265512,1323.8299301583943,1089.3505691044686,947.7058494612867,1033.1592604618431,479.113058047615,986.8632837500083,178.03217852920466,690.9655708579537,286.33735105959124,119.53456226281867,633.7910258955203,-439.4078519908654,812.9756195707948,-569.5513906366676,451.6265676456238,-52.408767347267236,-323.9912557491374
1431.6293156674787,1369.3279827936503,1153.5735360650137,980.3567999635246,1093.8161033413007,509.7667814562395,1021.1137656858018,234.25434900463813,680.9446454310059,374.23577114821654,83.73596462319304,710.8254137146846,-449.1526711131558,810.1755261150277,-482.64835277805605,335.4862112830391,105.42089553456036,-466.1244466616411
1501.8920791920232,1426.6797266281026,1224.5520357451117,1024.5689444017435,1159.690023566958,550.7810513505035,1059.8699861755758,298.7247640595048,677.2425187375048,464.9743474128212,58.28944712053192,782.7253552071093,-442.34782787139164,794.4428278791389,-379.78377713710313,217.27399094808624,257.98241800051323,-590.0052701406956
1566.830006048563,1483.1168063953712,1289.0027897298628,1069.0351561394134,1219.5262646692026,591.7023095160237,1094.637314502779,361.8148100674573,673.5584028221249,550.429857285349,37.91377391472071,843.8218550904057,-423.7067156232495,764.6679541180372,-267.73388048012293,99.92401479567125,400.0465468092033,-693.276520905474
1608.4780298946953,1522.088641118506,1330.9198881481939,1098.9091404887165,1259.6872830831428,619.2041440161639,1114.543229837246,411.95466982094524,660.9783585539811,621.2392332664526,14.922456840129769,887.6824435084145,-399.7498662980022,719.0986749227861,-153.7610007657819,-15.517698799265254,527.2442461247252,-774.7428779013269
1611.6772529784737,1529.0122110814636,1337.0126030686756,1100.932155323769,1268.8097753491375,621.6049007187193,1110.1111833403027,439.3789015775542,631.1222187772054,669.7047360463534,-18.054105133506596,909.0712117817533,-376.65599512233865,656.1560363089094,-44.21265169503636,-129.29455863346394,636.308039602745,-833.7607515369712
1571.0380141141861,1497.896045123543,1302.8392877307676,1069.3741829720557,1243.093761078167,594.0309884632295,1077.6811834532875,440.35148311092325,579.995467672458,693.1084498388525,-64.7556662806569,906.222030043885,-357.79115422684606,575.7493351876575,56.94223332697858,-241.73024199729056,725.2834252405003,-869.5657618022448
1495.3817991140843,1435.7024843358474,1236.7092772376047,1010.0056400659636,1189.6882215550363,541.8336842391809,1022.3743271198091,419.92804538430937,510.7730211907938,695.8780132797333,-122.863866051574,882.3374297401965,-341.9520527237895,480.47498551992277,149.1393117004696,-351.8880016795491,793.5468446252528,-880.8554455840974
1406.6304227375138,1361.5507561358163,1158.662726577634,939.5058266853009,1125.8276259140225,480.039913868059,957.6036297449069,391.4229726548542,433.75511643501306,689.0951779299352,-183.9145431220407,845.2516471604786,-323.3242062175085,375.8944615273026,235.20315897060968,-456.7717471670883,841.4539182070913,-865.8689580215273
1332.3744072633517,1299.9734407431658,1093.8269617441206,879.5692104288913,1073.0910788631431,428.2089303650139,900.5225527514744,372.02825915444157,362.85140491480706,686.8658014937365,-236.0880278879996,804.9100377638836,-293.536389445982,269.3786654014964,319.9489459857426,-551.5681986478719,869.6157038594052,-822.9685930398283
1294.6916273569816,1270.5878489428742,1062.410157674997,847.766570875982,1048.734080226635,402.4628400200311,864.9504695645539,376.0141719887608,309.7690642207707,700.7095111024973,-268.93420578702666,769.4654864573015,-245.1826922674249,167.75223948131264,407.7027367675539,-630.8909275653392,878.0807252948166,-751.4679175965545
1300.2968734200992,1278.9355427638325,1070.8431655210795,849.3641278844786,1058.0128356878276,408.3031937241353,855.0029588196169,408.51991542381427,278.58038582967595,734.4525102311968,-277.88172537509524,741.7275260454207,-175.3088725316857,74.77485922718856,499.73398473108887,-690.3966464763607,865.8657504140049,-652.3375729894145
1337.0209664463914,1313.201771172655,1108.538151943718,874.2995283011219,1091.3955627301875,437.83330389456535,862.7004130550066,463.01660094579995,263.4807609568355,782.1807995763502,-266.27754598983086,717.7621849899897,-87.1980930138086,-10.204395026293355,592.8344440088351,-727.9259468399171,831.1519517962636,-528.5151662205349
